"","OPR_DT","OPR_HR","OPR_INTERVAL","INTERVALSTARTTIME_GMT","INTERVALENDTIME_GMT","TRADING_HUB","RENEWABLE_TYPE","LABEL","XML_DATA_ITEM","MARKET_RUN_ID_POS","RENEW_POS","MW","MARKET_RUN_ID","GROUP"
"1","2019-05-22",2,0,"2019-05-22T08:00:00-00:00","2019-05-22T09:00:00-00:00","NP15","Solar","Renewable Forecast Actual Generation","RENEW_FCST_ACT_MW",3,3,-2.13447,"ACTUAL",1
"2","2019-05-22",3,0,"2019-05-22T09:00:00-00:00","2019-05-22T10:00:00-00:00","NP15","Solar","Renewable Forecast Actual Generation","RENEW_FCST_ACT_MW",3,3,-2.14328,"ACTUAL",1
"3","2019-05-22",4,0,"2019-05-22T10:00:00-00:00","2019-05-22T11:00:00-00:00","NP15","Solar","Renewable Forecast Actual Generation","RENEW_FCST_ACT_MW",3,3,-2.1395,"ACTUAL",1
"4","2019-05-22",5,0,"2019-05-22T11:00:00-00:00","2019-05-22T12:00:00-00:00","NP15","Solar","Renewable Forecast Actual Generation","RENEW_FCST_ACT_MW",3,3,-2.55031,"ACTUAL",1
"5","2019-05-22",6,0,"2019-05-22T12:00:00-00:00","2019-05-22T13:00:00-00:00","NP15","Solar","Renewable Forecast Actual Generation","RENEW_FCST_ACT_MW",3,3,-2.59871,"ACTUAL",1
"6","2019-05-22",7,0,"2019-05-22T13:00:00-00:00","2019-05-22T14:00:00-00:00","NP15","Solar","Renewable Forecast Actual Generation","RENEW_FCST_ACT_MW",3,3,59.10327,"ACTUAL",1
"7","2019-05-22",8,0,"2019-05-22T14:00:00-00:00","2019-05-22T15:00:00-00:00","NP15","Solar","Renewable Forecast Actual Generation","RENEW_FCST_ACT_MW",3,3,323.74727,"ACTUAL",1
"8","2019-05-22",9,0,"2019-05-22T15:00:00-00:00","2019-05-22T16:00:00-00:00","NP15","Solar","Renewable Forecast Actual Generation","RENEW_FCST_ACT_MW",3,3,756.08362,"ACTUAL",1
"9","2019-05-22",10,0,"2019-05-22T16:00:00-00:00","2019-05-22T17:00:00-00:00","NP15","Solar","Renewable Forecast Actual Generation","RENEW_FCST_ACT_MW",3,3,696.86288,"ACTUAL",1
"10","2019-05-22",11,0,"2019-05-22T17:00:00-00:00","2019-05-22T18:00:00-00:00","NP15","Solar","Renewable Forecast Actual Generation","RENEW_FCST_ACT_MW",3,3,671.12444,"ACTUAL",1
"11","2019-05-22",12,0,"2019-05-22T18:00:00-00:00","2019-05-22T19:00:00-00:00","NP15","Solar","Renewable Forecast Actual Generation","RENEW_FCST_ACT_MW",3,3,807.20083,"ACTUAL",1
"12","2019-05-22",13,0,"2019-05-22T19:00:00-00:00","2019-05-22T20:00:00-00:00","NP15","Solar","Renewable Forecast Actual Generation","RENEW_FCST_ACT_MW",3,3,890.28581,"ACTUAL",1
"13","2019-05-22",14,0,"2019-05-22T20:00:00-00:00","2019-05-22T21:00:00-00:00","NP15","Solar","Renewable Forecast Actual Generation","RENEW_FCST_ACT_MW",3,3,996.21777,"ACTUAL",1
"14","2019-05-22",15,0,"2019-05-22T21:00:00-00:00","2019-05-22T22:00:00-00:00","NP15","Solar","Renewable Forecast Actual Generation","RENEW_FCST_ACT_MW",3,3,1199.14422,"ACTUAL",1
"15","2019-05-22",16,0,"2019-05-22T22:00:00-00:00","2019-05-22T23:00:00-00:00","NP15","Solar","Renewable Forecast Actual Generation","RENEW_FCST_ACT_MW",3,3,1161.2211,"ACTUAL",1
"16","2019-05-22",17,0,"2019-05-22T23:00:00-00:00","2019-05-23T00:00:00-00:00","NP15","Solar","Renewable Forecast Actual Generation","RENEW_FCST_ACT_MW",3,3,1165.23033,"ACTUAL",1
"17","2019-05-22",18,0,"2019-05-23T00:00:00-00:00","2019-05-23T01:00:00-00:00","NP15","Solar","Renewable Forecast Actual Generation","RENEW_FCST_ACT_MW",3,3,1076.84828,"ACTUAL",1
"18","2019-05-22",19,0,"2019-05-23T01:00:00-00:00","2019-05-23T02:00:00-00:00","NP15","Solar","Renewable Forecast Actual Generation","RENEW_FCST_ACT_MW",3,3,673.14686,"ACTUAL",1
"19","2019-05-22",20,0,"2019-05-23T02:00:00-00:00","2019-05-23T03:00:00-00:00","NP15","Solar","Renewable Forecast Actual Generation","RENEW_FCST_ACT_MW",3,3,115.69929,"ACTUAL",1
"20","2019-05-22",21,0,"2019-05-23T03:00:00-00:00","2019-05-23T04:00:00-00:00","NP15","Solar","Renewable Forecast Actual Generation","RENEW_FCST_ACT_MW",3,3,-1.91773,"ACTUAL",1
"21","2019-05-22",22,0,"2019-05-23T04:00:00-00:00","2019-05-23T05:00:00-00:00","NP15","Solar","Renewable Forecast Actual Generation","RENEW_FCST_ACT_MW",3,3,-2.07582,"ACTUAL",1
"22","2019-05-22",23,0,"2019-05-23T05:00:00-00:00","2019-05-23T06:00:00-00:00","NP15","Solar","Renewable Forecast Actual Generation","RENEW_FCST_ACT_MW",3,3,-2.07541,"ACTUAL",1
"23","2019-05-22",24,0,"2019-05-23T06:00:00-00:00","2019-05-23T07:00:00-00:00","NP15","Solar","Renewable Forecast Actual Generation","RENEW_FCST_ACT_MW",3,3,-1.98391,"ACTUAL",1
"24","2019-05-22",18,0,"2019-05-23T00:00:00-00:00","2019-05-23T01:00:00-00:00","NP15","Wind","Renewable Forecast Actual Generation","RENEW_FCST_ACT_MW",3,1,345.35826,"ACTUAL",2
"25","2019-05-22",6,0,"2019-05-22T12:00:00-00:00","2019-05-22T13:00:00-00:00","NP15","Wind","Renewable Forecast Actual Generation","RENEW_FCST_ACT_MW",3,1,151.68788,"ACTUAL",2
"26","2019-05-22",17,0,"2019-05-22T23:00:00-00:00","2019-05-23T00:00:00-00:00","NP15","Wind","Renewable Forecast Actual Generation","RENEW_FCST_ACT_MW",3,1,317.82201,"ACTUAL",2
"27","2019-05-22",16,0,"2019-05-22T22:00:00-00:00","2019-05-22T23:00:00-00:00","NP15","Wind","Renewable Forecast Actual Generation","RENEW_FCST_ACT_MW",3,1,403.73248,"ACTUAL",2
"28","2019-05-22",15,0,"2019-05-22T21:00:00-00:00","2019-05-22T22:00:00-00:00","NP15","Wind","Renewable Forecast Actual Generation","RENEW_FCST_ACT_MW",3,1,423.47826,"ACTUAL",2
"29","2019-05-22",14,0,"2019-05-22T20:00:00-00:00","2019-05-22T21:00:00-00:00","NP15","Wind","Renewable Forecast Actual Generation","RENEW_FCST_ACT_MW",3,1,353.56171,"ACTUAL",2
"30","2019-05-22",13,0,"2019-05-22T19:00:00-00:00","2019-05-22T20:00:00-00:00","NP15","Wind","Renewable Forecast Actual Generation","RENEW_FCST_ACT_MW",3,1,393.94367,"ACTUAL",2
"31","2019-05-22",12,0,"2019-05-22T18:00:00-00:00","2019-05-22T19:00:00-00:00","NP15","Wind","Renewable Forecast Actual Generation","RENEW_FCST_ACT_MW",3,1,408.30146,"ACTUAL",2
"32","2019-05-22",11,0,"2019-05-22T17:00:00-00:00","2019-05-22T18:00:00-00:00","NP15","Wind","Renewable Forecast Actual Generation","RENEW_FCST_ACT_MW",3,1,368.35392,"ACTUAL",2
"33","2019-05-22",10,0,"2019-05-22T16:00:00-00:00","2019-05-22T17:00:00-00:00","NP15","Wind","Renewable Forecast Actual Generation","RENEW_FCST_ACT_MW",3,1,200.85407,"ACTUAL",2
"34","2019-05-22",9,0,"2019-05-22T15:00:00-00:00","2019-05-22T16:00:00-00:00","NP15","Wind","Renewable Forecast Actual Generation","RENEW_FCST_ACT_MW",3,1,129.47189,"ACTUAL",2
"35","2019-05-22",8,0,"2019-05-22T14:00:00-00:00","2019-05-22T15:00:00-00:00","NP15","Wind","Renewable Forecast Actual Generation","RENEW_FCST_ACT_MW",3,1,174.54366,"ACTUAL",2
"36","2019-05-22",7,0,"2019-05-22T13:00:00-00:00","2019-05-22T14:00:00-00:00","NP15","Wind","Renewable Forecast Actual Generation","RENEW_FCST_ACT_MW",3,1,192.12629,"ACTUAL",2
"37","2019-05-22",5,0,"2019-05-22T11:00:00-00:00","2019-05-22T12:00:00-00:00","NP15","Wind","Renewable Forecast Actual Generation","RENEW_FCST_ACT_MW",3,1,206.00683,"ACTUAL",2
"38","2019-05-22",4,0,"2019-05-22T10:00:00-00:00","2019-05-22T11:00:00-00:00","NP15","Wind","Renewable Forecast Actual Generation","RENEW_FCST_ACT_MW",3,1,311.11801,"ACTUAL",2
"39","2019-05-22",3,0,"2019-05-22T09:00:00-00:00","2019-05-22T10:00:00-00:00","NP15","Wind","Renewable Forecast Actual Generation","RENEW_FCST_ACT_MW",3,1,464.18372,"ACTUAL",2
"40","2019-05-22",2,0,"2019-05-22T08:00:00-00:00","2019-05-22T09:00:00-00:00","NP15","Wind","Renewable Forecast Actual Generation","RENEW_FCST_ACT_MW",3,1,549.00405,"ACTUAL",2
"41","2019-05-22",24,0,"2019-05-23T06:00:00-00:00","2019-05-23T07:00:00-00:00","NP15","Wind","Renewable Forecast Actual Generation","RENEW_FCST_ACT_MW",3,1,585.70088,"ACTUAL",2
"42","2019-05-22",23,0,"2019-05-23T05:00:00-00:00","2019-05-23T06:00:00-00:00","NP15","Wind","Renewable Forecast Actual Generation","RENEW_FCST_ACT_MW",3,1,695.76585,"ACTUAL",2
"43","2019-05-22",22,0,"2019-05-23T04:00:00-00:00","2019-05-23T05:00:00-00:00","NP15","Wind","Renewable Forecast Actual Generation","RENEW_FCST_ACT_MW",3,1,506.53097,"ACTUAL",2
"44","2019-05-22",21,0,"2019-05-23T03:00:00-00:00","2019-05-23T04:00:00-00:00","NP15","Wind","Renewable Forecast Actual Generation","RENEW_FCST_ACT_MW",3,1,443.06691,"ACTUAL",2
"45","2019-05-22",20,0,"2019-05-23T02:00:00-00:00","2019-05-23T03:00:00-00:00","NP15","Wind","Renewable Forecast Actual Generation","RENEW_FCST_ACT_MW",3,1,430.23842,"ACTUAL",2
"46","2019-05-22",19,0,"2019-05-23T01:00:00-00:00","2019-05-23T02:00:00-00:00","NP15","Wind","Renewable Forecast Actual Generation","RENEW_FCST_ACT_MW",3,1,450.82646,"ACTUAL",2
"47","2019-05-22",6,0,"2019-05-22T12:00:00-00:00","2019-05-22T13:00:00-00:00","SP15","Solar","Renewable Forecast Actual Generation","RENEW_FCST_ACT_MW",3,3,1.80901,"ACTUAL",3
"48","2019-05-22",18,0,"2019-05-23T00:00:00-00:00","2019-05-23T01:00:00-00:00","SP15","Solar","Renewable Forecast Actual Generation","RENEW_FCST_ACT_MW",3,3,3418.09277,"ACTUAL",3
"49","2019-05-22",5,0,"2019-05-22T11:00:00-00:00","2019-05-22T12:00:00-00:00","SP15","Solar","Renewable Forecast Actual Generation","RENEW_FCST_ACT_MW",3,3,-3.96061,"ACTUAL",3
"50","2019-05-22",11,0,"2019-05-22T17:00:00-00:00","2019-05-22T18:00:00-00:00","SP15","Solar","Renewable Forecast Actual Generation","RENEW_FCST_ACT_MW",3,3,5175.66797,"ACTUAL",3
"51","2019-05-22",4,0,"2019-05-22T10:00:00-00:00","2019-05-22T11:00:00-00:00","SP15","Solar","Renewable Forecast Actual Generation","RENEW_FCST_ACT_MW",3,3,-3.39931,"ACTUAL",3
"52","2019-05-22",15,0,"2019-05-22T21:00:00-00:00","2019-05-22T22:00:00-00:00","SP15","Solar","Renewable Forecast Actual Generation","RENEW_FCST_ACT_MW",3,3,4082.17121,"ACTUAL",3
"53","2019-05-22",3,0,"2019-05-22T09:00:00-00:00","2019-05-22T10:00:00-00:00","SP15","Solar","Renewable Forecast Actual Generation","RENEW_FCST_ACT_MW",3,3,-4.66277,"ACTUAL",3
"54","2019-05-22",10,0,"2019-05-22T16:00:00-00:00","2019-05-22T17:00:00-00:00","SP15","Solar","Renewable Forecast Actual Generation","RENEW_FCST_ACT_MW",3,3,4730.79644,"ACTUAL",3
"55","2019-05-22",2,0,"2019-05-22T08:00:00-00:00","2019-05-22T09:00:00-00:00","SP15","Solar","Renewable Forecast Actual Generation","RENEW_FCST_ACT_MW",3,3,-4.5513,"ACTUAL",3
"56","2019-05-22",13,0,"2019-05-22T19:00:00-00:00","2019-05-22T20:00:00-00:00","SP15","Solar","Renewable Forecast Actual Generation","RENEW_FCST_ACT_MW",3,3,3920.14289,"ACTUAL",3
"57","2019-05-22",24,0,"2019-05-23T06:00:00-00:00","2019-05-23T07:00:00-00:00","SP15","Solar","Renewable Forecast Actual Generation","RENEW_FCST_ACT_MW",3,3,-2.84932,"ACTUAL",3
"58","2019-05-22",9,0,"2019-05-22T15:00:00-00:00","2019-05-22T16:00:00-00:00","SP15","Solar","Renewable Forecast Actual Generation","RENEW_FCST_ACT_MW",3,3,4096.18507,"ACTUAL",3
"59","2019-05-22",23,0,"2019-05-23T05:00:00-00:00","2019-05-23T06:00:00-00:00","SP15","Solar","Renewable Forecast Actual Generation","RENEW_FCST_ACT_MW",3,3,-2.00352,"ACTUAL",3
"60","2019-05-22",16,0,"2019-05-22T22:00:00-00:00","2019-05-22T23:00:00-00:00","SP15","Solar","Renewable Forecast Actual Generation","RENEW_FCST_ACT_MW",3,3,4459.16129,"ACTUAL",3
"61","2019-05-22",22,0,"2019-05-23T04:00:00-00:00","2019-05-23T05:00:00-00:00","SP15","Solar","Renewable Forecast Actual Generation","RENEW_FCST_ACT_MW",3,3,-5.59444,"ACTUAL",3
"62","2019-05-22",8,0,"2019-05-22T14:00:00-00:00","2019-05-22T15:00:00-00:00","SP15","Solar","Renewable Forecast Actual Generation","RENEW_FCST_ACT_MW",3,3,2938.99124,"ACTUAL",3
"63","2019-05-22",21,0,"2019-05-23T03:00:00-00:00","2019-05-23T04:00:00-00:00","SP15","Solar","Renewable Forecast Actual Generation","RENEW_FCST_ACT_MW",3,3,-2.72117,"ACTUAL",3
"64","2019-05-22",12,0,"2019-05-22T18:00:00-00:00","2019-05-22T19:00:00-00:00","SP15","Solar","Renewable Forecast Actual Generation","RENEW_FCST_ACT_MW",3,3,4394.05435,"ACTUAL",3
"65","2019-05-22",20,0,"2019-05-23T02:00:00-00:00","2019-05-23T03:00:00-00:00","SP15","Solar","Renewable Forecast Actual Generation","RENEW_FCST_ACT_MW",3,3,165.91865,"ACTUAL",3
"66","2019-05-22",7,0,"2019-05-22T13:00:00-00:00","2019-05-22T14:00:00-00:00","SP15","Solar","Renewable Forecast Actual Generation","RENEW_FCST_ACT_MW",3,3,865.74521,"ACTUAL",3
"67","2019-05-22",19,0,"2019-05-23T01:00:00-00:00","2019-05-23T02:00:00-00:00","SP15","Solar","Renewable Forecast Actual Generation","RENEW_FCST_ACT_MW",3,3,1640.56893,"ACTUAL",3
"68","2019-05-22",14,0,"2019-05-22T20:00:00-00:00","2019-05-22T21:00:00-00:00","SP15","Solar","Renewable Forecast Actual Generation","RENEW_FCST_ACT_MW",3,3,3399.85919,"ACTUAL",3
"69","2019-05-22",17,0,"2019-05-22T23:00:00-00:00","2019-05-23T00:00:00-00:00","SP15","Solar","Renewable Forecast Actual Generation","RENEW_FCST_ACT_MW",3,3,3784.54833,"ACTUAL",3
"70","2019-05-22",18,0,"2019-05-23T00:00:00-00:00","2019-05-23T01:00:00-00:00","SP15","Wind","Renewable Forecast Actual Generation","RENEW_FCST_ACT_MW",3,1,3574.52166,"ACTUAL",4
"71","2019-05-22",19,0,"2019-05-23T01:00:00-00:00","2019-05-23T02:00:00-00:00","SP15","Wind","Renewable Forecast Actual Generation","RENEW_FCST_ACT_MW",3,1,3468.96046,"ACTUAL",4
"72","2019-05-22",20,0,"2019-05-23T02:00:00-00:00","2019-05-23T03:00:00-00:00","SP15","Wind","Renewable Forecast Actual Generation","RENEW_FCST_ACT_MW",3,1,3332.70161,"ACTUAL",4
"73","2019-05-22",21,0,"2019-05-23T03:00:00-00:00","2019-05-23T04:00:00-00:00","SP15","Wind","Renewable Forecast Actual Generation","RENEW_FCST_ACT_MW",3,1,3161.24527,"ACTUAL",4
"74","2019-05-22",22,0,"2019-05-23T04:00:00-00:00","2019-05-23T05:00:00-00:00","SP15","Wind","Renewable Forecast Actual Generation","RENEW_FCST_ACT_MW",3,1,2921.03771,"ACTUAL",4
"75","2019-05-22",23,0,"2019-05-23T05:00:00-00:00","2019-05-23T06:00:00-00:00","SP15","Wind","Renewable Forecast Actual Generation","RENEW_FCST_ACT_MW",3,1,3044.69638,"ACTUAL",4
"76","2019-05-22",24,0,"2019-05-23T06:00:00-00:00","2019-05-23T07:00:00-00:00","SP15","Wind","Renewable Forecast Actual Generation","RENEW_FCST_ACT_MW",3,1,2808.07849,"ACTUAL",4
"77","2019-05-22",2,0,"2019-05-22T08:00:00-00:00","2019-05-22T09:00:00-00:00","SP15","Wind","Renewable Forecast Actual Generation","RENEW_FCST_ACT_MW",3,1,2884.70742,"ACTUAL",4
"78","2019-05-22",3,0,"2019-05-22T09:00:00-00:00","2019-05-22T10:00:00-00:00","SP15","Wind","Renewable Forecast Actual Generation","RENEW_FCST_ACT_MW",3,1,2696.31802,"ACTUAL",4
"79","2019-05-22",4,0,"2019-05-22T10:00:00-00:00","2019-05-22T11:00:00-00:00","SP15","Wind","Renewable Forecast Actual Generation","RENEW_FCST_ACT_MW",3,1,2851.91718,"ACTUAL",4
"80","2019-05-22",5,0,"2019-05-22T11:00:00-00:00","2019-05-22T12:00:00-00:00","SP15","Wind","Renewable Forecast Actual Generation","RENEW_FCST_ACT_MW",3,1,3250.29567,"ACTUAL",4
"81","2019-05-22",6,0,"2019-05-22T12:00:00-00:00","2019-05-22T13:00:00-00:00","SP15","Wind","Renewable Forecast Actual Generation","RENEW_FCST_ACT_MW",3,1,3359.1001,"ACTUAL",4
"82","2019-05-22",7,0,"2019-05-22T13:00:00-00:00","2019-05-22T14:00:00-00:00","SP15","Wind","Renewable Forecast Actual Generation","RENEW_FCST_ACT_MW",3,1,3180.1599,"ACTUAL",4
"83","2019-05-22",8,0,"2019-05-22T14:00:00-00:00","2019-05-22T15:00:00-00:00","SP15","Wind","Renewable Forecast Actual Generation","RENEW_FCST_ACT_MW",3,1,3166.18312,"ACTUAL",4
"84","2019-05-22",9,0,"2019-05-22T15:00:00-00:00","2019-05-22T16:00:00-00:00","SP15","Wind","Renewable Forecast Actual Generation","RENEW_FCST_ACT_MW",3,1,2829.72698,"ACTUAL",4
"85","2019-05-22",10,0,"2019-05-22T16:00:00-00:00","2019-05-22T17:00:00-00:00","SP15","Wind","Renewable Forecast Actual Generation","RENEW_FCST_ACT_MW",3,1,2801.11024,"ACTUAL",4
"86","2019-05-22",11,0,"2019-05-22T17:00:00-00:00","2019-05-22T18:00:00-00:00","SP15","Wind","Renewable Forecast Actual Generation","RENEW_FCST_ACT_MW",3,1,2694.51499,"ACTUAL",4
"87","2019-05-22",12,0,"2019-05-22T18:00:00-00:00","2019-05-22T19:00:00-00:00","SP15","Wind","Renewable Forecast Actual Generation","RENEW_FCST_ACT_MW",3,1,2318.885,"ACTUAL",4
"88","2019-05-22",13,0,"2019-05-22T19:00:00-00:00","2019-05-22T20:00:00-00:00","SP15","Wind","Renewable Forecast Actual Generation","RENEW_FCST_ACT_MW",3,1,1910.43001,"ACTUAL",4
"89","2019-05-22",14,0,"2019-05-22T20:00:00-00:00","2019-05-22T21:00:00-00:00","SP15","Wind","Renewable Forecast Actual Generation","RENEW_FCST_ACT_MW",3,1,1947.07515,"ACTUAL",4
"90","2019-05-22",15,0,"2019-05-22T21:00:00-00:00","2019-05-22T22:00:00-00:00","SP15","Wind","Renewable Forecast Actual Generation","RENEW_FCST_ACT_MW",3,1,2617.20124,"ACTUAL",4
"91","2019-05-22",16,0,"2019-05-22T22:00:00-00:00","2019-05-22T23:00:00-00:00","SP15","Wind","Renewable Forecast Actual Generation","RENEW_FCST_ACT_MW",3,1,3154.50613,"ACTUAL",4
"92","2019-05-22",17,0,"2019-05-22T23:00:00-00:00","2019-05-23T00:00:00-00:00","SP15","Wind","Renewable Forecast Actual Generation","RENEW_FCST_ACT_MW",3,1,3542.71325,"ACTUAL",4
"93","2019-05-22",18,0,"2019-05-23T00:00:00-00:00","2019-05-23T01:00:00-00:00","ZP26","Solar","Renewable Forecast Actual Generation","RENEW_FCST_ACT_MW",3,3,884.77032,"ACTUAL",5
"94","2019-05-22",17,0,"2019-05-22T23:00:00-00:00","2019-05-23T00:00:00-00:00","ZP26","Solar","Renewable Forecast Actual Generation","RENEW_FCST_ACT_MW",3,3,1143.76278,"ACTUAL",5
"95","2019-05-22",20,0,"2019-05-23T02:00:00-00:00","2019-05-23T03:00:00-00:00","ZP26","Solar","Renewable Forecast Actual Generation","RENEW_FCST_ACT_MW",3,3,63.31772,"ACTUAL",5
"96","2019-05-22",21,0,"2019-05-23T03:00:00-00:00","2019-05-23T04:00:00-00:00","ZP26","Solar","Renewable Forecast Actual Generation","RENEW_FCST_ACT_MW",3,3,-5.21808,"ACTUAL",5
"97","2019-05-22",22,0,"2019-05-23T04:00:00-00:00","2019-05-23T05:00:00-00:00","ZP26","Solar","Renewable Forecast Actual Generation","RENEW_FCST_ACT_MW",3,3,-4.99036,"ACTUAL",5
"98","2019-05-22",23,0,"2019-05-23T05:00:00-00:00","2019-05-23T06:00:00-00:00","ZP26","Solar","Renewable Forecast Actual Generation","RENEW_FCST_ACT_MW",3,3,-5.01855,"ACTUAL",5
"99","2019-05-22",24,0,"2019-05-23T06:00:00-00:00","2019-05-23T07:00:00-00:00","ZP26","Solar","Renewable Forecast Actual Generation","RENEW_FCST_ACT_MW",3,3,-4.95966,"ACTUAL",5
"100","2019-05-22",2,0,"2019-05-22T08:00:00-00:00","2019-05-22T09:00:00-00:00","ZP26","Solar","Renewable Forecast Actual Generation","RENEW_FCST_ACT_MW",3,3,-5.04826,"ACTUAL",5
"101","2019-05-22",3,0,"2019-05-22T09:00:00-00:00","2019-05-22T10:00:00-00:00","ZP26","Solar","Renewable Forecast Actual Generation","RENEW_FCST_ACT_MW",3,3,-4.97894,"ACTUAL",5
"102","2019-05-22",4,0,"2019-05-22T10:00:00-00:00","2019-05-22T11:00:00-00:00","ZP26","Solar","Renewable Forecast Actual Generation","RENEW_FCST_ACT_MW",3,3,-5.00908,"ACTUAL",5
"103","2019-05-22",5,0,"2019-05-22T11:00:00-00:00","2019-05-22T12:00:00-00:00","ZP26","Solar","Renewable Forecast Actual Generation","RENEW_FCST_ACT_MW",3,3,-5.34942,"ACTUAL",5
"104","2019-05-22",6,0,"2019-05-22T12:00:00-00:00","2019-05-22T13:00:00-00:00","ZP26","Solar","Renewable Forecast Actual Generation","RENEW_FCST_ACT_MW",3,3,-5.48629,"ACTUAL",5
"105","2019-05-22",7,0,"2019-05-22T13:00:00-00:00","2019-05-22T14:00:00-00:00","ZP26","Solar","Renewable Forecast Actual Generation","RENEW_FCST_ACT_MW",3,3,58.0569,"ACTUAL",5
"106","2019-05-22",8,0,"2019-05-22T14:00:00-00:00","2019-05-22T15:00:00-00:00","ZP26","Solar","Renewable Forecast Actual Generation","RENEW_FCST_ACT_MW",3,3,208.39792,"ACTUAL",5
"107","2019-05-22",9,0,"2019-05-22T15:00:00-00:00","2019-05-22T16:00:00-00:00","ZP26","Solar","Renewable Forecast Actual Generation","RENEW_FCST_ACT_MW",3,3,516.38357,"ACTUAL",5
"108","2019-05-22",10,0,"2019-05-22T16:00:00-00:00","2019-05-22T17:00:00-00:00","ZP26","Solar","Renewable Forecast Actual Generation","RENEW_FCST_ACT_MW",3,3,731.10624,"ACTUAL",5
"109","2019-05-22",11,0,"2019-05-22T17:00:00-00:00","2019-05-22T18:00:00-00:00","ZP26","Solar","Renewable Forecast Actual Generation","RENEW_FCST_ACT_MW",3,3,856.08047,"ACTUAL",5
"110","2019-05-22",12,0,"2019-05-22T18:00:00-00:00","2019-05-22T19:00:00-00:00","ZP26","Solar","Renewable Forecast Actual Generation","RENEW_FCST_ACT_MW",3,3,894.6337,"ACTUAL",5
"111","2019-05-22",13,0,"2019-05-22T19:00:00-00:00","2019-05-22T20:00:00-00:00","ZP26","Solar","Renewable Forecast Actual Generation","RENEW_FCST_ACT_MW",3,3,969.66387,"ACTUAL",5
"112","2019-05-22",14,0,"2019-05-22T20:00:00-00:00","2019-05-22T21:00:00-00:00","ZP26","Solar","Renewable Forecast Actual Generation","RENEW_FCST_ACT_MW",3,3,1079.64517,"ACTUAL",5
"113","2019-05-22",15,0,"2019-05-22T21:00:00-00:00","2019-05-22T22:00:00-00:00","ZP26","Solar","Renewable Forecast Actual Generation","RENEW_FCST_ACT_MW",3,3,1076.93395,"ACTUAL",5
"114","2019-05-22",16,0,"2019-05-22T22:00:00-00:00","2019-05-22T23:00:00-00:00","ZP26","Solar","Renewable Forecast Actual Generation","RENEW_FCST_ACT_MW",3,3,1108.67241,"ACTUAL",5
"115","2019-05-22",19,0,"2019-05-23T01:00:00-00:00","2019-05-23T02:00:00-00:00","ZP26","Solar","Renewable Forecast Actual Generation","RENEW_FCST_ACT_MW",3,3,452.36766,"ACTUAL",5
"116","2019-05-23",1,0,"2019-05-23T07:00:00-00:00","2019-05-23T08:00:00-00:00","NP15","Solar","Renewable Forecast Actual Generation","RENEW_FCST_ACT_MW",3,3,-1.97935,"ACTUAL",6
"117","2019-05-23",1,0,"2019-05-23T07:00:00-00:00","2019-05-23T08:00:00-00:00","NP15","Wind","Renewable Forecast Actual Generation","RENEW_FCST_ACT_MW",3,1,528.0764,"ACTUAL",7
"118","2019-05-23",1,0,"2019-05-23T07:00:00-00:00","2019-05-23T08:00:00-00:00","SP15","Solar","Renewable Forecast Actual Generation","RENEW_FCST_ACT_MW",3,3,-2.79197,"ACTUAL",8
"119","2019-05-23",1,0,"2019-05-23T07:00:00-00:00","2019-05-23T08:00:00-00:00","SP15","Wind","Renewable Forecast Actual Generation","RENEW_FCST_ACT_MW",3,1,2370.35056,"ACTUAL",9
"120","2019-05-23",1,0,"2019-05-23T07:00:00-00:00","2019-05-23T08:00:00-00:00","ZP26","Solar","Renewable Forecast Actual Generation","RENEW_FCST_ACT_MW",3,3,-3.74527,"ACTUAL",10
