"","OPR_DT","OPR_HR","OPR_INTERVAL","INTERVALSTARTTIME_GMT","INTERVALENDTIME_GMT","TRADING_HUB","RENEWABLE_TYPE","LABEL","XML_DATA_ITEM","MARKET_RUN_ID_POS","RENEW_POS","MW","MARKET_RUN_ID","GROUP"
"1","2019-09-11",2,0,"2019-09-11T08:00:00-00:00","2019-09-11T09:00:00-00:00","NP15","Solar","Renewable Forecast Actual Generation","RENEW_FCST_ACT_MW",3,3,-3.28597,"ACTUAL",1
"2","2019-09-11",3,0,"2019-09-11T09:00:00-00:00","2019-09-11T10:00:00-00:00","NP15","Solar","Renewable Forecast Actual Generation","RENEW_FCST_ACT_MW",3,3,-3.29414,"ACTUAL",1
"3","2019-09-11",4,0,"2019-09-11T10:00:00-00:00","2019-09-11T11:00:00-00:00","NP15","Solar","Renewable Forecast Actual Generation","RENEW_FCST_ACT_MW",3,3,-3.29745,"ACTUAL",1
"4","2019-09-11",5,0,"2019-09-11T11:00:00-00:00","2019-09-11T12:00:00-00:00","NP15","Solar","Renewable Forecast Actual Generation","RENEW_FCST_ACT_MW",3,3,-3.28184,"ACTUAL",1
"5","2019-09-11",6,0,"2019-09-11T12:00:00-00:00","2019-09-11T13:00:00-00:00","NP15","Solar","Renewable Forecast Actual Generation","RENEW_FCST_ACT_MW",3,3,-3.26267,"ACTUAL",1
"6","2019-09-11",7,0,"2019-09-11T13:00:00-00:00","2019-09-11T14:00:00-00:00","NP15","Solar","Renewable Forecast Actual Generation","RENEW_FCST_ACT_MW",3,3,1.69313,"ACTUAL",1
"7","2019-09-11",8,0,"2019-09-11T14:00:00-00:00","2019-09-11T15:00:00-00:00","NP15","Solar","Renewable Forecast Actual Generation","RENEW_FCST_ACT_MW",3,3,355.04983,"ACTUAL",1
"8","2019-09-11",9,0,"2019-09-11T15:00:00-00:00","2019-09-11T16:00:00-00:00","NP15","Solar","Renewable Forecast Actual Generation","RENEW_FCST_ACT_MW",3,3,1052.50431,"ACTUAL",1
"9","2019-09-11",10,0,"2019-09-11T16:00:00-00:00","2019-09-11T17:00:00-00:00","NP15","Solar","Renewable Forecast Actual Generation","RENEW_FCST_ACT_MW",3,3,1185.05737,"ACTUAL",1
"10","2019-09-11",11,0,"2019-09-11T17:00:00-00:00","2019-09-11T18:00:00-00:00","NP15","Solar","Renewable Forecast Actual Generation","RENEW_FCST_ACT_MW",3,3,1213.88019,"ACTUAL",1
"11","2019-09-11",12,0,"2019-09-11T18:00:00-00:00","2019-09-11T19:00:00-00:00","NP15","Solar","Renewable Forecast Actual Generation","RENEW_FCST_ACT_MW",3,3,1214.58167,"ACTUAL",1
"12","2019-09-11",13,0,"2019-09-11T19:00:00-00:00","2019-09-11T20:00:00-00:00","NP15","Solar","Renewable Forecast Actual Generation","RENEW_FCST_ACT_MW",3,3,1185.15009,"ACTUAL",1
"13","2019-09-11",14,0,"2019-09-11T20:00:00-00:00","2019-09-11T21:00:00-00:00","NP15","Solar","Renewable Forecast Actual Generation","RENEW_FCST_ACT_MW",3,3,1190.39583,"ACTUAL",1
"14","2019-09-11",15,0,"2019-09-11T21:00:00-00:00","2019-09-11T22:00:00-00:00","NP15","Solar","Renewable Forecast Actual Generation","RENEW_FCST_ACT_MW",3,3,1199.81966,"ACTUAL",1
"15","2019-09-11",16,0,"2019-09-11T22:00:00-00:00","2019-09-11T23:00:00-00:00","NP15","Solar","Renewable Forecast Actual Generation","RENEW_FCST_ACT_MW",3,3,1205.63095,"ACTUAL",1
"16","2019-09-11",17,0,"2019-09-11T23:00:00-00:00","2019-09-12T00:00:00-00:00","NP15","Solar","Renewable Forecast Actual Generation","RENEW_FCST_ACT_MW",3,3,1237.66605,"ACTUAL",1
"17","2019-09-11",18,0,"2019-09-12T00:00:00-00:00","2019-09-12T01:00:00-00:00","NP15","Solar","Renewable Forecast Actual Generation","RENEW_FCST_ACT_MW",3,3,946.72481,"ACTUAL",1
"18","2019-09-11",19,0,"2019-09-12T01:00:00-00:00","2019-09-12T02:00:00-00:00","NP15","Solar","Renewable Forecast Actual Generation","RENEW_FCST_ACT_MW",3,3,247.13875,"ACTUAL",1
"19","2019-09-11",20,0,"2019-09-12T02:00:00-00:00","2019-09-12T03:00:00-00:00","NP15","Solar","Renewable Forecast Actual Generation","RENEW_FCST_ACT_MW",3,3,-0.9346,"ACTUAL",1
"20","2019-09-11",21,0,"2019-09-12T03:00:00-00:00","2019-09-12T04:00:00-00:00","NP15","Solar","Renewable Forecast Actual Generation","RENEW_FCST_ACT_MW",3,3,-3.21717,"ACTUAL",1
"21","2019-09-11",22,0,"2019-09-12T04:00:00-00:00","2019-09-12T05:00:00-00:00","NP15","Solar","Renewable Forecast Actual Generation","RENEW_FCST_ACT_MW",3,3,-3.20531,"ACTUAL",1
"22","2019-09-11",23,0,"2019-09-12T05:00:00-00:00","2019-09-12T06:00:00-00:00","NP15","Solar","Renewable Forecast Actual Generation","RENEW_FCST_ACT_MW",3,3,-3.39666,"ACTUAL",1
"23","2019-09-11",24,0,"2019-09-12T06:00:00-00:00","2019-09-12T07:00:00-00:00","NP15","Solar","Renewable Forecast Actual Generation","RENEW_FCST_ACT_MW",3,3,-3.22819,"ACTUAL",1
"24","2019-09-11",18,0,"2019-09-12T00:00:00-00:00","2019-09-12T01:00:00-00:00","NP15","Wind","Renewable Forecast Actual Generation","RENEW_FCST_ACT_MW",3,1,137.70401,"ACTUAL",2
"25","2019-09-11",6,0,"2019-09-11T12:00:00-00:00","2019-09-11T13:00:00-00:00","NP15","Wind","Renewable Forecast Actual Generation","RENEW_FCST_ACT_MW",3,1,290.05626,"ACTUAL",2
"26","2019-09-11",17,0,"2019-09-11T23:00:00-00:00","2019-09-12T00:00:00-00:00","NP15","Wind","Renewable Forecast Actual Generation","RENEW_FCST_ACT_MW",3,1,53.24418,"ACTUAL",2
"27","2019-09-11",16,0,"2019-09-11T22:00:00-00:00","2019-09-11T23:00:00-00:00","NP15","Wind","Renewable Forecast Actual Generation","RENEW_FCST_ACT_MW",3,1,20.07097,"ACTUAL",2
"28","2019-09-11",15,0,"2019-09-11T21:00:00-00:00","2019-09-11T22:00:00-00:00","NP15","Wind","Renewable Forecast Actual Generation","RENEW_FCST_ACT_MW",3,1,3.44194,"ACTUAL",2
"29","2019-09-11",14,0,"2019-09-11T20:00:00-00:00","2019-09-11T21:00:00-00:00","NP15","Wind","Renewable Forecast Actual Generation","RENEW_FCST_ACT_MW",3,1,-0.08413,"ACTUAL",2
"30","2019-09-11",13,0,"2019-09-11T19:00:00-00:00","2019-09-11T20:00:00-00:00","NP15","Wind","Renewable Forecast Actual Generation","RENEW_FCST_ACT_MW",3,1,1.15051,"ACTUAL",2
"31","2019-09-11",12,0,"2019-09-11T18:00:00-00:00","2019-09-11T19:00:00-00:00","NP15","Wind","Renewable Forecast Actual Generation","RENEW_FCST_ACT_MW",3,1,8.58145,"ACTUAL",2
"32","2019-09-11",11,0,"2019-09-11T17:00:00-00:00","2019-09-11T18:00:00-00:00","NP15","Wind","Renewable Forecast Actual Generation","RENEW_FCST_ACT_MW",3,1,4.03942,"ACTUAL",2
"33","2019-09-11",10,0,"2019-09-11T16:00:00-00:00","2019-09-11T17:00:00-00:00","NP15","Wind","Renewable Forecast Actual Generation","RENEW_FCST_ACT_MW",3,1,4.55423,"ACTUAL",2
"34","2019-09-11",9,0,"2019-09-11T15:00:00-00:00","2019-09-11T16:00:00-00:00","NP15","Wind","Renewable Forecast Actual Generation","RENEW_FCST_ACT_MW",3,1,36.0361,"ACTUAL",2
"35","2019-09-11",8,0,"2019-09-11T14:00:00-00:00","2019-09-11T15:00:00-00:00","NP15","Wind","Renewable Forecast Actual Generation","RENEW_FCST_ACT_MW",3,1,108.3697,"ACTUAL",2
"36","2019-09-11",7,0,"2019-09-11T13:00:00-00:00","2019-09-11T14:00:00-00:00","NP15","Wind","Renewable Forecast Actual Generation","RENEW_FCST_ACT_MW",3,1,201.30471,"ACTUAL",2
"37","2019-09-11",5,0,"2019-09-11T11:00:00-00:00","2019-09-11T12:00:00-00:00","NP15","Wind","Renewable Forecast Actual Generation","RENEW_FCST_ACT_MW",3,1,351.01391,"ACTUAL",2
"38","2019-09-11",4,0,"2019-09-11T10:00:00-00:00","2019-09-11T11:00:00-00:00","NP15","Wind","Renewable Forecast Actual Generation","RENEW_FCST_ACT_MW",3,1,435.74411,"ACTUAL",2
"39","2019-09-11",3,0,"2019-09-11T09:00:00-00:00","2019-09-11T10:00:00-00:00","NP15","Wind","Renewable Forecast Actual Generation","RENEW_FCST_ACT_MW",3,1,471.67196,"ACTUAL",2
"40","2019-09-11",2,0,"2019-09-11T08:00:00-00:00","2019-09-11T09:00:00-00:00","NP15","Wind","Renewable Forecast Actual Generation","RENEW_FCST_ACT_MW",3,1,412.43432,"ACTUAL",2
"41","2019-09-11",24,0,"2019-09-12T06:00:00-00:00","2019-09-12T07:00:00-00:00","NP15","Wind","Renewable Forecast Actual Generation","RENEW_FCST_ACT_MW",3,1,170.01151,"ACTUAL",2
"42","2019-09-11",23,0,"2019-09-12T05:00:00-00:00","2019-09-12T06:00:00-00:00","NP15","Wind","Renewable Forecast Actual Generation","RENEW_FCST_ACT_MW",3,1,175.64822,"ACTUAL",2
"43","2019-09-11",22,0,"2019-09-12T04:00:00-00:00","2019-09-12T05:00:00-00:00","NP15","Wind","Renewable Forecast Actual Generation","RENEW_FCST_ACT_MW",3,1,236.36469,"ACTUAL",2
"44","2019-09-11",21,0,"2019-09-12T03:00:00-00:00","2019-09-12T04:00:00-00:00","NP15","Wind","Renewable Forecast Actual Generation","RENEW_FCST_ACT_MW",3,1,281.49504,"ACTUAL",2
"45","2019-09-11",20,0,"2019-09-12T02:00:00-00:00","2019-09-12T03:00:00-00:00","NP15","Wind","Renewable Forecast Actual Generation","RENEW_FCST_ACT_MW",3,1,282.60316,"ACTUAL",2
"46","2019-09-11",19,0,"2019-09-12T01:00:00-00:00","2019-09-12T02:00:00-00:00","NP15","Wind","Renewable Forecast Actual Generation","RENEW_FCST_ACT_MW",3,1,302.43797,"ACTUAL",2
"47","2019-09-11",6,0,"2019-09-11T12:00:00-00:00","2019-09-11T13:00:00-00:00","SP15","Solar","Renewable Forecast Actual Generation","RENEW_FCST_ACT_MW",3,3,-30.21716,"ACTUAL",3
"48","2019-09-11",18,0,"2019-09-12T00:00:00-00:00","2019-09-12T01:00:00-00:00","SP15","Solar","Renewable Forecast Actual Generation","RENEW_FCST_ACT_MW",3,3,3946.55325,"ACTUAL",3
"49","2019-09-11",5,0,"2019-09-11T11:00:00-00:00","2019-09-11T12:00:00-00:00","SP15","Solar","Renewable Forecast Actual Generation","RENEW_FCST_ACT_MW",3,3,-28.92626,"ACTUAL",3
"50","2019-09-11",11,0,"2019-09-11T17:00:00-00:00","2019-09-11T18:00:00-00:00","SP15","Solar","Renewable Forecast Actual Generation","RENEW_FCST_ACT_MW",3,3,6858.35441,"ACTUAL",3
"51","2019-09-11",4,0,"2019-09-11T10:00:00-00:00","2019-09-11T11:00:00-00:00","SP15","Solar","Renewable Forecast Actual Generation","RENEW_FCST_ACT_MW",3,3,-28.28053,"ACTUAL",3
"52","2019-09-11",15,0,"2019-09-11T21:00:00-00:00","2019-09-11T22:00:00-00:00","SP15","Solar","Renewable Forecast Actual Generation","RENEW_FCST_ACT_MW",3,3,6844.78816,"ACTUAL",3
"53","2019-09-11",3,0,"2019-09-11T09:00:00-00:00","2019-09-11T10:00:00-00:00","SP15","Solar","Renewable Forecast Actual Generation","RENEW_FCST_ACT_MW",3,3,-27.924,"ACTUAL",3
"54","2019-09-11",10,0,"2019-09-11T16:00:00-00:00","2019-09-11T17:00:00-00:00","SP15","Solar","Renewable Forecast Actual Generation","RENEW_FCST_ACT_MW",3,3,6560.83912,"ACTUAL",3
"55","2019-09-11",2,0,"2019-09-11T08:00:00-00:00","2019-09-11T09:00:00-00:00","SP15","Solar","Renewable Forecast Actual Generation","RENEW_FCST_ACT_MW",3,3,-28.03127,"ACTUAL",3
"56","2019-09-11",13,0,"2019-09-11T19:00:00-00:00","2019-09-11T20:00:00-00:00","SP15","Solar","Renewable Forecast Actual Generation","RENEW_FCST_ACT_MW",3,3,7018.731,"ACTUAL",3
"57","2019-09-11",24,0,"2019-09-12T06:00:00-00:00","2019-09-12T07:00:00-00:00","SP15","Solar","Renewable Forecast Actual Generation","RENEW_FCST_ACT_MW",3,3,-29.323,"ACTUAL",3
"58","2019-09-11",9,0,"2019-09-11T15:00:00-00:00","2019-09-11T16:00:00-00:00","SP15","Solar","Renewable Forecast Actual Generation","RENEW_FCST_ACT_MW",3,3,5090.82501,"ACTUAL",3
"59","2019-09-11",23,0,"2019-09-12T05:00:00-00:00","2019-09-12T06:00:00-00:00","SP15","Solar","Renewable Forecast Actual Generation","RENEW_FCST_ACT_MW",3,3,-29.14342,"ACTUAL",3
"60","2019-09-11",16,0,"2019-09-11T22:00:00-00:00","2019-09-11T23:00:00-00:00","SP15","Solar","Renewable Forecast Actual Generation","RENEW_FCST_ACT_MW",3,3,6829.75352,"ACTUAL",3
"61","2019-09-11",22,0,"2019-09-12T04:00:00-00:00","2019-09-12T05:00:00-00:00","SP15","Solar","Renewable Forecast Actual Generation","RENEW_FCST_ACT_MW",3,3,-29.5063,"ACTUAL",3
"62","2019-09-11",8,0,"2019-09-11T14:00:00-00:00","2019-09-11T15:00:00-00:00","SP15","Solar","Renewable Forecast Actual Generation","RENEW_FCST_ACT_MW",3,3,2019.12617,"ACTUAL",3
"63","2019-09-11",21,0,"2019-09-12T03:00:00-00:00","2019-09-12T04:00:00-00:00","SP15","Solar","Renewable Forecast Actual Generation","RENEW_FCST_ACT_MW",3,3,-29.77269,"ACTUAL",3
"64","2019-09-11",12,0,"2019-09-11T18:00:00-00:00","2019-09-11T19:00:00-00:00","SP15","Solar","Renewable Forecast Actual Generation","RENEW_FCST_ACT_MW",3,3,6932.3787,"ACTUAL",3
"65","2019-09-11",20,0,"2019-09-12T02:00:00-00:00","2019-09-12T03:00:00-00:00","SP15","Solar","Renewable Forecast Actual Generation","RENEW_FCST_ACT_MW",3,3,-22.62728,"ACTUAL",3
"66","2019-09-11",7,0,"2019-09-11T13:00:00-00:00","2019-09-11T14:00:00-00:00","SP15","Solar","Renewable Forecast Actual Generation","RENEW_FCST_ACT_MW",3,3,73.33406,"ACTUAL",3
"67","2019-09-11",19,0,"2019-09-12T01:00:00-00:00","2019-09-12T02:00:00-00:00","SP15","Solar","Renewable Forecast Actual Generation","RENEW_FCST_ACT_MW",3,3,858.31446,"ACTUAL",3
"68","2019-09-11",14,0,"2019-09-11T20:00:00-00:00","2019-09-11T21:00:00-00:00","SP15","Solar","Renewable Forecast Actual Generation","RENEW_FCST_ACT_MW",3,3,6826.91581,"ACTUAL",3
"69","2019-09-11",17,0,"2019-09-11T23:00:00-00:00","2019-09-12T00:00:00-00:00","SP15","Solar","Renewable Forecast Actual Generation","RENEW_FCST_ACT_MW",3,3,6078.33336,"ACTUAL",3
"70","2019-09-11",18,0,"2019-09-12T00:00:00-00:00","2019-09-12T01:00:00-00:00","SP15","Wind","Renewable Forecast Actual Generation","RENEW_FCST_ACT_MW",3,1,520.74445,"ACTUAL",4
"71","2019-09-11",19,0,"2019-09-12T01:00:00-00:00","2019-09-12T02:00:00-00:00","SP15","Wind","Renewable Forecast Actual Generation","RENEW_FCST_ACT_MW",3,1,795.54726,"ACTUAL",4
"72","2019-09-11",20,0,"2019-09-12T02:00:00-00:00","2019-09-12T03:00:00-00:00","SP15","Wind","Renewable Forecast Actual Generation","RENEW_FCST_ACT_MW",3,1,759.51344,"ACTUAL",4
"73","2019-09-11",21,0,"2019-09-12T03:00:00-00:00","2019-09-12T04:00:00-00:00","SP15","Wind","Renewable Forecast Actual Generation","RENEW_FCST_ACT_MW",3,1,562.49199,"ACTUAL",4
"74","2019-09-11",22,0,"2019-09-12T04:00:00-00:00","2019-09-12T05:00:00-00:00","SP15","Wind","Renewable Forecast Actual Generation","RENEW_FCST_ACT_MW",3,1,430.57658,"ACTUAL",4
"75","2019-09-11",23,0,"2019-09-12T05:00:00-00:00","2019-09-12T06:00:00-00:00","SP15","Wind","Renewable Forecast Actual Generation","RENEW_FCST_ACT_MW",3,1,291.47595,"ACTUAL",4
"76","2019-09-11",24,0,"2019-09-12T06:00:00-00:00","2019-09-12T07:00:00-00:00","SP15","Wind","Renewable Forecast Actual Generation","RENEW_FCST_ACT_MW",3,1,252.54892,"ACTUAL",4
"77","2019-09-11",2,0,"2019-09-11T08:00:00-00:00","2019-09-11T09:00:00-00:00","SP15","Wind","Renewable Forecast Actual Generation","RENEW_FCST_ACT_MW",3,1,3119.22016,"ACTUAL",4
"78","2019-09-11",3,0,"2019-09-11T09:00:00-00:00","2019-09-11T10:00:00-00:00","SP15","Wind","Renewable Forecast Actual Generation","RENEW_FCST_ACT_MW",3,1,2545.48441,"ACTUAL",4
"79","2019-09-11",4,0,"2019-09-11T10:00:00-00:00","2019-09-11T11:00:00-00:00","SP15","Wind","Renewable Forecast Actual Generation","RENEW_FCST_ACT_MW",3,1,2326.85905,"ACTUAL",4
"80","2019-09-11",5,0,"2019-09-11T11:00:00-00:00","2019-09-11T12:00:00-00:00","SP15","Wind","Renewable Forecast Actual Generation","RENEW_FCST_ACT_MW",3,1,2307.83758,"ACTUAL",4
"81","2019-09-11",6,0,"2019-09-11T12:00:00-00:00","2019-09-11T13:00:00-00:00","SP15","Wind","Renewable Forecast Actual Generation","RENEW_FCST_ACT_MW",3,1,2180.76662,"ACTUAL",4
"82","2019-09-11",7,0,"2019-09-11T13:00:00-00:00","2019-09-11T14:00:00-00:00","SP15","Wind","Renewable Forecast Actual Generation","RENEW_FCST_ACT_MW",3,1,2037.43357,"ACTUAL",4
"83","2019-09-11",8,0,"2019-09-11T14:00:00-00:00","2019-09-11T15:00:00-00:00","SP15","Wind","Renewable Forecast Actual Generation","RENEW_FCST_ACT_MW",3,1,1512.3025,"ACTUAL",4
"84","2019-09-11",9,0,"2019-09-11T15:00:00-00:00","2019-09-11T16:00:00-00:00","SP15","Wind","Renewable Forecast Actual Generation","RENEW_FCST_ACT_MW",3,1,1126.91206,"ACTUAL",4
"85","2019-09-11",10,0,"2019-09-11T16:00:00-00:00","2019-09-11T17:00:00-00:00","SP15","Wind","Renewable Forecast Actual Generation","RENEW_FCST_ACT_MW",3,1,515.07174,"ACTUAL",4
"86","2019-09-11",11,0,"2019-09-11T17:00:00-00:00","2019-09-11T18:00:00-00:00","SP15","Wind","Renewable Forecast Actual Generation","RENEW_FCST_ACT_MW",3,1,166.83135,"ACTUAL",4
"87","2019-09-11",12,0,"2019-09-11T18:00:00-00:00","2019-09-11T19:00:00-00:00","SP15","Wind","Renewable Forecast Actual Generation","RENEW_FCST_ACT_MW",3,1,145.93339,"ACTUAL",4
"88","2019-09-11",13,0,"2019-09-11T19:00:00-00:00","2019-09-11T20:00:00-00:00","SP15","Wind","Renewable Forecast Actual Generation","RENEW_FCST_ACT_MW",3,1,154.53991,"ACTUAL",4
"89","2019-09-11",14,0,"2019-09-11T20:00:00-00:00","2019-09-11T21:00:00-00:00","SP15","Wind","Renewable Forecast Actual Generation","RENEW_FCST_ACT_MW",3,1,119.05817,"ACTUAL",4
"90","2019-09-11",15,0,"2019-09-11T21:00:00-00:00","2019-09-11T22:00:00-00:00","SP15","Wind","Renewable Forecast Actual Generation","RENEW_FCST_ACT_MW",3,1,131.90148,"ACTUAL",4
"91","2019-09-11",16,0,"2019-09-11T22:00:00-00:00","2019-09-11T23:00:00-00:00","SP15","Wind","Renewable Forecast Actual Generation","RENEW_FCST_ACT_MW",3,1,161.61021,"ACTUAL",4
"92","2019-09-11",17,0,"2019-09-11T23:00:00-00:00","2019-09-12T00:00:00-00:00","SP15","Wind","Renewable Forecast Actual Generation","RENEW_FCST_ACT_MW",3,1,268.21786,"ACTUAL",4
"93","2019-09-11",18,0,"2019-09-12T00:00:00-00:00","2019-09-12T01:00:00-00:00","ZP26","Solar","Renewable Forecast Actual Generation","RENEW_FCST_ACT_MW",3,3,967.32958,"ACTUAL",5
"94","2019-09-11",17,0,"2019-09-11T23:00:00-00:00","2019-09-12T00:00:00-00:00","ZP26","Solar","Renewable Forecast Actual Generation","RENEW_FCST_ACT_MW",3,3,1431.67405,"ACTUAL",5
"95","2019-09-11",20,0,"2019-09-12T02:00:00-00:00","2019-09-12T03:00:00-00:00","ZP26","Solar","Renewable Forecast Actual Generation","RENEW_FCST_ACT_MW",3,3,19.38437,"ACTUAL",5
"96","2019-09-11",21,0,"2019-09-12T03:00:00-00:00","2019-09-12T04:00:00-00:00","ZP26","Solar","Renewable Forecast Actual Generation","RENEW_FCST_ACT_MW",3,3,19.22357,"ACTUAL",5
"97","2019-09-11",22,0,"2019-09-12T04:00:00-00:00","2019-09-12T05:00:00-00:00","ZP26","Solar","Renewable Forecast Actual Generation","RENEW_FCST_ACT_MW",3,3,18.6265,"ACTUAL",5
"98","2019-09-11",23,0,"2019-09-12T05:00:00-00:00","2019-09-12T06:00:00-00:00","ZP26","Solar","Renewable Forecast Actual Generation","RENEW_FCST_ACT_MW",3,3,18.66234,"ACTUAL",5
"99","2019-09-11",24,0,"2019-09-12T06:00:00-00:00","2019-09-12T07:00:00-00:00","ZP26","Solar","Renewable Forecast Actual Generation","RENEW_FCST_ACT_MW",3,3,18.66839,"ACTUAL",5
"100","2019-09-11",2,0,"2019-09-11T08:00:00-00:00","2019-09-11T09:00:00-00:00","ZP26","Solar","Renewable Forecast Actual Generation","RENEW_FCST_ACT_MW",3,3,-1.21452,"ACTUAL",5
"101","2019-09-11",3,0,"2019-09-11T09:00:00-00:00","2019-09-11T10:00:00-00:00","ZP26","Solar","Renewable Forecast Actual Generation","RENEW_FCST_ACT_MW",3,3,-1.33073,"ACTUAL",5
"102","2019-09-11",4,0,"2019-09-11T10:00:00-00:00","2019-09-11T11:00:00-00:00","ZP26","Solar","Renewable Forecast Actual Generation","RENEW_FCST_ACT_MW",3,3,-1.9705,"ACTUAL",5
"103","2019-09-11",5,0,"2019-09-11T11:00:00-00:00","2019-09-11T12:00:00-00:00","ZP26","Solar","Renewable Forecast Actual Generation","RENEW_FCST_ACT_MW",3,3,-2.07667,"ACTUAL",5
"104","2019-09-11",6,0,"2019-09-11T12:00:00-00:00","2019-09-11T13:00:00-00:00","ZP26","Solar","Renewable Forecast Actual Generation","RENEW_FCST_ACT_MW",3,3,-2.04056,"ACTUAL",5
"105","2019-09-11",7,0,"2019-09-11T13:00:00-00:00","2019-09-11T14:00:00-00:00","ZP26","Solar","Renewable Forecast Actual Generation","RENEW_FCST_ACT_MW",3,3,3.82726,"ACTUAL",5
"106","2019-09-11",8,0,"2019-09-11T14:00:00-00:00","2019-09-11T15:00:00-00:00","ZP26","Solar","Renewable Forecast Actual Generation","RENEW_FCST_ACT_MW",3,3,352.4754,"ACTUAL",5
"107","2019-09-11",9,0,"2019-09-11T15:00:00-00:00","2019-09-11T16:00:00-00:00","ZP26","Solar","Renewable Forecast Actual Generation","RENEW_FCST_ACT_MW",3,3,1057.34352,"ACTUAL",5
"108","2019-09-11",10,0,"2019-09-11T16:00:00-00:00","2019-09-11T17:00:00-00:00","ZP26","Solar","Renewable Forecast Actual Generation","RENEW_FCST_ACT_MW",3,3,1463.85906,"ACTUAL",5
"109","2019-09-11",11,0,"2019-09-11T17:00:00-00:00","2019-09-11T18:00:00-00:00","ZP26","Solar","Renewable Forecast Actual Generation","RENEW_FCST_ACT_MW",3,3,1620.71193,"ACTUAL",5
"110","2019-09-11",12,0,"2019-09-11T18:00:00-00:00","2019-09-11T19:00:00-00:00","ZP26","Solar","Renewable Forecast Actual Generation","RENEW_FCST_ACT_MW",3,3,1677.85275,"ACTUAL",5
"111","2019-09-11",13,0,"2019-09-11T19:00:00-00:00","2019-09-11T20:00:00-00:00","ZP26","Solar","Renewable Forecast Actual Generation","RENEW_FCST_ACT_MW",3,3,1673.36351,"ACTUAL",5
"112","2019-09-11",14,0,"2019-09-11T20:00:00-00:00","2019-09-11T21:00:00-00:00","ZP26","Solar","Renewable Forecast Actual Generation","RENEW_FCST_ACT_MW",3,3,1671.15637,"ACTUAL",5
"113","2019-09-11",15,0,"2019-09-11T21:00:00-00:00","2019-09-11T22:00:00-00:00","ZP26","Solar","Renewable Forecast Actual Generation","RENEW_FCST_ACT_MW",3,3,1675.08844,"ACTUAL",5
"114","2019-09-11",16,0,"2019-09-11T22:00:00-00:00","2019-09-11T23:00:00-00:00","ZP26","Solar","Renewable Forecast Actual Generation","RENEW_FCST_ACT_MW",3,3,1605.47137,"ACTUAL",5
"115","2019-09-11",19,0,"2019-09-12T01:00:00-00:00","2019-09-12T02:00:00-00:00","ZP26","Solar","Renewable Forecast Actual Generation","RENEW_FCST_ACT_MW",3,3,264.71803,"ACTUAL",5
"116","2019-09-12",1,0,"2019-09-12T07:00:00-00:00","2019-09-12T08:00:00-00:00","NP15","Solar","Renewable Forecast Actual Generation","RENEW_FCST_ACT_MW",3,3,-3.23646,"ACTUAL",6
"117","2019-09-12",1,0,"2019-09-12T07:00:00-00:00","2019-09-12T08:00:00-00:00","NP15","Wind","Renewable Forecast Actual Generation","RENEW_FCST_ACT_MW",3,1,162.81415,"ACTUAL",7
"118","2019-09-12",1,0,"2019-09-12T07:00:00-00:00","2019-09-12T08:00:00-00:00","SP15","Solar","Renewable Forecast Actual Generation","RENEW_FCST_ACT_MW",3,3,-28.76002,"ACTUAL",8
"119","2019-09-12",1,0,"2019-09-12T07:00:00-00:00","2019-09-12T08:00:00-00:00","SP15","Wind","Renewable Forecast Actual Generation","RENEW_FCST_ACT_MW",3,1,179.10929,"ACTUAL",9
"120","2019-09-12",1,0,"2019-09-12T07:00:00-00:00","2019-09-12T08:00:00-00:00","ZP26","Solar","Renewable Forecast Actual Generation","RENEW_FCST_ACT_MW",3,3,18.25894,"ACTUAL",10
