"","OPR_DT","OPR_HR","OPR_INTERVAL","INTERVALSTARTTIME_GMT","INTERVALENDTIME_GMT","TRADING_HUB","RENEWABLE_TYPE","LABEL","XML_DATA_ITEM","MARKET_RUN_ID_POS","RENEW_POS","MW","MARKET_RUN_ID","GROUP"
"1","2019-01-28",1,0,"2019-01-28T08:00:00-00:00","2019-01-28T09:00:00-00:00","NP15","Solar","Renewable Forecast Actual Generation","RENEW_FCST_ACT_MW",3,3,-1.33026,"ACTUAL",1
"2","2019-01-28",2,0,"2019-01-28T09:00:00-00:00","2019-01-28T10:00:00-00:00","NP15","Solar","Renewable Forecast Actual Generation","RENEW_FCST_ACT_MW",3,3,-1.40001,"ACTUAL",1
"3","2019-01-28",3,0,"2019-01-28T10:00:00-00:00","2019-01-28T11:00:00-00:00","NP15","Solar","Renewable Forecast Actual Generation","RENEW_FCST_ACT_MW",3,3,-1.34604,"ACTUAL",1
"4","2019-01-28",4,0,"2019-01-28T11:00:00-00:00","2019-01-28T12:00:00-00:00","NP15","Solar","Renewable Forecast Actual Generation","RENEW_FCST_ACT_MW",3,3,-1.29448,"ACTUAL",1
"5","2019-01-28",5,0,"2019-01-28T12:00:00-00:00","2019-01-28T13:00:00-00:00","NP15","Solar","Renewable Forecast Actual Generation","RENEW_FCST_ACT_MW",3,3,-1.31307,"ACTUAL",1
"6","2019-01-28",6,0,"2019-01-28T13:00:00-00:00","2019-01-28T14:00:00-00:00","NP15","Solar","Renewable Forecast Actual Generation","RENEW_FCST_ACT_MW",3,3,-1.38414,"ACTUAL",1
"7","2019-01-28",7,0,"2019-01-28T14:00:00-00:00","2019-01-28T15:00:00-00:00","NP15","Solar","Renewable Forecast Actual Generation","RENEW_FCST_ACT_MW",3,3,-1.37238,"ACTUAL",1
"8","2019-01-28",8,0,"2019-01-28T15:00:00-00:00","2019-01-28T16:00:00-00:00","NP15","Solar","Renewable Forecast Actual Generation","RENEW_FCST_ACT_MW",3,3,37.9496,"ACTUAL",1
"9","2019-01-28",9,0,"2019-01-28T16:00:00-00:00","2019-01-28T17:00:00-00:00","NP15","Solar","Renewable Forecast Actual Generation","RENEW_FCST_ACT_MW",3,3,172.84264,"ACTUAL",1
"10","2019-01-28",10,0,"2019-01-28T17:00:00-00:00","2019-01-28T18:00:00-00:00","NP15","Solar","Renewable Forecast Actual Generation","RENEW_FCST_ACT_MW",3,3,246.94442,"ACTUAL",1
"11","2019-01-28",11,0,"2019-01-28T18:00:00-00:00","2019-01-28T19:00:00-00:00","NP15","Solar","Renewable Forecast Actual Generation","RENEW_FCST_ACT_MW",3,3,278.39921,"ACTUAL",1
"12","2019-01-28",12,0,"2019-01-28T19:00:00-00:00","2019-01-28T20:00:00-00:00","NP15","Solar","Renewable Forecast Actual Generation","RENEW_FCST_ACT_MW",3,3,682.89314,"ACTUAL",1
"13","2019-01-28",13,0,"2019-01-28T20:00:00-00:00","2019-01-28T21:00:00-00:00","NP15","Solar","Renewable Forecast Actual Generation","RENEW_FCST_ACT_MW",3,3,889.6937,"ACTUAL",1
"14","2019-01-28",14,0,"2019-01-28T21:00:00-00:00","2019-01-28T22:00:00-00:00","NP15","Solar","Renewable Forecast Actual Generation","RENEW_FCST_ACT_MW",3,3,777.40642,"ACTUAL",1
"15","2019-01-28",15,0,"2019-01-28T22:00:00-00:00","2019-01-28T23:00:00-00:00","NP15","Solar","Renewable Forecast Actual Generation","RENEW_FCST_ACT_MW",3,3,451.29714,"ACTUAL",1
"16","2019-01-28",16,0,"2019-01-28T23:00:00-00:00","2019-01-29T00:00:00-00:00","NP15","Solar","Renewable Forecast Actual Generation","RENEW_FCST_ACT_MW",3,3,179.46867,"ACTUAL",1
"17","2019-01-28",17,0,"2019-01-29T00:00:00-00:00","2019-01-29T01:00:00-00:00","NP15","Solar","Renewable Forecast Actual Generation","RENEW_FCST_ACT_MW",3,3,59.11884,"ACTUAL",1
"18","2019-01-28",18,0,"2019-01-29T01:00:00-00:00","2019-01-29T02:00:00-00:00","NP15","Solar","Renewable Forecast Actual Generation","RENEW_FCST_ACT_MW",3,3,2.06818,"ACTUAL",1
"19","2019-01-28",19,0,"2019-01-29T02:00:00-00:00","2019-01-29T03:00:00-00:00","NP15","Solar","Renewable Forecast Actual Generation","RENEW_FCST_ACT_MW",3,3,-0.72431,"ACTUAL",1
"20","2019-01-28",20,0,"2019-01-29T03:00:00-00:00","2019-01-29T04:00:00-00:00","NP15","Solar","Renewable Forecast Actual Generation","RENEW_FCST_ACT_MW",3,3,-0.71102,"ACTUAL",1
"21","2019-01-28",21,0,"2019-01-29T04:00:00-00:00","2019-01-29T05:00:00-00:00","NP15","Solar","Renewable Forecast Actual Generation","RENEW_FCST_ACT_MW",3,3,-0.72579,"ACTUAL",1
"22","2019-01-28",22,0,"2019-01-29T05:00:00-00:00","2019-01-29T06:00:00-00:00","NP15","Solar","Renewable Forecast Actual Generation","RENEW_FCST_ACT_MW",3,3,-0.72562,"ACTUAL",1
"23","2019-01-28",23,0,"2019-01-29T06:00:00-00:00","2019-01-29T07:00:00-00:00","NP15","Solar","Renewable Forecast Actual Generation","RENEW_FCST_ACT_MW",3,3,-0.7653,"ACTUAL",1
"24","2019-01-28",24,0,"2019-01-29T07:00:00-00:00","2019-01-29T08:00:00-00:00","NP15","Solar","Renewable Forecast Actual Generation","RENEW_FCST_ACT_MW",3,3,-0.76401,"ACTUAL",1
"25","2019-01-28",1,0,"2019-01-28T08:00:00-00:00","2019-01-28T09:00:00-00:00","NP15","Wind","Renewable Forecast Actual Generation","RENEW_FCST_ACT_MW",3,1,65.88987,"ACTUAL",2
"26","2019-01-28",24,0,"2019-01-29T07:00:00-00:00","2019-01-29T08:00:00-00:00","NP15","Wind","Renewable Forecast Actual Generation","RENEW_FCST_ACT_MW",3,1,8.70874,"ACTUAL",2
"27","2019-01-28",3,0,"2019-01-28T10:00:00-00:00","2019-01-28T11:00:00-00:00","NP15","Wind","Renewable Forecast Actual Generation","RENEW_FCST_ACT_MW",3,1,63.05873,"ACTUAL",2
"28","2019-01-28",4,0,"2019-01-28T11:00:00-00:00","2019-01-28T12:00:00-00:00","NP15","Wind","Renewable Forecast Actual Generation","RENEW_FCST_ACT_MW",3,1,50.78052,"ACTUAL",2
"29","2019-01-28",5,0,"2019-01-28T12:00:00-00:00","2019-01-28T13:00:00-00:00","NP15","Wind","Renewable Forecast Actual Generation","RENEW_FCST_ACT_MW",3,1,45.60397,"ACTUAL",2
"30","2019-01-28",6,0,"2019-01-28T13:00:00-00:00","2019-01-28T14:00:00-00:00","NP15","Wind","Renewable Forecast Actual Generation","RENEW_FCST_ACT_MW",3,1,39.16069,"ACTUAL",2
"31","2019-01-28",7,0,"2019-01-28T14:00:00-00:00","2019-01-28T15:00:00-00:00","NP15","Wind","Renewable Forecast Actual Generation","RENEW_FCST_ACT_MW",3,1,41.07107,"ACTUAL",2
"32","2019-01-28",8,0,"2019-01-28T15:00:00-00:00","2019-01-28T16:00:00-00:00","NP15","Wind","Renewable Forecast Actual Generation","RENEW_FCST_ACT_MW",3,1,40.56927,"ACTUAL",2
"33","2019-01-28",9,0,"2019-01-28T16:00:00-00:00","2019-01-28T17:00:00-00:00","NP15","Wind","Renewable Forecast Actual Generation","RENEW_FCST_ACT_MW",3,1,34.79724,"ACTUAL",2
"34","2019-01-28",10,0,"2019-01-28T17:00:00-00:00","2019-01-28T18:00:00-00:00","NP15","Wind","Renewable Forecast Actual Generation","RENEW_FCST_ACT_MW",3,1,41.76817,"ACTUAL",2
"35","2019-01-28",11,0,"2019-01-28T18:00:00-00:00","2019-01-28T19:00:00-00:00","NP15","Wind","Renewable Forecast Actual Generation","RENEW_FCST_ACT_MW",3,1,18.51313,"ACTUAL",2
"36","2019-01-28",12,0,"2019-01-28T19:00:00-00:00","2019-01-28T20:00:00-00:00","NP15","Wind","Renewable Forecast Actual Generation","RENEW_FCST_ACT_MW",3,1,10.05509,"ACTUAL",2
"37","2019-01-28",13,0,"2019-01-28T20:00:00-00:00","2019-01-28T21:00:00-00:00","NP15","Wind","Renewable Forecast Actual Generation","RENEW_FCST_ACT_MW",3,1,9.36509,"ACTUAL",2
"38","2019-01-28",14,0,"2019-01-28T21:00:00-00:00","2019-01-28T22:00:00-00:00","NP15","Wind","Renewable Forecast Actual Generation","RENEW_FCST_ACT_MW",3,1,11.79595,"ACTUAL",2
"39","2019-01-28",15,0,"2019-01-28T22:00:00-00:00","2019-01-28T23:00:00-00:00","NP15","Wind","Renewable Forecast Actual Generation","RENEW_FCST_ACT_MW",3,1,13.41984,"ACTUAL",2
"40","2019-01-28",16,0,"2019-01-28T23:00:00-00:00","2019-01-29T00:00:00-00:00","NP15","Wind","Renewable Forecast Actual Generation","RENEW_FCST_ACT_MW",3,1,2.70607,"ACTUAL",2
"41","2019-01-28",17,0,"2019-01-29T00:00:00-00:00","2019-01-29T01:00:00-00:00","NP15","Wind","Renewable Forecast Actual Generation","RENEW_FCST_ACT_MW",3,1,-5.17236,"ACTUAL",2
"42","2019-01-28",18,0,"2019-01-29T01:00:00-00:00","2019-01-29T02:00:00-00:00","NP15","Wind","Renewable Forecast Actual Generation","RENEW_FCST_ACT_MW",3,1,-2.86495,"ACTUAL",2
"43","2019-01-28",19,0,"2019-01-29T02:00:00-00:00","2019-01-29T03:00:00-00:00","NP15","Wind","Renewable Forecast Actual Generation","RENEW_FCST_ACT_MW",3,1,-4.39095,"ACTUAL",2
"44","2019-01-28",20,0,"2019-01-29T03:00:00-00:00","2019-01-29T04:00:00-00:00","NP15","Wind","Renewable Forecast Actual Generation","RENEW_FCST_ACT_MW",3,1,-7.29064,"ACTUAL",2
"45","2019-01-28",21,0,"2019-01-29T04:00:00-00:00","2019-01-29T05:00:00-00:00","NP15","Wind","Renewable Forecast Actual Generation","RENEW_FCST_ACT_MW",3,1,-6.36889,"ACTUAL",2
"46","2019-01-28",22,0,"2019-01-29T05:00:00-00:00","2019-01-29T06:00:00-00:00","NP15","Wind","Renewable Forecast Actual Generation","RENEW_FCST_ACT_MW",3,1,-7.02503,"ACTUAL",2
"47","2019-01-28",23,0,"2019-01-29T06:00:00-00:00","2019-01-29T07:00:00-00:00","NP15","Wind","Renewable Forecast Actual Generation","RENEW_FCST_ACT_MW",3,1,-5.93831,"ACTUAL",2
"48","2019-01-28",2,0,"2019-01-28T09:00:00-00:00","2019-01-28T10:00:00-00:00","NP15","Wind","Renewable Forecast Actual Generation","RENEW_FCST_ACT_MW",3,1,51.39889,"ACTUAL",2
"49","2019-01-28",24,0,"2019-01-29T07:00:00-00:00","2019-01-29T08:00:00-00:00","SP15","Solar","Renewable Forecast Actual Generation","RENEW_FCST_ACT_MW",3,3,-6.61612,"ACTUAL",3
"50","2019-01-28",2,0,"2019-01-28T09:00:00-00:00","2019-01-28T10:00:00-00:00","SP15","Solar","Renewable Forecast Actual Generation","RENEW_FCST_ACT_MW",3,3,-4.66263,"ACTUAL",3
"51","2019-01-28",23,0,"2019-01-29T06:00:00-00:00","2019-01-29T07:00:00-00:00","SP15","Solar","Renewable Forecast Actual Generation","RENEW_FCST_ACT_MW",3,3,-6.95451,"ACTUAL",3
"52","2019-01-28",6,0,"2019-01-28T13:00:00-00:00","2019-01-28T14:00:00-00:00","SP15","Solar","Renewable Forecast Actual Generation","RENEW_FCST_ACT_MW",3,3,-6.22835,"ACTUAL",3
"53","2019-01-28",22,0,"2019-01-29T05:00:00-00:00","2019-01-29T06:00:00-00:00","SP15","Solar","Renewable Forecast Actual Generation","RENEW_FCST_ACT_MW",3,3,-6.94969,"ACTUAL",3
"54","2019-01-28",11,0,"2019-01-28T18:00:00-00:00","2019-01-28T19:00:00-00:00","SP15","Solar","Renewable Forecast Actual Generation","RENEW_FCST_ACT_MW",3,3,4739.49089,"ACTUAL",3
"55","2019-01-28",21,0,"2019-01-29T04:00:00-00:00","2019-01-29T05:00:00-00:00","SP15","Solar","Renewable Forecast Actual Generation","RENEW_FCST_ACT_MW",3,3,-7.1115,"ACTUAL",3
"56","2019-01-28",3,0,"2019-01-28T10:00:00-00:00","2019-01-28T11:00:00-00:00","SP15","Solar","Renewable Forecast Actual Generation","RENEW_FCST_ACT_MW",3,3,-4.70686,"ACTUAL",3
"57","2019-01-28",20,0,"2019-01-29T03:00:00-00:00","2019-01-29T04:00:00-00:00","SP15","Solar","Renewable Forecast Actual Generation","RENEW_FCST_ACT_MW",3,3,-7.22455,"ACTUAL",3
"58","2019-01-28",10,0,"2019-01-28T17:00:00-00:00","2019-01-28T18:00:00-00:00","SP15","Solar","Renewable Forecast Actual Generation","RENEW_FCST_ACT_MW",3,3,3962.74328,"ACTUAL",3
"59","2019-01-28",19,0,"2019-01-29T02:00:00-00:00","2019-01-29T03:00:00-00:00","SP15","Solar","Renewable Forecast Actual Generation","RENEW_FCST_ACT_MW",3,3,-6.71734,"ACTUAL",3
"60","2019-01-28",5,0,"2019-01-28T12:00:00-00:00","2019-01-28T13:00:00-00:00","SP15","Solar","Renewable Forecast Actual Generation","RENEW_FCST_ACT_MW",3,3,-5.88276,"ACTUAL",3
"61","2019-01-28",18,0,"2019-01-29T01:00:00-00:00","2019-01-29T02:00:00-00:00","SP15","Solar","Renewable Forecast Actual Generation","RENEW_FCST_ACT_MW",3,3,-0.82484,"ACTUAL",3
"62","2019-01-28",9,0,"2019-01-28T16:00:00-00:00","2019-01-28T17:00:00-00:00","SP15","Solar","Renewable Forecast Actual Generation","RENEW_FCST_ACT_MW",3,3,3106.94594,"ACTUAL",3
"63","2019-01-28",17,0,"2019-01-29T00:00:00-00:00","2019-01-29T01:00:00-00:00","SP15","Solar","Renewable Forecast Actual Generation","RENEW_FCST_ACT_MW",3,3,362.77561,"ACTUAL",3
"64","2019-01-28",1,0,"2019-01-28T08:00:00-00:00","2019-01-28T09:00:00-00:00","SP15","Solar","Renewable Forecast Actual Generation","RENEW_FCST_ACT_MW",3,3,-4.74263,"ACTUAL",3
"65","2019-01-28",16,0,"2019-01-28T23:00:00-00:00","2019-01-29T00:00:00-00:00","SP15","Solar","Renewable Forecast Actual Generation","RENEW_FCST_ACT_MW",3,3,1878.64777,"ACTUAL",3
"66","2019-01-28",8,0,"2019-01-28T15:00:00-00:00","2019-01-28T16:00:00-00:00","SP15","Solar","Renewable Forecast Actual Generation","RENEW_FCST_ACT_MW",3,3,940.81505,"ACTUAL",3
"67","2019-01-28",15,0,"2019-01-28T22:00:00-00:00","2019-01-28T23:00:00-00:00","SP15","Solar","Renewable Forecast Actual Generation","RENEW_FCST_ACT_MW",3,3,2560.80733,"ACTUAL",3
"68","2019-01-28",4,0,"2019-01-28T11:00:00-00:00","2019-01-28T12:00:00-00:00","SP15","Solar","Renewable Forecast Actual Generation","RENEW_FCST_ACT_MW",3,3,-5.01722,"ACTUAL",3
"69","2019-01-28",14,0,"2019-01-28T21:00:00-00:00","2019-01-28T22:00:00-00:00","SP15","Solar","Renewable Forecast Actual Generation","RENEW_FCST_ACT_MW",3,3,3856.01452,"ACTUAL",3
"70","2019-01-28",7,0,"2019-01-28T14:00:00-00:00","2019-01-28T15:00:00-00:00","SP15","Solar","Renewable Forecast Actual Generation","RENEW_FCST_ACT_MW",3,3,11.3602,"ACTUAL",3
"71","2019-01-28",13,0,"2019-01-28T20:00:00-00:00","2019-01-28T21:00:00-00:00","SP15","Solar","Renewable Forecast Actual Generation","RENEW_FCST_ACT_MW",3,3,3765.84226,"ACTUAL",3
"72","2019-01-28",12,0,"2019-01-28T19:00:00-00:00","2019-01-28T20:00:00-00:00","SP15","Solar","Renewable Forecast Actual Generation","RENEW_FCST_ACT_MW",3,3,4136.12155,"ACTUAL",3
"73","2019-01-28",23,0,"2019-01-29T06:00:00-00:00","2019-01-29T07:00:00-00:00","SP15","Wind","Renewable Forecast Actual Generation","RENEW_FCST_ACT_MW",3,1,90.64544,"ACTUAL",4
"74","2019-01-28",22,0,"2019-01-29T05:00:00-00:00","2019-01-29T06:00:00-00:00","SP15","Wind","Renewable Forecast Actual Generation","RENEW_FCST_ACT_MW",3,1,94.97601,"ACTUAL",4
"75","2019-01-28",21,0,"2019-01-29T04:00:00-00:00","2019-01-29T05:00:00-00:00","SP15","Wind","Renewable Forecast Actual Generation","RENEW_FCST_ACT_MW",3,1,82.79616,"ACTUAL",4
"76","2019-01-28",20,0,"2019-01-29T03:00:00-00:00","2019-01-29T04:00:00-00:00","SP15","Wind","Renewable Forecast Actual Generation","RENEW_FCST_ACT_MW",3,1,80.75865,"ACTUAL",4
"77","2019-01-28",19,0,"2019-01-29T02:00:00-00:00","2019-01-29T03:00:00-00:00","SP15","Wind","Renewable Forecast Actual Generation","RENEW_FCST_ACT_MW",3,1,80.82549,"ACTUAL",4
"78","2019-01-28",18,0,"2019-01-29T01:00:00-00:00","2019-01-29T02:00:00-00:00","SP15","Wind","Renewable Forecast Actual Generation","RENEW_FCST_ACT_MW",3,1,73.57933,"ACTUAL",4
"79","2019-01-28",17,0,"2019-01-29T00:00:00-00:00","2019-01-29T01:00:00-00:00","SP15","Wind","Renewable Forecast Actual Generation","RENEW_FCST_ACT_MW",3,1,80.154,"ACTUAL",4
"80","2019-01-28",16,0,"2019-01-28T23:00:00-00:00","2019-01-29T00:00:00-00:00","SP15","Wind","Renewable Forecast Actual Generation","RENEW_FCST_ACT_MW",3,1,97.69599,"ACTUAL",4
"81","2019-01-28",15,0,"2019-01-28T22:00:00-00:00","2019-01-28T23:00:00-00:00","SP15","Wind","Renewable Forecast Actual Generation","RENEW_FCST_ACT_MW",3,1,103.67966,"ACTUAL",4
"82","2019-01-28",14,0,"2019-01-28T21:00:00-00:00","2019-01-28T22:00:00-00:00","SP15","Wind","Renewable Forecast Actual Generation","RENEW_FCST_ACT_MW",3,1,109.19894,"ACTUAL",4
"83","2019-01-28",13,0,"2019-01-28T20:00:00-00:00","2019-01-28T21:00:00-00:00","SP15","Wind","Renewable Forecast Actual Generation","RENEW_FCST_ACT_MW",3,1,106.76076,"ACTUAL",4
"84","2019-01-28",12,0,"2019-01-28T19:00:00-00:00","2019-01-28T20:00:00-00:00","SP15","Wind","Renewable Forecast Actual Generation","RENEW_FCST_ACT_MW",3,1,120.11655,"ACTUAL",4
"85","2019-01-28",11,0,"2019-01-28T18:00:00-00:00","2019-01-28T19:00:00-00:00","SP15","Wind","Renewable Forecast Actual Generation","RENEW_FCST_ACT_MW",3,1,139.22805,"ACTUAL",4
"86","2019-01-28",10,0,"2019-01-28T17:00:00-00:00","2019-01-28T18:00:00-00:00","SP15","Wind","Renewable Forecast Actual Generation","RENEW_FCST_ACT_MW",3,1,143.29574,"ACTUAL",4
"87","2019-01-28",9,0,"2019-01-28T16:00:00-00:00","2019-01-28T17:00:00-00:00","SP15","Wind","Renewable Forecast Actual Generation","RENEW_FCST_ACT_MW",3,1,135.77661,"ACTUAL",4
"88","2019-01-28",8,0,"2019-01-28T15:00:00-00:00","2019-01-28T16:00:00-00:00","SP15","Wind","Renewable Forecast Actual Generation","RENEW_FCST_ACT_MW",3,1,163.49506,"ACTUAL",4
"89","2019-01-28",7,0,"2019-01-28T14:00:00-00:00","2019-01-28T15:00:00-00:00","SP15","Wind","Renewable Forecast Actual Generation","RENEW_FCST_ACT_MW",3,1,169.81319,"ACTUAL",4
"90","2019-01-28",6,0,"2019-01-28T13:00:00-00:00","2019-01-28T14:00:00-00:00","SP15","Wind","Renewable Forecast Actual Generation","RENEW_FCST_ACT_MW",3,1,155.80057,"ACTUAL",4
"91","2019-01-28",5,0,"2019-01-28T12:00:00-00:00","2019-01-28T13:00:00-00:00","SP15","Wind","Renewable Forecast Actual Generation","RENEW_FCST_ACT_MW",3,1,124.32325,"ACTUAL",4
"92","2019-01-28",4,0,"2019-01-28T11:00:00-00:00","2019-01-28T12:00:00-00:00","SP15","Wind","Renewable Forecast Actual Generation","RENEW_FCST_ACT_MW",3,1,94.88957,"ACTUAL",4
"93","2019-01-28",3,0,"2019-01-28T10:00:00-00:00","2019-01-28T11:00:00-00:00","SP15","Wind","Renewable Forecast Actual Generation","RENEW_FCST_ACT_MW",3,1,100.13867,"ACTUAL",4
"94","2019-01-28",2,0,"2019-01-28T09:00:00-00:00","2019-01-28T10:00:00-00:00","SP15","Wind","Renewable Forecast Actual Generation","RENEW_FCST_ACT_MW",3,1,77.86378,"ACTUAL",4
"95","2019-01-28",24,0,"2019-01-29T07:00:00-00:00","2019-01-29T08:00:00-00:00","SP15","Wind","Renewable Forecast Actual Generation","RENEW_FCST_ACT_MW",3,1,90.8888,"ACTUAL",4
"96","2019-01-28",1,0,"2019-01-28T08:00:00-00:00","2019-01-28T09:00:00-00:00","SP15","Wind","Renewable Forecast Actual Generation","RENEW_FCST_ACT_MW",3,1,78.53018,"ACTUAL",4
"97","2019-01-28",1,0,"2019-01-28T08:00:00-00:00","2019-01-28T09:00:00-00:00","ZP26","Solar","Renewable Forecast Actual Generation","RENEW_FCST_ACT_MW",3,3,-4.59023,"ACTUAL",5
"98","2019-01-28",24,0,"2019-01-29T07:00:00-00:00","2019-01-29T08:00:00-00:00","ZP26","Solar","Renewable Forecast Actual Generation","RENEW_FCST_ACT_MW",3,3,-4.14451,"ACTUAL",5
"99","2019-01-28",3,0,"2019-01-28T10:00:00-00:00","2019-01-28T11:00:00-00:00","ZP26","Solar","Renewable Forecast Actual Generation","RENEW_FCST_ACT_MW",3,3,-4.57321,"ACTUAL",5
"100","2019-01-28",4,0,"2019-01-28T11:00:00-00:00","2019-01-28T12:00:00-00:00","ZP26","Solar","Renewable Forecast Actual Generation","RENEW_FCST_ACT_MW",3,3,-5.04929,"ACTUAL",5
"101","2019-01-28",5,0,"2019-01-28T12:00:00-00:00","2019-01-28T13:00:00-00:00","ZP26","Solar","Renewable Forecast Actual Generation","RENEW_FCST_ACT_MW",3,3,-5.01921,"ACTUAL",5
"102","2019-01-28",6,0,"2019-01-28T13:00:00-00:00","2019-01-28T14:00:00-00:00","ZP26","Solar","Renewable Forecast Actual Generation","RENEW_FCST_ACT_MW",3,3,-5.0057,"ACTUAL",5
"103","2019-01-28",7,0,"2019-01-28T14:00:00-00:00","2019-01-28T15:00:00-00:00","ZP26","Solar","Renewable Forecast Actual Generation","RENEW_FCST_ACT_MW",3,3,-5.04946,"ACTUAL",5
"104","2019-01-28",8,0,"2019-01-28T15:00:00-00:00","2019-01-28T16:00:00-00:00","ZP26","Solar","Renewable Forecast Actual Generation","RENEW_FCST_ACT_MW",3,3,34.16205,"ACTUAL",5
"105","2019-01-28",9,0,"2019-01-28T16:00:00-00:00","2019-01-28T17:00:00-00:00","ZP26","Solar","Renewable Forecast Actual Generation","RENEW_FCST_ACT_MW",3,3,197.05727,"ACTUAL",5
"106","2019-01-28",10,0,"2019-01-28T17:00:00-00:00","2019-01-28T18:00:00-00:00","ZP26","Solar","Renewable Forecast Actual Generation","RENEW_FCST_ACT_MW",3,3,325.66538,"ACTUAL",5
"107","2019-01-28",11,0,"2019-01-28T18:00:00-00:00","2019-01-28T19:00:00-00:00","ZP26","Solar","Renewable Forecast Actual Generation","RENEW_FCST_ACT_MW",3,3,342.88184,"ACTUAL",5
"108","2019-01-28",12,0,"2019-01-28T19:00:00-00:00","2019-01-28T20:00:00-00:00","ZP26","Solar","Renewable Forecast Actual Generation","RENEW_FCST_ACT_MW",3,3,940.01175,"ACTUAL",5
"109","2019-01-28",13,0,"2019-01-28T20:00:00-00:00","2019-01-28T21:00:00-00:00","ZP26","Solar","Renewable Forecast Actual Generation","RENEW_FCST_ACT_MW",3,3,1201.85902,"ACTUAL",5
"110","2019-01-28",14,0,"2019-01-28T21:00:00-00:00","2019-01-28T22:00:00-00:00","ZP26","Solar","Renewable Forecast Actual Generation","RENEW_FCST_ACT_MW",3,3,1222.06928,"ACTUAL",5
"111","2019-01-28",15,0,"2019-01-28T22:00:00-00:00","2019-01-28T23:00:00-00:00","ZP26","Solar","Renewable Forecast Actual Generation","RENEW_FCST_ACT_MW",3,3,936.93989,"ACTUAL",5
"112","2019-01-28",16,0,"2019-01-28T23:00:00-00:00","2019-01-29T00:00:00-00:00","ZP26","Solar","Renewable Forecast Actual Generation","RENEW_FCST_ACT_MW",3,3,437.82735,"ACTUAL",5
"113","2019-01-28",17,0,"2019-01-29T00:00:00-00:00","2019-01-29T01:00:00-00:00","ZP26","Solar","Renewable Forecast Actual Generation","RENEW_FCST_ACT_MW",3,3,128.57009,"ACTUAL",5
"114","2019-01-28",18,0,"2019-01-29T01:00:00-00:00","2019-01-29T02:00:00-00:00","ZP26","Solar","Renewable Forecast Actual Generation","RENEW_FCST_ACT_MW",3,3,0.48103,"ACTUAL",5
"115","2019-01-28",19,0,"2019-01-29T02:00:00-00:00","2019-01-29T03:00:00-00:00","ZP26","Solar","Renewable Forecast Actual Generation","RENEW_FCST_ACT_MW",3,3,-2.97409,"ACTUAL",5
"116","2019-01-28",20,0,"2019-01-29T03:00:00-00:00","2019-01-29T04:00:00-00:00","ZP26","Solar","Renewable Forecast Actual Generation","RENEW_FCST_ACT_MW",3,3,-4.06662,"ACTUAL",5
"117","2019-01-28",21,0,"2019-01-29T04:00:00-00:00","2019-01-29T05:00:00-00:00","ZP26","Solar","Renewable Forecast Actual Generation","RENEW_FCST_ACT_MW",3,3,-4.0863,"ACTUAL",5
"118","2019-01-28",22,0,"2019-01-29T05:00:00-00:00","2019-01-29T06:00:00-00:00","ZP26","Solar","Renewable Forecast Actual Generation","RENEW_FCST_ACT_MW",3,3,-4.06665,"ACTUAL",5
"119","2019-01-28",23,0,"2019-01-29T06:00:00-00:00","2019-01-29T07:00:00-00:00","ZP26","Solar","Renewable Forecast Actual Generation","RENEW_FCST_ACT_MW",3,3,-4.0903,"ACTUAL",5
"120","2019-01-28",2,0,"2019-01-28T09:00:00-00:00","2019-01-28T10:00:00-00:00","ZP26","Solar","Renewable Forecast Actual Generation","RENEW_FCST_ACT_MW",3,3,-4.56172,"ACTUAL",5
