"","OPR_DT","OPR_HR","OPR_INTERVAL","INTERVALSTARTTIME_GMT","INTERVALENDTIME_GMT","TRADING_HUB","RENEWABLE_TYPE","LABEL","XML_DATA_ITEM","MARKET_RUN_ID_POS","RENEW_POS","MW","MARKET_RUN_ID","GROUP"
"1","2019-09-26",2,0,"2019-09-26T08:00:00-00:00","2019-09-26T09:00:00-00:00","NP15","Solar","Renewable Forecast Actual Generation","RENEW_FCST_ACT_MW",3,3,-3.28799,"ACTUAL",1
"2","2019-09-26",3,0,"2019-09-26T09:00:00-00:00","2019-09-26T10:00:00-00:00","NP15","Solar","Renewable Forecast Actual Generation","RENEW_FCST_ACT_MW",3,3,-3.2751,"ACTUAL",1
"3","2019-09-26",4,0,"2019-09-26T10:00:00-00:00","2019-09-26T11:00:00-00:00","NP15","Solar","Renewable Forecast Actual Generation","RENEW_FCST_ACT_MW",3,3,-3.27034,"ACTUAL",1
"4","2019-09-26",5,0,"2019-09-26T11:00:00-00:00","2019-09-26T12:00:00-00:00","NP15","Solar","Renewable Forecast Actual Generation","RENEW_FCST_ACT_MW",3,3,-3.41121,"ACTUAL",1
"5","2019-09-26",6,0,"2019-09-26T12:00:00-00:00","2019-09-26T13:00:00-00:00","NP15","Solar","Renewable Forecast Actual Generation","RENEW_FCST_ACT_MW",3,3,-3.5404,"ACTUAL",1
"6","2019-09-26",7,0,"2019-09-26T13:00:00-00:00","2019-09-26T14:00:00-00:00","NP15","Solar","Renewable Forecast Actual Generation","RENEW_FCST_ACT_MW",3,3,-3.27441,"ACTUAL",1
"7","2019-09-26",8,0,"2019-09-26T14:00:00-00:00","2019-09-26T15:00:00-00:00","NP15","Solar","Renewable Forecast Actual Generation","RENEW_FCST_ACT_MW",3,3,166.23093,"ACTUAL",1
"8","2019-09-26",9,0,"2019-09-26T15:00:00-00:00","2019-09-26T16:00:00-00:00","NP15","Solar","Renewable Forecast Actual Generation","RENEW_FCST_ACT_MW",3,3,768.14641,"ACTUAL",1
"9","2019-09-26",10,0,"2019-09-26T16:00:00-00:00","2019-09-26T17:00:00-00:00","NP15","Solar","Renewable Forecast Actual Generation","RENEW_FCST_ACT_MW",3,3,1099.82144,"ACTUAL",1
"10","2019-09-26",11,0,"2019-09-26T17:00:00-00:00","2019-09-26T18:00:00-00:00","NP15","Solar","Renewable Forecast Actual Generation","RENEW_FCST_ACT_MW",3,3,1157.19441,"ACTUAL",1
"11","2019-09-26",12,0,"2019-09-26T18:00:00-00:00","2019-09-26T19:00:00-00:00","NP15","Solar","Renewable Forecast Actual Generation","RENEW_FCST_ACT_MW",3,3,1169.9485,"ACTUAL",1
"12","2019-09-26",13,0,"2019-09-26T19:00:00-00:00","2019-09-26T20:00:00-00:00","NP15","Solar","Renewable Forecast Actual Generation","RENEW_FCST_ACT_MW",3,3,1143.20678,"ACTUAL",1
"13","2019-09-26",14,0,"2019-09-26T20:00:00-00:00","2019-09-26T21:00:00-00:00","NP15","Solar","Renewable Forecast Actual Generation","RENEW_FCST_ACT_MW",3,3,1138.84745,"ACTUAL",1
"14","2019-09-26",15,0,"2019-09-26T21:00:00-00:00","2019-09-26T22:00:00-00:00","NP15","Solar","Renewable Forecast Actual Generation","RENEW_FCST_ACT_MW",3,3,1156.58303,"ACTUAL",1
"15","2019-09-26",16,0,"2019-09-26T22:00:00-00:00","2019-09-26T23:00:00-00:00","NP15","Solar","Renewable Forecast Actual Generation","RENEW_FCST_ACT_MW",3,3,1156.86158,"ACTUAL",1
"16","2019-09-26",17,0,"2019-09-26T23:00:00-00:00","2019-09-27T00:00:00-00:00","NP15","Solar","Renewable Forecast Actual Generation","RENEW_FCST_ACT_MW",3,3,1070.57212,"ACTUAL",1
"17","2019-09-26",18,0,"2019-09-27T00:00:00-00:00","2019-09-27T01:00:00-00:00","NP15","Solar","Renewable Forecast Actual Generation","RENEW_FCST_ACT_MW",3,3,701.63716,"ACTUAL",1
"18","2019-09-26",19,0,"2019-09-27T01:00:00-00:00","2019-09-27T02:00:00-00:00","NP15","Solar","Renewable Forecast Actual Generation","RENEW_FCST_ACT_MW",3,3,86.50797,"ACTUAL",1
"19","2019-09-26",20,0,"2019-09-27T02:00:00-00:00","2019-09-27T03:00:00-00:00","NP15","Solar","Renewable Forecast Actual Generation","RENEW_FCST_ACT_MW",3,3,-3.12345,"ACTUAL",1
"20","2019-09-26",21,0,"2019-09-27T03:00:00-00:00","2019-09-27T04:00:00-00:00","NP15","Solar","Renewable Forecast Actual Generation","RENEW_FCST_ACT_MW",3,3,-2.83213,"ACTUAL",1
"21","2019-09-26",22,0,"2019-09-27T04:00:00-00:00","2019-09-27T05:00:00-00:00","NP15","Solar","Renewable Forecast Actual Generation","RENEW_FCST_ACT_MW",3,3,-2.88631,"ACTUAL",1
"22","2019-09-26",23,0,"2019-09-27T05:00:00-00:00","2019-09-27T06:00:00-00:00","NP15","Solar","Renewable Forecast Actual Generation","RENEW_FCST_ACT_MW",3,3,-2.92136,"ACTUAL",1
"23","2019-09-26",24,0,"2019-09-27T06:00:00-00:00","2019-09-27T07:00:00-00:00","NP15","Solar","Renewable Forecast Actual Generation","RENEW_FCST_ACT_MW",3,3,-3.0262,"ACTUAL",1
"24","2019-09-26",18,0,"2019-09-27T00:00:00-00:00","2019-09-27T01:00:00-00:00","NP15","Wind","Renewable Forecast Actual Generation","RENEW_FCST_ACT_MW",3,1,1083.75052,"ACTUAL",2
"25","2019-09-26",6,0,"2019-09-26T12:00:00-00:00","2019-09-26T13:00:00-00:00","NP15","Wind","Renewable Forecast Actual Generation","RENEW_FCST_ACT_MW",3,1,935.6967,"ACTUAL",2
"26","2019-09-26",17,0,"2019-09-26T23:00:00-00:00","2019-09-27T00:00:00-00:00","NP15","Wind","Renewable Forecast Actual Generation","RENEW_FCST_ACT_MW",3,1,1071.86719,"ACTUAL",2
"27","2019-09-26",16,0,"2019-09-26T22:00:00-00:00","2019-09-26T23:00:00-00:00","NP15","Wind","Renewable Forecast Actual Generation","RENEW_FCST_ACT_MW",3,1,1054.64388,"ACTUAL",2
"28","2019-09-26",15,0,"2019-09-26T21:00:00-00:00","2019-09-26T22:00:00-00:00","NP15","Wind","Renewable Forecast Actual Generation","RENEW_FCST_ACT_MW",3,1,1051.94553,"ACTUAL",2
"29","2019-09-26",14,0,"2019-09-26T20:00:00-00:00","2019-09-26T21:00:00-00:00","NP15","Wind","Renewable Forecast Actual Generation","RENEW_FCST_ACT_MW",3,1,1039.75311,"ACTUAL",2
"30","2019-09-26",13,0,"2019-09-26T19:00:00-00:00","2019-09-26T20:00:00-00:00","NP15","Wind","Renewable Forecast Actual Generation","RENEW_FCST_ACT_MW",3,1,1032.83801,"ACTUAL",2
"31","2019-09-26",12,0,"2019-09-26T18:00:00-00:00","2019-09-26T19:00:00-00:00","NP15","Wind","Renewable Forecast Actual Generation","RENEW_FCST_ACT_MW",3,1,1052.4447,"ACTUAL",2
"32","2019-09-26",11,0,"2019-09-26T17:00:00-00:00","2019-09-26T18:00:00-00:00","NP15","Wind","Renewable Forecast Actual Generation","RENEW_FCST_ACT_MW",3,1,910.39561,"ACTUAL",2
"33","2019-09-26",10,0,"2019-09-26T16:00:00-00:00","2019-09-26T17:00:00-00:00","NP15","Wind","Renewable Forecast Actual Generation","RENEW_FCST_ACT_MW",3,1,829.39326,"ACTUAL",2
"34","2019-09-26",9,0,"2019-09-26T15:00:00-00:00","2019-09-26T16:00:00-00:00","NP15","Wind","Renewable Forecast Actual Generation","RENEW_FCST_ACT_MW",3,1,807.66144,"ACTUAL",2
"35","2019-09-26",8,0,"2019-09-26T14:00:00-00:00","2019-09-26T15:00:00-00:00","NP15","Wind","Renewable Forecast Actual Generation","RENEW_FCST_ACT_MW",3,1,932.72912,"ACTUAL",2
"36","2019-09-26",7,0,"2019-09-26T13:00:00-00:00","2019-09-26T14:00:00-00:00","NP15","Wind","Renewable Forecast Actual Generation","RENEW_FCST_ACT_MW",3,1,1016.05297,"ACTUAL",2
"37","2019-09-26",5,0,"2019-09-26T11:00:00-00:00","2019-09-26T12:00:00-00:00","NP15","Wind","Renewable Forecast Actual Generation","RENEW_FCST_ACT_MW",3,1,623.23905,"ACTUAL",2
"38","2019-09-26",4,0,"2019-09-26T10:00:00-00:00","2019-09-26T11:00:00-00:00","NP15","Wind","Renewable Forecast Actual Generation","RENEW_FCST_ACT_MW",3,1,274.10767,"ACTUAL",2
"39","2019-09-26",3,0,"2019-09-26T09:00:00-00:00","2019-09-26T10:00:00-00:00","NP15","Wind","Renewable Forecast Actual Generation","RENEW_FCST_ACT_MW",3,1,150.49498,"ACTUAL",2
"40","2019-09-26",2,0,"2019-09-26T08:00:00-00:00","2019-09-26T09:00:00-00:00","NP15","Wind","Renewable Forecast Actual Generation","RENEW_FCST_ACT_MW",3,1,118.07834,"ACTUAL",2
"41","2019-09-26",24,0,"2019-09-27T06:00:00-00:00","2019-09-27T07:00:00-00:00","NP15","Wind","Renewable Forecast Actual Generation","RENEW_FCST_ACT_MW",3,1,1094.00298,"ACTUAL",2
"42","2019-09-26",23,0,"2019-09-27T05:00:00-00:00","2019-09-27T06:00:00-00:00","NP15","Wind","Renewable Forecast Actual Generation","RENEW_FCST_ACT_MW",3,1,1128.18076,"ACTUAL",2
"43","2019-09-26",22,0,"2019-09-27T04:00:00-00:00","2019-09-27T05:00:00-00:00","NP15","Wind","Renewable Forecast Actual Generation","RENEW_FCST_ACT_MW",3,1,1130.65078,"ACTUAL",2
"44","2019-09-26",21,0,"2019-09-27T03:00:00-00:00","2019-09-27T04:00:00-00:00","NP15","Wind","Renewable Forecast Actual Generation","RENEW_FCST_ACT_MW",3,1,1138.74039,"ACTUAL",2
"45","2019-09-26",20,0,"2019-09-27T02:00:00-00:00","2019-09-27T03:00:00-00:00","NP15","Wind","Renewable Forecast Actual Generation","RENEW_FCST_ACT_MW",3,1,1144.58037,"ACTUAL",2
"46","2019-09-26",19,0,"2019-09-27T01:00:00-00:00","2019-09-27T02:00:00-00:00","NP15","Wind","Renewable Forecast Actual Generation","RENEW_FCST_ACT_MW",3,1,1119.47716,"ACTUAL",2
"47","2019-09-26",6,0,"2019-09-26T12:00:00-00:00","2019-09-26T13:00:00-00:00","SP15","Solar","Renewable Forecast Actual Generation","RENEW_FCST_ACT_MW",3,3,-8.5607,"ACTUAL",3
"48","2019-09-26",18,0,"2019-09-27T00:00:00-00:00","2019-09-27T01:00:00-00:00","SP15","Solar","Renewable Forecast Actual Generation","RENEW_FCST_ACT_MW",3,3,1599.6708,"ACTUAL",3
"49","2019-09-26",5,0,"2019-09-26T11:00:00-00:00","2019-09-26T12:00:00-00:00","SP15","Solar","Renewable Forecast Actual Generation","RENEW_FCST_ACT_MW",3,3,-12.06105,"ACTUAL",3
"50","2019-09-26",11,0,"2019-09-26T17:00:00-00:00","2019-09-26T18:00:00-00:00","SP15","Solar","Renewable Forecast Actual Generation","RENEW_FCST_ACT_MW",3,3,4038.23616,"ACTUAL",3
"51","2019-09-26",4,0,"2019-09-26T10:00:00-00:00","2019-09-26T11:00:00-00:00","SP15","Solar","Renewable Forecast Actual Generation","RENEW_FCST_ACT_MW",3,3,-12.6822,"ACTUAL",3
"52","2019-09-26",15,0,"2019-09-26T21:00:00-00:00","2019-09-26T22:00:00-00:00","SP15","Solar","Renewable Forecast Actual Generation","RENEW_FCST_ACT_MW",3,3,5054.16802,"ACTUAL",3
"53","2019-09-26",3,0,"2019-09-26T09:00:00-00:00","2019-09-26T10:00:00-00:00","SP15","Solar","Renewable Forecast Actual Generation","RENEW_FCST_ACT_MW",3,3,-11.24766,"ACTUAL",3
"54","2019-09-26",10,0,"2019-09-26T16:00:00-00:00","2019-09-26T17:00:00-00:00","SP15","Solar","Renewable Forecast Actual Generation","RENEW_FCST_ACT_MW",3,3,4426.80193,"ACTUAL",3
"55","2019-09-26",2,0,"2019-09-26T08:00:00-00:00","2019-09-26T09:00:00-00:00","SP15","Solar","Renewable Forecast Actual Generation","RENEW_FCST_ACT_MW",3,3,-11.16729,"ACTUAL",3
"56","2019-09-26",13,0,"2019-09-26T19:00:00-00:00","2019-09-26T20:00:00-00:00","SP15","Solar","Renewable Forecast Actual Generation","RENEW_FCST_ACT_MW",3,3,4851.23452,"ACTUAL",3
"57","2019-09-26",24,0,"2019-09-27T06:00:00-00:00","2019-09-27T07:00:00-00:00","SP15","Solar","Renewable Forecast Actual Generation","RENEW_FCST_ACT_MW",3,3,-9.80165,"ACTUAL",3
"58","2019-09-26",9,0,"2019-09-26T15:00:00-00:00","2019-09-26T16:00:00-00:00","SP15","Solar","Renewable Forecast Actual Generation","RENEW_FCST_ACT_MW",3,3,3107.86491,"ACTUAL",3
"59","2019-09-26",23,0,"2019-09-27T05:00:00-00:00","2019-09-27T06:00:00-00:00","SP15","Solar","Renewable Forecast Actual Generation","RENEW_FCST_ACT_MW",3,3,-5.57957,"ACTUAL",3
"60","2019-09-26",16,0,"2019-09-26T22:00:00-00:00","2019-09-26T23:00:00-00:00","SP15","Solar","Renewable Forecast Actual Generation","RENEW_FCST_ACT_MW",3,3,4232.07565,"ACTUAL",3
"61","2019-09-26",22,0,"2019-09-27T04:00:00-00:00","2019-09-27T05:00:00-00:00","SP15","Solar","Renewable Forecast Actual Generation","RENEW_FCST_ACT_MW",3,3,-3.72072,"ACTUAL",3
"62","2019-09-26",8,0,"2019-09-26T14:00:00-00:00","2019-09-26T15:00:00-00:00","SP15","Solar","Renewable Forecast Actual Generation","RENEW_FCST_ACT_MW",3,3,1117.84611,"ACTUAL",3
"63","2019-09-26",21,0,"2019-09-27T03:00:00-00:00","2019-09-27T04:00:00-00:00","SP15","Solar","Renewable Forecast Actual Generation","RENEW_FCST_ACT_MW",3,3,-3.5832,"ACTUAL",3
"64","2019-09-26",12,0,"2019-09-26T18:00:00-00:00","2019-09-26T19:00:00-00:00","SP15","Solar","Renewable Forecast Actual Generation","RENEW_FCST_ACT_MW",3,3,4570.28829,"ACTUAL",3
"65","2019-09-26",20,0,"2019-09-27T02:00:00-00:00","2019-09-27T03:00:00-00:00","SP15","Solar","Renewable Forecast Actual Generation","RENEW_FCST_ACT_MW",3,3,-4.74006,"ACTUAL",3
"66","2019-09-26",7,0,"2019-09-26T13:00:00-00:00","2019-09-26T14:00:00-00:00","SP15","Solar","Renewable Forecast Actual Generation","RENEW_FCST_ACT_MW",3,3,12.7154,"ACTUAL",3
"67","2019-09-26",19,0,"2019-09-27T01:00:00-00:00","2019-09-27T02:00:00-00:00","SP15","Solar","Renewable Forecast Actual Generation","RENEW_FCST_ACT_MW",3,3,175.2598,"ACTUAL",3
"68","2019-09-26",14,0,"2019-09-26T20:00:00-00:00","2019-09-26T21:00:00-00:00","SP15","Solar","Renewable Forecast Actual Generation","RENEW_FCST_ACT_MW",3,3,5097.23545,"ACTUAL",3
"69","2019-09-26",17,0,"2019-09-26T23:00:00-00:00","2019-09-27T00:00:00-00:00","SP15","Solar","Renewable Forecast Actual Generation","RENEW_FCST_ACT_MW",3,3,3117.10837,"ACTUAL",3
"70","2019-09-26",18,0,"2019-09-27T00:00:00-00:00","2019-09-27T01:00:00-00:00","SP15","Wind","Renewable Forecast Actual Generation","RENEW_FCST_ACT_MW",3,1,991.20793,"ACTUAL",4
"71","2019-09-26",19,0,"2019-09-27T01:00:00-00:00","2019-09-27T02:00:00-00:00","SP15","Wind","Renewable Forecast Actual Generation","RENEW_FCST_ACT_MW",3,1,1164.94566,"ACTUAL",4
"72","2019-09-26",20,0,"2019-09-27T02:00:00-00:00","2019-09-27T03:00:00-00:00","SP15","Wind","Renewable Forecast Actual Generation","RENEW_FCST_ACT_MW",3,1,1486.25622,"ACTUAL",4
"73","2019-09-26",21,0,"2019-09-27T03:00:00-00:00","2019-09-27T04:00:00-00:00","SP15","Wind","Renewable Forecast Actual Generation","RENEW_FCST_ACT_MW",3,1,1916.78712,"ACTUAL",4
"74","2019-09-26",22,0,"2019-09-27T04:00:00-00:00","2019-09-27T05:00:00-00:00","SP15","Wind","Renewable Forecast Actual Generation","RENEW_FCST_ACT_MW",3,1,1891.90271,"ACTUAL",4
"75","2019-09-26",23,0,"2019-09-27T05:00:00-00:00","2019-09-27T06:00:00-00:00","SP15","Wind","Renewable Forecast Actual Generation","RENEW_FCST_ACT_MW",3,1,2072.39034,"ACTUAL",4
"76","2019-09-26",24,0,"2019-09-27T06:00:00-00:00","2019-09-27T07:00:00-00:00","SP15","Wind","Renewable Forecast Actual Generation","RENEW_FCST_ACT_MW",3,1,2359.36765,"ACTUAL",4
"77","2019-09-26",2,0,"2019-09-26T08:00:00-00:00","2019-09-26T09:00:00-00:00","SP15","Wind","Renewable Forecast Actual Generation","RENEW_FCST_ACT_MW",3,1,259.15413,"ACTUAL",4
"78","2019-09-26",3,0,"2019-09-26T09:00:00-00:00","2019-09-26T10:00:00-00:00","SP15","Wind","Renewable Forecast Actual Generation","RENEW_FCST_ACT_MW",3,1,97.6476,"ACTUAL",4
"79","2019-09-26",4,0,"2019-09-26T10:00:00-00:00","2019-09-26T11:00:00-00:00","SP15","Wind","Renewable Forecast Actual Generation","RENEW_FCST_ACT_MW",3,1,60.30164,"ACTUAL",4
"80","2019-09-26",5,0,"2019-09-26T11:00:00-00:00","2019-09-26T12:00:00-00:00","SP15","Wind","Renewable Forecast Actual Generation","RENEW_FCST_ACT_MW",3,1,83.38379,"ACTUAL",4
"81","2019-09-26",6,0,"2019-09-26T12:00:00-00:00","2019-09-26T13:00:00-00:00","SP15","Wind","Renewable Forecast Actual Generation","RENEW_FCST_ACT_MW",3,1,77.04337,"ACTUAL",4
"82","2019-09-26",7,0,"2019-09-26T13:00:00-00:00","2019-09-26T14:00:00-00:00","SP15","Wind","Renewable Forecast Actual Generation","RENEW_FCST_ACT_MW",3,1,146.83233,"ACTUAL",4
"83","2019-09-26",8,0,"2019-09-26T14:00:00-00:00","2019-09-26T15:00:00-00:00","SP15","Wind","Renewable Forecast Actual Generation","RENEW_FCST_ACT_MW",3,1,143.99843,"ACTUAL",4
"84","2019-09-26",9,0,"2019-09-26T15:00:00-00:00","2019-09-26T16:00:00-00:00","SP15","Wind","Renewable Forecast Actual Generation","RENEW_FCST_ACT_MW",3,1,211.29748,"ACTUAL",4
"85","2019-09-26",10,0,"2019-09-26T16:00:00-00:00","2019-09-26T17:00:00-00:00","SP15","Wind","Renewable Forecast Actual Generation","RENEW_FCST_ACT_MW",3,1,302.91191,"ACTUAL",4
"86","2019-09-26",11,0,"2019-09-26T17:00:00-00:00","2019-09-26T18:00:00-00:00","SP15","Wind","Renewable Forecast Actual Generation","RENEW_FCST_ACT_MW",3,1,208.66342,"ACTUAL",4
"87","2019-09-26",12,0,"2019-09-26T18:00:00-00:00","2019-09-26T19:00:00-00:00","SP15","Wind","Renewable Forecast Actual Generation","RENEW_FCST_ACT_MW",3,1,195.89172,"ACTUAL",4
"88","2019-09-26",13,0,"2019-09-26T19:00:00-00:00","2019-09-26T20:00:00-00:00","SP15","Wind","Renewable Forecast Actual Generation","RENEW_FCST_ACT_MW",3,1,276.75007,"ACTUAL",4
"89","2019-09-26",14,0,"2019-09-26T20:00:00-00:00","2019-09-26T21:00:00-00:00","SP15","Wind","Renewable Forecast Actual Generation","RENEW_FCST_ACT_MW",3,1,398.51462,"ACTUAL",4
"90","2019-09-26",15,0,"2019-09-26T21:00:00-00:00","2019-09-26T22:00:00-00:00","SP15","Wind","Renewable Forecast Actual Generation","RENEW_FCST_ACT_MW",3,1,487.49973,"ACTUAL",4
"91","2019-09-26",16,0,"2019-09-26T22:00:00-00:00","2019-09-26T23:00:00-00:00","SP15","Wind","Renewable Forecast Actual Generation","RENEW_FCST_ACT_MW",3,1,661.88899,"ACTUAL",4
"92","2019-09-26",17,0,"2019-09-26T23:00:00-00:00","2019-09-27T00:00:00-00:00","SP15","Wind","Renewable Forecast Actual Generation","RENEW_FCST_ACT_MW",3,1,877.30526,"ACTUAL",4
"93","2019-09-26",18,0,"2019-09-27T00:00:00-00:00","2019-09-27T01:00:00-00:00","ZP26","Solar","Renewable Forecast Actual Generation","RENEW_FCST_ACT_MW",3,3,590.04066,"ACTUAL",5
"94","2019-09-26",17,0,"2019-09-26T23:00:00-00:00","2019-09-27T00:00:00-00:00","ZP26","Solar","Renewable Forecast Actual Generation","RENEW_FCST_ACT_MW",3,3,1107.72795,"ACTUAL",5
"95","2019-09-26",20,0,"2019-09-27T02:00:00-00:00","2019-09-27T03:00:00-00:00","ZP26","Solar","Renewable Forecast Actual Generation","RENEW_FCST_ACT_MW",3,3,-4.03799,"ACTUAL",5
"96","2019-09-26",21,0,"2019-09-27T03:00:00-00:00","2019-09-27T04:00:00-00:00","ZP26","Solar","Renewable Forecast Actual Generation","RENEW_FCST_ACT_MW",3,3,-3.75282,"ACTUAL",5
"97","2019-09-26",22,0,"2019-09-27T04:00:00-00:00","2019-09-27T05:00:00-00:00","ZP26","Solar","Renewable Forecast Actual Generation","RENEW_FCST_ACT_MW",3,3,-3.75611,"ACTUAL",5
"98","2019-09-26",23,0,"2019-09-27T05:00:00-00:00","2019-09-27T06:00:00-00:00","ZP26","Solar","Renewable Forecast Actual Generation","RENEW_FCST_ACT_MW",3,3,-3.74075,"ACTUAL",5
"99","2019-09-26",24,0,"2019-09-27T06:00:00-00:00","2019-09-27T07:00:00-00:00","ZP26","Solar","Renewable Forecast Actual Generation","RENEW_FCST_ACT_MW",3,3,-3.74535,"ACTUAL",5
"100","2019-09-26",2,0,"2019-09-26T08:00:00-00:00","2019-09-26T09:00:00-00:00","ZP26","Solar","Renewable Forecast Actual Generation","RENEW_FCST_ACT_MW",3,3,-4.95732,"ACTUAL",5
"101","2019-09-26",3,0,"2019-09-26T09:00:00-00:00","2019-09-26T10:00:00-00:00","ZP26","Solar","Renewable Forecast Actual Generation","RENEW_FCST_ACT_MW",3,3,-4.90237,"ACTUAL",5
"102","2019-09-26",4,0,"2019-09-26T10:00:00-00:00","2019-09-26T11:00:00-00:00","ZP26","Solar","Renewable Forecast Actual Generation","RENEW_FCST_ACT_MW",3,3,-4.89397,"ACTUAL",5
"103","2019-09-26",5,0,"2019-09-26T11:00:00-00:00","2019-09-26T12:00:00-00:00","ZP26","Solar","Renewable Forecast Actual Generation","RENEW_FCST_ACT_MW",3,3,-4.87796,"ACTUAL",5
"104","2019-09-26",6,0,"2019-09-26T12:00:00-00:00","2019-09-26T13:00:00-00:00","ZP26","Solar","Renewable Forecast Actual Generation","RENEW_FCST_ACT_MW",3,3,-4.87576,"ACTUAL",5
"105","2019-09-26",7,0,"2019-09-26T13:00:00-00:00","2019-09-26T14:00:00-00:00","ZP26","Solar","Renewable Forecast Actual Generation","RENEW_FCST_ACT_MW",3,3,-4.4465,"ACTUAL",5
"106","2019-09-26",8,0,"2019-09-26T14:00:00-00:00","2019-09-26T15:00:00-00:00","ZP26","Solar","Renewable Forecast Actual Generation","RENEW_FCST_ACT_MW",3,3,192.16679,"ACTUAL",5
"107","2019-09-26",9,0,"2019-09-26T15:00:00-00:00","2019-09-26T16:00:00-00:00","ZP26","Solar","Renewable Forecast Actual Generation","RENEW_FCST_ACT_MW",3,3,708.32874,"ACTUAL",5
"108","2019-09-26",10,0,"2019-09-26T16:00:00-00:00","2019-09-26T17:00:00-00:00","ZP26","Solar","Renewable Forecast Actual Generation","RENEW_FCST_ACT_MW",3,3,1104.9974,"ACTUAL",5
"109","2019-09-26",11,0,"2019-09-26T17:00:00-00:00","2019-09-26T18:00:00-00:00","ZP26","Solar","Renewable Forecast Actual Generation","RENEW_FCST_ACT_MW",3,3,1239.48088,"ACTUAL",5
"110","2019-09-26",12,0,"2019-09-26T18:00:00-00:00","2019-09-26T19:00:00-00:00","ZP26","Solar","Renewable Forecast Actual Generation","RENEW_FCST_ACT_MW",3,3,1341.23285,"ACTUAL",5
"111","2019-09-26",13,0,"2019-09-26T19:00:00-00:00","2019-09-26T20:00:00-00:00","ZP26","Solar","Renewable Forecast Actual Generation","RENEW_FCST_ACT_MW",3,3,1378.13964,"ACTUAL",5
"112","2019-09-26",14,0,"2019-09-26T20:00:00-00:00","2019-09-26T21:00:00-00:00","ZP26","Solar","Renewable Forecast Actual Generation","RENEW_FCST_ACT_MW",3,3,1394.38735,"ACTUAL",5
"113","2019-09-26",15,0,"2019-09-26T21:00:00-00:00","2019-09-26T22:00:00-00:00","ZP26","Solar","Renewable Forecast Actual Generation","RENEW_FCST_ACT_MW",3,3,1401.35305,"ACTUAL",5
"114","2019-09-26",16,0,"2019-09-26T22:00:00-00:00","2019-09-26T23:00:00-00:00","ZP26","Solar","Renewable Forecast Actual Generation","RENEW_FCST_ACT_MW",3,3,1315.99687,"ACTUAL",5
"115","2019-09-26",19,0,"2019-09-27T01:00:00-00:00","2019-09-27T02:00:00-00:00","ZP26","Solar","Renewable Forecast Actual Generation","RENEW_FCST_ACT_MW",3,3,72.11941,"ACTUAL",5
"116","2019-09-27",1,0,"2019-09-27T07:00:00-00:00","2019-09-27T08:00:00-00:00","NP15","Solar","Renewable Forecast Actual Generation","RENEW_FCST_ACT_MW",3,3,-3.09163,"ACTUAL",6
"117","2019-09-27",1,0,"2019-09-27T07:00:00-00:00","2019-09-27T08:00:00-00:00","NP15","Wind","Renewable Forecast Actual Generation","RENEW_FCST_ACT_MW",3,1,1062.69142,"ACTUAL",7
"118","2019-09-27",1,0,"2019-09-27T07:00:00-00:00","2019-09-27T08:00:00-00:00","SP15","Solar","Renewable Forecast Actual Generation","RENEW_FCST_ACT_MW",3,3,-9.489,"ACTUAL",8
"119","2019-09-27",1,0,"2019-09-27T07:00:00-00:00","2019-09-27T08:00:00-00:00","SP15","Wind","Renewable Forecast Actual Generation","RENEW_FCST_ACT_MW",3,1,2384.1459,"ACTUAL",9
"120","2019-09-27",1,0,"2019-09-27T07:00:00-00:00","2019-09-27T08:00:00-00:00","ZP26","Solar","Renewable Forecast Actual Generation","RENEW_FCST_ACT_MW",3,3,-3.77574,"ACTUAL",10
