"","OPR_DT","OPR_HR","OPR_INTERVAL","INTERVALSTARTTIME_GMT","INTERVALENDTIME_GMT","TRADING_HUB","RENEWABLE_TYPE","LABEL","XML_DATA_ITEM","MARKET_RUN_ID_POS","RENEW_POS","MW","MARKET_RUN_ID","GROUP"
"1","2019-10-05",2,0,"2019-10-05T08:00:00-00:00","2019-10-05T09:00:00-00:00","NP15","Solar","Renewable Forecast Actual Generation","RENEW_FCST_ACT_MW",3,3,-2.3058,"ACTUAL",1
"2","2019-10-05",3,0,"2019-10-05T09:00:00-00:00","2019-10-05T10:00:00-00:00","NP15","Solar","Renewable Forecast Actual Generation","RENEW_FCST_ACT_MW",3,3,-2.31475,"ACTUAL",1
"3","2019-10-05",4,0,"2019-10-05T10:00:00-00:00","2019-10-05T11:00:00-00:00","NP15","Solar","Renewable Forecast Actual Generation","RENEW_FCST_ACT_MW",3,3,-2.31923,"ACTUAL",1
"4","2019-10-05",5,0,"2019-10-05T11:00:00-00:00","2019-10-05T12:00:00-00:00","NP15","Solar","Renewable Forecast Actual Generation","RENEW_FCST_ACT_MW",3,3,-2.32833,"ACTUAL",1
"5","2019-10-05",6,0,"2019-10-05T12:00:00-00:00","2019-10-05T13:00:00-00:00","NP15","Solar","Renewable Forecast Actual Generation","RENEW_FCST_ACT_MW",3,3,-2.30347,"ACTUAL",1
"6","2019-10-05",7,0,"2019-10-05T13:00:00-00:00","2019-10-05T14:00:00-00:00","NP15","Solar","Renewable Forecast Actual Generation","RENEW_FCST_ACT_MW",3,3,-2.47858,"ACTUAL",1
"7","2019-10-05",8,0,"2019-10-05T14:00:00-00:00","2019-10-05T15:00:00-00:00","NP15","Solar","Renewable Forecast Actual Generation","RENEW_FCST_ACT_MW",3,3,166.729,"ACTUAL",1
"8","2019-10-05",9,0,"2019-10-05T15:00:00-00:00","2019-10-05T16:00:00-00:00","NP15","Solar","Renewable Forecast Actual Generation","RENEW_FCST_ACT_MW",3,3,862.67865,"ACTUAL",1
"9","2019-10-05",10,0,"2019-10-05T16:00:00-00:00","2019-10-05T17:00:00-00:00","NP15","Solar","Renewable Forecast Actual Generation","RENEW_FCST_ACT_MW",3,3,1171.91442,"ACTUAL",1
"10","2019-10-05",11,0,"2019-10-05T17:00:00-00:00","2019-10-05T18:00:00-00:00","NP15","Solar","Renewable Forecast Actual Generation","RENEW_FCST_ACT_MW",3,3,1210.72113,"ACTUAL",1
"11","2019-10-05",12,0,"2019-10-05T18:00:00-00:00","2019-10-05T19:00:00-00:00","NP15","Solar","Renewable Forecast Actual Generation","RENEW_FCST_ACT_MW",3,3,1186.49936,"ACTUAL",1
"12","2019-10-05",13,0,"2019-10-05T19:00:00-00:00","2019-10-05T20:00:00-00:00","NP15","Solar","Renewable Forecast Actual Generation","RENEW_FCST_ACT_MW",3,3,1156.55572,"ACTUAL",1
"13","2019-10-05",14,0,"2019-10-05T20:00:00-00:00","2019-10-05T21:00:00-00:00","NP15","Solar","Renewable Forecast Actual Generation","RENEW_FCST_ACT_MW",3,3,1158.29738,"ACTUAL",1
"14","2019-10-05",15,0,"2019-10-05T21:00:00-00:00","2019-10-05T22:00:00-00:00","NP15","Solar","Renewable Forecast Actual Generation","RENEW_FCST_ACT_MW",3,3,1182.95594,"ACTUAL",1
"15","2019-10-05",16,0,"2019-10-05T22:00:00-00:00","2019-10-05T23:00:00-00:00","NP15","Solar","Renewable Forecast Actual Generation","RENEW_FCST_ACT_MW",3,3,1198.98508,"ACTUAL",1
"16","2019-10-05",17,0,"2019-10-05T23:00:00-00:00","2019-10-06T00:00:00-00:00","NP15","Solar","Renewable Forecast Actual Generation","RENEW_FCST_ACT_MW",3,3,1087.58678,"ACTUAL",1
"17","2019-10-05",18,0,"2019-10-06T00:00:00-00:00","2019-10-06T01:00:00-00:00","NP15","Solar","Renewable Forecast Actual Generation","RENEW_FCST_ACT_MW",3,3,553.63626,"ACTUAL",1
"18","2019-10-05",19,0,"2019-10-06T01:00:00-00:00","2019-10-06T02:00:00-00:00","NP15","Solar","Renewable Forecast Actual Generation","RENEW_FCST_ACT_MW",3,3,32.95344,"ACTUAL",1
"19","2019-10-05",20,0,"2019-10-06T02:00:00-00:00","2019-10-06T03:00:00-00:00","NP15","Solar","Renewable Forecast Actual Generation","RENEW_FCST_ACT_MW",3,3,-2.61516,"ACTUAL",1
"20","2019-10-05",21,0,"2019-10-06T03:00:00-00:00","2019-10-06T04:00:00-00:00","NP15","Solar","Renewable Forecast Actual Generation","RENEW_FCST_ACT_MW",3,3,-2.50233,"ACTUAL",1
"21","2019-10-05",22,0,"2019-10-06T04:00:00-00:00","2019-10-06T05:00:00-00:00","NP15","Solar","Renewable Forecast Actual Generation","RENEW_FCST_ACT_MW",3,3,-2.49973,"ACTUAL",1
"22","2019-10-05",23,0,"2019-10-06T05:00:00-00:00","2019-10-06T06:00:00-00:00","NP15","Solar","Renewable Forecast Actual Generation","RENEW_FCST_ACT_MW",3,3,-2.51718,"ACTUAL",1
"23","2019-10-05",24,0,"2019-10-06T06:00:00-00:00","2019-10-06T07:00:00-00:00","NP15","Solar","Renewable Forecast Actual Generation","RENEW_FCST_ACT_MW",3,3,-2.52833,"ACTUAL",1
"24","2019-10-05",18,0,"2019-10-06T00:00:00-00:00","2019-10-06T01:00:00-00:00","NP15","Wind","Renewable Forecast Actual Generation","RENEW_FCST_ACT_MW",3,1,88.07675,"ACTUAL",2
"25","2019-10-05",6,0,"2019-10-05T12:00:00-00:00","2019-10-05T13:00:00-00:00","NP15","Wind","Renewable Forecast Actual Generation","RENEW_FCST_ACT_MW",3,1,131.98315,"ACTUAL",2
"26","2019-10-05",17,0,"2019-10-05T23:00:00-00:00","2019-10-06T00:00:00-00:00","NP15","Wind","Renewable Forecast Actual Generation","RENEW_FCST_ACT_MW",3,1,81.92879,"ACTUAL",2
"27","2019-10-05",16,0,"2019-10-05T22:00:00-00:00","2019-10-05T23:00:00-00:00","NP15","Wind","Renewable Forecast Actual Generation","RENEW_FCST_ACT_MW",3,1,89.23126,"ACTUAL",2
"28","2019-10-05",15,0,"2019-10-05T21:00:00-00:00","2019-10-05T22:00:00-00:00","NP15","Wind","Renewable Forecast Actual Generation","RENEW_FCST_ACT_MW",3,1,111.42196,"ACTUAL",2
"29","2019-10-05",14,0,"2019-10-05T20:00:00-00:00","2019-10-05T21:00:00-00:00","NP15","Wind","Renewable Forecast Actual Generation","RENEW_FCST_ACT_MW",3,1,162.85446,"ACTUAL",2
"30","2019-10-05",13,0,"2019-10-05T19:00:00-00:00","2019-10-05T20:00:00-00:00","NP15","Wind","Renewable Forecast Actual Generation","RENEW_FCST_ACT_MW",3,1,241.31133,"ACTUAL",2
"31","2019-10-05",12,0,"2019-10-05T18:00:00-00:00","2019-10-05T19:00:00-00:00","NP15","Wind","Renewable Forecast Actual Generation","RENEW_FCST_ACT_MW",3,1,352.27969,"ACTUAL",2
"32","2019-10-05",11,0,"2019-10-05T17:00:00-00:00","2019-10-05T18:00:00-00:00","NP15","Wind","Renewable Forecast Actual Generation","RENEW_FCST_ACT_MW",3,1,374.04495,"ACTUAL",2
"33","2019-10-05",10,0,"2019-10-05T16:00:00-00:00","2019-10-05T17:00:00-00:00","NP15","Wind","Renewable Forecast Actual Generation","RENEW_FCST_ACT_MW",3,1,149.86906,"ACTUAL",2
"34","2019-10-05",9,0,"2019-10-05T15:00:00-00:00","2019-10-05T16:00:00-00:00","NP15","Wind","Renewable Forecast Actual Generation","RENEW_FCST_ACT_MW",3,1,85.1582,"ACTUAL",2
"35","2019-10-05",8,0,"2019-10-05T14:00:00-00:00","2019-10-05T15:00:00-00:00","NP15","Wind","Renewable Forecast Actual Generation","RENEW_FCST_ACT_MW",3,1,101.96917,"ACTUAL",2
"36","2019-10-05",7,0,"2019-10-05T13:00:00-00:00","2019-10-05T14:00:00-00:00","NP15","Wind","Renewable Forecast Actual Generation","RENEW_FCST_ACT_MW",3,1,136.89034,"ACTUAL",2
"37","2019-10-05",5,0,"2019-10-05T11:00:00-00:00","2019-10-05T12:00:00-00:00","NP15","Wind","Renewable Forecast Actual Generation","RENEW_FCST_ACT_MW",3,1,91.04108,"ACTUAL",2
"38","2019-10-05",4,0,"2019-10-05T10:00:00-00:00","2019-10-05T11:00:00-00:00","NP15","Wind","Renewable Forecast Actual Generation","RENEW_FCST_ACT_MW",3,1,58.71094,"ACTUAL",2
"39","2019-10-05",3,0,"2019-10-05T09:00:00-00:00","2019-10-05T10:00:00-00:00","NP15","Wind","Renewable Forecast Actual Generation","RENEW_FCST_ACT_MW",3,1,92.54486,"ACTUAL",2
"40","2019-10-05",2,0,"2019-10-05T08:00:00-00:00","2019-10-05T09:00:00-00:00","NP15","Wind","Renewable Forecast Actual Generation","RENEW_FCST_ACT_MW",3,1,106.8626,"ACTUAL",2
"41","2019-10-05",24,0,"2019-10-06T06:00:00-00:00","2019-10-06T07:00:00-00:00","NP15","Wind","Renewable Forecast Actual Generation","RENEW_FCST_ACT_MW",3,1,99.09872,"ACTUAL",2
"42","2019-10-05",23,0,"2019-10-06T05:00:00-00:00","2019-10-06T06:00:00-00:00","NP15","Wind","Renewable Forecast Actual Generation","RENEW_FCST_ACT_MW",3,1,99.12738,"ACTUAL",2
"43","2019-10-05",22,0,"2019-10-06T04:00:00-00:00","2019-10-06T05:00:00-00:00","NP15","Wind","Renewable Forecast Actual Generation","RENEW_FCST_ACT_MW",3,1,88.47074,"ACTUAL",2
"44","2019-10-05",21,0,"2019-10-06T03:00:00-00:00","2019-10-06T04:00:00-00:00","NP15","Wind","Renewable Forecast Actual Generation","RENEW_FCST_ACT_MW",3,1,83.80902,"ACTUAL",2
"45","2019-10-05",20,0,"2019-10-06T02:00:00-00:00","2019-10-06T03:00:00-00:00","NP15","Wind","Renewable Forecast Actual Generation","RENEW_FCST_ACT_MW",3,1,87.25311,"ACTUAL",2
"46","2019-10-05",19,0,"2019-10-06T01:00:00-00:00","2019-10-06T02:00:00-00:00","NP15","Wind","Renewable Forecast Actual Generation","RENEW_FCST_ACT_MW",3,1,75.77228,"ACTUAL",2
"47","2019-10-05",6,0,"2019-10-05T12:00:00-00:00","2019-10-05T13:00:00-00:00","SP15","Solar","Renewable Forecast Actual Generation","RENEW_FCST_ACT_MW",3,3,-17.9442,"ACTUAL",3
"48","2019-10-05",18,0,"2019-10-06T00:00:00-00:00","2019-10-06T01:00:00-00:00","SP15","Solar","Renewable Forecast Actual Generation","RENEW_FCST_ACT_MW",3,3,2042.03606,"ACTUAL",3
"49","2019-10-05",5,0,"2019-10-05T11:00:00-00:00","2019-10-05T12:00:00-00:00","SP15","Solar","Renewable Forecast Actual Generation","RENEW_FCST_ACT_MW",3,3,-16.10197,"ACTUAL",3
"50","2019-10-05",11,0,"2019-10-05T17:00:00-00:00","2019-10-05T18:00:00-00:00","SP15","Solar","Renewable Forecast Actual Generation","RENEW_FCST_ACT_MW",3,3,7019.45424,"ACTUAL",3
"51","2019-10-05",4,0,"2019-10-05T10:00:00-00:00","2019-10-05T11:00:00-00:00","SP15","Solar","Renewable Forecast Actual Generation","RENEW_FCST_ACT_MW",3,3,-13.7729,"ACTUAL",3
"52","2019-10-05",15,0,"2019-10-05T21:00:00-00:00","2019-10-05T22:00:00-00:00","SP15","Solar","Renewable Forecast Actual Generation","RENEW_FCST_ACT_MW",3,3,6962.33245,"ACTUAL",3
"53","2019-10-05",3,0,"2019-10-05T09:00:00-00:00","2019-10-05T10:00:00-00:00","SP15","Solar","Renewable Forecast Actual Generation","RENEW_FCST_ACT_MW",3,3,-10.79761,"ACTUAL",3
"54","2019-10-05",10,0,"2019-10-05T16:00:00-00:00","2019-10-05T17:00:00-00:00","SP15","Solar","Renewable Forecast Actual Generation","RENEW_FCST_ACT_MW",3,3,6558.47858,"ACTUAL",3
"55","2019-10-05",2,0,"2019-10-05T08:00:00-00:00","2019-10-05T09:00:00-00:00","SP15","Solar","Renewable Forecast Actual Generation","RENEW_FCST_ACT_MW",3,3,-10.90366,"ACTUAL",3
"56","2019-10-05",13,0,"2019-10-05T19:00:00-00:00","2019-10-05T20:00:00-00:00","SP15","Solar","Renewable Forecast Actual Generation","RENEW_FCST_ACT_MW",3,3,7074.7394,"ACTUAL",3
"57","2019-10-05",24,0,"2019-10-06T06:00:00-00:00","2019-10-06T07:00:00-00:00","SP15","Solar","Renewable Forecast Actual Generation","RENEW_FCST_ACT_MW",3,3,-15.426,"ACTUAL",3
"58","2019-10-05",9,0,"2019-10-05T15:00:00-00:00","2019-10-05T16:00:00-00:00","SP15","Solar","Renewable Forecast Actual Generation","RENEW_FCST_ACT_MW",3,3,4860.25612,"ACTUAL",3
"59","2019-10-05",23,0,"2019-10-06T05:00:00-00:00","2019-10-06T06:00:00-00:00","SP15","Solar","Renewable Forecast Actual Generation","RENEW_FCST_ACT_MW",3,3,-15.06338,"ACTUAL",3
"60","2019-10-05",16,0,"2019-10-05T22:00:00-00:00","2019-10-05T23:00:00-00:00","SP15","Solar","Renewable Forecast Actual Generation","RENEW_FCST_ACT_MW",3,3,6534.61982,"ACTUAL",3
"61","2019-10-05",22,0,"2019-10-06T04:00:00-00:00","2019-10-06T05:00:00-00:00","SP15","Solar","Renewable Forecast Actual Generation","RENEW_FCST_ACT_MW",3,3,-14.79112,"ACTUAL",3
"62","2019-10-05",8,0,"2019-10-05T14:00:00-00:00","2019-10-05T15:00:00-00:00","SP15","Solar","Renewable Forecast Actual Generation","RENEW_FCST_ACT_MW",3,3,1485.23555,"ACTUAL",3
"63","2019-10-05",21,0,"2019-10-06T03:00:00-00:00","2019-10-06T04:00:00-00:00","SP15","Solar","Renewable Forecast Actual Generation","RENEW_FCST_ACT_MW",3,3,-14.05399,"ACTUAL",3
"64","2019-10-05",12,0,"2019-10-05T18:00:00-00:00","2019-10-05T19:00:00-00:00","SP15","Solar","Renewable Forecast Actual Generation","RENEW_FCST_ACT_MW",3,3,7111.98334,"ACTUAL",3
"65","2019-10-05",20,0,"2019-10-06T02:00:00-00:00","2019-10-06T03:00:00-00:00","SP15","Solar","Renewable Forecast Actual Generation","RENEW_FCST_ACT_MW",3,3,-14.64984,"ACTUAL",3
"66","2019-10-05",7,0,"2019-10-05T13:00:00-00:00","2019-10-05T14:00:00-00:00","SP15","Solar","Renewable Forecast Actual Generation","RENEW_FCST_ACT_MW",3,3,4.02942,"ACTUAL",3
"67","2019-10-05",19,0,"2019-10-06T01:00:00-00:00","2019-10-06T02:00:00-00:00","SP15","Solar","Renewable Forecast Actual Generation","RENEW_FCST_ACT_MW",3,3,117.24459,"ACTUAL",3
"68","2019-10-05",14,0,"2019-10-05T20:00:00-00:00","2019-10-05T21:00:00-00:00","SP15","Solar","Renewable Forecast Actual Generation","RENEW_FCST_ACT_MW",3,3,7080.67236,"ACTUAL",3
"69","2019-10-05",17,0,"2019-10-05T23:00:00-00:00","2019-10-06T00:00:00-00:00","SP15","Solar","Renewable Forecast Actual Generation","RENEW_FCST_ACT_MW",3,3,5260.32929,"ACTUAL",3
"70","2019-10-05",18,0,"2019-10-06T00:00:00-00:00","2019-10-06T01:00:00-00:00","SP15","Wind","Renewable Forecast Actual Generation","RENEW_FCST_ACT_MW",3,1,201.81213,"ACTUAL",4
"71","2019-10-05",19,0,"2019-10-06T01:00:00-00:00","2019-10-06T02:00:00-00:00","SP15","Wind","Renewable Forecast Actual Generation","RENEW_FCST_ACT_MW",3,1,385.94644,"ACTUAL",4
"72","2019-10-05",20,0,"2019-10-06T02:00:00-00:00","2019-10-06T03:00:00-00:00","SP15","Wind","Renewable Forecast Actual Generation","RENEW_FCST_ACT_MW",3,1,589.08744,"ACTUAL",4
"73","2019-10-05",21,0,"2019-10-06T03:00:00-00:00","2019-10-06T04:00:00-00:00","SP15","Wind","Renewable Forecast Actual Generation","RENEW_FCST_ACT_MW",3,1,759.88478,"ACTUAL",4
"74","2019-10-05",22,0,"2019-10-06T04:00:00-00:00","2019-10-06T05:00:00-00:00","SP15","Wind","Renewable Forecast Actual Generation","RENEW_FCST_ACT_MW",3,1,898.27474,"ACTUAL",4
"75","2019-10-05",23,0,"2019-10-06T05:00:00-00:00","2019-10-06T06:00:00-00:00","SP15","Wind","Renewable Forecast Actual Generation","RENEW_FCST_ACT_MW",3,1,516.20826,"ACTUAL",4
"76","2019-10-05",24,0,"2019-10-06T06:00:00-00:00","2019-10-06T07:00:00-00:00","SP15","Wind","Renewable Forecast Actual Generation","RENEW_FCST_ACT_MW",3,1,238.66844,"ACTUAL",4
"77","2019-10-05",2,0,"2019-10-05T08:00:00-00:00","2019-10-05T09:00:00-00:00","SP15","Wind","Renewable Forecast Actual Generation","RENEW_FCST_ACT_MW",3,1,1024.2809,"ACTUAL",4
"78","2019-10-05",3,0,"2019-10-05T09:00:00-00:00","2019-10-05T10:00:00-00:00","SP15","Wind","Renewable Forecast Actual Generation","RENEW_FCST_ACT_MW",3,1,948.11072,"ACTUAL",4
"79","2019-10-05",4,0,"2019-10-05T10:00:00-00:00","2019-10-05T11:00:00-00:00","SP15","Wind","Renewable Forecast Actual Generation","RENEW_FCST_ACT_MW",3,1,694.35249,"ACTUAL",4
"80","2019-10-05",5,0,"2019-10-05T11:00:00-00:00","2019-10-05T12:00:00-00:00","SP15","Wind","Renewable Forecast Actual Generation","RENEW_FCST_ACT_MW",3,1,359.86205,"ACTUAL",4
"81","2019-10-05",6,0,"2019-10-05T12:00:00-00:00","2019-10-05T13:00:00-00:00","SP15","Wind","Renewable Forecast Actual Generation","RENEW_FCST_ACT_MW",3,1,151.77899,"ACTUAL",4
"82","2019-10-05",7,0,"2019-10-05T13:00:00-00:00","2019-10-05T14:00:00-00:00","SP15","Wind","Renewable Forecast Actual Generation","RENEW_FCST_ACT_MW",3,1,116.25871,"ACTUAL",4
"83","2019-10-05",8,0,"2019-10-05T14:00:00-00:00","2019-10-05T15:00:00-00:00","SP15","Wind","Renewable Forecast Actual Generation","RENEW_FCST_ACT_MW",3,1,113.48815,"ACTUAL",4
"84","2019-10-05",9,0,"2019-10-05T15:00:00-00:00","2019-10-05T16:00:00-00:00","SP15","Wind","Renewable Forecast Actual Generation","RENEW_FCST_ACT_MW",3,1,96.22606,"ACTUAL",4
"85","2019-10-05",10,0,"2019-10-05T16:00:00-00:00","2019-10-05T17:00:00-00:00","SP15","Wind","Renewable Forecast Actual Generation","RENEW_FCST_ACT_MW",3,1,101.91916,"ACTUAL",4
"86","2019-10-05",11,0,"2019-10-05T17:00:00-00:00","2019-10-05T18:00:00-00:00","SP15","Wind","Renewable Forecast Actual Generation","RENEW_FCST_ACT_MW",3,1,120.10912,"ACTUAL",4
"87","2019-10-05",12,0,"2019-10-05T18:00:00-00:00","2019-10-05T19:00:00-00:00","SP15","Wind","Renewable Forecast Actual Generation","RENEW_FCST_ACT_MW",3,1,138.58333,"ACTUAL",4
"88","2019-10-05",13,0,"2019-10-05T19:00:00-00:00","2019-10-05T20:00:00-00:00","SP15","Wind","Renewable Forecast Actual Generation","RENEW_FCST_ACT_MW",3,1,135.89332,"ACTUAL",4
"89","2019-10-05",14,0,"2019-10-05T20:00:00-00:00","2019-10-05T21:00:00-00:00","SP15","Wind","Renewable Forecast Actual Generation","RENEW_FCST_ACT_MW",3,1,123.66015,"ACTUAL",4
"90","2019-10-05",15,0,"2019-10-05T21:00:00-00:00","2019-10-05T22:00:00-00:00","SP15","Wind","Renewable Forecast Actual Generation","RENEW_FCST_ACT_MW",3,1,105.01187,"ACTUAL",4
"91","2019-10-05",16,0,"2019-10-05T22:00:00-00:00","2019-10-05T23:00:00-00:00","SP15","Wind","Renewable Forecast Actual Generation","RENEW_FCST_ACT_MW",3,1,94.01218,"ACTUAL",4
"92","2019-10-05",17,0,"2019-10-05T23:00:00-00:00","2019-10-06T00:00:00-00:00","SP15","Wind","Renewable Forecast Actual Generation","RENEW_FCST_ACT_MW",3,1,125.51953,"ACTUAL",4
"93","2019-10-05",18,0,"2019-10-06T00:00:00-00:00","2019-10-06T01:00:00-00:00","ZP26","Solar","Renewable Forecast Actual Generation","RENEW_FCST_ACT_MW",3,3,494.14246,"ACTUAL",5
"94","2019-10-05",17,0,"2019-10-05T23:00:00-00:00","2019-10-06T00:00:00-00:00","ZP26","Solar","Renewable Forecast Actual Generation","RENEW_FCST_ACT_MW",3,3,1017.81589,"ACTUAL",5
"95","2019-10-05",20,0,"2019-10-06T02:00:00-00:00","2019-10-06T03:00:00-00:00","ZP26","Solar","Renewable Forecast Actual Generation","RENEW_FCST_ACT_MW",3,3,-3.66618,"ACTUAL",5
"96","2019-10-05",21,0,"2019-10-06T03:00:00-00:00","2019-10-06T04:00:00-00:00","ZP26","Solar","Renewable Forecast Actual Generation","RENEW_FCST_ACT_MW",3,3,-3.62942,"ACTUAL",5
"97","2019-10-05",22,0,"2019-10-06T04:00:00-00:00","2019-10-06T05:00:00-00:00","ZP26","Solar","Renewable Forecast Actual Generation","RENEW_FCST_ACT_MW",3,3,-3.641,"ACTUAL",5
"98","2019-10-05",23,0,"2019-10-06T05:00:00-00:00","2019-10-06T06:00:00-00:00","ZP26","Solar","Renewable Forecast Actual Generation","RENEW_FCST_ACT_MW",3,3,-3.72447,"ACTUAL",5
"99","2019-10-05",24,0,"2019-10-06T06:00:00-00:00","2019-10-06T07:00:00-00:00","ZP26","Solar","Renewable Forecast Actual Generation","RENEW_FCST_ACT_MW",3,3,-5.26358,"ACTUAL",5
"100","2019-10-05",2,0,"2019-10-05T08:00:00-00:00","2019-10-05T09:00:00-00:00","ZP26","Solar","Renewable Forecast Actual Generation","RENEW_FCST_ACT_MW",3,3,-5.30203,"ACTUAL",5
"101","2019-10-05",3,0,"2019-10-05T09:00:00-00:00","2019-10-05T10:00:00-00:00","ZP26","Solar","Renewable Forecast Actual Generation","RENEW_FCST_ACT_MW",3,3,-5.27239,"ACTUAL",5
"102","2019-10-05",4,0,"2019-10-05T10:00:00-00:00","2019-10-05T11:00:00-00:00","ZP26","Solar","Renewable Forecast Actual Generation","RENEW_FCST_ACT_MW",3,3,-5.28154,"ACTUAL",5
"103","2019-10-05",5,0,"2019-10-05T11:00:00-00:00","2019-10-05T12:00:00-00:00","ZP26","Solar","Renewable Forecast Actual Generation","RENEW_FCST_ACT_MW",3,3,-5.58512,"ACTUAL",5
"104","2019-10-05",6,0,"2019-10-05T12:00:00-00:00","2019-10-05T13:00:00-00:00","ZP26","Solar","Renewable Forecast Actual Generation","RENEW_FCST_ACT_MW",3,3,-5.54255,"ACTUAL",5
"105","2019-10-05",7,0,"2019-10-05T13:00:00-00:00","2019-10-05T14:00:00-00:00","ZP26","Solar","Renewable Forecast Actual Generation","RENEW_FCST_ACT_MW",3,3,-5.49023,"ACTUAL",5
"106","2019-10-05",8,0,"2019-10-05T14:00:00-00:00","2019-10-05T15:00:00-00:00","ZP26","Solar","Renewable Forecast Actual Generation","RENEW_FCST_ACT_MW",3,3,186.66611,"ACTUAL",5
"107","2019-10-05",9,0,"2019-10-05T15:00:00-00:00","2019-10-05T16:00:00-00:00","ZP26","Solar","Renewable Forecast Actual Generation","RENEW_FCST_ACT_MW",3,3,892.07478,"ACTUAL",5
"108","2019-10-05",10,0,"2019-10-05T16:00:00-00:00","2019-10-05T17:00:00-00:00","ZP26","Solar","Renewable Forecast Actual Generation","RENEW_FCST_ACT_MW",3,3,1382.66643,"ACTUAL",5
"109","2019-10-05",11,0,"2019-10-05T17:00:00-00:00","2019-10-05T18:00:00-00:00","ZP26","Solar","Renewable Forecast Actual Generation","RENEW_FCST_ACT_MW",3,3,1535.54251,"ACTUAL",5
"110","2019-10-05",12,0,"2019-10-05T18:00:00-00:00","2019-10-05T19:00:00-00:00","ZP26","Solar","Renewable Forecast Actual Generation","RENEW_FCST_ACT_MW",3,3,1575.36276,"ACTUAL",5
"111","2019-10-05",13,0,"2019-10-05T19:00:00-00:00","2019-10-05T20:00:00-00:00","ZP26","Solar","Renewable Forecast Actual Generation","RENEW_FCST_ACT_MW",3,3,1557.47369,"ACTUAL",5
"112","2019-10-05",14,0,"2019-10-05T20:00:00-00:00","2019-10-05T21:00:00-00:00","ZP26","Solar","Renewable Forecast Actual Generation","RENEW_FCST_ACT_MW",3,3,1561.34006,"ACTUAL",5
"113","2019-10-05",15,0,"2019-10-05T21:00:00-00:00","2019-10-05T22:00:00-00:00","ZP26","Solar","Renewable Forecast Actual Generation","RENEW_FCST_ACT_MW",3,3,1573.02476,"ACTUAL",5
"114","2019-10-05",16,0,"2019-10-05T22:00:00-00:00","2019-10-05T23:00:00-00:00","ZP26","Solar","Renewable Forecast Actual Generation","RENEW_FCST_ACT_MW",3,3,1521.5508,"ACTUAL",5
"115","2019-10-05",19,0,"2019-10-06T01:00:00-00:00","2019-10-06T02:00:00-00:00","ZP26","Solar","Renewable Forecast Actual Generation","RENEW_FCST_ACT_MW",3,3,54.20872,"ACTUAL",5
"116","2019-10-06",1,0,"2019-10-06T07:00:00-00:00","2019-10-06T08:00:00-00:00","NP15","Solar","Renewable Forecast Actual Generation","RENEW_FCST_ACT_MW",3,3,-2.51579,"ACTUAL",6
"117","2019-10-06",1,0,"2019-10-06T07:00:00-00:00","2019-10-06T08:00:00-00:00","NP15","Wind","Renewable Forecast Actual Generation","RENEW_FCST_ACT_MW",3,1,105.03316,"ACTUAL",7
"118","2019-10-06",1,0,"2019-10-06T07:00:00-00:00","2019-10-06T08:00:00-00:00","SP15","Solar","Renewable Forecast Actual Generation","RENEW_FCST_ACT_MW",3,3,-14.92782,"ACTUAL",8
"119","2019-10-06",1,0,"2019-10-06T07:00:00-00:00","2019-10-06T08:00:00-00:00","SP15","Wind","Renewable Forecast Actual Generation","RENEW_FCST_ACT_MW",3,1,129.19854,"ACTUAL",9
"120","2019-10-06",1,0,"2019-10-06T07:00:00-00:00","2019-10-06T08:00:00-00:00","ZP26","Solar","Renewable Forecast Actual Generation","RENEW_FCST_ACT_MW",3,3,-5.29064,"ACTUAL",10
