"","OPR_DT","OPR_HR","OPR_INTERVAL","INTERVALSTARTTIME_GMT","INTERVALENDTIME_GMT","TRADING_HUB","RENEWABLE_TYPE","LABEL","XML_DATA_ITEM","MARKET_RUN_ID_POS","RENEW_POS","MW","MARKET_RUN_ID","GROUP"
"1","2019-10-20",2,0,"2019-10-20T08:00:00-00:00","2019-10-20T09:00:00-00:00","NP15","Solar","Renewable Forecast Actual Generation","RENEW_FCST_ACT_MW",3,3,-3.51787,"ACTUAL",1
"2","2019-10-20",3,0,"2019-10-20T09:00:00-00:00","2019-10-20T10:00:00-00:00","NP15","Solar","Renewable Forecast Actual Generation","RENEW_FCST_ACT_MW",3,3,-3.51844,"ACTUAL",1
"3","2019-10-20",4,0,"2019-10-20T10:00:00-00:00","2019-10-20T11:00:00-00:00","NP15","Solar","Renewable Forecast Actual Generation","RENEW_FCST_ACT_MW",3,3,-3.51002,"ACTUAL",1
"4","2019-10-20",5,0,"2019-10-20T11:00:00-00:00","2019-10-20T12:00:00-00:00","NP15","Solar","Renewable Forecast Actual Generation","RENEW_FCST_ACT_MW",3,3,-3.54122,"ACTUAL",1
"5","2019-10-20",6,0,"2019-10-20T12:00:00-00:00","2019-10-20T13:00:00-00:00","NP15","Solar","Renewable Forecast Actual Generation","RENEW_FCST_ACT_MW",3,3,-3.51848,"ACTUAL",1
"6","2019-10-20",7,0,"2019-10-20T13:00:00-00:00","2019-10-20T14:00:00-00:00","NP15","Solar","Renewable Forecast Actual Generation","RENEW_FCST_ACT_MW",3,3,-3.6206,"ACTUAL",1
"7","2019-10-20",8,0,"2019-10-20T14:00:00-00:00","2019-10-20T15:00:00-00:00","NP15","Solar","Renewable Forecast Actual Generation","RENEW_FCST_ACT_MW",3,3,57.01259,"ACTUAL",1
"8","2019-10-20",9,0,"2019-10-20T15:00:00-00:00","2019-10-20T16:00:00-00:00","NP15","Solar","Renewable Forecast Actual Generation","RENEW_FCST_ACT_MW",3,3,581.92974,"ACTUAL",1
"9","2019-10-20",10,0,"2019-10-20T16:00:00-00:00","2019-10-20T17:00:00-00:00","NP15","Solar","Renewable Forecast Actual Generation","RENEW_FCST_ACT_MW",3,3,1011.00096,"ACTUAL",1
"10","2019-10-20",11,0,"2019-10-20T17:00:00-00:00","2019-10-20T18:00:00-00:00","NP15","Solar","Renewable Forecast Actual Generation","RENEW_FCST_ACT_MW",3,3,970.40882,"ACTUAL",1
"11","2019-10-20",12,0,"2019-10-20T18:00:00-00:00","2019-10-20T19:00:00-00:00","NP15","Solar","Renewable Forecast Actual Generation","RENEW_FCST_ACT_MW",3,3,979.74526,"ACTUAL",1
"12","2019-10-20",13,0,"2019-10-20T19:00:00-00:00","2019-10-20T20:00:00-00:00","NP15","Solar","Renewable Forecast Actual Generation","RENEW_FCST_ACT_MW",3,3,1017.3409,"ACTUAL",1
"13","2019-10-20",14,0,"2019-10-20T20:00:00-00:00","2019-10-20T21:00:00-00:00","NP15","Solar","Renewable Forecast Actual Generation","RENEW_FCST_ACT_MW",3,3,1031.02595,"ACTUAL",1
"14","2019-10-20",15,0,"2019-10-20T21:00:00-00:00","2019-10-20T22:00:00-00:00","NP15","Solar","Renewable Forecast Actual Generation","RENEW_FCST_ACT_MW",3,3,1077.61367,"ACTUAL",1
"15","2019-10-20",16,0,"2019-10-20T22:00:00-00:00","2019-10-20T23:00:00-00:00","NP15","Solar","Renewable Forecast Actual Generation","RENEW_FCST_ACT_MW",3,3,1084.46147,"ACTUAL",1
"16","2019-10-20",17,0,"2019-10-20T23:00:00-00:00","2019-10-21T00:00:00-00:00","NP15","Solar","Renewable Forecast Actual Generation","RENEW_FCST_ACT_MW",3,3,904.67351,"ACTUAL",1
"17","2019-10-20",18,0,"2019-10-21T00:00:00-00:00","2019-10-21T01:00:00-00:00","NP15","Solar","Renewable Forecast Actual Generation","RENEW_FCST_ACT_MW",3,3,269.1595,"ACTUAL",1
"18","2019-10-20",19,0,"2019-10-21T01:00:00-00:00","2019-10-21T02:00:00-00:00","NP15","Solar","Renewable Forecast Actual Generation","RENEW_FCST_ACT_MW",3,3,0.55158,"ACTUAL",1
"19","2019-10-20",20,0,"2019-10-21T02:00:00-00:00","2019-10-21T03:00:00-00:00","NP15","Solar","Renewable Forecast Actual Generation","RENEW_FCST_ACT_MW",3,3,-2.7297,"ACTUAL",1
"20","2019-10-20",21,0,"2019-10-21T03:00:00-00:00","2019-10-21T04:00:00-00:00","NP15","Solar","Renewable Forecast Actual Generation","RENEW_FCST_ACT_MW",3,3,-2.72862,"ACTUAL",1
"21","2019-10-20",22,0,"2019-10-21T04:00:00-00:00","2019-10-21T05:00:00-00:00","NP15","Solar","Renewable Forecast Actual Generation","RENEW_FCST_ACT_MW",3,3,-2.74294,"ACTUAL",1
"22","2019-10-20",23,0,"2019-10-21T05:00:00-00:00","2019-10-21T06:00:00-00:00","NP15","Solar","Renewable Forecast Actual Generation","RENEW_FCST_ACT_MW",3,3,-2.75221,"ACTUAL",1
"23","2019-10-20",24,0,"2019-10-21T06:00:00-00:00","2019-10-21T07:00:00-00:00","NP15","Solar","Renewable Forecast Actual Generation","RENEW_FCST_ACT_MW",3,3,-2.74209,"ACTUAL",1
"24","2019-10-20",18,0,"2019-10-21T00:00:00-00:00","2019-10-21T01:00:00-00:00","NP15","Wind","Renewable Forecast Actual Generation","RENEW_FCST_ACT_MW",3,1,406.42677,"ACTUAL",2
"25","2019-10-20",6,0,"2019-10-20T12:00:00-00:00","2019-10-20T13:00:00-00:00","NP15","Wind","Renewable Forecast Actual Generation","RENEW_FCST_ACT_MW",3,1,100.31777,"ACTUAL",2
"26","2019-10-20",17,0,"2019-10-20T23:00:00-00:00","2019-10-21T00:00:00-00:00","NP15","Wind","Renewable Forecast Actual Generation","RENEW_FCST_ACT_MW",3,1,192.4319,"ACTUAL",2
"27","2019-10-20",16,0,"2019-10-20T22:00:00-00:00","2019-10-20T23:00:00-00:00","NP15","Wind","Renewable Forecast Actual Generation","RENEW_FCST_ACT_MW",3,1,140.58329,"ACTUAL",2
"28","2019-10-20",15,0,"2019-10-20T21:00:00-00:00","2019-10-20T22:00:00-00:00","NP15","Wind","Renewable Forecast Actual Generation","RENEW_FCST_ACT_MW",3,1,124.41634,"ACTUAL",2
"29","2019-10-20",14,0,"2019-10-20T20:00:00-00:00","2019-10-20T21:00:00-00:00","NP15","Wind","Renewable Forecast Actual Generation","RENEW_FCST_ACT_MW",3,1,21.91464,"ACTUAL",2
"30","2019-10-20",13,0,"2019-10-20T19:00:00-00:00","2019-10-20T20:00:00-00:00","NP15","Wind","Renewable Forecast Actual Generation","RENEW_FCST_ACT_MW",3,1,32.52228,"ACTUAL",2
"31","2019-10-20",12,0,"2019-10-20T18:00:00-00:00","2019-10-20T19:00:00-00:00","NP15","Wind","Renewable Forecast Actual Generation","RENEW_FCST_ACT_MW",3,1,82.32402,"ACTUAL",2
"32","2019-10-20",11,0,"2019-10-20T17:00:00-00:00","2019-10-20T18:00:00-00:00","NP15","Wind","Renewable Forecast Actual Generation","RENEW_FCST_ACT_MW",3,1,118.80449,"ACTUAL",2
"33","2019-10-20",10,0,"2019-10-20T16:00:00-00:00","2019-10-20T17:00:00-00:00","NP15","Wind","Renewable Forecast Actual Generation","RENEW_FCST_ACT_MW",3,1,99.82058,"ACTUAL",2
"34","2019-10-20",9,0,"2019-10-20T15:00:00-00:00","2019-10-20T16:00:00-00:00","NP15","Wind","Renewable Forecast Actual Generation","RENEW_FCST_ACT_MW",3,1,94.35143,"ACTUAL",2
"35","2019-10-20",8,0,"2019-10-20T14:00:00-00:00","2019-10-20T15:00:00-00:00","NP15","Wind","Renewable Forecast Actual Generation","RENEW_FCST_ACT_MW",3,1,95.37,"ACTUAL",2
"36","2019-10-20",7,0,"2019-10-20T13:00:00-00:00","2019-10-20T14:00:00-00:00","NP15","Wind","Renewable Forecast Actual Generation","RENEW_FCST_ACT_MW",3,1,65.92531,"ACTUAL",2
"37","2019-10-20",5,0,"2019-10-20T11:00:00-00:00","2019-10-20T12:00:00-00:00","NP15","Wind","Renewable Forecast Actual Generation","RENEW_FCST_ACT_MW",3,1,123.07649,"ACTUAL",2
"38","2019-10-20",4,0,"2019-10-20T10:00:00-00:00","2019-10-20T11:00:00-00:00","NP15","Wind","Renewable Forecast Actual Generation","RENEW_FCST_ACT_MW",3,1,137.63248,"ACTUAL",2
"39","2019-10-20",3,0,"2019-10-20T09:00:00-00:00","2019-10-20T10:00:00-00:00","NP15","Wind","Renewable Forecast Actual Generation","RENEW_FCST_ACT_MW",3,1,153.25903,"ACTUAL",2
"40","2019-10-20",2,0,"2019-10-20T08:00:00-00:00","2019-10-20T09:00:00-00:00","NP15","Wind","Renewable Forecast Actual Generation","RENEW_FCST_ACT_MW",3,1,222.04279,"ACTUAL",2
"41","2019-10-20",24,0,"2019-10-21T06:00:00-00:00","2019-10-21T07:00:00-00:00","NP15","Wind","Renewable Forecast Actual Generation","RENEW_FCST_ACT_MW",3,1,76.51485,"ACTUAL",2
"42","2019-10-20",23,0,"2019-10-21T05:00:00-00:00","2019-10-21T06:00:00-00:00","NP15","Wind","Renewable Forecast Actual Generation","RENEW_FCST_ACT_MW",3,1,65.2521,"ACTUAL",2
"43","2019-10-20",22,0,"2019-10-21T04:00:00-00:00","2019-10-21T05:00:00-00:00","NP15","Wind","Renewable Forecast Actual Generation","RENEW_FCST_ACT_MW",3,1,244.21681,"ACTUAL",2
"44","2019-10-20",21,0,"2019-10-21T03:00:00-00:00","2019-10-21T04:00:00-00:00","NP15","Wind","Renewable Forecast Actual Generation","RENEW_FCST_ACT_MW",3,1,346.91608,"ACTUAL",2
"45","2019-10-20",20,0,"2019-10-21T02:00:00-00:00","2019-10-21T03:00:00-00:00","NP15","Wind","Renewable Forecast Actual Generation","RENEW_FCST_ACT_MW",3,1,344.76252,"ACTUAL",2
"46","2019-10-20",19,0,"2019-10-21T01:00:00-00:00","2019-10-21T02:00:00-00:00","NP15","Wind","Renewable Forecast Actual Generation","RENEW_FCST_ACT_MW",3,1,408.80805,"ACTUAL",2
"47","2019-10-20",6,0,"2019-10-20T12:00:00-00:00","2019-10-20T13:00:00-00:00","SP15","Solar","Renewable Forecast Actual Generation","RENEW_FCST_ACT_MW",3,3,-10.86182,"ACTUAL",3
"48","2019-10-20",18,0,"2019-10-21T00:00:00-00:00","2019-10-21T01:00:00-00:00","SP15","Solar","Renewable Forecast Actual Generation","RENEW_FCST_ACT_MW",3,3,1377.36633,"ACTUAL",3
"49","2019-10-20",5,0,"2019-10-20T11:00:00-00:00","2019-10-20T12:00:00-00:00","SP15","Solar","Renewable Forecast Actual Generation","RENEW_FCST_ACT_MW",3,3,-9.93029,"ACTUAL",3
"50","2019-10-20",11,0,"2019-10-20T17:00:00-00:00","2019-10-20T18:00:00-00:00","SP15","Solar","Renewable Forecast Actual Generation","RENEW_FCST_ACT_MW",3,3,6477.70147,"ACTUAL",3
"51","2019-10-20",4,0,"2019-10-20T10:00:00-00:00","2019-10-20T11:00:00-00:00","SP15","Solar","Renewable Forecast Actual Generation","RENEW_FCST_ACT_MW",3,3,-9.35564,"ACTUAL",3
"52","2019-10-20",15,0,"2019-10-20T21:00:00-00:00","2019-10-20T22:00:00-00:00","SP15","Solar","Renewable Forecast Actual Generation","RENEW_FCST_ACT_MW",3,3,6539.38402,"ACTUAL",3
"53","2019-10-20",3,0,"2019-10-20T09:00:00-00:00","2019-10-20T10:00:00-00:00","SP15","Solar","Renewable Forecast Actual Generation","RENEW_FCST_ACT_MW",3,3,-8.64278,"ACTUAL",3
"54","2019-10-20",10,0,"2019-10-20T16:00:00-00:00","2019-10-20T17:00:00-00:00","SP15","Solar","Renewable Forecast Actual Generation","RENEW_FCST_ACT_MW",3,3,5749.80893,"ACTUAL",3
"55","2019-10-20",2,0,"2019-10-20T08:00:00-00:00","2019-10-20T09:00:00-00:00","SP15","Solar","Renewable Forecast Actual Generation","RENEW_FCST_ACT_MW",3,3,-8.69515,"ACTUAL",3
"56","2019-10-20",13,0,"2019-10-20T19:00:00-00:00","2019-10-20T20:00:00-00:00","SP15","Solar","Renewable Forecast Actual Generation","RENEW_FCST_ACT_MW",3,3,6564.10453,"ACTUAL",3
"57","2019-10-20",24,0,"2019-10-21T06:00:00-00:00","2019-10-21T07:00:00-00:00","SP15","Solar","Renewable Forecast Actual Generation","RENEW_FCST_ACT_MW",3,3,-12.35994,"ACTUAL",3
"58","2019-10-20",9,0,"2019-10-20T15:00:00-00:00","2019-10-20T16:00:00-00:00","SP15","Solar","Renewable Forecast Actual Generation","RENEW_FCST_ACT_MW",3,3,3860.6832,"ACTUAL",3
"59","2019-10-20",23,0,"2019-10-21T05:00:00-00:00","2019-10-21T06:00:00-00:00","SP15","Solar","Renewable Forecast Actual Generation","RENEW_FCST_ACT_MW",3,3,-11.9265,"ACTUAL",3
"60","2019-10-20",16,0,"2019-10-20T22:00:00-00:00","2019-10-20T23:00:00-00:00","SP15","Solar","Renewable Forecast Actual Generation","RENEW_FCST_ACT_MW",3,3,6104.32805,"ACTUAL",3
"61","2019-10-20",22,0,"2019-10-21T04:00:00-00:00","2019-10-21T05:00:00-00:00","SP15","Solar","Renewable Forecast Actual Generation","RENEW_FCST_ACT_MW",3,3,-11.38369,"ACTUAL",3
"62","2019-10-20",8,0,"2019-10-20T14:00:00-00:00","2019-10-20T15:00:00-00:00","SP15","Solar","Renewable Forecast Actual Generation","RENEW_FCST_ACT_MW",3,3,830.83298,"ACTUAL",3
"63","2019-10-20",21,0,"2019-10-21T03:00:00-00:00","2019-10-21T04:00:00-00:00","SP15","Solar","Renewable Forecast Actual Generation","RENEW_FCST_ACT_MW",3,3,-10.77971,"ACTUAL",3
"64","2019-10-20",12,0,"2019-10-20T18:00:00-00:00","2019-10-20T19:00:00-00:00","SP15","Solar","Renewable Forecast Actual Generation","RENEW_FCST_ACT_MW",3,3,6679.74353,"ACTUAL",3
"65","2019-10-20",20,0,"2019-10-21T02:00:00-00:00","2019-10-21T03:00:00-00:00","SP15","Solar","Renewable Forecast Actual Generation","RENEW_FCST_ACT_MW",3,3,-10.8484,"ACTUAL",3
"66","2019-10-20",7,0,"2019-10-20T13:00:00-00:00","2019-10-20T14:00:00-00:00","SP15","Solar","Renewable Forecast Actual Generation","RENEW_FCST_ACT_MW",3,3,-8.91112,"ACTUAL",3
"67","2019-10-20",19,0,"2019-10-21T01:00:00-00:00","2019-10-21T02:00:00-00:00","SP15","Solar","Renewable Forecast Actual Generation","RENEW_FCST_ACT_MW",3,3,100.10815,"ACTUAL",3
"68","2019-10-20",14,0,"2019-10-20T20:00:00-00:00","2019-10-20T21:00:00-00:00","SP15","Solar","Renewable Forecast Actual Generation","RENEW_FCST_ACT_MW",3,3,6642.27741,"ACTUAL",3
"69","2019-10-20",17,0,"2019-10-20T23:00:00-00:00","2019-10-21T00:00:00-00:00","SP15","Solar","Renewable Forecast Actual Generation","RENEW_FCST_ACT_MW",3,3,4459.91018,"ACTUAL",3
"70","2019-10-20",18,0,"2019-10-21T00:00:00-00:00","2019-10-21T01:00:00-00:00","SP15","Wind","Renewable Forecast Actual Generation","RENEW_FCST_ACT_MW",3,1,1236.34267,"ACTUAL",4
"71","2019-10-20",19,0,"2019-10-21T01:00:00-00:00","2019-10-21T02:00:00-00:00","SP15","Wind","Renewable Forecast Actual Generation","RENEW_FCST_ACT_MW",3,1,1390.9986,"ACTUAL",4
"72","2019-10-20",20,0,"2019-10-21T02:00:00-00:00","2019-10-21T03:00:00-00:00","SP15","Wind","Renewable Forecast Actual Generation","RENEW_FCST_ACT_MW",3,1,1351.04736,"ACTUAL",4
"73","2019-10-20",21,0,"2019-10-21T03:00:00-00:00","2019-10-21T04:00:00-00:00","SP15","Wind","Renewable Forecast Actual Generation","RENEW_FCST_ACT_MW",3,1,1277.77156,"ACTUAL",4
"74","2019-10-20",22,0,"2019-10-21T04:00:00-00:00","2019-10-21T05:00:00-00:00","SP15","Wind","Renewable Forecast Actual Generation","RENEW_FCST_ACT_MW",3,1,1016.26336,"ACTUAL",4
"75","2019-10-20",23,0,"2019-10-21T05:00:00-00:00","2019-10-21T06:00:00-00:00","SP15","Wind","Renewable Forecast Actual Generation","RENEW_FCST_ACT_MW",3,1,756.92412,"ACTUAL",4
"76","2019-10-20",24,0,"2019-10-21T06:00:00-00:00","2019-10-21T07:00:00-00:00","SP15","Wind","Renewable Forecast Actual Generation","RENEW_FCST_ACT_MW",3,1,675.78544,"ACTUAL",4
"77","2019-10-20",2,0,"2019-10-20T08:00:00-00:00","2019-10-20T09:00:00-00:00","SP15","Wind","Renewable Forecast Actual Generation","RENEW_FCST_ACT_MW",3,1,2003.01033,"ACTUAL",4
"78","2019-10-20",3,0,"2019-10-20T09:00:00-00:00","2019-10-20T10:00:00-00:00","SP15","Wind","Renewable Forecast Actual Generation","RENEW_FCST_ACT_MW",3,1,2068.94844,"ACTUAL",4
"79","2019-10-20",4,0,"2019-10-20T10:00:00-00:00","2019-10-20T11:00:00-00:00","SP15","Wind","Renewable Forecast Actual Generation","RENEW_FCST_ACT_MW",3,1,2059.04714,"ACTUAL",4
"80","2019-10-20",5,0,"2019-10-20T11:00:00-00:00","2019-10-20T12:00:00-00:00","SP15","Wind","Renewable Forecast Actual Generation","RENEW_FCST_ACT_MW",3,1,2194.05032,"ACTUAL",4
"81","2019-10-20",6,0,"2019-10-20T12:00:00-00:00","2019-10-20T13:00:00-00:00","SP15","Wind","Renewable Forecast Actual Generation","RENEW_FCST_ACT_MW",3,1,2296.61007,"ACTUAL",4
"82","2019-10-20",7,0,"2019-10-20T13:00:00-00:00","2019-10-20T14:00:00-00:00","SP15","Wind","Renewable Forecast Actual Generation","RENEW_FCST_ACT_MW",3,1,1936.85517,"ACTUAL",4
"83","2019-10-20",8,0,"2019-10-20T14:00:00-00:00","2019-10-20T15:00:00-00:00","SP15","Wind","Renewable Forecast Actual Generation","RENEW_FCST_ACT_MW",3,1,1992.77766,"ACTUAL",4
"84","2019-10-20",9,0,"2019-10-20T15:00:00-00:00","2019-10-20T16:00:00-00:00","SP15","Wind","Renewable Forecast Actual Generation","RENEW_FCST_ACT_MW",3,1,1775.94551,"ACTUAL",4
"85","2019-10-20",10,0,"2019-10-20T16:00:00-00:00","2019-10-20T17:00:00-00:00","SP15","Wind","Renewable Forecast Actual Generation","RENEW_FCST_ACT_MW",3,1,1609.4893,"ACTUAL",4
"86","2019-10-20",11,0,"2019-10-20T17:00:00-00:00","2019-10-20T18:00:00-00:00","SP15","Wind","Renewable Forecast Actual Generation","RENEW_FCST_ACT_MW",3,1,1050.59027,"ACTUAL",4
"87","2019-10-20",12,0,"2019-10-20T18:00:00-00:00","2019-10-20T19:00:00-00:00","SP15","Wind","Renewable Forecast Actual Generation","RENEW_FCST_ACT_MW",3,1,573.86094,"ACTUAL",4
"88","2019-10-20",13,0,"2019-10-20T19:00:00-00:00","2019-10-20T20:00:00-00:00","SP15","Wind","Renewable Forecast Actual Generation","RENEW_FCST_ACT_MW",3,1,511.00382,"ACTUAL",4
"89","2019-10-20",14,0,"2019-10-20T20:00:00-00:00","2019-10-20T21:00:00-00:00","SP15","Wind","Renewable Forecast Actual Generation","RENEW_FCST_ACT_MW",3,1,510.85498,"ACTUAL",4
"90","2019-10-20",15,0,"2019-10-20T21:00:00-00:00","2019-10-20T22:00:00-00:00","SP15","Wind","Renewable Forecast Actual Generation","RENEW_FCST_ACT_MW",3,1,671.18447,"ACTUAL",4
"91","2019-10-20",16,0,"2019-10-20T22:00:00-00:00","2019-10-20T23:00:00-00:00","SP15","Wind","Renewable Forecast Actual Generation","RENEW_FCST_ACT_MW",3,1,938.50035,"ACTUAL",4
"92","2019-10-20",17,0,"2019-10-20T23:00:00-00:00","2019-10-21T00:00:00-00:00","SP15","Wind","Renewable Forecast Actual Generation","RENEW_FCST_ACT_MW",3,1,1117.7075,"ACTUAL",4
"93","2019-10-20",18,0,"2019-10-21T00:00:00-00:00","2019-10-21T01:00:00-00:00","ZP26","Solar","Renewable Forecast Actual Generation","RENEW_FCST_ACT_MW",3,3,325.14328,"ACTUAL",5
"94","2019-10-20",17,0,"2019-10-20T23:00:00-00:00","2019-10-21T00:00:00-00:00","ZP26","Solar","Renewable Forecast Actual Generation","RENEW_FCST_ACT_MW",3,3,1020.61927,"ACTUAL",5
"95","2019-10-20",20,0,"2019-10-21T02:00:00-00:00","2019-10-21T03:00:00-00:00","ZP26","Solar","Renewable Forecast Actual Generation","RENEW_FCST_ACT_MW",3,3,-4.78093,"ACTUAL",5
"96","2019-10-20",21,0,"2019-10-21T03:00:00-00:00","2019-10-21T04:00:00-00:00","ZP26","Solar","Renewable Forecast Actual Generation","RENEW_FCST_ACT_MW",3,3,-4.7695,"ACTUAL",5
"97","2019-10-20",22,0,"2019-10-21T04:00:00-00:00","2019-10-21T05:00:00-00:00","ZP26","Solar","Renewable Forecast Actual Generation","RENEW_FCST_ACT_MW",3,3,-4.77295,"ACTUAL",5
"98","2019-10-20",23,0,"2019-10-21T05:00:00-00:00","2019-10-21T06:00:00-00:00","ZP26","Solar","Renewable Forecast Actual Generation","RENEW_FCST_ACT_MW",3,3,-4.76696,"ACTUAL",5
"99","2019-10-20",24,0,"2019-10-21T06:00:00-00:00","2019-10-21T07:00:00-00:00","ZP26","Solar","Renewable Forecast Actual Generation","RENEW_FCST_ACT_MW",3,3,-4.77003,"ACTUAL",5
"100","2019-10-20",2,0,"2019-10-20T08:00:00-00:00","2019-10-20T09:00:00-00:00","ZP26","Solar","Renewable Forecast Actual Generation","RENEW_FCST_ACT_MW",3,3,-4.7631,"ACTUAL",5
"101","2019-10-20",3,0,"2019-10-20T09:00:00-00:00","2019-10-20T10:00:00-00:00","ZP26","Solar","Renewable Forecast Actual Generation","RENEW_FCST_ACT_MW",3,3,-4.7584,"ACTUAL",5
"102","2019-10-20",4,0,"2019-10-20T10:00:00-00:00","2019-10-20T11:00:00-00:00","ZP26","Solar","Renewable Forecast Actual Generation","RENEW_FCST_ACT_MW",3,3,-4.76482,"ACTUAL",5
"103","2019-10-20",5,0,"2019-10-20T11:00:00-00:00","2019-10-20T12:00:00-00:00","ZP26","Solar","Renewable Forecast Actual Generation","RENEW_FCST_ACT_MW",3,3,-4.76318,"ACTUAL",5
"104","2019-10-20",6,0,"2019-10-20T12:00:00-00:00","2019-10-20T13:00:00-00:00","ZP26","Solar","Renewable Forecast Actual Generation","RENEW_FCST_ACT_MW",3,3,-4.77429,"ACTUAL",5
"105","2019-10-20",7,0,"2019-10-20T13:00:00-00:00","2019-10-20T14:00:00-00:00","ZP26","Solar","Renewable Forecast Actual Generation","RENEW_FCST_ACT_MW",3,3,-4.92668,"ACTUAL",5
"106","2019-10-20",8,0,"2019-10-20T14:00:00-00:00","2019-10-20T15:00:00-00:00","ZP26","Solar","Renewable Forecast Actual Generation","RENEW_FCST_ACT_MW",3,3,74.57759,"ACTUAL",5
"107","2019-10-20",9,0,"2019-10-20T15:00:00-00:00","2019-10-20T16:00:00-00:00","ZP26","Solar","Renewable Forecast Actual Generation","RENEW_FCST_ACT_MW",3,3,550.05162,"ACTUAL",5
"108","2019-10-20",10,0,"2019-10-20T16:00:00-00:00","2019-10-20T17:00:00-00:00","ZP26","Solar","Renewable Forecast Actual Generation","RENEW_FCST_ACT_MW",3,3,1091.46934,"ACTUAL",5
"109","2019-10-20",11,0,"2019-10-20T17:00:00-00:00","2019-10-20T18:00:00-00:00","ZP26","Solar","Renewable Forecast Actual Generation","RENEW_FCST_ACT_MW",3,3,1285.15269,"ACTUAL",5
"110","2019-10-20",12,0,"2019-10-20T18:00:00-00:00","2019-10-20T19:00:00-00:00","ZP26","Solar","Renewable Forecast Actual Generation","RENEW_FCST_ACT_MW",3,3,1477.76251,"ACTUAL",5
"111","2019-10-20",13,0,"2019-10-20T19:00:00-00:00","2019-10-20T20:00:00-00:00","ZP26","Solar","Renewable Forecast Actual Generation","RENEW_FCST_ACT_MW",3,3,1470.7519,"ACTUAL",5
"112","2019-10-20",14,0,"2019-10-20T20:00:00-00:00","2019-10-20T21:00:00-00:00","ZP26","Solar","Renewable Forecast Actual Generation","RENEW_FCST_ACT_MW",3,3,1477.8849,"ACTUAL",5
"113","2019-10-20",15,0,"2019-10-20T21:00:00-00:00","2019-10-20T22:00:00-00:00","ZP26","Solar","Renewable Forecast Actual Generation","RENEW_FCST_ACT_MW",3,3,1459.80102,"ACTUAL",5
"114","2019-10-20",16,0,"2019-10-20T22:00:00-00:00","2019-10-20T23:00:00-00:00","ZP26","Solar","Renewable Forecast Actual Generation","RENEW_FCST_ACT_MW",3,3,1368.49317,"ACTUAL",5
"115","2019-10-20",19,0,"2019-10-21T01:00:00-00:00","2019-10-21T02:00:00-00:00","ZP26","Solar","Renewable Forecast Actual Generation","RENEW_FCST_ACT_MW",3,3,-0.78504,"ACTUAL",5
"116","2019-10-21",1,0,"2019-10-21T07:00:00-00:00","2019-10-21T08:00:00-00:00","NP15","Solar","Renewable Forecast Actual Generation","RENEW_FCST_ACT_MW",3,3,-2.73604,"ACTUAL",6
"117","2019-10-21",1,0,"2019-10-21T07:00:00-00:00","2019-10-21T08:00:00-00:00","NP15","Wind","Renewable Forecast Actual Generation","RENEW_FCST_ACT_MW",3,1,75.53304,"ACTUAL",7
"118","2019-10-21",1,0,"2019-10-21T07:00:00-00:00","2019-10-21T08:00:00-00:00","SP15","Solar","Renewable Forecast Actual Generation","RENEW_FCST_ACT_MW",3,3,-12.08466,"ACTUAL",8
"119","2019-10-21",1,0,"2019-10-21T07:00:00-00:00","2019-10-21T08:00:00-00:00","SP15","Wind","Renewable Forecast Actual Generation","RENEW_FCST_ACT_MW",3,1,585.61904,"ACTUAL",9
"120","2019-10-21",1,0,"2019-10-21T07:00:00-00:00","2019-10-21T08:00:00-00:00","ZP26","Solar","Renewable Forecast Actual Generation","RENEW_FCST_ACT_MW",3,3,-4.76756,"ACTUAL",10
