"","OPR_DT","OPR_HR","OPR_INTERVAL","INTERVALSTARTTIME_GMT","INTERVALENDTIME_GMT","TRADING_HUB","RENEWABLE_TYPE","LABEL","XML_DATA_ITEM","MARKET_RUN_ID_POS","RENEW_POS","MW","MARKET_RUN_ID","GROUP"
"1","2019-01-31",1,0,"2019-01-31T08:00:00-00:00","2019-01-31T09:00:00-00:00","NP15","Solar","Renewable Forecast Actual Generation","RENEW_FCST_ACT_MW",3,3,-1.10798,"ACTUAL",1
"2","2019-01-31",2,0,"2019-01-31T09:00:00-00:00","2019-01-31T10:00:00-00:00","NP15","Solar","Renewable Forecast Actual Generation","RENEW_FCST_ACT_MW",3,3,-1.11667,"ACTUAL",1
"3","2019-01-31",3,0,"2019-01-31T10:00:00-00:00","2019-01-31T11:00:00-00:00","NP15","Solar","Renewable Forecast Actual Generation","RENEW_FCST_ACT_MW",3,3,-1.12868,"ACTUAL",1
"4","2019-01-31",4,0,"2019-01-31T11:00:00-00:00","2019-01-31T12:00:00-00:00","NP15","Solar","Renewable Forecast Actual Generation","RENEW_FCST_ACT_MW",3,3,-1.1407,"ACTUAL",1
"5","2019-01-31",5,0,"2019-01-31T12:00:00-00:00","2019-01-31T13:00:00-00:00","NP15","Solar","Renewable Forecast Actual Generation","RENEW_FCST_ACT_MW",3,3,-1.12183,"ACTUAL",1
"6","2019-01-31",6,0,"2019-01-31T13:00:00-00:00","2019-01-31T14:00:00-00:00","NP15","Solar","Renewable Forecast Actual Generation","RENEW_FCST_ACT_MW",3,3,-1.14893,"ACTUAL",1
"7","2019-01-31",7,0,"2019-01-31T14:00:00-00:00","2019-01-31T15:00:00-00:00","NP15","Solar","Renewable Forecast Actual Generation","RENEW_FCST_ACT_MW",3,3,-1.14331,"ACTUAL",1
"8","2019-01-31",8,0,"2019-01-31T15:00:00-00:00","2019-01-31T16:00:00-00:00","NP15","Solar","Renewable Forecast Actual Generation","RENEW_FCST_ACT_MW",3,3,15.54611,"ACTUAL",1
"9","2019-01-31",9,0,"2019-01-31T16:00:00-00:00","2019-01-31T17:00:00-00:00","NP15","Solar","Renewable Forecast Actual Generation","RENEW_FCST_ACT_MW",3,3,215.39571,"ACTUAL",1
"10","2019-01-31",10,0,"2019-01-31T17:00:00-00:00","2019-01-31T18:00:00-00:00","NP15","Solar","Renewable Forecast Actual Generation","RENEW_FCST_ACT_MW",3,3,660.5845,"ACTUAL",1
"11","2019-01-31",11,0,"2019-01-31T18:00:00-00:00","2019-01-31T19:00:00-00:00","NP15","Solar","Renewable Forecast Actual Generation","RENEW_FCST_ACT_MW",3,3,786.79132,"ACTUAL",1
"12","2019-01-31",12,0,"2019-01-31T19:00:00-00:00","2019-01-31T20:00:00-00:00","NP15","Solar","Renewable Forecast Actual Generation","RENEW_FCST_ACT_MW",3,3,861.21998,"ACTUAL",1
"13","2019-01-31",13,0,"2019-01-31T20:00:00-00:00","2019-01-31T21:00:00-00:00","NP15","Solar","Renewable Forecast Actual Generation","RENEW_FCST_ACT_MW",3,3,857.54121,"ACTUAL",1
"14","2019-01-31",14,0,"2019-01-31T21:00:00-00:00","2019-01-31T22:00:00-00:00","NP15","Solar","Renewable Forecast Actual Generation","RENEW_FCST_ACT_MW",3,3,842.25882,"ACTUAL",1
"15","2019-01-31",15,0,"2019-01-31T22:00:00-00:00","2019-01-31T23:00:00-00:00","NP15","Solar","Renewable Forecast Actual Generation","RENEW_FCST_ACT_MW",3,3,769.90234,"ACTUAL",1
"16","2019-01-31",16,0,"2019-01-31T23:00:00-00:00","2019-02-01T00:00:00-00:00","NP15","Solar","Renewable Forecast Actual Generation","RENEW_FCST_ACT_MW",3,3,660.3691,"ACTUAL",1
"17","2019-01-31",17,0,"2019-02-01T00:00:00-00:00","2019-02-01T01:00:00-00:00","NP15","Solar","Renewable Forecast Actual Generation","RENEW_FCST_ACT_MW",3,3,285.27138,"ACTUAL",1
"18","2019-01-31",18,0,"2019-02-01T01:00:00-00:00","2019-02-01T02:00:00-00:00","NP15","Solar","Renewable Forecast Actual Generation","RENEW_FCST_ACT_MW",3,3,5.01106,"ACTUAL",1
"19","2019-01-31",19,0,"2019-02-01T02:00:00-00:00","2019-02-01T03:00:00-00:00","NP15","Solar","Renewable Forecast Actual Generation","RENEW_FCST_ACT_MW",3,3,-0.86411,"ACTUAL",1
"20","2019-01-31",20,0,"2019-02-01T03:00:00-00:00","2019-02-01T04:00:00-00:00","NP15","Solar","Renewable Forecast Actual Generation","RENEW_FCST_ACT_MW",3,3,-0.82706,"ACTUAL",1
"21","2019-01-31",21,0,"2019-02-01T04:00:00-00:00","2019-02-01T05:00:00-00:00","NP15","Solar","Renewable Forecast Actual Generation","RENEW_FCST_ACT_MW",3,3,-0.85414,"ACTUAL",1
"22","2019-01-31",22,0,"2019-02-01T05:00:00-00:00","2019-02-01T06:00:00-00:00","NP15","Solar","Renewable Forecast Actual Generation","RENEW_FCST_ACT_MW",3,3,-0.9835,"ACTUAL",1
"23","2019-01-31",23,0,"2019-02-01T06:00:00-00:00","2019-02-01T07:00:00-00:00","NP15","Solar","Renewable Forecast Actual Generation","RENEW_FCST_ACT_MW",3,3,-0.96382,"ACTUAL",1
"24","2019-01-31",24,0,"2019-02-01T07:00:00-00:00","2019-02-01T08:00:00-00:00","NP15","Solar","Renewable Forecast Actual Generation","RENEW_FCST_ACT_MW",3,3,-0.95402,"ACTUAL",1
"25","2019-01-31",1,0,"2019-01-31T08:00:00-00:00","2019-01-31T09:00:00-00:00","NP15","Wind","Renewable Forecast Actual Generation","RENEW_FCST_ACT_MW",3,1,96.53876,"ACTUAL",2
"26","2019-01-31",24,0,"2019-02-01T07:00:00-00:00","2019-02-01T08:00:00-00:00","NP15","Wind","Renewable Forecast Actual Generation","RENEW_FCST_ACT_MW",3,1,341.0449,"ACTUAL",2
"27","2019-01-31",3,0,"2019-01-31T10:00:00-00:00","2019-01-31T11:00:00-00:00","NP15","Wind","Renewable Forecast Actual Generation","RENEW_FCST_ACT_MW",3,1,51.92278,"ACTUAL",2
"28","2019-01-31",4,0,"2019-01-31T11:00:00-00:00","2019-01-31T12:00:00-00:00","NP15","Wind","Renewable Forecast Actual Generation","RENEW_FCST_ACT_MW",3,1,76.20391,"ACTUAL",2
"29","2019-01-31",5,0,"2019-01-31T12:00:00-00:00","2019-01-31T13:00:00-00:00","NP15","Wind","Renewable Forecast Actual Generation","RENEW_FCST_ACT_MW",3,1,34.9356,"ACTUAL",2
"30","2019-01-31",6,0,"2019-01-31T13:00:00-00:00","2019-01-31T14:00:00-00:00","NP15","Wind","Renewable Forecast Actual Generation","RENEW_FCST_ACT_MW",3,1,35.7159,"ACTUAL",2
"31","2019-01-31",7,0,"2019-01-31T14:00:00-00:00","2019-01-31T15:00:00-00:00","NP15","Wind","Renewable Forecast Actual Generation","RENEW_FCST_ACT_MW",3,1,33.47422,"ACTUAL",2
"32","2019-01-31",8,0,"2019-01-31T15:00:00-00:00","2019-01-31T16:00:00-00:00","NP15","Wind","Renewable Forecast Actual Generation","RENEW_FCST_ACT_MW",3,1,37.55879,"ACTUAL",2
"33","2019-01-31",9,0,"2019-01-31T16:00:00-00:00","2019-01-31T17:00:00-00:00","NP15","Wind","Renewable Forecast Actual Generation","RENEW_FCST_ACT_MW",3,1,16.59013,"ACTUAL",2
"34","2019-01-31",10,0,"2019-01-31T17:00:00-00:00","2019-01-31T18:00:00-00:00","NP15","Wind","Renewable Forecast Actual Generation","RENEW_FCST_ACT_MW",3,1,-7.08814,"ACTUAL",2
"35","2019-01-31",11,0,"2019-01-31T18:00:00-00:00","2019-01-31T19:00:00-00:00","NP15","Wind","Renewable Forecast Actual Generation","RENEW_FCST_ACT_MW",3,1,-3.36879,"ACTUAL",2
"36","2019-01-31",12,0,"2019-01-31T19:00:00-00:00","2019-01-31T20:00:00-00:00","NP15","Wind","Renewable Forecast Actual Generation","RENEW_FCST_ACT_MW",3,1,37.71583,"ACTUAL",2
"37","2019-01-31",13,0,"2019-01-31T20:00:00-00:00","2019-01-31T21:00:00-00:00","NP15","Wind","Renewable Forecast Actual Generation","RENEW_FCST_ACT_MW",3,1,106.70118,"ACTUAL",2
"38","2019-01-31",14,0,"2019-01-31T21:00:00-00:00","2019-01-31T22:00:00-00:00","NP15","Wind","Renewable Forecast Actual Generation","RENEW_FCST_ACT_MW",3,1,205.88699,"ACTUAL",2
"39","2019-01-31",15,0,"2019-01-31T22:00:00-00:00","2019-01-31T23:00:00-00:00","NP15","Wind","Renewable Forecast Actual Generation","RENEW_FCST_ACT_MW",3,1,69.27076,"ACTUAL",2
"40","2019-01-31",16,0,"2019-01-31T23:00:00-00:00","2019-02-01T00:00:00-00:00","NP15","Wind","Renewable Forecast Actual Generation","RENEW_FCST_ACT_MW",3,1,12.99769,"ACTUAL",2
"41","2019-01-31",17,0,"2019-02-01T00:00:00-00:00","2019-02-01T01:00:00-00:00","NP15","Wind","Renewable Forecast Actual Generation","RENEW_FCST_ACT_MW",3,1,11.62736,"ACTUAL",2
"42","2019-01-31",18,0,"2019-02-01T01:00:00-00:00","2019-02-01T02:00:00-00:00","NP15","Wind","Renewable Forecast Actual Generation","RENEW_FCST_ACT_MW",3,1,43.9872,"ACTUAL",2
"43","2019-01-31",19,0,"2019-02-01T02:00:00-00:00","2019-02-01T03:00:00-00:00","NP15","Wind","Renewable Forecast Actual Generation","RENEW_FCST_ACT_MW",3,1,45.42673,"ACTUAL",2
"44","2019-01-31",20,0,"2019-02-01T03:00:00-00:00","2019-02-01T04:00:00-00:00","NP15","Wind","Renewable Forecast Actual Generation","RENEW_FCST_ACT_MW",3,1,44.09422,"ACTUAL",2
"45","2019-01-31",21,0,"2019-02-01T04:00:00-00:00","2019-02-01T05:00:00-00:00","NP15","Wind","Renewable Forecast Actual Generation","RENEW_FCST_ACT_MW",3,1,49.73974,"ACTUAL",2
"46","2019-01-31",22,0,"2019-02-01T05:00:00-00:00","2019-02-01T06:00:00-00:00","NP15","Wind","Renewable Forecast Actual Generation","RENEW_FCST_ACT_MW",3,1,85.32179,"ACTUAL",2
"47","2019-01-31",23,0,"2019-02-01T06:00:00-00:00","2019-02-01T07:00:00-00:00","NP15","Wind","Renewable Forecast Actual Generation","RENEW_FCST_ACT_MW",3,1,332.65477,"ACTUAL",2
"48","2019-01-31",2,0,"2019-01-31T09:00:00-00:00","2019-01-31T10:00:00-00:00","NP15","Wind","Renewable Forecast Actual Generation","RENEW_FCST_ACT_MW",3,1,50.66211,"ACTUAL",2
"49","2019-01-31",24,0,"2019-02-01T07:00:00-00:00","2019-02-01T08:00:00-00:00","SP15","Solar","Renewable Forecast Actual Generation","RENEW_FCST_ACT_MW",3,3,-5.82227,"ACTUAL",3
"50","2019-01-31",2,0,"2019-01-31T09:00:00-00:00","2019-01-31T10:00:00-00:00","SP15","Solar","Renewable Forecast Actual Generation","RENEW_FCST_ACT_MW",3,3,-6.98485,"ACTUAL",3
"51","2019-01-31",23,0,"2019-02-01T06:00:00-00:00","2019-02-01T07:00:00-00:00","SP15","Solar","Renewable Forecast Actual Generation","RENEW_FCST_ACT_MW",3,3,-6.45145,"ACTUAL",3
"52","2019-01-31",6,0,"2019-01-31T13:00:00-00:00","2019-01-31T14:00:00-00:00","SP15","Solar","Renewable Forecast Actual Generation","RENEW_FCST_ACT_MW",3,3,-10.13803,"ACTUAL",3
"53","2019-01-31",22,0,"2019-02-01T05:00:00-00:00","2019-02-01T06:00:00-00:00","SP15","Solar","Renewable Forecast Actual Generation","RENEW_FCST_ACT_MW",3,3,-5.67497,"ACTUAL",3
"54","2019-01-31",11,0,"2019-01-31T18:00:00-00:00","2019-01-31T19:00:00-00:00","SP15","Solar","Renewable Forecast Actual Generation","RENEW_FCST_ACT_MW",3,3,3203.4132,"ACTUAL",3
"55","2019-01-31",21,0,"2019-02-01T04:00:00-00:00","2019-02-01T05:00:00-00:00","SP15","Solar","Renewable Forecast Actual Generation","RENEW_FCST_ACT_MW",3,3,-6.12898,"ACTUAL",3
"56","2019-01-31",3,0,"2019-01-31T10:00:00-00:00","2019-01-31T11:00:00-00:00","SP15","Solar","Renewable Forecast Actual Generation","RENEW_FCST_ACT_MW",3,3,-6.61685,"ACTUAL",3
"57","2019-01-31",20,0,"2019-02-01T03:00:00-00:00","2019-02-01T04:00:00-00:00","SP15","Solar","Renewable Forecast Actual Generation","RENEW_FCST_ACT_MW",3,3,-5.99423,"ACTUAL",3
"58","2019-01-31",10,0,"2019-01-31T17:00:00-00:00","2019-01-31T18:00:00-00:00","SP15","Solar","Renewable Forecast Actual Generation","RENEW_FCST_ACT_MW",3,3,2388.00954,"ACTUAL",3
"59","2019-01-31",19,0,"2019-02-01T02:00:00-00:00","2019-02-01T03:00:00-00:00","SP15","Solar","Renewable Forecast Actual Generation","RENEW_FCST_ACT_MW",3,3,-6.25701,"ACTUAL",3
"60","2019-01-31",5,0,"2019-01-31T12:00:00-00:00","2019-01-31T13:00:00-00:00","SP15","Solar","Renewable Forecast Actual Generation","RENEW_FCST_ACT_MW",3,3,-7.12259,"ACTUAL",3
"61","2019-01-31",18,0,"2019-02-01T01:00:00-00:00","2019-02-01T02:00:00-00:00","SP15","Solar","Renewable Forecast Actual Generation","RENEW_FCST_ACT_MW",3,3,17.25951,"ACTUAL",3
"62","2019-01-31",9,0,"2019-01-31T16:00:00-00:00","2019-01-31T17:00:00-00:00","SP15","Solar","Renewable Forecast Actual Generation","RENEW_FCST_ACT_MW",3,3,1436.13826,"ACTUAL",3
"63","2019-01-31",17,0,"2019-02-01T00:00:00-00:00","2019-02-01T01:00:00-00:00","SP15","Solar","Renewable Forecast Actual Generation","RENEW_FCST_ACT_MW",3,3,702.94671,"ACTUAL",3
"64","2019-01-31",1,0,"2019-01-31T08:00:00-00:00","2019-01-31T09:00:00-00:00","SP15","Solar","Renewable Forecast Actual Generation","RENEW_FCST_ACT_MW",3,3,-7.173,"ACTUAL",3
"65","2019-01-31",16,0,"2019-01-31T23:00:00-00:00","2019-02-01T00:00:00-00:00","SP15","Solar","Renewable Forecast Actual Generation","RENEW_FCST_ACT_MW",3,3,2258.21572,"ACTUAL",3
"66","2019-01-31",8,0,"2019-01-31T15:00:00-00:00","2019-01-31T16:00:00-00:00","SP15","Solar","Renewable Forecast Actual Generation","RENEW_FCST_ACT_MW",3,3,590.51149,"ACTUAL",3
"67","2019-01-31",15,0,"2019-01-31T22:00:00-00:00","2019-01-31T23:00:00-00:00","SP15","Solar","Renewable Forecast Actual Generation","RENEW_FCST_ACT_MW",3,3,2909.74649,"ACTUAL",3
"68","2019-01-31",4,0,"2019-01-31T11:00:00-00:00","2019-01-31T12:00:00-00:00","SP15","Solar","Renewable Forecast Actual Generation","RENEW_FCST_ACT_MW",3,3,-7.06889,"ACTUAL",3
"69","2019-01-31",14,0,"2019-01-31T21:00:00-00:00","2019-01-31T22:00:00-00:00","SP15","Solar","Renewable Forecast Actual Generation","RENEW_FCST_ACT_MW",3,3,2789.72424,"ACTUAL",3
"70","2019-01-31",7,0,"2019-01-31T14:00:00-00:00","2019-01-31T15:00:00-00:00","SP15","Solar","Renewable Forecast Actual Generation","RENEW_FCST_ACT_MW",3,3,4.47341,"ACTUAL",3
"71","2019-01-31",13,0,"2019-01-31T20:00:00-00:00","2019-01-31T21:00:00-00:00","SP15","Solar","Renewable Forecast Actual Generation","RENEW_FCST_ACT_MW",3,3,2779.85076,"ACTUAL",3
"72","2019-01-31",12,0,"2019-01-31T19:00:00-00:00","2019-01-31T20:00:00-00:00","SP15","Solar","Renewable Forecast Actual Generation","RENEW_FCST_ACT_MW",3,3,3285.66043,"ACTUAL",3
"73","2019-01-31",23,0,"2019-02-01T06:00:00-00:00","2019-02-01T07:00:00-00:00","SP15","Wind","Renewable Forecast Actual Generation","RENEW_FCST_ACT_MW",3,1,161.85732,"ACTUAL",4
"74","2019-01-31",22,0,"2019-02-01T05:00:00-00:00","2019-02-01T06:00:00-00:00","SP15","Wind","Renewable Forecast Actual Generation","RENEW_FCST_ACT_MW",3,1,156.7859,"ACTUAL",4
"75","2019-01-31",21,0,"2019-02-01T04:00:00-00:00","2019-02-01T05:00:00-00:00","SP15","Wind","Renewable Forecast Actual Generation","RENEW_FCST_ACT_MW",3,1,112.68586,"ACTUAL",4
"76","2019-01-31",20,0,"2019-02-01T03:00:00-00:00","2019-02-01T04:00:00-00:00","SP15","Wind","Renewable Forecast Actual Generation","RENEW_FCST_ACT_MW",3,1,103.72097,"ACTUAL",4
"77","2019-01-31",19,0,"2019-02-01T02:00:00-00:00","2019-02-01T03:00:00-00:00","SP15","Wind","Renewable Forecast Actual Generation","RENEW_FCST_ACT_MW",3,1,196.29352,"ACTUAL",4
"78","2019-01-31",18,0,"2019-02-01T01:00:00-00:00","2019-02-01T02:00:00-00:00","SP15","Wind","Renewable Forecast Actual Generation","RENEW_FCST_ACT_MW",3,1,505.21459,"ACTUAL",4
"79","2019-01-31",17,0,"2019-02-01T00:00:00-00:00","2019-02-01T01:00:00-00:00","SP15","Wind","Renewable Forecast Actual Generation","RENEW_FCST_ACT_MW",3,1,571.46719,"ACTUAL",4
"80","2019-01-31",16,0,"2019-01-31T23:00:00-00:00","2019-02-01T00:00:00-00:00","SP15","Wind","Renewable Forecast Actual Generation","RENEW_FCST_ACT_MW",3,1,438.85697,"ACTUAL",4
"81","2019-01-31",15,0,"2019-01-31T22:00:00-00:00","2019-01-31T23:00:00-00:00","SP15","Wind","Renewable Forecast Actual Generation","RENEW_FCST_ACT_MW",3,1,449.93711,"ACTUAL",4
"82","2019-01-31",14,0,"2019-01-31T21:00:00-00:00","2019-01-31T22:00:00-00:00","SP15","Wind","Renewable Forecast Actual Generation","RENEW_FCST_ACT_MW",3,1,270.10232,"ACTUAL",4
"83","2019-01-31",13,0,"2019-01-31T20:00:00-00:00","2019-01-31T21:00:00-00:00","SP15","Wind","Renewable Forecast Actual Generation","RENEW_FCST_ACT_MW",3,1,262.62656,"ACTUAL",4
"84","2019-01-31",12,0,"2019-01-31T19:00:00-00:00","2019-01-31T20:00:00-00:00","SP15","Wind","Renewable Forecast Actual Generation","RENEW_FCST_ACT_MW",3,1,242.53629,"ACTUAL",4
"85","2019-01-31",11,0,"2019-01-31T18:00:00-00:00","2019-01-31T19:00:00-00:00","SP15","Wind","Renewable Forecast Actual Generation","RENEW_FCST_ACT_MW",3,1,165.25213,"ACTUAL",4
"86","2019-01-31",10,0,"2019-01-31T17:00:00-00:00","2019-01-31T18:00:00-00:00","SP15","Wind","Renewable Forecast Actual Generation","RENEW_FCST_ACT_MW",3,1,106.17066,"ACTUAL",4
"87","2019-01-31",9,0,"2019-01-31T16:00:00-00:00","2019-01-31T17:00:00-00:00","SP15","Wind","Renewable Forecast Actual Generation","RENEW_FCST_ACT_MW",3,1,98.7929,"ACTUAL",4
"88","2019-01-31",8,0,"2019-01-31T15:00:00-00:00","2019-01-31T16:00:00-00:00","SP15","Wind","Renewable Forecast Actual Generation","RENEW_FCST_ACT_MW",3,1,75.81907,"ACTUAL",4
"89","2019-01-31",7,0,"2019-01-31T14:00:00-00:00","2019-01-31T15:00:00-00:00","SP15","Wind","Renewable Forecast Actual Generation","RENEW_FCST_ACT_MW",3,1,135.53822,"ACTUAL",4
"90","2019-01-31",6,0,"2019-01-31T13:00:00-00:00","2019-01-31T14:00:00-00:00","SP15","Wind","Renewable Forecast Actual Generation","RENEW_FCST_ACT_MW",3,1,199.06971,"ACTUAL",4
"91","2019-01-31",5,0,"2019-01-31T12:00:00-00:00","2019-01-31T13:00:00-00:00","SP15","Wind","Renewable Forecast Actual Generation","RENEW_FCST_ACT_MW",3,1,216.22328,"ACTUAL",4
"92","2019-01-31",4,0,"2019-01-31T11:00:00-00:00","2019-01-31T12:00:00-00:00","SP15","Wind","Renewable Forecast Actual Generation","RENEW_FCST_ACT_MW",3,1,141.94586,"ACTUAL",4
"93","2019-01-31",3,0,"2019-01-31T10:00:00-00:00","2019-01-31T11:00:00-00:00","SP15","Wind","Renewable Forecast Actual Generation","RENEW_FCST_ACT_MW",3,1,111.71871,"ACTUAL",4
"94","2019-01-31",2,0,"2019-01-31T09:00:00-00:00","2019-01-31T10:00:00-00:00","SP15","Wind","Renewable Forecast Actual Generation","RENEW_FCST_ACT_MW",3,1,90.79743,"ACTUAL",4
"95","2019-01-31",24,0,"2019-02-01T07:00:00-00:00","2019-02-01T08:00:00-00:00","SP15","Wind","Renewable Forecast Actual Generation","RENEW_FCST_ACT_MW",3,1,164.43313,"ACTUAL",4
"96","2019-01-31",1,0,"2019-01-31T08:00:00-00:00","2019-01-31T09:00:00-00:00","SP15","Wind","Renewable Forecast Actual Generation","RENEW_FCST_ACT_MW",3,1,67.03935,"ACTUAL",4
"97","2019-01-31",1,0,"2019-01-31T08:00:00-00:00","2019-01-31T09:00:00-00:00","ZP26","Solar","Renewable Forecast Actual Generation","RENEW_FCST_ACT_MW",3,3,-4.12848,"ACTUAL",5
"98","2019-01-31",24,0,"2019-02-01T07:00:00-00:00","2019-02-01T08:00:00-00:00","ZP26","Solar","Renewable Forecast Actual Generation","RENEW_FCST_ACT_MW",3,3,-4.0973,"ACTUAL",5
"99","2019-01-31",3,0,"2019-01-31T10:00:00-00:00","2019-01-31T11:00:00-00:00","ZP26","Solar","Renewable Forecast Actual Generation","RENEW_FCST_ACT_MW",3,3,-4.16225,"ACTUAL",5
"100","2019-01-31",4,0,"2019-01-31T11:00:00-00:00","2019-01-31T12:00:00-00:00","ZP26","Solar","Renewable Forecast Actual Generation","RENEW_FCST_ACT_MW",3,3,-4.41098,"ACTUAL",5
"101","2019-01-31",5,0,"2019-01-31T12:00:00-00:00","2019-01-31T13:00:00-00:00","ZP26","Solar","Renewable Forecast Actual Generation","RENEW_FCST_ACT_MW",3,3,-4.3101,"ACTUAL",5
"102","2019-01-31",6,0,"2019-01-31T13:00:00-00:00","2019-01-31T14:00:00-00:00","ZP26","Solar","Renewable Forecast Actual Generation","RENEW_FCST_ACT_MW",3,3,-4.45525,"ACTUAL",5
"103","2019-01-31",7,0,"2019-01-31T14:00:00-00:00","2019-01-31T15:00:00-00:00","ZP26","Solar","Renewable Forecast Actual Generation","RENEW_FCST_ACT_MW",3,3,-4.49437,"ACTUAL",5
"104","2019-01-31",8,0,"2019-01-31T15:00:00-00:00","2019-01-31T16:00:00-00:00","ZP26","Solar","Renewable Forecast Actual Generation","RENEW_FCST_ACT_MW",3,3,-2.35606,"ACTUAL",5
"105","2019-01-31",9,0,"2019-01-31T16:00:00-00:00","2019-01-31T17:00:00-00:00","ZP26","Solar","Renewable Forecast Actual Generation","RENEW_FCST_ACT_MW",3,3,14.72092,"ACTUAL",5
"106","2019-01-31",10,0,"2019-01-31T17:00:00-00:00","2019-01-31T18:00:00-00:00","ZP26","Solar","Renewable Forecast Actual Generation","RENEW_FCST_ACT_MW",3,3,65.39291,"ACTUAL",5
"107","2019-01-31",11,0,"2019-01-31T18:00:00-00:00","2019-01-31T19:00:00-00:00","ZP26","Solar","Renewable Forecast Actual Generation","RENEW_FCST_ACT_MW",3,3,308.88145,"ACTUAL",5
"108","2019-01-31",12,0,"2019-01-31T19:00:00-00:00","2019-01-31T20:00:00-00:00","ZP26","Solar","Renewable Forecast Actual Generation","RENEW_FCST_ACT_MW",3,3,809.17073,"ACTUAL",5
"109","2019-01-31",13,0,"2019-01-31T20:00:00-00:00","2019-01-31T21:00:00-00:00","ZP26","Solar","Renewable Forecast Actual Generation","RENEW_FCST_ACT_MW",3,3,1020.00806,"ACTUAL",5
"110","2019-01-31",14,0,"2019-01-31T21:00:00-00:00","2019-01-31T22:00:00-00:00","ZP26","Solar","Renewable Forecast Actual Generation","RENEW_FCST_ACT_MW",3,3,1135.16704,"ACTUAL",5
"111","2019-01-31",15,0,"2019-01-31T22:00:00-00:00","2019-01-31T23:00:00-00:00","ZP26","Solar","Renewable Forecast Actual Generation","RENEW_FCST_ACT_MW",3,3,1147.20633,"ACTUAL",5
"112","2019-01-31",16,0,"2019-01-31T23:00:00-00:00","2019-02-01T00:00:00-00:00","ZP26","Solar","Renewable Forecast Actual Generation","RENEW_FCST_ACT_MW",3,3,1026.6512,"ACTUAL",5
"113","2019-01-31",17,0,"2019-02-01T00:00:00-00:00","2019-02-01T01:00:00-00:00","ZP26","Solar","Renewable Forecast Actual Generation","RENEW_FCST_ACT_MW",3,3,359.27722,"ACTUAL",5
"114","2019-01-31",18,0,"2019-02-01T01:00:00-00:00","2019-02-01T02:00:00-00:00","ZP26","Solar","Renewable Forecast Actual Generation","RENEW_FCST_ACT_MW",3,3,6.986,"ACTUAL",5
"115","2019-01-31",19,0,"2019-02-01T02:00:00-00:00","2019-02-01T03:00:00-00:00","ZP26","Solar","Renewable Forecast Actual Generation","RENEW_FCST_ACT_MW",3,3,-4.11807,"ACTUAL",5
"116","2019-01-31",20,0,"2019-02-01T03:00:00-00:00","2019-02-01T04:00:00-00:00","ZP26","Solar","Renewable Forecast Actual Generation","RENEW_FCST_ACT_MW",3,3,-4.08732,"ACTUAL",5
"117","2019-01-31",21,0,"2019-02-01T04:00:00-00:00","2019-02-01T05:00:00-00:00","ZP26","Solar","Renewable Forecast Actual Generation","RENEW_FCST_ACT_MW",3,3,-4.07434,"ACTUAL",5
"118","2019-01-31",22,0,"2019-02-01T05:00:00-00:00","2019-02-01T06:00:00-00:00","ZP26","Solar","Renewable Forecast Actual Generation","RENEW_FCST_ACT_MW",3,3,-4.07556,"ACTUAL",5
"119","2019-01-31",23,0,"2019-02-01T06:00:00-00:00","2019-02-01T07:00:00-00:00","ZP26","Solar","Renewable Forecast Actual Generation","RENEW_FCST_ACT_MW",3,3,-4.12254,"ACTUAL",5
"120","2019-01-31",2,0,"2019-01-31T09:00:00-00:00","2019-01-31T10:00:00-00:00","ZP26","Solar","Renewable Forecast Actual Generation","RENEW_FCST_ACT_MW",3,3,-4.11358,"ACTUAL",5
