"","OPR_DT","OPR_HR","OPR_INTERVAL","INTERVALSTARTTIME_GMT","INTERVALENDTIME_GMT","TRADING_HUB","RENEWABLE_TYPE","LABEL","XML_DATA_ITEM","MARKET_RUN_ID_POS","RENEW_POS","MW","MARKET_RUN_ID","GROUP"
"1","2019-05-11",2,0,"2019-05-11T08:00:00-00:00","2019-05-11T09:00:00-00:00","NP15","Solar","Renewable Forecast Actual Generation","RENEW_FCST_ACT_MW",3,3,24.67301,"ACTUAL",1
"2","2019-05-11",3,0,"2019-05-11T09:00:00-00:00","2019-05-11T10:00:00-00:00","NP15","Solar","Renewable Forecast Actual Generation","RENEW_FCST_ACT_MW",3,3,24.66558,"ACTUAL",1
"3","2019-05-11",4,0,"2019-05-11T10:00:00-00:00","2019-05-11T11:00:00-00:00","NP15","Solar","Renewable Forecast Actual Generation","RENEW_FCST_ACT_MW",3,3,24.56428,"ACTUAL",1
"4","2019-05-11",5,0,"2019-05-11T11:00:00-00:00","2019-05-11T12:00:00-00:00","NP15","Solar","Renewable Forecast Actual Generation","RENEW_FCST_ACT_MW",3,3,24.55813,"ACTUAL",1
"5","2019-05-11",6,0,"2019-05-11T12:00:00-00:00","2019-05-11T13:00:00-00:00","NP15","Solar","Renewable Forecast Actual Generation","RENEW_FCST_ACT_MW",3,3,24.59463,"ACTUAL",1
"6","2019-05-11",7,0,"2019-05-11T13:00:00-00:00","2019-05-11T14:00:00-00:00","NP15","Solar","Renewable Forecast Actual Generation","RENEW_FCST_ACT_MW",3,3,151.4718,"ACTUAL",1
"7","2019-05-11",8,0,"2019-05-11T14:00:00-00:00","2019-05-11T15:00:00-00:00","NP15","Solar","Renewable Forecast Actual Generation","RENEW_FCST_ACT_MW",3,3,798.40842,"ACTUAL",1
"8","2019-05-11",9,0,"2019-05-11T15:00:00-00:00","2019-05-11T16:00:00-00:00","NP15","Solar","Renewable Forecast Actual Generation","RENEW_FCST_ACT_MW",3,3,1231.698,"ACTUAL",1
"9","2019-05-11",10,0,"2019-05-11T16:00:00-00:00","2019-05-11T17:00:00-00:00","NP15","Solar","Renewable Forecast Actual Generation","RENEW_FCST_ACT_MW",3,3,1325.65992,"ACTUAL",1
"10","2019-05-11",11,0,"2019-05-11T17:00:00-00:00","2019-05-11T18:00:00-00:00","NP15","Solar","Renewable Forecast Actual Generation","RENEW_FCST_ACT_MW",3,3,1346.10649,"ACTUAL",1
"11","2019-05-11",12,0,"2019-05-11T18:00:00-00:00","2019-05-11T19:00:00-00:00","NP15","Solar","Renewable Forecast Actual Generation","RENEW_FCST_ACT_MW",3,3,1348.22711,"ACTUAL",1
"12","2019-05-11",13,0,"2019-05-11T19:00:00-00:00","2019-05-11T20:00:00-00:00","NP15","Solar","Renewable Forecast Actual Generation","RENEW_FCST_ACT_MW",3,3,1352.08575,"ACTUAL",1
"13","2019-05-11",14,0,"2019-05-11T20:00:00-00:00","2019-05-11T21:00:00-00:00","NP15","Solar","Renewable Forecast Actual Generation","RENEW_FCST_ACT_MW",3,3,1359.68464,"ACTUAL",1
"14","2019-05-11",15,0,"2019-05-11T21:00:00-00:00","2019-05-11T22:00:00-00:00","NP15","Solar","Renewable Forecast Actual Generation","RENEW_FCST_ACT_MW",3,3,1353.1515,"ACTUAL",1
"15","2019-05-11",16,0,"2019-05-11T22:00:00-00:00","2019-05-11T23:00:00-00:00","NP15","Solar","Renewable Forecast Actual Generation","RENEW_FCST_ACT_MW",3,3,1340.75959,"ACTUAL",1
"16","2019-05-11",17,0,"2019-05-11T23:00:00-00:00","2019-05-12T00:00:00-00:00","NP15","Solar","Renewable Forecast Actual Generation","RENEW_FCST_ACT_MW",3,3,1306.51269,"ACTUAL",1
"17","2019-05-11",18,0,"2019-05-12T00:00:00-00:00","2019-05-12T01:00:00-00:00","NP15","Solar","Renewable Forecast Actual Generation","RENEW_FCST_ACT_MW",3,3,1174.3703,"ACTUAL",1
"18","2019-05-11",19,0,"2019-05-12T01:00:00-00:00","2019-05-12T02:00:00-00:00","NP15","Solar","Renewable Forecast Actual Generation","RENEW_FCST_ACT_MW",3,3,713.29469,"ACTUAL",1
"19","2019-05-11",20,0,"2019-05-12T02:00:00-00:00","2019-05-12T03:00:00-00:00","NP15","Solar","Renewable Forecast Actual Generation","RENEW_FCST_ACT_MW",3,3,124.05708,"ACTUAL",1
"20","2019-05-11",21,0,"2019-05-12T03:00:00-00:00","2019-05-12T04:00:00-00:00","NP15","Solar","Renewable Forecast Actual Generation","RENEW_FCST_ACT_MW",3,3,24.85864,"ACTUAL",1
"21","2019-05-11",22,0,"2019-05-12T04:00:00-00:00","2019-05-12T05:00:00-00:00","NP15","Solar","Renewable Forecast Actual Generation","RENEW_FCST_ACT_MW",3,3,25.10127,"ACTUAL",1
"22","2019-05-11",23,0,"2019-05-12T05:00:00-00:00","2019-05-12T06:00:00-00:00","NP15","Solar","Renewable Forecast Actual Generation","RENEW_FCST_ACT_MW",3,3,25.09635,"ACTUAL",1
"23","2019-05-11",24,0,"2019-05-12T06:00:00-00:00","2019-05-12T07:00:00-00:00","NP15","Solar","Renewable Forecast Actual Generation","RENEW_FCST_ACT_MW",3,3,24.86859,"ACTUAL",1
"24","2019-05-11",18,0,"2019-05-12T00:00:00-00:00","2019-05-12T01:00:00-00:00","NP15","Wind","Renewable Forecast Actual Generation","RENEW_FCST_ACT_MW",3,1,674.81138,"ACTUAL",2
"25","2019-05-11",6,0,"2019-05-11T12:00:00-00:00","2019-05-11T13:00:00-00:00","NP15","Wind","Renewable Forecast Actual Generation","RENEW_FCST_ACT_MW",3,1,1125.35434,"ACTUAL",2
"26","2019-05-11",17,0,"2019-05-11T23:00:00-00:00","2019-05-12T00:00:00-00:00","NP15","Wind","Renewable Forecast Actual Generation","RENEW_FCST_ACT_MW",3,1,521.79302,"ACTUAL",2
"27","2019-05-11",16,0,"2019-05-11T22:00:00-00:00","2019-05-11T23:00:00-00:00","NP15","Wind","Renewable Forecast Actual Generation","RENEW_FCST_ACT_MW",3,1,267.27564,"ACTUAL",2
"28","2019-05-11",15,0,"2019-05-11T21:00:00-00:00","2019-05-11T22:00:00-00:00","NP15","Wind","Renewable Forecast Actual Generation","RENEW_FCST_ACT_MW",3,1,151.61668,"ACTUAL",2
"29","2019-05-11",14,0,"2019-05-11T20:00:00-00:00","2019-05-11T21:00:00-00:00","NP15","Wind","Renewable Forecast Actual Generation","RENEW_FCST_ACT_MW",3,1,88.50597,"ACTUAL",2
"30","2019-05-11",13,0,"2019-05-11T19:00:00-00:00","2019-05-11T20:00:00-00:00","NP15","Wind","Renewable Forecast Actual Generation","RENEW_FCST_ACT_MW",3,1,42.82803,"ACTUAL",2
"31","2019-05-11",12,0,"2019-05-11T18:00:00-00:00","2019-05-11T19:00:00-00:00","NP15","Wind","Renewable Forecast Actual Generation","RENEW_FCST_ACT_MW",3,1,54.61828,"ACTUAL",2
"32","2019-05-11",11,0,"2019-05-11T17:00:00-00:00","2019-05-11T18:00:00-00:00","NP15","Wind","Renewable Forecast Actual Generation","RENEW_FCST_ACT_MW",3,1,119.89455,"ACTUAL",2
"33","2019-05-11",10,0,"2019-05-11T16:00:00-00:00","2019-05-11T17:00:00-00:00","NP15","Wind","Renewable Forecast Actual Generation","RENEW_FCST_ACT_MW",3,1,262.35163,"ACTUAL",2
"34","2019-05-11",9,0,"2019-05-11T15:00:00-00:00","2019-05-11T16:00:00-00:00","NP15","Wind","Renewable Forecast Actual Generation","RENEW_FCST_ACT_MW",3,1,508.31632,"ACTUAL",2
"35","2019-05-11",8,0,"2019-05-11T14:00:00-00:00","2019-05-11T15:00:00-00:00","NP15","Wind","Renewable Forecast Actual Generation","RENEW_FCST_ACT_MW",3,1,718.40487,"ACTUAL",2
"36","2019-05-11",7,0,"2019-05-11T13:00:00-00:00","2019-05-11T14:00:00-00:00","NP15","Wind","Renewable Forecast Actual Generation","RENEW_FCST_ACT_MW",3,1,976.80885,"ACTUAL",2
"37","2019-05-11",5,0,"2019-05-11T11:00:00-00:00","2019-05-11T12:00:00-00:00","NP15","Wind","Renewable Forecast Actual Generation","RENEW_FCST_ACT_MW",3,1,1185.81863,"ACTUAL",2
"38","2019-05-11",4,0,"2019-05-11T10:00:00-00:00","2019-05-11T11:00:00-00:00","NP15","Wind","Renewable Forecast Actual Generation","RENEW_FCST_ACT_MW",3,1,1210.20074,"ACTUAL",2
"39","2019-05-11",3,0,"2019-05-11T09:00:00-00:00","2019-05-11T10:00:00-00:00","NP15","Wind","Renewable Forecast Actual Generation","RENEW_FCST_ACT_MW",3,1,1149.40699,"ACTUAL",2
"40","2019-05-11",2,0,"2019-05-11T08:00:00-00:00","2019-05-11T09:00:00-00:00","NP15","Wind","Renewable Forecast Actual Generation","RENEW_FCST_ACT_MW",3,1,1151.67306,"ACTUAL",2
"41","2019-05-11",24,0,"2019-05-12T06:00:00-00:00","2019-05-12T07:00:00-00:00","NP15","Wind","Renewable Forecast Actual Generation","RENEW_FCST_ACT_MW",3,1,1357.6096,"ACTUAL",2
"42","2019-05-11",23,0,"2019-05-12T05:00:00-00:00","2019-05-12T06:00:00-00:00","NP15","Wind","Renewable Forecast Actual Generation","RENEW_FCST_ACT_MW",3,1,1341.87831,"ACTUAL",2
"43","2019-05-11",22,0,"2019-05-12T04:00:00-00:00","2019-05-12T05:00:00-00:00","NP15","Wind","Renewable Forecast Actual Generation","RENEW_FCST_ACT_MW",3,1,1293.81626,"ACTUAL",2
"44","2019-05-11",21,0,"2019-05-12T03:00:00-00:00","2019-05-12T04:00:00-00:00","NP15","Wind","Renewable Forecast Actual Generation","RENEW_FCST_ACT_MW",3,1,1229.34267,"ACTUAL",2
"45","2019-05-11",20,0,"2019-05-12T02:00:00-00:00","2019-05-12T03:00:00-00:00","NP15","Wind","Renewable Forecast Actual Generation","RENEW_FCST_ACT_MW",3,1,1134.3632,"ACTUAL",2
"46","2019-05-11",19,0,"2019-05-12T01:00:00-00:00","2019-05-12T02:00:00-00:00","NP15","Wind","Renewable Forecast Actual Generation","RENEW_FCST_ACT_MW",3,1,900.10449,"ACTUAL",2
"47","2019-05-11",6,0,"2019-05-11T12:00:00-00:00","2019-05-11T13:00:00-00:00","SP15","Solar","Renewable Forecast Actual Generation","RENEW_FCST_ACT_MW",3,3,-10.30608,"ACTUAL",3
"48","2019-05-11",18,0,"2019-05-12T00:00:00-00:00","2019-05-12T01:00:00-00:00","SP15","Solar","Renewable Forecast Actual Generation","RENEW_FCST_ACT_MW",3,3,4272.87806,"ACTUAL",3
"49","2019-05-11",5,0,"2019-05-11T11:00:00-00:00","2019-05-11T12:00:00-00:00","SP15","Solar","Renewable Forecast Actual Generation","RENEW_FCST_ACT_MW",3,3,-13.22944,"ACTUAL",3
"50","2019-05-11",11,0,"2019-05-11T17:00:00-00:00","2019-05-11T18:00:00-00:00","SP15","Solar","Renewable Forecast Actual Generation","RENEW_FCST_ACT_MW",3,3,6521.05046,"ACTUAL",3
"51","2019-05-11",4,0,"2019-05-11T10:00:00-00:00","2019-05-11T11:00:00-00:00","SP15","Solar","Renewable Forecast Actual Generation","RENEW_FCST_ACT_MW",3,3,-12.70335,"ACTUAL",3
"52","2019-05-11",15,0,"2019-05-11T21:00:00-00:00","2019-05-11T22:00:00-00:00","SP15","Solar","Renewable Forecast Actual Generation","RENEW_FCST_ACT_MW",3,3,6384.41383,"ACTUAL",3
"53","2019-05-11",3,0,"2019-05-11T09:00:00-00:00","2019-05-11T10:00:00-00:00","SP15","Solar","Renewable Forecast Actual Generation","RENEW_FCST_ACT_MW",3,3,-9.48848,"ACTUAL",3
"54","2019-05-11",10,0,"2019-05-11T16:00:00-00:00","2019-05-11T17:00:00-00:00","SP15","Solar","Renewable Forecast Actual Generation","RENEW_FCST_ACT_MW",3,3,5682.78299,"ACTUAL",3
"55","2019-05-11",2,0,"2019-05-11T08:00:00-00:00","2019-05-11T09:00:00-00:00","SP15","Solar","Renewable Forecast Actual Generation","RENEW_FCST_ACT_MW",3,3,-9.62734,"ACTUAL",3
"56","2019-05-11",13,0,"2019-05-11T19:00:00-00:00","2019-05-11T20:00:00-00:00","SP15","Solar","Renewable Forecast Actual Generation","RENEW_FCST_ACT_MW",3,3,6369.77615,"ACTUAL",3
"57","2019-05-11",24,0,"2019-05-12T06:00:00-00:00","2019-05-12T07:00:00-00:00","SP15","Solar","Renewable Forecast Actual Generation","RENEW_FCST_ACT_MW",3,3,-27.39688,"ACTUAL",3
"58","2019-05-11",9,0,"2019-05-11T15:00:00-00:00","2019-05-11T16:00:00-00:00","SP15","Solar","Renewable Forecast Actual Generation","RENEW_FCST_ACT_MW",3,3,4131.22989,"ACTUAL",3
"59","2019-05-11",23,0,"2019-05-12T05:00:00-00:00","2019-05-12T06:00:00-00:00","SP15","Solar","Renewable Forecast Actual Generation","RENEW_FCST_ACT_MW",3,3,-26.65641,"ACTUAL",3
"60","2019-05-11",16,0,"2019-05-11T22:00:00-00:00","2019-05-11T23:00:00-00:00","SP15","Solar","Renewable Forecast Actual Generation","RENEW_FCST_ACT_MW",3,3,6011.51767,"ACTUAL",3
"61","2019-05-11",22,0,"2019-05-12T04:00:00-00:00","2019-05-12T05:00:00-00:00","SP15","Solar","Renewable Forecast Actual Generation","RENEW_FCST_ACT_MW",3,3,-26.23454,"ACTUAL",3
"62","2019-05-11",8,0,"2019-05-11T14:00:00-00:00","2019-05-11T15:00:00-00:00","SP15","Solar","Renewable Forecast Actual Generation","RENEW_FCST_ACT_MW",3,3,2437.52887,"ACTUAL",3
"63","2019-05-11",21,0,"2019-05-12T03:00:00-00:00","2019-05-12T04:00:00-00:00","SP15","Solar","Renewable Forecast Actual Generation","RENEW_FCST_ACT_MW",3,3,-26.32629,"ACTUAL",3
"64","2019-05-11",12,0,"2019-05-11T18:00:00-00:00","2019-05-11T19:00:00-00:00","SP15","Solar","Renewable Forecast Actual Generation","RENEW_FCST_ACT_MW",3,3,6684.43264,"ACTUAL",3
"65","2019-05-11",20,0,"2019-05-12T02:00:00-00:00","2019-05-12T03:00:00-00:00","SP15","Solar","Renewable Forecast Actual Generation","RENEW_FCST_ACT_MW",3,3,126.59474,"ACTUAL",3
"66","2019-05-11",7,0,"2019-05-11T13:00:00-00:00","2019-05-11T14:00:00-00:00","SP15","Solar","Renewable Forecast Actual Generation","RENEW_FCST_ACT_MW",3,3,483.46923,"ACTUAL",3
"67","2019-05-11",19,0,"2019-05-12T01:00:00-00:00","2019-05-12T02:00:00-00:00","SP15","Solar","Renewable Forecast Actual Generation","RENEW_FCST_ACT_MW",3,3,1862.50201,"ACTUAL",3
"68","2019-05-11",14,0,"2019-05-11T20:00:00-00:00","2019-05-11T21:00:00-00:00","SP15","Solar","Renewable Forecast Actual Generation","RENEW_FCST_ACT_MW",3,3,6429.07919,"ACTUAL",3
"69","2019-05-11",17,0,"2019-05-11T23:00:00-00:00","2019-05-12T00:00:00-00:00","SP15","Solar","Renewable Forecast Actual Generation","RENEW_FCST_ACT_MW",3,3,4659.93786,"ACTUAL",3
"70","2019-05-11",18,0,"2019-05-12T00:00:00-00:00","2019-05-12T01:00:00-00:00","SP15","Wind","Renewable Forecast Actual Generation","RENEW_FCST_ACT_MW",3,1,874.51017,"ACTUAL",4
"71","2019-05-11",19,0,"2019-05-12T01:00:00-00:00","2019-05-12T02:00:00-00:00","SP15","Wind","Renewable Forecast Actual Generation","RENEW_FCST_ACT_MW",3,1,1141.29999,"ACTUAL",4
"72","2019-05-11",20,0,"2019-05-12T02:00:00-00:00","2019-05-12T03:00:00-00:00","SP15","Wind","Renewable Forecast Actual Generation","RENEW_FCST_ACT_MW",3,1,1568.54422,"ACTUAL",4
"73","2019-05-11",21,0,"2019-05-12T03:00:00-00:00","2019-05-12T04:00:00-00:00","SP15","Wind","Renewable Forecast Actual Generation","RENEW_FCST_ACT_MW",3,1,1564.44692,"ACTUAL",4
"74","2019-05-11",22,0,"2019-05-12T04:00:00-00:00","2019-05-12T05:00:00-00:00","SP15","Wind","Renewable Forecast Actual Generation","RENEW_FCST_ACT_MW",3,1,1503.50383,"ACTUAL",4
"75","2019-05-11",23,0,"2019-05-12T05:00:00-00:00","2019-05-12T06:00:00-00:00","SP15","Wind","Renewable Forecast Actual Generation","RENEW_FCST_ACT_MW",3,1,1238.58064,"ACTUAL",4
"76","2019-05-11",24,0,"2019-05-12T06:00:00-00:00","2019-05-12T07:00:00-00:00","SP15","Wind","Renewable Forecast Actual Generation","RENEW_FCST_ACT_MW",3,1,1251.34565,"ACTUAL",4
"77","2019-05-11",2,0,"2019-05-11T08:00:00-00:00","2019-05-11T09:00:00-00:00","SP15","Wind","Renewable Forecast Actual Generation","RENEW_FCST_ACT_MW",3,1,390.76536,"ACTUAL",4
"78","2019-05-11",3,0,"2019-05-11T09:00:00-00:00","2019-05-11T10:00:00-00:00","SP15","Wind","Renewable Forecast Actual Generation","RENEW_FCST_ACT_MW",3,1,400.8459,"ACTUAL",4
"79","2019-05-11",4,0,"2019-05-11T10:00:00-00:00","2019-05-11T11:00:00-00:00","SP15","Wind","Renewable Forecast Actual Generation","RENEW_FCST_ACT_MW",3,1,454.66229,"ACTUAL",4
"80","2019-05-11",5,0,"2019-05-11T11:00:00-00:00","2019-05-11T12:00:00-00:00","SP15","Wind","Renewable Forecast Actual Generation","RENEW_FCST_ACT_MW",3,1,493.69027,"ACTUAL",4
"81","2019-05-11",6,0,"2019-05-11T12:00:00-00:00","2019-05-11T13:00:00-00:00","SP15","Wind","Renewable Forecast Actual Generation","RENEW_FCST_ACT_MW",3,1,482.79601,"ACTUAL",4
"82","2019-05-11",7,0,"2019-05-11T13:00:00-00:00","2019-05-11T14:00:00-00:00","SP15","Wind","Renewable Forecast Actual Generation","RENEW_FCST_ACT_MW",3,1,388.50358,"ACTUAL",4
"83","2019-05-11",8,0,"2019-05-11T14:00:00-00:00","2019-05-11T15:00:00-00:00","SP15","Wind","Renewable Forecast Actual Generation","RENEW_FCST_ACT_MW",3,1,272.14284,"ACTUAL",4
"84","2019-05-11",9,0,"2019-05-11T15:00:00-00:00","2019-05-11T16:00:00-00:00","SP15","Wind","Renewable Forecast Actual Generation","RENEW_FCST_ACT_MW",3,1,128.31038,"ACTUAL",4
"85","2019-05-11",10,0,"2019-05-11T16:00:00-00:00","2019-05-11T17:00:00-00:00","SP15","Wind","Renewable Forecast Actual Generation","RENEW_FCST_ACT_MW",3,1,103.7772,"ACTUAL",4
"86","2019-05-11",11,0,"2019-05-11T17:00:00-00:00","2019-05-11T18:00:00-00:00","SP15","Wind","Renewable Forecast Actual Generation","RENEW_FCST_ACT_MW",3,1,141.62537,"ACTUAL",4
"87","2019-05-11",12,0,"2019-05-11T18:00:00-00:00","2019-05-11T19:00:00-00:00","SP15","Wind","Renewable Forecast Actual Generation","RENEW_FCST_ACT_MW",3,1,233.83714,"ACTUAL",4
"88","2019-05-11",13,0,"2019-05-11T19:00:00-00:00","2019-05-11T20:00:00-00:00","SP15","Wind","Renewable Forecast Actual Generation","RENEW_FCST_ACT_MW",3,1,267.89049,"ACTUAL",4
"89","2019-05-11",14,0,"2019-05-11T20:00:00-00:00","2019-05-11T21:00:00-00:00","SP15","Wind","Renewable Forecast Actual Generation","RENEW_FCST_ACT_MW",3,1,236.75139,"ACTUAL",4
"90","2019-05-11",15,0,"2019-05-11T21:00:00-00:00","2019-05-11T22:00:00-00:00","SP15","Wind","Renewable Forecast Actual Generation","RENEW_FCST_ACT_MW",3,1,313.93676,"ACTUAL",4
"91","2019-05-11",16,0,"2019-05-11T22:00:00-00:00","2019-05-11T23:00:00-00:00","SP15","Wind","Renewable Forecast Actual Generation","RENEW_FCST_ACT_MW",3,1,807.69781,"ACTUAL",4
"92","2019-05-11",17,0,"2019-05-11T23:00:00-00:00","2019-05-12T00:00:00-00:00","SP15","Wind","Renewable Forecast Actual Generation","RENEW_FCST_ACT_MW",3,1,1325.1758,"ACTUAL",4
"93","2019-05-11",18,0,"2019-05-12T00:00:00-00:00","2019-05-12T01:00:00-00:00","ZP26","Solar","Renewable Forecast Actual Generation","RENEW_FCST_ACT_MW",3,3,914.07919,"ACTUAL",5
"94","2019-05-11",17,0,"2019-05-11T23:00:00-00:00","2019-05-12T00:00:00-00:00","ZP26","Solar","Renewable Forecast Actual Generation","RENEW_FCST_ACT_MW",3,3,1153.71269,"ACTUAL",5
"95","2019-05-11",20,0,"2019-05-12T02:00:00-00:00","2019-05-12T03:00:00-00:00","ZP26","Solar","Renewable Forecast Actual Generation","RENEW_FCST_ACT_MW",3,3,66.66829,"ACTUAL",5
"96","2019-05-11",21,0,"2019-05-12T03:00:00-00:00","2019-05-12T04:00:00-00:00","ZP26","Solar","Renewable Forecast Actual Generation","RENEW_FCST_ACT_MW",3,3,-5.31387,"ACTUAL",5
"97","2019-05-11",22,0,"2019-05-12T04:00:00-00:00","2019-05-12T05:00:00-00:00","ZP26","Solar","Renewable Forecast Actual Generation","RENEW_FCST_ACT_MW",3,3,-4.99122,"ACTUAL",5
"98","2019-05-11",23,0,"2019-05-12T05:00:00-00:00","2019-05-12T06:00:00-00:00","ZP26","Solar","Renewable Forecast Actual Generation","RENEW_FCST_ACT_MW",3,3,-5.001,"ACTUAL",5
"99","2019-05-11",24,0,"2019-05-12T06:00:00-00:00","2019-05-12T07:00:00-00:00","ZP26","Solar","Renewable Forecast Actual Generation","RENEW_FCST_ACT_MW",3,3,-4.92391,"ACTUAL",5
"100","2019-05-11",2,0,"2019-05-11T08:00:00-00:00","2019-05-11T09:00:00-00:00","ZP26","Solar","Renewable Forecast Actual Generation","RENEW_FCST_ACT_MW",3,3,-5.00707,"ACTUAL",5
"101","2019-05-11",3,0,"2019-05-11T09:00:00-00:00","2019-05-11T10:00:00-00:00","ZP26","Solar","Renewable Forecast Actual Generation","RENEW_FCST_ACT_MW",3,3,-4.92905,"ACTUAL",5
"102","2019-05-11",4,0,"2019-05-11T10:00:00-00:00","2019-05-11T11:00:00-00:00","ZP26","Solar","Renewable Forecast Actual Generation","RENEW_FCST_ACT_MW",3,3,-4.97036,"ACTUAL",5
"103","2019-05-11",5,0,"2019-05-11T11:00:00-00:00","2019-05-11T12:00:00-00:00","ZP26","Solar","Renewable Forecast Actual Generation","RENEW_FCST_ACT_MW",3,3,-5.26325,"ACTUAL",5
"104","2019-05-11",6,0,"2019-05-11T12:00:00-00:00","2019-05-11T13:00:00-00:00","ZP26","Solar","Renewable Forecast Actual Generation","RENEW_FCST_ACT_MW",3,3,-5.31821,"ACTUAL",5
"105","2019-05-11",7,0,"2019-05-11T13:00:00-00:00","2019-05-11T14:00:00-00:00","ZP26","Solar","Renewable Forecast Actual Generation","RENEW_FCST_ACT_MW",3,3,111.9595,"ACTUAL",5
"106","2019-05-11",8,0,"2019-05-11T14:00:00-00:00","2019-05-11T15:00:00-00:00","ZP26","Solar","Renewable Forecast Actual Generation","RENEW_FCST_ACT_MW",3,3,657.87133,"ACTUAL",5
"107","2019-05-11",9,0,"2019-05-11T15:00:00-00:00","2019-05-11T16:00:00-00:00","ZP26","Solar","Renewable Forecast Actual Generation","RENEW_FCST_ACT_MW",3,3,1208.64608,"ACTUAL",5
"108","2019-05-11",10,0,"2019-05-11T16:00:00-00:00","2019-05-11T17:00:00-00:00","ZP26","Solar","Renewable Forecast Actual Generation","RENEW_FCST_ACT_MW",3,3,1477.84747,"ACTUAL",5
"109","2019-05-11",11,0,"2019-05-11T17:00:00-00:00","2019-05-11T18:00:00-00:00","ZP26","Solar","Renewable Forecast Actual Generation","RENEW_FCST_ACT_MW",3,3,1614.45247,"ACTUAL",5
"110","2019-05-11",12,0,"2019-05-11T18:00:00-00:00","2019-05-11T19:00:00-00:00","ZP26","Solar","Renewable Forecast Actual Generation","RENEW_FCST_ACT_MW",3,3,1666.19902,"ACTUAL",5
"111","2019-05-11",13,0,"2019-05-11T19:00:00-00:00","2019-05-11T20:00:00-00:00","ZP26","Solar","Renewable Forecast Actual Generation","RENEW_FCST_ACT_MW",3,3,1681.55789,"ACTUAL",5
"112","2019-05-11",14,0,"2019-05-11T20:00:00-00:00","2019-05-11T21:00:00-00:00","ZP26","Solar","Renewable Forecast Actual Generation","RENEW_FCST_ACT_MW",3,3,1671.46861,"ACTUAL",5
"113","2019-05-11",15,0,"2019-05-11T21:00:00-00:00","2019-05-11T22:00:00-00:00","ZP26","Solar","Renewable Forecast Actual Generation","RENEW_FCST_ACT_MW",3,3,1605.90967,"ACTUAL",5
"114","2019-05-11",16,0,"2019-05-11T22:00:00-00:00","2019-05-11T23:00:00-00:00","ZP26","Solar","Renewable Forecast Actual Generation","RENEW_FCST_ACT_MW",3,3,1433.90025,"ACTUAL",5
"115","2019-05-11",19,0,"2019-05-12T01:00:00-00:00","2019-05-12T02:00:00-00:00","ZP26","Solar","Renewable Forecast Actual Generation","RENEW_FCST_ACT_MW",3,3,526.56683,"ACTUAL",5
"116","2019-05-12",1,0,"2019-05-12T07:00:00-00:00","2019-05-12T08:00:00-00:00","NP15","Solar","Renewable Forecast Actual Generation","RENEW_FCST_ACT_MW",3,3,24.70355,"ACTUAL",6
"117","2019-05-12",1,0,"2019-05-12T07:00:00-00:00","2019-05-12T08:00:00-00:00","NP15","Wind","Renewable Forecast Actual Generation","RENEW_FCST_ACT_MW",3,1,1370.19275,"ACTUAL",7
"118","2019-05-12",1,0,"2019-05-12T07:00:00-00:00","2019-05-12T08:00:00-00:00","SP15","Solar","Renewable Forecast Actual Generation","RENEW_FCST_ACT_MW",3,3,-25.13519,"ACTUAL",8
"119","2019-05-12",1,0,"2019-05-12T07:00:00-00:00","2019-05-12T08:00:00-00:00","SP15","Wind","Renewable Forecast Actual Generation","RENEW_FCST_ACT_MW",3,1,1453.81308,"ACTUAL",9
"120","2019-05-12",1,0,"2019-05-12T07:00:00-00:00","2019-05-12T08:00:00-00:00","ZP26","Solar","Renewable Forecast Actual Generation","RENEW_FCST_ACT_MW",3,3,-4.91756,"ACTUAL",10
