"","OPR_DT","OPR_HR","OPR_INTERVAL","INTERVALSTARTTIME_GMT","INTERVALENDTIME_GMT","TRADING_HUB","RENEWABLE_TYPE","LABEL","XML_DATA_ITEM","MARKET_RUN_ID_POS","RENEW_POS","MW","MARKET_RUN_ID","GROUP"
"1","2019-10-08",2,0,"2019-10-08T08:00:00-00:00","2019-10-08T09:00:00-00:00","NP15","Solar","Renewable Forecast Actual Generation","RENEW_FCST_ACT_MW",3,3,-2.25084,"ACTUAL",1
"2","2019-10-08",3,0,"2019-10-08T09:00:00-00:00","2019-10-08T10:00:00-00:00","NP15","Solar","Renewable Forecast Actual Generation","RENEW_FCST_ACT_MW",3,3,-2.25429,"ACTUAL",1
"3","2019-10-08",4,0,"2019-10-08T10:00:00-00:00","2019-10-08T11:00:00-00:00","NP15","Solar","Renewable Forecast Actual Generation","RENEW_FCST_ACT_MW",3,3,-2.27842,"ACTUAL",1
"4","2019-10-08",5,0,"2019-10-08T11:00:00-00:00","2019-10-08T12:00:00-00:00","NP15","Solar","Renewable Forecast Actual Generation","RENEW_FCST_ACT_MW",3,3,-2.83744,"ACTUAL",1
"5","2019-10-08",6,0,"2019-10-08T12:00:00-00:00","2019-10-08T13:00:00-00:00","NP15","Solar","Renewable Forecast Actual Generation","RENEW_FCST_ACT_MW",3,3,-2.46843,"ACTUAL",1
"6","2019-10-08",7,0,"2019-10-08T13:00:00-00:00","2019-10-08T14:00:00-00:00","NP15","Solar","Renewable Forecast Actual Generation","RENEW_FCST_ACT_MW",3,3,-2.45405,"ACTUAL",1
"7","2019-10-08",8,0,"2019-10-08T14:00:00-00:00","2019-10-08T15:00:00-00:00","NP15","Solar","Renewable Forecast Actual Generation","RENEW_FCST_ACT_MW",3,3,132.59795,"ACTUAL",1
"8","2019-10-08",9,0,"2019-10-08T15:00:00-00:00","2019-10-08T16:00:00-00:00","NP15","Solar","Renewable Forecast Actual Generation","RENEW_FCST_ACT_MW",3,3,780.29196,"ACTUAL",1
"9","2019-10-08",10,0,"2019-10-08T16:00:00-00:00","2019-10-08T17:00:00-00:00","NP15","Solar","Renewable Forecast Actual Generation","RENEW_FCST_ACT_MW",3,3,1103.33698,"ACTUAL",1
"10","2019-10-08",11,0,"2019-10-08T17:00:00-00:00","2019-10-08T18:00:00-00:00","NP15","Solar","Renewable Forecast Actual Generation","RENEW_FCST_ACT_MW",3,3,1125.88447,"ACTUAL",1
"11","2019-10-08",12,0,"2019-10-08T18:00:00-00:00","2019-10-08T19:00:00-00:00","NP15","Solar","Renewable Forecast Actual Generation","RENEW_FCST_ACT_MW",3,3,1085.2116,"ACTUAL",1
"12","2019-10-08",13,0,"2019-10-08T19:00:00-00:00","2019-10-08T20:00:00-00:00","NP15","Solar","Renewable Forecast Actual Generation","RENEW_FCST_ACT_MW",3,3,1048.92086,"ACTUAL",1
"13","2019-10-08",14,0,"2019-10-08T20:00:00-00:00","2019-10-08T21:00:00-00:00","NP15","Solar","Renewable Forecast Actual Generation","RENEW_FCST_ACT_MW",3,3,1019.98905,"ACTUAL",1
"14","2019-10-08",15,0,"2019-10-08T21:00:00-00:00","2019-10-08T22:00:00-00:00","NP15","Solar","Renewable Forecast Actual Generation","RENEW_FCST_ACT_MW",3,3,1068.4273,"ACTUAL",1
"15","2019-10-08",16,0,"2019-10-08T22:00:00-00:00","2019-10-08T23:00:00-00:00","NP15","Solar","Renewable Forecast Actual Generation","RENEW_FCST_ACT_MW",3,3,1105.33583,"ACTUAL",1
"16","2019-10-08",17,0,"2019-10-08T23:00:00-00:00","2019-10-09T00:00:00-00:00","NP15","Solar","Renewable Forecast Actual Generation","RENEW_FCST_ACT_MW",3,3,951.93503,"ACTUAL",1
"17","2019-10-08",18,0,"2019-10-09T00:00:00-00:00","2019-10-09T01:00:00-00:00","NP15","Solar","Renewable Forecast Actual Generation","RENEW_FCST_ACT_MW",3,3,424.97644,"ACTUAL",1
"18","2019-10-08",19,0,"2019-10-09T01:00:00-00:00","2019-10-09T02:00:00-00:00","NP15","Solar","Renewable Forecast Actual Generation","RENEW_FCST_ACT_MW",3,3,19.81765,"ACTUAL",1
"19","2019-10-08",20,0,"2019-10-09T02:00:00-00:00","2019-10-09T03:00:00-00:00","NP15","Solar","Renewable Forecast Actual Generation","RENEW_FCST_ACT_MW",3,3,-2.25606,"ACTUAL",1
"20","2019-10-08",21,0,"2019-10-09T03:00:00-00:00","2019-10-09T04:00:00-00:00","NP15","Solar","Renewable Forecast Actual Generation","RENEW_FCST_ACT_MW",3,3,-2.26898,"ACTUAL",1
"21","2019-10-08",22,0,"2019-10-09T04:00:00-00:00","2019-10-09T05:00:00-00:00","NP15","Solar","Renewable Forecast Actual Generation","RENEW_FCST_ACT_MW",3,3,-2.21896,"ACTUAL",1
"22","2019-10-08",23,0,"2019-10-09T05:00:00-00:00","2019-10-09T06:00:00-00:00","NP15","Solar","Renewable Forecast Actual Generation","RENEW_FCST_ACT_MW",3,3,-2.24694,"ACTUAL",1
"23","2019-10-08",24,0,"2019-10-09T06:00:00-00:00","2019-10-09T07:00:00-00:00","NP15","Solar","Renewable Forecast Actual Generation","RENEW_FCST_ACT_MW",3,3,-2.243,"ACTUAL",1
"24","2019-10-08",18,0,"2019-10-09T00:00:00-00:00","2019-10-09T01:00:00-00:00","NP15","Wind","Renewable Forecast Actual Generation","RENEW_FCST_ACT_MW",3,1,357.69505,"ACTUAL",2
"25","2019-10-08",6,0,"2019-10-08T12:00:00-00:00","2019-10-08T13:00:00-00:00","NP15","Wind","Renewable Forecast Actual Generation","RENEW_FCST_ACT_MW",3,1,111.07327,"ACTUAL",2
"26","2019-10-08",17,0,"2019-10-08T23:00:00-00:00","2019-10-09T00:00:00-00:00","NP15","Wind","Renewable Forecast Actual Generation","RENEW_FCST_ACT_MW",3,1,365.56073,"ACTUAL",2
"27","2019-10-08",16,0,"2019-10-08T22:00:00-00:00","2019-10-08T23:00:00-00:00","NP15","Wind","Renewable Forecast Actual Generation","RENEW_FCST_ACT_MW",3,1,277.46273,"ACTUAL",2
"28","2019-10-08",15,0,"2019-10-08T21:00:00-00:00","2019-10-08T22:00:00-00:00","NP15","Wind","Renewable Forecast Actual Generation","RENEW_FCST_ACT_MW",3,1,140.09893,"ACTUAL",2
"29","2019-10-08",14,0,"2019-10-08T20:00:00-00:00","2019-10-08T21:00:00-00:00","NP15","Wind","Renewable Forecast Actual Generation","RENEW_FCST_ACT_MW",3,1,71.62454,"ACTUAL",2
"30","2019-10-08",13,0,"2019-10-08T19:00:00-00:00","2019-10-08T20:00:00-00:00","NP15","Wind","Renewable Forecast Actual Generation","RENEW_FCST_ACT_MW",3,1,32.59379,"ACTUAL",2
"31","2019-10-08",12,0,"2019-10-08T18:00:00-00:00","2019-10-08T19:00:00-00:00","NP15","Wind","Renewable Forecast Actual Generation","RENEW_FCST_ACT_MW",3,1,12.5801,"ACTUAL",2
"32","2019-10-08",11,0,"2019-10-08T17:00:00-00:00","2019-10-08T18:00:00-00:00","NP15","Wind","Renewable Forecast Actual Generation","RENEW_FCST_ACT_MW",3,1,16.25894,"ACTUAL",2
"33","2019-10-08",10,0,"2019-10-08T16:00:00-00:00","2019-10-08T17:00:00-00:00","NP15","Wind","Renewable Forecast Actual Generation","RENEW_FCST_ACT_MW",3,1,41.69726,"ACTUAL",2
"34","2019-10-08",9,0,"2019-10-08T15:00:00-00:00","2019-10-08T16:00:00-00:00","NP15","Wind","Renewable Forecast Actual Generation","RENEW_FCST_ACT_MW",3,1,68.90332,"ACTUAL",2
"35","2019-10-08",8,0,"2019-10-08T14:00:00-00:00","2019-10-08T15:00:00-00:00","NP15","Wind","Renewable Forecast Actual Generation","RENEW_FCST_ACT_MW",3,1,90.43303,"ACTUAL",2
"36","2019-10-08",7,0,"2019-10-08T13:00:00-00:00","2019-10-08T14:00:00-00:00","NP15","Wind","Renewable Forecast Actual Generation","RENEW_FCST_ACT_MW",3,1,81.03392,"ACTUAL",2
"37","2019-10-08",5,0,"2019-10-08T11:00:00-00:00","2019-10-08T12:00:00-00:00","NP15","Wind","Renewable Forecast Actual Generation","RENEW_FCST_ACT_MW",3,1,151.57653,"ACTUAL",2
"38","2019-10-08",4,0,"2019-10-08T10:00:00-00:00","2019-10-08T11:00:00-00:00","NP15","Wind","Renewable Forecast Actual Generation","RENEW_FCST_ACT_MW",3,1,247.48779,"ACTUAL",2
"39","2019-10-08",3,0,"2019-10-08T09:00:00-00:00","2019-10-08T10:00:00-00:00","NP15","Wind","Renewable Forecast Actual Generation","RENEW_FCST_ACT_MW",3,1,377.53601,"ACTUAL",2
"40","2019-10-08",2,0,"2019-10-08T08:00:00-00:00","2019-10-08T09:00:00-00:00","NP15","Wind","Renewable Forecast Actual Generation","RENEW_FCST_ACT_MW",3,1,305.43479,"ACTUAL",2
"41","2019-10-08",24,0,"2019-10-09T06:00:00-00:00","2019-10-09T07:00:00-00:00","NP15","Wind","Renewable Forecast Actual Generation","RENEW_FCST_ACT_MW",3,1,888.80665,"ACTUAL",2
"42","2019-10-08",23,0,"2019-10-09T05:00:00-00:00","2019-10-09T06:00:00-00:00","NP15","Wind","Renewable Forecast Actual Generation","RENEW_FCST_ACT_MW",3,1,977.00744,"ACTUAL",2
"43","2019-10-08",22,0,"2019-10-09T04:00:00-00:00","2019-10-09T05:00:00-00:00","NP15","Wind","Renewable Forecast Actual Generation","RENEW_FCST_ACT_MW",3,1,968.33414,"ACTUAL",2
"44","2019-10-08",21,0,"2019-10-09T03:00:00-00:00","2019-10-09T04:00:00-00:00","NP15","Wind","Renewable Forecast Actual Generation","RENEW_FCST_ACT_MW",3,1,910.75455,"ACTUAL",2
"45","2019-10-08",20,0,"2019-10-09T02:00:00-00:00","2019-10-09T03:00:00-00:00","NP15","Wind","Renewable Forecast Actual Generation","RENEW_FCST_ACT_MW",3,1,558.03316,"ACTUAL",2
"46","2019-10-08",19,0,"2019-10-09T01:00:00-00:00","2019-10-09T02:00:00-00:00","NP15","Wind","Renewable Forecast Actual Generation","RENEW_FCST_ACT_MW",3,1,514.81816,"ACTUAL",2
"47","2019-10-08",6,0,"2019-10-08T12:00:00-00:00","2019-10-08T13:00:00-00:00","SP15","Solar","Renewable Forecast Actual Generation","RENEW_FCST_ACT_MW",3,3,-15.16185,"ACTUAL",3
"48","2019-10-08",18,0,"2019-10-09T00:00:00-00:00","2019-10-09T01:00:00-00:00","SP15","Solar","Renewable Forecast Actual Generation","RENEW_FCST_ACT_MW",3,3,1955.95669,"ACTUAL",3
"49","2019-10-08",5,0,"2019-10-08T11:00:00-00:00","2019-10-08T12:00:00-00:00","SP15","Solar","Renewable Forecast Actual Generation","RENEW_FCST_ACT_MW",3,3,-15.13539,"ACTUAL",3
"50","2019-10-08",11,0,"2019-10-08T17:00:00-00:00","2019-10-08T18:00:00-00:00","SP15","Solar","Renewable Forecast Actual Generation","RENEW_FCST_ACT_MW",3,3,6785.34289,"ACTUAL",3
"51","2019-10-08",4,0,"2019-10-08T10:00:00-00:00","2019-10-08T11:00:00-00:00","SP15","Solar","Renewable Forecast Actual Generation","RENEW_FCST_ACT_MW",3,3,-15.60988,"ACTUAL",3
"52","2019-10-08",15,0,"2019-10-08T21:00:00-00:00","2019-10-08T22:00:00-00:00","SP15","Solar","Renewable Forecast Actual Generation","RENEW_FCST_ACT_MW",3,3,6679.78143,"ACTUAL",3
"53","2019-10-08",3,0,"2019-10-08T09:00:00-00:00","2019-10-08T10:00:00-00:00","SP15","Solar","Renewable Forecast Actual Generation","RENEW_FCST_ACT_MW",3,3,-14.58718,"ACTUAL",3
"54","2019-10-08",10,0,"2019-10-08T16:00:00-00:00","2019-10-08T17:00:00-00:00","SP15","Solar","Renewable Forecast Actual Generation","RENEW_FCST_ACT_MW",3,3,6389.21124,"ACTUAL",3
"55","2019-10-08",2,0,"2019-10-08T08:00:00-00:00","2019-10-08T09:00:00-00:00","SP15","Solar","Renewable Forecast Actual Generation","RENEW_FCST_ACT_MW",3,3,-14.27373,"ACTUAL",3
"56","2019-10-08",13,0,"2019-10-08T19:00:00-00:00","2019-10-08T20:00:00-00:00","SP15","Solar","Renewable Forecast Actual Generation","RENEW_FCST_ACT_MW",3,3,6831.65746,"ACTUAL",3
"57","2019-10-08",24,0,"2019-10-09T06:00:00-00:00","2019-10-09T07:00:00-00:00","SP15","Solar","Renewable Forecast Actual Generation","RENEW_FCST_ACT_MW",3,3,-15.57785,"ACTUAL",3
"58","2019-10-08",9,0,"2019-10-08T15:00:00-00:00","2019-10-08T16:00:00-00:00","SP15","Solar","Renewable Forecast Actual Generation","RENEW_FCST_ACT_MW",3,3,4641.63757,"ACTUAL",3
"59","2019-10-08",23,0,"2019-10-09T05:00:00-00:00","2019-10-09T06:00:00-00:00","SP15","Solar","Renewable Forecast Actual Generation","RENEW_FCST_ACT_MW",3,3,-15.30414,"ACTUAL",3
"60","2019-10-08",16,0,"2019-10-08T22:00:00-00:00","2019-10-08T23:00:00-00:00","SP15","Solar","Renewable Forecast Actual Generation","RENEW_FCST_ACT_MW",3,3,6312.74415,"ACTUAL",3
"61","2019-10-08",22,0,"2019-10-09T04:00:00-00:00","2019-10-09T05:00:00-00:00","SP15","Solar","Renewable Forecast Actual Generation","RENEW_FCST_ACT_MW",3,3,-15.02798,"ACTUAL",3
"62","2019-10-08",8,0,"2019-10-08T14:00:00-00:00","2019-10-08T15:00:00-00:00","SP15","Solar","Renewable Forecast Actual Generation","RENEW_FCST_ACT_MW",3,3,1346.66709,"ACTUAL",3
"63","2019-10-08",21,0,"2019-10-09T03:00:00-00:00","2019-10-09T04:00:00-00:00","SP15","Solar","Renewable Forecast Actual Generation","RENEW_FCST_ACT_MW",3,3,-14.3723,"ACTUAL",3
"64","2019-10-08",12,0,"2019-10-08T18:00:00-00:00","2019-10-08T19:00:00-00:00","SP15","Solar","Renewable Forecast Actual Generation","RENEW_FCST_ACT_MW",3,3,6748.31419,"ACTUAL",3
"65","2019-10-08",20,0,"2019-10-09T02:00:00-00:00","2019-10-09T03:00:00-00:00","SP15","Solar","Renewable Forecast Actual Generation","RENEW_FCST_ACT_MW",3,3,-14.8564,"ACTUAL",3
"66","2019-10-08",7,0,"2019-10-08T13:00:00-00:00","2019-10-08T14:00:00-00:00","SP15","Solar","Renewable Forecast Actual Generation","RENEW_FCST_ACT_MW",3,3,-1.399,"ACTUAL",3
"67","2019-10-08",19,0,"2019-10-09T01:00:00-00:00","2019-10-09T02:00:00-00:00","SP15","Solar","Renewable Forecast Actual Generation","RENEW_FCST_ACT_MW",3,3,74.79701,"ACTUAL",3
"68","2019-10-08",14,0,"2019-10-08T20:00:00-00:00","2019-10-08T21:00:00-00:00","SP15","Solar","Renewable Forecast Actual Generation","RENEW_FCST_ACT_MW",3,3,6806.72682,"ACTUAL",3
"69","2019-10-08",17,0,"2019-10-08T23:00:00-00:00","2019-10-09T00:00:00-00:00","SP15","Solar","Renewable Forecast Actual Generation","RENEW_FCST_ACT_MW",3,3,5043.61347,"ACTUAL",3
"70","2019-10-08",18,0,"2019-10-09T00:00:00-00:00","2019-10-09T01:00:00-00:00","SP15","Wind","Renewable Forecast Actual Generation","RENEW_FCST_ACT_MW",3,1,2652.43972,"ACTUAL",4
"71","2019-10-08",19,0,"2019-10-09T01:00:00-00:00","2019-10-09T02:00:00-00:00","SP15","Wind","Renewable Forecast Actual Generation","RENEW_FCST_ACT_MW",3,1,2632.83584,"ACTUAL",4
"72","2019-10-08",20,0,"2019-10-09T02:00:00-00:00","2019-10-09T03:00:00-00:00","SP15","Wind","Renewable Forecast Actual Generation","RENEW_FCST_ACT_MW",3,1,2785.61061,"ACTUAL",4
"73","2019-10-08",21,0,"2019-10-09T03:00:00-00:00","2019-10-09T04:00:00-00:00","SP15","Wind","Renewable Forecast Actual Generation","RENEW_FCST_ACT_MW",3,1,2828.00525,"ACTUAL",4
"74","2019-10-08",22,0,"2019-10-09T04:00:00-00:00","2019-10-09T05:00:00-00:00","SP15","Wind","Renewable Forecast Actual Generation","RENEW_FCST_ACT_MW",3,1,2592.35552,"ACTUAL",4
"75","2019-10-08",23,0,"2019-10-09T05:00:00-00:00","2019-10-09T06:00:00-00:00","SP15","Wind","Renewable Forecast Actual Generation","RENEW_FCST_ACT_MW",3,1,2352.90686,"ACTUAL",4
"76","2019-10-08",24,0,"2019-10-09T06:00:00-00:00","2019-10-09T07:00:00-00:00","SP15","Wind","Renewable Forecast Actual Generation","RENEW_FCST_ACT_MW",3,1,2315.3756,"ACTUAL",4
"77","2019-10-08",2,0,"2019-10-08T08:00:00-00:00","2019-10-08T09:00:00-00:00","SP15","Wind","Renewable Forecast Actual Generation","RENEW_FCST_ACT_MW",3,1,1943.84768,"ACTUAL",4
"78","2019-10-08",3,0,"2019-10-08T09:00:00-00:00","2019-10-08T10:00:00-00:00","SP15","Wind","Renewable Forecast Actual Generation","RENEW_FCST_ACT_MW",3,1,2162.45104,"ACTUAL",4
"79","2019-10-08",4,0,"2019-10-08T10:00:00-00:00","2019-10-08T11:00:00-00:00","SP15","Wind","Renewable Forecast Actual Generation","RENEW_FCST_ACT_MW",3,1,2081.75747,"ACTUAL",4
"80","2019-10-08",5,0,"2019-10-08T11:00:00-00:00","2019-10-08T12:00:00-00:00","SP15","Wind","Renewable Forecast Actual Generation","RENEW_FCST_ACT_MW",3,1,1713.52151,"ACTUAL",4
"81","2019-10-08",6,0,"2019-10-08T12:00:00-00:00","2019-10-08T13:00:00-00:00","SP15","Wind","Renewable Forecast Actual Generation","RENEW_FCST_ACT_MW",3,1,1418.2345,"ACTUAL",4
"82","2019-10-08",7,0,"2019-10-08T13:00:00-00:00","2019-10-08T14:00:00-00:00","SP15","Wind","Renewable Forecast Actual Generation","RENEW_FCST_ACT_MW",3,1,1311.16697,"ACTUAL",4
"83","2019-10-08",8,0,"2019-10-08T14:00:00-00:00","2019-10-08T15:00:00-00:00","SP15","Wind","Renewable Forecast Actual Generation","RENEW_FCST_ACT_MW",3,1,1207.65392,"ACTUAL",4
"84","2019-10-08",9,0,"2019-10-08T15:00:00-00:00","2019-10-08T16:00:00-00:00","SP15","Wind","Renewable Forecast Actual Generation","RENEW_FCST_ACT_MW",3,1,952.11952,"ACTUAL",4
"85","2019-10-08",10,0,"2019-10-08T16:00:00-00:00","2019-10-08T17:00:00-00:00","SP15","Wind","Renewable Forecast Actual Generation","RENEW_FCST_ACT_MW",3,1,743.99192,"ACTUAL",4
"86","2019-10-08",11,0,"2019-10-08T17:00:00-00:00","2019-10-08T18:00:00-00:00","SP15","Wind","Renewable Forecast Actual Generation","RENEW_FCST_ACT_MW",3,1,504.41979,"ACTUAL",4
"87","2019-10-08",12,0,"2019-10-08T18:00:00-00:00","2019-10-08T19:00:00-00:00","SP15","Wind","Renewable Forecast Actual Generation","RENEW_FCST_ACT_MW",3,1,547.62585,"ACTUAL",4
"88","2019-10-08",13,0,"2019-10-08T19:00:00-00:00","2019-10-08T20:00:00-00:00","SP15","Wind","Renewable Forecast Actual Generation","RENEW_FCST_ACT_MW",3,1,722.9707,"ACTUAL",4
"89","2019-10-08",14,0,"2019-10-08T20:00:00-00:00","2019-10-08T21:00:00-00:00","SP15","Wind","Renewable Forecast Actual Generation","RENEW_FCST_ACT_MW",3,1,913.67745,"ACTUAL",4
"90","2019-10-08",15,0,"2019-10-08T21:00:00-00:00","2019-10-08T22:00:00-00:00","SP15","Wind","Renewable Forecast Actual Generation","RENEW_FCST_ACT_MW",3,1,1428.49646,"ACTUAL",4
"91","2019-10-08",16,0,"2019-10-08T22:00:00-00:00","2019-10-08T23:00:00-00:00","SP15","Wind","Renewable Forecast Actual Generation","RENEW_FCST_ACT_MW",3,1,1958.87226,"ACTUAL",4
"92","2019-10-08",17,0,"2019-10-08T23:00:00-00:00","2019-10-09T00:00:00-00:00","SP15","Wind","Renewable Forecast Actual Generation","RENEW_FCST_ACT_MW",3,1,2320.31589,"ACTUAL",4
"93","2019-10-08",18,0,"2019-10-09T00:00:00-00:00","2019-10-09T01:00:00-00:00","ZP26","Solar","Renewable Forecast Actual Generation","RENEW_FCST_ACT_MW",3,3,464.51254,"ACTUAL",5
"94","2019-10-08",17,0,"2019-10-08T23:00:00-00:00","2019-10-09T00:00:00-00:00","ZP26","Solar","Renewable Forecast Actual Generation","RENEW_FCST_ACT_MW",3,3,1078.43981,"ACTUAL",5
"95","2019-10-08",20,0,"2019-10-09T02:00:00-00:00","2019-10-09T03:00:00-00:00","ZP26","Solar","Renewable Forecast Actual Generation","RENEW_FCST_ACT_MW",3,3,-5.42032,"ACTUAL",5
"96","2019-10-08",21,0,"2019-10-09T03:00:00-00:00","2019-10-09T04:00:00-00:00","ZP26","Solar","Renewable Forecast Actual Generation","RENEW_FCST_ACT_MW",3,3,-5.32927,"ACTUAL",5
"97","2019-10-08",22,0,"2019-10-09T04:00:00-00:00","2019-10-09T05:00:00-00:00","ZP26","Solar","Renewable Forecast Actual Generation","RENEW_FCST_ACT_MW",3,3,-5.31867,"ACTUAL",5
"98","2019-10-08",23,0,"2019-10-09T05:00:00-00:00","2019-10-09T06:00:00-00:00","ZP26","Solar","Renewable Forecast Actual Generation","RENEW_FCST_ACT_MW",3,3,-5.32355,"ACTUAL",5
"99","2019-10-08",24,0,"2019-10-09T06:00:00-00:00","2019-10-09T07:00:00-00:00","ZP26","Solar","Renewable Forecast Actual Generation","RENEW_FCST_ACT_MW",3,3,-5.34976,"ACTUAL",5
"100","2019-10-08",2,0,"2019-10-08T08:00:00-00:00","2019-10-08T09:00:00-00:00","ZP26","Solar","Renewable Forecast Actual Generation","RENEW_FCST_ACT_MW",3,3,-3.44935,"ACTUAL",5
"101","2019-10-08",3,0,"2019-10-08T09:00:00-00:00","2019-10-08T10:00:00-00:00","ZP26","Solar","Renewable Forecast Actual Generation","RENEW_FCST_ACT_MW",3,3,-3.45142,"ACTUAL",5
"102","2019-10-08",4,0,"2019-10-08T10:00:00-00:00","2019-10-08T11:00:00-00:00","ZP26","Solar","Renewable Forecast Actual Generation","RENEW_FCST_ACT_MW",3,3,-3.46731,"ACTUAL",5
"103","2019-10-08",5,0,"2019-10-08T11:00:00-00:00","2019-10-08T12:00:00-00:00","ZP26","Solar","Renewable Forecast Actual Generation","RENEW_FCST_ACT_MW",3,3,-3.59563,"ACTUAL",5
"104","2019-10-08",6,0,"2019-10-08T12:00:00-00:00","2019-10-08T13:00:00-00:00","ZP26","Solar","Renewable Forecast Actual Generation","RENEW_FCST_ACT_MW",3,3,-3.57546,"ACTUAL",5
"105","2019-10-08",7,0,"2019-10-08T13:00:00-00:00","2019-10-08T14:00:00-00:00","ZP26","Solar","Renewable Forecast Actual Generation","RENEW_FCST_ACT_MW",3,3,-4.92514,"ACTUAL",5
"106","2019-10-08",8,0,"2019-10-08T14:00:00-00:00","2019-10-08T15:00:00-00:00","ZP26","Solar","Renewable Forecast Actual Generation","RENEW_FCST_ACT_MW",3,3,149.68452,"ACTUAL",5
"107","2019-10-08",9,0,"2019-10-08T15:00:00-00:00","2019-10-08T16:00:00-00:00","ZP26","Solar","Renewable Forecast Actual Generation","RENEW_FCST_ACT_MW",3,3,807.53093,"ACTUAL",5
"108","2019-10-08",10,0,"2019-10-08T16:00:00-00:00","2019-10-08T17:00:00-00:00","ZP26","Solar","Renewable Forecast Actual Generation","RENEW_FCST_ACT_MW",3,3,1268.75544,"ACTUAL",5
"109","2019-10-08",11,0,"2019-10-08T17:00:00-00:00","2019-10-08T18:00:00-00:00","ZP26","Solar","Renewable Forecast Actual Generation","RENEW_FCST_ACT_MW",3,3,1417.48344,"ACTUAL",5
"110","2019-10-08",12,0,"2019-10-08T18:00:00-00:00","2019-10-08T19:00:00-00:00","ZP26","Solar","Renewable Forecast Actual Generation","RENEW_FCST_ACT_MW",3,3,1473.82451,"ACTUAL",5
"111","2019-10-08",13,0,"2019-10-08T19:00:00-00:00","2019-10-08T20:00:00-00:00","ZP26","Solar","Renewable Forecast Actual Generation","RENEW_FCST_ACT_MW",3,3,1416.86536,"ACTUAL",5
"112","2019-10-08",14,0,"2019-10-08T20:00:00-00:00","2019-10-08T21:00:00-00:00","ZP26","Solar","Renewable Forecast Actual Generation","RENEW_FCST_ACT_MW",3,3,1491.70572,"ACTUAL",5
"113","2019-10-08",15,0,"2019-10-08T21:00:00-00:00","2019-10-08T22:00:00-00:00","ZP26","Solar","Renewable Forecast Actual Generation","RENEW_FCST_ACT_MW",3,3,1442.93454,"ACTUAL",5
"114","2019-10-08",16,0,"2019-10-08T22:00:00-00:00","2019-10-08T23:00:00-00:00","ZP26","Solar","Renewable Forecast Actual Generation","RENEW_FCST_ACT_MW",3,3,1339.00351,"ACTUAL",5
"115","2019-10-08",19,0,"2019-10-09T01:00:00-00:00","2019-10-09T02:00:00-00:00","ZP26","Solar","Renewable Forecast Actual Generation","RENEW_FCST_ACT_MW",3,3,22.24422,"ACTUAL",5
"116","2019-10-09",1,0,"2019-10-09T07:00:00-00:00","2019-10-09T08:00:00-00:00","NP15","Solar","Renewable Forecast Actual Generation","RENEW_FCST_ACT_MW",3,3,-2.24532,"ACTUAL",6
"117","2019-10-09",1,0,"2019-10-09T07:00:00-00:00","2019-10-09T08:00:00-00:00","NP15","Wind","Renewable Forecast Actual Generation","RENEW_FCST_ACT_MW",3,1,900.24071,"ACTUAL",7
"118","2019-10-09",1,0,"2019-10-09T07:00:00-00:00","2019-10-09T08:00:00-00:00","SP15","Solar","Renewable Forecast Actual Generation","RENEW_FCST_ACT_MW",3,3,-15.3188,"ACTUAL",8
"119","2019-10-09",1,0,"2019-10-09T07:00:00-00:00","2019-10-09T08:00:00-00:00","SP15","Wind","Renewable Forecast Actual Generation","RENEW_FCST_ACT_MW",3,1,2335.35608,"ACTUAL",9
"120","2019-10-09",1,0,"2019-10-09T07:00:00-00:00","2019-10-09T08:00:00-00:00","ZP26","Solar","Renewable Forecast Actual Generation","RENEW_FCST_ACT_MW",3,3,-5.37642,"ACTUAL",10
