"","OPR_DT","OPR_HR","OPR_INTERVAL","INTERVALSTARTTIME_GMT","INTERVALENDTIME_GMT","TRADING_HUB","RENEWABLE_TYPE","LABEL","XML_DATA_ITEM","MARKET_RUN_ID_POS","RENEW_POS","MW","MARKET_RUN_ID","GROUP"
"1","2019-06-27",2,0,"2019-06-27T08:00:00-00:00","2019-06-27T09:00:00-00:00","NP15","Solar","Renewable Forecast Actual Generation","RENEW_FCST_ACT_MW",3,3,-3.11182,"ACTUAL",1
"2","2019-06-27",3,0,"2019-06-27T09:00:00-00:00","2019-06-27T10:00:00-00:00","NP15","Solar","Renewable Forecast Actual Generation","RENEW_FCST_ACT_MW",3,3,-2.97627,"ACTUAL",1
"3","2019-06-27",4,0,"2019-06-27T10:00:00-00:00","2019-06-27T11:00:00-00:00","NP15","Solar","Renewable Forecast Actual Generation","RENEW_FCST_ACT_MW",3,3,-2.78803,"ACTUAL",1
"4","2019-06-27",5,0,"2019-06-27T11:00:00-00:00","2019-06-27T12:00:00-00:00","NP15","Solar","Renewable Forecast Actual Generation","RENEW_FCST_ACT_MW",3,3,-2.80278,"ACTUAL",1
"5","2019-06-27",6,0,"2019-06-27T12:00:00-00:00","2019-06-27T13:00:00-00:00","NP15","Solar","Renewable Forecast Actual Generation","RENEW_FCST_ACT_MW",3,3,-1.8519,"ACTUAL",1
"6","2019-06-27",7,0,"2019-06-27T13:00:00-00:00","2019-06-27T14:00:00-00:00","NP15","Solar","Renewable Forecast Actual Generation","RENEW_FCST_ACT_MW",3,3,223.74372,"ACTUAL",1
"7","2019-06-27",8,0,"2019-06-27T14:00:00-00:00","2019-06-27T15:00:00-00:00","NP15","Solar","Renewable Forecast Actual Generation","RENEW_FCST_ACT_MW",3,3,869.15303,"ACTUAL",1
"8","2019-06-27",9,0,"2019-06-27T15:00:00-00:00","2019-06-27T16:00:00-00:00","NP15","Solar","Renewable Forecast Actual Generation","RENEW_FCST_ACT_MW",3,3,1177.49748,"ACTUAL",1
"9","2019-06-27",10,0,"2019-06-27T16:00:00-00:00","2019-06-27T17:00:00-00:00","NP15","Solar","Renewable Forecast Actual Generation","RENEW_FCST_ACT_MW",3,3,1329.73827,"ACTUAL",1
"10","2019-06-27",11,0,"2019-06-27T17:00:00-00:00","2019-06-27T18:00:00-00:00","NP15","Solar","Renewable Forecast Actual Generation","RENEW_FCST_ACT_MW",3,3,1365.15928,"ACTUAL",1
"11","2019-06-27",12,0,"2019-06-27T18:00:00-00:00","2019-06-27T19:00:00-00:00","NP15","Solar","Renewable Forecast Actual Generation","RENEW_FCST_ACT_MW",3,3,1381.9474,"ACTUAL",1
"12","2019-06-27",13,0,"2019-06-27T19:00:00-00:00","2019-06-27T20:00:00-00:00","NP15","Solar","Renewable Forecast Actual Generation","RENEW_FCST_ACT_MW",3,3,1389.685,"ACTUAL",1
"13","2019-06-27",14,0,"2019-06-27T20:00:00-00:00","2019-06-27T21:00:00-00:00","NP15","Solar","Renewable Forecast Actual Generation","RENEW_FCST_ACT_MW",3,3,1417.02378,"ACTUAL",1
"14","2019-06-27",15,0,"2019-06-27T21:00:00-00:00","2019-06-27T22:00:00-00:00","NP15","Solar","Renewable Forecast Actual Generation","RENEW_FCST_ACT_MW",3,3,1373.96256,"ACTUAL",1
"15","2019-06-27",16,0,"2019-06-27T22:00:00-00:00","2019-06-27T23:00:00-00:00","NP15","Solar","Renewable Forecast Actual Generation","RENEW_FCST_ACT_MW",3,3,1375.23412,"ACTUAL",1
"16","2019-06-27",17,0,"2019-06-27T23:00:00-00:00","2019-06-28T00:00:00-00:00","NP15","Solar","Renewable Forecast Actual Generation","RENEW_FCST_ACT_MW",3,3,1296.51962,"ACTUAL",1
"17","2019-06-27",18,0,"2019-06-28T00:00:00-00:00","2019-06-28T01:00:00-00:00","NP15","Solar","Renewable Forecast Actual Generation","RENEW_FCST_ACT_MW",3,3,1165.85882,"ACTUAL",1
"18","2019-06-27",19,0,"2019-06-28T01:00:00-00:00","2019-06-28T02:00:00-00:00","NP15","Solar","Renewable Forecast Actual Generation","RENEW_FCST_ACT_MW",3,3,838.73228,"ACTUAL",1
"19","2019-06-27",20,0,"2019-06-28T02:00:00-00:00","2019-06-28T03:00:00-00:00","NP15","Solar","Renewable Forecast Actual Generation","RENEW_FCST_ACT_MW",3,3,296.72928,"ACTUAL",1
"20","2019-06-27",21,0,"2019-06-28T03:00:00-00:00","2019-06-28T04:00:00-00:00","NP15","Solar","Renewable Forecast Actual Generation","RENEW_FCST_ACT_MW",3,3,7.33235,"ACTUAL",1
"21","2019-06-27",22,0,"2019-06-28T04:00:00-00:00","2019-06-28T05:00:00-00:00","NP15","Solar","Renewable Forecast Actual Generation","RENEW_FCST_ACT_MW",3,3,-1.83599,"ACTUAL",1
"22","2019-06-27",23,0,"2019-06-28T05:00:00-00:00","2019-06-28T06:00:00-00:00","NP15","Solar","Renewable Forecast Actual Generation","RENEW_FCST_ACT_MW",3,3,-1.8158,"ACTUAL",1
"23","2019-06-27",24,0,"2019-06-28T06:00:00-00:00","2019-06-28T07:00:00-00:00","NP15","Solar","Renewable Forecast Actual Generation","RENEW_FCST_ACT_MW",3,3,-1.80047,"ACTUAL",1
"24","2019-06-27",18,0,"2019-06-28T00:00:00-00:00","2019-06-28T01:00:00-00:00","NP15","Wind","Renewable Forecast Actual Generation","RENEW_FCST_ACT_MW",3,1,910.59926,"ACTUAL",2
"25","2019-06-27",6,0,"2019-06-27T12:00:00-00:00","2019-06-27T13:00:00-00:00","NP15","Wind","Renewable Forecast Actual Generation","RENEW_FCST_ACT_MW",3,1,401.5829,"ACTUAL",2
"26","2019-06-27",17,0,"2019-06-27T23:00:00-00:00","2019-06-28T00:00:00-00:00","NP15","Wind","Renewable Forecast Actual Generation","RENEW_FCST_ACT_MW",3,1,833.59463,"ACTUAL",2
"27","2019-06-27",16,0,"2019-06-27T22:00:00-00:00","2019-06-27T23:00:00-00:00","NP15","Wind","Renewable Forecast Actual Generation","RENEW_FCST_ACT_MW",3,1,606.8889,"ACTUAL",2
"28","2019-06-27",15,0,"2019-06-27T21:00:00-00:00","2019-06-27T22:00:00-00:00","NP15","Wind","Renewable Forecast Actual Generation","RENEW_FCST_ACT_MW",3,1,496.00382,"ACTUAL",2
"29","2019-06-27",14,0,"2019-06-27T20:00:00-00:00","2019-06-27T21:00:00-00:00","NP15","Wind","Renewable Forecast Actual Generation","RENEW_FCST_ACT_MW",3,1,464.20882,"ACTUAL",2
"30","2019-06-27",13,0,"2019-06-27T19:00:00-00:00","2019-06-27T20:00:00-00:00","NP15","Wind","Renewable Forecast Actual Generation","RENEW_FCST_ACT_MW",3,1,394.91995,"ACTUAL",2
"31","2019-06-27",12,0,"2019-06-27T18:00:00-00:00","2019-06-27T19:00:00-00:00","NP15","Wind","Renewable Forecast Actual Generation","RENEW_FCST_ACT_MW",3,1,496.33525,"ACTUAL",2
"32","2019-06-27",11,0,"2019-06-27T17:00:00-00:00","2019-06-27T18:00:00-00:00","NP15","Wind","Renewable Forecast Actual Generation","RENEW_FCST_ACT_MW",3,1,771.00624,"ACTUAL",2
"33","2019-06-27",10,0,"2019-06-27T16:00:00-00:00","2019-06-27T17:00:00-00:00","NP15","Wind","Renewable Forecast Actual Generation","RENEW_FCST_ACT_MW",3,1,1011.79357,"ACTUAL",2
"34","2019-06-27",9,0,"2019-06-27T15:00:00-00:00","2019-06-27T16:00:00-00:00","NP15","Wind","Renewable Forecast Actual Generation","RENEW_FCST_ACT_MW",3,1,974.09842,"ACTUAL",2
"35","2019-06-27",8,0,"2019-06-27T14:00:00-00:00","2019-06-27T15:00:00-00:00","NP15","Wind","Renewable Forecast Actual Generation","RENEW_FCST_ACT_MW",3,1,696.03419,"ACTUAL",2
"36","2019-06-27",7,0,"2019-06-27T13:00:00-00:00","2019-06-27T14:00:00-00:00","NP15","Wind","Renewable Forecast Actual Generation","RENEW_FCST_ACT_MW",3,1,506.06689,"ACTUAL",2
"37","2019-06-27",5,0,"2019-06-27T11:00:00-00:00","2019-06-27T12:00:00-00:00","NP15","Wind","Renewable Forecast Actual Generation","RENEW_FCST_ACT_MW",3,1,416.13262,"ACTUAL",2
"38","2019-06-27",4,0,"2019-06-27T10:00:00-00:00","2019-06-27T11:00:00-00:00","NP15","Wind","Renewable Forecast Actual Generation","RENEW_FCST_ACT_MW",3,1,476.24478,"ACTUAL",2
"39","2019-06-27",3,0,"2019-06-27T09:00:00-00:00","2019-06-27T10:00:00-00:00","NP15","Wind","Renewable Forecast Actual Generation","RENEW_FCST_ACT_MW",3,1,495.07899,"ACTUAL",2
"40","2019-06-27",2,0,"2019-06-27T08:00:00-00:00","2019-06-27T09:00:00-00:00","NP15","Wind","Renewable Forecast Actual Generation","RENEW_FCST_ACT_MW",3,1,531.82476,"ACTUAL",2
"41","2019-06-27",24,0,"2019-06-28T06:00:00-00:00","2019-06-28T07:00:00-00:00","NP15","Wind","Renewable Forecast Actual Generation","RENEW_FCST_ACT_MW",3,1,795.93613,"ACTUAL",2
"42","2019-06-27",23,0,"2019-06-28T05:00:00-00:00","2019-06-28T06:00:00-00:00","NP15","Wind","Renewable Forecast Actual Generation","RENEW_FCST_ACT_MW",3,1,815.01266,"ACTUAL",2
"43","2019-06-27",22,0,"2019-06-28T04:00:00-00:00","2019-06-28T05:00:00-00:00","NP15","Wind","Renewable Forecast Actual Generation","RENEW_FCST_ACT_MW",3,1,1072.02209,"ACTUAL",2
"44","2019-06-27",21,0,"2019-06-28T03:00:00-00:00","2019-06-28T04:00:00-00:00","NP15","Wind","Renewable Forecast Actual Generation","RENEW_FCST_ACT_MW",3,1,1006.641,"ACTUAL",2
"45","2019-06-27",20,0,"2019-06-28T02:00:00-00:00","2019-06-28T03:00:00-00:00","NP15","Wind","Renewable Forecast Actual Generation","RENEW_FCST_ACT_MW",3,1,927.82692,"ACTUAL",2
"46","2019-06-27",19,0,"2019-06-28T01:00:00-00:00","2019-06-28T02:00:00-00:00","NP15","Wind","Renewable Forecast Actual Generation","RENEW_FCST_ACT_MW",3,1,863.1481,"ACTUAL",2
"47","2019-06-27",6,0,"2019-06-27T12:00:00-00:00","2019-06-27T13:00:00-00:00","SP15","Solar","Renewable Forecast Actual Generation","RENEW_FCST_ACT_MW",3,3,15.8103,"ACTUAL",3
"48","2019-06-27",18,0,"2019-06-28T00:00:00-00:00","2019-06-28T01:00:00-00:00","SP15","Solar","Renewable Forecast Actual Generation","RENEW_FCST_ACT_MW",3,3,5579.70259,"ACTUAL",3
"49","2019-06-27",5,0,"2019-06-27T11:00:00-00:00","2019-06-27T12:00:00-00:00","SP15","Solar","Renewable Forecast Actual Generation","RENEW_FCST_ACT_MW",3,3,-5.24135,"ACTUAL",3
"50","2019-06-27",11,0,"2019-06-27T17:00:00-00:00","2019-06-27T18:00:00-00:00","SP15","Solar","Renewable Forecast Actual Generation","RENEW_FCST_ACT_MW",3,3,7088.65953,"ACTUAL",3
"51","2019-06-27",4,0,"2019-06-27T10:00:00-00:00","2019-06-27T11:00:00-00:00","SP15","Solar","Renewable Forecast Actual Generation","RENEW_FCST_ACT_MW",3,3,-4.68659,"ACTUAL",3
"52","2019-06-27",15,0,"2019-06-27T21:00:00-00:00","2019-06-27T22:00:00-00:00","SP15","Solar","Renewable Forecast Actual Generation","RENEW_FCST_ACT_MW",3,3,7285.41734,"ACTUAL",3
"53","2019-06-27",3,0,"2019-06-27T09:00:00-00:00","2019-06-27T10:00:00-00:00","SP15","Solar","Renewable Forecast Actual Generation","RENEW_FCST_ACT_MW",3,3,-5.74374,"ACTUAL",3
"54","2019-06-27",10,0,"2019-06-27T16:00:00-00:00","2019-06-27T17:00:00-00:00","SP15","Solar","Renewable Forecast Actual Generation","RENEW_FCST_ACT_MW",3,3,6628.98383,"ACTUAL",3
"55","2019-06-27",2,0,"2019-06-27T08:00:00-00:00","2019-06-27T09:00:00-00:00","SP15","Solar","Renewable Forecast Actual Generation","RENEW_FCST_ACT_MW",3,3,-5.27624,"ACTUAL",3
"56","2019-06-27",13,0,"2019-06-27T19:00:00-00:00","2019-06-27T20:00:00-00:00","SP15","Solar","Renewable Forecast Actual Generation","RENEW_FCST_ACT_MW",3,3,7373.54635,"ACTUAL",3
"57","2019-06-27",24,0,"2019-06-28T06:00:00-00:00","2019-06-28T07:00:00-00:00","SP15","Solar","Renewable Forecast Actual Generation","RENEW_FCST_ACT_MW",3,3,-4.31619,"ACTUAL",3
"58","2019-06-27",9,0,"2019-06-27T15:00:00-00:00","2019-06-27T16:00:00-00:00","SP15","Solar","Renewable Forecast Actual Generation","RENEW_FCST_ACT_MW",3,3,5885.22234,"ACTUAL",3
"59","2019-06-27",23,0,"2019-06-28T05:00:00-00:00","2019-06-28T06:00:00-00:00","SP15","Solar","Renewable Forecast Actual Generation","RENEW_FCST_ACT_MW",3,3,-4.37388,"ACTUAL",3
"60","2019-06-27",16,0,"2019-06-27T22:00:00-00:00","2019-06-27T23:00:00-00:00","SP15","Solar","Renewable Forecast Actual Generation","RENEW_FCST_ACT_MW",3,3,6945.71409,"ACTUAL",3
"61","2019-06-27",22,0,"2019-06-28T04:00:00-00:00","2019-06-28T05:00:00-00:00","SP15","Solar","Renewable Forecast Actual Generation","RENEW_FCST_ACT_MW",3,3,0.89419,"ACTUAL",3
"62","2019-06-27",8,0,"2019-06-27T14:00:00-00:00","2019-06-27T15:00:00-00:00","SP15","Solar","Renewable Forecast Actual Generation","RENEW_FCST_ACT_MW",3,3,4033.50727,"ACTUAL",3
"63","2019-06-27",21,0,"2019-06-28T03:00:00-00:00","2019-06-28T04:00:00-00:00","SP15","Solar","Renewable Forecast Actual Generation","RENEW_FCST_ACT_MW",3,3,19.61397,"ACTUAL",3
"64","2019-06-27",12,0,"2019-06-27T18:00:00-00:00","2019-06-27T19:00:00-00:00","SP15","Solar","Renewable Forecast Actual Generation","RENEW_FCST_ACT_MW",3,3,7349.29815,"ACTUAL",3
"65","2019-06-27",20,0,"2019-06-28T02:00:00-00:00","2019-06-28T03:00:00-00:00","SP15","Solar","Renewable Forecast Actual Generation","RENEW_FCST_ACT_MW",3,3,910.81387,"ACTUAL",3
"66","2019-06-27",7,0,"2019-06-27T13:00:00-00:00","2019-06-27T14:00:00-00:00","SP15","Solar","Renewable Forecast Actual Generation","RENEW_FCST_ACT_MW",3,3,1176.20266,"ACTUAL",3
"67","2019-06-27",19,0,"2019-06-28T01:00:00-00:00","2019-06-28T02:00:00-00:00","SP15","Solar","Renewable Forecast Actual Generation","RENEW_FCST_ACT_MW",3,3,3475.13395,"ACTUAL",3
"68","2019-06-27",14,0,"2019-06-27T20:00:00-00:00","2019-06-27T21:00:00-00:00","SP15","Solar","Renewable Forecast Actual Generation","RENEW_FCST_ACT_MW",3,3,7384.85827,"ACTUAL",3
"69","2019-06-27",17,0,"2019-06-27T23:00:00-00:00","2019-06-28T00:00:00-00:00","SP15","Solar","Renewable Forecast Actual Generation","RENEW_FCST_ACT_MW",3,3,6498.97128,"ACTUAL",3
"70","2019-06-27",18,0,"2019-06-28T00:00:00-00:00","2019-06-28T01:00:00-00:00","SP15","Wind","Renewable Forecast Actual Generation","RENEW_FCST_ACT_MW",3,1,1857.49904,"ACTUAL",4
"71","2019-06-27",19,0,"2019-06-28T01:00:00-00:00","2019-06-28T02:00:00-00:00","SP15","Wind","Renewable Forecast Actual Generation","RENEW_FCST_ACT_MW",3,1,1955.1689,"ACTUAL",4
"72","2019-06-27",20,0,"2019-06-28T02:00:00-00:00","2019-06-28T03:00:00-00:00","SP15","Wind","Renewable Forecast Actual Generation","RENEW_FCST_ACT_MW",3,1,1996.46084,"ACTUAL",4
"73","2019-06-27",21,0,"2019-06-28T03:00:00-00:00","2019-06-28T04:00:00-00:00","SP15","Wind","Renewable Forecast Actual Generation","RENEW_FCST_ACT_MW",3,1,2160.84065,"ACTUAL",4
"74","2019-06-27",22,0,"2019-06-28T04:00:00-00:00","2019-06-28T05:00:00-00:00","SP15","Wind","Renewable Forecast Actual Generation","RENEW_FCST_ACT_MW",3,1,2256.55152,"ACTUAL",4
"75","2019-06-27",23,0,"2019-06-28T05:00:00-00:00","2019-06-28T06:00:00-00:00","SP15","Wind","Renewable Forecast Actual Generation","RENEW_FCST_ACT_MW",3,1,2290.73216,"ACTUAL",4
"76","2019-06-27",24,0,"2019-06-28T06:00:00-00:00","2019-06-28T07:00:00-00:00","SP15","Wind","Renewable Forecast Actual Generation","RENEW_FCST_ACT_MW",3,1,2195.28814,"ACTUAL",4
"77","2019-06-27",2,0,"2019-06-27T08:00:00-00:00","2019-06-27T09:00:00-00:00","SP15","Wind","Renewable Forecast Actual Generation","RENEW_FCST_ACT_MW",3,1,2362.74104,"ACTUAL",4
"78","2019-06-27",3,0,"2019-06-27T09:00:00-00:00","2019-06-27T10:00:00-00:00","SP15","Wind","Renewable Forecast Actual Generation","RENEW_FCST_ACT_MW",3,1,2343.49054,"ACTUAL",4
"79","2019-06-27",4,0,"2019-06-27T10:00:00-00:00","2019-06-27T11:00:00-00:00","SP15","Wind","Renewable Forecast Actual Generation","RENEW_FCST_ACT_MW",3,1,2365.08491,"ACTUAL",4
"80","2019-06-27",5,0,"2019-06-27T11:00:00-00:00","2019-06-27T12:00:00-00:00","SP15","Wind","Renewable Forecast Actual Generation","RENEW_FCST_ACT_MW",3,1,2186.58264,"ACTUAL",4
"81","2019-06-27",6,0,"2019-06-27T12:00:00-00:00","2019-06-27T13:00:00-00:00","SP15","Wind","Renewable Forecast Actual Generation","RENEW_FCST_ACT_MW",3,1,2014.96008,"ACTUAL",4
"82","2019-06-27",7,0,"2019-06-27T13:00:00-00:00","2019-06-27T14:00:00-00:00","SP15","Wind","Renewable Forecast Actual Generation","RENEW_FCST_ACT_MW",3,1,1712.39619,"ACTUAL",4
"83","2019-06-27",8,0,"2019-06-27T14:00:00-00:00","2019-06-27T15:00:00-00:00","SP15","Wind","Renewable Forecast Actual Generation","RENEW_FCST_ACT_MW",3,1,1393.19549,"ACTUAL",4
"84","2019-06-27",9,0,"2019-06-27T15:00:00-00:00","2019-06-27T16:00:00-00:00","SP15","Wind","Renewable Forecast Actual Generation","RENEW_FCST_ACT_MW",3,1,1147.68973,"ACTUAL",4
"85","2019-06-27",10,0,"2019-06-27T16:00:00-00:00","2019-06-27T17:00:00-00:00","SP15","Wind","Renewable Forecast Actual Generation","RENEW_FCST_ACT_MW",3,1,1039.3139,"ACTUAL",4
"86","2019-06-27",11,0,"2019-06-27T17:00:00-00:00","2019-06-27T18:00:00-00:00","SP15","Wind","Renewable Forecast Actual Generation","RENEW_FCST_ACT_MW",3,1,928.01152,"ACTUAL",4
"87","2019-06-27",12,0,"2019-06-27T18:00:00-00:00","2019-06-27T19:00:00-00:00","SP15","Wind","Renewable Forecast Actual Generation","RENEW_FCST_ACT_MW",3,1,731.4231,"ACTUAL",4
"88","2019-06-27",13,0,"2019-06-27T19:00:00-00:00","2019-06-27T20:00:00-00:00","SP15","Wind","Renewable Forecast Actual Generation","RENEW_FCST_ACT_MW",3,1,855.60839,"ACTUAL",4
"89","2019-06-27",14,0,"2019-06-27T20:00:00-00:00","2019-06-27T21:00:00-00:00","SP15","Wind","Renewable Forecast Actual Generation","RENEW_FCST_ACT_MW",3,1,1122.05483,"ACTUAL",4
"90","2019-06-27",15,0,"2019-06-27T21:00:00-00:00","2019-06-27T22:00:00-00:00","SP15","Wind","Renewable Forecast Actual Generation","RENEW_FCST_ACT_MW",3,1,1523.00822,"ACTUAL",4
"91","2019-06-27",16,0,"2019-06-27T22:00:00-00:00","2019-06-27T23:00:00-00:00","SP15","Wind","Renewable Forecast Actual Generation","RENEW_FCST_ACT_MW",3,1,1805.21384,"ACTUAL",4
"92","2019-06-27",17,0,"2019-06-27T23:00:00-00:00","2019-06-28T00:00:00-00:00","SP15","Wind","Renewable Forecast Actual Generation","RENEW_FCST_ACT_MW",3,1,1829.11973,"ACTUAL",4
"93","2019-06-27",18,0,"2019-06-28T00:00:00-00:00","2019-06-28T01:00:00-00:00","ZP26","Solar","Renewable Forecast Actual Generation","RENEW_FCST_ACT_MW",3,3,1205.43688,"ACTUAL",5
"94","2019-06-27",17,0,"2019-06-27T23:00:00-00:00","2019-06-28T00:00:00-00:00","ZP26","Solar","Renewable Forecast Actual Generation","RENEW_FCST_ACT_MW",3,3,1427.45841,"ACTUAL",5
"95","2019-06-27",20,0,"2019-06-28T02:00:00-00:00","2019-06-28T03:00:00-00:00","ZP26","Solar","Renewable Forecast Actual Generation","RENEW_FCST_ACT_MW",3,3,212.49232,"ACTUAL",5
"96","2019-06-27",21,0,"2019-06-28T03:00:00-00:00","2019-06-28T04:00:00-00:00","ZP26","Solar","Renewable Forecast Actual Generation","RENEW_FCST_ACT_MW",3,3,-2.72014,"ACTUAL",5
"97","2019-06-27",22,0,"2019-06-28T04:00:00-00:00","2019-06-28T05:00:00-00:00","ZP26","Solar","Renewable Forecast Actual Generation","RENEW_FCST_ACT_MW",3,3,-5.05806,"ACTUAL",5
"98","2019-06-27",23,0,"2019-06-28T05:00:00-00:00","2019-06-28T06:00:00-00:00","ZP26","Solar","Renewable Forecast Actual Generation","RENEW_FCST_ACT_MW",3,3,-5.08306,"ACTUAL",5
"99","2019-06-27",24,0,"2019-06-28T06:00:00-00:00","2019-06-28T07:00:00-00:00","ZP26","Solar","Renewable Forecast Actual Generation","RENEW_FCST_ACT_MW",3,3,-5.07906,"ACTUAL",5
"100","2019-06-27",2,0,"2019-06-27T08:00:00-00:00","2019-06-27T09:00:00-00:00","ZP26","Solar","Renewable Forecast Actual Generation","RENEW_FCST_ACT_MW",3,3,-4.77065,"ACTUAL",5
"101","2019-06-27",3,0,"2019-06-27T09:00:00-00:00","2019-06-27T10:00:00-00:00","ZP26","Solar","Renewable Forecast Actual Generation","RENEW_FCST_ACT_MW",3,3,-4.77839,"ACTUAL",5
"102","2019-06-27",4,0,"2019-06-27T10:00:00-00:00","2019-06-27T11:00:00-00:00","ZP26","Solar","Renewable Forecast Actual Generation","RENEW_FCST_ACT_MW",3,3,-4.78894,"ACTUAL",5
"103","2019-06-27",5,0,"2019-06-27T11:00:00-00:00","2019-06-27T12:00:00-00:00","ZP26","Solar","Renewable Forecast Actual Generation","RENEW_FCST_ACT_MW",3,3,-4.98133,"ACTUAL",5
"104","2019-06-27",6,0,"2019-06-27T12:00:00-00:00","2019-06-27T13:00:00-00:00","ZP26","Solar","Renewable Forecast Actual Generation","RENEW_FCST_ACT_MW",3,3,-4.36448,"ACTUAL",5
"105","2019-06-27",7,0,"2019-06-27T13:00:00-00:00","2019-06-27T14:00:00-00:00","ZP26","Solar","Renewable Forecast Actual Generation","RENEW_FCST_ACT_MW",3,3,171.70385,"ACTUAL",5
"106","2019-06-27",8,0,"2019-06-27T14:00:00-00:00","2019-06-27T15:00:00-00:00","ZP26","Solar","Renewable Forecast Actual Generation","RENEW_FCST_ACT_MW",3,3,720.07079,"ACTUAL",5
"107","2019-06-27",9,0,"2019-06-27T15:00:00-00:00","2019-06-27T16:00:00-00:00","ZP26","Solar","Renewable Forecast Actual Generation","RENEW_FCST_ACT_MW",3,3,1171.99986,"ACTUAL",5
"108","2019-06-27",10,0,"2019-06-27T16:00:00-00:00","2019-06-27T17:00:00-00:00","ZP26","Solar","Renewable Forecast Actual Generation","RENEW_FCST_ACT_MW",3,3,1407.95848,"ACTUAL",5
"109","2019-06-27",11,0,"2019-06-27T17:00:00-00:00","2019-06-27T18:00:00-00:00","ZP26","Solar","Renewable Forecast Actual Generation","RENEW_FCST_ACT_MW",3,3,1568.0701,"ACTUAL",5
"110","2019-06-27",12,0,"2019-06-27T18:00:00-00:00","2019-06-27T19:00:00-00:00","ZP26","Solar","Renewable Forecast Actual Generation","RENEW_FCST_ACT_MW",3,3,1647.66151,"ACTUAL",5
"111","2019-06-27",13,0,"2019-06-27T19:00:00-00:00","2019-06-27T20:00:00-00:00","ZP26","Solar","Renewable Forecast Actual Generation","RENEW_FCST_ACT_MW",3,3,1647.84777,"ACTUAL",5
"112","2019-06-27",14,0,"2019-06-27T20:00:00-00:00","2019-06-27T21:00:00-00:00","ZP26","Solar","Renewable Forecast Actual Generation","RENEW_FCST_ACT_MW",3,3,1650.73839,"ACTUAL",5
"113","2019-06-27",15,0,"2019-06-27T21:00:00-00:00","2019-06-27T22:00:00-00:00","ZP26","Solar","Renewable Forecast Actual Generation","RENEW_FCST_ACT_MW",3,3,1639.03071,"ACTUAL",5
"114","2019-06-27",16,0,"2019-06-27T22:00:00-00:00","2019-06-27T23:00:00-00:00","ZP26","Solar","Renewable Forecast Actual Generation","RENEW_FCST_ACT_MW",3,3,1568.114,"ACTUAL",5
"115","2019-06-27",19,0,"2019-06-28T01:00:00-00:00","2019-06-28T02:00:00-00:00","ZP26","Solar","Renewable Forecast Actual Generation","RENEW_FCST_ACT_MW",3,3,762.03858,"ACTUAL",5
"116","2019-06-28",1,0,"2019-06-28T07:00:00-00:00","2019-06-28T08:00:00-00:00","NP15","Solar","Renewable Forecast Actual Generation","RENEW_FCST_ACT_MW",3,3,-1.88377,"ACTUAL",6
"117","2019-06-28",1,0,"2019-06-28T07:00:00-00:00","2019-06-28T08:00:00-00:00","NP15","Wind","Renewable Forecast Actual Generation","RENEW_FCST_ACT_MW",3,1,771.46931,"ACTUAL",7
"118","2019-06-28",1,0,"2019-06-28T07:00:00-00:00","2019-06-28T08:00:00-00:00","SP15","Solar","Renewable Forecast Actual Generation","RENEW_FCST_ACT_MW",3,3,-3.4133,"ACTUAL",8
"119","2019-06-28",1,0,"2019-06-28T07:00:00-00:00","2019-06-28T08:00:00-00:00","SP15","Wind","Renewable Forecast Actual Generation","RENEW_FCST_ACT_MW",3,1,2272.64384,"ACTUAL",9
"120","2019-06-28",1,0,"2019-06-28T07:00:00-00:00","2019-06-28T08:00:00-00:00","ZP26","Solar","Renewable Forecast Actual Generation","RENEW_FCST_ACT_MW",3,3,-5.05348,"ACTUAL",10
