"","OPR_DT","OPR_HR","OPR_INTERVAL","INTERVALSTARTTIME_GMT","INTERVALENDTIME_GMT","TRADING_HUB","RENEWABLE_TYPE","LABEL","XML_DATA_ITEM","MARKET_RUN_ID_POS","RENEW_POS","MW","MARKET_RUN_ID","GROUP"
"1","2019-12-11",1,0,"2019-12-11T08:00:00-00:00","2019-12-11T09:00:00-00:00","NP15","Solar","Renewable Forecast Actual Generation","RENEW_FCST_ACT_MW",3,3,-3.56005,"ACTUAL",1
"2","2019-12-11",2,0,"2019-12-11T09:00:00-00:00","2019-12-11T10:00:00-00:00","NP15","Solar","Renewable Forecast Actual Generation","RENEW_FCST_ACT_MW",3,3,-3.51629,"ACTUAL",1
"3","2019-12-11",3,0,"2019-12-11T10:00:00-00:00","2019-12-11T11:00:00-00:00","NP15","Solar","Renewable Forecast Actual Generation","RENEW_FCST_ACT_MW",3,3,-3.52506,"ACTUAL",1
"4","2019-12-11",4,0,"2019-12-11T11:00:00-00:00","2019-12-11T12:00:00-00:00","NP15","Solar","Renewable Forecast Actual Generation","RENEW_FCST_ACT_MW",3,3,-3.52073,"ACTUAL",1
"5","2019-12-11",5,0,"2019-12-11T12:00:00-00:00","2019-12-11T13:00:00-00:00","NP15","Solar","Renewable Forecast Actual Generation","RENEW_FCST_ACT_MW",3,3,-3.50492,"ACTUAL",1
"6","2019-12-11",6,0,"2019-12-11T13:00:00-00:00","2019-12-11T14:00:00-00:00","NP15","Solar","Renewable Forecast Actual Generation","RENEW_FCST_ACT_MW",3,3,-3.50928,"ACTUAL",1
"7","2019-12-11",7,0,"2019-12-11T14:00:00-00:00","2019-12-11T15:00:00-00:00","NP15","Solar","Renewable Forecast Actual Generation","RENEW_FCST_ACT_MW",3,3,-3.64235,"ACTUAL",1
"8","2019-12-11",8,0,"2019-12-11T15:00:00-00:00","2019-12-11T16:00:00-00:00","NP15","Solar","Renewable Forecast Actual Generation","RENEW_FCST_ACT_MW",3,3,14.64694,"ACTUAL",1
"9","2019-12-11",9,0,"2019-12-11T16:00:00-00:00","2019-12-11T17:00:00-00:00","NP15","Solar","Renewable Forecast Actual Generation","RENEW_FCST_ACT_MW",3,3,65.92931,"ACTUAL",1
"10","2019-12-11",10,0,"2019-12-11T17:00:00-00:00","2019-12-11T18:00:00-00:00","NP15","Solar","Renewable Forecast Actual Generation","RENEW_FCST_ACT_MW",3,3,150.80135,"ACTUAL",1
"11","2019-12-11",11,0,"2019-12-11T18:00:00-00:00","2019-12-11T19:00:00-00:00","NP15","Solar","Renewable Forecast Actual Generation","RENEW_FCST_ACT_MW",3,3,219.50105,"ACTUAL",1
"12","2019-12-11",12,0,"2019-12-11T19:00:00-00:00","2019-12-11T20:00:00-00:00","NP15","Solar","Renewable Forecast Actual Generation","RENEW_FCST_ACT_MW",3,3,239.15026,"ACTUAL",1
"13","2019-12-11",13,0,"2019-12-11T20:00:00-00:00","2019-12-11T21:00:00-00:00","NP15","Solar","Renewable Forecast Actual Generation","RENEW_FCST_ACT_MW",3,3,209.76857,"ACTUAL",1
"14","2019-12-11",14,0,"2019-12-11T21:00:00-00:00","2019-12-11T22:00:00-00:00","NP15","Solar","Renewable Forecast Actual Generation","RENEW_FCST_ACT_MW",3,3,164.31473,"ACTUAL",1
"15","2019-12-11",15,0,"2019-12-11T22:00:00-00:00","2019-12-11T23:00:00-00:00","NP15","Solar","Renewable Forecast Actual Generation","RENEW_FCST_ACT_MW",3,3,129.43594,"ACTUAL",1
"16","2019-12-11",16,0,"2019-12-11T23:00:00-00:00","2019-12-12T00:00:00-00:00","NP15","Solar","Renewable Forecast Actual Generation","RENEW_FCST_ACT_MW",3,3,91.40079,"ACTUAL",1
"17","2019-12-11",17,0,"2019-12-12T00:00:00-00:00","2019-12-12T01:00:00-00:00","NP15","Solar","Renewable Forecast Actual Generation","RENEW_FCST_ACT_MW",3,3,9.47088,"ACTUAL",1
"18","2019-12-11",18,0,"2019-12-12T01:00:00-00:00","2019-12-12T02:00:00-00:00","NP15","Solar","Renewable Forecast Actual Generation","RENEW_FCST_ACT_MW",3,3,-3.43945,"ACTUAL",1
"19","2019-12-11",19,0,"2019-12-12T02:00:00-00:00","2019-12-12T03:00:00-00:00","NP15","Solar","Renewable Forecast Actual Generation","RENEW_FCST_ACT_MW",3,3,-3.38008,"ACTUAL",1
"20","2019-12-11",20,0,"2019-12-12T03:00:00-00:00","2019-12-12T04:00:00-00:00","NP15","Solar","Renewable Forecast Actual Generation","RENEW_FCST_ACT_MW",3,3,-3.39123,"ACTUAL",1
"21","2019-12-11",21,0,"2019-12-12T04:00:00-00:00","2019-12-12T05:00:00-00:00","NP15","Solar","Renewable Forecast Actual Generation","RENEW_FCST_ACT_MW",3,3,-3.39809,"ACTUAL",1
"22","2019-12-11",22,0,"2019-12-12T05:00:00-00:00","2019-12-12T06:00:00-00:00","NP15","Solar","Renewable Forecast Actual Generation","RENEW_FCST_ACT_MW",3,3,-3.42847,"ACTUAL",1
"23","2019-12-11",23,0,"2019-12-12T06:00:00-00:00","2019-12-12T07:00:00-00:00","NP15","Solar","Renewable Forecast Actual Generation","RENEW_FCST_ACT_MW",3,3,-3.43857,"ACTUAL",1
"24","2019-12-11",24,0,"2019-12-12T07:00:00-00:00","2019-12-12T08:00:00-00:00","NP15","Solar","Renewable Forecast Actual Generation","RENEW_FCST_ACT_MW",3,3,-3.39866,"ACTUAL",1
"25","2019-12-11",1,0,"2019-12-11T08:00:00-00:00","2019-12-11T09:00:00-00:00","NP15","Wind","Renewable Forecast Actual Generation","RENEW_FCST_ACT_MW",3,1,74.14797,"ACTUAL",2
"26","2019-12-11",24,0,"2019-12-12T07:00:00-00:00","2019-12-12T08:00:00-00:00","NP15","Wind","Renewable Forecast Actual Generation","RENEW_FCST_ACT_MW",3,1,134.14435,"ACTUAL",2
"27","2019-12-11",3,0,"2019-12-11T10:00:00-00:00","2019-12-11T11:00:00-00:00","NP15","Wind","Renewable Forecast Actual Generation","RENEW_FCST_ACT_MW",3,1,93.25401,"ACTUAL",2
"28","2019-12-11",4,0,"2019-12-11T11:00:00-00:00","2019-12-11T12:00:00-00:00","NP15","Wind","Renewable Forecast Actual Generation","RENEW_FCST_ACT_MW",3,1,40.45711,"ACTUAL",2
"29","2019-12-11",5,0,"2019-12-11T12:00:00-00:00","2019-12-11T13:00:00-00:00","NP15","Wind","Renewable Forecast Actual Generation","RENEW_FCST_ACT_MW",3,1,32.3728,"ACTUAL",2
"30","2019-12-11",6,0,"2019-12-11T13:00:00-00:00","2019-12-11T14:00:00-00:00","NP15","Wind","Renewable Forecast Actual Generation","RENEW_FCST_ACT_MW",3,1,33.66836,"ACTUAL",2
"31","2019-12-11",7,0,"2019-12-11T14:00:00-00:00","2019-12-11T15:00:00-00:00","NP15","Wind","Renewable Forecast Actual Generation","RENEW_FCST_ACT_MW",3,1,54.54522,"ACTUAL",2
"32","2019-12-11",8,0,"2019-12-11T15:00:00-00:00","2019-12-11T16:00:00-00:00","NP15","Wind","Renewable Forecast Actual Generation","RENEW_FCST_ACT_MW",3,1,39.44153,"ACTUAL",2
"33","2019-12-11",9,0,"2019-12-11T16:00:00-00:00","2019-12-11T17:00:00-00:00","NP15","Wind","Renewable Forecast Actual Generation","RENEW_FCST_ACT_MW",3,1,25.9271,"ACTUAL",2
"34","2019-12-11",10,0,"2019-12-11T17:00:00-00:00","2019-12-11T18:00:00-00:00","NP15","Wind","Renewable Forecast Actual Generation","RENEW_FCST_ACT_MW",3,1,8.55388,"ACTUAL",2
"35","2019-12-11",11,0,"2019-12-11T18:00:00-00:00","2019-12-11T19:00:00-00:00","NP15","Wind","Renewable Forecast Actual Generation","RENEW_FCST_ACT_MW",3,1,24.03609,"ACTUAL",2
"36","2019-12-11",12,0,"2019-12-11T19:00:00-00:00","2019-12-11T20:00:00-00:00","NP15","Wind","Renewable Forecast Actual Generation","RENEW_FCST_ACT_MW",3,1,35.04811,"ACTUAL",2
"37","2019-12-11",13,0,"2019-12-11T20:00:00-00:00","2019-12-11T21:00:00-00:00","NP15","Wind","Renewable Forecast Actual Generation","RENEW_FCST_ACT_MW",3,1,45.42122,"ACTUAL",2
"38","2019-12-11",14,0,"2019-12-11T21:00:00-00:00","2019-12-11T22:00:00-00:00","NP15","Wind","Renewable Forecast Actual Generation","RENEW_FCST_ACT_MW",3,1,80.10017,"ACTUAL",2
"39","2019-12-11",15,0,"2019-12-11T22:00:00-00:00","2019-12-11T23:00:00-00:00","NP15","Wind","Renewable Forecast Actual Generation","RENEW_FCST_ACT_MW",3,1,82.71636,"ACTUAL",2
"40","2019-12-11",16,0,"2019-12-11T23:00:00-00:00","2019-12-12T00:00:00-00:00","NP15","Wind","Renewable Forecast Actual Generation","RENEW_FCST_ACT_MW",3,1,94.44125,"ACTUAL",2
"41","2019-12-11",17,0,"2019-12-12T00:00:00-00:00","2019-12-12T01:00:00-00:00","NP15","Wind","Renewable Forecast Actual Generation","RENEW_FCST_ACT_MW",3,1,110.00083,"ACTUAL",2
"42","2019-12-11",18,0,"2019-12-12T01:00:00-00:00","2019-12-12T02:00:00-00:00","NP15","Wind","Renewable Forecast Actual Generation","RENEW_FCST_ACT_MW",3,1,179.12991,"ACTUAL",2
"43","2019-12-11",19,0,"2019-12-12T02:00:00-00:00","2019-12-12T03:00:00-00:00","NP15","Wind","Renewable Forecast Actual Generation","RENEW_FCST_ACT_MW",3,1,249.55614,"ACTUAL",2
"44","2019-12-11",20,0,"2019-12-12T03:00:00-00:00","2019-12-12T04:00:00-00:00","NP15","Wind","Renewable Forecast Actual Generation","RENEW_FCST_ACT_MW",3,1,187.7674,"ACTUAL",2
"45","2019-12-11",21,0,"2019-12-12T04:00:00-00:00","2019-12-12T05:00:00-00:00","NP15","Wind","Renewable Forecast Actual Generation","RENEW_FCST_ACT_MW",3,1,156.06829,"ACTUAL",2
"46","2019-12-11",22,0,"2019-12-12T05:00:00-00:00","2019-12-12T06:00:00-00:00","NP15","Wind","Renewable Forecast Actual Generation","RENEW_FCST_ACT_MW",3,1,81.53862,"ACTUAL",2
"47","2019-12-11",23,0,"2019-12-12T06:00:00-00:00","2019-12-12T07:00:00-00:00","NP15","Wind","Renewable Forecast Actual Generation","RENEW_FCST_ACT_MW",3,1,81.16524,"ACTUAL",2
"48","2019-12-11",2,0,"2019-12-11T09:00:00-00:00","2019-12-11T10:00:00-00:00","NP15","Wind","Renewable Forecast Actual Generation","RENEW_FCST_ACT_MW",3,1,85.48821,"ACTUAL",2
"49","2019-12-11",24,0,"2019-12-12T07:00:00-00:00","2019-12-12T08:00:00-00:00","SP15","Solar","Renewable Forecast Actual Generation","RENEW_FCST_ACT_MW",3,3,-10.19463,"ACTUAL",3
"50","2019-12-11",2,0,"2019-12-11T09:00:00-00:00","2019-12-11T10:00:00-00:00","SP15","Solar","Renewable Forecast Actual Generation","RENEW_FCST_ACT_MW",3,3,-4.05532,"ACTUAL",3
"51","2019-12-11",23,0,"2019-12-12T06:00:00-00:00","2019-12-12T07:00:00-00:00","SP15","Solar","Renewable Forecast Actual Generation","RENEW_FCST_ACT_MW",3,3,-8.69513,"ACTUAL",3
"52","2019-12-11",6,0,"2019-12-11T13:00:00-00:00","2019-12-11T14:00:00-00:00","SP15","Solar","Renewable Forecast Actual Generation","RENEW_FCST_ACT_MW",3,3,-8.57156,"ACTUAL",3
"53","2019-12-11",22,0,"2019-12-12T05:00:00-00:00","2019-12-12T06:00:00-00:00","SP15","Solar","Renewable Forecast Actual Generation","RENEW_FCST_ACT_MW",3,3,-6.25287,"ACTUAL",3
"54","2019-12-11",11,0,"2019-12-11T18:00:00-00:00","2019-12-11T19:00:00-00:00","SP15","Solar","Renewable Forecast Actual Generation","RENEW_FCST_ACT_MW",3,3,4088.59687,"ACTUAL",3
"55","2019-12-11",21,0,"2019-12-12T04:00:00-00:00","2019-12-12T05:00:00-00:00","SP15","Solar","Renewable Forecast Actual Generation","RENEW_FCST_ACT_MW",3,3,-5.00262,"ACTUAL",3
"56","2019-12-11",3,0,"2019-12-11T10:00:00-00:00","2019-12-11T11:00:00-00:00","SP15","Solar","Renewable Forecast Actual Generation","RENEW_FCST_ACT_MW",3,3,-3.17346,"ACTUAL",3
"57","2019-12-11",20,0,"2019-12-12T03:00:00-00:00","2019-12-12T04:00:00-00:00","SP15","Solar","Renewable Forecast Actual Generation","RENEW_FCST_ACT_MW",3,3,-4.60405,"ACTUAL",3
"58","2019-12-11",10,0,"2019-12-11T17:00:00-00:00","2019-12-11T18:00:00-00:00","SP15","Solar","Renewable Forecast Actual Generation","RENEW_FCST_ACT_MW",3,3,4303.29325,"ACTUAL",3
"59","2019-12-11",19,0,"2019-12-12T02:00:00-00:00","2019-12-12T03:00:00-00:00","SP15","Solar","Renewable Forecast Actual Generation","RENEW_FCST_ACT_MW",3,3,-4.38291,"ACTUAL",3
"60","2019-12-11",5,0,"2019-12-11T12:00:00-00:00","2019-12-11T13:00:00-00:00","SP15","Solar","Renewable Forecast Actual Generation","RENEW_FCST_ACT_MW",3,3,-4.63673,"ACTUAL",3
"61","2019-12-11",18,0,"2019-12-12T01:00:00-00:00","2019-12-12T02:00:00-00:00","SP15","Solar","Renewable Forecast Actual Generation","RENEW_FCST_ACT_MW",3,3,-5.50018,"ACTUAL",3
"62","2019-12-11",9,0,"2019-12-11T16:00:00-00:00","2019-12-11T17:00:00-00:00","SP15","Solar","Renewable Forecast Actual Generation","RENEW_FCST_ACT_MW",3,3,3228.73317,"ACTUAL",3
"63","2019-12-11",17,0,"2019-12-12T00:00:00-00:00","2019-12-12T01:00:00-00:00","SP15","Solar","Renewable Forecast Actual Generation","RENEW_FCST_ACT_MW",3,3,187.79505,"ACTUAL",3
"64","2019-12-11",1,0,"2019-12-11T08:00:00-00:00","2019-12-11T09:00:00-00:00","SP15","Solar","Renewable Forecast Actual Generation","RENEW_FCST_ACT_MW",3,3,-3.00841,"ACTUAL",3
"65","2019-12-11",16,0,"2019-12-11T23:00:00-00:00","2019-12-12T00:00:00-00:00","SP15","Solar","Renewable Forecast Actual Generation","RENEW_FCST_ACT_MW",3,3,2046.97793,"ACTUAL",3
"66","2019-12-11",8,0,"2019-12-11T15:00:00-00:00","2019-12-11T16:00:00-00:00","SP15","Solar","Renewable Forecast Actual Generation","RENEW_FCST_ACT_MW",3,3,1213.56903,"ACTUAL",3
"67","2019-12-11",15,0,"2019-12-11T22:00:00-00:00","2019-12-11T23:00:00-00:00","SP15","Solar","Renewable Forecast Actual Generation","RENEW_FCST_ACT_MW",3,3,3344.1624,"ACTUAL",3
"68","2019-12-11",4,0,"2019-12-11T11:00:00-00:00","2019-12-11T12:00:00-00:00","SP15","Solar","Renewable Forecast Actual Generation","RENEW_FCST_ACT_MW",3,3,-4.34836,"ACTUAL",3
"69","2019-12-11",14,0,"2019-12-11T21:00:00-00:00","2019-12-11T22:00:00-00:00","SP15","Solar","Renewable Forecast Actual Generation","RENEW_FCST_ACT_MW",3,3,3945.51854,"ACTUAL",3
"70","2019-12-11",7,0,"2019-12-11T14:00:00-00:00","2019-12-11T15:00:00-00:00","SP15","Solar","Renewable Forecast Actual Generation","RENEW_FCST_ACT_MW",3,3,14.22441,"ACTUAL",3
"71","2019-12-11",13,0,"2019-12-11T20:00:00-00:00","2019-12-11T21:00:00-00:00","SP15","Solar","Renewable Forecast Actual Generation","RENEW_FCST_ACT_MW",3,3,4238.92957,"ACTUAL",3
"72","2019-12-11",12,0,"2019-12-11T19:00:00-00:00","2019-12-11T20:00:00-00:00","SP15","Solar","Renewable Forecast Actual Generation","RENEW_FCST_ACT_MW",3,3,4047.28703,"ACTUAL",3
"73","2019-12-11",23,0,"2019-12-12T06:00:00-00:00","2019-12-12T07:00:00-00:00","SP15","Wind","Renewable Forecast Actual Generation","RENEW_FCST_ACT_MW",3,1,908.48133,"ACTUAL",4
"74","2019-12-11",22,0,"2019-12-12T05:00:00-00:00","2019-12-12T06:00:00-00:00","SP15","Wind","Renewable Forecast Actual Generation","RENEW_FCST_ACT_MW",3,1,1109.8618,"ACTUAL",4
"75","2019-12-11",21,0,"2019-12-12T04:00:00-00:00","2019-12-12T05:00:00-00:00","SP15","Wind","Renewable Forecast Actual Generation","RENEW_FCST_ACT_MW",3,1,1322.77918,"ACTUAL",4
"76","2019-12-11",20,0,"2019-12-12T03:00:00-00:00","2019-12-12T04:00:00-00:00","SP15","Wind","Renewable Forecast Actual Generation","RENEW_FCST_ACT_MW",3,1,1059.23039,"ACTUAL",4
"77","2019-12-11",19,0,"2019-12-12T02:00:00-00:00","2019-12-12T03:00:00-00:00","SP15","Wind","Renewable Forecast Actual Generation","RENEW_FCST_ACT_MW",3,1,790.90067,"ACTUAL",4
"78","2019-12-11",18,0,"2019-12-12T01:00:00-00:00","2019-12-12T02:00:00-00:00","SP15","Wind","Renewable Forecast Actual Generation","RENEW_FCST_ACT_MW",3,1,760.43872,"ACTUAL",4
"79","2019-12-11",17,0,"2019-12-12T00:00:00-00:00","2019-12-12T01:00:00-00:00","SP15","Wind","Renewable Forecast Actual Generation","RENEW_FCST_ACT_MW",3,1,1004.08502,"ACTUAL",4
"80","2019-12-11",16,0,"2019-12-11T23:00:00-00:00","2019-12-12T00:00:00-00:00","SP15","Wind","Renewable Forecast Actual Generation","RENEW_FCST_ACT_MW",3,1,1015.1003,"ACTUAL",4
"81","2019-12-11",15,0,"2019-12-11T22:00:00-00:00","2019-12-11T23:00:00-00:00","SP15","Wind","Renewable Forecast Actual Generation","RENEW_FCST_ACT_MW",3,1,795.4094,"ACTUAL",4
"82","2019-12-11",14,0,"2019-12-11T21:00:00-00:00","2019-12-11T22:00:00-00:00","SP15","Wind","Renewable Forecast Actual Generation","RENEW_FCST_ACT_MW",3,1,643.2803,"ACTUAL",4
"83","2019-12-11",13,0,"2019-12-11T20:00:00-00:00","2019-12-11T21:00:00-00:00","SP15","Wind","Renewable Forecast Actual Generation","RENEW_FCST_ACT_MW",3,1,496.98811,"ACTUAL",4
"84","2019-12-11",12,0,"2019-12-11T19:00:00-00:00","2019-12-11T20:00:00-00:00","SP15","Wind","Renewable Forecast Actual Generation","RENEW_FCST_ACT_MW",3,1,448.83948,"ACTUAL",4
"85","2019-12-11",11,0,"2019-12-11T18:00:00-00:00","2019-12-11T19:00:00-00:00","SP15","Wind","Renewable Forecast Actual Generation","RENEW_FCST_ACT_MW",3,1,500.47048,"ACTUAL",4
"86","2019-12-11",10,0,"2019-12-11T17:00:00-00:00","2019-12-11T18:00:00-00:00","SP15","Wind","Renewable Forecast Actual Generation","RENEW_FCST_ACT_MW",3,1,824.8733,"ACTUAL",4
"87","2019-12-11",9,0,"2019-12-11T16:00:00-00:00","2019-12-11T17:00:00-00:00","SP15","Wind","Renewable Forecast Actual Generation","RENEW_FCST_ACT_MW",3,1,716.92684,"ACTUAL",4
"88","2019-12-11",8,0,"2019-12-11T15:00:00-00:00","2019-12-11T16:00:00-00:00","SP15","Wind","Renewable Forecast Actual Generation","RENEW_FCST_ACT_MW",3,1,489.8016,"ACTUAL",4
"89","2019-12-11",7,0,"2019-12-11T14:00:00-00:00","2019-12-11T15:00:00-00:00","SP15","Wind","Renewable Forecast Actual Generation","RENEW_FCST_ACT_MW",3,1,525.56626,"ACTUAL",4
"90","2019-12-11",6,0,"2019-12-11T13:00:00-00:00","2019-12-11T14:00:00-00:00","SP15","Wind","Renewable Forecast Actual Generation","RENEW_FCST_ACT_MW",3,1,679.57031,"ACTUAL",4
"91","2019-12-11",5,0,"2019-12-11T12:00:00-00:00","2019-12-11T13:00:00-00:00","SP15","Wind","Renewable Forecast Actual Generation","RENEW_FCST_ACT_MW",3,1,1218.78588,"ACTUAL",4
"92","2019-12-11",4,0,"2019-12-11T11:00:00-00:00","2019-12-11T12:00:00-00:00","SP15","Wind","Renewable Forecast Actual Generation","RENEW_FCST_ACT_MW",3,1,1144.6235,"ACTUAL",4
"93","2019-12-11",3,0,"2019-12-11T10:00:00-00:00","2019-12-11T11:00:00-00:00","SP15","Wind","Renewable Forecast Actual Generation","RENEW_FCST_ACT_MW",3,1,625.02632,"ACTUAL",4
"94","2019-12-11",2,0,"2019-12-11T09:00:00-00:00","2019-12-11T10:00:00-00:00","SP15","Wind","Renewable Forecast Actual Generation","RENEW_FCST_ACT_MW",3,1,258.33263,"ACTUAL",4
"95","2019-12-11",24,0,"2019-12-12T07:00:00-00:00","2019-12-12T08:00:00-00:00","SP15","Wind","Renewable Forecast Actual Generation","RENEW_FCST_ACT_MW",3,1,949.10157,"ACTUAL",4
"96","2019-12-11",1,0,"2019-12-11T08:00:00-00:00","2019-12-11T09:00:00-00:00","SP15","Wind","Renewable Forecast Actual Generation","RENEW_FCST_ACT_MW",3,1,132.23518,"ACTUAL",4
"97","2019-12-11",1,0,"2019-12-11T08:00:00-00:00","2019-12-11T09:00:00-00:00","ZP26","Solar","Renewable Forecast Actual Generation","RENEW_FCST_ACT_MW",3,3,-5.68116,"ACTUAL",5
"98","2019-12-11",24,0,"2019-12-12T07:00:00-00:00","2019-12-12T08:00:00-00:00","ZP26","Solar","Renewable Forecast Actual Generation","RENEW_FCST_ACT_MW",3,3,-5.70099,"ACTUAL",5
"99","2019-12-11",3,0,"2019-12-11T10:00:00-00:00","2019-12-11T11:00:00-00:00","ZP26","Solar","Renewable Forecast Actual Generation","RENEW_FCST_ACT_MW",3,3,-6.63434,"ACTUAL",5
"100","2019-12-11",4,0,"2019-12-11T11:00:00-00:00","2019-12-11T12:00:00-00:00","ZP26","Solar","Renewable Forecast Actual Generation","RENEW_FCST_ACT_MW",3,3,-5.73097,"ACTUAL",5
"101","2019-12-11",5,0,"2019-12-11T12:00:00-00:00","2019-12-11T13:00:00-00:00","ZP26","Solar","Renewable Forecast Actual Generation","RENEW_FCST_ACT_MW",3,3,-5.65303,"ACTUAL",5
"102","2019-12-11",6,0,"2019-12-11T13:00:00-00:00","2019-12-11T14:00:00-00:00","ZP26","Solar","Renewable Forecast Actual Generation","RENEW_FCST_ACT_MW",3,3,-5.63097,"ACTUAL",5
"103","2019-12-11",7,0,"2019-12-11T14:00:00-00:00","2019-12-11T15:00:00-00:00","ZP26","Solar","Renewable Forecast Actual Generation","RENEW_FCST_ACT_MW",3,3,-4.79216,"ACTUAL",5
"104","2019-12-11",8,0,"2019-12-11T15:00:00-00:00","2019-12-11T16:00:00-00:00","ZP26","Solar","Renewable Forecast Actual Generation","RENEW_FCST_ACT_MW",3,3,121.59466,"ACTUAL",5
"105","2019-12-11",9,0,"2019-12-11T16:00:00-00:00","2019-12-11T17:00:00-00:00","ZP26","Solar","Renewable Forecast Actual Generation","RENEW_FCST_ACT_MW",3,3,409.61608,"ACTUAL",5
"106","2019-12-11",10,0,"2019-12-11T17:00:00-00:00","2019-12-11T18:00:00-00:00","ZP26","Solar","Renewable Forecast Actual Generation","RENEW_FCST_ACT_MW",3,3,636.12745,"ACTUAL",5
"107","2019-12-11",11,0,"2019-12-11T18:00:00-00:00","2019-12-11T19:00:00-00:00","ZP26","Solar","Renewable Forecast Actual Generation","RENEW_FCST_ACT_MW",3,3,927.86804,"ACTUAL",5
"108","2019-12-11",12,0,"2019-12-11T19:00:00-00:00","2019-12-11T20:00:00-00:00","ZP26","Solar","Renewable Forecast Actual Generation","RENEW_FCST_ACT_MW",3,3,1037.26814,"ACTUAL",5
"109","2019-12-11",13,0,"2019-12-11T20:00:00-00:00","2019-12-11T21:00:00-00:00","ZP26","Solar","Renewable Forecast Actual Generation","RENEW_FCST_ACT_MW",3,3,1081.07687,"ACTUAL",5
"110","2019-12-11",14,0,"2019-12-11T21:00:00-00:00","2019-12-11T22:00:00-00:00","ZP26","Solar","Renewable Forecast Actual Generation","RENEW_FCST_ACT_MW",3,3,926.92523,"ACTUAL",5
"111","2019-12-11",15,0,"2019-12-11T22:00:00-00:00","2019-12-11T23:00:00-00:00","ZP26","Solar","Renewable Forecast Actual Generation","RENEW_FCST_ACT_MW",3,3,686.5574,"ACTUAL",5
"112","2019-12-11",16,0,"2019-12-11T23:00:00-00:00","2019-12-12T00:00:00-00:00","ZP26","Solar","Renewable Forecast Actual Generation","RENEW_FCST_ACT_MW",3,3,301.61071,"ACTUAL",5
"113","2019-12-11",17,0,"2019-12-12T00:00:00-00:00","2019-12-12T01:00:00-00:00","ZP26","Solar","Renewable Forecast Actual Generation","RENEW_FCST_ACT_MW",3,3,55.35281,"ACTUAL",5
"114","2019-12-11",18,0,"2019-12-12T01:00:00-00:00","2019-12-12T02:00:00-00:00","ZP26","Solar","Renewable Forecast Actual Generation","RENEW_FCST_ACT_MW",3,3,-5.72497,"ACTUAL",5
"115","2019-12-11",19,0,"2019-12-12T02:00:00-00:00","2019-12-12T03:00:00-00:00","ZP26","Solar","Renewable Forecast Actual Generation","RENEW_FCST_ACT_MW",3,3,-5.52878,"ACTUAL",5
"116","2019-12-11",20,0,"2019-12-12T03:00:00-00:00","2019-12-12T04:00:00-00:00","ZP26","Solar","Renewable Forecast Actual Generation","RENEW_FCST_ACT_MW",3,3,-5.7111,"ACTUAL",5
"117","2019-12-11",21,0,"2019-12-12T04:00:00-00:00","2019-12-12T05:00:00-00:00","ZP26","Solar","Renewable Forecast Actual Generation","RENEW_FCST_ACT_MW",3,3,-6.07724,"ACTUAL",5
"118","2019-12-11",22,0,"2019-12-12T05:00:00-00:00","2019-12-12T06:00:00-00:00","ZP26","Solar","Renewable Forecast Actual Generation","RENEW_FCST_ACT_MW",3,3,-5.66569,"ACTUAL",5
"119","2019-12-11",23,0,"2019-12-12T06:00:00-00:00","2019-12-12T07:00:00-00:00","ZP26","Solar","Renewable Forecast Actual Generation","RENEW_FCST_ACT_MW",3,3,-5.68487,"ACTUAL",5
"120","2019-12-11",2,0,"2019-12-11T09:00:00-00:00","2019-12-11T10:00:00-00:00","ZP26","Solar","Renewable Forecast Actual Generation","RENEW_FCST_ACT_MW",3,3,-5.69718,"ACTUAL",5
