"","OPR_DT","OPR_HR","OPR_INTERVAL","INTERVALSTARTTIME_GMT","INTERVALENDTIME_GMT","TRADING_HUB","RENEWABLE_TYPE","LABEL","XML_DATA_ITEM","MARKET_RUN_ID_POS","RENEW_POS","MW","MARKET_RUN_ID","GROUP"
"1","2019-11-14",1,0,"2019-11-14T08:00:00-00:00","2019-11-14T09:00:00-00:00","NP15","Solar","Renewable Forecast Actual Generation","RENEW_FCST_ACT_MW",3,3,-3.25275,"ACTUAL",1
"2","2019-11-14",2,0,"2019-11-14T09:00:00-00:00","2019-11-14T10:00:00-00:00","NP15","Solar","Renewable Forecast Actual Generation","RENEW_FCST_ACT_MW",3,3,-3.21312,"ACTUAL",1
"3","2019-11-14",3,0,"2019-11-14T10:00:00-00:00","2019-11-14T11:00:00-00:00","NP15","Solar","Renewable Forecast Actual Generation","RENEW_FCST_ACT_MW",3,3,-3.20435,"ACTUAL",1
"4","2019-11-14",4,0,"2019-11-14T11:00:00-00:00","2019-11-14T12:00:00-00:00","NP15","Solar","Renewable Forecast Actual Generation","RENEW_FCST_ACT_MW",3,3,-3.20814,"ACTUAL",1
"5","2019-11-14",5,0,"2019-11-14T12:00:00-00:00","2019-11-14T13:00:00-00:00","NP15","Solar","Renewable Forecast Actual Generation","RENEW_FCST_ACT_MW",3,3,-3.20528,"ACTUAL",1
"6","2019-11-14",6,0,"2019-11-14T13:00:00-00:00","2019-11-14T14:00:00-00:00","NP15","Solar","Renewable Forecast Actual Generation","RENEW_FCST_ACT_MW",3,3,-3.19401,"ACTUAL",1
"7","2019-11-14",7,0,"2019-11-14T14:00:00-00:00","2019-11-14T15:00:00-00:00","NP15","Solar","Renewable Forecast Actual Generation","RENEW_FCST_ACT_MW",3,3,1.66413,"ACTUAL",1
"8","2019-11-14",8,0,"2019-11-14T15:00:00-00:00","2019-11-14T16:00:00-00:00","NP15","Solar","Renewable Forecast Actual Generation","RENEW_FCST_ACT_MW",3,3,121.8228,"ACTUAL",1
"9","2019-11-14",9,0,"2019-11-14T16:00:00-00:00","2019-11-14T17:00:00-00:00","NP15","Solar","Renewable Forecast Actual Generation","RENEW_FCST_ACT_MW",3,3,362.00873,"ACTUAL",1
"10","2019-11-14",10,0,"2019-11-14T17:00:00-00:00","2019-11-14T18:00:00-00:00","NP15","Solar","Renewable Forecast Actual Generation","RENEW_FCST_ACT_MW",3,3,639.25607,"ACTUAL",1
"11","2019-11-14",11,0,"2019-11-14T18:00:00-00:00","2019-11-14T19:00:00-00:00","NP15","Solar","Renewable Forecast Actual Generation","RENEW_FCST_ACT_MW",3,3,654.0832,"ACTUAL",1
"12","2019-11-14",12,0,"2019-11-14T19:00:00-00:00","2019-11-14T20:00:00-00:00","NP15","Solar","Renewable Forecast Actual Generation","RENEW_FCST_ACT_MW",3,3,653.86147,"ACTUAL",1
"13","2019-11-14",13,0,"2019-11-14T20:00:00-00:00","2019-11-14T21:00:00-00:00","NP15","Solar","Renewable Forecast Actual Generation","RENEW_FCST_ACT_MW",3,3,531.91642,"ACTUAL",1
"14","2019-11-14",14,0,"2019-11-14T21:00:00-00:00","2019-11-14T22:00:00-00:00","NP15","Solar","Renewable Forecast Actual Generation","RENEW_FCST_ACT_MW",3,3,405.19051,"ACTUAL",1
"15","2019-11-14",15,0,"2019-11-14T22:00:00-00:00","2019-11-14T23:00:00-00:00","NP15","Solar","Renewable Forecast Actual Generation","RENEW_FCST_ACT_MW",3,3,290.51033,"ACTUAL",1
"16","2019-11-14",16,0,"2019-11-14T23:00:00-00:00","2019-11-15T00:00:00-00:00","NP15","Solar","Renewable Forecast Actual Generation","RENEW_FCST_ACT_MW",3,3,151.14658,"ACTUAL",1
"17","2019-11-14",17,0,"2019-11-15T00:00:00-00:00","2019-11-15T01:00:00-00:00","NP15","Solar","Renewable Forecast Actual Generation","RENEW_FCST_ACT_MW",3,3,29.09502,"ACTUAL",1
"18","2019-11-14",18,0,"2019-11-15T01:00:00-00:00","2019-11-15T02:00:00-00:00","NP15","Solar","Renewable Forecast Actual Generation","RENEW_FCST_ACT_MW",3,3,-3.7357,"ACTUAL",1
"19","2019-11-14",19,0,"2019-11-15T02:00:00-00:00","2019-11-15T03:00:00-00:00","NP15","Solar","Renewable Forecast Actual Generation","RENEW_FCST_ACT_MW",3,3,-3.51614,"ACTUAL",1
"20","2019-11-14",20,0,"2019-11-15T03:00:00-00:00","2019-11-15T04:00:00-00:00","NP15","Solar","Renewable Forecast Actual Generation","RENEW_FCST_ACT_MW",3,3,-3.49987,"ACTUAL",1
"21","2019-11-14",21,0,"2019-11-15T04:00:00-00:00","2019-11-15T05:00:00-00:00","NP15","Solar","Renewable Forecast Actual Generation","RENEW_FCST_ACT_MW",3,3,-3.5159,"ACTUAL",1
"22","2019-11-14",22,0,"2019-11-15T05:00:00-00:00","2019-11-15T06:00:00-00:00","NP15","Solar","Renewable Forecast Actual Generation","RENEW_FCST_ACT_MW",3,3,-3.51532,"ACTUAL",1
"23","2019-11-14",23,0,"2019-11-15T06:00:00-00:00","2019-11-15T07:00:00-00:00","NP15","Solar","Renewable Forecast Actual Generation","RENEW_FCST_ACT_MW",3,3,-3.52779,"ACTUAL",1
"24","2019-11-14",24,0,"2019-11-15T07:00:00-00:00","2019-11-15T08:00:00-00:00","NP15","Solar","Renewable Forecast Actual Generation","RENEW_FCST_ACT_MW",3,3,-3.51322,"ACTUAL",1
"25","2019-11-14",1,0,"2019-11-14T08:00:00-00:00","2019-11-14T09:00:00-00:00","NP15","Wind","Renewable Forecast Actual Generation","RENEW_FCST_ACT_MW",3,1,924.25284,"ACTUAL",2
"26","2019-11-14",24,0,"2019-11-15T07:00:00-00:00","2019-11-15T08:00:00-00:00","NP15","Wind","Renewable Forecast Actual Generation","RENEW_FCST_ACT_MW",3,1,217.27452,"ACTUAL",2
"27","2019-11-14",3,0,"2019-11-14T10:00:00-00:00","2019-11-14T11:00:00-00:00","NP15","Wind","Renewable Forecast Actual Generation","RENEW_FCST_ACT_MW",3,1,1064.76001,"ACTUAL",2
"28","2019-11-14",4,0,"2019-11-14T11:00:00-00:00","2019-11-14T12:00:00-00:00","NP15","Wind","Renewable Forecast Actual Generation","RENEW_FCST_ACT_MW",3,1,968.14853,"ACTUAL",2
"29","2019-11-14",5,0,"2019-11-14T12:00:00-00:00","2019-11-14T13:00:00-00:00","NP15","Wind","Renewable Forecast Actual Generation","RENEW_FCST_ACT_MW",3,1,898.21031,"ACTUAL",2
"30","2019-11-14",6,0,"2019-11-14T13:00:00-00:00","2019-11-14T14:00:00-00:00","NP15","Wind","Renewable Forecast Actual Generation","RENEW_FCST_ACT_MW",3,1,815.90669,"ACTUAL",2
"31","2019-11-14",7,0,"2019-11-14T14:00:00-00:00","2019-11-14T15:00:00-00:00","NP15","Wind","Renewable Forecast Actual Generation","RENEW_FCST_ACT_MW",3,1,808.52571,"ACTUAL",2
"32","2019-11-14",8,0,"2019-11-14T15:00:00-00:00","2019-11-14T16:00:00-00:00","NP15","Wind","Renewable Forecast Actual Generation","RENEW_FCST_ACT_MW",3,1,688.15482,"ACTUAL",2
"33","2019-11-14",9,0,"2019-11-14T16:00:00-00:00","2019-11-14T17:00:00-00:00","NP15","Wind","Renewable Forecast Actual Generation","RENEW_FCST_ACT_MW",3,1,498.54025,"ACTUAL",2
"34","2019-11-14",10,0,"2019-11-14T17:00:00-00:00","2019-11-14T18:00:00-00:00","NP15","Wind","Renewable Forecast Actual Generation","RENEW_FCST_ACT_MW",3,1,402.86998,"ACTUAL",2
"35","2019-11-14",11,0,"2019-11-14T18:00:00-00:00","2019-11-14T19:00:00-00:00","NP15","Wind","Renewable Forecast Actual Generation","RENEW_FCST_ACT_MW",3,1,329.50394,"ACTUAL",2
"36","2019-11-14",12,0,"2019-11-14T19:00:00-00:00","2019-11-14T20:00:00-00:00","NP15","Wind","Renewable Forecast Actual Generation","RENEW_FCST_ACT_MW",3,1,389.03953,"ACTUAL",2
"37","2019-11-14",13,0,"2019-11-14T20:00:00-00:00","2019-11-14T21:00:00-00:00","NP15","Wind","Renewable Forecast Actual Generation","RENEW_FCST_ACT_MW",3,1,547.24003,"ACTUAL",2
"38","2019-11-14",14,0,"2019-11-14T21:00:00-00:00","2019-11-14T22:00:00-00:00","NP15","Wind","Renewable Forecast Actual Generation","RENEW_FCST_ACT_MW",3,1,794.77546,"ACTUAL",2
"39","2019-11-14",15,0,"2019-11-14T22:00:00-00:00","2019-11-14T23:00:00-00:00","NP15","Wind","Renewable Forecast Actual Generation","RENEW_FCST_ACT_MW",3,1,626.83721,"ACTUAL",2
"40","2019-11-14",16,0,"2019-11-14T23:00:00-00:00","2019-11-15T00:00:00-00:00","NP15","Wind","Renewable Forecast Actual Generation","RENEW_FCST_ACT_MW",3,1,436.7173,"ACTUAL",2
"41","2019-11-14",17,0,"2019-11-15T00:00:00-00:00","2019-11-15T01:00:00-00:00","NP15","Wind","Renewable Forecast Actual Generation","RENEW_FCST_ACT_MW",3,1,203.38423,"ACTUAL",2
"42","2019-11-14",18,0,"2019-11-15T01:00:00-00:00","2019-11-15T02:00:00-00:00","NP15","Wind","Renewable Forecast Actual Generation","RENEW_FCST_ACT_MW",3,1,247.81716,"ACTUAL",2
"43","2019-11-14",19,0,"2019-11-15T02:00:00-00:00","2019-11-15T03:00:00-00:00","NP15","Wind","Renewable Forecast Actual Generation","RENEW_FCST_ACT_MW",3,1,407.40566,"ACTUAL",2
"44","2019-11-14",20,0,"2019-11-15T03:00:00-00:00","2019-11-15T04:00:00-00:00","NP15","Wind","Renewable Forecast Actual Generation","RENEW_FCST_ACT_MW",3,1,437.49053,"ACTUAL",2
"45","2019-11-14",21,0,"2019-11-15T04:00:00-00:00","2019-11-15T05:00:00-00:00","NP15","Wind","Renewable Forecast Actual Generation","RENEW_FCST_ACT_MW",3,1,370.5948,"ACTUAL",2
"46","2019-11-14",22,0,"2019-11-15T05:00:00-00:00","2019-11-15T06:00:00-00:00","NP15","Wind","Renewable Forecast Actual Generation","RENEW_FCST_ACT_MW",3,1,359.70841,"ACTUAL",2
"47","2019-11-14",23,0,"2019-11-15T06:00:00-00:00","2019-11-15T07:00:00-00:00","NP15","Wind","Renewable Forecast Actual Generation","RENEW_FCST_ACT_MW",3,1,339.52417,"ACTUAL",2
"48","2019-11-14",2,0,"2019-11-14T09:00:00-00:00","2019-11-14T10:00:00-00:00","NP15","Wind","Renewable Forecast Actual Generation","RENEW_FCST_ACT_MW",3,1,808.02104,"ACTUAL",2
"49","2019-11-14",24,0,"2019-11-15T07:00:00-00:00","2019-11-15T08:00:00-00:00","SP15","Solar","Renewable Forecast Actual Generation","RENEW_FCST_ACT_MW",3,3,-10.97471,"ACTUAL",3
"50","2019-11-14",2,0,"2019-11-14T09:00:00-00:00","2019-11-14T10:00:00-00:00","SP15","Solar","Renewable Forecast Actual Generation","RENEW_FCST_ACT_MW",3,3,-23.97232,"ACTUAL",3
"51","2019-11-14",23,0,"2019-11-15T06:00:00-00:00","2019-11-15T07:00:00-00:00","SP15","Solar","Renewable Forecast Actual Generation","RENEW_FCST_ACT_MW",3,3,-10.60015,"ACTUAL",3
"52","2019-11-14",6,0,"2019-11-14T13:00:00-00:00","2019-11-14T14:00:00-00:00","SP15","Solar","Renewable Forecast Actual Generation","RENEW_FCST_ACT_MW",3,3,-28.21659,"ACTUAL",3
"53","2019-11-14",22,0,"2019-11-15T05:00:00-00:00","2019-11-15T06:00:00-00:00","SP15","Solar","Renewable Forecast Actual Generation","RENEW_FCST_ACT_MW",3,3,-7.57288,"ACTUAL",3
"54","2019-11-14",11,0,"2019-11-14T18:00:00-00:00","2019-11-14T19:00:00-00:00","SP15","Solar","Renewable Forecast Actual Generation","RENEW_FCST_ACT_MW",3,3,4569.29553,"ACTUAL",3
"55","2019-11-14",21,0,"2019-11-15T04:00:00-00:00","2019-11-15T05:00:00-00:00","SP15","Solar","Renewable Forecast Actual Generation","RENEW_FCST_ACT_MW",3,3,-7.41813,"ACTUAL",3
"56","2019-11-14",3,0,"2019-11-14T10:00:00-00:00","2019-11-14T11:00:00-00:00","SP15","Solar","Renewable Forecast Actual Generation","RENEW_FCST_ACT_MW",3,3,-24.74592,"ACTUAL",3
"57","2019-11-14",20,0,"2019-11-15T03:00:00-00:00","2019-11-15T04:00:00-00:00","SP15","Solar","Renewable Forecast Actual Generation","RENEW_FCST_ACT_MW",3,3,-7.42222,"ACTUAL",3
"58","2019-11-14",10,0,"2019-11-14T17:00:00-00:00","2019-11-14T18:00:00-00:00","SP15","Solar","Renewable Forecast Actual Generation","RENEW_FCST_ACT_MW",3,3,4312.93925,"ACTUAL",3
"59","2019-11-14",19,0,"2019-11-15T02:00:00-00:00","2019-11-15T03:00:00-00:00","SP15","Solar","Renewable Forecast Actual Generation","RENEW_FCST_ACT_MW",3,3,-7.46249,"ACTUAL",3
"60","2019-11-14",5,0,"2019-11-14T12:00:00-00:00","2019-11-14T13:00:00-00:00","SP15","Solar","Renewable Forecast Actual Generation","RENEW_FCST_ACT_MW",3,3,-25.94654,"ACTUAL",3
"61","2019-11-14",18,0,"2019-11-15T01:00:00-00:00","2019-11-15T02:00:00-00:00","SP15","Solar","Renewable Forecast Actual Generation","RENEW_FCST_ACT_MW",3,3,-8.08799,"ACTUAL",3
"62","2019-11-14",9,0,"2019-11-14T16:00:00-00:00","2019-11-14T17:00:00-00:00","SP15","Solar","Renewable Forecast Actual Generation","RENEW_FCST_ACT_MW",3,3,4107.22191,"ACTUAL",3
"63","2019-11-14",17,0,"2019-11-15T00:00:00-00:00","2019-11-15T01:00:00-00:00","SP15","Solar","Renewable Forecast Actual Generation","RENEW_FCST_ACT_MW",3,3,210.99323,"ACTUAL",3
"64","2019-11-14",1,0,"2019-11-14T08:00:00-00:00","2019-11-14T09:00:00-00:00","SP15","Solar","Renewable Forecast Actual Generation","RENEW_FCST_ACT_MW",3,3,-23.92556,"ACTUAL",3
"65","2019-11-14",16,0,"2019-11-14T23:00:00-00:00","2019-11-15T00:00:00-00:00","SP15","Solar","Renewable Forecast Actual Generation","RENEW_FCST_ACT_MW",3,3,1642.52594,"ACTUAL",3
"66","2019-11-14",8,0,"2019-11-14T15:00:00-00:00","2019-11-14T16:00:00-00:00","SP15","Solar","Renewable Forecast Actual Generation","RENEW_FCST_ACT_MW",3,3,2131.19638,"ACTUAL",3
"67","2019-11-14",15,0,"2019-11-14T22:00:00-00:00","2019-11-14T23:00:00-00:00","SP15","Solar","Renewable Forecast Actual Generation","RENEW_FCST_ACT_MW",3,3,3178.49842,"ACTUAL",3
"68","2019-11-14",4,0,"2019-11-14T11:00:00-00:00","2019-11-14T12:00:00-00:00","SP15","Solar","Renewable Forecast Actual Generation","RENEW_FCST_ACT_MW",3,3,-25.32196,"ACTUAL",3
"69","2019-11-14",14,0,"2019-11-14T21:00:00-00:00","2019-11-14T22:00:00-00:00","SP15","Solar","Renewable Forecast Actual Generation","RENEW_FCST_ACT_MW",3,3,4028.09702,"ACTUAL",3
"70","2019-11-14",7,0,"2019-11-14T14:00:00-00:00","2019-11-14T15:00:00-00:00","SP15","Solar","Renewable Forecast Actual Generation","RENEW_FCST_ACT_MW",3,3,194.15368,"ACTUAL",3
"71","2019-11-14",13,0,"2019-11-14T20:00:00-00:00","2019-11-14T21:00:00-00:00","SP15","Solar","Renewable Forecast Actual Generation","RENEW_FCST_ACT_MW",3,3,4452.96146,"ACTUAL",3
"72","2019-11-14",12,0,"2019-11-14T19:00:00-00:00","2019-11-14T20:00:00-00:00","SP15","Solar","Renewable Forecast Actual Generation","RENEW_FCST_ACT_MW",3,3,4919.23614,"ACTUAL",3
"73","2019-11-14",23,0,"2019-11-15T06:00:00-00:00","2019-11-15T07:00:00-00:00","SP15","Wind","Renewable Forecast Actual Generation","RENEW_FCST_ACT_MW",3,1,348.93943,"ACTUAL",4
"74","2019-11-14",22,0,"2019-11-15T05:00:00-00:00","2019-11-15T06:00:00-00:00","SP15","Wind","Renewable Forecast Actual Generation","RENEW_FCST_ACT_MW",3,1,393.59465,"ACTUAL",4
"75","2019-11-14",21,0,"2019-11-15T04:00:00-00:00","2019-11-15T05:00:00-00:00","SP15","Wind","Renewable Forecast Actual Generation","RENEW_FCST_ACT_MW",3,1,415.0202,"ACTUAL",4
"76","2019-11-14",20,0,"2019-11-15T03:00:00-00:00","2019-11-15T04:00:00-00:00","SP15","Wind","Renewable Forecast Actual Generation","RENEW_FCST_ACT_MW",3,1,391.56467,"ACTUAL",4
"77","2019-11-14",19,0,"2019-11-15T02:00:00-00:00","2019-11-15T03:00:00-00:00","SP15","Wind","Renewable Forecast Actual Generation","RENEW_FCST_ACT_MW",3,1,354.06794,"ACTUAL",4
"78","2019-11-14",18,0,"2019-11-15T01:00:00-00:00","2019-11-15T02:00:00-00:00","SP15","Wind","Renewable Forecast Actual Generation","RENEW_FCST_ACT_MW",3,1,380.00443,"ACTUAL",4
"79","2019-11-14",17,0,"2019-11-15T00:00:00-00:00","2019-11-15T01:00:00-00:00","SP15","Wind","Renewable Forecast Actual Generation","RENEW_FCST_ACT_MW",3,1,380.5297,"ACTUAL",4
"80","2019-11-14",16,0,"2019-11-14T23:00:00-00:00","2019-11-15T00:00:00-00:00","SP15","Wind","Renewable Forecast Actual Generation","RENEW_FCST_ACT_MW",3,1,332.30068,"ACTUAL",4
"81","2019-11-14",15,0,"2019-11-14T22:00:00-00:00","2019-11-14T23:00:00-00:00","SP15","Wind","Renewable Forecast Actual Generation","RENEW_FCST_ACT_MW",3,1,361.4205,"ACTUAL",4
"82","2019-11-14",14,0,"2019-11-14T21:00:00-00:00","2019-11-14T22:00:00-00:00","SP15","Wind","Renewable Forecast Actual Generation","RENEW_FCST_ACT_MW",3,1,321.04619,"ACTUAL",4
"83","2019-11-14",13,0,"2019-11-14T20:00:00-00:00","2019-11-14T21:00:00-00:00","SP15","Wind","Renewable Forecast Actual Generation","RENEW_FCST_ACT_MW",3,1,196.92809,"ACTUAL",4
"84","2019-11-14",12,0,"2019-11-14T19:00:00-00:00","2019-11-14T20:00:00-00:00","SP15","Wind","Renewable Forecast Actual Generation","RENEW_FCST_ACT_MW",3,1,109.06009,"ACTUAL",4
"85","2019-11-14",11,0,"2019-11-14T18:00:00-00:00","2019-11-14T19:00:00-00:00","SP15","Wind","Renewable Forecast Actual Generation","RENEW_FCST_ACT_MW",3,1,86.55519,"ACTUAL",4
"86","2019-11-14",10,0,"2019-11-14T17:00:00-00:00","2019-11-14T18:00:00-00:00","SP15","Wind","Renewable Forecast Actual Generation","RENEW_FCST_ACT_MW",3,1,99.788,"ACTUAL",4
"87","2019-11-14",9,0,"2019-11-14T16:00:00-00:00","2019-11-14T17:00:00-00:00","SP15","Wind","Renewable Forecast Actual Generation","RENEW_FCST_ACT_MW",3,1,111.29884,"ACTUAL",4
"88","2019-11-14",8,0,"2019-11-14T15:00:00-00:00","2019-11-14T16:00:00-00:00","SP15","Wind","Renewable Forecast Actual Generation","RENEW_FCST_ACT_MW",3,1,147.13945,"ACTUAL",4
"89","2019-11-14",7,0,"2019-11-14T14:00:00-00:00","2019-11-14T15:00:00-00:00","SP15","Wind","Renewable Forecast Actual Generation","RENEW_FCST_ACT_MW",3,1,189.6698,"ACTUAL",4
"90","2019-11-14",6,0,"2019-11-14T13:00:00-00:00","2019-11-14T14:00:00-00:00","SP15","Wind","Renewable Forecast Actual Generation","RENEW_FCST_ACT_MW",3,1,220.20861,"ACTUAL",4
"91","2019-11-14",5,0,"2019-11-14T12:00:00-00:00","2019-11-14T13:00:00-00:00","SP15","Wind","Renewable Forecast Actual Generation","RENEW_FCST_ACT_MW",3,1,233.52565,"ACTUAL",4
"92","2019-11-14",4,0,"2019-11-14T11:00:00-00:00","2019-11-14T12:00:00-00:00","SP15","Wind","Renewable Forecast Actual Generation","RENEW_FCST_ACT_MW",3,1,248.46397,"ACTUAL",4
"93","2019-11-14",3,0,"2019-11-14T10:00:00-00:00","2019-11-14T11:00:00-00:00","SP15","Wind","Renewable Forecast Actual Generation","RENEW_FCST_ACT_MW",3,1,288.26453,"ACTUAL",4
"94","2019-11-14",2,0,"2019-11-14T09:00:00-00:00","2019-11-14T10:00:00-00:00","SP15","Wind","Renewable Forecast Actual Generation","RENEW_FCST_ACT_MW",3,1,385.33903,"ACTUAL",4
"95","2019-11-14",24,0,"2019-11-15T07:00:00-00:00","2019-11-15T08:00:00-00:00","SP15","Wind","Renewable Forecast Actual Generation","RENEW_FCST_ACT_MW",3,1,236.98193,"ACTUAL",4
"96","2019-11-14",1,0,"2019-11-14T08:00:00-00:00","2019-11-14T09:00:00-00:00","SP15","Wind","Renewable Forecast Actual Generation","RENEW_FCST_ACT_MW",3,1,452.20252,"ACTUAL",4
"97","2019-11-14",1,0,"2019-11-14T08:00:00-00:00","2019-11-14T09:00:00-00:00","ZP26","Solar","Renewable Forecast Actual Generation","RENEW_FCST_ACT_MW",3,3,-5.67781,"ACTUAL",5
"98","2019-11-14",24,0,"2019-11-15T07:00:00-00:00","2019-11-15T08:00:00-00:00","ZP26","Solar","Renewable Forecast Actual Generation","RENEW_FCST_ACT_MW",3,3,-5.6392,"ACTUAL",5
"99","2019-11-14",3,0,"2019-11-14T10:00:00-00:00","2019-11-14T11:00:00-00:00","ZP26","Solar","Renewable Forecast Actual Generation","RENEW_FCST_ACT_MW",3,3,-5.6969,"ACTUAL",5
"100","2019-11-14",4,0,"2019-11-14T11:00:00-00:00","2019-11-14T12:00:00-00:00","ZP26","Solar","Renewable Forecast Actual Generation","RENEW_FCST_ACT_MW",3,3,-5.72784,"ACTUAL",5
"101","2019-11-14",5,0,"2019-11-14T12:00:00-00:00","2019-11-14T13:00:00-00:00","ZP26","Solar","Renewable Forecast Actual Generation","RENEW_FCST_ACT_MW",3,3,-5.68716,"ACTUAL",5
"102","2019-11-14",6,0,"2019-11-14T13:00:00-00:00","2019-11-14T14:00:00-00:00","ZP26","Solar","Renewable Forecast Actual Generation","RENEW_FCST_ACT_MW",3,3,-5.64345,"ACTUAL",5
"103","2019-11-14",7,0,"2019-11-14T14:00:00-00:00","2019-11-14T15:00:00-00:00","ZP26","Solar","Renewable Forecast Actual Generation","RENEW_FCST_ACT_MW",3,3,5.15576,"ACTUAL",5
"104","2019-11-14",8,0,"2019-11-14T15:00:00-00:00","2019-11-14T16:00:00-00:00","ZP26","Solar","Renewable Forecast Actual Generation","RENEW_FCST_ACT_MW",3,3,217.32068,"ACTUAL",5
"105","2019-11-14",9,0,"2019-11-14T16:00:00-00:00","2019-11-14T17:00:00-00:00","ZP26","Solar","Renewable Forecast Actual Generation","RENEW_FCST_ACT_MW",3,3,594.51996,"ACTUAL",5
"106","2019-11-14",10,0,"2019-11-14T17:00:00-00:00","2019-11-14T18:00:00-00:00","ZP26","Solar","Renewable Forecast Actual Generation","RENEW_FCST_ACT_MW",3,3,762.49159,"ACTUAL",5
"107","2019-11-14",11,0,"2019-11-14T18:00:00-00:00","2019-11-14T19:00:00-00:00","ZP26","Solar","Renewable Forecast Actual Generation","RENEW_FCST_ACT_MW",3,3,889.84254,"ACTUAL",5
"108","2019-11-14",12,0,"2019-11-14T19:00:00-00:00","2019-11-14T20:00:00-00:00","ZP26","Solar","Renewable Forecast Actual Generation","RENEW_FCST_ACT_MW",3,3,1085.98475,"ACTUAL",5
"109","2019-11-14",13,0,"2019-11-14T20:00:00-00:00","2019-11-14T21:00:00-00:00","ZP26","Solar","Renewable Forecast Actual Generation","RENEW_FCST_ACT_MW",3,3,935.38846,"ACTUAL",5
"110","2019-11-14",14,0,"2019-11-14T21:00:00-00:00","2019-11-14T22:00:00-00:00","ZP26","Solar","Renewable Forecast Actual Generation","RENEW_FCST_ACT_MW",3,3,696.44434,"ACTUAL",5
"111","2019-11-14",15,0,"2019-11-14T22:00:00-00:00","2019-11-14T23:00:00-00:00","ZP26","Solar","Renewable Forecast Actual Generation","RENEW_FCST_ACT_MW",3,3,409.39102,"ACTUAL",5
"112","2019-11-14",16,0,"2019-11-14T23:00:00-00:00","2019-11-15T00:00:00-00:00","ZP26","Solar","Renewable Forecast Actual Generation","RENEW_FCST_ACT_MW",3,3,179.7603,"ACTUAL",5
"113","2019-11-14",17,0,"2019-11-15T00:00:00-00:00","2019-11-15T01:00:00-00:00","ZP26","Solar","Renewable Forecast Actual Generation","RENEW_FCST_ACT_MW",3,3,30.82443,"ACTUAL",5
"114","2019-11-14",18,0,"2019-11-15T01:00:00-00:00","2019-11-15T02:00:00-00:00","ZP26","Solar","Renewable Forecast Actual Generation","RENEW_FCST_ACT_MW",3,3,-5.82096,"ACTUAL",5
"115","2019-11-14",19,0,"2019-11-15T02:00:00-00:00","2019-11-15T03:00:00-00:00","ZP26","Solar","Renewable Forecast Actual Generation","RENEW_FCST_ACT_MW",3,3,-5.59461,"ACTUAL",5
"116","2019-11-14",20,0,"2019-11-15T03:00:00-00:00","2019-11-15T04:00:00-00:00","ZP26","Solar","Renewable Forecast Actual Generation","RENEW_FCST_ACT_MW",3,3,-5.60211,"ACTUAL",5
"117","2019-11-14",21,0,"2019-11-15T04:00:00-00:00","2019-11-15T05:00:00-00:00","ZP26","Solar","Renewable Forecast Actual Generation","RENEW_FCST_ACT_MW",3,3,-5.63248,"ACTUAL",5
"118","2019-11-14",22,0,"2019-11-15T05:00:00-00:00","2019-11-15T06:00:00-00:00","ZP26","Solar","Renewable Forecast Actual Generation","RENEW_FCST_ACT_MW",3,3,-5.63256,"ACTUAL",5
"119","2019-11-14",23,0,"2019-11-15T06:00:00-00:00","2019-11-15T07:00:00-00:00","ZP26","Solar","Renewable Forecast Actual Generation","RENEW_FCST_ACT_MW",3,3,-5.6333,"ACTUAL",5
"120","2019-11-14",2,0,"2019-11-14T09:00:00-00:00","2019-11-14T10:00:00-00:00","ZP26","Solar","Renewable Forecast Actual Generation","RENEW_FCST_ACT_MW",3,3,-5.74818,"ACTUAL",5
