"","OPR_DT","OPR_HR","OPR_INTERVAL","INTERVALSTARTTIME_GMT","INTERVALENDTIME_GMT","TRADING_HUB","RENEWABLE_TYPE","LABEL","XML_DATA_ITEM","MARKET_RUN_ID_POS","RENEW_POS","MW","MARKET_RUN_ID","GROUP"
"1","2019-10-29",2,0,"2019-10-29T08:00:00-00:00","2019-10-29T09:00:00-00:00","NP15","Solar","Renewable Forecast Actual Generation","RENEW_FCST_ACT_MW",3,3,-3.26627,"ACTUAL",1
"2","2019-10-29",3,0,"2019-10-29T09:00:00-00:00","2019-10-29T10:00:00-00:00","NP15","Solar","Renewable Forecast Actual Generation","RENEW_FCST_ACT_MW",3,3,-3.23178,"ACTUAL",1
"3","2019-10-29",4,0,"2019-10-29T10:00:00-00:00","2019-10-29T11:00:00-00:00","NP15","Solar","Renewable Forecast Actual Generation","RENEW_FCST_ACT_MW",3,3,-4.40072,"ACTUAL",1
"4","2019-10-29",5,0,"2019-10-29T11:00:00-00:00","2019-10-29T12:00:00-00:00","NP15","Solar","Renewable Forecast Actual Generation","RENEW_FCST_ACT_MW",3,3,-3.51342,"ACTUAL",1
"5","2019-10-29",6,0,"2019-10-29T12:00:00-00:00","2019-10-29T13:00:00-00:00","NP15","Solar","Renewable Forecast Actual Generation","RENEW_FCST_ACT_MW",3,3,-3.53379,"ACTUAL",1
"6","2019-10-29",7,0,"2019-10-29T13:00:00-00:00","2019-10-29T14:00:00-00:00","NP15","Solar","Renewable Forecast Actual Generation","RENEW_FCST_ACT_MW",3,3,-3.56044,"ACTUAL",1
"7","2019-10-29",8,0,"2019-10-29T14:00:00-00:00","2019-10-29T15:00:00-00:00","NP15","Solar","Renewable Forecast Actual Generation","RENEW_FCST_ACT_MW",3,3,30.07788,"ACTUAL",1
"8","2019-10-29",9,0,"2019-10-29T15:00:00-00:00","2019-10-29T16:00:00-00:00","NP15","Solar","Renewable Forecast Actual Generation","RENEW_FCST_ACT_MW",3,3,501.9957,"ACTUAL",1
"9","2019-10-29",10,0,"2019-10-29T16:00:00-00:00","2019-10-29T17:00:00-00:00","NP15","Solar","Renewable Forecast Actual Generation","RENEW_FCST_ACT_MW",3,3,969.46439,"ACTUAL",1
"10","2019-10-29",11,0,"2019-10-29T17:00:00-00:00","2019-10-29T18:00:00-00:00","NP15","Solar","Renewable Forecast Actual Generation","RENEW_FCST_ACT_MW",3,3,1028.99541,"ACTUAL",1
"11","2019-10-29",12,0,"2019-10-29T18:00:00-00:00","2019-10-29T19:00:00-00:00","NP15","Solar","Renewable Forecast Actual Generation","RENEW_FCST_ACT_MW",3,3,997.82909,"ACTUAL",1
"12","2019-10-29",13,0,"2019-10-29T19:00:00-00:00","2019-10-29T20:00:00-00:00","NP15","Solar","Renewable Forecast Actual Generation","RENEW_FCST_ACT_MW",3,3,970.09882,"ACTUAL",1
"13","2019-10-29",14,0,"2019-10-29T20:00:00-00:00","2019-10-29T21:00:00-00:00","NP15","Solar","Renewable Forecast Actual Generation","RENEW_FCST_ACT_MW",3,3,987.4613,"ACTUAL",1
"14","2019-10-29",15,0,"2019-10-29T21:00:00-00:00","2019-10-29T22:00:00-00:00","NP15","Solar","Renewable Forecast Actual Generation","RENEW_FCST_ACT_MW",3,3,1025.2691,"ACTUAL",1
"15","2019-10-29",16,0,"2019-10-29T22:00:00-00:00","2019-10-29T23:00:00-00:00","NP15","Solar","Renewable Forecast Actual Generation","RENEW_FCST_ACT_MW",3,3,1018.73007,"ACTUAL",1
"16","2019-10-29",17,0,"2019-10-29T23:00:00-00:00","2019-10-30T00:00:00-00:00","NP15","Solar","Renewable Forecast Actual Generation","RENEW_FCST_ACT_MW",3,3,748.39469,"ACTUAL",1
"17","2019-10-29",18,0,"2019-10-30T00:00:00-00:00","2019-10-30T01:00:00-00:00","NP15","Solar","Renewable Forecast Actual Generation","RENEW_FCST_ACT_MW",3,3,169.34773,"ACTUAL",1
"18","2019-10-29",19,0,"2019-10-30T01:00:00-00:00","2019-10-30T02:00:00-00:00","NP15","Solar","Renewable Forecast Actual Generation","RENEW_FCST_ACT_MW",3,3,-2.86503,"ACTUAL",1
"19","2019-10-29",20,0,"2019-10-30T02:00:00-00:00","2019-10-30T03:00:00-00:00","NP15","Solar","Renewable Forecast Actual Generation","RENEW_FCST_ACT_MW",3,3,-3.20199,"ACTUAL",1
"20","2019-10-29",21,0,"2019-10-30T03:00:00-00:00","2019-10-30T04:00:00-00:00","NP15","Solar","Renewable Forecast Actual Generation","RENEW_FCST_ACT_MW",3,3,-3.20997,"ACTUAL",1
"21","2019-10-29",22,0,"2019-10-30T04:00:00-00:00","2019-10-30T05:00:00-00:00","NP15","Solar","Renewable Forecast Actual Generation","RENEW_FCST_ACT_MW",3,3,-3.20024,"ACTUAL",1
"22","2019-10-29",23,0,"2019-10-30T05:00:00-00:00","2019-10-30T06:00:00-00:00","NP15","Solar","Renewable Forecast Actual Generation","RENEW_FCST_ACT_MW",3,3,-3.20562,"ACTUAL",1
"23","2019-10-29",24,0,"2019-10-30T06:00:00-00:00","2019-10-30T07:00:00-00:00","NP15","Solar","Renewable Forecast Actual Generation","RENEW_FCST_ACT_MW",3,3,-3.23279,"ACTUAL",1
"24","2019-10-29",18,0,"2019-10-30T00:00:00-00:00","2019-10-30T01:00:00-00:00","NP15","Wind","Renewable Forecast Actual Generation","RENEW_FCST_ACT_MW",3,1,794.52485,"ACTUAL",2
"25","2019-10-29",6,0,"2019-10-29T12:00:00-00:00","2019-10-29T13:00:00-00:00","NP15","Wind","Renewable Forecast Actual Generation","RENEW_FCST_ACT_MW",3,1,116.50527,"ACTUAL",2
"26","2019-10-29",17,0,"2019-10-29T23:00:00-00:00","2019-10-30T00:00:00-00:00","NP15","Wind","Renewable Forecast Actual Generation","RENEW_FCST_ACT_MW",3,1,1108.69476,"ACTUAL",2
"27","2019-10-29",16,0,"2019-10-29T22:00:00-00:00","2019-10-29T23:00:00-00:00","NP15","Wind","Renewable Forecast Actual Generation","RENEW_FCST_ACT_MW",3,1,1129.12245,"ACTUAL",2
"28","2019-10-29",15,0,"2019-10-29T21:00:00-00:00","2019-10-29T22:00:00-00:00","NP15","Wind","Renewable Forecast Actual Generation","RENEW_FCST_ACT_MW",3,1,1127.68484,"ACTUAL",2
"29","2019-10-29",14,0,"2019-10-29T20:00:00-00:00","2019-10-29T21:00:00-00:00","NP15","Wind","Renewable Forecast Actual Generation","RENEW_FCST_ACT_MW",3,1,1057.60287,"ACTUAL",2
"30","2019-10-29",13,0,"2019-10-29T19:00:00-00:00","2019-10-29T20:00:00-00:00","NP15","Wind","Renewable Forecast Actual Generation","RENEW_FCST_ACT_MW",3,1,916.12718,"ACTUAL",2
"31","2019-10-29",12,0,"2019-10-29T18:00:00-00:00","2019-10-29T19:00:00-00:00","NP15","Wind","Renewable Forecast Actual Generation","RENEW_FCST_ACT_MW",3,1,780.28057,"ACTUAL",2
"32","2019-10-29",11,0,"2019-10-29T17:00:00-00:00","2019-10-29T18:00:00-00:00","NP15","Wind","Renewable Forecast Actual Generation","RENEW_FCST_ACT_MW",3,1,646.21284,"ACTUAL",2
"33","2019-10-29",10,0,"2019-10-29T16:00:00-00:00","2019-10-29T17:00:00-00:00","NP15","Wind","Renewable Forecast Actual Generation","RENEW_FCST_ACT_MW",3,1,362.6359,"ACTUAL",2
"34","2019-10-29",9,0,"2019-10-29T15:00:00-00:00","2019-10-29T16:00:00-00:00","NP15","Wind","Renewable Forecast Actual Generation","RENEW_FCST_ACT_MW",3,1,263.7862,"ACTUAL",2
"35","2019-10-29",8,0,"2019-10-29T14:00:00-00:00","2019-10-29T15:00:00-00:00","NP15","Wind","Renewable Forecast Actual Generation","RENEW_FCST_ACT_MW",3,1,238.59153,"ACTUAL",2
"36","2019-10-29",7,0,"2019-10-29T13:00:00-00:00","2019-10-29T14:00:00-00:00","NP15","Wind","Renewable Forecast Actual Generation","RENEW_FCST_ACT_MW",3,1,167.06378,"ACTUAL",2
"37","2019-10-29",5,0,"2019-10-29T11:00:00-00:00","2019-10-29T12:00:00-00:00","NP15","Wind","Renewable Forecast Actual Generation","RENEW_FCST_ACT_MW",3,1,162.93714,"ACTUAL",2
"38","2019-10-29",4,0,"2019-10-29T10:00:00-00:00","2019-10-29T11:00:00-00:00","NP15","Wind","Renewable Forecast Actual Generation","RENEW_FCST_ACT_MW",3,1,127.17343,"ACTUAL",2
"39","2019-10-29",3,0,"2019-10-29T09:00:00-00:00","2019-10-29T10:00:00-00:00","NP15","Wind","Renewable Forecast Actual Generation","RENEW_FCST_ACT_MW",3,1,161.60394,"ACTUAL",2
"40","2019-10-29",2,0,"2019-10-29T08:00:00-00:00","2019-10-29T09:00:00-00:00","NP15","Wind","Renewable Forecast Actual Generation","RENEW_FCST_ACT_MW",3,1,260.16402,"ACTUAL",2
"41","2019-10-29",24,0,"2019-10-30T06:00:00-00:00","2019-10-30T07:00:00-00:00","NP15","Wind","Renewable Forecast Actual Generation","RENEW_FCST_ACT_MW",3,1,1136.65399,"ACTUAL",2
"42","2019-10-29",23,0,"2019-10-30T05:00:00-00:00","2019-10-30T06:00:00-00:00","NP15","Wind","Renewable Forecast Actual Generation","RENEW_FCST_ACT_MW",3,1,1191.91832,"ACTUAL",2
"43","2019-10-29",22,0,"2019-10-30T04:00:00-00:00","2019-10-30T05:00:00-00:00","NP15","Wind","Renewable Forecast Actual Generation","RENEW_FCST_ACT_MW",3,1,1218.55734,"ACTUAL",2
"44","2019-10-29",21,0,"2019-10-30T03:00:00-00:00","2019-10-30T04:00:00-00:00","NP15","Wind","Renewable Forecast Actual Generation","RENEW_FCST_ACT_MW",3,1,1124.89185,"ACTUAL",2
"45","2019-10-29",20,0,"2019-10-30T02:00:00-00:00","2019-10-30T03:00:00-00:00","NP15","Wind","Renewable Forecast Actual Generation","RENEW_FCST_ACT_MW",3,1,745.96884,"ACTUAL",2
"46","2019-10-29",19,0,"2019-10-30T01:00:00-00:00","2019-10-30T02:00:00-00:00","NP15","Wind","Renewable Forecast Actual Generation","RENEW_FCST_ACT_MW",3,1,575.82674,"ACTUAL",2
"47","2019-10-29",6,0,"2019-10-29T12:00:00-00:00","2019-10-29T13:00:00-00:00","SP15","Solar","Renewable Forecast Actual Generation","RENEW_FCST_ACT_MW",3,3,-5.34961,"ACTUAL",3
"48","2019-10-29",18,0,"2019-10-30T00:00:00-00:00","2019-10-30T01:00:00-00:00","SP15","Solar","Renewable Forecast Actual Generation","RENEW_FCST_ACT_MW",3,3,709.44074,"ACTUAL",3
"49","2019-10-29",5,0,"2019-10-29T11:00:00-00:00","2019-10-29T12:00:00-00:00","SP15","Solar","Renewable Forecast Actual Generation","RENEW_FCST_ACT_MW",3,3,-3.97116,"ACTUAL",3
"50","2019-10-29",11,0,"2019-10-29T17:00:00-00:00","2019-10-29T18:00:00-00:00","SP15","Solar","Renewable Forecast Actual Generation","RENEW_FCST_ACT_MW",3,3,6005.34261,"ACTUAL",3
"51","2019-10-29",4,0,"2019-10-29T10:00:00-00:00","2019-10-29T11:00:00-00:00","SP15","Solar","Renewable Forecast Actual Generation","RENEW_FCST_ACT_MW",3,3,-4.43639,"ACTUAL",3
"52","2019-10-29",15,0,"2019-10-29T21:00:00-00:00","2019-10-29T22:00:00-00:00","SP15","Solar","Renewable Forecast Actual Generation","RENEW_FCST_ACT_MW",3,3,5835.59294,"ACTUAL",3
"53","2019-10-29",3,0,"2019-10-29T09:00:00-00:00","2019-10-29T10:00:00-00:00","SP15","Solar","Renewable Forecast Actual Generation","RENEW_FCST_ACT_MW",3,3,-3.3164,"ACTUAL",3
"54","2019-10-29",10,0,"2019-10-29T16:00:00-00:00","2019-10-29T17:00:00-00:00","SP15","Solar","Renewable Forecast Actual Generation","RENEW_FCST_ACT_MW",3,3,5451.81806,"ACTUAL",3
"55","2019-10-29",2,0,"2019-10-29T08:00:00-00:00","2019-10-29T09:00:00-00:00","SP15","Solar","Renewable Forecast Actual Generation","RENEW_FCST_ACT_MW",3,3,-3.58888,"ACTUAL",3
"56","2019-10-29",13,0,"2019-10-29T19:00:00-00:00","2019-10-29T20:00:00-00:00","SP15","Solar","Renewable Forecast Actual Generation","RENEW_FCST_ACT_MW",3,3,5684.74824,"ACTUAL",3
"57","2019-10-29",24,0,"2019-10-30T06:00:00-00:00","2019-10-30T07:00:00-00:00","SP15","Solar","Renewable Forecast Actual Generation","RENEW_FCST_ACT_MW",3,3,-3.11329,"ACTUAL",3
"58","2019-10-29",9,0,"2019-10-29T15:00:00-00:00","2019-10-29T16:00:00-00:00","SP15","Solar","Renewable Forecast Actual Generation","RENEW_FCST_ACT_MW",3,3,3381.44167,"ACTUAL",3
"59","2019-10-29",23,0,"2019-10-30T05:00:00-00:00","2019-10-30T06:00:00-00:00","SP15","Solar","Renewable Forecast Actual Generation","RENEW_FCST_ACT_MW",3,3,-2.11597,"ACTUAL",3
"60","2019-10-29",16,0,"2019-10-29T22:00:00-00:00","2019-10-29T23:00:00-00:00","SP15","Solar","Renewable Forecast Actual Generation","RENEW_FCST_ACT_MW",3,3,5336.22467,"ACTUAL",3
"61","2019-10-29",22,0,"2019-10-30T04:00:00-00:00","2019-10-30T05:00:00-00:00","SP15","Solar","Renewable Forecast Actual Generation","RENEW_FCST_ACT_MW",3,3,-1.93849,"ACTUAL",3
"62","2019-10-29",8,0,"2019-10-29T14:00:00-00:00","2019-10-29T15:00:00-00:00","SP15","Solar","Renewable Forecast Actual Generation","RENEW_FCST_ACT_MW",3,3,601.67945,"ACTUAL",3
"63","2019-10-29",21,0,"2019-10-30T03:00:00-00:00","2019-10-30T04:00:00-00:00","SP15","Solar","Renewable Forecast Actual Generation","RENEW_FCST_ACT_MW",3,3,-1.47657,"ACTUAL",3
"64","2019-10-29",12,0,"2019-10-29T18:00:00-00:00","2019-10-29T19:00:00-00:00","SP15","Solar","Renewable Forecast Actual Generation","RENEW_FCST_ACT_MW",3,3,5995.39043,"ACTUAL",3
"65","2019-10-29",20,0,"2019-10-30T02:00:00-00:00","2019-10-30T03:00:00-00:00","SP15","Solar","Renewable Forecast Actual Generation","RENEW_FCST_ACT_MW",3,3,-1.08368,"ACTUAL",3
"66","2019-10-29",7,0,"2019-10-29T13:00:00-00:00","2019-10-29T14:00:00-00:00","SP15","Solar","Renewable Forecast Actual Generation","RENEW_FCST_ACT_MW",3,3,-6.27056,"ACTUAL",3
"67","2019-10-29",19,0,"2019-10-30T01:00:00-00:00","2019-10-30T02:00:00-00:00","SP15","Solar","Renewable Forecast Actual Generation","RENEW_FCST_ACT_MW",3,3,4.5567,"ACTUAL",3
"68","2019-10-29",14,0,"2019-10-29T20:00:00-00:00","2019-10-29T21:00:00-00:00","SP15","Solar","Renewable Forecast Actual Generation","RENEW_FCST_ACT_MW",3,3,6120.38461,"ACTUAL",3
"69","2019-10-29",17,0,"2019-10-29T23:00:00-00:00","2019-10-30T00:00:00-00:00","SP15","Solar","Renewable Forecast Actual Generation","RENEW_FCST_ACT_MW",3,3,3546.1187,"ACTUAL",3
"70","2019-10-29",18,0,"2019-10-30T00:00:00-00:00","2019-10-30T01:00:00-00:00","SP15","Wind","Renewable Forecast Actual Generation","RENEW_FCST_ACT_MW",3,1,982.82768,"ACTUAL",4
"71","2019-10-29",19,0,"2019-10-30T01:00:00-00:00","2019-10-30T02:00:00-00:00","SP15","Wind","Renewable Forecast Actual Generation","RENEW_FCST_ACT_MW",3,1,552.59569,"ACTUAL",4
"72","2019-10-29",20,0,"2019-10-30T02:00:00-00:00","2019-10-30T03:00:00-00:00","SP15","Wind","Renewable Forecast Actual Generation","RENEW_FCST_ACT_MW",3,1,301.7045,"ACTUAL",4
"73","2019-10-29",21,0,"2019-10-30T03:00:00-00:00","2019-10-30T04:00:00-00:00","SP15","Wind","Renewable Forecast Actual Generation","RENEW_FCST_ACT_MW",3,1,281.99418,"ACTUAL",4
"74","2019-10-29",22,0,"2019-10-30T04:00:00-00:00","2019-10-30T05:00:00-00:00","SP15","Wind","Renewable Forecast Actual Generation","RENEW_FCST_ACT_MW",3,1,538.3856,"ACTUAL",4
"75","2019-10-29",23,0,"2019-10-30T05:00:00-00:00","2019-10-30T06:00:00-00:00","SP15","Wind","Renewable Forecast Actual Generation","RENEW_FCST_ACT_MW",3,1,686.36857,"ACTUAL",4
"76","2019-10-29",24,0,"2019-10-30T06:00:00-00:00","2019-10-30T07:00:00-00:00","SP15","Wind","Renewable Forecast Actual Generation","RENEW_FCST_ACT_MW",3,1,841.92742,"ACTUAL",4
"77","2019-10-29",2,0,"2019-10-29T08:00:00-00:00","2019-10-29T09:00:00-00:00","SP15","Wind","Renewable Forecast Actual Generation","RENEW_FCST_ACT_MW",3,1,1380.72132,"ACTUAL",4
"78","2019-10-29",3,0,"2019-10-29T09:00:00-00:00","2019-10-29T10:00:00-00:00","SP15","Wind","Renewable Forecast Actual Generation","RENEW_FCST_ACT_MW",3,1,1493.4163,"ACTUAL",4
"79","2019-10-29",4,0,"2019-10-29T10:00:00-00:00","2019-10-29T11:00:00-00:00","SP15","Wind","Renewable Forecast Actual Generation","RENEW_FCST_ACT_MW",3,1,1455.26899,"ACTUAL",4
"80","2019-10-29",5,0,"2019-10-29T11:00:00-00:00","2019-10-29T12:00:00-00:00","SP15","Wind","Renewable Forecast Actual Generation","RENEW_FCST_ACT_MW",3,1,1385.14896,"ACTUAL",4
"81","2019-10-29",6,0,"2019-10-29T12:00:00-00:00","2019-10-29T13:00:00-00:00","SP15","Wind","Renewable Forecast Actual Generation","RENEW_FCST_ACT_MW",3,1,1627.60422,"ACTUAL",4
"82","2019-10-29",7,0,"2019-10-29T13:00:00-00:00","2019-10-29T14:00:00-00:00","SP15","Wind","Renewable Forecast Actual Generation","RENEW_FCST_ACT_MW",3,1,1731.51302,"ACTUAL",4
"83","2019-10-29",8,0,"2019-10-29T14:00:00-00:00","2019-10-29T15:00:00-00:00","SP15","Wind","Renewable Forecast Actual Generation","RENEW_FCST_ACT_MW",3,1,1756.40323,"ACTUAL",4
"84","2019-10-29",9,0,"2019-10-29T15:00:00-00:00","2019-10-29T16:00:00-00:00","SP15","Wind","Renewable Forecast Actual Generation","RENEW_FCST_ACT_MW",3,1,1775.03111,"ACTUAL",4
"85","2019-10-29",10,0,"2019-10-29T16:00:00-00:00","2019-10-29T17:00:00-00:00","SP15","Wind","Renewable Forecast Actual Generation","RENEW_FCST_ACT_MW",3,1,1731.03688,"ACTUAL",4
"86","2019-10-29",11,0,"2019-10-29T17:00:00-00:00","2019-10-29T18:00:00-00:00","SP15","Wind","Renewable Forecast Actual Generation","RENEW_FCST_ACT_MW",3,1,1696.90666,"ACTUAL",4
"87","2019-10-29",12,0,"2019-10-29T18:00:00-00:00","2019-10-29T19:00:00-00:00","SP15","Wind","Renewable Forecast Actual Generation","RENEW_FCST_ACT_MW",3,1,1751.2987,"ACTUAL",4
"88","2019-10-29",13,0,"2019-10-29T19:00:00-00:00","2019-10-29T20:00:00-00:00","SP15","Wind","Renewable Forecast Actual Generation","RENEW_FCST_ACT_MW",3,1,1651.41838,"ACTUAL",4
"89","2019-10-29",14,0,"2019-10-29T20:00:00-00:00","2019-10-29T21:00:00-00:00","SP15","Wind","Renewable Forecast Actual Generation","RENEW_FCST_ACT_MW",3,1,1775.29915,"ACTUAL",4
"90","2019-10-29",15,0,"2019-10-29T21:00:00-00:00","2019-10-29T22:00:00-00:00","SP15","Wind","Renewable Forecast Actual Generation","RENEW_FCST_ACT_MW",3,1,1849.82407,"ACTUAL",4
"91","2019-10-29",16,0,"2019-10-29T22:00:00-00:00","2019-10-29T23:00:00-00:00","SP15","Wind","Renewable Forecast Actual Generation","RENEW_FCST_ACT_MW",3,1,1670.86148,"ACTUAL",4
"92","2019-10-29",17,0,"2019-10-29T23:00:00-00:00","2019-10-30T00:00:00-00:00","SP15","Wind","Renewable Forecast Actual Generation","RENEW_FCST_ACT_MW",3,1,1308.62964,"ACTUAL",4
"93","2019-10-29",18,0,"2019-10-30T00:00:00-00:00","2019-10-30T01:00:00-00:00","ZP26","Solar","Renewable Forecast Actual Generation","RENEW_FCST_ACT_MW",3,3,201.51471,"ACTUAL",5
"94","2019-10-29",17,0,"2019-10-29T23:00:00-00:00","2019-10-30T00:00:00-00:00","ZP26","Solar","Renewable Forecast Actual Generation","RENEW_FCST_ACT_MW",3,3,863.14218,"ACTUAL",5
"95","2019-10-29",20,0,"2019-10-30T02:00:00-00:00","2019-10-30T03:00:00-00:00","ZP26","Solar","Renewable Forecast Actual Generation","RENEW_FCST_ACT_MW",3,3,-5.52984,"ACTUAL",5
"96","2019-10-29",21,0,"2019-10-30T03:00:00-00:00","2019-10-30T04:00:00-00:00","ZP26","Solar","Renewable Forecast Actual Generation","RENEW_FCST_ACT_MW",3,3,-5.70938,"ACTUAL",5
"97","2019-10-29",22,0,"2019-10-30T04:00:00-00:00","2019-10-30T05:00:00-00:00","ZP26","Solar","Renewable Forecast Actual Generation","RENEW_FCST_ACT_MW",3,3,-5.73564,"ACTUAL",5
"98","2019-10-29",23,0,"2019-10-30T05:00:00-00:00","2019-10-30T06:00:00-00:00","ZP26","Solar","Renewable Forecast Actual Generation","RENEW_FCST_ACT_MW",3,3,-5.7176,"ACTUAL",5
"99","2019-10-29",24,0,"2019-10-30T06:00:00-00:00","2019-10-30T07:00:00-00:00","ZP26","Solar","Renewable Forecast Actual Generation","RENEW_FCST_ACT_MW",3,3,-5.67632,"ACTUAL",5
"100","2019-10-29",2,0,"2019-10-29T08:00:00-00:00","2019-10-29T09:00:00-00:00","ZP26","Solar","Renewable Forecast Actual Generation","RENEW_FCST_ACT_MW",3,3,-5.81544,"ACTUAL",5
"101","2019-10-29",3,0,"2019-10-29T09:00:00-00:00","2019-10-29T10:00:00-00:00","ZP26","Solar","Renewable Forecast Actual Generation","RENEW_FCST_ACT_MW",3,3,-5.73929,"ACTUAL",5
"102","2019-10-29",4,0,"2019-10-29T10:00:00-00:00","2019-10-29T11:00:00-00:00","ZP26","Solar","Renewable Forecast Actual Generation","RENEW_FCST_ACT_MW",3,3,-6.68435,"ACTUAL",5
"103","2019-10-29",5,0,"2019-10-29T11:00:00-00:00","2019-10-29T12:00:00-00:00","ZP26","Solar","Renewable Forecast Actual Generation","RENEW_FCST_ACT_MW",3,3,-5.82932,"ACTUAL",5
"104","2019-10-29",6,0,"2019-10-29T12:00:00-00:00","2019-10-29T13:00:00-00:00","ZP26","Solar","Renewable Forecast Actual Generation","RENEW_FCST_ACT_MW",3,3,-5.73564,"ACTUAL",5
"105","2019-10-29",7,0,"2019-10-29T13:00:00-00:00","2019-10-29T14:00:00-00:00","ZP26","Solar","Renewable Forecast Actual Generation","RENEW_FCST_ACT_MW",3,3,-5.7246,"ACTUAL",5
"106","2019-10-29",8,0,"2019-10-29T14:00:00-00:00","2019-10-29T15:00:00-00:00","ZP26","Solar","Renewable Forecast Actual Generation","RENEW_FCST_ACT_MW",3,3,44.82112,"ACTUAL",5
"107","2019-10-29",9,0,"2019-10-29T15:00:00-00:00","2019-10-29T16:00:00-00:00","ZP26","Solar","Renewable Forecast Actual Generation","RENEW_FCST_ACT_MW",3,3,568.2159,"ACTUAL",5
"108","2019-10-29",10,0,"2019-10-29T16:00:00-00:00","2019-10-29T17:00:00-00:00","ZP26","Solar","Renewable Forecast Actual Generation","RENEW_FCST_ACT_MW",3,3,1140.26537,"ACTUAL",5
"109","2019-10-29",11,0,"2019-10-29T17:00:00-00:00","2019-10-29T18:00:00-00:00","ZP26","Solar","Renewable Forecast Actual Generation","RENEW_FCST_ACT_MW",3,3,1315.95802,"ACTUAL",5
"110","2019-10-29",12,0,"2019-10-29T18:00:00-00:00","2019-10-29T19:00:00-00:00","ZP26","Solar","Renewable Forecast Actual Generation","RENEW_FCST_ACT_MW",3,3,1348.81184,"ACTUAL",5
"111","2019-10-29",13,0,"2019-10-29T19:00:00-00:00","2019-10-29T20:00:00-00:00","ZP26","Solar","Renewable Forecast Actual Generation","RENEW_FCST_ACT_MW",3,3,1358.42617,"ACTUAL",5
"112","2019-10-29",14,0,"2019-10-29T20:00:00-00:00","2019-10-29T21:00:00-00:00","ZP26","Solar","Renewable Forecast Actual Generation","RENEW_FCST_ACT_MW",3,3,1367.95551,"ACTUAL",5
"113","2019-10-29",15,0,"2019-10-29T21:00:00-00:00","2019-10-29T22:00:00-00:00","ZP26","Solar","Renewable Forecast Actual Generation","RENEW_FCST_ACT_MW",3,3,1332.00096,"ACTUAL",5
"114","2019-10-29",16,0,"2019-10-29T22:00:00-00:00","2019-10-29T23:00:00-00:00","ZP26","Solar","Renewable Forecast Actual Generation","RENEW_FCST_ACT_MW",3,3,1249.10142,"ACTUAL",5
"115","2019-10-29",19,0,"2019-10-30T01:00:00-00:00","2019-10-30T02:00:00-00:00","ZP26","Solar","Renewable Forecast Actual Generation","RENEW_FCST_ACT_MW",3,3,-5.67581,"ACTUAL",5
"116","2019-10-30",1,0,"2019-10-30T07:00:00-00:00","2019-10-30T08:00:00-00:00","NP15","Solar","Renewable Forecast Actual Generation","RENEW_FCST_ACT_MW",3,3,-3.2786,"ACTUAL",6
"117","2019-10-30",1,0,"2019-10-30T07:00:00-00:00","2019-10-30T08:00:00-00:00","NP15","Wind","Renewable Forecast Actual Generation","RENEW_FCST_ACT_MW",3,1,1079.98962,"ACTUAL",7
"118","2019-10-30",1,0,"2019-10-30T07:00:00-00:00","2019-10-30T08:00:00-00:00","SP15","Solar","Renewable Forecast Actual Generation","RENEW_FCST_ACT_MW",3,3,-3.27246,"ACTUAL",8
"119","2019-10-30",1,0,"2019-10-30T07:00:00-00:00","2019-10-30T08:00:00-00:00","SP15","Wind","Renewable Forecast Actual Generation","RENEW_FCST_ACT_MW",3,1,895.3109,"ACTUAL",9
"120","2019-10-30",1,0,"2019-10-30T07:00:00-00:00","2019-10-30T08:00:00-00:00","ZP26","Solar","Renewable Forecast Actual Generation","RENEW_FCST_ACT_MW",3,3,-5.67169,"ACTUAL",10
