"","OPR_DT","OPR_HR","OPR_INTERVAL","INTERVALSTARTTIME_GMT","INTERVALENDTIME_GMT","TRADING_HUB","RENEWABLE_TYPE","LABEL","XML_DATA_ITEM","MARKET_RUN_ID_POS","RENEW_POS","MW","MARKET_RUN_ID","GROUP"
"1","2019-12-13",1,0,"2019-12-13T08:00:00-00:00","2019-12-13T09:00:00-00:00","NP15","Solar","Renewable Forecast Actual Generation","RENEW_FCST_ACT_MW",3,3,-2.3487,"ACTUAL",1
"2","2019-12-13",2,0,"2019-12-13T09:00:00-00:00","2019-12-13T10:00:00-00:00","NP15","Solar","Renewable Forecast Actual Generation","RENEW_FCST_ACT_MW",3,3,-3.53777,"ACTUAL",1
"3","2019-12-13",3,0,"2019-12-13T10:00:00-00:00","2019-12-13T11:00:00-00:00","NP15","Solar","Renewable Forecast Actual Generation","RENEW_FCST_ACT_MW",3,3,-3.54968,"ACTUAL",1
"4","2019-12-13",4,0,"2019-12-13T11:00:00-00:00","2019-12-13T12:00:00-00:00","NP15","Solar","Renewable Forecast Actual Generation","RENEW_FCST_ACT_MW",3,3,-3.54984,"ACTUAL",1
"5","2019-12-13",5,0,"2019-12-13T12:00:00-00:00","2019-12-13T13:00:00-00:00","NP15","Solar","Renewable Forecast Actual Generation","RENEW_FCST_ACT_MW",3,3,-3.54978,"ACTUAL",1
"6","2019-12-13",6,0,"2019-12-13T13:00:00-00:00","2019-12-13T14:00:00-00:00","NP15","Solar","Renewable Forecast Actual Generation","RENEW_FCST_ACT_MW",3,3,-3.50279,"ACTUAL",1
"7","2019-12-13",7,0,"2019-12-13T14:00:00-00:00","2019-12-13T15:00:00-00:00","NP15","Solar","Renewable Forecast Actual Generation","RENEW_FCST_ACT_MW",3,3,-3.60192,"ACTUAL",1
"8","2019-12-13",8,0,"2019-12-13T15:00:00-00:00","2019-12-13T16:00:00-00:00","NP15","Solar","Renewable Forecast Actual Generation","RENEW_FCST_ACT_MW",3,3,27.60293,"ACTUAL",1
"9","2019-12-13",9,0,"2019-12-13T16:00:00-00:00","2019-12-13T17:00:00-00:00","NP15","Solar","Renewable Forecast Actual Generation","RENEW_FCST_ACT_MW",3,3,187.14132,"ACTUAL",1
"10","2019-12-13",10,0,"2019-12-13T17:00:00-00:00","2019-12-13T18:00:00-00:00","NP15","Solar","Renewable Forecast Actual Generation","RENEW_FCST_ACT_MW",3,3,374.41876,"ACTUAL",1
"11","2019-12-13",11,0,"2019-12-13T18:00:00-00:00","2019-12-13T19:00:00-00:00","NP15","Solar","Renewable Forecast Actual Generation","RENEW_FCST_ACT_MW",3,3,614.59081,"ACTUAL",1
"12","2019-12-13",12,0,"2019-12-13T19:00:00-00:00","2019-12-13T20:00:00-00:00","NP15","Solar","Renewable Forecast Actual Generation","RENEW_FCST_ACT_MW",3,3,604.05342,"ACTUAL",1
"13","2019-12-13",13,0,"2019-12-13T20:00:00-00:00","2019-12-13T21:00:00-00:00","NP15","Solar","Renewable Forecast Actual Generation","RENEW_FCST_ACT_MW",3,3,642.46969,"ACTUAL",1
"14","2019-12-13",14,0,"2019-12-13T21:00:00-00:00","2019-12-13T22:00:00-00:00","NP15","Solar","Renewable Forecast Actual Generation","RENEW_FCST_ACT_MW",3,3,420.47228,"ACTUAL",1
"15","2019-12-13",15,0,"2019-12-13T22:00:00-00:00","2019-12-13T23:00:00-00:00","NP15","Solar","Renewable Forecast Actual Generation","RENEW_FCST_ACT_MW",3,3,222.22217,"ACTUAL",1
"16","2019-12-13",16,0,"2019-12-13T23:00:00-00:00","2019-12-14T00:00:00-00:00","NP15","Solar","Renewable Forecast Actual Generation","RENEW_FCST_ACT_MW",3,3,98.739,"ACTUAL",1
"17","2019-12-13",17,0,"2019-12-14T00:00:00-00:00","2019-12-14T01:00:00-00:00","NP15","Solar","Renewable Forecast Actual Generation","RENEW_FCST_ACT_MW",3,3,10.8977,"ACTUAL",1
"18","2019-12-13",18,0,"2019-12-14T01:00:00-00:00","2019-12-14T02:00:00-00:00","NP15","Solar","Renewable Forecast Actual Generation","RENEW_FCST_ACT_MW",3,3,-3.60681,"ACTUAL",1
"19","2019-12-13",19,0,"2019-12-14T02:00:00-00:00","2019-12-14T03:00:00-00:00","NP15","Solar","Renewable Forecast Actual Generation","RENEW_FCST_ACT_MW",3,3,-3.46502,"ACTUAL",1
"20","2019-12-13",20,0,"2019-12-14T03:00:00-00:00","2019-12-14T04:00:00-00:00","NP15","Solar","Renewable Forecast Actual Generation","RENEW_FCST_ACT_MW",3,3,-3.47754,"ACTUAL",1
"21","2019-12-13",21,0,"2019-12-14T04:00:00-00:00","2019-12-14T05:00:00-00:00","NP15","Solar","Renewable Forecast Actual Generation","RENEW_FCST_ACT_MW",3,3,-3.46203,"ACTUAL",1
"22","2019-12-13",22,0,"2019-12-14T05:00:00-00:00","2019-12-14T06:00:00-00:00","NP15","Solar","Renewable Forecast Actual Generation","RENEW_FCST_ACT_MW",3,3,-3.4732,"ACTUAL",1
"23","2019-12-13",23,0,"2019-12-14T06:00:00-00:00","2019-12-14T07:00:00-00:00","NP15","Solar","Renewable Forecast Actual Generation","RENEW_FCST_ACT_MW",3,3,-3.49867,"ACTUAL",1
"24","2019-12-13",24,0,"2019-12-14T07:00:00-00:00","2019-12-14T08:00:00-00:00","NP15","Solar","Renewable Forecast Actual Generation","RENEW_FCST_ACT_MW",3,3,-3.49735,"ACTUAL",1
"25","2019-12-13",1,0,"2019-12-13T08:00:00-00:00","2019-12-13T09:00:00-00:00","NP15","Wind","Renewable Forecast Actual Generation","RENEW_FCST_ACT_MW",3,1,321.92291,"ACTUAL",2
"26","2019-12-13",24,0,"2019-12-14T07:00:00-00:00","2019-12-14T08:00:00-00:00","NP15","Wind","Renewable Forecast Actual Generation","RENEW_FCST_ACT_MW",3,1,355.44511,"ACTUAL",2
"27","2019-12-13",3,0,"2019-12-13T10:00:00-00:00","2019-12-13T11:00:00-00:00","NP15","Wind","Renewable Forecast Actual Generation","RENEW_FCST_ACT_MW",3,1,228.06433,"ACTUAL",2
"28","2019-12-13",4,0,"2019-12-13T11:00:00-00:00","2019-12-13T12:00:00-00:00","NP15","Wind","Renewable Forecast Actual Generation","RENEW_FCST_ACT_MW",3,1,135.41468,"ACTUAL",2
"29","2019-12-13",5,0,"2019-12-13T12:00:00-00:00","2019-12-13T13:00:00-00:00","NP15","Wind","Renewable Forecast Actual Generation","RENEW_FCST_ACT_MW",3,1,143.15748,"ACTUAL",2
"30","2019-12-13",6,0,"2019-12-13T13:00:00-00:00","2019-12-13T14:00:00-00:00","NP15","Wind","Renewable Forecast Actual Generation","RENEW_FCST_ACT_MW",3,1,153.1273,"ACTUAL",2
"31","2019-12-13",7,0,"2019-12-13T14:00:00-00:00","2019-12-13T15:00:00-00:00","NP15","Wind","Renewable Forecast Actual Generation","RENEW_FCST_ACT_MW",3,1,153.26599,"ACTUAL",2
"32","2019-12-13",8,0,"2019-12-13T15:00:00-00:00","2019-12-13T16:00:00-00:00","NP15","Wind","Renewable Forecast Actual Generation","RENEW_FCST_ACT_MW",3,1,149.20594,"ACTUAL",2
"33","2019-12-13",9,0,"2019-12-13T16:00:00-00:00","2019-12-13T17:00:00-00:00","NP15","Wind","Renewable Forecast Actual Generation","RENEW_FCST_ACT_MW",3,1,126.98482,"ACTUAL",2
"34","2019-12-13",10,0,"2019-12-13T17:00:00-00:00","2019-12-13T18:00:00-00:00","NP15","Wind","Renewable Forecast Actual Generation","RENEW_FCST_ACT_MW",3,1,114.75723,"ACTUAL",2
"35","2019-12-13",11,0,"2019-12-13T18:00:00-00:00","2019-12-13T19:00:00-00:00","NP15","Wind","Renewable Forecast Actual Generation","RENEW_FCST_ACT_MW",3,1,158.32433,"ACTUAL",2
"36","2019-12-13",12,0,"2019-12-13T19:00:00-00:00","2019-12-13T20:00:00-00:00","NP15","Wind","Renewable Forecast Actual Generation","RENEW_FCST_ACT_MW",3,1,160.11195,"ACTUAL",2
"37","2019-12-13",13,0,"2019-12-13T20:00:00-00:00","2019-12-13T21:00:00-00:00","NP15","Wind","Renewable Forecast Actual Generation","RENEW_FCST_ACT_MW",3,1,118.34289,"ACTUAL",2
"38","2019-12-13",14,0,"2019-12-13T21:00:00-00:00","2019-12-13T22:00:00-00:00","NP15","Wind","Renewable Forecast Actual Generation","RENEW_FCST_ACT_MW",3,1,150.00619,"ACTUAL",2
"39","2019-12-13",15,0,"2019-12-13T22:00:00-00:00","2019-12-13T23:00:00-00:00","NP15","Wind","Renewable Forecast Actual Generation","RENEW_FCST_ACT_MW",3,1,235.62436,"ACTUAL",2
"40","2019-12-13",16,0,"2019-12-13T23:00:00-00:00","2019-12-14T00:00:00-00:00","NP15","Wind","Renewable Forecast Actual Generation","RENEW_FCST_ACT_MW",3,1,106.19776,"ACTUAL",2
"41","2019-12-13",17,0,"2019-12-14T00:00:00-00:00","2019-12-14T01:00:00-00:00","NP15","Wind","Renewable Forecast Actual Generation","RENEW_FCST_ACT_MW",3,1,137.28851,"ACTUAL",2
"42","2019-12-13",18,0,"2019-12-14T01:00:00-00:00","2019-12-14T02:00:00-00:00","NP15","Wind","Renewable Forecast Actual Generation","RENEW_FCST_ACT_MW",3,1,113.73011,"ACTUAL",2
"43","2019-12-13",19,0,"2019-12-14T02:00:00-00:00","2019-12-14T03:00:00-00:00","NP15","Wind","Renewable Forecast Actual Generation","RENEW_FCST_ACT_MW",3,1,133.27801,"ACTUAL",2
"44","2019-12-13",20,0,"2019-12-14T03:00:00-00:00","2019-12-14T04:00:00-00:00","NP15","Wind","Renewable Forecast Actual Generation","RENEW_FCST_ACT_MW",3,1,154.00043,"ACTUAL",2
"45","2019-12-13",21,0,"2019-12-14T04:00:00-00:00","2019-12-14T05:00:00-00:00","NP15","Wind","Renewable Forecast Actual Generation","RENEW_FCST_ACT_MW",3,1,259.62423,"ACTUAL",2
"46","2019-12-13",22,0,"2019-12-14T05:00:00-00:00","2019-12-14T06:00:00-00:00","NP15","Wind","Renewable Forecast Actual Generation","RENEW_FCST_ACT_MW",3,1,345.83189,"ACTUAL",2
"47","2019-12-13",23,0,"2019-12-14T06:00:00-00:00","2019-12-14T07:00:00-00:00","NP15","Wind","Renewable Forecast Actual Generation","RENEW_FCST_ACT_MW",3,1,375.74347,"ACTUAL",2
"48","2019-12-13",2,0,"2019-12-13T09:00:00-00:00","2019-12-13T10:00:00-00:00","NP15","Wind","Renewable Forecast Actual Generation","RENEW_FCST_ACT_MW",3,1,288.09006,"ACTUAL",2
"49","2019-12-13",24,0,"2019-12-14T07:00:00-00:00","2019-12-14T08:00:00-00:00","SP15","Solar","Renewable Forecast Actual Generation","RENEW_FCST_ACT_MW",3,3,2.96377,"ACTUAL",3
"50","2019-12-13",2,0,"2019-12-13T09:00:00-00:00","2019-12-13T10:00:00-00:00","SP15","Solar","Renewable Forecast Actual Generation","RENEW_FCST_ACT_MW",3,3,-8.83194,"ACTUAL",3
"51","2019-12-13",23,0,"2019-12-14T06:00:00-00:00","2019-12-14T07:00:00-00:00","SP15","Solar","Renewable Forecast Actual Generation","RENEW_FCST_ACT_MW",3,3,4.44952,"ACTUAL",3
"52","2019-12-13",6,0,"2019-12-13T13:00:00-00:00","2019-12-13T14:00:00-00:00","SP15","Solar","Renewable Forecast Actual Generation","RENEW_FCST_ACT_MW",3,3,-29.95565,"ACTUAL",3
"53","2019-12-13",22,0,"2019-12-14T05:00:00-00:00","2019-12-14T06:00:00-00:00","SP15","Solar","Renewable Forecast Actual Generation","RENEW_FCST_ACT_MW",3,3,7.13706,"ACTUAL",3
"54","2019-12-13",11,0,"2019-12-13T18:00:00-00:00","2019-12-13T19:00:00-00:00","SP15","Solar","Renewable Forecast Actual Generation","RENEW_FCST_ACT_MW",3,3,4599.29524,"ACTUAL",3
"55","2019-12-13",21,0,"2019-12-14T04:00:00-00:00","2019-12-14T05:00:00-00:00","SP15","Solar","Renewable Forecast Actual Generation","RENEW_FCST_ACT_MW",3,3,7.19204,"ACTUAL",3
"56","2019-12-13",3,0,"2019-12-13T10:00:00-00:00","2019-12-13T11:00:00-00:00","SP15","Solar","Renewable Forecast Actual Generation","RENEW_FCST_ACT_MW",3,3,-9.55017,"ACTUAL",3
"57","2019-12-13",20,0,"2019-12-14T03:00:00-00:00","2019-12-14T04:00:00-00:00","SP15","Solar","Renewable Forecast Actual Generation","RENEW_FCST_ACT_MW",3,3,7.49482,"ACTUAL",3
"58","2019-12-13",10,0,"2019-12-13T17:00:00-00:00","2019-12-13T18:00:00-00:00","SP15","Solar","Renewable Forecast Actual Generation","RENEW_FCST_ACT_MW",3,3,4647.64044,"ACTUAL",3
"59","2019-12-13",19,0,"2019-12-14T02:00:00-00:00","2019-12-14T03:00:00-00:00","SP15","Solar","Renewable Forecast Actual Generation","RENEW_FCST_ACT_MW",3,3,7.36754,"ACTUAL",3
"60","2019-12-13",5,0,"2019-12-13T12:00:00-00:00","2019-12-13T13:00:00-00:00","SP15","Solar","Renewable Forecast Actual Generation","RENEW_FCST_ACT_MW",3,3,-15.34648,"ACTUAL",3
"61","2019-12-13",18,0,"2019-12-14T01:00:00-00:00","2019-12-14T02:00:00-00:00","SP15","Solar","Renewable Forecast Actual Generation","RENEW_FCST_ACT_MW",3,3,7.43326,"ACTUAL",3
"62","2019-12-13",9,0,"2019-12-13T16:00:00-00:00","2019-12-13T17:00:00-00:00","SP15","Solar","Renewable Forecast Actual Generation","RENEW_FCST_ACT_MW",3,3,3581.67464,"ACTUAL",3
"63","2019-12-13",17,0,"2019-12-14T00:00:00-00:00","2019-12-14T01:00:00-00:00","SP15","Solar","Renewable Forecast Actual Generation","RENEW_FCST_ACT_MW",3,3,244.11937,"ACTUAL",3
"64","2019-12-13",1,0,"2019-12-13T08:00:00-00:00","2019-12-13T09:00:00-00:00","SP15","Solar","Renewable Forecast Actual Generation","RENEW_FCST_ACT_MW",3,3,-1.83639,"ACTUAL",3
"65","2019-12-13",16,0,"2019-12-13T23:00:00-00:00","2019-12-14T00:00:00-00:00","SP15","Solar","Renewable Forecast Actual Generation","RENEW_FCST_ACT_MW",3,3,2331.01105,"ACTUAL",3
"66","2019-12-13",8,0,"2019-12-13T15:00:00-00:00","2019-12-13T16:00:00-00:00","SP15","Solar","Renewable Forecast Actual Generation","RENEW_FCST_ACT_MW",3,3,1265.24317,"ACTUAL",3
"67","2019-12-13",15,0,"2019-12-13T22:00:00-00:00","2019-12-13T23:00:00-00:00","SP15","Solar","Renewable Forecast Actual Generation","RENEW_FCST_ACT_MW",3,3,4190.53141,"ACTUAL",3
"68","2019-12-13",4,0,"2019-12-13T11:00:00-00:00","2019-12-13T12:00:00-00:00","SP15","Solar","Renewable Forecast Actual Generation","RENEW_FCST_ACT_MW",3,3,-10.61086,"ACTUAL",3
"69","2019-12-13",14,0,"2019-12-13T21:00:00-00:00","2019-12-13T22:00:00-00:00","SP15","Solar","Renewable Forecast Actual Generation","RENEW_FCST_ACT_MW",3,3,4227.02449,"ACTUAL",3
"70","2019-12-13",7,0,"2019-12-13T14:00:00-00:00","2019-12-13T15:00:00-00:00","SP15","Solar","Renewable Forecast Actual Generation","RENEW_FCST_ACT_MW",3,3,18.42893,"ACTUAL",3
"71","2019-12-13",13,0,"2019-12-13T20:00:00-00:00","2019-12-13T21:00:00-00:00","SP15","Solar","Renewable Forecast Actual Generation","RENEW_FCST_ACT_MW",3,3,4441.23853,"ACTUAL",3
"72","2019-12-13",12,0,"2019-12-13T19:00:00-00:00","2019-12-13T20:00:00-00:00","SP15","Solar","Renewable Forecast Actual Generation","RENEW_FCST_ACT_MW",3,3,4593.56426,"ACTUAL",3
"73","2019-12-13",23,0,"2019-12-14T06:00:00-00:00","2019-12-14T07:00:00-00:00","SP15","Wind","Renewable Forecast Actual Generation","RENEW_FCST_ACT_MW",3,1,2013.42065,"ACTUAL",4
"74","2019-12-13",22,0,"2019-12-14T05:00:00-00:00","2019-12-14T06:00:00-00:00","SP15","Wind","Renewable Forecast Actual Generation","RENEW_FCST_ACT_MW",3,1,1805.18809,"ACTUAL",4
"75","2019-12-13",21,0,"2019-12-14T04:00:00-00:00","2019-12-14T05:00:00-00:00","SP15","Wind","Renewable Forecast Actual Generation","RENEW_FCST_ACT_MW",3,1,1599.85349,"ACTUAL",4
"76","2019-12-13",20,0,"2019-12-14T03:00:00-00:00","2019-12-14T04:00:00-00:00","SP15","Wind","Renewable Forecast Actual Generation","RENEW_FCST_ACT_MW",3,1,1619.59637,"ACTUAL",4
"77","2019-12-13",19,0,"2019-12-14T02:00:00-00:00","2019-12-14T03:00:00-00:00","SP15","Wind","Renewable Forecast Actual Generation","RENEW_FCST_ACT_MW",3,1,1682.74885,"ACTUAL",4
"78","2019-12-13",18,0,"2019-12-14T01:00:00-00:00","2019-12-14T02:00:00-00:00","SP15","Wind","Renewable Forecast Actual Generation","RENEW_FCST_ACT_MW",3,1,1836.54874,"ACTUAL",4
"79","2019-12-13",17,0,"2019-12-14T00:00:00-00:00","2019-12-14T01:00:00-00:00","SP15","Wind","Renewable Forecast Actual Generation","RENEW_FCST_ACT_MW",3,1,1699.16972,"ACTUAL",4
"80","2019-12-13",16,0,"2019-12-13T23:00:00-00:00","2019-12-14T00:00:00-00:00","SP15","Wind","Renewable Forecast Actual Generation","RENEW_FCST_ACT_MW",3,1,1763.25732,"ACTUAL",4
"81","2019-12-13",15,0,"2019-12-13T22:00:00-00:00","2019-12-13T23:00:00-00:00","SP15","Wind","Renewable Forecast Actual Generation","RENEW_FCST_ACT_MW",3,1,1777.85162,"ACTUAL",4
"82","2019-12-13",14,0,"2019-12-13T21:00:00-00:00","2019-12-13T22:00:00-00:00","SP15","Wind","Renewable Forecast Actual Generation","RENEW_FCST_ACT_MW",3,1,1537.79295,"ACTUAL",4
"83","2019-12-13",13,0,"2019-12-13T20:00:00-00:00","2019-12-13T21:00:00-00:00","SP15","Wind","Renewable Forecast Actual Generation","RENEW_FCST_ACT_MW",3,1,1460.3877,"ACTUAL",4
"84","2019-12-13",12,0,"2019-12-13T19:00:00-00:00","2019-12-13T20:00:00-00:00","SP15","Wind","Renewable Forecast Actual Generation","RENEW_FCST_ACT_MW",3,1,969.17154,"ACTUAL",4
"85","2019-12-13",11,0,"2019-12-13T18:00:00-00:00","2019-12-13T19:00:00-00:00","SP15","Wind","Renewable Forecast Actual Generation","RENEW_FCST_ACT_MW",3,1,626.03977,"ACTUAL",4
"86","2019-12-13",10,0,"2019-12-13T17:00:00-00:00","2019-12-13T18:00:00-00:00","SP15","Wind","Renewable Forecast Actual Generation","RENEW_FCST_ACT_MW",3,1,634.62081,"ACTUAL",4
"87","2019-12-13",9,0,"2019-12-13T16:00:00-00:00","2019-12-13T17:00:00-00:00","SP15","Wind","Renewable Forecast Actual Generation","RENEW_FCST_ACT_MW",3,1,816.99898,"ACTUAL",4
"88","2019-12-13",8,0,"2019-12-13T15:00:00-00:00","2019-12-13T16:00:00-00:00","SP15","Wind","Renewable Forecast Actual Generation","RENEW_FCST_ACT_MW",3,1,1083.12153,"ACTUAL",4
"89","2019-12-13",7,0,"2019-12-13T14:00:00-00:00","2019-12-13T15:00:00-00:00","SP15","Wind","Renewable Forecast Actual Generation","RENEW_FCST_ACT_MW",3,1,1142.3387,"ACTUAL",4
"90","2019-12-13",6,0,"2019-12-13T13:00:00-00:00","2019-12-13T14:00:00-00:00","SP15","Wind","Renewable Forecast Actual Generation","RENEW_FCST_ACT_MW",3,1,1155.62481,"ACTUAL",4
"91","2019-12-13",5,0,"2019-12-13T12:00:00-00:00","2019-12-13T13:00:00-00:00","SP15","Wind","Renewable Forecast Actual Generation","RENEW_FCST_ACT_MW",3,1,1150.92257,"ACTUAL",4
"92","2019-12-13",4,0,"2019-12-13T11:00:00-00:00","2019-12-13T12:00:00-00:00","SP15","Wind","Renewable Forecast Actual Generation","RENEW_FCST_ACT_MW",3,1,1314.57435,"ACTUAL",4
"93","2019-12-13",3,0,"2019-12-13T10:00:00-00:00","2019-12-13T11:00:00-00:00","SP15","Wind","Renewable Forecast Actual Generation","RENEW_FCST_ACT_MW",3,1,1350.06887,"ACTUAL",4
"94","2019-12-13",2,0,"2019-12-13T09:00:00-00:00","2019-12-13T10:00:00-00:00","SP15","Wind","Renewable Forecast Actual Generation","RENEW_FCST_ACT_MW",3,1,1265.4219,"ACTUAL",4
"95","2019-12-13",24,0,"2019-12-14T07:00:00-00:00","2019-12-14T08:00:00-00:00","SP15","Wind","Renewable Forecast Actual Generation","RENEW_FCST_ACT_MW",3,1,1871.32578,"ACTUAL",4
"96","2019-12-13",1,0,"2019-12-13T08:00:00-00:00","2019-12-13T09:00:00-00:00","SP15","Wind","Renewable Forecast Actual Generation","RENEW_FCST_ACT_MW",3,1,1181.42429,"ACTUAL",4
"97","2019-12-13",1,0,"2019-12-13T08:00:00-00:00","2019-12-13T09:00:00-00:00","ZP26","Solar","Renewable Forecast Actual Generation","RENEW_FCST_ACT_MW",3,3,-5.69178,"ACTUAL",5
"98","2019-12-13",24,0,"2019-12-14T07:00:00-00:00","2019-12-14T08:00:00-00:00","ZP26","Solar","Renewable Forecast Actual Generation","RENEW_FCST_ACT_MW",3,3,-5.69685,"ACTUAL",5
"99","2019-12-13",3,0,"2019-12-13T10:00:00-00:00","2019-12-13T11:00:00-00:00","ZP26","Solar","Renewable Forecast Actual Generation","RENEW_FCST_ACT_MW",3,3,-5.70574,"ACTUAL",5
"100","2019-12-13",4,0,"2019-12-13T11:00:00-00:00","2019-12-13T12:00:00-00:00","ZP26","Solar","Renewable Forecast Actual Generation","RENEW_FCST_ACT_MW",3,3,-5.70861,"ACTUAL",5
"101","2019-12-13",5,0,"2019-12-13T12:00:00-00:00","2019-12-13T13:00:00-00:00","ZP26","Solar","Renewable Forecast Actual Generation","RENEW_FCST_ACT_MW",3,3,-5.69377,"ACTUAL",5
"102","2019-12-13",6,0,"2019-12-13T13:00:00-00:00","2019-12-13T14:00:00-00:00","ZP26","Solar","Renewable Forecast Actual Generation","RENEW_FCST_ACT_MW",3,3,-5.66826,"ACTUAL",5
"103","2019-12-13",7,0,"2019-12-13T14:00:00-00:00","2019-12-13T15:00:00-00:00","ZP26","Solar","Renewable Forecast Actual Generation","RENEW_FCST_ACT_MW",3,3,-5.34448,"ACTUAL",5
"104","2019-12-13",8,0,"2019-12-13T15:00:00-00:00","2019-12-13T16:00:00-00:00","ZP26","Solar","Renewable Forecast Actual Generation","RENEW_FCST_ACT_MW",3,3,113.65024,"ACTUAL",5
"105","2019-12-13",9,0,"2019-12-13T16:00:00-00:00","2019-12-13T17:00:00-00:00","ZP26","Solar","Renewable Forecast Actual Generation","RENEW_FCST_ACT_MW",3,3,678.22776,"ACTUAL",5
"106","2019-12-13",10,0,"2019-12-13T17:00:00-00:00","2019-12-13T18:00:00-00:00","ZP26","Solar","Renewable Forecast Actual Generation","RENEW_FCST_ACT_MW",3,3,977.36377,"ACTUAL",5
"107","2019-12-13",11,0,"2019-12-13T18:00:00-00:00","2019-12-13T19:00:00-00:00","ZP26","Solar","Renewable Forecast Actual Generation","RENEW_FCST_ACT_MW",3,3,1173.84006,"ACTUAL",5
"108","2019-12-13",12,0,"2019-12-13T19:00:00-00:00","2019-12-13T20:00:00-00:00","ZP26","Solar","Renewable Forecast Actual Generation","RENEW_FCST_ACT_MW",3,3,1219.71028,"ACTUAL",5
"109","2019-12-13",13,0,"2019-12-13T20:00:00-00:00","2019-12-13T21:00:00-00:00","ZP26","Solar","Renewable Forecast Actual Generation","RENEW_FCST_ACT_MW",3,3,1105.69822,"ACTUAL",5
"110","2019-12-13",14,0,"2019-12-13T21:00:00-00:00","2019-12-13T22:00:00-00:00","ZP26","Solar","Renewable Forecast Actual Generation","RENEW_FCST_ACT_MW",3,3,871.42716,"ACTUAL",5
"111","2019-12-13",15,0,"2019-12-13T22:00:00-00:00","2019-12-13T23:00:00-00:00","ZP26","Solar","Renewable Forecast Actual Generation","RENEW_FCST_ACT_MW",3,3,645.02795,"ACTUAL",5
"112","2019-12-13",16,0,"2019-12-13T23:00:00-00:00","2019-12-14T00:00:00-00:00","ZP26","Solar","Renewable Forecast Actual Generation","RENEW_FCST_ACT_MW",3,3,431.30588,"ACTUAL",5
"113","2019-12-13",17,0,"2019-12-14T00:00:00-00:00","2019-12-14T01:00:00-00:00","ZP26","Solar","Renewable Forecast Actual Generation","RENEW_FCST_ACT_MW",3,3,31.00301,"ACTUAL",5
"114","2019-12-13",18,0,"2019-12-14T01:00:00-00:00","2019-12-14T02:00:00-00:00","ZP26","Solar","Renewable Forecast Actual Generation","RENEW_FCST_ACT_MW",3,3,-5.79038,"ACTUAL",5
"115","2019-12-13",19,0,"2019-12-14T02:00:00-00:00","2019-12-14T03:00:00-00:00","ZP26","Solar","Renewable Forecast Actual Generation","RENEW_FCST_ACT_MW",3,3,-5.69112,"ACTUAL",5
"116","2019-12-13",20,0,"2019-12-14T03:00:00-00:00","2019-12-14T04:00:00-00:00","ZP26","Solar","Renewable Forecast Actual Generation","RENEW_FCST_ACT_MW",3,3,-5.63143,"ACTUAL",5
"117","2019-12-13",21,0,"2019-12-14T04:00:00-00:00","2019-12-14T05:00:00-00:00","ZP26","Solar","Renewable Forecast Actual Generation","RENEW_FCST_ACT_MW",3,3,-5.65401,"ACTUAL",5
"118","2019-12-13",22,0,"2019-12-14T05:00:00-00:00","2019-12-14T06:00:00-00:00","ZP26","Solar","Renewable Forecast Actual Generation","RENEW_FCST_ACT_MW",3,3,-5.64012,"ACTUAL",5
"119","2019-12-13",23,0,"2019-12-14T06:00:00-00:00","2019-12-14T07:00:00-00:00","ZP26","Solar","Renewable Forecast Actual Generation","RENEW_FCST_ACT_MW",3,3,-5.61787,"ACTUAL",5
"120","2019-12-13",2,0,"2019-12-13T09:00:00-00:00","2019-12-13T10:00:00-00:00","ZP26","Solar","Renewable Forecast Actual Generation","RENEW_FCST_ACT_MW",3,3,-5.72092,"ACTUAL",5
