"","OPR_DT","OPR_HR","OPR_INTERVAL","INTERVALSTARTTIME_GMT","INTERVALENDTIME_GMT","TRADING_HUB","RENEWABLE_TYPE","LABEL","XML_DATA_ITEM","MARKET_RUN_ID_POS","RENEW_POS","MW","MARKET_RUN_ID","GROUP"
"1","2019-01-10",1,0,"2019-01-10T08:00:00-00:00","2019-01-10T09:00:00-00:00","NP15","Solar","Renewable Forecast Actual Generation","RENEW_FCST_ACT_MW",3,3,-3.06475,"ACTUAL",1
"2","2019-01-10",2,0,"2019-01-10T09:00:00-00:00","2019-01-10T10:00:00-00:00","NP15","Solar","Renewable Forecast Actual Generation","RENEW_FCST_ACT_MW",3,3,-3.14955,"ACTUAL",1
"3","2019-01-10",3,0,"2019-01-10T10:00:00-00:00","2019-01-10T11:00:00-00:00","NP15","Solar","Renewable Forecast Actual Generation","RENEW_FCST_ACT_MW",3,3,-3.14914,"ACTUAL",1
"4","2019-01-10",4,0,"2019-01-10T11:00:00-00:00","2019-01-10T12:00:00-00:00","NP15","Solar","Renewable Forecast Actual Generation","RENEW_FCST_ACT_MW",3,3,-3.15694,"ACTUAL",1
"5","2019-01-10",5,0,"2019-01-10T12:00:00-00:00","2019-01-10T13:00:00-00:00","NP15","Solar","Renewable Forecast Actual Generation","RENEW_FCST_ACT_MW",3,3,-3.15059,"ACTUAL",1
"6","2019-01-10",6,0,"2019-01-10T13:00:00-00:00","2019-01-10T14:00:00-00:00","NP15","Solar","Renewable Forecast Actual Generation","RENEW_FCST_ACT_MW",3,3,-3.13629,"ACTUAL",1
"7","2019-01-10",7,0,"2019-01-10T14:00:00-00:00","2019-01-10T15:00:00-00:00","NP15","Solar","Renewable Forecast Actual Generation","RENEW_FCST_ACT_MW",3,3,-3.15864,"ACTUAL",1
"8","2019-01-10",8,0,"2019-01-10T15:00:00-00:00","2019-01-10T16:00:00-00:00","NP15","Solar","Renewable Forecast Actual Generation","RENEW_FCST_ACT_MW",3,3,30.89511,"ACTUAL",1
"9","2019-01-10",9,0,"2019-01-10T16:00:00-00:00","2019-01-10T17:00:00-00:00","NP15","Solar","Renewable Forecast Actual Generation","RENEW_FCST_ACT_MW",3,3,266.88706,"ACTUAL",1
"10","2019-01-10",10,0,"2019-01-10T17:00:00-00:00","2019-01-10T18:00:00-00:00","NP15","Solar","Renewable Forecast Actual Generation","RENEW_FCST_ACT_MW",3,3,446.99968,"ACTUAL",1
"11","2019-01-10",11,0,"2019-01-10T18:00:00-00:00","2019-01-10T19:00:00-00:00","NP15","Solar","Renewable Forecast Actual Generation","RENEW_FCST_ACT_MW",3,3,683.77065,"ACTUAL",1
"12","2019-01-10",12,0,"2019-01-10T19:00:00-00:00","2019-01-10T20:00:00-00:00","NP15","Solar","Renewable Forecast Actual Generation","RENEW_FCST_ACT_MW",3,3,690.15792,"ACTUAL",1
"13","2019-01-10",13,0,"2019-01-10T20:00:00-00:00","2019-01-10T21:00:00-00:00","NP15","Solar","Renewable Forecast Actual Generation","RENEW_FCST_ACT_MW",3,3,684.46799,"ACTUAL",1
"14","2019-01-10",14,0,"2019-01-10T21:00:00-00:00","2019-01-10T22:00:00-00:00","NP15","Solar","Renewable Forecast Actual Generation","RENEW_FCST_ACT_MW",3,3,677.18167,"ACTUAL",1
"15","2019-01-10",15,0,"2019-01-10T22:00:00-00:00","2019-01-10T23:00:00-00:00","NP15","Solar","Renewable Forecast Actual Generation","RENEW_FCST_ACT_MW",3,3,600.52742,"ACTUAL",1
"16","2019-01-10",16,0,"2019-01-10T23:00:00-00:00","2019-01-11T00:00:00-00:00","NP15","Solar","Renewable Forecast Actual Generation","RENEW_FCST_ACT_MW",3,3,314.9848,"ACTUAL",1
"17","2019-01-10",17,0,"2019-01-11T00:00:00-00:00","2019-01-11T01:00:00-00:00","NP15","Solar","Renewable Forecast Actual Generation","RENEW_FCST_ACT_MW",3,3,58.37873,"ACTUAL",1
"18","2019-01-10",18,0,"2019-01-11T01:00:00-00:00","2019-01-11T02:00:00-00:00","NP15","Solar","Renewable Forecast Actual Generation","RENEW_FCST_ACT_MW",3,3,-2.79835,"ACTUAL",1
"19","2019-01-10",19,0,"2019-01-11T02:00:00-00:00","2019-01-11T03:00:00-00:00","NP15","Solar","Renewable Forecast Actual Generation","RENEW_FCST_ACT_MW",3,3,-2.81478,"ACTUAL",1
"20","2019-01-10",20,0,"2019-01-11T03:00:00-00:00","2019-01-11T04:00:00-00:00","NP15","Solar","Renewable Forecast Actual Generation","RENEW_FCST_ACT_MW",3,3,-2.8399,"ACTUAL",1
"21","2019-01-10",21,0,"2019-01-11T04:00:00-00:00","2019-01-11T05:00:00-00:00","NP15","Solar","Renewable Forecast Actual Generation","RENEW_FCST_ACT_MW",3,3,-2.85221,"ACTUAL",1
"22","2019-01-10",22,0,"2019-01-11T05:00:00-00:00","2019-01-11T06:00:00-00:00","NP15","Solar","Renewable Forecast Actual Generation","RENEW_FCST_ACT_MW",3,3,-2.81373,"ACTUAL",1
"23","2019-01-10",23,0,"2019-01-11T06:00:00-00:00","2019-01-11T07:00:00-00:00","NP15","Solar","Renewable Forecast Actual Generation","RENEW_FCST_ACT_MW",3,3,-2.80245,"ACTUAL",1
"24","2019-01-10",24,0,"2019-01-11T07:00:00-00:00","2019-01-11T08:00:00-00:00","NP15","Solar","Renewable Forecast Actual Generation","RENEW_FCST_ACT_MW",3,3,-2.79497,"ACTUAL",1
"25","2019-01-10",1,0,"2019-01-10T08:00:00-00:00","2019-01-10T09:00:00-00:00","NP15","Wind","Renewable Forecast Actual Generation","RENEW_FCST_ACT_MW",3,1,78.69411,"ACTUAL",2
"26","2019-01-10",24,0,"2019-01-11T07:00:00-00:00","2019-01-11T08:00:00-00:00","NP15","Wind","Renewable Forecast Actual Generation","RENEW_FCST_ACT_MW",3,1,87.56658,"ACTUAL",2
"27","2019-01-10",3,0,"2019-01-10T10:00:00-00:00","2019-01-10T11:00:00-00:00","NP15","Wind","Renewable Forecast Actual Generation","RENEW_FCST_ACT_MW",3,1,56.5748,"ACTUAL",2
"28","2019-01-10",4,0,"2019-01-10T11:00:00-00:00","2019-01-10T12:00:00-00:00","NP15","Wind","Renewable Forecast Actual Generation","RENEW_FCST_ACT_MW",3,1,50.07354,"ACTUAL",2
"29","2019-01-10",5,0,"2019-01-10T12:00:00-00:00","2019-01-10T13:00:00-00:00","NP15","Wind","Renewable Forecast Actual Generation","RENEW_FCST_ACT_MW",3,1,59.86799,"ACTUAL",2
"30","2019-01-10",6,0,"2019-01-10T13:00:00-00:00","2019-01-10T14:00:00-00:00","NP15","Wind","Renewable Forecast Actual Generation","RENEW_FCST_ACT_MW",3,1,45.62525,"ACTUAL",2
"31","2019-01-10",7,0,"2019-01-10T14:00:00-00:00","2019-01-10T15:00:00-00:00","NP15","Wind","Renewable Forecast Actual Generation","RENEW_FCST_ACT_MW",3,1,25.313,"ACTUAL",2
"32","2019-01-10",8,0,"2019-01-10T15:00:00-00:00","2019-01-10T16:00:00-00:00","NP15","Wind","Renewable Forecast Actual Generation","RENEW_FCST_ACT_MW",3,1,13.35078,"ACTUAL",2
"33","2019-01-10",9,0,"2019-01-10T16:00:00-00:00","2019-01-10T17:00:00-00:00","NP15","Wind","Renewable Forecast Actual Generation","RENEW_FCST_ACT_MW",3,1,3.45925,"ACTUAL",2
"34","2019-01-10",10,0,"2019-01-10T17:00:00-00:00","2019-01-10T18:00:00-00:00","NP15","Wind","Renewable Forecast Actual Generation","RENEW_FCST_ACT_MW",3,1,0.6743,"ACTUAL",2
"35","2019-01-10",11,0,"2019-01-10T18:00:00-00:00","2019-01-10T19:00:00-00:00","NP15","Wind","Renewable Forecast Actual Generation","RENEW_FCST_ACT_MW",3,1,-4.36591,"ACTUAL",2
"36","2019-01-10",12,0,"2019-01-10T19:00:00-00:00","2019-01-10T20:00:00-00:00","NP15","Wind","Renewable Forecast Actual Generation","RENEW_FCST_ACT_MW",3,1,-0.41126,"ACTUAL",2
"37","2019-01-10",13,0,"2019-01-10T20:00:00-00:00","2019-01-10T21:00:00-00:00","NP15","Wind","Renewable Forecast Actual Generation","RENEW_FCST_ACT_MW",3,1,-2.77634,"ACTUAL",2
"38","2019-01-10",14,0,"2019-01-10T21:00:00-00:00","2019-01-10T22:00:00-00:00","NP15","Wind","Renewable Forecast Actual Generation","RENEW_FCST_ACT_MW",3,1,-2.56527,"ACTUAL",2
"39","2019-01-10",15,0,"2019-01-10T22:00:00-00:00","2019-01-10T23:00:00-00:00","NP15","Wind","Renewable Forecast Actual Generation","RENEW_FCST_ACT_MW",3,1,-2.95636,"ACTUAL",2
"40","2019-01-10",16,0,"2019-01-10T23:00:00-00:00","2019-01-11T00:00:00-00:00","NP15","Wind","Renewable Forecast Actual Generation","RENEW_FCST_ACT_MW",3,1,-5.0778,"ACTUAL",2
"41","2019-01-10",17,0,"2019-01-11T00:00:00-00:00","2019-01-11T01:00:00-00:00","NP15","Wind","Renewable Forecast Actual Generation","RENEW_FCST_ACT_MW",3,1,-5.27002,"ACTUAL",2
"42","2019-01-10",18,0,"2019-01-11T01:00:00-00:00","2019-01-11T02:00:00-00:00","NP15","Wind","Renewable Forecast Actual Generation","RENEW_FCST_ACT_MW",3,1,-5.10799,"ACTUAL",2
"43","2019-01-10",19,0,"2019-01-11T02:00:00-00:00","2019-01-11T03:00:00-00:00","NP15","Wind","Renewable Forecast Actual Generation","RENEW_FCST_ACT_MW",3,1,19.18823,"ACTUAL",2
"44","2019-01-10",20,0,"2019-01-11T03:00:00-00:00","2019-01-11T04:00:00-00:00","NP15","Wind","Renewable Forecast Actual Generation","RENEW_FCST_ACT_MW",3,1,47.71851,"ACTUAL",2
"45","2019-01-10",21,0,"2019-01-11T04:00:00-00:00","2019-01-11T05:00:00-00:00","NP15","Wind","Renewable Forecast Actual Generation","RENEW_FCST_ACT_MW",3,1,20.90473,"ACTUAL",2
"46","2019-01-10",22,0,"2019-01-11T05:00:00-00:00","2019-01-11T06:00:00-00:00","NP15","Wind","Renewable Forecast Actual Generation","RENEW_FCST_ACT_MW",3,1,22.78574,"ACTUAL",2
"47","2019-01-10",23,0,"2019-01-11T06:00:00-00:00","2019-01-11T07:00:00-00:00","NP15","Wind","Renewable Forecast Actual Generation","RENEW_FCST_ACT_MW",3,1,21.73905,"ACTUAL",2
"48","2019-01-10",2,0,"2019-01-10T09:00:00-00:00","2019-01-10T10:00:00-00:00","NP15","Wind","Renewable Forecast Actual Generation","RENEW_FCST_ACT_MW",3,1,59.31665,"ACTUAL",2
"49","2019-01-10",24,0,"2019-01-11T07:00:00-00:00","2019-01-11T08:00:00-00:00","SP15","Solar","Renewable Forecast Actual Generation","RENEW_FCST_ACT_MW",3,3,-7.41728,"ACTUAL",3
"50","2019-01-10",2,0,"2019-01-10T09:00:00-00:00","2019-01-10T10:00:00-00:00","SP15","Solar","Renewable Forecast Actual Generation","RENEW_FCST_ACT_MW",3,3,-7.81276,"ACTUAL",3
"51","2019-01-10",23,0,"2019-01-11T06:00:00-00:00","2019-01-11T07:00:00-00:00","SP15","Solar","Renewable Forecast Actual Generation","RENEW_FCST_ACT_MW",3,3,-7.50965,"ACTUAL",3
"52","2019-01-10",6,0,"2019-01-10T13:00:00-00:00","2019-01-10T14:00:00-00:00","SP15","Solar","Renewable Forecast Actual Generation","RENEW_FCST_ACT_MW",3,3,-7.82554,"ACTUAL",3
"53","2019-01-10",22,0,"2019-01-11T05:00:00-00:00","2019-01-11T06:00:00-00:00","SP15","Solar","Renewable Forecast Actual Generation","RENEW_FCST_ACT_MW",3,3,-6.82701,"ACTUAL",3
"54","2019-01-10",11,0,"2019-01-10T18:00:00-00:00","2019-01-10T19:00:00-00:00","SP15","Solar","Renewable Forecast Actual Generation","RENEW_FCST_ACT_MW",3,3,5090.65508,"ACTUAL",3
"55","2019-01-10",21,0,"2019-01-11T04:00:00-00:00","2019-01-11T05:00:00-00:00","SP15","Solar","Renewable Forecast Actual Generation","RENEW_FCST_ACT_MW",3,3,-6.61438,"ACTUAL",3
"56","2019-01-10",3,0,"2019-01-10T10:00:00-00:00","2019-01-10T11:00:00-00:00","SP15","Solar","Renewable Forecast Actual Generation","RENEW_FCST_ACT_MW",3,3,-6.95917,"ACTUAL",3
"57","2019-01-10",20,0,"2019-01-11T03:00:00-00:00","2019-01-11T04:00:00-00:00","SP15","Solar","Renewable Forecast Actual Generation","RENEW_FCST_ACT_MW",3,3,-7.56898,"ACTUAL",3
"58","2019-01-10",10,0,"2019-01-10T17:00:00-00:00","2019-01-10T18:00:00-00:00","SP15","Solar","Renewable Forecast Actual Generation","RENEW_FCST_ACT_MW",3,3,4596.01307,"ACTUAL",3
"59","2019-01-10",19,0,"2019-01-11T02:00:00-00:00","2019-01-11T03:00:00-00:00","SP15","Solar","Renewable Forecast Actual Generation","RENEW_FCST_ACT_MW",3,3,-6.69503,"ACTUAL",3
"60","2019-01-10",5,0,"2019-01-10T12:00:00-00:00","2019-01-10T13:00:00-00:00","SP15","Solar","Renewable Forecast Actual Generation","RENEW_FCST_ACT_MW",3,3,-7.31111,"ACTUAL",3
"61","2019-01-10",18,0,"2019-01-11T01:00:00-00:00","2019-01-11T02:00:00-00:00","SP15","Solar","Renewable Forecast Actual Generation","RENEW_FCST_ACT_MW",3,3,0.57443,"ACTUAL",3
"62","2019-01-10",9,0,"2019-01-10T16:00:00-00:00","2019-01-10T17:00:00-00:00","SP15","Solar","Renewable Forecast Actual Generation","RENEW_FCST_ACT_MW",3,3,3146.15202,"ACTUAL",3
"63","2019-01-10",17,0,"2019-01-11T00:00:00-00:00","2019-01-11T01:00:00-00:00","SP15","Solar","Renewable Forecast Actual Generation","RENEW_FCST_ACT_MW",3,3,571.42378,"ACTUAL",3
"64","2019-01-10",1,0,"2019-01-10T08:00:00-00:00","2019-01-10T09:00:00-00:00","SP15","Solar","Renewable Forecast Actual Generation","RENEW_FCST_ACT_MW",3,3,-6.14899,"ACTUAL",3
"65","2019-01-10",16,0,"2019-01-10T23:00:00-00:00","2019-01-11T00:00:00-00:00","SP15","Solar","Renewable Forecast Actual Generation","RENEW_FCST_ACT_MW",3,3,3087.13459,"ACTUAL",3
"66","2019-01-10",8,0,"2019-01-10T15:00:00-00:00","2019-01-10T16:00:00-00:00","SP15","Solar","Renewable Forecast Actual Generation","RENEW_FCST_ACT_MW",3,3,750.42041,"ACTUAL",3
"67","2019-01-10",15,0,"2019-01-10T22:00:00-00:00","2019-01-10T23:00:00-00:00","SP15","Solar","Renewable Forecast Actual Generation","RENEW_FCST_ACT_MW",3,3,4790.76972,"ACTUAL",3
"68","2019-01-10",4,0,"2019-01-10T11:00:00-00:00","2019-01-10T12:00:00-00:00","SP15","Solar","Renewable Forecast Actual Generation","RENEW_FCST_ACT_MW",3,3,-6.24687,"ACTUAL",3
"69","2019-01-10",14,0,"2019-01-10T21:00:00-00:00","2019-01-10T22:00:00-00:00","SP15","Solar","Renewable Forecast Actual Generation","RENEW_FCST_ACT_MW",3,3,5210.5765,"ACTUAL",3
"70","2019-01-10",7,0,"2019-01-10T14:00:00-00:00","2019-01-10T15:00:00-00:00","SP15","Solar","Renewable Forecast Actual Generation","RENEW_FCST_ACT_MW",3,3,-8.64897,"ACTUAL",3
"71","2019-01-10",13,0,"2019-01-10T20:00:00-00:00","2019-01-10T21:00:00-00:00","SP15","Solar","Renewable Forecast Actual Generation","RENEW_FCST_ACT_MW",3,3,5202.53221,"ACTUAL",3
"72","2019-01-10",12,0,"2019-01-10T19:00:00-00:00","2019-01-10T20:00:00-00:00","SP15","Solar","Renewable Forecast Actual Generation","RENEW_FCST_ACT_MW",3,3,5141.77562,"ACTUAL",3
"73","2019-01-10",23,0,"2019-01-11T06:00:00-00:00","2019-01-11T07:00:00-00:00","SP15","Wind","Renewable Forecast Actual Generation","RENEW_FCST_ACT_MW",3,1,87.42462,"ACTUAL",4
"74","2019-01-10",22,0,"2019-01-11T05:00:00-00:00","2019-01-11T06:00:00-00:00","SP15","Wind","Renewable Forecast Actual Generation","RENEW_FCST_ACT_MW",3,1,73.73265,"ACTUAL",4
"75","2019-01-10",21,0,"2019-01-11T04:00:00-00:00","2019-01-11T05:00:00-00:00","SP15","Wind","Renewable Forecast Actual Generation","RENEW_FCST_ACT_MW",3,1,67.56867,"ACTUAL",4
"76","2019-01-10",20,0,"2019-01-11T03:00:00-00:00","2019-01-11T04:00:00-00:00","SP15","Wind","Renewable Forecast Actual Generation","RENEW_FCST_ACT_MW",3,1,74.50239,"ACTUAL",4
"77","2019-01-10",19,0,"2019-01-11T02:00:00-00:00","2019-01-11T03:00:00-00:00","SP15","Wind","Renewable Forecast Actual Generation","RENEW_FCST_ACT_MW",3,1,107.94712,"ACTUAL",4
"78","2019-01-10",18,0,"2019-01-11T01:00:00-00:00","2019-01-11T02:00:00-00:00","SP15","Wind","Renewable Forecast Actual Generation","RENEW_FCST_ACT_MW",3,1,153.10961,"ACTUAL",4
"79","2019-01-10",17,0,"2019-01-11T00:00:00-00:00","2019-01-11T01:00:00-00:00","SP15","Wind","Renewable Forecast Actual Generation","RENEW_FCST_ACT_MW",3,1,205.77519,"ACTUAL",4
"80","2019-01-10",16,0,"2019-01-10T23:00:00-00:00","2019-01-11T00:00:00-00:00","SP15","Wind","Renewable Forecast Actual Generation","RENEW_FCST_ACT_MW",3,1,211.97462,"ACTUAL",4
"81","2019-01-10",15,0,"2019-01-10T22:00:00-00:00","2019-01-10T23:00:00-00:00","SP15","Wind","Renewable Forecast Actual Generation","RENEW_FCST_ACT_MW",3,1,190.85947,"ACTUAL",4
"82","2019-01-10",14,0,"2019-01-10T21:00:00-00:00","2019-01-10T22:00:00-00:00","SP15","Wind","Renewable Forecast Actual Generation","RENEW_FCST_ACT_MW",3,1,176.16656,"ACTUAL",4
"83","2019-01-10",13,0,"2019-01-10T20:00:00-00:00","2019-01-10T21:00:00-00:00","SP15","Wind","Renewable Forecast Actual Generation","RENEW_FCST_ACT_MW",3,1,160.22343,"ACTUAL",4
"84","2019-01-10",12,0,"2019-01-10T19:00:00-00:00","2019-01-10T20:00:00-00:00","SP15","Wind","Renewable Forecast Actual Generation","RENEW_FCST_ACT_MW",3,1,176.60415,"ACTUAL",4
"85","2019-01-10",11,0,"2019-01-10T18:00:00-00:00","2019-01-10T19:00:00-00:00","SP15","Wind","Renewable Forecast Actual Generation","RENEW_FCST_ACT_MW",3,1,173.27134,"ACTUAL",4
"86","2019-01-10",10,0,"2019-01-10T17:00:00-00:00","2019-01-10T18:00:00-00:00","SP15","Wind","Renewable Forecast Actual Generation","RENEW_FCST_ACT_MW",3,1,279.81182,"ACTUAL",4
"87","2019-01-10",9,0,"2019-01-10T16:00:00-00:00","2019-01-10T17:00:00-00:00","SP15","Wind","Renewable Forecast Actual Generation","RENEW_FCST_ACT_MW",3,1,595.09586,"ACTUAL",4
"88","2019-01-10",8,0,"2019-01-10T15:00:00-00:00","2019-01-10T16:00:00-00:00","SP15","Wind","Renewable Forecast Actual Generation","RENEW_FCST_ACT_MW",3,1,838.38908,"ACTUAL",4
"89","2019-01-10",7,0,"2019-01-10T14:00:00-00:00","2019-01-10T15:00:00-00:00","SP15","Wind","Renewable Forecast Actual Generation","RENEW_FCST_ACT_MW",3,1,830.79921,"ACTUAL",4
"90","2019-01-10",6,0,"2019-01-10T13:00:00-00:00","2019-01-10T14:00:00-00:00","SP15","Wind","Renewable Forecast Actual Generation","RENEW_FCST_ACT_MW",3,1,997.60471,"ACTUAL",4
"91","2019-01-10",5,0,"2019-01-10T12:00:00-00:00","2019-01-10T13:00:00-00:00","SP15","Wind","Renewable Forecast Actual Generation","RENEW_FCST_ACT_MW",3,1,922.94141,"ACTUAL",4
"92","2019-01-10",4,0,"2019-01-10T11:00:00-00:00","2019-01-10T12:00:00-00:00","SP15","Wind","Renewable Forecast Actual Generation","RENEW_FCST_ACT_MW",3,1,659.07452,"ACTUAL",4
"93","2019-01-10",3,0,"2019-01-10T10:00:00-00:00","2019-01-10T11:00:00-00:00","SP15","Wind","Renewable Forecast Actual Generation","RENEW_FCST_ACT_MW",3,1,791.82092,"ACTUAL",4
"94","2019-01-10",2,0,"2019-01-10T09:00:00-00:00","2019-01-10T10:00:00-00:00","SP15","Wind","Renewable Forecast Actual Generation","RENEW_FCST_ACT_MW",3,1,1014.73221,"ACTUAL",4
"95","2019-01-10",24,0,"2019-01-11T07:00:00-00:00","2019-01-11T08:00:00-00:00","SP15","Wind","Renewable Forecast Actual Generation","RENEW_FCST_ACT_MW",3,1,114.82292,"ACTUAL",4
"96","2019-01-10",1,0,"2019-01-10T08:00:00-00:00","2019-01-10T09:00:00-00:00","SP15","Wind","Renewable Forecast Actual Generation","RENEW_FCST_ACT_MW",3,1,1006.54501,"ACTUAL",4
"97","2019-01-10",1,0,"2019-01-10T08:00:00-00:00","2019-01-10T09:00:00-00:00","ZP26","Solar","Renewable Forecast Actual Generation","RENEW_FCST_ACT_MW",3,3,-4.82423,"ACTUAL",5
"98","2019-01-10",24,0,"2019-01-11T07:00:00-00:00","2019-01-11T08:00:00-00:00","ZP26","Solar","Renewable Forecast Actual Generation","RENEW_FCST_ACT_MW",3,3,-4.53935,"ACTUAL",5
"99","2019-01-10",3,0,"2019-01-10T10:00:00-00:00","2019-01-10T11:00:00-00:00","ZP26","Solar","Renewable Forecast Actual Generation","RENEW_FCST_ACT_MW",3,3,-4.90045,"ACTUAL",5
"100","2019-01-10",4,0,"2019-01-10T11:00:00-00:00","2019-01-10T12:00:00-00:00","ZP26","Solar","Renewable Forecast Actual Generation","RENEW_FCST_ACT_MW",3,3,-5.2162,"ACTUAL",5
"101","2019-01-10",5,0,"2019-01-10T12:00:00-00:00","2019-01-10T13:00:00-00:00","ZP26","Solar","Renewable Forecast Actual Generation","RENEW_FCST_ACT_MW",3,3,-5.09328,"ACTUAL",5
"102","2019-01-10",6,0,"2019-01-10T13:00:00-00:00","2019-01-10T14:00:00-00:00","ZP26","Solar","Renewable Forecast Actual Generation","RENEW_FCST_ACT_MW",3,3,-5.0827,"ACTUAL",5
"103","2019-01-10",7,0,"2019-01-10T14:00:00-00:00","2019-01-10T15:00:00-00:00","ZP26","Solar","Renewable Forecast Actual Generation","RENEW_FCST_ACT_MW",3,3,-5.05878,"ACTUAL",5
"104","2019-01-10",8,0,"2019-01-10T15:00:00-00:00","2019-01-10T16:00:00-00:00","ZP26","Solar","Renewable Forecast Actual Generation","RENEW_FCST_ACT_MW",3,3,21.17367,"ACTUAL",5
"105","2019-01-10",9,0,"2019-01-10T16:00:00-00:00","2019-01-10T17:00:00-00:00","ZP26","Solar","Renewable Forecast Actual Generation","RENEW_FCST_ACT_MW",3,3,165.06404,"ACTUAL",5
"106","2019-01-10",10,0,"2019-01-10T17:00:00-00:00","2019-01-10T18:00:00-00:00","ZP26","Solar","Renewable Forecast Actual Generation","RENEW_FCST_ACT_MW",3,3,356.19203,"ACTUAL",5
"107","2019-01-10",11,0,"2019-01-10T18:00:00-00:00","2019-01-10T19:00:00-00:00","ZP26","Solar","Renewable Forecast Actual Generation","RENEW_FCST_ACT_MW",3,3,490.90878,"ACTUAL",5
"108","2019-01-10",12,0,"2019-01-10T19:00:00-00:00","2019-01-10T20:00:00-00:00","ZP26","Solar","Renewable Forecast Actual Generation","RENEW_FCST_ACT_MW",3,3,630.80093,"ACTUAL",5
"109","2019-01-10",13,0,"2019-01-10T20:00:00-00:00","2019-01-10T21:00:00-00:00","ZP26","Solar","Renewable Forecast Actual Generation","RENEW_FCST_ACT_MW",3,3,963.38023,"ACTUAL",5
"110","2019-01-10",14,0,"2019-01-10T21:00:00-00:00","2019-01-10T22:00:00-00:00","ZP26","Solar","Renewable Forecast Actual Generation","RENEW_FCST_ACT_MW",3,3,1025.05769,"ACTUAL",5
"111","2019-01-10",15,0,"2019-01-10T22:00:00-00:00","2019-01-10T23:00:00-00:00","ZP26","Solar","Renewable Forecast Actual Generation","RENEW_FCST_ACT_MW",3,3,986.12703,"ACTUAL",5
"112","2019-01-10",16,0,"2019-01-10T23:00:00-00:00","2019-01-11T00:00:00-00:00","ZP26","Solar","Renewable Forecast Actual Generation","RENEW_FCST_ACT_MW",3,3,684.83098,"ACTUAL",5
"113","2019-01-10",17,0,"2019-01-11T00:00:00-00:00","2019-01-11T01:00:00-00:00","ZP26","Solar","Renewable Forecast Actual Generation","RENEW_FCST_ACT_MW",3,3,165.40585,"ACTUAL",5
"114","2019-01-10",18,0,"2019-01-11T01:00:00-00:00","2019-01-11T02:00:00-00:00","ZP26","Solar","Renewable Forecast Actual Generation","RENEW_FCST_ACT_MW",3,3,-4.42247,"ACTUAL",5
"115","2019-01-10",19,0,"2019-01-11T02:00:00-00:00","2019-01-11T03:00:00-00:00","ZP26","Solar","Renewable Forecast Actual Generation","RENEW_FCST_ACT_MW",3,3,-4.53065,"ACTUAL",5
"116","2019-01-10",20,0,"2019-01-11T03:00:00-00:00","2019-01-11T04:00:00-00:00","ZP26","Solar","Renewable Forecast Actual Generation","RENEW_FCST_ACT_MW",3,3,-4.55574,"ACTUAL",5
"117","2019-01-10",21,0,"2019-01-11T04:00:00-00:00","2019-01-11T05:00:00-00:00","ZP26","Solar","Renewable Forecast Actual Generation","RENEW_FCST_ACT_MW",3,3,-4.57444,"ACTUAL",5
"118","2019-01-10",22,0,"2019-01-11T05:00:00-00:00","2019-01-11T06:00:00-00:00","ZP26","Solar","Renewable Forecast Actual Generation","RENEW_FCST_ACT_MW",3,3,-4.55232,"ACTUAL",5
"119","2019-01-10",23,0,"2019-01-11T06:00:00-00:00","2019-01-11T07:00:00-00:00","ZP26","Solar","Renewable Forecast Actual Generation","RENEW_FCST_ACT_MW",3,3,-4.53067,"ACTUAL",5
"120","2019-01-10",2,0,"2019-01-10T09:00:00-00:00","2019-01-10T10:00:00-00:00","ZP26","Solar","Renewable Forecast Actual Generation","RENEW_FCST_ACT_MW",3,3,-4.86886,"ACTUAL",5
