"","OPR_DT","OPR_HR","OPR_INTERVAL","INTERVALSTARTTIME_GMT","INTERVALENDTIME_GMT","TRADING_HUB","RENEWABLE_TYPE","LABEL","XML_DATA_ITEM","MARKET_RUN_ID_POS","RENEW_POS","MW","MARKET_RUN_ID","GROUP"
"1","2019-09-10",2,0,"2019-09-10T08:00:00-00:00","2019-09-10T09:00:00-00:00","NP15","Solar","Renewable Forecast Actual Generation","RENEW_FCST_ACT_MW",3,3,-3.47689,"ACTUAL",1
"2","2019-09-10",3,0,"2019-09-10T09:00:00-00:00","2019-09-10T10:00:00-00:00","NP15","Solar","Renewable Forecast Actual Generation","RENEW_FCST_ACT_MW",3,3,-3.47788,"ACTUAL",1
"3","2019-09-10",4,0,"2019-09-10T10:00:00-00:00","2019-09-10T11:00:00-00:00","NP15","Solar","Renewable Forecast Actual Generation","RENEW_FCST_ACT_MW",3,3,-3.48392,"ACTUAL",1
"4","2019-09-10",5,0,"2019-09-10T11:00:00-00:00","2019-09-10T12:00:00-00:00","NP15","Solar","Renewable Forecast Actual Generation","RENEW_FCST_ACT_MW",3,3,-3.46458,"ACTUAL",1
"5","2019-09-10",6,0,"2019-09-10T12:00:00-00:00","2019-09-10T13:00:00-00:00","NP15","Solar","Renewable Forecast Actual Generation","RENEW_FCST_ACT_MW",3,3,-3.70236,"ACTUAL",1
"6","2019-09-10",7,0,"2019-09-10T13:00:00-00:00","2019-09-10T14:00:00-00:00","NP15","Solar","Renewable Forecast Actual Generation","RENEW_FCST_ACT_MW",3,3,2.07511,"ACTUAL",1
"7","2019-09-10",8,0,"2019-09-10T14:00:00-00:00","2019-09-10T15:00:00-00:00","NP15","Solar","Renewable Forecast Actual Generation","RENEW_FCST_ACT_MW",3,3,354.75784,"ACTUAL",1
"8","2019-09-10",9,0,"2019-09-10T15:00:00-00:00","2019-09-10T16:00:00-00:00","NP15","Solar","Renewable Forecast Actual Generation","RENEW_FCST_ACT_MW",3,3,1055.55161,"ACTUAL",1
"9","2019-09-10",10,0,"2019-09-10T16:00:00-00:00","2019-09-10T17:00:00-00:00","NP15","Solar","Renewable Forecast Actual Generation","RENEW_FCST_ACT_MW",3,3,1287.73391,"ACTUAL",1
"10","2019-09-10",11,0,"2019-09-10T17:00:00-00:00","2019-09-10T18:00:00-00:00","NP15","Solar","Renewable Forecast Actual Generation","RENEW_FCST_ACT_MW",3,3,1192.06804,"ACTUAL",1
"11","2019-09-10",12,0,"2019-09-10T18:00:00-00:00","2019-09-10T19:00:00-00:00","NP15","Solar","Renewable Forecast Actual Generation","RENEW_FCST_ACT_MW",3,3,1302.89167,"ACTUAL",1
"12","2019-09-10",13,0,"2019-09-10T19:00:00-00:00","2019-09-10T20:00:00-00:00","NP15","Solar","Renewable Forecast Actual Generation","RENEW_FCST_ACT_MW",3,3,1274.73345,"ACTUAL",1
"13","2019-09-10",14,0,"2019-09-10T20:00:00-00:00","2019-09-10T21:00:00-00:00","NP15","Solar","Renewable Forecast Actual Generation","RENEW_FCST_ACT_MW",3,3,1274.2387,"ACTUAL",1
"14","2019-09-10",15,0,"2019-09-10T21:00:00-00:00","2019-09-10T22:00:00-00:00","NP15","Solar","Renewable Forecast Actual Generation","RENEW_FCST_ACT_MW",3,3,1272.62231,"ACTUAL",1
"15","2019-09-10",16,0,"2019-09-10T22:00:00-00:00","2019-09-10T23:00:00-00:00","NP15","Solar","Renewable Forecast Actual Generation","RENEW_FCST_ACT_MW",3,3,1280.27312,"ACTUAL",1
"16","2019-09-10",17,0,"2019-09-10T23:00:00-00:00","2019-09-11T00:00:00-00:00","NP15","Solar","Renewable Forecast Actual Generation","RENEW_FCST_ACT_MW",3,3,1188.93077,"ACTUAL",1
"17","2019-09-10",18,0,"2019-09-11T00:00:00-00:00","2019-09-11T01:00:00-00:00","NP15","Solar","Renewable Forecast Actual Generation","RENEW_FCST_ACT_MW",3,3,911.4992,"ACTUAL",1
"18","2019-09-10",19,0,"2019-09-11T01:00:00-00:00","2019-09-11T02:00:00-00:00","NP15","Solar","Renewable Forecast Actual Generation","RENEW_FCST_ACT_MW",3,3,241.94366,"ACTUAL",1
"19","2019-09-10",20,0,"2019-09-11T02:00:00-00:00","2019-09-11T03:00:00-00:00","NP15","Solar","Renewable Forecast Actual Generation","RENEW_FCST_ACT_MW",3,3,0.07602,"ACTUAL",1
"20","2019-09-10",21,0,"2019-09-11T03:00:00-00:00","2019-09-11T04:00:00-00:00","NP15","Solar","Renewable Forecast Actual Generation","RENEW_FCST_ACT_MW",3,3,-3.28525,"ACTUAL",1
"21","2019-09-10",22,0,"2019-09-11T04:00:00-00:00","2019-09-11T05:00:00-00:00","NP15","Solar","Renewable Forecast Actual Generation","RENEW_FCST_ACT_MW",3,3,-3.28611,"ACTUAL",1
"22","2019-09-10",23,0,"2019-09-11T05:00:00-00:00","2019-09-11T06:00:00-00:00","NP15","Solar","Renewable Forecast Actual Generation","RENEW_FCST_ACT_MW",3,3,-3.39584,"ACTUAL",1
"23","2019-09-10",24,0,"2019-09-11T06:00:00-00:00","2019-09-11T07:00:00-00:00","NP15","Solar","Renewable Forecast Actual Generation","RENEW_FCST_ACT_MW",3,3,-3.27814,"ACTUAL",1
"24","2019-09-10",18,0,"2019-09-11T00:00:00-00:00","2019-09-11T01:00:00-00:00","NP15","Wind","Renewable Forecast Actual Generation","RENEW_FCST_ACT_MW",3,1,393.83091,"ACTUAL",2
"25","2019-09-10",6,0,"2019-09-10T12:00:00-00:00","2019-09-10T13:00:00-00:00","NP15","Wind","Renewable Forecast Actual Generation","RENEW_FCST_ACT_MW",3,1,607.72261,"ACTUAL",2
"26","2019-09-10",17,0,"2019-09-10T23:00:00-00:00","2019-09-11T00:00:00-00:00","NP15","Wind","Renewable Forecast Actual Generation","RENEW_FCST_ACT_MW",3,1,288.21769,"ACTUAL",2
"27","2019-09-10",16,0,"2019-09-10T22:00:00-00:00","2019-09-10T23:00:00-00:00","NP15","Wind","Renewable Forecast Actual Generation","RENEW_FCST_ACT_MW",3,1,220.41195,"ACTUAL",2
"28","2019-09-10",15,0,"2019-09-10T21:00:00-00:00","2019-09-10T22:00:00-00:00","NP15","Wind","Renewable Forecast Actual Generation","RENEW_FCST_ACT_MW",3,1,191.85922,"ACTUAL",2
"29","2019-09-10",14,0,"2019-09-10T20:00:00-00:00","2019-09-10T21:00:00-00:00","NP15","Wind","Renewable Forecast Actual Generation","RENEW_FCST_ACT_MW",3,1,135.33632,"ACTUAL",2
"30","2019-09-10",13,0,"2019-09-10T19:00:00-00:00","2019-09-10T20:00:00-00:00","NP15","Wind","Renewable Forecast Actual Generation","RENEW_FCST_ACT_MW",3,1,86.07035,"ACTUAL",2
"31","2019-09-10",12,0,"2019-09-10T18:00:00-00:00","2019-09-10T19:00:00-00:00","NP15","Wind","Renewable Forecast Actual Generation","RENEW_FCST_ACT_MW",3,1,139.5644,"ACTUAL",2
"32","2019-09-10",11,0,"2019-09-10T17:00:00-00:00","2019-09-10T18:00:00-00:00","NP15","Wind","Renewable Forecast Actual Generation","RENEW_FCST_ACT_MW",3,1,270.37497,"ACTUAL",2
"33","2019-09-10",10,0,"2019-09-10T16:00:00-00:00","2019-09-10T17:00:00-00:00","NP15","Wind","Renewable Forecast Actual Generation","RENEW_FCST_ACT_MW",3,1,411.56609,"ACTUAL",2
"34","2019-09-10",9,0,"2019-09-10T15:00:00-00:00","2019-09-10T16:00:00-00:00","NP15","Wind","Renewable Forecast Actual Generation","RENEW_FCST_ACT_MW",3,1,477.22789,"ACTUAL",2
"35","2019-09-10",8,0,"2019-09-10T14:00:00-00:00","2019-09-10T15:00:00-00:00","NP15","Wind","Renewable Forecast Actual Generation","RENEW_FCST_ACT_MW",3,1,491.44614,"ACTUAL",2
"36","2019-09-10",7,0,"2019-09-10T13:00:00-00:00","2019-09-10T14:00:00-00:00","NP15","Wind","Renewable Forecast Actual Generation","RENEW_FCST_ACT_MW",3,1,568.67135,"ACTUAL",2
"37","2019-09-10",5,0,"2019-09-10T11:00:00-00:00","2019-09-10T12:00:00-00:00","NP15","Wind","Renewable Forecast Actual Generation","RENEW_FCST_ACT_MW",3,1,684.97356,"ACTUAL",2
"38","2019-09-10",4,0,"2019-09-10T10:00:00-00:00","2019-09-10T11:00:00-00:00","NP15","Wind","Renewable Forecast Actual Generation","RENEW_FCST_ACT_MW",3,1,721.5557,"ACTUAL",2
"39","2019-09-10",3,0,"2019-09-10T09:00:00-00:00","2019-09-10T10:00:00-00:00","NP15","Wind","Renewable Forecast Actual Generation","RENEW_FCST_ACT_MW",3,1,795.22277,"ACTUAL",2
"40","2019-09-10",2,0,"2019-09-10T08:00:00-00:00","2019-09-10T09:00:00-00:00","NP15","Wind","Renewable Forecast Actual Generation","RENEW_FCST_ACT_MW",3,1,758.71629,"ACTUAL",2
"41","2019-09-10",24,0,"2019-09-11T06:00:00-00:00","2019-09-11T07:00:00-00:00","NP15","Wind","Renewable Forecast Actual Generation","RENEW_FCST_ACT_MW",3,1,501.131,"ACTUAL",2
"42","2019-09-10",23,0,"2019-09-11T05:00:00-00:00","2019-09-11T06:00:00-00:00","NP15","Wind","Renewable Forecast Actual Generation","RENEW_FCST_ACT_MW",3,1,540.07189,"ACTUAL",2
"43","2019-09-10",22,0,"2019-09-11T04:00:00-00:00","2019-09-11T05:00:00-00:00","NP15","Wind","Renewable Forecast Actual Generation","RENEW_FCST_ACT_MW",3,1,550.05345,"ACTUAL",2
"44","2019-09-10",21,0,"2019-09-11T03:00:00-00:00","2019-09-11T04:00:00-00:00","NP15","Wind","Renewable Forecast Actual Generation","RENEW_FCST_ACT_MW",3,1,541.75113,"ACTUAL",2
"45","2019-09-10",20,0,"2019-09-11T02:00:00-00:00","2019-09-11T03:00:00-00:00","NP15","Wind","Renewable Forecast Actual Generation","RENEW_FCST_ACT_MW",3,1,542.05195,"ACTUAL",2
"46","2019-09-10",19,0,"2019-09-11T01:00:00-00:00","2019-09-11T02:00:00-00:00","NP15","Wind","Renewable Forecast Actual Generation","RENEW_FCST_ACT_MW",3,1,539.15573,"ACTUAL",2
"47","2019-09-10",6,0,"2019-09-10T12:00:00-00:00","2019-09-10T13:00:00-00:00","SP15","Solar","Renewable Forecast Actual Generation","RENEW_FCST_ACT_MW",3,3,-11.35586,"ACTUAL",3
"48","2019-09-10",18,0,"2019-09-11T00:00:00-00:00","2019-09-11T01:00:00-00:00","SP15","Solar","Renewable Forecast Actual Generation","RENEW_FCST_ACT_MW",3,3,3965.62889,"ACTUAL",3
"49","2019-09-10",5,0,"2019-09-10T11:00:00-00:00","2019-09-10T12:00:00-00:00","SP15","Solar","Renewable Forecast Actual Generation","RENEW_FCST_ACT_MW",3,3,-11.56335,"ACTUAL",3
"50","2019-09-10",11,0,"2019-09-10T17:00:00-00:00","2019-09-10T18:00:00-00:00","SP15","Solar","Renewable Forecast Actual Generation","RENEW_FCST_ACT_MW",3,3,7015.53448,"ACTUAL",3
"51","2019-09-10",4,0,"2019-09-10T10:00:00-00:00","2019-09-10T11:00:00-00:00","SP15","Solar","Renewable Forecast Actual Generation","RENEW_FCST_ACT_MW",3,3,-11.97227,"ACTUAL",3
"52","2019-09-10",15,0,"2019-09-10T21:00:00-00:00","2019-09-10T22:00:00-00:00","SP15","Solar","Renewable Forecast Actual Generation","RENEW_FCST_ACT_MW",3,3,7014.19452,"ACTUAL",3
"53","2019-09-10",3,0,"2019-09-10T09:00:00-00:00","2019-09-10T10:00:00-00:00","SP15","Solar","Renewable Forecast Actual Generation","RENEW_FCST_ACT_MW",3,3,-11.21159,"ACTUAL",3
"54","2019-09-10",10,0,"2019-09-10T16:00:00-00:00","2019-09-10T17:00:00-00:00","SP15","Solar","Renewable Forecast Actual Generation","RENEW_FCST_ACT_MW",3,3,6394.41749,"ACTUAL",3
"55","2019-09-10",2,0,"2019-09-10T08:00:00-00:00","2019-09-10T09:00:00-00:00","SP15","Solar","Renewable Forecast Actual Generation","RENEW_FCST_ACT_MW",3,3,-11.46132,"ACTUAL",3
"56","2019-09-10",13,0,"2019-09-10T19:00:00-00:00","2019-09-10T20:00:00-00:00","SP15","Solar","Renewable Forecast Actual Generation","RENEW_FCST_ACT_MW",3,3,7364.48103,"ACTUAL",3
"57","2019-09-10",24,0,"2019-09-11T06:00:00-00:00","2019-09-11T07:00:00-00:00","SP15","Solar","Renewable Forecast Actual Generation","RENEW_FCST_ACT_MW",3,3,-28.88358,"ACTUAL",3
"58","2019-09-10",9,0,"2019-09-10T15:00:00-00:00","2019-09-10T16:00:00-00:00","SP15","Solar","Renewable Forecast Actual Generation","RENEW_FCST_ACT_MW",3,3,5161.4584,"ACTUAL",3
"59","2019-09-10",23,0,"2019-09-11T05:00:00-00:00","2019-09-11T06:00:00-00:00","SP15","Solar","Renewable Forecast Actual Generation","RENEW_FCST_ACT_MW",3,3,-28.98427,"ACTUAL",3
"60","2019-09-10",16,0,"2019-09-10T22:00:00-00:00","2019-09-10T23:00:00-00:00","SP15","Solar","Renewable Forecast Actual Generation","RENEW_FCST_ACT_MW",3,3,6878.29235,"ACTUAL",3
"61","2019-09-10",22,0,"2019-09-11T04:00:00-00:00","2019-09-11T05:00:00-00:00","SP15","Solar","Renewable Forecast Actual Generation","RENEW_FCST_ACT_MW",3,3,-28.99765,"ACTUAL",3
"62","2019-09-10",8,0,"2019-09-10T14:00:00-00:00","2019-09-10T15:00:00-00:00","SP15","Solar","Renewable Forecast Actual Generation","RENEW_FCST_ACT_MW",3,3,2069.21426,"ACTUAL",3
"63","2019-09-10",21,0,"2019-09-11T03:00:00-00:00","2019-09-11T04:00:00-00:00","SP15","Solar","Renewable Forecast Actual Generation","RENEW_FCST_ACT_MW",3,3,-29.48313,"ACTUAL",3
"64","2019-09-10",12,0,"2019-09-10T18:00:00-00:00","2019-09-10T19:00:00-00:00","SP15","Solar","Renewable Forecast Actual Generation","RENEW_FCST_ACT_MW",3,3,7199.71921,"ACTUAL",3
"65","2019-09-10",20,0,"2019-09-11T02:00:00-00:00","2019-09-11T03:00:00-00:00","SP15","Solar","Renewable Forecast Actual Generation","RENEW_FCST_ACT_MW",3,3,-17.62265,"ACTUAL",3
"66","2019-09-10",7,0,"2019-09-10T13:00:00-00:00","2019-09-10T14:00:00-00:00","SP15","Solar","Renewable Forecast Actual Generation","RENEW_FCST_ACT_MW",3,3,100.6694,"ACTUAL",3
"67","2019-09-10",19,0,"2019-09-11T01:00:00-00:00","2019-09-11T02:00:00-00:00","SP15","Solar","Renewable Forecast Actual Generation","RENEW_FCST_ACT_MW",3,3,891.654,"ACTUAL",3
"68","2019-09-10",14,0,"2019-09-10T20:00:00-00:00","2019-09-10T21:00:00-00:00","SP15","Solar","Renewable Forecast Actual Generation","RENEW_FCST_ACT_MW",3,3,7304.96118,"ACTUAL",3
"69","2019-09-10",17,0,"2019-09-10T23:00:00-00:00","2019-09-11T00:00:00-00:00","SP15","Solar","Renewable Forecast Actual Generation","RENEW_FCST_ACT_MW",3,3,5993.71702,"ACTUAL",3
"70","2019-09-10",18,0,"2019-09-11T00:00:00-00:00","2019-09-11T01:00:00-00:00","SP15","Wind","Renewable Forecast Actual Generation","RENEW_FCST_ACT_MW",3,1,3043.1751,"ACTUAL",4
"71","2019-09-10",19,0,"2019-09-11T01:00:00-00:00","2019-09-11T02:00:00-00:00","SP15","Wind","Renewable Forecast Actual Generation","RENEW_FCST_ACT_MW",3,1,3038.46776,"ACTUAL",4
"72","2019-09-10",20,0,"2019-09-11T02:00:00-00:00","2019-09-11T03:00:00-00:00","SP15","Wind","Renewable Forecast Actual Generation","RENEW_FCST_ACT_MW",3,1,2640.00238,"ACTUAL",4
"73","2019-09-10",21,0,"2019-09-11T03:00:00-00:00","2019-09-11T04:00:00-00:00","SP15","Wind","Renewable Forecast Actual Generation","RENEW_FCST_ACT_MW",3,1,2575.09275,"ACTUAL",4
"74","2019-09-10",22,0,"2019-09-11T04:00:00-00:00","2019-09-11T05:00:00-00:00","SP15","Wind","Renewable Forecast Actual Generation","RENEW_FCST_ACT_MW",3,1,2384.84477,"ACTUAL",4
"75","2019-09-10",23,0,"2019-09-11T05:00:00-00:00","2019-09-11T06:00:00-00:00","SP15","Wind","Renewable Forecast Actual Generation","RENEW_FCST_ACT_MW",3,1,2372.72583,"ACTUAL",4
"76","2019-09-10",24,0,"2019-09-11T06:00:00-00:00","2019-09-11T07:00:00-00:00","SP15","Wind","Renewable Forecast Actual Generation","RENEW_FCST_ACT_MW",3,1,2522.79777,"ACTUAL",4
"77","2019-09-10",2,0,"2019-09-10T08:00:00-00:00","2019-09-10T09:00:00-00:00","SP15","Wind","Renewable Forecast Actual Generation","RENEW_FCST_ACT_MW",3,1,2809.86516,"ACTUAL",4
"78","2019-09-10",3,0,"2019-09-10T09:00:00-00:00","2019-09-10T10:00:00-00:00","SP15","Wind","Renewable Forecast Actual Generation","RENEW_FCST_ACT_MW",3,1,2804.814,"ACTUAL",4
"79","2019-09-10",4,0,"2019-09-10T10:00:00-00:00","2019-09-10T11:00:00-00:00","SP15","Wind","Renewable Forecast Actual Generation","RENEW_FCST_ACT_MW",3,1,2714.79548,"ACTUAL",4
"80","2019-09-10",5,0,"2019-09-10T11:00:00-00:00","2019-09-10T12:00:00-00:00","SP15","Wind","Renewable Forecast Actual Generation","RENEW_FCST_ACT_MW",3,1,2615.22573,"ACTUAL",4
"81","2019-09-10",6,0,"2019-09-10T12:00:00-00:00","2019-09-10T13:00:00-00:00","SP15","Wind","Renewable Forecast Actual Generation","RENEW_FCST_ACT_MW",3,1,2233.82014,"ACTUAL",4
"82","2019-09-10",7,0,"2019-09-10T13:00:00-00:00","2019-09-10T14:00:00-00:00","SP15","Wind","Renewable Forecast Actual Generation","RENEW_FCST_ACT_MW",3,1,1981.42072,"ACTUAL",4
"83","2019-09-10",8,0,"2019-09-10T14:00:00-00:00","2019-09-10T15:00:00-00:00","SP15","Wind","Renewable Forecast Actual Generation","RENEW_FCST_ACT_MW",3,1,1913.84482,"ACTUAL",4
"84","2019-09-10",9,0,"2019-09-10T15:00:00-00:00","2019-09-10T16:00:00-00:00","SP15","Wind","Renewable Forecast Actual Generation","RENEW_FCST_ACT_MW",3,1,2162.65378,"ACTUAL",4
"85","2019-09-10",10,0,"2019-09-10T16:00:00-00:00","2019-09-10T17:00:00-00:00","SP15","Wind","Renewable Forecast Actual Generation","RENEW_FCST_ACT_MW",3,1,2223.44761,"ACTUAL",4
"86","2019-09-10",11,0,"2019-09-10T17:00:00-00:00","2019-09-10T18:00:00-00:00","SP15","Wind","Renewable Forecast Actual Generation","RENEW_FCST_ACT_MW",3,1,1728.72755,"ACTUAL",4
"87","2019-09-10",12,0,"2019-09-10T18:00:00-00:00","2019-09-10T19:00:00-00:00","SP15","Wind","Renewable Forecast Actual Generation","RENEW_FCST_ACT_MW",3,1,1826.18698,"ACTUAL",4
"88","2019-09-10",13,0,"2019-09-10T19:00:00-00:00","2019-09-10T20:00:00-00:00","SP15","Wind","Renewable Forecast Actual Generation","RENEW_FCST_ACT_MW",3,1,2243.80579,"ACTUAL",4
"89","2019-09-10",14,0,"2019-09-10T20:00:00-00:00","2019-09-10T21:00:00-00:00","SP15","Wind","Renewable Forecast Actual Generation","RENEW_FCST_ACT_MW",3,1,2712.75252,"ACTUAL",4
"90","2019-09-10",15,0,"2019-09-10T21:00:00-00:00","2019-09-10T22:00:00-00:00","SP15","Wind","Renewable Forecast Actual Generation","RENEW_FCST_ACT_MW",3,1,2981.02833,"ACTUAL",4
"91","2019-09-10",16,0,"2019-09-10T22:00:00-00:00","2019-09-10T23:00:00-00:00","SP15","Wind","Renewable Forecast Actual Generation","RENEW_FCST_ACT_MW",3,1,3107.11556,"ACTUAL",4
"92","2019-09-10",17,0,"2019-09-10T23:00:00-00:00","2019-09-11T00:00:00-00:00","SP15","Wind","Renewable Forecast Actual Generation","RENEW_FCST_ACT_MW",3,1,3043.5802,"ACTUAL",4
"93","2019-09-10",18,0,"2019-09-11T00:00:00-00:00","2019-09-11T01:00:00-00:00","ZP26","Solar","Renewable Forecast Actual Generation","RENEW_FCST_ACT_MW",3,3,926.41501,"ACTUAL",5
"94","2019-09-10",17,0,"2019-09-10T23:00:00-00:00","2019-09-11T00:00:00-00:00","ZP26","Solar","Renewable Forecast Actual Generation","RENEW_FCST_ACT_MW",3,3,1368.66065,"ACTUAL",5
"95","2019-09-10",20,0,"2019-09-11T02:00:00-00:00","2019-09-11T03:00:00-00:00","ZP26","Solar","Renewable Forecast Actual Generation","RENEW_FCST_ACT_MW",3,3,1.32511,"ACTUAL",5
"96","2019-09-10",21,0,"2019-09-11T03:00:00-00:00","2019-09-11T04:00:00-00:00","ZP26","Solar","Renewable Forecast Actual Generation","RENEW_FCST_ACT_MW",3,3,-0.44747,"ACTUAL",5
"97","2019-09-10",22,0,"2019-09-11T04:00:00-00:00","2019-09-11T05:00:00-00:00","ZP26","Solar","Renewable Forecast Actual Generation","RENEW_FCST_ACT_MW",3,3,-1.20705,"ACTUAL",5
"98","2019-09-10",23,0,"2019-09-11T05:00:00-00:00","2019-09-11T06:00:00-00:00","ZP26","Solar","Renewable Forecast Actual Generation","RENEW_FCST_ACT_MW",3,3,-1.1853,"ACTUAL",5
"99","2019-09-10",24,0,"2019-09-11T06:00:00-00:00","2019-09-11T07:00:00-00:00","ZP26","Solar","Renewable Forecast Actual Generation","RENEW_FCST_ACT_MW",3,3,-1.23175,"ACTUAL",5
"100","2019-09-10",2,0,"2019-09-10T08:00:00-00:00","2019-09-10T09:00:00-00:00","ZP26","Solar","Renewable Forecast Actual Generation","RENEW_FCST_ACT_MW",3,3,-5.02672,"ACTUAL",5
"101","2019-09-10",3,0,"2019-09-10T09:00:00-00:00","2019-09-10T10:00:00-00:00","ZP26","Solar","Renewable Forecast Actual Generation","RENEW_FCST_ACT_MW",3,3,-5.023,"ACTUAL",5
"102","2019-09-10",4,0,"2019-09-10T10:00:00-00:00","2019-09-10T11:00:00-00:00","ZP26","Solar","Renewable Forecast Actual Generation","RENEW_FCST_ACT_MW",3,3,-4.95434,"ACTUAL",5
"103","2019-09-10",5,0,"2019-09-10T11:00:00-00:00","2019-09-10T12:00:00-00:00","ZP26","Solar","Renewable Forecast Actual Generation","RENEW_FCST_ACT_MW",3,3,-5.14591,"ACTUAL",5
"104","2019-09-10",6,0,"2019-09-10T12:00:00-00:00","2019-09-10T13:00:00-00:00","ZP26","Solar","Renewable Forecast Actual Generation","RENEW_FCST_ACT_MW",3,3,-5.08817,"ACTUAL",5
"105","2019-09-10",7,0,"2019-09-10T13:00:00-00:00","2019-09-10T14:00:00-00:00","ZP26","Solar","Renewable Forecast Actual Generation","RENEW_FCST_ACT_MW",3,3,0.77103,"ACTUAL",5
"106","2019-09-10",8,0,"2019-09-10T14:00:00-00:00","2019-09-10T15:00:00-00:00","ZP26","Solar","Renewable Forecast Actual Generation","RENEW_FCST_ACT_MW",3,3,325.50115,"ACTUAL",5
"107","2019-09-10",9,0,"2019-09-10T15:00:00-00:00","2019-09-10T16:00:00-00:00","ZP26","Solar","Renewable Forecast Actual Generation","RENEW_FCST_ACT_MW",3,3,1043.40086,"ACTUAL",5
"108","2019-09-10",10,0,"2019-09-10T16:00:00-00:00","2019-09-10T17:00:00-00:00","ZP26","Solar","Renewable Forecast Actual Generation","RENEW_FCST_ACT_MW",3,3,1458.19098,"ACTUAL",5
"109","2019-09-10",11,0,"2019-09-10T17:00:00-00:00","2019-09-10T18:00:00-00:00","ZP26","Solar","Renewable Forecast Actual Generation","RENEW_FCST_ACT_MW",3,3,1611.71939,"ACTUAL",5
"110","2019-09-10",12,0,"2019-09-10T18:00:00-00:00","2019-09-10T19:00:00-00:00","ZP26","Solar","Renewable Forecast Actual Generation","RENEW_FCST_ACT_MW",3,3,1652.78398,"ACTUAL",5
"111","2019-09-10",13,0,"2019-09-10T19:00:00-00:00","2019-09-10T20:00:00-00:00","ZP26","Solar","Renewable Forecast Actual Generation","RENEW_FCST_ACT_MW",3,3,1645.16584,"ACTUAL",5
"112","2019-09-10",14,0,"2019-09-10T20:00:00-00:00","2019-09-10T21:00:00-00:00","ZP26","Solar","Renewable Forecast Actual Generation","RENEW_FCST_ACT_MW",3,3,1637.30133,"ACTUAL",5
"113","2019-09-10",15,0,"2019-09-10T21:00:00-00:00","2019-09-10T22:00:00-00:00","ZP26","Solar","Renewable Forecast Actual Generation","RENEW_FCST_ACT_MW",3,3,1640.04166,"ACTUAL",5
"114","2019-09-10",16,0,"2019-09-10T22:00:00-00:00","2019-09-10T23:00:00-00:00","ZP26","Solar","Renewable Forecast Actual Generation","RENEW_FCST_ACT_MW",3,3,1582.46037,"ACTUAL",5
"115","2019-09-10",19,0,"2019-09-11T01:00:00-00:00","2019-09-11T02:00:00-00:00","ZP26","Solar","Renewable Forecast Actual Generation","RENEW_FCST_ACT_MW",3,3,250.89218,"ACTUAL",5
"116","2019-09-11",1,0,"2019-09-11T07:00:00-00:00","2019-09-11T08:00:00-00:00","NP15","Solar","Renewable Forecast Actual Generation","RENEW_FCST_ACT_MW",3,3,-3.28386,"ACTUAL",6
"117","2019-09-11",1,0,"2019-09-11T07:00:00-00:00","2019-09-11T08:00:00-00:00","NP15","Wind","Renewable Forecast Actual Generation","RENEW_FCST_ACT_MW",3,1,475.10786,"ACTUAL",7
"118","2019-09-11",1,0,"2019-09-11T07:00:00-00:00","2019-09-11T08:00:00-00:00","SP15","Solar","Renewable Forecast Actual Generation","RENEW_FCST_ACT_MW",3,3,-28.36453,"ACTUAL",8
"119","2019-09-11",1,0,"2019-09-11T07:00:00-00:00","2019-09-11T08:00:00-00:00","SP15","Wind","Renewable Forecast Actual Generation","RENEW_FCST_ACT_MW",3,1,2784.53796,"ACTUAL",9
"120","2019-09-11",1,0,"2019-09-11T07:00:00-00:00","2019-09-11T08:00:00-00:00","ZP26","Solar","Renewable Forecast Actual Generation","RENEW_FCST_ACT_MW",3,3,-1.21602,"ACTUAL",10
