"","OPR_DT","OPR_HR","OPR_INTERVAL","INTERVALSTARTTIME_GMT","INTERVALENDTIME_GMT","TRADING_HUB","RENEWABLE_TYPE","LABEL","XML_DATA_ITEM","MARKET_RUN_ID_POS","RENEW_POS","MW","MARKET_RUN_ID","GROUP"
"1","2019-06-24",2,0,"2019-06-24T08:00:00-00:00","2019-06-24T09:00:00-00:00","NP15","Solar","Renewable Forecast Actual Generation","RENEW_FCST_ACT_MW",3,3,-0.24838,"ACTUAL",1
"2","2019-06-24",3,0,"2019-06-24T09:00:00-00:00","2019-06-24T10:00:00-00:00","NP15","Solar","Renewable Forecast Actual Generation","RENEW_FCST_ACT_MW",3,3,-0.26665,"ACTUAL",1
"3","2019-06-24",4,0,"2019-06-24T10:00:00-00:00","2019-06-24T11:00:00-00:00","NP15","Solar","Renewable Forecast Actual Generation","RENEW_FCST_ACT_MW",3,3,-0.27145,"ACTUAL",1
"4","2019-06-24",5,0,"2019-06-24T11:00:00-00:00","2019-06-24T12:00:00-00:00","NP15","Solar","Renewable Forecast Actual Generation","RENEW_FCST_ACT_MW",3,3,-0.28604,"ACTUAL",1
"5","2019-06-24",6,0,"2019-06-24T12:00:00-00:00","2019-06-24T13:00:00-00:00","NP15","Solar","Renewable Forecast Actual Generation","RENEW_FCST_ACT_MW",3,3,1.54795,"ACTUAL",1
"6","2019-06-24",7,0,"2019-06-24T13:00:00-00:00","2019-06-24T14:00:00-00:00","NP15","Solar","Renewable Forecast Actual Generation","RENEW_FCST_ACT_MW",3,3,250.5189,"ACTUAL",1
"7","2019-06-24",8,0,"2019-06-24T14:00:00-00:00","2019-06-24T15:00:00-00:00","NP15","Solar","Renewable Forecast Actual Generation","RENEW_FCST_ACT_MW",3,3,937.46237,"ACTUAL",1
"8","2019-06-24",9,0,"2019-06-24T15:00:00-00:00","2019-06-24T16:00:00-00:00","NP15","Solar","Renewable Forecast Actual Generation","RENEW_FCST_ACT_MW",3,3,1260.16642,"ACTUAL",1
"9","2019-06-24",10,0,"2019-06-24T16:00:00-00:00","2019-06-24T17:00:00-00:00","NP15","Solar","Renewable Forecast Actual Generation","RENEW_FCST_ACT_MW",3,3,1340.75439,"ACTUAL",1
"10","2019-06-24",11,0,"2019-06-24T17:00:00-00:00","2019-06-24T18:00:00-00:00","NP15","Solar","Renewable Forecast Actual Generation","RENEW_FCST_ACT_MW",3,3,1369.77791,"ACTUAL",1
"11","2019-06-24",12,0,"2019-06-24T18:00:00-00:00","2019-06-24T19:00:00-00:00","NP15","Solar","Renewable Forecast Actual Generation","RENEW_FCST_ACT_MW",3,3,1379.59906,"ACTUAL",1
"12","2019-06-24",13,0,"2019-06-24T19:00:00-00:00","2019-06-24T20:00:00-00:00","NP15","Solar","Renewable Forecast Actual Generation","RENEW_FCST_ACT_MW",3,3,1359.41078,"ACTUAL",1
"13","2019-06-24",14,0,"2019-06-24T20:00:00-00:00","2019-06-24T21:00:00-00:00","NP15","Solar","Renewable Forecast Actual Generation","RENEW_FCST_ACT_MW",3,3,1326.31897,"ACTUAL",1
"14","2019-06-24",15,0,"2019-06-24T21:00:00-00:00","2019-06-24T22:00:00-00:00","NP15","Solar","Renewable Forecast Actual Generation","RENEW_FCST_ACT_MW",3,3,1325.46256,"ACTUAL",1
"15","2019-06-24",16,0,"2019-06-24T22:00:00-00:00","2019-06-24T23:00:00-00:00","NP15","Solar","Renewable Forecast Actual Generation","RENEW_FCST_ACT_MW",3,3,1246.29089,"ACTUAL",1
"16","2019-06-24",17,0,"2019-06-24T23:00:00-00:00","2019-06-25T00:00:00-00:00","NP15","Solar","Renewable Forecast Actual Generation","RENEW_FCST_ACT_MW",3,3,1207.61716,"ACTUAL",1
"17","2019-06-24",18,0,"2019-06-25T00:00:00-00:00","2019-06-25T01:00:00-00:00","NP15","Solar","Renewable Forecast Actual Generation","RENEW_FCST_ACT_MW",3,3,1066.26983,"ACTUAL",1
"18","2019-06-24",19,0,"2019-06-25T01:00:00-00:00","2019-06-25T02:00:00-00:00","NP15","Solar","Renewable Forecast Actual Generation","RENEW_FCST_ACT_MW",3,3,857.47643,"ACTUAL",1
"19","2019-06-24",20,0,"2019-06-25T02:00:00-00:00","2019-06-25T03:00:00-00:00","NP15","Solar","Renewable Forecast Actual Generation","RENEW_FCST_ACT_MW",3,3,243.82923,"ACTUAL",1
"20","2019-06-24",21,0,"2019-06-25T03:00:00-00:00","2019-06-25T04:00:00-00:00","NP15","Solar","Renewable Forecast Actual Generation","RENEW_FCST_ACT_MW",3,3,1.15031,"ACTUAL",1
"21","2019-06-24",22,0,"2019-06-25T04:00:00-00:00","2019-06-25T05:00:00-00:00","NP15","Solar","Renewable Forecast Actual Generation","RENEW_FCST_ACT_MW",3,3,-2.72215,"ACTUAL",1
"22","2019-06-24",23,0,"2019-06-25T05:00:00-00:00","2019-06-25T06:00:00-00:00","NP15","Solar","Renewable Forecast Actual Generation","RENEW_FCST_ACT_MW",3,3,-2.66922,"ACTUAL",1
"23","2019-06-24",24,0,"2019-06-25T06:00:00-00:00","2019-06-25T07:00:00-00:00","NP15","Solar","Renewable Forecast Actual Generation","RENEW_FCST_ACT_MW",3,3,-2.64384,"ACTUAL",1
"24","2019-06-24",18,0,"2019-06-25T00:00:00-00:00","2019-06-25T01:00:00-00:00","NP15","Wind","Renewable Forecast Actual Generation","RENEW_FCST_ACT_MW",3,1,731.20737,"ACTUAL",2
"25","2019-06-24",6,0,"2019-06-24T12:00:00-00:00","2019-06-24T13:00:00-00:00","NP15","Wind","Renewable Forecast Actual Generation","RENEW_FCST_ACT_MW",3,1,683.72825,"ACTUAL",2
"26","2019-06-24",17,0,"2019-06-24T23:00:00-00:00","2019-06-25T00:00:00-00:00","NP15","Wind","Renewable Forecast Actual Generation","RENEW_FCST_ACT_MW",3,1,630.17715,"ACTUAL",2
"27","2019-06-24",16,0,"2019-06-24T22:00:00-00:00","2019-06-24T23:00:00-00:00","NP15","Wind","Renewable Forecast Actual Generation","RENEW_FCST_ACT_MW",3,1,543.2028,"ACTUAL",2
"28","2019-06-24",15,0,"2019-06-24T21:00:00-00:00","2019-06-24T22:00:00-00:00","NP15","Wind","Renewable Forecast Actual Generation","RENEW_FCST_ACT_MW",3,1,401.49211,"ACTUAL",2
"29","2019-06-24",14,0,"2019-06-24T20:00:00-00:00","2019-06-24T21:00:00-00:00","NP15","Wind","Renewable Forecast Actual Generation","RENEW_FCST_ACT_MW",3,1,299.94213,"ACTUAL",2
"30","2019-06-24",13,0,"2019-06-24T19:00:00-00:00","2019-06-24T20:00:00-00:00","NP15","Wind","Renewable Forecast Actual Generation","RENEW_FCST_ACT_MW",3,1,236.14616,"ACTUAL",2
"31","2019-06-24",12,0,"2019-06-24T18:00:00-00:00","2019-06-24T19:00:00-00:00","NP15","Wind","Renewable Forecast Actual Generation","RENEW_FCST_ACT_MW",3,1,264.1144,"ACTUAL",2
"32","2019-06-24",11,0,"2019-06-24T17:00:00-00:00","2019-06-24T18:00:00-00:00","NP15","Wind","Renewable Forecast Actual Generation","RENEW_FCST_ACT_MW",3,1,327.28789,"ACTUAL",2
"33","2019-06-24",10,0,"2019-06-24T16:00:00-00:00","2019-06-24T17:00:00-00:00","NP15","Wind","Renewable Forecast Actual Generation","RENEW_FCST_ACT_MW",3,1,341.39923,"ACTUAL",2
"34","2019-06-24",9,0,"2019-06-24T15:00:00-00:00","2019-06-24T16:00:00-00:00","NP15","Wind","Renewable Forecast Actual Generation","RENEW_FCST_ACT_MW",3,1,446.96067,"ACTUAL",2
"35","2019-06-24",8,0,"2019-06-24T14:00:00-00:00","2019-06-24T15:00:00-00:00","NP15","Wind","Renewable Forecast Actual Generation","RENEW_FCST_ACT_MW",3,1,522.94,"ACTUAL",2
"36","2019-06-24",7,0,"2019-06-24T13:00:00-00:00","2019-06-24T14:00:00-00:00","NP15","Wind","Renewable Forecast Actual Generation","RENEW_FCST_ACT_MW",3,1,682.53976,"ACTUAL",2
"37","2019-06-24",5,0,"2019-06-24T11:00:00-00:00","2019-06-24T12:00:00-00:00","NP15","Wind","Renewable Forecast Actual Generation","RENEW_FCST_ACT_MW",3,1,736.09487,"ACTUAL",2
"38","2019-06-24",4,0,"2019-06-24T10:00:00-00:00","2019-06-24T11:00:00-00:00","NP15","Wind","Renewable Forecast Actual Generation","RENEW_FCST_ACT_MW",3,1,853.98087,"ACTUAL",2
"39","2019-06-24",3,0,"2019-06-24T09:00:00-00:00","2019-06-24T10:00:00-00:00","NP15","Wind","Renewable Forecast Actual Generation","RENEW_FCST_ACT_MW",3,1,1028.58073,"ACTUAL",2
"40","2019-06-24",2,0,"2019-06-24T08:00:00-00:00","2019-06-24T09:00:00-00:00","NP15","Wind","Renewable Forecast Actual Generation","RENEW_FCST_ACT_MW",3,1,1021.78208,"ACTUAL",2
"41","2019-06-24",24,0,"2019-06-25T06:00:00-00:00","2019-06-25T07:00:00-00:00","NP15","Wind","Renewable Forecast Actual Generation","RENEW_FCST_ACT_MW",3,1,1028.54814,"ACTUAL",2
"42","2019-06-24",23,0,"2019-06-25T05:00:00-00:00","2019-06-25T06:00:00-00:00","NP15","Wind","Renewable Forecast Actual Generation","RENEW_FCST_ACT_MW",3,1,970.37741,"ACTUAL",2
"43","2019-06-24",22,0,"2019-06-25T04:00:00-00:00","2019-06-25T05:00:00-00:00","NP15","Wind","Renewable Forecast Actual Generation","RENEW_FCST_ACT_MW",3,1,966.35518,"ACTUAL",2
"44","2019-06-24",21,0,"2019-06-25T03:00:00-00:00","2019-06-25T04:00:00-00:00","NP15","Wind","Renewable Forecast Actual Generation","RENEW_FCST_ACT_MW",3,1,894.0456,"ACTUAL",2
"45","2019-06-24",20,0,"2019-06-25T02:00:00-00:00","2019-06-25T03:00:00-00:00","NP15","Wind","Renewable Forecast Actual Generation","RENEW_FCST_ACT_MW",3,1,727.9231,"ACTUAL",2
"46","2019-06-24",19,0,"2019-06-25T01:00:00-00:00","2019-06-25T02:00:00-00:00","NP15","Wind","Renewable Forecast Actual Generation","RENEW_FCST_ACT_MW",3,1,797.12678,"ACTUAL",2
"47","2019-06-24",6,0,"2019-06-24T12:00:00-00:00","2019-06-24T13:00:00-00:00","SP15","Solar","Renewable Forecast Actual Generation","RENEW_FCST_ACT_MW",3,3,20.58137,"ACTUAL",3
"48","2019-06-24",18,0,"2019-06-25T00:00:00-00:00","2019-06-25T01:00:00-00:00","SP15","Solar","Renewable Forecast Actual Generation","RENEW_FCST_ACT_MW",3,3,5510.30985,"ACTUAL",3
"49","2019-06-24",5,0,"2019-06-24T11:00:00-00:00","2019-06-24T12:00:00-00:00","SP15","Solar","Renewable Forecast Actual Generation","RENEW_FCST_ACT_MW",3,3,-2.81966,"ACTUAL",3
"50","2019-06-24",11,0,"2019-06-24T17:00:00-00:00","2019-06-24T18:00:00-00:00","SP15","Solar","Renewable Forecast Actual Generation","RENEW_FCST_ACT_MW",3,3,7109.41557,"ACTUAL",3
"51","2019-06-24",4,0,"2019-06-24T10:00:00-00:00","2019-06-24T11:00:00-00:00","SP15","Solar","Renewable Forecast Actual Generation","RENEW_FCST_ACT_MW",3,3,-1.50695,"ACTUAL",3
"52","2019-06-24",15,0,"2019-06-24T21:00:00-00:00","2019-06-24T22:00:00-00:00","SP15","Solar","Renewable Forecast Actual Generation","RENEW_FCST_ACT_MW",3,3,7300.2298,"ACTUAL",3
"53","2019-06-24",3,0,"2019-06-24T09:00:00-00:00","2019-06-24T10:00:00-00:00","SP15","Solar","Renewable Forecast Actual Generation","RENEW_FCST_ACT_MW",3,3,-0.88744,"ACTUAL",3
"54","2019-06-24",10,0,"2019-06-24T16:00:00-00:00","2019-06-24T17:00:00-00:00","SP15","Solar","Renewable Forecast Actual Generation","RENEW_FCST_ACT_MW",3,3,6699.55679,"ACTUAL",3
"55","2019-06-24",2,0,"2019-06-24T08:00:00-00:00","2019-06-24T09:00:00-00:00","SP15","Solar","Renewable Forecast Actual Generation","RENEW_FCST_ACT_MW",3,3,-1.26502,"ACTUAL",3
"56","2019-06-24",13,0,"2019-06-24T19:00:00-00:00","2019-06-24T20:00:00-00:00","SP15","Solar","Renewable Forecast Actual Generation","RENEW_FCST_ACT_MW",3,3,7423.58492,"ACTUAL",3
"57","2019-06-24",24,0,"2019-06-25T06:00:00-00:00","2019-06-25T07:00:00-00:00","SP15","Solar","Renewable Forecast Actual Generation","RENEW_FCST_ACT_MW",3,3,-5.27702,"ACTUAL",3
"58","2019-06-24",9,0,"2019-06-24T15:00:00-00:00","2019-06-24T16:00:00-00:00","SP15","Solar","Renewable Forecast Actual Generation","RENEW_FCST_ACT_MW",3,3,5984.945,"ACTUAL",3
"59","2019-06-24",23,0,"2019-06-25T05:00:00-00:00","2019-06-25T06:00:00-00:00","SP15","Solar","Renewable Forecast Actual Generation","RENEW_FCST_ACT_MW",3,3,-5.30981,"ACTUAL",3
"60","2019-06-24",16,0,"2019-06-24T22:00:00-00:00","2019-06-24T23:00:00-00:00","SP15","Solar","Renewable Forecast Actual Generation","RENEW_FCST_ACT_MW",3,3,6992.67295,"ACTUAL",3
"61","2019-06-24",22,0,"2019-06-25T04:00:00-00:00","2019-06-25T05:00:00-00:00","SP15","Solar","Renewable Forecast Actual Generation","RENEW_FCST_ACT_MW",3,3,-5.25508,"ACTUAL",3
"62","2019-06-24",8,0,"2019-06-24T14:00:00-00:00","2019-06-24T15:00:00-00:00","SP15","Solar","Renewable Forecast Actual Generation","RENEW_FCST_ACT_MW",3,3,4180.83099,"ACTUAL",3
"63","2019-06-24",21,0,"2019-06-25T03:00:00-00:00","2019-06-25T04:00:00-00:00","SP15","Solar","Renewable Forecast Actual Generation","RENEW_FCST_ACT_MW",3,3,3.54957,"ACTUAL",3
"64","2019-06-24",12,0,"2019-06-24T18:00:00-00:00","2019-06-24T19:00:00-00:00","SP15","Solar","Renewable Forecast Actual Generation","RENEW_FCST_ACT_MW",3,3,7337.36789,"ACTUAL",3
"65","2019-06-24",20,0,"2019-06-25T02:00:00-00:00","2019-06-25T03:00:00-00:00","SP15","Solar","Renewable Forecast Actual Generation","RENEW_FCST_ACT_MW",3,3,625.63391,"ACTUAL",3
"66","2019-06-24",7,0,"2019-06-24T13:00:00-00:00","2019-06-24T14:00:00-00:00","SP15","Solar","Renewable Forecast Actual Generation","RENEW_FCST_ACT_MW",3,3,1257.9026,"ACTUAL",3
"67","2019-06-24",19,0,"2019-06-25T01:00:00-00:00","2019-06-25T02:00:00-00:00","SP15","Solar","Renewable Forecast Actual Generation","RENEW_FCST_ACT_MW",3,3,3260.14855,"ACTUAL",3
"68","2019-06-24",14,0,"2019-06-24T20:00:00-00:00","2019-06-24T21:00:00-00:00","SP15","Solar","Renewable Forecast Actual Generation","RENEW_FCST_ACT_MW",3,3,7422.04158,"ACTUAL",3
"69","2019-06-24",17,0,"2019-06-24T23:00:00-00:00","2019-06-25T00:00:00-00:00","SP15","Solar","Renewable Forecast Actual Generation","RENEW_FCST_ACT_MW",3,3,6386.71772,"ACTUAL",3
"70","2019-06-24",18,0,"2019-06-25T00:00:00-00:00","2019-06-25T01:00:00-00:00","SP15","Wind","Renewable Forecast Actual Generation","RENEW_FCST_ACT_MW",3,1,1678.88188,"ACTUAL",4
"71","2019-06-24",19,0,"2019-06-25T01:00:00-00:00","2019-06-25T02:00:00-00:00","SP15","Wind","Renewable Forecast Actual Generation","RENEW_FCST_ACT_MW",3,1,1678.71306,"ACTUAL",4
"72","2019-06-24",20,0,"2019-06-25T02:00:00-00:00","2019-06-25T03:00:00-00:00","SP15","Wind","Renewable Forecast Actual Generation","RENEW_FCST_ACT_MW",3,1,1520.49146,"ACTUAL",4
"73","2019-06-24",21,0,"2019-06-25T03:00:00-00:00","2019-06-25T04:00:00-00:00","SP15","Wind","Renewable Forecast Actual Generation","RENEW_FCST_ACT_MW",3,1,1433.00149,"ACTUAL",4
"74","2019-06-24",22,0,"2019-06-25T04:00:00-00:00","2019-06-25T05:00:00-00:00","SP15","Wind","Renewable Forecast Actual Generation","RENEW_FCST_ACT_MW",3,1,1612.72509,"ACTUAL",4
"75","2019-06-24",23,0,"2019-06-25T05:00:00-00:00","2019-06-25T06:00:00-00:00","SP15","Wind","Renewable Forecast Actual Generation","RENEW_FCST_ACT_MW",3,1,1760.8996,"ACTUAL",4
"76","2019-06-24",24,0,"2019-06-25T06:00:00-00:00","2019-06-25T07:00:00-00:00","SP15","Wind","Renewable Forecast Actual Generation","RENEW_FCST_ACT_MW",3,1,1882.59216,"ACTUAL",4
"77","2019-06-24",2,0,"2019-06-24T08:00:00-00:00","2019-06-24T09:00:00-00:00","SP15","Wind","Renewable Forecast Actual Generation","RENEW_FCST_ACT_MW",3,1,2082.12234,"ACTUAL",4
"78","2019-06-24",3,0,"2019-06-24T09:00:00-00:00","2019-06-24T10:00:00-00:00","SP15","Wind","Renewable Forecast Actual Generation","RENEW_FCST_ACT_MW",3,1,2075.59492,"ACTUAL",4
"79","2019-06-24",4,0,"2019-06-24T10:00:00-00:00","2019-06-24T11:00:00-00:00","SP15","Wind","Renewable Forecast Actual Generation","RENEW_FCST_ACT_MW",3,1,2025.52951,"ACTUAL",4
"80","2019-06-24",5,0,"2019-06-24T11:00:00-00:00","2019-06-24T12:00:00-00:00","SP15","Wind","Renewable Forecast Actual Generation","RENEW_FCST_ACT_MW",3,1,1820.13095,"ACTUAL",4
"81","2019-06-24",6,0,"2019-06-24T12:00:00-00:00","2019-06-24T13:00:00-00:00","SP15","Wind","Renewable Forecast Actual Generation","RENEW_FCST_ACT_MW",3,1,1710.58777,"ACTUAL",4
"82","2019-06-24",7,0,"2019-06-24T13:00:00-00:00","2019-06-24T14:00:00-00:00","SP15","Wind","Renewable Forecast Actual Generation","RENEW_FCST_ACT_MW",3,1,1514.39216,"ACTUAL",4
"83","2019-06-24",8,0,"2019-06-24T14:00:00-00:00","2019-06-24T15:00:00-00:00","SP15","Wind","Renewable Forecast Actual Generation","RENEW_FCST_ACT_MW",3,1,1195.69781,"ACTUAL",4
"84","2019-06-24",9,0,"2019-06-24T15:00:00-00:00","2019-06-24T16:00:00-00:00","SP15","Wind","Renewable Forecast Actual Generation","RENEW_FCST_ACT_MW",3,1,999.31352,"ACTUAL",4
"85","2019-06-24",10,0,"2019-06-24T16:00:00-00:00","2019-06-24T17:00:00-00:00","SP15","Wind","Renewable Forecast Actual Generation","RENEW_FCST_ACT_MW",3,1,769.50007,"ACTUAL",4
"86","2019-06-24",11,0,"2019-06-24T17:00:00-00:00","2019-06-24T18:00:00-00:00","SP15","Wind","Renewable Forecast Actual Generation","RENEW_FCST_ACT_MW",3,1,450.86466,"ACTUAL",4
"87","2019-06-24",12,0,"2019-06-24T18:00:00-00:00","2019-06-24T19:00:00-00:00","SP15","Wind","Renewable Forecast Actual Generation","RENEW_FCST_ACT_MW",3,1,362.64807,"ACTUAL",4
"88","2019-06-24",13,0,"2019-06-24T19:00:00-00:00","2019-06-24T20:00:00-00:00","SP15","Wind","Renewable Forecast Actual Generation","RENEW_FCST_ACT_MW",3,1,389.72584,"ACTUAL",4
"89","2019-06-24",14,0,"2019-06-24T20:00:00-00:00","2019-06-24T21:00:00-00:00","SP15","Wind","Renewable Forecast Actual Generation","RENEW_FCST_ACT_MW",3,1,583.58319,"ACTUAL",4
"90","2019-06-24",15,0,"2019-06-24T21:00:00-00:00","2019-06-24T22:00:00-00:00","SP15","Wind","Renewable Forecast Actual Generation","RENEW_FCST_ACT_MW",3,1,864.33054,"ACTUAL",4
"91","2019-06-24",16,0,"2019-06-24T22:00:00-00:00","2019-06-24T23:00:00-00:00","SP15","Wind","Renewable Forecast Actual Generation","RENEW_FCST_ACT_MW",3,1,1204.5844,"ACTUAL",4
"92","2019-06-24",17,0,"2019-06-24T23:00:00-00:00","2019-06-25T00:00:00-00:00","SP15","Wind","Renewable Forecast Actual Generation","RENEW_FCST_ACT_MW",3,1,1472.86976,"ACTUAL",4
"93","2019-06-24",18,0,"2019-06-25T00:00:00-00:00","2019-06-25T01:00:00-00:00","ZP26","Solar","Renewable Forecast Actual Generation","RENEW_FCST_ACT_MW",3,3,1043.49359,"ACTUAL",5
"94","2019-06-24",17,0,"2019-06-24T23:00:00-00:00","2019-06-25T00:00:00-00:00","ZP26","Solar","Renewable Forecast Actual Generation","RENEW_FCST_ACT_MW",3,3,1284.31301,"ACTUAL",5
"95","2019-06-24",20,0,"2019-06-25T02:00:00-00:00","2019-06-25T03:00:00-00:00","ZP26","Solar","Renewable Forecast Actual Generation","RENEW_FCST_ACT_MW",3,3,160.66224,"ACTUAL",5
"96","2019-06-24",21,0,"2019-06-25T03:00:00-00:00","2019-06-25T04:00:00-00:00","ZP26","Solar","Renewable Forecast Actual Generation","RENEW_FCST_ACT_MW",3,3,-0.47269,"ACTUAL",5
"97","2019-06-24",22,0,"2019-06-25T04:00:00-00:00","2019-06-25T05:00:00-00:00","ZP26","Solar","Renewable Forecast Actual Generation","RENEW_FCST_ACT_MW",3,3,-3.69378,"ACTUAL",5
"98","2019-06-24",23,0,"2019-06-25T05:00:00-00:00","2019-06-25T06:00:00-00:00","ZP26","Solar","Renewable Forecast Actual Generation","RENEW_FCST_ACT_MW",3,3,-4.3709,"ACTUAL",5
"99","2019-06-24",24,0,"2019-06-25T06:00:00-00:00","2019-06-25T07:00:00-00:00","ZP26","Solar","Renewable Forecast Actual Generation","RENEW_FCST_ACT_MW",3,3,-4.34037,"ACTUAL",5
"100","2019-06-24",2,0,"2019-06-24T08:00:00-00:00","2019-06-24T09:00:00-00:00","ZP26","Solar","Renewable Forecast Actual Generation","RENEW_FCST_ACT_MW",3,3,-4.73092,"ACTUAL",5
"101","2019-06-24",3,0,"2019-06-24T09:00:00-00:00","2019-06-24T10:00:00-00:00","ZP26","Solar","Renewable Forecast Actual Generation","RENEW_FCST_ACT_MW",3,3,-4.7309,"ACTUAL",5
"102","2019-06-24",4,0,"2019-06-24T10:00:00-00:00","2019-06-24T11:00:00-00:00","ZP26","Solar","Renewable Forecast Actual Generation","RENEW_FCST_ACT_MW",3,3,-4.70833,"ACTUAL",5
"103","2019-06-24",5,0,"2019-06-24T11:00:00-00:00","2019-06-24T12:00:00-00:00","ZP26","Solar","Renewable Forecast Actual Generation","RENEW_FCST_ACT_MW",3,3,-4.78678,"ACTUAL",5
"104","2019-06-24",6,0,"2019-06-24T12:00:00-00:00","2019-06-24T13:00:00-00:00","ZP26","Solar","Renewable Forecast Actual Generation","RENEW_FCST_ACT_MW",3,3,-3.98333,"ACTUAL",5
"105","2019-06-24",7,0,"2019-06-24T13:00:00-00:00","2019-06-24T14:00:00-00:00","ZP26","Solar","Renewable Forecast Actual Generation","RENEW_FCST_ACT_MW",3,3,174.38503,"ACTUAL",5
"106","2019-06-24",8,0,"2019-06-24T14:00:00-00:00","2019-06-24T15:00:00-00:00","ZP26","Solar","Renewable Forecast Actual Generation","RENEW_FCST_ACT_MW",3,3,691.00205,"ACTUAL",5
"107","2019-06-24",9,0,"2019-06-24T15:00:00-00:00","2019-06-24T16:00:00-00:00","ZP26","Solar","Renewable Forecast Actual Generation","RENEW_FCST_ACT_MW",3,3,1106.55396,"ACTUAL",5
"108","2019-06-24",10,0,"2019-06-24T16:00:00-00:00","2019-06-24T17:00:00-00:00","ZP26","Solar","Renewable Forecast Actual Generation","RENEW_FCST_ACT_MW",3,3,1318.23187,"ACTUAL",5
"109","2019-06-24",11,0,"2019-06-24T17:00:00-00:00","2019-06-24T18:00:00-00:00","ZP26","Solar","Renewable Forecast Actual Generation","RENEW_FCST_ACT_MW",3,3,1434.19725,"ACTUAL",5
"110","2019-06-24",12,0,"2019-06-24T18:00:00-00:00","2019-06-24T19:00:00-00:00","ZP26","Solar","Renewable Forecast Actual Generation","RENEW_FCST_ACT_MW",3,3,1504.20254,"ACTUAL",5
"111","2019-06-24",13,0,"2019-06-24T19:00:00-00:00","2019-06-24T20:00:00-00:00","ZP26","Solar","Renewable Forecast Actual Generation","RENEW_FCST_ACT_MW",3,3,1527.88642,"ACTUAL",5
"112","2019-06-24",14,0,"2019-06-24T20:00:00-00:00","2019-06-24T21:00:00-00:00","ZP26","Solar","Renewable Forecast Actual Generation","RENEW_FCST_ACT_MW",3,3,1510.82826,"ACTUAL",5
"113","2019-06-24",15,0,"2019-06-24T21:00:00-00:00","2019-06-24T22:00:00-00:00","ZP26","Solar","Renewable Forecast Actual Generation","RENEW_FCST_ACT_MW",3,3,1475.21745,"ACTUAL",5
"114","2019-06-24",16,0,"2019-06-24T22:00:00-00:00","2019-06-24T23:00:00-00:00","ZP26","Solar","Renewable Forecast Actual Generation","RENEW_FCST_ACT_MW",3,3,1351.17779,"ACTUAL",5
"115","2019-06-24",19,0,"2019-06-25T01:00:00-00:00","2019-06-25T02:00:00-00:00","ZP26","Solar","Renewable Forecast Actual Generation","RENEW_FCST_ACT_MW",3,3,579.57236,"ACTUAL",5
"116","2019-06-25",1,0,"2019-06-25T07:00:00-00:00","2019-06-25T08:00:00-00:00","NP15","Solar","Renewable Forecast Actual Generation","RENEW_FCST_ACT_MW",3,3,-2.64326,"ACTUAL",6
"117","2019-06-25",1,0,"2019-06-25T07:00:00-00:00","2019-06-25T08:00:00-00:00","NP15","Wind","Renewable Forecast Actual Generation","RENEW_FCST_ACT_MW",3,1,996.71715,"ACTUAL",7
"118","2019-06-25",1,0,"2019-06-25T07:00:00-00:00","2019-06-25T08:00:00-00:00","SP15","Solar","Renewable Forecast Actual Generation","RENEW_FCST_ACT_MW",3,3,-5.65373,"ACTUAL",8
"119","2019-06-25",1,0,"2019-06-25T07:00:00-00:00","2019-06-25T08:00:00-00:00","SP15","Wind","Renewable Forecast Actual Generation","RENEW_FCST_ACT_MW",3,1,1953.05422,"ACTUAL",9
"120","2019-06-25",1,0,"2019-06-25T07:00:00-00:00","2019-06-25T08:00:00-00:00","ZP26","Solar","Renewable Forecast Actual Generation","RENEW_FCST_ACT_MW",3,3,-4.41284,"ACTUAL",10
