"","OPR_DT","OPR_HR","OPR_INTERVAL","INTERVALSTARTTIME_GMT","INTERVALENDTIME_GMT","TRADING_HUB","RENEWABLE_TYPE","LABEL","XML_DATA_ITEM","MARKET_RUN_ID_POS","RENEW_POS","MW","MARKET_RUN_ID","GROUP"
"1","2019-05-02",2,0,"2019-05-02T08:00:00-00:00","2019-05-02T09:00:00-00:00","NP15","Solar","Renewable Forecast Actual Generation","RENEW_FCST_ACT_MW",3,3,572.06381,"ACTUAL",1
"2","2019-05-02",3,0,"2019-05-02T09:00:00-00:00","2019-05-02T10:00:00-00:00","NP15","Solar","Renewable Forecast Actual Generation","RENEW_FCST_ACT_MW",3,3,549.5353,"ACTUAL",1
"3","2019-05-02",4,0,"2019-05-02T10:00:00-00:00","2019-05-02T11:00:00-00:00","NP15","Solar","Renewable Forecast Actual Generation","RENEW_FCST_ACT_MW",3,3,351.76044,"ACTUAL",1
"4","2019-05-02",5,0,"2019-05-02T11:00:00-00:00","2019-05-02T12:00:00-00:00","NP15","Solar","Renewable Forecast Actual Generation","RENEW_FCST_ACT_MW",3,3,42.03235,"ACTUAL",1
"5","2019-05-02",6,0,"2019-05-02T12:00:00-00:00","2019-05-02T13:00:00-00:00","NP15","Solar","Renewable Forecast Actual Generation","RENEW_FCST_ACT_MW",3,3,15.09071,"ACTUAL",1
"6","2019-05-02",7,0,"2019-05-02T13:00:00-00:00","2019-05-02T14:00:00-00:00","NP15","Solar","Renewable Forecast Actual Generation","RENEW_FCST_ACT_MW",3,3,98.41688,"ACTUAL",1
"7","2019-05-02",8,0,"2019-05-02T14:00:00-00:00","2019-05-02T15:00:00-00:00","NP15","Solar","Renewable Forecast Actual Generation","RENEW_FCST_ACT_MW",3,3,743.5955,"ACTUAL",1
"8","2019-05-02",9,0,"2019-05-02T15:00:00-00:00","2019-05-02T16:00:00-00:00","NP15","Solar","Renewable Forecast Actual Generation","RENEW_FCST_ACT_MW",3,3,1074.62554,"ACTUAL",1
"9","2019-05-02",10,0,"2019-05-02T16:00:00-00:00","2019-05-02T17:00:00-00:00","NP15","Solar","Renewable Forecast Actual Generation","RENEW_FCST_ACT_MW",3,3,1279.14382,"ACTUAL",1
"10","2019-05-02",11,0,"2019-05-02T17:00:00-00:00","2019-05-02T18:00:00-00:00","NP15","Solar","Renewable Forecast Actual Generation","RENEW_FCST_ACT_MW",3,3,1218.50511,"ACTUAL",1
"11","2019-05-02",12,0,"2019-05-02T18:00:00-00:00","2019-05-02T19:00:00-00:00","NP15","Solar","Renewable Forecast Actual Generation","RENEW_FCST_ACT_MW",3,3,1120.81924,"ACTUAL",1
"12","2019-05-02",13,0,"2019-05-02T19:00:00-00:00","2019-05-02T20:00:00-00:00","NP15","Solar","Renewable Forecast Actual Generation","RENEW_FCST_ACT_MW",3,3,1146.88513,"ACTUAL",1
"13","2019-05-02",14,0,"2019-05-02T20:00:00-00:00","2019-05-02T21:00:00-00:00","NP15","Solar","Renewable Forecast Actual Generation","RENEW_FCST_ACT_MW",3,3,1112.82604,"ACTUAL",1
"14","2019-05-02",15,0,"2019-05-02T21:00:00-00:00","2019-05-02T22:00:00-00:00","NP15","Solar","Renewable Forecast Actual Generation","RENEW_FCST_ACT_MW",3,3,1232.9249,"ACTUAL",1
"15","2019-05-02",16,0,"2019-05-02T22:00:00-00:00","2019-05-02T23:00:00-00:00","NP15","Solar","Renewable Forecast Actual Generation","RENEW_FCST_ACT_MW",3,3,1223.63764,"ACTUAL",1
"16","2019-05-02",17,0,"2019-05-02T23:00:00-00:00","2019-05-03T00:00:00-00:00","NP15","Solar","Renewable Forecast Actual Generation","RENEW_FCST_ACT_MW",3,3,1034.31392,"ACTUAL",1
"17","2019-05-02",18,0,"2019-05-03T00:00:00-00:00","2019-05-03T01:00:00-00:00","NP15","Solar","Renewable Forecast Actual Generation","RENEW_FCST_ACT_MW",3,3,1177.09005,"ACTUAL",1
"18","2019-05-02",19,0,"2019-05-03T01:00:00-00:00","2019-05-03T02:00:00-00:00","NP15","Solar","Renewable Forecast Actual Generation","RENEW_FCST_ACT_MW",3,3,687.99949,"ACTUAL",1
"19","2019-05-02",20,0,"2019-05-03T02:00:00-00:00","2019-05-03T03:00:00-00:00","NP15","Solar","Renewable Forecast Actual Generation","RENEW_FCST_ACT_MW",3,3,114.2505,"ACTUAL",1
"20","2019-05-02",21,0,"2019-05-03T03:00:00-00:00","2019-05-03T04:00:00-00:00","NP15","Solar","Renewable Forecast Actual Generation","RENEW_FCST_ACT_MW",3,3,50.03967,"ACTUAL",1
"21","2019-05-02",22,0,"2019-05-03T04:00:00-00:00","2019-05-03T05:00:00-00:00","NP15","Solar","Renewable Forecast Actual Generation","RENEW_FCST_ACT_MW",3,3,50.22006,"ACTUAL",1
"22","2019-05-02",23,0,"2019-05-03T05:00:00-00:00","2019-05-03T06:00:00-00:00","NP15","Solar","Renewable Forecast Actual Generation","RENEW_FCST_ACT_MW",3,3,50.24644,"ACTUAL",1
"23","2019-05-02",24,0,"2019-05-03T06:00:00-00:00","2019-05-03T07:00:00-00:00","NP15","Solar","Renewable Forecast Actual Generation","RENEW_FCST_ACT_MW",3,3,50.1891,"ACTUAL",1
"24","2019-05-02",18,0,"2019-05-03T00:00:00-00:00","2019-05-03T01:00:00-00:00","NP15","Wind","Renewable Forecast Actual Generation","RENEW_FCST_ACT_MW",3,1,138.46054,"ACTUAL",2
"25","2019-05-02",6,0,"2019-05-02T12:00:00-00:00","2019-05-02T13:00:00-00:00","NP15","Wind","Renewable Forecast Actual Generation","RENEW_FCST_ACT_MW",3,1,221.19556,"ACTUAL",2
"26","2019-05-02",17,0,"2019-05-02T23:00:00-00:00","2019-05-03T00:00:00-00:00","NP15","Wind","Renewable Forecast Actual Generation","RENEW_FCST_ACT_MW",3,1,94.62442,"ACTUAL",2
"27","2019-05-02",16,0,"2019-05-02T22:00:00-00:00","2019-05-02T23:00:00-00:00","NP15","Wind","Renewable Forecast Actual Generation","RENEW_FCST_ACT_MW",3,1,76.72608,"ACTUAL",2
"28","2019-05-02",15,0,"2019-05-02T21:00:00-00:00","2019-05-02T22:00:00-00:00","NP15","Wind","Renewable Forecast Actual Generation","RENEW_FCST_ACT_MW",3,1,35.16231,"ACTUAL",2
"29","2019-05-02",14,0,"2019-05-02T20:00:00-00:00","2019-05-02T21:00:00-00:00","NP15","Wind","Renewable Forecast Actual Generation","RENEW_FCST_ACT_MW",3,1,19.13555,"ACTUAL",2
"30","2019-05-02",13,0,"2019-05-02T19:00:00-00:00","2019-05-02T20:00:00-00:00","NP15","Wind","Renewable Forecast Actual Generation","RENEW_FCST_ACT_MW",3,1,10.58255,"ACTUAL",2
"31","2019-05-02",12,0,"2019-05-02T18:00:00-00:00","2019-05-02T19:00:00-00:00","NP15","Wind","Renewable Forecast Actual Generation","RENEW_FCST_ACT_MW",3,1,9.55551,"ACTUAL",2
"32","2019-05-02",11,0,"2019-05-02T17:00:00-00:00","2019-05-02T18:00:00-00:00","NP15","Wind","Renewable Forecast Actual Generation","RENEW_FCST_ACT_MW",3,1,22.78477,"ACTUAL",2
"33","2019-05-02",10,0,"2019-05-02T16:00:00-00:00","2019-05-02T17:00:00-00:00","NP15","Wind","Renewable Forecast Actual Generation","RENEW_FCST_ACT_MW",3,1,73.11221,"ACTUAL",2
"34","2019-05-02",9,0,"2019-05-02T15:00:00-00:00","2019-05-02T16:00:00-00:00","NP15","Wind","Renewable Forecast Actual Generation","RENEW_FCST_ACT_MW",3,1,113.56501,"ACTUAL",2
"35","2019-05-02",8,0,"2019-05-02T14:00:00-00:00","2019-05-02T15:00:00-00:00","NP15","Wind","Renewable Forecast Actual Generation","RENEW_FCST_ACT_MW",3,1,177.47516,"ACTUAL",2
"36","2019-05-02",7,0,"2019-05-02T13:00:00-00:00","2019-05-02T14:00:00-00:00","NP15","Wind","Renewable Forecast Actual Generation","RENEW_FCST_ACT_MW",3,1,243.07391,"ACTUAL",2
"37","2019-05-02",5,0,"2019-05-02T11:00:00-00:00","2019-05-02T12:00:00-00:00","NP15","Wind","Renewable Forecast Actual Generation","RENEW_FCST_ACT_MW",3,1,269.6114,"ACTUAL",2
"38","2019-05-02",4,0,"2019-05-02T10:00:00-00:00","2019-05-02T11:00:00-00:00","NP15","Wind","Renewable Forecast Actual Generation","RENEW_FCST_ACT_MW",3,1,472.45836,"ACTUAL",2
"39","2019-05-02",3,0,"2019-05-02T09:00:00-00:00","2019-05-02T10:00:00-00:00","NP15","Wind","Renewable Forecast Actual Generation","RENEW_FCST_ACT_MW",3,1,502.21355,"ACTUAL",2
"40","2019-05-02",2,0,"2019-05-02T08:00:00-00:00","2019-05-02T09:00:00-00:00","NP15","Wind","Renewable Forecast Actual Generation","RENEW_FCST_ACT_MW",3,1,546.00219,"ACTUAL",2
"41","2019-05-02",24,0,"2019-05-03T06:00:00-00:00","2019-05-03T07:00:00-00:00","NP15","Wind","Renewable Forecast Actual Generation","RENEW_FCST_ACT_MW",3,1,547.63511,"ACTUAL",2
"42","2019-05-02",23,0,"2019-05-03T05:00:00-00:00","2019-05-03T06:00:00-00:00","NP15","Wind","Renewable Forecast Actual Generation","RENEW_FCST_ACT_MW",3,1,560.56953,"ACTUAL",2
"43","2019-05-02",22,0,"2019-05-03T04:00:00-00:00","2019-05-03T05:00:00-00:00","NP15","Wind","Renewable Forecast Actual Generation","RENEW_FCST_ACT_MW",3,1,553.55989,"ACTUAL",2
"44","2019-05-02",21,0,"2019-05-03T03:00:00-00:00","2019-05-03T04:00:00-00:00","NP15","Wind","Renewable Forecast Actual Generation","RENEW_FCST_ACT_MW",3,1,514.26587,"ACTUAL",2
"45","2019-05-02",20,0,"2019-05-03T02:00:00-00:00","2019-05-03T03:00:00-00:00","NP15","Wind","Renewable Forecast Actual Generation","RENEW_FCST_ACT_MW",3,1,350.75917,"ACTUAL",2
"46","2019-05-02",19,0,"2019-05-03T01:00:00-00:00","2019-05-03T02:00:00-00:00","NP15","Wind","Renewable Forecast Actual Generation","RENEW_FCST_ACT_MW",3,1,252.70916,"ACTUAL",2
"47","2019-05-02",6,0,"2019-05-02T12:00:00-00:00","2019-05-02T13:00:00-00:00","SP15","Solar","Renewable Forecast Actual Generation","RENEW_FCST_ACT_MW",3,3,12.53436,"ACTUAL",3
"48","2019-05-02",18,0,"2019-05-03T00:00:00-00:00","2019-05-03T01:00:00-00:00","SP15","Solar","Renewable Forecast Actual Generation","RENEW_FCST_ACT_MW",3,3,3920.92581,"ACTUAL",3
"49","2019-05-02",5,0,"2019-05-02T11:00:00-00:00","2019-05-02T12:00:00-00:00","SP15","Solar","Renewable Forecast Actual Generation","RENEW_FCST_ACT_MW",3,3,168.4627,"ACTUAL",3
"50","2019-05-02",11,0,"2019-05-02T17:00:00-00:00","2019-05-02T18:00:00-00:00","SP15","Solar","Renewable Forecast Actual Generation","RENEW_FCST_ACT_MW",3,3,6248.65934,"ACTUAL",3
"51","2019-05-02",4,0,"2019-05-02T10:00:00-00:00","2019-05-02T11:00:00-00:00","SP15","Solar","Renewable Forecast Actual Generation","RENEW_FCST_ACT_MW",3,3,622.27296,"ACTUAL",3
"52","2019-05-02",15,0,"2019-05-02T21:00:00-00:00","2019-05-02T22:00:00-00:00","SP15","Solar","Renewable Forecast Actual Generation","RENEW_FCST_ACT_MW",3,3,6112.5833,"ACTUAL",3
"53","2019-05-02",3,0,"2019-05-02T09:00:00-00:00","2019-05-02T10:00:00-00:00","SP15","Solar","Renewable Forecast Actual Generation","RENEW_FCST_ACT_MW",3,3,470.15169,"ACTUAL",3
"54","2019-05-02",10,0,"2019-05-02T16:00:00-00:00","2019-05-02T17:00:00-00:00","SP15","Solar","Renewable Forecast Actual Generation","RENEW_FCST_ACT_MW",3,3,5742.79362,"ACTUAL",3
"55","2019-05-02",2,0,"2019-05-02T08:00:00-00:00","2019-05-02T09:00:00-00:00","SP15","Solar","Renewable Forecast Actual Generation","RENEW_FCST_ACT_MW",3,3,573.7856,"ACTUAL",3
"56","2019-05-02",13,0,"2019-05-02T19:00:00-00:00","2019-05-02T20:00:00-00:00","SP15","Solar","Renewable Forecast Actual Generation","RENEW_FCST_ACT_MW",3,3,6676.27659,"ACTUAL",3
"57","2019-05-02",24,0,"2019-05-03T06:00:00-00:00","2019-05-03T07:00:00-00:00","SP15","Solar","Renewable Forecast Actual Generation","RENEW_FCST_ACT_MW",3,3,-11.04286,"ACTUAL",3
"58","2019-05-02",9,0,"2019-05-02T15:00:00-00:00","2019-05-02T16:00:00-00:00","SP15","Solar","Renewable Forecast Actual Generation","RENEW_FCST_ACT_MW",3,3,4690.46628,"ACTUAL",3
"59","2019-05-02",23,0,"2019-05-03T05:00:00-00:00","2019-05-03T06:00:00-00:00","SP15","Solar","Renewable Forecast Actual Generation","RENEW_FCST_ACT_MW",3,3,-7.24239,"ACTUAL",3
"60","2019-05-02",16,0,"2019-05-02T22:00:00-00:00","2019-05-02T23:00:00-00:00","SP15","Solar","Renewable Forecast Actual Generation","RENEW_FCST_ACT_MW",3,3,5892.27978,"ACTUAL",3
"61","2019-05-02",22,0,"2019-05-03T04:00:00-00:00","2019-05-03T05:00:00-00:00","SP15","Solar","Renewable Forecast Actual Generation","RENEW_FCST_ACT_MW",3,3,-7.82118,"ACTUAL",3
"62","2019-05-02",8,0,"2019-05-02T14:00:00-00:00","2019-05-02T15:00:00-00:00","SP15","Solar","Renewable Forecast Actual Generation","RENEW_FCST_ACT_MW",3,3,2800.97666,"ACTUAL",3
"63","2019-05-02",21,0,"2019-05-03T03:00:00-00:00","2019-05-03T04:00:00-00:00","SP15","Solar","Renewable Forecast Actual Generation","RENEW_FCST_ACT_MW",3,3,25.27163,"ACTUAL",3
"64","2019-05-02",12,0,"2019-05-02T18:00:00-00:00","2019-05-02T19:00:00-00:00","SP15","Solar","Renewable Forecast Actual Generation","RENEW_FCST_ACT_MW",3,3,6343.74619,"ACTUAL",3
"65","2019-05-02",20,0,"2019-05-03T02:00:00-00:00","2019-05-03T03:00:00-00:00","SP15","Solar","Renewable Forecast Actual Generation","RENEW_FCST_ACT_MW",3,3,188.70738,"ACTUAL",3
"66","2019-05-02",7,0,"2019-05-02T13:00:00-00:00","2019-05-02T14:00:00-00:00","SP15","Solar","Renewable Forecast Actual Generation","RENEW_FCST_ACT_MW",3,3,640.60842,"ACTUAL",3
"67","2019-05-02",19,0,"2019-05-03T01:00:00-00:00","2019-05-03T02:00:00-00:00","SP15","Solar","Renewable Forecast Actual Generation","RENEW_FCST_ACT_MW",3,3,1840.50785,"ACTUAL",3
"68","2019-05-02",14,0,"2019-05-02T20:00:00-00:00","2019-05-02T21:00:00-00:00","SP15","Solar","Renewable Forecast Actual Generation","RENEW_FCST_ACT_MW",3,3,6647.24409,"ACTUAL",3
"69","2019-05-02",17,0,"2019-05-02T23:00:00-00:00","2019-05-03T00:00:00-00:00","SP15","Solar","Renewable Forecast Actual Generation","RENEW_FCST_ACT_MW",3,3,5282.48098,"ACTUAL",3
"70","2019-05-02",18,0,"2019-05-03T00:00:00-00:00","2019-05-03T01:00:00-00:00","SP15","Wind","Renewable Forecast Actual Generation","RENEW_FCST_ACT_MW",3,1,1867.87851,"ACTUAL",4
"71","2019-05-02",19,0,"2019-05-03T01:00:00-00:00","2019-05-03T02:00:00-00:00","SP15","Wind","Renewable Forecast Actual Generation","RENEW_FCST_ACT_MW",3,1,2154.8852,"ACTUAL",4
"72","2019-05-02",20,0,"2019-05-03T02:00:00-00:00","2019-05-03T03:00:00-00:00","SP15","Wind","Renewable Forecast Actual Generation","RENEW_FCST_ACT_MW",3,1,2333.05374,"ACTUAL",4
"73","2019-05-02",21,0,"2019-05-03T03:00:00-00:00","2019-05-03T04:00:00-00:00","SP15","Wind","Renewable Forecast Actual Generation","RENEW_FCST_ACT_MW",3,1,2236.25304,"ACTUAL",4
"74","2019-05-02",22,0,"2019-05-03T04:00:00-00:00","2019-05-03T05:00:00-00:00","SP15","Wind","Renewable Forecast Actual Generation","RENEW_FCST_ACT_MW",3,1,2272.9226,"ACTUAL",4
"75","2019-05-02",23,0,"2019-05-03T05:00:00-00:00","2019-05-03T06:00:00-00:00","SP15","Wind","Renewable Forecast Actual Generation","RENEW_FCST_ACT_MW",3,1,2258.02396,"ACTUAL",4
"76","2019-05-02",24,0,"2019-05-03T06:00:00-00:00","2019-05-03T07:00:00-00:00","SP15","Wind","Renewable Forecast Actual Generation","RENEW_FCST_ACT_MW",3,1,1948.85814,"ACTUAL",4
"77","2019-05-02",2,0,"2019-05-02T08:00:00-00:00","2019-05-02T09:00:00-00:00","SP15","Wind","Renewable Forecast Actual Generation","RENEW_FCST_ACT_MW",3,1,2258.58126,"ACTUAL",4
"78","2019-05-02",3,0,"2019-05-02T09:00:00-00:00","2019-05-02T10:00:00-00:00","SP15","Wind","Renewable Forecast Actual Generation","RENEW_FCST_ACT_MW",3,1,2241.98068,"ACTUAL",4
"79","2019-05-02",4,0,"2019-05-02T10:00:00-00:00","2019-05-02T11:00:00-00:00","SP15","Wind","Renewable Forecast Actual Generation","RENEW_FCST_ACT_MW",3,1,2098.51739,"ACTUAL",4
"80","2019-05-02",5,0,"2019-05-02T11:00:00-00:00","2019-05-02T12:00:00-00:00","SP15","Wind","Renewable Forecast Actual Generation","RENEW_FCST_ACT_MW",3,1,1658.97384,"ACTUAL",4
"81","2019-05-02",6,0,"2019-05-02T12:00:00-00:00","2019-05-02T13:00:00-00:00","SP15","Wind","Renewable Forecast Actual Generation","RENEW_FCST_ACT_MW",3,1,1365.01855,"ACTUAL",4
"82","2019-05-02",7,0,"2019-05-02T13:00:00-00:00","2019-05-02T14:00:00-00:00","SP15","Wind","Renewable Forecast Actual Generation","RENEW_FCST_ACT_MW",3,1,1350.57131,"ACTUAL",4
"83","2019-05-02",8,0,"2019-05-02T14:00:00-00:00","2019-05-02T15:00:00-00:00","SP15","Wind","Renewable Forecast Actual Generation","RENEW_FCST_ACT_MW",3,1,1175.53094,"ACTUAL",4
"84","2019-05-02",9,0,"2019-05-02T15:00:00-00:00","2019-05-02T16:00:00-00:00","SP15","Wind","Renewable Forecast Actual Generation","RENEW_FCST_ACT_MW",3,1,826.02368,"ACTUAL",4
"85","2019-05-02",10,0,"2019-05-02T16:00:00-00:00","2019-05-02T17:00:00-00:00","SP15","Wind","Renewable Forecast Actual Generation","RENEW_FCST_ACT_MW",3,1,406.67703,"ACTUAL",4
"86","2019-05-02",11,0,"2019-05-02T17:00:00-00:00","2019-05-02T18:00:00-00:00","SP15","Wind","Renewable Forecast Actual Generation","RENEW_FCST_ACT_MW",3,1,121.06093,"ACTUAL",4
"87","2019-05-02",12,0,"2019-05-02T18:00:00-00:00","2019-05-02T19:00:00-00:00","SP15","Wind","Renewable Forecast Actual Generation","RENEW_FCST_ACT_MW",3,1,54.32855,"ACTUAL",4
"88","2019-05-02",13,0,"2019-05-02T19:00:00-00:00","2019-05-02T20:00:00-00:00","SP15","Wind","Renewable Forecast Actual Generation","RENEW_FCST_ACT_MW",3,1,67.28371,"ACTUAL",4
"89","2019-05-02",14,0,"2019-05-02T20:00:00-00:00","2019-05-02T21:00:00-00:00","SP15","Wind","Renewable Forecast Actual Generation","RENEW_FCST_ACT_MW",3,1,114.82318,"ACTUAL",4
"90","2019-05-02",15,0,"2019-05-02T21:00:00-00:00","2019-05-02T22:00:00-00:00","SP15","Wind","Renewable Forecast Actual Generation","RENEW_FCST_ACT_MW",3,1,380.8966,"ACTUAL",4
"91","2019-05-02",16,0,"2019-05-02T22:00:00-00:00","2019-05-02T23:00:00-00:00","SP15","Wind","Renewable Forecast Actual Generation","RENEW_FCST_ACT_MW",3,1,978.96695,"ACTUAL",4
"92","2019-05-02",17,0,"2019-05-02T23:00:00-00:00","2019-05-03T00:00:00-00:00","SP15","Wind","Renewable Forecast Actual Generation","RENEW_FCST_ACT_MW",3,1,1438.52841,"ACTUAL",4
"93","2019-05-02",18,0,"2019-05-03T00:00:00-00:00","2019-05-03T01:00:00-00:00","ZP26","Solar","Renewable Forecast Actual Generation","RENEW_FCST_ACT_MW",3,3,1166.9956,"ACTUAL",5
"94","2019-05-02",17,0,"2019-05-02T23:00:00-00:00","2019-05-03T00:00:00-00:00","ZP26","Solar","Renewable Forecast Actual Generation","RENEW_FCST_ACT_MW",3,3,1350.8938,"ACTUAL",5
"95","2019-05-02",20,0,"2019-05-03T02:00:00-00:00","2019-05-03T03:00:00-00:00","ZP26","Solar","Renewable Forecast Actual Generation","RENEW_FCST_ACT_MW",3,3,43.94191,"ACTUAL",5
"96","2019-05-02",21,0,"2019-05-03T03:00:00-00:00","2019-05-03T04:00:00-00:00","ZP26","Solar","Renewable Forecast Actual Generation","RENEW_FCST_ACT_MW",3,3,-4.24774,"ACTUAL",5
"97","2019-05-02",22,0,"2019-05-03T04:00:00-00:00","2019-05-03T05:00:00-00:00","ZP26","Solar","Renewable Forecast Actual Generation","RENEW_FCST_ACT_MW",3,3,-4.1059,"ACTUAL",5
"98","2019-05-02",23,0,"2019-05-03T05:00:00-00:00","2019-05-03T06:00:00-00:00","ZP26","Solar","Renewable Forecast Actual Generation","RENEW_FCST_ACT_MW",3,3,-4.12277,"ACTUAL",5
"99","2019-05-02",24,0,"2019-05-03T06:00:00-00:00","2019-05-03T07:00:00-00:00","ZP26","Solar","Renewable Forecast Actual Generation","RENEW_FCST_ACT_MW",3,3,-4.17959,"ACTUAL",5
"100","2019-05-02",2,0,"2019-05-02T08:00:00-00:00","2019-05-02T09:00:00-00:00","ZP26","Solar","Renewable Forecast Actual Generation","RENEW_FCST_ACT_MW",3,3,58.32909,"ACTUAL",5
"101","2019-05-02",3,0,"2019-05-02T09:00:00-00:00","2019-05-02T10:00:00-00:00","ZP26","Solar","Renewable Forecast Actual Generation","RENEW_FCST_ACT_MW",3,3,15.53398,"ACTUAL",5
"102","2019-05-02",4,0,"2019-05-02T10:00:00-00:00","2019-05-02T11:00:00-00:00","ZP26","Solar","Renewable Forecast Actual Generation","RENEW_FCST_ACT_MW",3,3,46.58295,"ACTUAL",5
"103","2019-05-02",5,0,"2019-05-02T11:00:00-00:00","2019-05-02T12:00:00-00:00","ZP26","Solar","Renewable Forecast Actual Generation","RENEW_FCST_ACT_MW",3,3,14.20469,"ACTUAL",5
"104","2019-05-02",6,0,"2019-05-02T12:00:00-00:00","2019-05-02T13:00:00-00:00","ZP26","Solar","Renewable Forecast Actual Generation","RENEW_FCST_ACT_MW",3,3,10.3338,"ACTUAL",5
"105","2019-05-02",7,0,"2019-05-02T13:00:00-00:00","2019-05-02T14:00:00-00:00","ZP26","Solar","Renewable Forecast Actual Generation","RENEW_FCST_ACT_MW",3,3,81.55745,"ACTUAL",5
"106","2019-05-02",8,0,"2019-05-02T14:00:00-00:00","2019-05-02T15:00:00-00:00","ZP26","Solar","Renewable Forecast Actual Generation","RENEW_FCST_ACT_MW",3,3,635.90464,"ACTUAL",5
"107","2019-05-02",9,0,"2019-05-02T15:00:00-00:00","2019-05-02T16:00:00-00:00","ZP26","Solar","Renewable Forecast Actual Generation","RENEW_FCST_ACT_MW",3,3,1218.35208,"ACTUAL",5
"108","2019-05-02",10,0,"2019-05-02T16:00:00-00:00","2019-05-02T17:00:00-00:00","ZP26","Solar","Renewable Forecast Actual Generation","RENEW_FCST_ACT_MW",3,3,1445.57585,"ACTUAL",5
"109","2019-05-02",11,0,"2019-05-02T17:00:00-00:00","2019-05-02T18:00:00-00:00","ZP26","Solar","Renewable Forecast Actual Generation","RENEW_FCST_ACT_MW",3,3,1578.01567,"ACTUAL",5
"110","2019-05-02",12,0,"2019-05-02T18:00:00-00:00","2019-05-02T19:00:00-00:00","ZP26","Solar","Renewable Forecast Actual Generation","RENEW_FCST_ACT_MW",3,3,1666.98104,"ACTUAL",5
"111","2019-05-02",13,0,"2019-05-02T19:00:00-00:00","2019-05-02T20:00:00-00:00","ZP26","Solar","Renewable Forecast Actual Generation","RENEW_FCST_ACT_MW",3,3,1646.11927,"ACTUAL",5
"112","2019-05-02",14,0,"2019-05-02T20:00:00-00:00","2019-05-02T21:00:00-00:00","ZP26","Solar","Renewable Forecast Actual Generation","RENEW_FCST_ACT_MW",3,3,1683.20728,"ACTUAL",5
"113","2019-05-02",15,0,"2019-05-02T21:00:00-00:00","2019-05-02T22:00:00-00:00","ZP26","Solar","Renewable Forecast Actual Generation","RENEW_FCST_ACT_MW",3,3,1685.8471,"ACTUAL",5
"114","2019-05-02",16,0,"2019-05-02T22:00:00-00:00","2019-05-02T23:00:00-00:00","ZP26","Solar","Renewable Forecast Actual Generation","RENEW_FCST_ACT_MW",3,3,1599.24764,"ACTUAL",5
"115","2019-05-02",19,0,"2019-05-03T01:00:00-00:00","2019-05-03T02:00:00-00:00","ZP26","Solar","Renewable Forecast Actual Generation","RENEW_FCST_ACT_MW",3,3,546.35024,"ACTUAL",5
"116","2019-05-03",1,0,"2019-05-03T07:00:00-00:00","2019-05-03T08:00:00-00:00","NP15","Solar","Renewable Forecast Actual Generation","RENEW_FCST_ACT_MW",3,3,2.29868,"ACTUAL",6
"117","2019-05-03",1,0,"2019-05-03T07:00:00-00:00","2019-05-03T08:00:00-00:00","NP15","Wind","Renewable Forecast Actual Generation","RENEW_FCST_ACT_MW",3,1,487.94146,"ACTUAL",7
"118","2019-05-03",1,0,"2019-05-03T07:00:00-00:00","2019-05-03T08:00:00-00:00","SP15","Solar","Renewable Forecast Actual Generation","RENEW_FCST_ACT_MW",3,3,-5.99418,"ACTUAL",8
"119","2019-05-03",1,0,"2019-05-03T07:00:00-00:00","2019-05-03T08:00:00-00:00","SP15","Wind","Renewable Forecast Actual Generation","RENEW_FCST_ACT_MW",3,1,1920.45315,"ACTUAL",9
"120","2019-05-03",1,0,"2019-05-03T07:00:00-00:00","2019-05-03T08:00:00-00:00","ZP26","Solar","Renewable Forecast Actual Generation","RENEW_FCST_ACT_MW",3,3,-4.216,"ACTUAL",10
