"","OPR_DT","OPR_HR","OPR_INTERVAL","INTERVALSTARTTIME_GMT","INTERVALENDTIME_GMT","TRADING_HUB","RENEWABLE_TYPE","LABEL","XML_DATA_ITEM","MARKET_RUN_ID_POS","RENEW_POS","MW","MARKET_RUN_ID","GROUP"
"1","2019-07-05",2,0,"2019-07-05T08:00:00-00:00","2019-07-05T09:00:00-00:00","NP15","Solar","Renewable Forecast Actual Generation","RENEW_FCST_ACT_MW",3,3,3.66733,"ACTUAL",1
"2","2019-07-05",3,0,"2019-07-05T09:00:00-00:00","2019-07-05T10:00:00-00:00","NP15","Solar","Renewable Forecast Actual Generation","RENEW_FCST_ACT_MW",3,3,3.65926,"ACTUAL",1
"3","2019-07-05",4,0,"2019-07-05T10:00:00-00:00","2019-07-05T11:00:00-00:00","NP15","Solar","Renewable Forecast Actual Generation","RENEW_FCST_ACT_MW",3,3,3.68684,"ACTUAL",1
"4","2019-07-05",5,0,"2019-07-05T11:00:00-00:00","2019-07-05T12:00:00-00:00","NP15","Solar","Renewable Forecast Actual Generation","RENEW_FCST_ACT_MW",3,3,3.83726,"ACTUAL",1
"5","2019-07-05",6,0,"2019-07-05T12:00:00-00:00","2019-07-05T13:00:00-00:00","NP15","Solar","Renewable Forecast Actual Generation","RENEW_FCST_ACT_MW",3,3,4.56537,"ACTUAL",1
"6","2019-07-05",7,0,"2019-07-05T13:00:00-00:00","2019-07-05T14:00:00-00:00","NP15","Solar","Renewable Forecast Actual Generation","RENEW_FCST_ACT_MW",3,3,201.25234,"ACTUAL",1
"7","2019-07-05",8,0,"2019-07-05T14:00:00-00:00","2019-07-05T15:00:00-00:00","NP15","Solar","Renewable Forecast Actual Generation","RENEW_FCST_ACT_MW",3,3,875.05098,"ACTUAL",1
"8","2019-07-05",9,0,"2019-07-05T15:00:00-00:00","2019-07-05T16:00:00-00:00","NP15","Solar","Renewable Forecast Actual Generation","RENEW_FCST_ACT_MW",3,3,1251.35329,"ACTUAL",1
"9","2019-07-05",10,0,"2019-07-05T16:00:00-00:00","2019-07-05T17:00:00-00:00","NP15","Solar","Renewable Forecast Actual Generation","RENEW_FCST_ACT_MW",3,3,1327.07198,"ACTUAL",1
"10","2019-07-05",11,0,"2019-07-05T17:00:00-00:00","2019-07-05T18:00:00-00:00","NP15","Solar","Renewable Forecast Actual Generation","RENEW_FCST_ACT_MW",3,3,1379.20415,"ACTUAL",1
"11","2019-07-05",12,0,"2019-07-05T18:00:00-00:00","2019-07-05T19:00:00-00:00","NP15","Solar","Renewable Forecast Actual Generation","RENEW_FCST_ACT_MW",3,3,1378.38912,"ACTUAL",1
"12","2019-07-05",13,0,"2019-07-05T19:00:00-00:00","2019-07-05T20:00:00-00:00","NP15","Solar","Renewable Forecast Actual Generation","RENEW_FCST_ACT_MW",3,3,1393.23937,"ACTUAL",1
"13","2019-07-05",14,0,"2019-07-05T20:00:00-00:00","2019-07-05T21:00:00-00:00","NP15","Solar","Renewable Forecast Actual Generation","RENEW_FCST_ACT_MW",3,3,1419.50377,"ACTUAL",1
"14","2019-07-05",15,0,"2019-07-05T21:00:00-00:00","2019-07-05T22:00:00-00:00","NP15","Solar","Renewable Forecast Actual Generation","RENEW_FCST_ACT_MW",3,3,1391.76676,"ACTUAL",1
"15","2019-07-05",16,0,"2019-07-05T22:00:00-00:00","2019-07-05T23:00:00-00:00","NP15","Solar","Renewable Forecast Actual Generation","RENEW_FCST_ACT_MW",3,3,1396.03015,"ACTUAL",1
"16","2019-07-05",17,0,"2019-07-05T23:00:00-00:00","2019-07-06T00:00:00-00:00","NP15","Solar","Renewable Forecast Actual Generation","RENEW_FCST_ACT_MW",3,3,1360.35679,"ACTUAL",1
"17","2019-07-05",18,0,"2019-07-06T00:00:00-00:00","2019-07-06T01:00:00-00:00","NP15","Solar","Renewable Forecast Actual Generation","RENEW_FCST_ACT_MW",3,3,1249.72121,"ACTUAL",1
"18","2019-07-05",19,0,"2019-07-06T01:00:00-00:00","2019-07-06T02:00:00-00:00","NP15","Solar","Renewable Forecast Actual Generation","RENEW_FCST_ACT_MW",3,3,927.47261,"ACTUAL",1
"19","2019-07-05",20,0,"2019-07-06T02:00:00-00:00","2019-07-06T03:00:00-00:00","NP15","Solar","Renewable Forecast Actual Generation","RENEW_FCST_ACT_MW",3,3,296.18749,"ACTUAL",1
"20","2019-07-05",21,0,"2019-07-06T03:00:00-00:00","2019-07-06T04:00:00-00:00","NP15","Solar","Renewable Forecast Actual Generation","RENEW_FCST_ACT_MW",3,3,10.40037,"ACTUAL",1
"21","2019-07-05",22,0,"2019-07-06T04:00:00-00:00","2019-07-06T05:00:00-00:00","NP15","Solar","Renewable Forecast Actual Generation","RENEW_FCST_ACT_MW",3,3,4.46802,"ACTUAL",1
"22","2019-07-05",23,0,"2019-07-06T05:00:00-00:00","2019-07-06T06:00:00-00:00","NP15","Solar","Renewable Forecast Actual Generation","RENEW_FCST_ACT_MW",3,3,4.50711,"ACTUAL",1
"23","2019-07-05",24,0,"2019-07-06T06:00:00-00:00","2019-07-06T07:00:00-00:00","NP15","Solar","Renewable Forecast Actual Generation","RENEW_FCST_ACT_MW",3,3,4.42889,"ACTUAL",1
"24","2019-07-05",18,0,"2019-07-06T00:00:00-00:00","2019-07-06T01:00:00-00:00","NP15","Wind","Renewable Forecast Actual Generation","RENEW_FCST_ACT_MW",3,1,574.56456,"ACTUAL",2
"25","2019-07-05",6,0,"2019-07-05T12:00:00-00:00","2019-07-05T13:00:00-00:00","NP15","Wind","Renewable Forecast Actual Generation","RENEW_FCST_ACT_MW",3,1,944.83742,"ACTUAL",2
"26","2019-07-05",17,0,"2019-07-05T23:00:00-00:00","2019-07-06T00:00:00-00:00","NP15","Wind","Renewable Forecast Actual Generation","RENEW_FCST_ACT_MW",3,1,487.73697,"ACTUAL",2
"27","2019-07-05",16,0,"2019-07-05T22:00:00-00:00","2019-07-05T23:00:00-00:00","NP15","Wind","Renewable Forecast Actual Generation","RENEW_FCST_ACT_MW",3,1,482.8601,"ACTUAL",2
"28","2019-07-05",15,0,"2019-07-05T21:00:00-00:00","2019-07-05T22:00:00-00:00","NP15","Wind","Renewable Forecast Actual Generation","RENEW_FCST_ACT_MW",3,1,424.17429,"ACTUAL",2
"29","2019-07-05",14,0,"2019-07-05T20:00:00-00:00","2019-07-05T21:00:00-00:00","NP15","Wind","Renewable Forecast Actual Generation","RENEW_FCST_ACT_MW",3,1,416.73139,"ACTUAL",2
"30","2019-07-05",13,0,"2019-07-05T19:00:00-00:00","2019-07-05T20:00:00-00:00","NP15","Wind","Renewable Forecast Actual Generation","RENEW_FCST_ACT_MW",3,1,448.95271,"ACTUAL",2
"31","2019-07-05",12,0,"2019-07-05T18:00:00-00:00","2019-07-05T19:00:00-00:00","NP15","Wind","Renewable Forecast Actual Generation","RENEW_FCST_ACT_MW",3,1,464.7338,"ACTUAL",2
"32","2019-07-05",11,0,"2019-07-05T17:00:00-00:00","2019-07-05T18:00:00-00:00","NP15","Wind","Renewable Forecast Actual Generation","RENEW_FCST_ACT_MW",3,1,584.21495,"ACTUAL",2
"33","2019-07-05",10,0,"2019-07-05T16:00:00-00:00","2019-07-05T17:00:00-00:00","NP15","Wind","Renewable Forecast Actual Generation","RENEW_FCST_ACT_MW",3,1,722.54641,"ACTUAL",2
"34","2019-07-05",9,0,"2019-07-05T15:00:00-00:00","2019-07-05T16:00:00-00:00","NP15","Wind","Renewable Forecast Actual Generation","RENEW_FCST_ACT_MW",3,1,823.77015,"ACTUAL",2
"35","2019-07-05",8,0,"2019-07-05T14:00:00-00:00","2019-07-05T15:00:00-00:00","NP15","Wind","Renewable Forecast Actual Generation","RENEW_FCST_ACT_MW",3,1,819.63428,"ACTUAL",2
"36","2019-07-05",7,0,"2019-07-05T13:00:00-00:00","2019-07-05T14:00:00-00:00","NP15","Wind","Renewable Forecast Actual Generation","RENEW_FCST_ACT_MW",3,1,838.35109,"ACTUAL",2
"37","2019-07-05",5,0,"2019-07-05T11:00:00-00:00","2019-07-05T12:00:00-00:00","NP15","Wind","Renewable Forecast Actual Generation","RENEW_FCST_ACT_MW",3,1,1044.16102,"ACTUAL",2
"38","2019-07-05",4,0,"2019-07-05T10:00:00-00:00","2019-07-05T11:00:00-00:00","NP15","Wind","Renewable Forecast Actual Generation","RENEW_FCST_ACT_MW",3,1,1079.02413,"ACTUAL",2
"39","2019-07-05",3,0,"2019-07-05T09:00:00-00:00","2019-07-05T10:00:00-00:00","NP15","Wind","Renewable Forecast Actual Generation","RENEW_FCST_ACT_MW",3,1,1097.46391,"ACTUAL",2
"40","2019-07-05",2,0,"2019-07-05T08:00:00-00:00","2019-07-05T09:00:00-00:00","NP15","Wind","Renewable Forecast Actual Generation","RENEW_FCST_ACT_MW",3,1,1017.48056,"ACTUAL",2
"41","2019-07-05",24,0,"2019-07-06T06:00:00-00:00","2019-07-06T07:00:00-00:00","NP15","Wind","Renewable Forecast Actual Generation","RENEW_FCST_ACT_MW",3,1,1069.26336,"ACTUAL",2
"42","2019-07-05",23,0,"2019-07-06T05:00:00-00:00","2019-07-06T06:00:00-00:00","NP15","Wind","Renewable Forecast Actual Generation","RENEW_FCST_ACT_MW",3,1,998.63962,"ACTUAL",2
"43","2019-07-05",22,0,"2019-07-06T04:00:00-00:00","2019-07-06T05:00:00-00:00","NP15","Wind","Renewable Forecast Actual Generation","RENEW_FCST_ACT_MW",3,1,874.01619,"ACTUAL",2
"44","2019-07-05",21,0,"2019-07-06T03:00:00-00:00","2019-07-06T04:00:00-00:00","NP15","Wind","Renewable Forecast Actual Generation","RENEW_FCST_ACT_MW",3,1,743.37741,"ACTUAL",2
"45","2019-07-05",20,0,"2019-07-06T02:00:00-00:00","2019-07-06T03:00:00-00:00","NP15","Wind","Renewable Forecast Actual Generation","RENEW_FCST_ACT_MW",3,1,633.2347,"ACTUAL",2
"46","2019-07-05",19,0,"2019-07-06T01:00:00-00:00","2019-07-06T02:00:00-00:00","NP15","Wind","Renewable Forecast Actual Generation","RENEW_FCST_ACT_MW",3,1,608.16969,"ACTUAL",2
"47","2019-07-05",6,0,"2019-07-05T12:00:00-00:00","2019-07-05T13:00:00-00:00","SP15","Solar","Renewable Forecast Actual Generation","RENEW_FCST_ACT_MW",3,3,16.30365,"ACTUAL",3
"48","2019-07-05",18,0,"2019-07-06T00:00:00-00:00","2019-07-06T01:00:00-00:00","SP15","Solar","Renewable Forecast Actual Generation","RENEW_FCST_ACT_MW",3,3,5465.04637,"ACTUAL",3
"49","2019-07-05",5,0,"2019-07-05T11:00:00-00:00","2019-07-05T12:00:00-00:00","SP15","Solar","Renewable Forecast Actual Generation","RENEW_FCST_ACT_MW",3,3,4.64127,"ACTUAL",3
"50","2019-07-05",11,0,"2019-07-05T17:00:00-00:00","2019-07-05T18:00:00-00:00","SP15","Solar","Renewable Forecast Actual Generation","RENEW_FCST_ACT_MW",3,3,6978.24276,"ACTUAL",3
"51","2019-07-05",4,0,"2019-07-05T10:00:00-00:00","2019-07-05T11:00:00-00:00","SP15","Solar","Renewable Forecast Actual Generation","RENEW_FCST_ACT_MW",3,3,3.768,"ACTUAL",3
"52","2019-07-05",15,0,"2019-07-05T21:00:00-00:00","2019-07-05T22:00:00-00:00","SP15","Solar","Renewable Forecast Actual Generation","RENEW_FCST_ACT_MW",3,3,7257.01638,"ACTUAL",3
"53","2019-07-05",3,0,"2019-07-05T09:00:00-00:00","2019-07-05T10:00:00-00:00","SP15","Solar","Renewable Forecast Actual Generation","RENEW_FCST_ACT_MW",3,3,5.56492,"ACTUAL",3
"54","2019-07-05",10,0,"2019-07-05T16:00:00-00:00","2019-07-05T17:00:00-00:00","SP15","Solar","Renewable Forecast Actual Generation","RENEW_FCST_ACT_MW",3,3,6432.79553,"ACTUAL",3
"55","2019-07-05",2,0,"2019-07-05T08:00:00-00:00","2019-07-05T09:00:00-00:00","SP15","Solar","Renewable Forecast Actual Generation","RENEW_FCST_ACT_MW",3,3,7.15432,"ACTUAL",3
"56","2019-07-05",13,0,"2019-07-05T19:00:00-00:00","2019-07-05T20:00:00-00:00","SP15","Solar","Renewable Forecast Actual Generation","RENEW_FCST_ACT_MW",3,3,7269.17156,"ACTUAL",3
"57","2019-07-05",24,0,"2019-07-06T06:00:00-00:00","2019-07-06T07:00:00-00:00","SP15","Solar","Renewable Forecast Actual Generation","RENEW_FCST_ACT_MW",3,3,4.49289,"ACTUAL",3
"58","2019-07-05",9,0,"2019-07-05T15:00:00-00:00","2019-07-05T16:00:00-00:00","SP15","Solar","Renewable Forecast Actual Generation","RENEW_FCST_ACT_MW",3,3,5728.56973,"ACTUAL",3
"59","2019-07-05",23,0,"2019-07-06T05:00:00-00:00","2019-07-06T06:00:00-00:00","SP15","Solar","Renewable Forecast Actual Generation","RENEW_FCST_ACT_MW",3,3,4.58093,"ACTUAL",3
"60","2019-07-05",16,0,"2019-07-05T22:00:00-00:00","2019-07-05T23:00:00-00:00","SP15","Solar","Renewable Forecast Actual Generation","RENEW_FCST_ACT_MW",3,3,7029.39019,"ACTUAL",3
"61","2019-07-05",22,0,"2019-07-06T04:00:00-00:00","2019-07-06T05:00:00-00:00","SP15","Solar","Renewable Forecast Actual Generation","RENEW_FCST_ACT_MW",3,3,4.3017,"ACTUAL",3
"62","2019-07-05",8,0,"2019-07-05T14:00:00-00:00","2019-07-05T15:00:00-00:00","SP15","Solar","Renewable Forecast Actual Generation","RENEW_FCST_ACT_MW",3,3,3695.69827,"ACTUAL",3
"63","2019-07-05",21,0,"2019-07-06T03:00:00-00:00","2019-07-06T04:00:00-00:00","SP15","Solar","Renewable Forecast Actual Generation","RENEW_FCST_ACT_MW",3,3,15.53574,"ACTUAL",3
"64","2019-07-05",12,0,"2019-07-05T18:00:00-00:00","2019-07-05T19:00:00-00:00","SP15","Solar","Renewable Forecast Actual Generation","RENEW_FCST_ACT_MW",3,3,7218.23499,"ACTUAL",3
"65","2019-07-05",20,0,"2019-07-06T02:00:00-00:00","2019-07-06T03:00:00-00:00","SP15","Solar","Renewable Forecast Actual Generation","RENEW_FCST_ACT_MW",3,3,715.86718,"ACTUAL",3
"66","2019-07-05",7,0,"2019-07-05T13:00:00-00:00","2019-07-05T14:00:00-00:00","SP15","Solar","Renewable Forecast Actual Generation","RENEW_FCST_ACT_MW",3,3,1068.63175,"ACTUAL",3
"67","2019-07-05",19,0,"2019-07-06T01:00:00-00:00","2019-07-06T02:00:00-00:00","SP15","Solar","Renewable Forecast Actual Generation","RENEW_FCST_ACT_MW",3,3,3253.66606,"ACTUAL",3
"68","2019-07-05",14,0,"2019-07-05T20:00:00-00:00","2019-07-05T21:00:00-00:00","SP15","Solar","Renewable Forecast Actual Generation","RENEW_FCST_ACT_MW",3,3,7246.46352,"ACTUAL",3
"69","2019-07-05",17,0,"2019-07-05T23:00:00-00:00","2019-07-06T00:00:00-00:00","SP15","Solar","Renewable Forecast Actual Generation","RENEW_FCST_ACT_MW",3,3,6487.5492,"ACTUAL",3
"70","2019-07-05",18,0,"2019-07-06T00:00:00-00:00","2019-07-06T01:00:00-00:00","SP15","Wind","Renewable Forecast Actual Generation","RENEW_FCST_ACT_MW",3,1,1765.44497,"ACTUAL",4
"71","2019-07-05",19,0,"2019-07-06T01:00:00-00:00","2019-07-06T02:00:00-00:00","SP15","Wind","Renewable Forecast Actual Generation","RENEW_FCST_ACT_MW",3,1,2044.35325,"ACTUAL",4
"72","2019-07-05",20,0,"2019-07-06T02:00:00-00:00","2019-07-06T03:00:00-00:00","SP15","Wind","Renewable Forecast Actual Generation","RENEW_FCST_ACT_MW",3,1,2233.53783,"ACTUAL",4
"73","2019-07-05",21,0,"2019-07-06T03:00:00-00:00","2019-07-06T04:00:00-00:00","SP15","Wind","Renewable Forecast Actual Generation","RENEW_FCST_ACT_MW",3,1,2334.2744,"ACTUAL",4
"74","2019-07-05",22,0,"2019-07-06T04:00:00-00:00","2019-07-06T05:00:00-00:00","SP15","Wind","Renewable Forecast Actual Generation","RENEW_FCST_ACT_MW",3,1,2380.55534,"ACTUAL",4
"75","2019-07-05",23,0,"2019-07-06T05:00:00-00:00","2019-07-06T06:00:00-00:00","SP15","Wind","Renewable Forecast Actual Generation","RENEW_FCST_ACT_MW",3,1,2363.22974,"ACTUAL",4
"76","2019-07-05",24,0,"2019-07-06T06:00:00-00:00","2019-07-06T07:00:00-00:00","SP15","Wind","Renewable Forecast Actual Generation","RENEW_FCST_ACT_MW",3,1,2517.05024,"ACTUAL",4
"77","2019-07-05",2,0,"2019-07-05T08:00:00-00:00","2019-07-05T09:00:00-00:00","SP15","Wind","Renewable Forecast Actual Generation","RENEW_FCST_ACT_MW",3,1,2492.7063,"ACTUAL",4
"78","2019-07-05",3,0,"2019-07-05T09:00:00-00:00","2019-07-05T10:00:00-00:00","SP15","Wind","Renewable Forecast Actual Generation","RENEW_FCST_ACT_MW",3,1,2355.43685,"ACTUAL",4
"79","2019-07-05",4,0,"2019-07-05T10:00:00-00:00","2019-07-05T11:00:00-00:00","SP15","Wind","Renewable Forecast Actual Generation","RENEW_FCST_ACT_MW",3,1,2394.3372,"ACTUAL",4
"80","2019-07-05",5,0,"2019-07-05T11:00:00-00:00","2019-07-05T12:00:00-00:00","SP15","Wind","Renewable Forecast Actual Generation","RENEW_FCST_ACT_MW",3,1,2229.07534,"ACTUAL",4
"81","2019-07-05",6,0,"2019-07-05T12:00:00-00:00","2019-07-05T13:00:00-00:00","SP15","Wind","Renewable Forecast Actual Generation","RENEW_FCST_ACT_MW",3,1,2049.59716,"ACTUAL",4
"82","2019-07-05",7,0,"2019-07-05T13:00:00-00:00","2019-07-05T14:00:00-00:00","SP15","Wind","Renewable Forecast Actual Generation","RENEW_FCST_ACT_MW",3,1,1823.75116,"ACTUAL",4
"83","2019-07-05",8,0,"2019-07-05T14:00:00-00:00","2019-07-05T15:00:00-00:00","SP15","Wind","Renewable Forecast Actual Generation","RENEW_FCST_ACT_MW",3,1,1482.38806,"ACTUAL",4
"84","2019-07-05",9,0,"2019-07-05T15:00:00-00:00","2019-07-05T16:00:00-00:00","SP15","Wind","Renewable Forecast Actual Generation","RENEW_FCST_ACT_MW",3,1,1247.86989,"ACTUAL",4
"85","2019-07-05",10,0,"2019-07-05T16:00:00-00:00","2019-07-05T17:00:00-00:00","SP15","Wind","Renewable Forecast Actual Generation","RENEW_FCST_ACT_MW",3,1,889.58423,"ACTUAL",4
"86","2019-07-05",11,0,"2019-07-05T17:00:00-00:00","2019-07-05T18:00:00-00:00","SP15","Wind","Renewable Forecast Actual Generation","RENEW_FCST_ACT_MW",3,1,431.17827,"ACTUAL",4
"87","2019-07-05",12,0,"2019-07-05T18:00:00-00:00","2019-07-05T19:00:00-00:00","SP15","Wind","Renewable Forecast Actual Generation","RENEW_FCST_ACT_MW",3,1,198.73354,"ACTUAL",4
"88","2019-07-05",13,0,"2019-07-05T19:00:00-00:00","2019-07-05T20:00:00-00:00","SP15","Wind","Renewable Forecast Actual Generation","RENEW_FCST_ACT_MW",3,1,130.6515,"ACTUAL",4
"89","2019-07-05",14,0,"2019-07-05T20:00:00-00:00","2019-07-05T21:00:00-00:00","SP15","Wind","Renewable Forecast Actual Generation","RENEW_FCST_ACT_MW",3,1,154.91576,"ACTUAL",4
"90","2019-07-05",15,0,"2019-07-05T21:00:00-00:00","2019-07-05T22:00:00-00:00","SP15","Wind","Renewable Forecast Actual Generation","RENEW_FCST_ACT_MW",3,1,275.37464,"ACTUAL",4
"91","2019-07-05",16,0,"2019-07-05T22:00:00-00:00","2019-07-05T23:00:00-00:00","SP15","Wind","Renewable Forecast Actual Generation","RENEW_FCST_ACT_MW",3,1,624.57501,"ACTUAL",4
"92","2019-07-05",17,0,"2019-07-05T23:00:00-00:00","2019-07-06T00:00:00-00:00","SP15","Wind","Renewable Forecast Actual Generation","RENEW_FCST_ACT_MW",3,1,1281.98699,"ACTUAL",4
"93","2019-07-05",18,0,"2019-07-06T00:00:00-00:00","2019-07-06T01:00:00-00:00","ZP26","Solar","Renewable Forecast Actual Generation","RENEW_FCST_ACT_MW",3,3,1295.88101,"ACTUAL",5
"94","2019-07-05",17,0,"2019-07-05T23:00:00-00:00","2019-07-06T00:00:00-00:00","ZP26","Solar","Renewable Forecast Actual Generation","RENEW_FCST_ACT_MW",3,3,1529.62007,"ACTUAL",5
"95","2019-07-05",20,0,"2019-07-06T02:00:00-00:00","2019-07-06T03:00:00-00:00","ZP26","Solar","Renewable Forecast Actual Generation","RENEW_FCST_ACT_MW",3,3,213.25378,"ACTUAL",5
"96","2019-07-05",21,0,"2019-07-06T03:00:00-00:00","2019-07-06T04:00:00-00:00","ZP26","Solar","Renewable Forecast Actual Generation","RENEW_FCST_ACT_MW",3,3,-2.67985,"ACTUAL",5
"97","2019-07-05",22,0,"2019-07-06T04:00:00-00:00","2019-07-06T05:00:00-00:00","ZP26","Solar","Renewable Forecast Actual Generation","RENEW_FCST_ACT_MW",3,3,-5.47413,"ACTUAL",5
"98","2019-07-05",23,0,"2019-07-06T05:00:00-00:00","2019-07-06T06:00:00-00:00","ZP26","Solar","Renewable Forecast Actual Generation","RENEW_FCST_ACT_MW",3,3,-5.36055,"ACTUAL",5
"99","2019-07-05",24,0,"2019-07-06T06:00:00-00:00","2019-07-06T07:00:00-00:00","ZP26","Solar","Renewable Forecast Actual Generation","RENEW_FCST_ACT_MW",3,3,-5.34195,"ACTUAL",5
"100","2019-07-05",2,0,"2019-07-05T08:00:00-00:00","2019-07-05T09:00:00-00:00","ZP26","Solar","Renewable Forecast Actual Generation","RENEW_FCST_ACT_MW",3,3,-5.38179,"ACTUAL",5
"101","2019-07-05",3,0,"2019-07-05T09:00:00-00:00","2019-07-05T10:00:00-00:00","ZP26","Solar","Renewable Forecast Actual Generation","RENEW_FCST_ACT_MW",3,3,-5.38517,"ACTUAL",5
"102","2019-07-05",4,0,"2019-07-05T10:00:00-00:00","2019-07-05T11:00:00-00:00","ZP26","Solar","Renewable Forecast Actual Generation","RENEW_FCST_ACT_MW",3,3,-5.21964,"ACTUAL",5
"103","2019-07-05",5,0,"2019-07-05T11:00:00-00:00","2019-07-05T12:00:00-00:00","ZP26","Solar","Renewable Forecast Actual Generation","RENEW_FCST_ACT_MW",3,3,-5.28874,"ACTUAL",5
"104","2019-07-05",6,0,"2019-07-05T12:00:00-00:00","2019-07-05T13:00:00-00:00","ZP26","Solar","Renewable Forecast Actual Generation","RENEW_FCST_ACT_MW",3,3,-5.13298,"ACTUAL",5
"105","2019-07-05",7,0,"2019-07-05T13:00:00-00:00","2019-07-05T14:00:00-00:00","ZP26","Solar","Renewable Forecast Actual Generation","RENEW_FCST_ACT_MW",3,3,127.03447,"ACTUAL",5
"106","2019-07-05",8,0,"2019-07-05T14:00:00-00:00","2019-07-05T15:00:00-00:00","ZP26","Solar","Renewable Forecast Actual Generation","RENEW_FCST_ACT_MW",3,3,736.74861,"ACTUAL",5
"107","2019-07-05",9,0,"2019-07-05T15:00:00-00:00","2019-07-05T16:00:00-00:00","ZP26","Solar","Renewable Forecast Actual Generation","RENEW_FCST_ACT_MW",3,3,1239.71694,"ACTUAL",5
"108","2019-07-05",10,0,"2019-07-05T16:00:00-00:00","2019-07-05T17:00:00-00:00","ZP26","Solar","Renewable Forecast Actual Generation","RENEW_FCST_ACT_MW",3,3,1518.65652,"ACTUAL",5
"109","2019-07-05",11,0,"2019-07-05T17:00:00-00:00","2019-07-05T18:00:00-00:00","ZP26","Solar","Renewable Forecast Actual Generation","RENEW_FCST_ACT_MW",3,3,1663.23878,"ACTUAL",5
"110","2019-07-05",12,0,"2019-07-05T18:00:00-00:00","2019-07-05T19:00:00-00:00","ZP26","Solar","Renewable Forecast Actual Generation","RENEW_FCST_ACT_MW",3,3,1740.95668,"ACTUAL",5
"111","2019-07-05",13,0,"2019-07-05T19:00:00-00:00","2019-07-05T20:00:00-00:00","ZP26","Solar","Renewable Forecast Actual Generation","RENEW_FCST_ACT_MW",3,3,1756.77184,"ACTUAL",5
"112","2019-07-05",14,0,"2019-07-05T20:00:00-00:00","2019-07-05T21:00:00-00:00","ZP26","Solar","Renewable Forecast Actual Generation","RENEW_FCST_ACT_MW",3,3,1758.04269,"ACTUAL",5
"113","2019-07-05",15,0,"2019-07-05T21:00:00-00:00","2019-07-05T22:00:00-00:00","ZP26","Solar","Renewable Forecast Actual Generation","RENEW_FCST_ACT_MW",3,3,1734.53072,"ACTUAL",5
"114","2019-07-05",16,0,"2019-07-05T22:00:00-00:00","2019-07-05T23:00:00-00:00","ZP26","Solar","Renewable Forecast Actual Generation","RENEW_FCST_ACT_MW",3,3,1658.60338,"ACTUAL",5
"115","2019-07-05",19,0,"2019-07-06T01:00:00-00:00","2019-07-06T02:00:00-00:00","ZP26","Solar","Renewable Forecast Actual Generation","RENEW_FCST_ACT_MW",3,3,819.24387,"ACTUAL",5
"116","2019-07-06",1,0,"2019-07-06T07:00:00-00:00","2019-07-06T08:00:00-00:00","NP15","Solar","Renewable Forecast Actual Generation","RENEW_FCST_ACT_MW",3,3,-2.7611,"ACTUAL",6
"117","2019-07-06",1,0,"2019-07-06T07:00:00-00:00","2019-07-06T08:00:00-00:00","NP15","Wind","Renewable Forecast Actual Generation","RENEW_FCST_ACT_MW",3,1,1152.72375,"ACTUAL",7
"118","2019-07-06",1,0,"2019-07-06T07:00:00-00:00","2019-07-06T08:00:00-00:00","SP15","Solar","Renewable Forecast Actual Generation","RENEW_FCST_ACT_MW",3,3,-4.52782,"ACTUAL",8
"119","2019-07-06",1,0,"2019-07-06T07:00:00-00:00","2019-07-06T08:00:00-00:00","SP15","Wind","Renewable Forecast Actual Generation","RENEW_FCST_ACT_MW",3,1,2482.86984,"ACTUAL",9
"120","2019-07-06",1,0,"2019-07-06T07:00:00-00:00","2019-07-06T08:00:00-00:00","ZP26","Solar","Renewable Forecast Actual Generation","RENEW_FCST_ACT_MW",3,3,-5.36375,"ACTUAL",10
