"","OPR_DT","OPR_HR","OPR_INTERVAL","INTERVALSTARTTIME_GMT","INTERVALENDTIME_GMT","TRADING_HUB","RENEWABLE_TYPE","LABEL","XML_DATA_ITEM","MARKET_RUN_ID_POS","RENEW_POS","MW","MARKET_RUN_ID","GROUP"
"1","2019-03-15",2,0,"2019-03-15T08:00:00-00:00","2019-03-15T09:00:00-00:00","NP15","Solar","Renewable Forecast Actual Generation","RENEW_FCST_ACT_MW",3,3,-2.38893,"ACTUAL",1
"2","2019-03-15",3,0,"2019-03-15T09:00:00-00:00","2019-03-15T10:00:00-00:00","NP15","Solar","Renewable Forecast Actual Generation","RENEW_FCST_ACT_MW",3,3,-2.56159,"ACTUAL",1
"3","2019-03-15",4,0,"2019-03-15T10:00:00-00:00","2019-03-15T11:00:00-00:00","NP15","Solar","Renewable Forecast Actual Generation","RENEW_FCST_ACT_MW",3,3,-3.06443,"ACTUAL",1
"4","2019-03-15",5,0,"2019-03-15T11:00:00-00:00","2019-03-15T12:00:00-00:00","NP15","Solar","Renewable Forecast Actual Generation","RENEW_FCST_ACT_MW",3,3,-3.20672,"ACTUAL",1
"5","2019-03-15",6,0,"2019-03-15T12:00:00-00:00","2019-03-15T13:00:00-00:00","NP15","Solar","Renewable Forecast Actual Generation","RENEW_FCST_ACT_MW",3,3,-3.21942,"ACTUAL",1
"6","2019-03-15",7,0,"2019-03-15T13:00:00-00:00","2019-03-15T14:00:00-00:00","NP15","Solar","Renewable Forecast Actual Generation","RENEW_FCST_ACT_MW",3,3,-3.21871,"ACTUAL",1
"7","2019-03-15",8,0,"2019-03-15T14:00:00-00:00","2019-03-15T15:00:00-00:00","NP15","Solar","Renewable Forecast Actual Generation","RENEW_FCST_ACT_MW",3,3,109.22537,"ACTUAL",1
"8","2019-03-15",9,0,"2019-03-15T15:00:00-00:00","2019-03-15T16:00:00-00:00","NP15","Solar","Renewable Forecast Actual Generation","RENEW_FCST_ACT_MW",3,3,805.52926,"ACTUAL",1
"9","2019-03-15",10,0,"2019-03-15T16:00:00-00:00","2019-03-15T17:00:00-00:00","NP15","Solar","Renewable Forecast Actual Generation","RENEW_FCST_ACT_MW",3,3,1290.47723,"ACTUAL",1
"10","2019-03-15",11,0,"2019-03-15T17:00:00-00:00","2019-03-15T18:00:00-00:00","NP15","Solar","Renewable Forecast Actual Generation","RENEW_FCST_ACT_MW",3,3,1381.7518,"ACTUAL",1
"11","2019-03-15",12,0,"2019-03-15T18:00:00-00:00","2019-03-15T19:00:00-00:00","NP15","Solar","Renewable Forecast Actual Generation","RENEW_FCST_ACT_MW",3,3,1384.11608,"ACTUAL",1
"12","2019-03-15",13,0,"2019-03-15T19:00:00-00:00","2019-03-15T20:00:00-00:00","NP15","Solar","Renewable Forecast Actual Generation","RENEW_FCST_ACT_MW",3,3,1346.80557,"ACTUAL",1
"13","2019-03-15",14,0,"2019-03-15T20:00:00-00:00","2019-03-15T21:00:00-00:00","NP15","Solar","Renewable Forecast Actual Generation","RENEW_FCST_ACT_MW",3,3,1351.82438,"ACTUAL",1
"14","2019-03-15",15,0,"2019-03-15T21:00:00-00:00","2019-03-15T22:00:00-00:00","NP15","Solar","Renewable Forecast Actual Generation","RENEW_FCST_ACT_MW",3,3,1364.0096,"ACTUAL",1
"15","2019-03-15",16,0,"2019-03-15T22:00:00-00:00","2019-03-15T23:00:00-00:00","NP15","Solar","Renewable Forecast Actual Generation","RENEW_FCST_ACT_MW",3,3,1368.98333,"ACTUAL",1
"16","2019-03-15",17,0,"2019-03-15T23:00:00-00:00","2019-03-16T00:00:00-00:00","NP15","Solar","Renewable Forecast Actual Generation","RENEW_FCST_ACT_MW",3,3,1340.49009,"ACTUAL",1
"17","2019-03-15",18,0,"2019-03-16T00:00:00-00:00","2019-03-16T01:00:00-00:00","NP15","Solar","Renewable Forecast Actual Generation","RENEW_FCST_ACT_MW",3,3,1017.08579,"ACTUAL",1
"18","2019-03-15",19,0,"2019-03-16T01:00:00-00:00","2019-03-16T02:00:00-00:00","NP15","Solar","Renewable Forecast Actual Generation","RENEW_FCST_ACT_MW",3,3,252.47277,"ACTUAL",1
"19","2019-03-15",20,0,"2019-03-16T02:00:00-00:00","2019-03-16T03:00:00-00:00","NP15","Solar","Renewable Forecast Actual Generation","RENEW_FCST_ACT_MW",3,3,-2.05983,"ACTUAL",1
"20","2019-03-15",21,0,"2019-03-16T03:00:00-00:00","2019-03-16T04:00:00-00:00","NP15","Solar","Renewable Forecast Actual Generation","RENEW_FCST_ACT_MW",3,3,-2.79136,"ACTUAL",1
"21","2019-03-15",22,0,"2019-03-16T04:00:00-00:00","2019-03-16T05:00:00-00:00","NP15","Solar","Renewable Forecast Actual Generation","RENEW_FCST_ACT_MW",3,3,-2.76604,"ACTUAL",1
"22","2019-03-15",23,0,"2019-03-16T05:00:00-00:00","2019-03-16T06:00:00-00:00","NP15","Solar","Renewable Forecast Actual Generation","RENEW_FCST_ACT_MW",3,3,-2.77822,"ACTUAL",1
"23","2019-03-15",24,0,"2019-03-16T06:00:00-00:00","2019-03-16T07:00:00-00:00","NP15","Solar","Renewable Forecast Actual Generation","RENEW_FCST_ACT_MW",3,3,-2.82287,"ACTUAL",1
"24","2019-03-15",18,0,"2019-03-16T00:00:00-00:00","2019-03-16T01:00:00-00:00","NP15","Wind","Renewable Forecast Actual Generation","RENEW_FCST_ACT_MW",3,1,5.80494,"ACTUAL",2
"25","2019-03-15",6,0,"2019-03-15T12:00:00-00:00","2019-03-15T13:00:00-00:00","NP15","Wind","Renewable Forecast Actual Generation","RENEW_FCST_ACT_MW",3,1,36.93746,"ACTUAL",2
"26","2019-03-15",17,0,"2019-03-15T23:00:00-00:00","2019-03-16T00:00:00-00:00","NP15","Wind","Renewable Forecast Actual Generation","RENEW_FCST_ACT_MW",3,1,3.49558,"ACTUAL",2
"27","2019-03-15",16,0,"2019-03-15T22:00:00-00:00","2019-03-15T23:00:00-00:00","NP15","Wind","Renewable Forecast Actual Generation","RENEW_FCST_ACT_MW",3,1,5.5573,"ACTUAL",2
"28","2019-03-15",15,0,"2019-03-15T21:00:00-00:00","2019-03-15T22:00:00-00:00","NP15","Wind","Renewable Forecast Actual Generation","RENEW_FCST_ACT_MW",3,1,15.06024,"ACTUAL",2
"29","2019-03-15",14,0,"2019-03-15T20:00:00-00:00","2019-03-15T21:00:00-00:00","NP15","Wind","Renewable Forecast Actual Generation","RENEW_FCST_ACT_MW",3,1,38.17981,"ACTUAL",2
"30","2019-03-15",13,0,"2019-03-15T19:00:00-00:00","2019-03-15T20:00:00-00:00","NP15","Wind","Renewable Forecast Actual Generation","RENEW_FCST_ACT_MW",3,1,43.05608,"ACTUAL",2
"31","2019-03-15",12,0,"2019-03-15T18:00:00-00:00","2019-03-15T19:00:00-00:00","NP15","Wind","Renewable Forecast Actual Generation","RENEW_FCST_ACT_MW",3,1,41.93393,"ACTUAL",2
"32","2019-03-15",11,0,"2019-03-15T17:00:00-00:00","2019-03-15T18:00:00-00:00","NP15","Wind","Renewable Forecast Actual Generation","RENEW_FCST_ACT_MW",3,1,39.05996,"ACTUAL",2
"33","2019-03-15",10,0,"2019-03-15T16:00:00-00:00","2019-03-15T17:00:00-00:00","NP15","Wind","Renewable Forecast Actual Generation","RENEW_FCST_ACT_MW",3,1,44.39776,"ACTUAL",2
"34","2019-03-15",9,0,"2019-03-15T15:00:00-00:00","2019-03-15T16:00:00-00:00","NP15","Wind","Renewable Forecast Actual Generation","RENEW_FCST_ACT_MW",3,1,108.10542,"ACTUAL",2
"35","2019-03-15",8,0,"2019-03-15T14:00:00-00:00","2019-03-15T15:00:00-00:00","NP15","Wind","Renewable Forecast Actual Generation","RENEW_FCST_ACT_MW",3,1,87.43925,"ACTUAL",2
"36","2019-03-15",7,0,"2019-03-15T13:00:00-00:00","2019-03-15T14:00:00-00:00","NP15","Wind","Renewable Forecast Actual Generation","RENEW_FCST_ACT_MW",3,1,47.58336,"ACTUAL",2
"37","2019-03-15",5,0,"2019-03-15T11:00:00-00:00","2019-03-15T12:00:00-00:00","NP15","Wind","Renewable Forecast Actual Generation","RENEW_FCST_ACT_MW",3,1,31.98544,"ACTUAL",2
"38","2019-03-15",4,0,"2019-03-15T10:00:00-00:00","2019-03-15T11:00:00-00:00","NP15","Wind","Renewable Forecast Actual Generation","RENEW_FCST_ACT_MW",3,1,43.90521,"ACTUAL",2
"39","2019-03-15",3,0,"2019-03-15T09:00:00-00:00","2019-03-15T10:00:00-00:00","NP15","Wind","Renewable Forecast Actual Generation","RENEW_FCST_ACT_MW",3,1,89.16977,"ACTUAL",2
"40","2019-03-15",2,0,"2019-03-15T08:00:00-00:00","2019-03-15T09:00:00-00:00","NP15","Wind","Renewable Forecast Actual Generation","RENEW_FCST_ACT_MW",3,1,45.33661,"ACTUAL",2
"41","2019-03-15",24,0,"2019-03-16T06:00:00-00:00","2019-03-16T07:00:00-00:00","NP15","Wind","Renewable Forecast Actual Generation","RENEW_FCST_ACT_MW",3,1,139.45362,"ACTUAL",2
"42","2019-03-15",23,0,"2019-03-16T05:00:00-00:00","2019-03-16T06:00:00-00:00","NP15","Wind","Renewable Forecast Actual Generation","RENEW_FCST_ACT_MW",3,1,73.81031,"ACTUAL",2
"43","2019-03-15",22,0,"2019-03-16T04:00:00-00:00","2019-03-16T05:00:00-00:00","NP15","Wind","Renewable Forecast Actual Generation","RENEW_FCST_ACT_MW",3,1,48.03802,"ACTUAL",2
"44","2019-03-15",21,0,"2019-03-16T03:00:00-00:00","2019-03-16T04:00:00-00:00","NP15","Wind","Renewable Forecast Actual Generation","RENEW_FCST_ACT_MW",3,1,37.91864,"ACTUAL",2
"45","2019-03-15",20,0,"2019-03-16T02:00:00-00:00","2019-03-16T03:00:00-00:00","NP15","Wind","Renewable Forecast Actual Generation","RENEW_FCST_ACT_MW",3,1,38.37033,"ACTUAL",2
"46","2019-03-15",19,0,"2019-03-16T01:00:00-00:00","2019-03-16T02:00:00-00:00","NP15","Wind","Renewable Forecast Actual Generation","RENEW_FCST_ACT_MW",3,1,17.4911,"ACTUAL",2
"47","2019-03-15",6,0,"2019-03-15T12:00:00-00:00","2019-03-15T13:00:00-00:00","SP15","Solar","Renewable Forecast Actual Generation","RENEW_FCST_ACT_MW",3,3,-9.43949,"ACTUAL",3
"48","2019-03-15",18,0,"2019-03-16T00:00:00-00:00","2019-03-16T01:00:00-00:00","SP15","Solar","Renewable Forecast Actual Generation","RENEW_FCST_ACT_MW",3,3,3667.24408,"ACTUAL",3
"49","2019-03-15",5,0,"2019-03-15T11:00:00-00:00","2019-03-15T12:00:00-00:00","SP15","Solar","Renewable Forecast Actual Generation","RENEW_FCST_ACT_MW",3,3,-7.13411,"ACTUAL",3
"50","2019-03-15",11,0,"2019-03-15T17:00:00-00:00","2019-03-15T18:00:00-00:00","SP15","Solar","Renewable Forecast Actual Generation","RENEW_FCST_ACT_MW",3,3,6896.49473,"ACTUAL",3
"51","2019-03-15",4,0,"2019-03-15T10:00:00-00:00","2019-03-15T11:00:00-00:00","SP15","Solar","Renewable Forecast Actual Generation","RENEW_FCST_ACT_MW",3,3,-6.36432,"ACTUAL",3
"52","2019-03-15",15,0,"2019-03-15T21:00:00-00:00","2019-03-15T22:00:00-00:00","SP15","Solar","Renewable Forecast Actual Generation","RENEW_FCST_ACT_MW",3,3,6868.27346,"ACTUAL",3
"53","2019-03-15",3,0,"2019-03-15T09:00:00-00:00","2019-03-15T10:00:00-00:00","SP15","Solar","Renewable Forecast Actual Generation","RENEW_FCST_ACT_MW",3,3,-5.67138,"ACTUAL",3
"54","2019-03-15",10,0,"2019-03-15T16:00:00-00:00","2019-03-15T17:00:00-00:00","SP15","Solar","Renewable Forecast Actual Generation","RENEW_FCST_ACT_MW",3,3,6001.16415,"ACTUAL",3
"55","2019-03-15",2,0,"2019-03-15T08:00:00-00:00","2019-03-15T09:00:00-00:00","SP15","Solar","Renewable Forecast Actual Generation","RENEW_FCST_ACT_MW",3,3,-5.88149,"ACTUAL",3
"56","2019-03-15",13,0,"2019-03-15T19:00:00-00:00","2019-03-15T20:00:00-00:00","SP15","Solar","Renewable Forecast Actual Generation","RENEW_FCST_ACT_MW",3,3,6739.08261,"ACTUAL",3
"57","2019-03-15",24,0,"2019-03-16T06:00:00-00:00","2019-03-16T07:00:00-00:00","SP15","Solar","Renewable Forecast Actual Generation","RENEW_FCST_ACT_MW",3,3,-11.65347,"ACTUAL",3
"58","2019-03-15",9,0,"2019-03-15T15:00:00-00:00","2019-03-15T16:00:00-00:00","SP15","Solar","Renewable Forecast Actual Generation","RENEW_FCST_ACT_MW",3,3,3770.20791,"ACTUAL",3
"59","2019-03-15",23,0,"2019-03-16T05:00:00-00:00","2019-03-16T06:00:00-00:00","SP15","Solar","Renewable Forecast Actual Generation","RENEW_FCST_ACT_MW",3,3,-9.4456,"ACTUAL",3
"60","2019-03-15",16,0,"2019-03-15T22:00:00-00:00","2019-03-15T23:00:00-00:00","SP15","Solar","Renewable Forecast Actual Generation","RENEW_FCST_ACT_MW",3,3,6352.49145,"ACTUAL",3
"61","2019-03-15",22,0,"2019-03-16T04:00:00-00:00","2019-03-16T05:00:00-00:00","SP15","Solar","Renewable Forecast Actual Generation","RENEW_FCST_ACT_MW",3,3,-9.55621,"ACTUAL",3
"62","2019-03-15",8,0,"2019-03-15T14:00:00-00:00","2019-03-15T15:00:00-00:00","SP15","Solar","Renewable Forecast Actual Generation","RENEW_FCST_ACT_MW",3,3,802.05218,"ACTUAL",3
"63","2019-03-15",21,0,"2019-03-16T03:00:00-00:00","2019-03-16T04:00:00-00:00","SP15","Solar","Renewable Forecast Actual Generation","RENEW_FCST_ACT_MW",3,3,-10.49725,"ACTUAL",3
"64","2019-03-15",12,0,"2019-03-15T18:00:00-00:00","2019-03-15T19:00:00-00:00","SP15","Solar","Renewable Forecast Actual Generation","RENEW_FCST_ACT_MW",3,3,6837.16718,"ACTUAL",3
"65","2019-03-15",20,0,"2019-03-16T02:00:00-00:00","2019-03-16T03:00:00-00:00","SP15","Solar","Renewable Forecast Actual Generation","RENEW_FCST_ACT_MW",3,3,-6.98505,"ACTUAL",3
"66","2019-03-15",7,0,"2019-03-15T13:00:00-00:00","2019-03-15T14:00:00-00:00","SP15","Solar","Renewable Forecast Actual Generation","RENEW_FCST_ACT_MW",3,3,-8.54083,"ACTUAL",3
"67","2019-03-15",19,0,"2019-03-16T01:00:00-00:00","2019-03-16T02:00:00-00:00","SP15","Solar","Renewable Forecast Actual Generation","RENEW_FCST_ACT_MW",3,3,724.80494,"ACTUAL",3
"68","2019-03-15",14,0,"2019-03-15T20:00:00-00:00","2019-03-15T21:00:00-00:00","SP15","Solar","Renewable Forecast Actual Generation","RENEW_FCST_ACT_MW",3,3,6635.4101,"ACTUAL",3
"69","2019-03-15",17,0,"2019-03-15T23:00:00-00:00","2019-03-16T00:00:00-00:00","SP15","Solar","Renewable Forecast Actual Generation","RENEW_FCST_ACT_MW",3,3,5479.9126,"ACTUAL",3
"70","2019-03-15",18,0,"2019-03-16T00:00:00-00:00","2019-03-16T01:00:00-00:00","SP15","Wind","Renewable Forecast Actual Generation","RENEW_FCST_ACT_MW",3,1,549.14706,"ACTUAL",4
"71","2019-03-15",19,0,"2019-03-16T01:00:00-00:00","2019-03-16T02:00:00-00:00","SP15","Wind","Renewable Forecast Actual Generation","RENEW_FCST_ACT_MW",3,1,413.93171,"ACTUAL",4
"72","2019-03-15",20,0,"2019-03-16T02:00:00-00:00","2019-03-16T03:00:00-00:00","SP15","Wind","Renewable Forecast Actual Generation","RENEW_FCST_ACT_MW",3,1,347.68411,"ACTUAL",4
"73","2019-03-15",21,0,"2019-03-16T03:00:00-00:00","2019-03-16T04:00:00-00:00","SP15","Wind","Renewable Forecast Actual Generation","RENEW_FCST_ACT_MW",3,1,296.2756,"ACTUAL",4
"74","2019-03-15",22,0,"2019-03-16T04:00:00-00:00","2019-03-16T05:00:00-00:00","SP15","Wind","Renewable Forecast Actual Generation","RENEW_FCST_ACT_MW",3,1,296.23111,"ACTUAL",4
"75","2019-03-15",23,0,"2019-03-16T05:00:00-00:00","2019-03-16T06:00:00-00:00","SP15","Wind","Renewable Forecast Actual Generation","RENEW_FCST_ACT_MW",3,1,282.44336,"ACTUAL",4
"76","2019-03-15",24,0,"2019-03-16T06:00:00-00:00","2019-03-16T07:00:00-00:00","SP15","Wind","Renewable Forecast Actual Generation","RENEW_FCST_ACT_MW",3,1,272.69275,"ACTUAL",4
"77","2019-03-15",2,0,"2019-03-15T08:00:00-00:00","2019-03-15T09:00:00-00:00","SP15","Wind","Renewable Forecast Actual Generation","RENEW_FCST_ACT_MW",3,1,652.08613,"ACTUAL",4
"78","2019-03-15",3,0,"2019-03-15T09:00:00-00:00","2019-03-15T10:00:00-00:00","SP15","Wind","Renewable Forecast Actual Generation","RENEW_FCST_ACT_MW",3,1,676.92541,"ACTUAL",4
"79","2019-03-15",4,0,"2019-03-15T10:00:00-00:00","2019-03-15T11:00:00-00:00","SP15","Wind","Renewable Forecast Actual Generation","RENEW_FCST_ACT_MW",3,1,732.17748,"ACTUAL",4
"80","2019-03-15",5,0,"2019-03-15T11:00:00-00:00","2019-03-15T12:00:00-00:00","SP15","Wind","Renewable Forecast Actual Generation","RENEW_FCST_ACT_MW",3,1,763.6519,"ACTUAL",4
"81","2019-03-15",6,0,"2019-03-15T12:00:00-00:00","2019-03-15T13:00:00-00:00","SP15","Wind","Renewable Forecast Actual Generation","RENEW_FCST_ACT_MW",3,1,800.0204,"ACTUAL",4
"82","2019-03-15",7,0,"2019-03-15T13:00:00-00:00","2019-03-15T14:00:00-00:00","SP15","Wind","Renewable Forecast Actual Generation","RENEW_FCST_ACT_MW",3,1,836.29684,"ACTUAL",4
"83","2019-03-15",8,0,"2019-03-15T14:00:00-00:00","2019-03-15T15:00:00-00:00","SP15","Wind","Renewable Forecast Actual Generation","RENEW_FCST_ACT_MW",3,1,863.87326,"ACTUAL",4
"84","2019-03-15",9,0,"2019-03-15T15:00:00-00:00","2019-03-15T16:00:00-00:00","SP15","Wind","Renewable Forecast Actual Generation","RENEW_FCST_ACT_MW",3,1,863.52639,"ACTUAL",4
"85","2019-03-15",10,0,"2019-03-15T16:00:00-00:00","2019-03-15T17:00:00-00:00","SP15","Wind","Renewable Forecast Actual Generation","RENEW_FCST_ACT_MW",3,1,958.87837,"ACTUAL",4
"86","2019-03-15",11,0,"2019-03-15T17:00:00-00:00","2019-03-15T18:00:00-00:00","SP15","Wind","Renewable Forecast Actual Generation","RENEW_FCST_ACT_MW",3,1,1139.90204,"ACTUAL",4
"87","2019-03-15",12,0,"2019-03-15T18:00:00-00:00","2019-03-15T19:00:00-00:00","SP15","Wind","Renewable Forecast Actual Generation","RENEW_FCST_ACT_MW",3,1,1231.31384,"ACTUAL",4
"88","2019-03-15",13,0,"2019-03-15T19:00:00-00:00","2019-03-15T20:00:00-00:00","SP15","Wind","Renewable Forecast Actual Generation","RENEW_FCST_ACT_MW",3,1,1143.22307,"ACTUAL",4
"89","2019-03-15",14,0,"2019-03-15T20:00:00-00:00","2019-03-15T21:00:00-00:00","SP15","Wind","Renewable Forecast Actual Generation","RENEW_FCST_ACT_MW",3,1,1099.81574,"ACTUAL",4
"90","2019-03-15",15,0,"2019-03-15T21:00:00-00:00","2019-03-15T22:00:00-00:00","SP15","Wind","Renewable Forecast Actual Generation","RENEW_FCST_ACT_MW",3,1,904.22439,"ACTUAL",4
"91","2019-03-15",16,0,"2019-03-15T22:00:00-00:00","2019-03-15T23:00:00-00:00","SP15","Wind","Renewable Forecast Actual Generation","RENEW_FCST_ACT_MW",3,1,822.0734,"ACTUAL",4
"92","2019-03-15",17,0,"2019-03-15T23:00:00-00:00","2019-03-16T00:00:00-00:00","SP15","Wind","Renewable Forecast Actual Generation","RENEW_FCST_ACT_MW",3,1,703.9201,"ACTUAL",4
"93","2019-03-15",18,0,"2019-03-16T00:00:00-00:00","2019-03-16T01:00:00-00:00","ZP26","Solar","Renewable Forecast Actual Generation","RENEW_FCST_ACT_MW",3,3,900.86808,"ACTUAL",5
"94","2019-03-15",17,0,"2019-03-15T23:00:00-00:00","2019-03-16T00:00:00-00:00","ZP26","Solar","Renewable Forecast Actual Generation","RENEW_FCST_ACT_MW",3,3,1324.42622,"ACTUAL",5
"95","2019-03-15",20,0,"2019-03-16T02:00:00-00:00","2019-03-16T03:00:00-00:00","ZP26","Solar","Renewable Forecast Actual Generation","RENEW_FCST_ACT_MW",3,3,-3.41152,"ACTUAL",5
"96","2019-03-15",21,0,"2019-03-16T03:00:00-00:00","2019-03-16T04:00:00-00:00","ZP26","Solar","Renewable Forecast Actual Generation","RENEW_FCST_ACT_MW",3,3,-3.76817,"ACTUAL",5
"97","2019-03-15",22,0,"2019-03-16T04:00:00-00:00","2019-03-16T05:00:00-00:00","ZP26","Solar","Renewable Forecast Actual Generation","RENEW_FCST_ACT_MW",3,3,-3.72617,"ACTUAL",5
"98","2019-03-15",23,0,"2019-03-16T05:00:00-00:00","2019-03-16T06:00:00-00:00","ZP26","Solar","Renewable Forecast Actual Generation","RENEW_FCST_ACT_MW",3,3,-3.72571,"ACTUAL",5
"99","2019-03-15",24,0,"2019-03-16T06:00:00-00:00","2019-03-16T07:00:00-00:00","ZP26","Solar","Renewable Forecast Actual Generation","RENEW_FCST_ACT_MW",3,3,-3.77517,"ACTUAL",5
"100","2019-03-15",2,0,"2019-03-15T08:00:00-00:00","2019-03-15T09:00:00-00:00","ZP26","Solar","Renewable Forecast Actual Generation","RENEW_FCST_ACT_MW",3,3,-3.78293,"ACTUAL",5
"101","2019-03-15",3,0,"2019-03-15T09:00:00-00:00","2019-03-15T10:00:00-00:00","ZP26","Solar","Renewable Forecast Actual Generation","RENEW_FCST_ACT_MW",3,3,-3.79208,"ACTUAL",5
"102","2019-03-15",4,0,"2019-03-15T10:00:00-00:00","2019-03-15T11:00:00-00:00","ZP26","Solar","Renewable Forecast Actual Generation","RENEW_FCST_ACT_MW",3,3,-3.81371,"ACTUAL",5
"103","2019-03-15",5,0,"2019-03-15T11:00:00-00:00","2019-03-15T12:00:00-00:00","ZP26","Solar","Renewable Forecast Actual Generation","RENEW_FCST_ACT_MW",3,3,-4.05925,"ACTUAL",5
"104","2019-03-15",6,0,"2019-03-15T12:00:00-00:00","2019-03-15T13:00:00-00:00","ZP26","Solar","Renewable Forecast Actual Generation","RENEW_FCST_ACT_MW",3,3,-4.15839,"ACTUAL",5
"105","2019-03-15",7,0,"2019-03-15T13:00:00-00:00","2019-03-15T14:00:00-00:00","ZP26","Solar","Renewable Forecast Actual Generation","RENEW_FCST_ACT_MW",3,3,-4.15808,"ACTUAL",5
"106","2019-03-15",8,0,"2019-03-15T14:00:00-00:00","2019-03-15T15:00:00-00:00","ZP26","Solar","Renewable Forecast Actual Generation","RENEW_FCST_ACT_MW",3,3,106.57783,"ACTUAL",5
"107","2019-03-15",9,0,"2019-03-15T15:00:00-00:00","2019-03-15T16:00:00-00:00","ZP26","Solar","Renewable Forecast Actual Generation","RENEW_FCST_ACT_MW",3,3,740.26061,"ACTUAL",5
"108","2019-03-15",10,0,"2019-03-15T16:00:00-00:00","2019-03-15T17:00:00-00:00","ZP26","Solar","Renewable Forecast Actual Generation","RENEW_FCST_ACT_MW",3,3,1248.86745,"ACTUAL",5
"109","2019-03-15",11,0,"2019-03-15T17:00:00-00:00","2019-03-15T18:00:00-00:00","ZP26","Solar","Renewable Forecast Actual Generation","RENEW_FCST_ACT_MW",3,3,1430.52516,"ACTUAL",5
"110","2019-03-15",12,0,"2019-03-15T18:00:00-00:00","2019-03-15T19:00:00-00:00","ZP26","Solar","Renewable Forecast Actual Generation","RENEW_FCST_ACT_MW",3,3,1500.95702,"ACTUAL",5
"111","2019-03-15",13,0,"2019-03-15T19:00:00-00:00","2019-03-15T20:00:00-00:00","ZP26","Solar","Renewable Forecast Actual Generation","RENEW_FCST_ACT_MW",3,3,1503.6953,"ACTUAL",5
"112","2019-03-15",14,0,"2019-03-15T20:00:00-00:00","2019-03-15T21:00:00-00:00","ZP26","Solar","Renewable Forecast Actual Generation","RENEW_FCST_ACT_MW",3,3,1504.55378,"ACTUAL",5
"113","2019-03-15",15,0,"2019-03-15T21:00:00-00:00","2019-03-15T22:00:00-00:00","ZP26","Solar","Renewable Forecast Actual Generation","RENEW_FCST_ACT_MW",3,3,1517.79748,"ACTUAL",5
"114","2019-03-15",16,0,"2019-03-15T22:00:00-00:00","2019-03-15T23:00:00-00:00","ZP26","Solar","Renewable Forecast Actual Generation","RENEW_FCST_ACT_MW",3,3,1483.1634,"ACTUAL",5
"115","2019-03-15",19,0,"2019-03-16T01:00:00-00:00","2019-03-16T02:00:00-00:00","ZP26","Solar","Renewable Forecast Actual Generation","RENEW_FCST_ACT_MW",3,3,220.82794,"ACTUAL",5
"116","2019-03-16",1,0,"2019-03-16T07:00:00-00:00","2019-03-16T08:00:00-00:00","NP15","Solar","Renewable Forecast Actual Generation","RENEW_FCST_ACT_MW",3,3,-2.9025,"ACTUAL",6
"117","2019-03-16",1,0,"2019-03-16T07:00:00-00:00","2019-03-16T08:00:00-00:00","NP15","Wind","Renewable Forecast Actual Generation","RENEW_FCST_ACT_MW",3,1,125.5318,"ACTUAL",7
"118","2019-03-16",1,0,"2019-03-16T07:00:00-00:00","2019-03-16T08:00:00-00:00","SP15","Solar","Renewable Forecast Actual Generation","RENEW_FCST_ACT_MW",3,3,-9.09432,"ACTUAL",8
"119","2019-03-16",1,0,"2019-03-16T07:00:00-00:00","2019-03-16T08:00:00-00:00","SP15","Wind","Renewable Forecast Actual Generation","RENEW_FCST_ACT_MW",3,1,295.9028,"ACTUAL",9
"120","2019-03-16",1,0,"2019-03-16T07:00:00-00:00","2019-03-16T08:00:00-00:00","ZP26","Solar","Renewable Forecast Actual Generation","RENEW_FCST_ACT_MW",3,3,-3.79016,"ACTUAL",10
