"","OPR_DT","OPR_HR","OPR_INTERVAL","INTERVALSTARTTIME_GMT","INTERVALENDTIME_GMT","TRADING_HUB","RENEWABLE_TYPE","LABEL","XML_DATA_ITEM","MARKET_RUN_ID_POS","RENEW_POS","MW","MARKET_RUN_ID","GROUP"
"1","2019-12-29",1,0,"2019-12-29T08:00:00-00:00","2019-12-29T09:00:00-00:00","NP15","Solar","Renewable Forecast Actual Generation","RENEW_FCST_ACT_MW",3,3,-3.51309,"ACTUAL",1
"2","2019-12-29",2,0,"2019-12-29T09:00:00-00:00","2019-12-29T10:00:00-00:00","NP15","Solar","Renewable Forecast Actual Generation","RENEW_FCST_ACT_MW",3,3,-3.52695,"ACTUAL",1
"3","2019-12-29",3,0,"2019-12-29T10:00:00-00:00","2019-12-29T11:00:00-00:00","NP15","Solar","Renewable Forecast Actual Generation","RENEW_FCST_ACT_MW",3,3,-3.5454,"ACTUAL",1
"4","2019-12-29",4,0,"2019-12-29T11:00:00-00:00","2019-12-29T12:00:00-00:00","NP15","Solar","Renewable Forecast Actual Generation","RENEW_FCST_ACT_MW",3,3,-3.59109,"ACTUAL",1
"5","2019-12-29",5,0,"2019-12-29T12:00:00-00:00","2019-12-29T13:00:00-00:00","NP15","Solar","Renewable Forecast Actual Generation","RENEW_FCST_ACT_MW",3,3,-3.55521,"ACTUAL",1
"6","2019-12-29",6,0,"2019-12-29T13:00:00-00:00","2019-12-29T14:00:00-00:00","NP15","Solar","Renewable Forecast Actual Generation","RENEW_FCST_ACT_MW",3,3,-3.62096,"ACTUAL",1
"7","2019-12-29",7,0,"2019-12-29T14:00:00-00:00","2019-12-29T15:00:00-00:00","NP15","Solar","Renewable Forecast Actual Generation","RENEW_FCST_ACT_MW",3,3,-3.60349,"ACTUAL",1
"8","2019-12-29",8,0,"2019-12-29T15:00:00-00:00","2019-12-29T16:00:00-00:00","NP15","Solar","Renewable Forecast Actual Generation","RENEW_FCST_ACT_MW",3,3,18.35086,"ACTUAL",1
"9","2019-12-29",9,0,"2019-12-29T16:00:00-00:00","2019-12-29T17:00:00-00:00","NP15","Solar","Renewable Forecast Actual Generation","RENEW_FCST_ACT_MW",3,3,129.15754,"ACTUAL",1
"10","2019-12-29",10,0,"2019-12-29T17:00:00-00:00","2019-12-29T18:00:00-00:00","NP15","Solar","Renewable Forecast Actual Generation","RENEW_FCST_ACT_MW",3,3,235.45404,"ACTUAL",1
"11","2019-12-29",11,0,"2019-12-29T18:00:00-00:00","2019-12-29T19:00:00-00:00","NP15","Solar","Renewable Forecast Actual Generation","RENEW_FCST_ACT_MW",3,3,377.23801,"ACTUAL",1
"12","2019-12-29",12,0,"2019-12-29T19:00:00-00:00","2019-12-29T20:00:00-00:00","NP15","Solar","Renewable Forecast Actual Generation","RENEW_FCST_ACT_MW",3,3,610.43942,"ACTUAL",1
"13","2019-12-29",13,0,"2019-12-29T20:00:00-00:00","2019-12-29T21:00:00-00:00","NP15","Solar","Renewable Forecast Actual Generation","RENEW_FCST_ACT_MW",3,3,666.20747,"ACTUAL",1
"14","2019-12-29",14,0,"2019-12-29T21:00:00-00:00","2019-12-29T22:00:00-00:00","NP15","Solar","Renewable Forecast Actual Generation","RENEW_FCST_ACT_MW",3,3,461.52148,"ACTUAL",1
"15","2019-12-29",15,0,"2019-12-29T22:00:00-00:00","2019-12-29T23:00:00-00:00","NP15","Solar","Renewable Forecast Actual Generation","RENEW_FCST_ACT_MW",3,3,270.36312,"ACTUAL",1
"16","2019-12-29",16,0,"2019-12-29T23:00:00-00:00","2019-12-30T00:00:00-00:00","NP15","Solar","Renewable Forecast Actual Generation","RENEW_FCST_ACT_MW",3,3,129.42283,"ACTUAL",1
"17","2019-12-29",17,0,"2019-12-30T00:00:00-00:00","2019-12-30T01:00:00-00:00","NP15","Solar","Renewable Forecast Actual Generation","RENEW_FCST_ACT_MW",3,3,12.36789,"ACTUAL",1
"18","2019-12-29",18,0,"2019-12-30T01:00:00-00:00","2019-12-30T02:00:00-00:00","NP15","Solar","Renewable Forecast Actual Generation","RENEW_FCST_ACT_MW",3,3,-3.6207,"ACTUAL",1
"19","2019-12-29",19,0,"2019-12-30T02:00:00-00:00","2019-12-30T03:00:00-00:00","NP15","Solar","Renewable Forecast Actual Generation","RENEW_FCST_ACT_MW",3,3,-3.49105,"ACTUAL",1
"20","2019-12-29",20,0,"2019-12-30T03:00:00-00:00","2019-12-30T04:00:00-00:00","NP15","Solar","Renewable Forecast Actual Generation","RENEW_FCST_ACT_MW",3,3,-3.4283,"ACTUAL",1
"21","2019-12-29",21,0,"2019-12-30T04:00:00-00:00","2019-12-30T05:00:00-00:00","NP15","Solar","Renewable Forecast Actual Generation","RENEW_FCST_ACT_MW",3,3,-3.44893,"ACTUAL",1
"22","2019-12-29",22,0,"2019-12-30T05:00:00-00:00","2019-12-30T06:00:00-00:00","NP15","Solar","Renewable Forecast Actual Generation","RENEW_FCST_ACT_MW",3,3,-3.4694,"ACTUAL",1
"23","2019-12-29",23,0,"2019-12-30T06:00:00-00:00","2019-12-30T07:00:00-00:00","NP15","Solar","Renewable Forecast Actual Generation","RENEW_FCST_ACT_MW",3,3,-3.46406,"ACTUAL",1
"24","2019-12-29",24,0,"2019-12-30T07:00:00-00:00","2019-12-30T08:00:00-00:00","NP15","Solar","Renewable Forecast Actual Generation","RENEW_FCST_ACT_MW",3,3,-3.48542,"ACTUAL",1
"25","2019-12-29",1,0,"2019-12-29T08:00:00-00:00","2019-12-29T09:00:00-00:00","NP15","Wind","Renewable Forecast Actual Generation","RENEW_FCST_ACT_MW",3,1,75.72461,"ACTUAL",2
"26","2019-12-29",24,0,"2019-12-30T07:00:00-00:00","2019-12-30T08:00:00-00:00","NP15","Wind","Renewable Forecast Actual Generation","RENEW_FCST_ACT_MW",3,1,308.80326,"ACTUAL",2
"27","2019-12-29",3,0,"2019-12-29T10:00:00-00:00","2019-12-29T11:00:00-00:00","NP15","Wind","Renewable Forecast Actual Generation","RENEW_FCST_ACT_MW",3,1,95.28392,"ACTUAL",2
"28","2019-12-29",4,0,"2019-12-29T11:00:00-00:00","2019-12-29T12:00:00-00:00","NP15","Wind","Renewable Forecast Actual Generation","RENEW_FCST_ACT_MW",3,1,75.09081,"ACTUAL",2
"29","2019-12-29",5,0,"2019-12-29T12:00:00-00:00","2019-12-29T13:00:00-00:00","NP15","Wind","Renewable Forecast Actual Generation","RENEW_FCST_ACT_MW",3,1,72.62463,"ACTUAL",2
"30","2019-12-29",6,0,"2019-12-29T13:00:00-00:00","2019-12-29T14:00:00-00:00","NP15","Wind","Renewable Forecast Actual Generation","RENEW_FCST_ACT_MW",3,1,96.43714,"ACTUAL",2
"31","2019-12-29",7,0,"2019-12-29T14:00:00-00:00","2019-12-29T15:00:00-00:00","NP15","Wind","Renewable Forecast Actual Generation","RENEW_FCST_ACT_MW",3,1,208.16028,"ACTUAL",2
"32","2019-12-29",8,0,"2019-12-29T15:00:00-00:00","2019-12-29T16:00:00-00:00","NP15","Wind","Renewable Forecast Actual Generation","RENEW_FCST_ACT_MW",3,1,177.11688,"ACTUAL",2
"33","2019-12-29",9,0,"2019-12-29T16:00:00-00:00","2019-12-29T17:00:00-00:00","NP15","Wind","Renewable Forecast Actual Generation","RENEW_FCST_ACT_MW",3,1,144.00404,"ACTUAL",2
"34","2019-12-29",10,0,"2019-12-29T17:00:00-00:00","2019-12-29T18:00:00-00:00","NP15","Wind","Renewable Forecast Actual Generation","RENEW_FCST_ACT_MW",3,1,139.84877,"ACTUAL",2
"35","2019-12-29",11,0,"2019-12-29T18:00:00-00:00","2019-12-29T19:00:00-00:00","NP15","Wind","Renewable Forecast Actual Generation","RENEW_FCST_ACT_MW",3,1,132.58215,"ACTUAL",2
"36","2019-12-29",12,0,"2019-12-29T19:00:00-00:00","2019-12-29T20:00:00-00:00","NP15","Wind","Renewable Forecast Actual Generation","RENEW_FCST_ACT_MW",3,1,72.0286,"ACTUAL",2
"37","2019-12-29",13,0,"2019-12-29T20:00:00-00:00","2019-12-29T21:00:00-00:00","NP15","Wind","Renewable Forecast Actual Generation","RENEW_FCST_ACT_MW",3,1,38.57657,"ACTUAL",2
"38","2019-12-29",14,0,"2019-12-29T21:00:00-00:00","2019-12-29T22:00:00-00:00","NP15","Wind","Renewable Forecast Actual Generation","RENEW_FCST_ACT_MW",3,1,67.8269,"ACTUAL",2
"39","2019-12-29",15,0,"2019-12-29T22:00:00-00:00","2019-12-29T23:00:00-00:00","NP15","Wind","Renewable Forecast Actual Generation","RENEW_FCST_ACT_MW",3,1,88.13796,"ACTUAL",2
"40","2019-12-29",16,0,"2019-12-29T23:00:00-00:00","2019-12-30T00:00:00-00:00","NP15","Wind","Renewable Forecast Actual Generation","RENEW_FCST_ACT_MW",3,1,166.53535,"ACTUAL",2
"41","2019-12-29",17,0,"2019-12-30T00:00:00-00:00","2019-12-30T01:00:00-00:00","NP15","Wind","Renewable Forecast Actual Generation","RENEW_FCST_ACT_MW",3,1,238.22852,"ACTUAL",2
"42","2019-12-29",18,0,"2019-12-30T01:00:00-00:00","2019-12-30T02:00:00-00:00","NP15","Wind","Renewable Forecast Actual Generation","RENEW_FCST_ACT_MW",3,1,154.09735,"ACTUAL",2
"43","2019-12-29",19,0,"2019-12-30T02:00:00-00:00","2019-12-30T03:00:00-00:00","NP15","Wind","Renewable Forecast Actual Generation","RENEW_FCST_ACT_MW",3,1,62.66766,"ACTUAL",2
"44","2019-12-29",20,0,"2019-12-30T03:00:00-00:00","2019-12-30T04:00:00-00:00","NP15","Wind","Renewable Forecast Actual Generation","RENEW_FCST_ACT_MW",3,1,247.5421,"ACTUAL",2
"45","2019-12-29",21,0,"2019-12-30T04:00:00-00:00","2019-12-30T05:00:00-00:00","NP15","Wind","Renewable Forecast Actual Generation","RENEW_FCST_ACT_MW",3,1,423.09048,"ACTUAL",2
"46","2019-12-29",22,0,"2019-12-30T05:00:00-00:00","2019-12-30T06:00:00-00:00","NP15","Wind","Renewable Forecast Actual Generation","RENEW_FCST_ACT_MW",3,1,464.0416,"ACTUAL",2
"47","2019-12-29",23,0,"2019-12-30T06:00:00-00:00","2019-12-30T07:00:00-00:00","NP15","Wind","Renewable Forecast Actual Generation","RENEW_FCST_ACT_MW",3,1,424.11268,"ACTUAL",2
"48","2019-12-29",2,0,"2019-12-29T09:00:00-00:00","2019-12-29T10:00:00-00:00","NP15","Wind","Renewable Forecast Actual Generation","RENEW_FCST_ACT_MW",3,1,58.49808,"ACTUAL",2
"49","2019-12-29",24,0,"2019-12-30T07:00:00-00:00","2019-12-30T08:00:00-00:00","SP15","Solar","Renewable Forecast Actual Generation","RENEW_FCST_ACT_MW",3,3,18.10953,"ACTUAL",3
"50","2019-12-29",2,0,"2019-12-29T09:00:00-00:00","2019-12-29T10:00:00-00:00","SP15","Solar","Renewable Forecast Actual Generation","RENEW_FCST_ACT_MW",3,3,9.10537,"ACTUAL",3
"51","2019-12-29",23,0,"2019-12-30T06:00:00-00:00","2019-12-30T07:00:00-00:00","SP15","Solar","Renewable Forecast Actual Generation","RENEW_FCST_ACT_MW",3,3,25.87989,"ACTUAL",3
"52","2019-12-29",6,0,"2019-12-29T13:00:00-00:00","2019-12-29T14:00:00-00:00","SP15","Solar","Renewable Forecast Actual Generation","RENEW_FCST_ACT_MW",3,3,8.05186,"ACTUAL",3
"53","2019-12-29",22,0,"2019-12-30T05:00:00-00:00","2019-12-30T06:00:00-00:00","SP15","Solar","Renewable Forecast Actual Generation","RENEW_FCST_ACT_MW",3,3,27.84242,"ACTUAL",3
"54","2019-12-29",11,0,"2019-12-29T18:00:00-00:00","2019-12-29T19:00:00-00:00","SP15","Solar","Renewable Forecast Actual Generation","RENEW_FCST_ACT_MW",3,3,4244.73965,"ACTUAL",3
"55","2019-12-29",21,0,"2019-12-30T04:00:00-00:00","2019-12-30T05:00:00-00:00","SP15","Solar","Renewable Forecast Actual Generation","RENEW_FCST_ACT_MW",3,3,28.12885,"ACTUAL",3
"56","2019-12-29",3,0,"2019-12-29T10:00:00-00:00","2019-12-29T11:00:00-00:00","SP15","Solar","Renewable Forecast Actual Generation","RENEW_FCST_ACT_MW",3,3,9.10126,"ACTUAL",3
"57","2019-12-29",20,0,"2019-12-30T03:00:00-00:00","2019-12-30T04:00:00-00:00","SP15","Solar","Renewable Forecast Actual Generation","RENEW_FCST_ACT_MW",3,3,28.37564,"ACTUAL",3
"58","2019-12-29",10,0,"2019-12-29T17:00:00-00:00","2019-12-29T18:00:00-00:00","SP15","Solar","Renewable Forecast Actual Generation","RENEW_FCST_ACT_MW",3,3,4219.35219,"ACTUAL",3
"59","2019-12-29",19,0,"2019-12-30T02:00:00-00:00","2019-12-30T03:00:00-00:00","SP15","Solar","Renewable Forecast Actual Generation","RENEW_FCST_ACT_MW",3,3,28.78275,"ACTUAL",3
"60","2019-12-29",5,0,"2019-12-29T12:00:00-00:00","2019-12-29T13:00:00-00:00","SP15","Solar","Renewable Forecast Actual Generation","RENEW_FCST_ACT_MW",3,3,6.64205,"ACTUAL",3
"61","2019-12-29",18,0,"2019-12-30T01:00:00-00:00","2019-12-30T02:00:00-00:00","SP15","Solar","Renewable Forecast Actual Generation","RENEW_FCST_ACT_MW",3,3,23.34915,"ACTUAL",3
"62","2019-12-29",9,0,"2019-12-29T16:00:00-00:00","2019-12-29T17:00:00-00:00","SP15","Solar","Renewable Forecast Actual Generation","RENEW_FCST_ACT_MW",3,3,2806.62799,"ACTUAL",3
"63","2019-12-29",17,0,"2019-12-30T00:00:00-00:00","2019-12-30T01:00:00-00:00","SP15","Solar","Renewable Forecast Actual Generation","RENEW_FCST_ACT_MW",3,3,129.73736,"ACTUAL",3
"64","2019-12-29",1,0,"2019-12-29T08:00:00-00:00","2019-12-29T09:00:00-00:00","SP15","Solar","Renewable Forecast Actual Generation","RENEW_FCST_ACT_MW",3,3,0.70774,"ACTUAL",3
"65","2019-12-29",16,0,"2019-12-29T23:00:00-00:00","2019-12-30T00:00:00-00:00","SP15","Solar","Renewable Forecast Actual Generation","RENEW_FCST_ACT_MW",3,3,1309.45914,"ACTUAL",3
"66","2019-12-29",8,0,"2019-12-29T15:00:00-00:00","2019-12-29T16:00:00-00:00","SP15","Solar","Renewable Forecast Actual Generation","RENEW_FCST_ACT_MW",3,3,889.4703,"ACTUAL",3
"67","2019-12-29",15,0,"2019-12-29T22:00:00-00:00","2019-12-29T23:00:00-00:00","SP15","Solar","Renewable Forecast Actual Generation","RENEW_FCST_ACT_MW",3,3,3242.46116,"ACTUAL",3
"68","2019-12-29",4,0,"2019-12-29T11:00:00-00:00","2019-12-29T12:00:00-00:00","SP15","Solar","Renewable Forecast Actual Generation","RENEW_FCST_ACT_MW",3,3,7.61658,"ACTUAL",3
"69","2019-12-29",14,0,"2019-12-29T21:00:00-00:00","2019-12-29T22:00:00-00:00","SP15","Solar","Renewable Forecast Actual Generation","RENEW_FCST_ACT_MW",3,3,3749.71989,"ACTUAL",3
"70","2019-12-29",7,0,"2019-12-29T14:00:00-00:00","2019-12-29T15:00:00-00:00","SP15","Solar","Renewable Forecast Actual Generation","RENEW_FCST_ACT_MW",3,3,11.21589,"ACTUAL",3
"71","2019-12-29",13,0,"2019-12-29T20:00:00-00:00","2019-12-29T21:00:00-00:00","SP15","Solar","Renewable Forecast Actual Generation","RENEW_FCST_ACT_MW",3,3,4328.78249,"ACTUAL",3
"72","2019-12-29",12,0,"2019-12-29T19:00:00-00:00","2019-12-29T20:00:00-00:00","SP15","Solar","Renewable Forecast Actual Generation","RENEW_FCST_ACT_MW",3,3,4221.39377,"ACTUAL",3
"73","2019-12-29",23,0,"2019-12-30T06:00:00-00:00","2019-12-30T07:00:00-00:00","SP15","Wind","Renewable Forecast Actual Generation","RENEW_FCST_ACT_MW",3,1,183.43809,"ACTUAL",4
"74","2019-12-29",22,0,"2019-12-30T05:00:00-00:00","2019-12-30T06:00:00-00:00","SP15","Wind","Renewable Forecast Actual Generation","RENEW_FCST_ACT_MW",3,1,210.13533,"ACTUAL",4
"75","2019-12-29",21,0,"2019-12-30T04:00:00-00:00","2019-12-30T05:00:00-00:00","SP15","Wind","Renewable Forecast Actual Generation","RENEW_FCST_ACT_MW",3,1,164.43404,"ACTUAL",4
"76","2019-12-29",20,0,"2019-12-30T03:00:00-00:00","2019-12-30T04:00:00-00:00","SP15","Wind","Renewable Forecast Actual Generation","RENEW_FCST_ACT_MW",3,1,78.91748,"ACTUAL",4
"77","2019-12-29",19,0,"2019-12-30T02:00:00-00:00","2019-12-30T03:00:00-00:00","SP15","Wind","Renewable Forecast Actual Generation","RENEW_FCST_ACT_MW",3,1,45.96622,"ACTUAL",4
"78","2019-12-29",18,0,"2019-12-30T01:00:00-00:00","2019-12-30T02:00:00-00:00","SP15","Wind","Renewable Forecast Actual Generation","RENEW_FCST_ACT_MW",3,1,44.60089,"ACTUAL",4
"79","2019-12-29",17,0,"2019-12-30T00:00:00-00:00","2019-12-30T01:00:00-00:00","SP15","Wind","Renewable Forecast Actual Generation","RENEW_FCST_ACT_MW",3,1,43.85428,"ACTUAL",4
"80","2019-12-29",16,0,"2019-12-29T23:00:00-00:00","2019-12-30T00:00:00-00:00","SP15","Wind","Renewable Forecast Actual Generation","RENEW_FCST_ACT_MW",3,1,42.97054,"ACTUAL",4
"81","2019-12-29",15,0,"2019-12-29T22:00:00-00:00","2019-12-29T23:00:00-00:00","SP15","Wind","Renewable Forecast Actual Generation","RENEW_FCST_ACT_MW",3,1,48.06408,"ACTUAL",4
"82","2019-12-29",14,0,"2019-12-29T21:00:00-00:00","2019-12-29T22:00:00-00:00","SP15","Wind","Renewable Forecast Actual Generation","RENEW_FCST_ACT_MW",3,1,48.39121,"ACTUAL",4
"83","2019-12-29",13,0,"2019-12-29T20:00:00-00:00","2019-12-29T21:00:00-00:00","SP15","Wind","Renewable Forecast Actual Generation","RENEW_FCST_ACT_MW",3,1,47.80365,"ACTUAL",4
"84","2019-12-29",12,0,"2019-12-29T19:00:00-00:00","2019-12-29T20:00:00-00:00","SP15","Wind","Renewable Forecast Actual Generation","RENEW_FCST_ACT_MW",3,1,45.33225,"ACTUAL",4
"85","2019-12-29",11,0,"2019-12-29T18:00:00-00:00","2019-12-29T19:00:00-00:00","SP15","Wind","Renewable Forecast Actual Generation","RENEW_FCST_ACT_MW",3,1,47.61655,"ACTUAL",4
"86","2019-12-29",10,0,"2019-12-29T17:00:00-00:00","2019-12-29T18:00:00-00:00","SP15","Wind","Renewable Forecast Actual Generation","RENEW_FCST_ACT_MW",3,1,54.72853,"ACTUAL",4
"87","2019-12-29",9,0,"2019-12-29T16:00:00-00:00","2019-12-29T17:00:00-00:00","SP15","Wind","Renewable Forecast Actual Generation","RENEW_FCST_ACT_MW",3,1,69.01843,"ACTUAL",4
"88","2019-12-29",8,0,"2019-12-29T15:00:00-00:00","2019-12-29T16:00:00-00:00","SP15","Wind","Renewable Forecast Actual Generation","RENEW_FCST_ACT_MW",3,1,76.3885,"ACTUAL",4
"89","2019-12-29",7,0,"2019-12-29T14:00:00-00:00","2019-12-29T15:00:00-00:00","SP15","Wind","Renewable Forecast Actual Generation","RENEW_FCST_ACT_MW",3,1,53.99823,"ACTUAL",4
"90","2019-12-29",6,0,"2019-12-29T13:00:00-00:00","2019-12-29T14:00:00-00:00","SP15","Wind","Renewable Forecast Actual Generation","RENEW_FCST_ACT_MW",3,1,58.65477,"ACTUAL",4
"91","2019-12-29",5,0,"2019-12-29T12:00:00-00:00","2019-12-29T13:00:00-00:00","SP15","Wind","Renewable Forecast Actual Generation","RENEW_FCST_ACT_MW",3,1,62.79003,"ACTUAL",4
"92","2019-12-29",4,0,"2019-12-29T11:00:00-00:00","2019-12-29T12:00:00-00:00","SP15","Wind","Renewable Forecast Actual Generation","RENEW_FCST_ACT_MW",3,1,53.04294,"ACTUAL",4
"93","2019-12-29",3,0,"2019-12-29T10:00:00-00:00","2019-12-29T11:00:00-00:00","SP15","Wind","Renewable Forecast Actual Generation","RENEW_FCST_ACT_MW",3,1,68.77517,"ACTUAL",4
"94","2019-12-29",2,0,"2019-12-29T09:00:00-00:00","2019-12-29T10:00:00-00:00","SP15","Wind","Renewable Forecast Actual Generation","RENEW_FCST_ACT_MW",3,1,62.78587,"ACTUAL",4
"95","2019-12-29",24,0,"2019-12-30T07:00:00-00:00","2019-12-30T08:00:00-00:00","SP15","Wind","Renewable Forecast Actual Generation","RENEW_FCST_ACT_MW",3,1,196.07702,"ACTUAL",4
"96","2019-12-29",1,0,"2019-12-29T08:00:00-00:00","2019-12-29T09:00:00-00:00","SP15","Wind","Renewable Forecast Actual Generation","RENEW_FCST_ACT_MW",3,1,59.45196,"ACTUAL",4
"97","2019-12-29",1,0,"2019-12-29T08:00:00-00:00","2019-12-29T09:00:00-00:00","ZP26","Solar","Renewable Forecast Actual Generation","RENEW_FCST_ACT_MW",3,3,-5.82547,"ACTUAL",5
"98","2019-12-29",24,0,"2019-12-30T07:00:00-00:00","2019-12-30T08:00:00-00:00","ZP26","Solar","Renewable Forecast Actual Generation","RENEW_FCST_ACT_MW",3,3,-5.72368,"ACTUAL",5
"99","2019-12-29",3,0,"2019-12-29T10:00:00-00:00","2019-12-29T11:00:00-00:00","ZP26","Solar","Renewable Forecast Actual Generation","RENEW_FCST_ACT_MW",3,3,-6.66229,"ACTUAL",5
"100","2019-12-29",4,0,"2019-12-29T11:00:00-00:00","2019-12-29T12:00:00-00:00","ZP26","Solar","Renewable Forecast Actual Generation","RENEW_FCST_ACT_MW",3,3,-5.82753,"ACTUAL",5
"101","2019-12-29",5,0,"2019-12-29T12:00:00-00:00","2019-12-29T13:00:00-00:00","ZP26","Solar","Renewable Forecast Actual Generation","RENEW_FCST_ACT_MW",3,3,-5.82223,"ACTUAL",5
"102","2019-12-29",6,0,"2019-12-29T13:00:00-00:00","2019-12-29T14:00:00-00:00","ZP26","Solar","Renewable Forecast Actual Generation","RENEW_FCST_ACT_MW",3,3,-5.82662,"ACTUAL",5
"103","2019-12-29",7,0,"2019-12-29T14:00:00-00:00","2019-12-29T15:00:00-00:00","ZP26","Solar","Renewable Forecast Actual Generation","RENEW_FCST_ACT_MW",3,3,-5.87357,"ACTUAL",5
"104","2019-12-29",8,0,"2019-12-29T15:00:00-00:00","2019-12-29T16:00:00-00:00","ZP26","Solar","Renewable Forecast Actual Generation","RENEW_FCST_ACT_MW",3,3,68.93674,"ACTUAL",5
"105","2019-12-29",9,0,"2019-12-29T16:00:00-00:00","2019-12-29T17:00:00-00:00","ZP26","Solar","Renewable Forecast Actual Generation","RENEW_FCST_ACT_MW",3,3,300.15353,"ACTUAL",5
"106","2019-12-29",10,0,"2019-12-29T17:00:00-00:00","2019-12-29T18:00:00-00:00","ZP26","Solar","Renewable Forecast Actual Generation","RENEW_FCST_ACT_MW",3,3,423.46872,"ACTUAL",5
"107","2019-12-29",11,0,"2019-12-29T18:00:00-00:00","2019-12-29T19:00:00-00:00","ZP26","Solar","Renewable Forecast Actual Generation","RENEW_FCST_ACT_MW",3,3,596.77284,"ACTUAL",5
"108","2019-12-29",12,0,"2019-12-29T19:00:00-00:00","2019-12-29T20:00:00-00:00","ZP26","Solar","Renewable Forecast Actual Generation","RENEW_FCST_ACT_MW",3,3,983.19251,"ACTUAL",5
"109","2019-12-29",13,0,"2019-12-29T20:00:00-00:00","2019-12-29T21:00:00-00:00","ZP26","Solar","Renewable Forecast Actual Generation","RENEW_FCST_ACT_MW",3,3,957.92449,"ACTUAL",5
"110","2019-12-29",14,0,"2019-12-29T21:00:00-00:00","2019-12-29T22:00:00-00:00","ZP26","Solar","Renewable Forecast Actual Generation","RENEW_FCST_ACT_MW",3,3,785.84893,"ACTUAL",5
"111","2019-12-29",15,0,"2019-12-29T22:00:00-00:00","2019-12-29T23:00:00-00:00","ZP26","Solar","Renewable Forecast Actual Generation","RENEW_FCST_ACT_MW",3,3,481.81858,"ACTUAL",5
"112","2019-12-29",16,0,"2019-12-29T23:00:00-00:00","2019-12-30T00:00:00-00:00","ZP26","Solar","Renewable Forecast Actual Generation","RENEW_FCST_ACT_MW",3,3,172.85461,"ACTUAL",5
"113","2019-12-29",17,0,"2019-12-30T00:00:00-00:00","2019-12-30T01:00:00-00:00","ZP26","Solar","Renewable Forecast Actual Generation","RENEW_FCST_ACT_MW",3,3,19.5866,"ACTUAL",5
"114","2019-12-29",18,0,"2019-12-30T01:00:00-00:00","2019-12-30T02:00:00-00:00","ZP26","Solar","Renewable Forecast Actual Generation","RENEW_FCST_ACT_MW",3,3,-5.8749,"ACTUAL",5
"115","2019-12-29",19,0,"2019-12-30T02:00:00-00:00","2019-12-30T03:00:00-00:00","ZP26","Solar","Renewable Forecast Actual Generation","RENEW_FCST_ACT_MW",3,3,-5.66941,"ACTUAL",5
"116","2019-12-29",20,0,"2019-12-30T03:00:00-00:00","2019-12-30T04:00:00-00:00","ZP26","Solar","Renewable Forecast Actual Generation","RENEW_FCST_ACT_MW",3,3,-5.69269,"ACTUAL",5
"117","2019-12-29",21,0,"2019-12-30T04:00:00-00:00","2019-12-30T05:00:00-00:00","ZP26","Solar","Renewable Forecast Actual Generation","RENEW_FCST_ACT_MW",3,3,-5.70452,"ACTUAL",5
"118","2019-12-29",22,0,"2019-12-30T05:00:00-00:00","2019-12-30T06:00:00-00:00","ZP26","Solar","Renewable Forecast Actual Generation","RENEW_FCST_ACT_MW",3,3,-5.6962,"ACTUAL",5
"119","2019-12-29",23,0,"2019-12-30T06:00:00-00:00","2019-12-30T07:00:00-00:00","ZP26","Solar","Renewable Forecast Actual Generation","RENEW_FCST_ACT_MW",3,3,-5.72344,"ACTUAL",5
"120","2019-12-29",2,0,"2019-12-29T09:00:00-00:00","2019-12-29T10:00:00-00:00","ZP26","Solar","Renewable Forecast Actual Generation","RENEW_FCST_ACT_MW",3,3,-5.78403,"ACTUAL",5
