"","OPR_DT","OPR_HR","OPR_INTERVAL","INTERVALSTARTTIME_GMT","INTERVALENDTIME_GMT","TRADING_HUB","RENEWABLE_TYPE","LABEL","XML_DATA_ITEM","MARKET_RUN_ID_POS","RENEW_POS","MW","MARKET_RUN_ID","GROUP"
"1","2019-12-10",1,0,"2019-12-10T08:00:00-00:00","2019-12-10T09:00:00-00:00","NP15","Solar","Renewable Forecast Actual Generation","RENEW_FCST_ACT_MW",3,3,-1.42854,"ACTUAL",1
"2","2019-12-10",2,0,"2019-12-10T09:00:00-00:00","2019-12-10T10:00:00-00:00","NP15","Solar","Renewable Forecast Actual Generation","RENEW_FCST_ACT_MW",3,3,-1.39757,"ACTUAL",1
"3","2019-12-10",3,0,"2019-12-10T10:00:00-00:00","2019-12-10T11:00:00-00:00","NP15","Solar","Renewable Forecast Actual Generation","RENEW_FCST_ACT_MW",3,3,-1.42319,"ACTUAL",1
"4","2019-12-10",4,0,"2019-12-10T11:00:00-00:00","2019-12-10T12:00:00-00:00","NP15","Solar","Renewable Forecast Actual Generation","RENEW_FCST_ACT_MW",3,3,-1.42871,"ACTUAL",1
"5","2019-12-10",5,0,"2019-12-10T12:00:00-00:00","2019-12-10T13:00:00-00:00","NP15","Solar","Renewable Forecast Actual Generation","RENEW_FCST_ACT_MW",3,3,-1.41621,"ACTUAL",1
"6","2019-12-10",6,0,"2019-12-10T13:00:00-00:00","2019-12-10T14:00:00-00:00","NP15","Solar","Renewable Forecast Actual Generation","RENEW_FCST_ACT_MW",3,3,-1.41368,"ACTUAL",1
"7","2019-12-10",7,0,"2019-12-10T14:00:00-00:00","2019-12-10T15:00:00-00:00","NP15","Solar","Renewable Forecast Actual Generation","RENEW_FCST_ACT_MW",3,3,-1.31536,"ACTUAL",1
"8","2019-12-10",8,0,"2019-12-10T15:00:00-00:00","2019-12-10T16:00:00-00:00","NP15","Solar","Renewable Forecast Actual Generation","RENEW_FCST_ACT_MW",3,3,14.43223,"ACTUAL",1
"9","2019-12-10",9,0,"2019-12-10T16:00:00-00:00","2019-12-10T17:00:00-00:00","NP15","Solar","Renewable Forecast Actual Generation","RENEW_FCST_ACT_MW",3,3,91.0737,"ACTUAL",1
"10","2019-12-10",10,0,"2019-12-10T17:00:00-00:00","2019-12-10T18:00:00-00:00","NP15","Solar","Renewable Forecast Actual Generation","RENEW_FCST_ACT_MW",3,3,160.06244,"ACTUAL",1
"11","2019-12-10",11,0,"2019-12-10T18:00:00-00:00","2019-12-10T19:00:00-00:00","NP15","Solar","Renewable Forecast Actual Generation","RENEW_FCST_ACT_MW",3,3,232.14877,"ACTUAL",1
"12","2019-12-10",12,0,"2019-12-10T19:00:00-00:00","2019-12-10T20:00:00-00:00","NP15","Solar","Renewable Forecast Actual Generation","RENEW_FCST_ACT_MW",3,3,283.61999,"ACTUAL",1
"13","2019-12-10",13,0,"2019-12-10T20:00:00-00:00","2019-12-10T21:00:00-00:00","NP15","Solar","Renewable Forecast Actual Generation","RENEW_FCST_ACT_MW",3,3,327.98332,"ACTUAL",1
"14","2019-12-10",14,0,"2019-12-10T21:00:00-00:00","2019-12-10T22:00:00-00:00","NP15","Solar","Renewable Forecast Actual Generation","RENEW_FCST_ACT_MW",3,3,473.00555,"ACTUAL",1
"15","2019-12-10",15,0,"2019-12-10T22:00:00-00:00","2019-12-10T23:00:00-00:00","NP15","Solar","Renewable Forecast Actual Generation","RENEW_FCST_ACT_MW",3,3,539.12381,"ACTUAL",1
"16","2019-12-10",16,0,"2019-12-10T23:00:00-00:00","2019-12-11T00:00:00-00:00","NP15","Solar","Renewable Forecast Actual Generation","RENEW_FCST_ACT_MW",3,3,247.68371,"ACTUAL",1
"17","2019-12-10",17,0,"2019-12-11T00:00:00-00:00","2019-12-11T01:00:00-00:00","NP15","Solar","Renewable Forecast Actual Generation","RENEW_FCST_ACT_MW",3,3,10.95913,"ACTUAL",1
"18","2019-12-10",18,0,"2019-12-11T01:00:00-00:00","2019-12-11T02:00:00-00:00","NP15","Solar","Renewable Forecast Actual Generation","RENEW_FCST_ACT_MW",3,3,-3.52593,"ACTUAL",1
"19","2019-12-10",19,0,"2019-12-11T02:00:00-00:00","2019-12-11T03:00:00-00:00","NP15","Solar","Renewable Forecast Actual Generation","RENEW_FCST_ACT_MW",3,3,-3.43443,"ACTUAL",1
"20","2019-12-10",20,0,"2019-12-11T03:00:00-00:00","2019-12-11T04:00:00-00:00","NP15","Solar","Renewable Forecast Actual Generation","RENEW_FCST_ACT_MW",3,3,-3.47764,"ACTUAL",1
"21","2019-12-10",21,0,"2019-12-11T04:00:00-00:00","2019-12-11T05:00:00-00:00","NP15","Solar","Renewable Forecast Actual Generation","RENEW_FCST_ACT_MW",3,3,-3.50024,"ACTUAL",1
"22","2019-12-10",22,0,"2019-12-11T05:00:00-00:00","2019-12-11T06:00:00-00:00","NP15","Solar","Renewable Forecast Actual Generation","RENEW_FCST_ACT_MW",3,3,-3.50763,"ACTUAL",1
"23","2019-12-10",23,0,"2019-12-11T06:00:00-00:00","2019-12-11T07:00:00-00:00","NP15","Solar","Renewable Forecast Actual Generation","RENEW_FCST_ACT_MW",3,3,-3.54231,"ACTUAL",1
"24","2019-12-10",24,0,"2019-12-11T07:00:00-00:00","2019-12-11T08:00:00-00:00","NP15","Solar","Renewable Forecast Actual Generation","RENEW_FCST_ACT_MW",3,3,-3.50506,"ACTUAL",1
"25","2019-12-10",1,0,"2019-12-10T08:00:00-00:00","2019-12-10T09:00:00-00:00","NP15","Wind","Renewable Forecast Actual Generation","RENEW_FCST_ACT_MW",3,1,50.70396,"ACTUAL",2
"26","2019-12-10",24,0,"2019-12-11T07:00:00-00:00","2019-12-11T08:00:00-00:00","NP15","Wind","Renewable Forecast Actual Generation","RENEW_FCST_ACT_MW",3,1,79.338,"ACTUAL",2
"27","2019-12-10",3,0,"2019-12-10T10:00:00-00:00","2019-12-10T11:00:00-00:00","NP15","Wind","Renewable Forecast Actual Generation","RENEW_FCST_ACT_MW",3,1,7.72298,"ACTUAL",2
"28","2019-12-10",4,0,"2019-12-10T11:00:00-00:00","2019-12-10T12:00:00-00:00","NP15","Wind","Renewable Forecast Actual Generation","RENEW_FCST_ACT_MW",3,1,14.0036,"ACTUAL",2
"29","2019-12-10",5,0,"2019-12-10T12:00:00-00:00","2019-12-10T13:00:00-00:00","NP15","Wind","Renewable Forecast Actual Generation","RENEW_FCST_ACT_MW",3,1,12.18286,"ACTUAL",2
"30","2019-12-10",6,0,"2019-12-10T13:00:00-00:00","2019-12-10T14:00:00-00:00","NP15","Wind","Renewable Forecast Actual Generation","RENEW_FCST_ACT_MW",3,1,11.00329,"ACTUAL",2
"31","2019-12-10",7,0,"2019-12-10T14:00:00-00:00","2019-12-10T15:00:00-00:00","NP15","Wind","Renewable Forecast Actual Generation","RENEW_FCST_ACT_MW",3,1,15.28117,"ACTUAL",2
"32","2019-12-10",8,0,"2019-12-10T15:00:00-00:00","2019-12-10T16:00:00-00:00","NP15","Wind","Renewable Forecast Actual Generation","RENEW_FCST_ACT_MW",3,1,1.49715,"ACTUAL",2
"33","2019-12-10",9,0,"2019-12-10T16:00:00-00:00","2019-12-10T17:00:00-00:00","NP15","Wind","Renewable Forecast Actual Generation","RENEW_FCST_ACT_MW",3,1,-6.67619,"ACTUAL",2
"34","2019-12-10",10,0,"2019-12-10T17:00:00-00:00","2019-12-10T18:00:00-00:00","NP15","Wind","Renewable Forecast Actual Generation","RENEW_FCST_ACT_MW",3,1,-5.67513,"ACTUAL",2
"35","2019-12-10",11,0,"2019-12-10T18:00:00-00:00","2019-12-10T19:00:00-00:00","NP15","Wind","Renewable Forecast Actual Generation","RENEW_FCST_ACT_MW",3,1,10.08898,"ACTUAL",2
"36","2019-12-10",12,0,"2019-12-10T19:00:00-00:00","2019-12-10T20:00:00-00:00","NP15","Wind","Renewable Forecast Actual Generation","RENEW_FCST_ACT_MW",3,1,15.99066,"ACTUAL",2
"37","2019-12-10",13,0,"2019-12-10T20:00:00-00:00","2019-12-10T21:00:00-00:00","NP15","Wind","Renewable Forecast Actual Generation","RENEW_FCST_ACT_MW",3,1,14.14226,"ACTUAL",2
"38","2019-12-10",14,0,"2019-12-10T21:00:00-00:00","2019-12-10T22:00:00-00:00","NP15","Wind","Renewable Forecast Actual Generation","RENEW_FCST_ACT_MW",3,1,27.18645,"ACTUAL",2
"39","2019-12-10",15,0,"2019-12-10T22:00:00-00:00","2019-12-10T23:00:00-00:00","NP15","Wind","Renewable Forecast Actual Generation","RENEW_FCST_ACT_MW",3,1,42.29658,"ACTUAL",2
"40","2019-12-10",16,0,"2019-12-10T23:00:00-00:00","2019-12-11T00:00:00-00:00","NP15","Wind","Renewable Forecast Actual Generation","RENEW_FCST_ACT_MW",3,1,63.90942,"ACTUAL",2
"41","2019-12-10",17,0,"2019-12-11T00:00:00-00:00","2019-12-11T01:00:00-00:00","NP15","Wind","Renewable Forecast Actual Generation","RENEW_FCST_ACT_MW",3,1,109.70445,"ACTUAL",2
"42","2019-12-10",18,0,"2019-12-11T01:00:00-00:00","2019-12-11T02:00:00-00:00","NP15","Wind","Renewable Forecast Actual Generation","RENEW_FCST_ACT_MW",3,1,101.35556,"ACTUAL",2
"43","2019-12-10",19,0,"2019-12-11T02:00:00-00:00","2019-12-11T03:00:00-00:00","NP15","Wind","Renewable Forecast Actual Generation","RENEW_FCST_ACT_MW",3,1,15.09747,"ACTUAL",2
"44","2019-12-10",20,0,"2019-12-11T03:00:00-00:00","2019-12-11T04:00:00-00:00","NP15","Wind","Renewable Forecast Actual Generation","RENEW_FCST_ACT_MW",3,1,29.63687,"ACTUAL",2
"45","2019-12-10",21,0,"2019-12-11T04:00:00-00:00","2019-12-11T05:00:00-00:00","NP15","Wind","Renewable Forecast Actual Generation","RENEW_FCST_ACT_MW",3,1,127.35886,"ACTUAL",2
"46","2019-12-10",22,0,"2019-12-11T05:00:00-00:00","2019-12-11T06:00:00-00:00","NP15","Wind","Renewable Forecast Actual Generation","RENEW_FCST_ACT_MW",3,1,144.31833,"ACTUAL",2
"47","2019-12-10",23,0,"2019-12-11T06:00:00-00:00","2019-12-11T07:00:00-00:00","NP15","Wind","Renewable Forecast Actual Generation","RENEW_FCST_ACT_MW",3,1,103.06442,"ACTUAL",2
"48","2019-12-10",2,0,"2019-12-10T09:00:00-00:00","2019-12-10T10:00:00-00:00","NP15","Wind","Renewable Forecast Actual Generation","RENEW_FCST_ACT_MW",3,1,-4.60354,"ACTUAL",2
"49","2019-12-10",24,0,"2019-12-11T07:00:00-00:00","2019-12-11T08:00:00-00:00","SP15","Solar","Renewable Forecast Actual Generation","RENEW_FCST_ACT_MW",3,3,-3.10516,"ACTUAL",3
"50","2019-12-10",2,0,"2019-12-10T09:00:00-00:00","2019-12-10T10:00:00-00:00","SP15","Solar","Renewable Forecast Actual Generation","RENEW_FCST_ACT_MW",3,3,-10.24208,"ACTUAL",3
"51","2019-12-10",23,0,"2019-12-11T06:00:00-00:00","2019-12-11T07:00:00-00:00","SP15","Solar","Renewable Forecast Actual Generation","RENEW_FCST_ACT_MW",3,3,-1.47268,"ACTUAL",3
"52","2019-12-10",6,0,"2019-12-10T13:00:00-00:00","2019-12-10T14:00:00-00:00","SP15","Solar","Renewable Forecast Actual Generation","RENEW_FCST_ACT_MW",3,3,-12.13203,"ACTUAL",3
"53","2019-12-10",22,0,"2019-12-11T05:00:00-00:00","2019-12-11T06:00:00-00:00","SP15","Solar","Renewable Forecast Actual Generation","RENEW_FCST_ACT_MW",3,3,1.48912,"ACTUAL",3
"54","2019-12-10",11,0,"2019-12-10T18:00:00-00:00","2019-12-10T19:00:00-00:00","SP15","Solar","Renewable Forecast Actual Generation","RENEW_FCST_ACT_MW",3,3,3394.87423,"ACTUAL",3
"55","2019-12-10",21,0,"2019-12-11T04:00:00-00:00","2019-12-11T05:00:00-00:00","SP15","Solar","Renewable Forecast Actual Generation","RENEW_FCST_ACT_MW",3,3,1.8397,"ACTUAL",3
"56","2019-12-10",3,0,"2019-12-10T10:00:00-00:00","2019-12-10T11:00:00-00:00","SP15","Solar","Renewable Forecast Actual Generation","RENEW_FCST_ACT_MW",3,3,-10.05374,"ACTUAL",3
"57","2019-12-10",20,0,"2019-12-11T03:00:00-00:00","2019-12-11T04:00:00-00:00","SP15","Solar","Renewable Forecast Actual Generation","RENEW_FCST_ACT_MW",3,3,1.9465,"ACTUAL",3
"58","2019-12-10",10,0,"2019-12-10T17:00:00-00:00","2019-12-10T18:00:00-00:00","SP15","Solar","Renewable Forecast Actual Generation","RENEW_FCST_ACT_MW",3,3,2831.221,"ACTUAL",3
"59","2019-12-10",19,0,"2019-12-11T02:00:00-00:00","2019-12-11T03:00:00-00:00","SP15","Solar","Renewable Forecast Actual Generation","RENEW_FCST_ACT_MW",3,3,2.49861,"ACTUAL",3
"60","2019-12-10",5,0,"2019-12-10T12:00:00-00:00","2019-12-10T13:00:00-00:00","SP15","Solar","Renewable Forecast Actual Generation","RENEW_FCST_ACT_MW",3,3,-12.21664,"ACTUAL",3
"61","2019-12-10",18,0,"2019-12-11T01:00:00-00:00","2019-12-11T02:00:00-00:00","SP15","Solar","Renewable Forecast Actual Generation","RENEW_FCST_ACT_MW",3,3,1.62243,"ACTUAL",3
"62","2019-12-10",9,0,"2019-12-10T16:00:00-00:00","2019-12-10T17:00:00-00:00","SP15","Solar","Renewable Forecast Actual Generation","RENEW_FCST_ACT_MW",3,3,2752.70416,"ACTUAL",3
"63","2019-12-10",17,0,"2019-12-11T00:00:00-00:00","2019-12-11T01:00:00-00:00","SP15","Solar","Renewable Forecast Actual Generation","RENEW_FCST_ACT_MW",3,3,84.70947,"ACTUAL",3
"64","2019-12-10",1,0,"2019-12-10T08:00:00-00:00","2019-12-10T09:00:00-00:00","SP15","Solar","Renewable Forecast Actual Generation","RENEW_FCST_ACT_MW",3,3,-10.33119,"ACTUAL",3
"65","2019-12-10",16,0,"2019-12-10T23:00:00-00:00","2019-12-11T00:00:00-00:00","SP15","Solar","Renewable Forecast Actual Generation","RENEW_FCST_ACT_MW",3,3,974.02435,"ACTUAL",3
"66","2019-12-10",8,0,"2019-12-10T15:00:00-00:00","2019-12-10T16:00:00-00:00","SP15","Solar","Renewable Forecast Actual Generation","RENEW_FCST_ACT_MW",3,3,1238.6108,"ACTUAL",3
"67","2019-12-10",15,0,"2019-12-10T22:00:00-00:00","2019-12-10T23:00:00-00:00","SP15","Solar","Renewable Forecast Actual Generation","RENEW_FCST_ACT_MW",3,3,2391.00072,"ACTUAL",3
"68","2019-12-10",4,0,"2019-12-10T11:00:00-00:00","2019-12-10T12:00:00-00:00","SP15","Solar","Renewable Forecast Actual Generation","RENEW_FCST_ACT_MW",3,3,-11.54116,"ACTUAL",3
"69","2019-12-10",14,0,"2019-12-10T21:00:00-00:00","2019-12-10T22:00:00-00:00","SP15","Solar","Renewable Forecast Actual Generation","RENEW_FCST_ACT_MW",3,3,3420.58207,"ACTUAL",3
"70","2019-12-10",7,0,"2019-12-10T14:00:00-00:00","2019-12-10T15:00:00-00:00","SP15","Solar","Renewable Forecast Actual Generation","RENEW_FCST_ACT_MW",3,3,31.38947,"ACTUAL",3
"71","2019-12-10",13,0,"2019-12-10T20:00:00-00:00","2019-12-10T21:00:00-00:00","SP15","Solar","Renewable Forecast Actual Generation","RENEW_FCST_ACT_MW",3,3,3388.26177,"ACTUAL",3
"72","2019-12-10",12,0,"2019-12-10T19:00:00-00:00","2019-12-10T20:00:00-00:00","SP15","Solar","Renewable Forecast Actual Generation","RENEW_FCST_ACT_MW",3,3,3618.1432,"ACTUAL",3
"73","2019-12-10",23,0,"2019-12-11T06:00:00-00:00","2019-12-11T07:00:00-00:00","SP15","Wind","Renewable Forecast Actual Generation","RENEW_FCST_ACT_MW",3,1,53.17237,"ACTUAL",4
"74","2019-12-10",22,0,"2019-12-11T05:00:00-00:00","2019-12-11T06:00:00-00:00","SP15","Wind","Renewable Forecast Actual Generation","RENEW_FCST_ACT_MW",3,1,51.19369,"ACTUAL",4
"75","2019-12-10",21,0,"2019-12-11T04:00:00-00:00","2019-12-11T05:00:00-00:00","SP15","Wind","Renewable Forecast Actual Generation","RENEW_FCST_ACT_MW",3,1,53.2131,"ACTUAL",4
"76","2019-12-10",20,0,"2019-12-11T03:00:00-00:00","2019-12-11T04:00:00-00:00","SP15","Wind","Renewable Forecast Actual Generation","RENEW_FCST_ACT_MW",3,1,55.2791,"ACTUAL",4
"77","2019-12-10",19,0,"2019-12-11T02:00:00-00:00","2019-12-11T03:00:00-00:00","SP15","Wind","Renewable Forecast Actual Generation","RENEW_FCST_ACT_MW",3,1,52.53366,"ACTUAL",4
"78","2019-12-10",18,0,"2019-12-11T01:00:00-00:00","2019-12-11T02:00:00-00:00","SP15","Wind","Renewable Forecast Actual Generation","RENEW_FCST_ACT_MW",3,1,45.09063,"ACTUAL",4
"79","2019-12-10",17,0,"2019-12-11T00:00:00-00:00","2019-12-11T01:00:00-00:00","SP15","Wind","Renewable Forecast Actual Generation","RENEW_FCST_ACT_MW",3,1,44.42713,"ACTUAL",4
"80","2019-12-10",16,0,"2019-12-10T23:00:00-00:00","2019-12-11T00:00:00-00:00","SP15","Wind","Renewable Forecast Actual Generation","RENEW_FCST_ACT_MW",3,1,54.11033,"ACTUAL",4
"81","2019-12-10",15,0,"2019-12-10T22:00:00-00:00","2019-12-10T23:00:00-00:00","SP15","Wind","Renewable Forecast Actual Generation","RENEW_FCST_ACT_MW",3,1,56.03405,"ACTUAL",4
"82","2019-12-10",14,0,"2019-12-10T21:00:00-00:00","2019-12-10T22:00:00-00:00","SP15","Wind","Renewable Forecast Actual Generation","RENEW_FCST_ACT_MW",3,1,62.62332,"ACTUAL",4
"83","2019-12-10",13,0,"2019-12-10T20:00:00-00:00","2019-12-10T21:00:00-00:00","SP15","Wind","Renewable Forecast Actual Generation","RENEW_FCST_ACT_MW",3,1,60.82741,"ACTUAL",4
"84","2019-12-10",12,0,"2019-12-10T19:00:00-00:00","2019-12-10T20:00:00-00:00","SP15","Wind","Renewable Forecast Actual Generation","RENEW_FCST_ACT_MW",3,1,63.29328,"ACTUAL",4
"85","2019-12-10",11,0,"2019-12-10T18:00:00-00:00","2019-12-10T19:00:00-00:00","SP15","Wind","Renewable Forecast Actual Generation","RENEW_FCST_ACT_MW",3,1,64.37091,"ACTUAL",4
"86","2019-12-10",10,0,"2019-12-10T17:00:00-00:00","2019-12-10T18:00:00-00:00","SP15","Wind","Renewable Forecast Actual Generation","RENEW_FCST_ACT_MW",3,1,79.59744,"ACTUAL",4
"87","2019-12-10",9,0,"2019-12-10T16:00:00-00:00","2019-12-10T17:00:00-00:00","SP15","Wind","Renewable Forecast Actual Generation","RENEW_FCST_ACT_MW",3,1,86.07233,"ACTUAL",4
"88","2019-12-10",8,0,"2019-12-10T15:00:00-00:00","2019-12-10T16:00:00-00:00","SP15","Wind","Renewable Forecast Actual Generation","RENEW_FCST_ACT_MW",3,1,74.30299,"ACTUAL",4
"89","2019-12-10",7,0,"2019-12-10T14:00:00-00:00","2019-12-10T15:00:00-00:00","SP15","Wind","Renewable Forecast Actual Generation","RENEW_FCST_ACT_MW",3,1,117.21203,"ACTUAL",4
"90","2019-12-10",6,0,"2019-12-10T13:00:00-00:00","2019-12-10T14:00:00-00:00","SP15","Wind","Renewable Forecast Actual Generation","RENEW_FCST_ACT_MW",3,1,131.48938,"ACTUAL",4
"91","2019-12-10",5,0,"2019-12-10T12:00:00-00:00","2019-12-10T13:00:00-00:00","SP15","Wind","Renewable Forecast Actual Generation","RENEW_FCST_ACT_MW",3,1,123.6056,"ACTUAL",4
"92","2019-12-10",4,0,"2019-12-10T11:00:00-00:00","2019-12-10T12:00:00-00:00","SP15","Wind","Renewable Forecast Actual Generation","RENEW_FCST_ACT_MW",3,1,103.13631,"ACTUAL",4
"93","2019-12-10",3,0,"2019-12-10T10:00:00-00:00","2019-12-10T11:00:00-00:00","SP15","Wind","Renewable Forecast Actual Generation","RENEW_FCST_ACT_MW",3,1,95.9114,"ACTUAL",4
"94","2019-12-10",2,0,"2019-12-10T09:00:00-00:00","2019-12-10T10:00:00-00:00","SP15","Wind","Renewable Forecast Actual Generation","RENEW_FCST_ACT_MW",3,1,96.77132,"ACTUAL",4
"95","2019-12-10",24,0,"2019-12-11T07:00:00-00:00","2019-12-11T08:00:00-00:00","SP15","Wind","Renewable Forecast Actual Generation","RENEW_FCST_ACT_MW",3,1,78.46074,"ACTUAL",4
"96","2019-12-10",1,0,"2019-12-10T08:00:00-00:00","2019-12-10T09:00:00-00:00","SP15","Wind","Renewable Forecast Actual Generation","RENEW_FCST_ACT_MW",3,1,116.29881,"ACTUAL",4
"97","2019-12-10",1,0,"2019-12-10T08:00:00-00:00","2019-12-10T09:00:00-00:00","ZP26","Solar","Renewable Forecast Actual Generation","RENEW_FCST_ACT_MW",3,3,-5.29208,"ACTUAL",5
"98","2019-12-10",24,0,"2019-12-11T07:00:00-00:00","2019-12-11T08:00:00-00:00","ZP26","Solar","Renewable Forecast Actual Generation","RENEW_FCST_ACT_MW",3,3,-5.67535,"ACTUAL",5
"99","2019-12-10",3,0,"2019-12-10T10:00:00-00:00","2019-12-10T11:00:00-00:00","ZP26","Solar","Renewable Forecast Actual Generation","RENEW_FCST_ACT_MW",3,3,-6.64809,"ACTUAL",5
"100","2019-12-10",4,0,"2019-12-10T11:00:00-00:00","2019-12-10T12:00:00-00:00","ZP26","Solar","Renewable Forecast Actual Generation","RENEW_FCST_ACT_MW",3,3,-5.73948,"ACTUAL",5
"101","2019-12-10",5,0,"2019-12-10T12:00:00-00:00","2019-12-10T13:00:00-00:00","ZP26","Solar","Renewable Forecast Actual Generation","RENEW_FCST_ACT_MW",3,3,-5.70035,"ACTUAL",5
"102","2019-12-10",6,0,"2019-12-10T13:00:00-00:00","2019-12-10T14:00:00-00:00","ZP26","Solar","Renewable Forecast Actual Generation","RENEW_FCST_ACT_MW",3,3,-5.69632,"ACTUAL",5
"103","2019-12-10",7,0,"2019-12-10T14:00:00-00:00","2019-12-10T15:00:00-00:00","ZP26","Solar","Renewable Forecast Actual Generation","RENEW_FCST_ACT_MW",3,3,-5.61236,"ACTUAL",5
"104","2019-12-10",8,0,"2019-12-10T15:00:00-00:00","2019-12-10T16:00:00-00:00","ZP26","Solar","Renewable Forecast Actual Generation","RENEW_FCST_ACT_MW",3,3,37.0457,"ACTUAL",5
"105","2019-12-10",9,0,"2019-12-10T16:00:00-00:00","2019-12-10T17:00:00-00:00","ZP26","Solar","Renewable Forecast Actual Generation","RENEW_FCST_ACT_MW",3,3,262.05791,"ACTUAL",5
"106","2019-12-10",10,0,"2019-12-10T17:00:00-00:00","2019-12-10T18:00:00-00:00","ZP26","Solar","Renewable Forecast Actual Generation","RENEW_FCST_ACT_MW",3,3,535.87752,"ACTUAL",5
"107","2019-12-10",11,0,"2019-12-10T18:00:00-00:00","2019-12-10T19:00:00-00:00","ZP26","Solar","Renewable Forecast Actual Generation","RENEW_FCST_ACT_MW",3,3,648.27137,"ACTUAL",5
"108","2019-12-10",12,0,"2019-12-10T19:00:00-00:00","2019-12-10T20:00:00-00:00","ZP26","Solar","Renewable Forecast Actual Generation","RENEW_FCST_ACT_MW",3,3,1064.12046,"ACTUAL",5
"109","2019-12-10",13,0,"2019-12-10T20:00:00-00:00","2019-12-10T21:00:00-00:00","ZP26","Solar","Renewable Forecast Actual Generation","RENEW_FCST_ACT_MW",3,3,965.41458,"ACTUAL",5
"110","2019-12-10",14,0,"2019-12-10T21:00:00-00:00","2019-12-10T22:00:00-00:00","ZP26","Solar","Renewable Forecast Actual Generation","RENEW_FCST_ACT_MW",3,3,621.19352,"ACTUAL",5
"111","2019-12-10",15,0,"2019-12-10T22:00:00-00:00","2019-12-10T23:00:00-00:00","ZP26","Solar","Renewable Forecast Actual Generation","RENEW_FCST_ACT_MW",3,3,685.79515,"ACTUAL",5
"112","2019-12-10",16,0,"2019-12-10T23:00:00-00:00","2019-12-11T00:00:00-00:00","ZP26","Solar","Renewable Forecast Actual Generation","RENEW_FCST_ACT_MW",3,3,513.5336,"ACTUAL",5
"113","2019-12-10",17,0,"2019-12-11T00:00:00-00:00","2019-12-11T01:00:00-00:00","ZP26","Solar","Renewable Forecast Actual Generation","RENEW_FCST_ACT_MW",3,3,60.75723,"ACTUAL",5
"114","2019-12-10",18,0,"2019-12-11T01:00:00-00:00","2019-12-11T02:00:00-00:00","ZP26","Solar","Renewable Forecast Actual Generation","RENEW_FCST_ACT_MW",3,3,-5.76085,"ACTUAL",5
"115","2019-12-10",19,0,"2019-12-11T02:00:00-00:00","2019-12-11T03:00:00-00:00","ZP26","Solar","Renewable Forecast Actual Generation","RENEW_FCST_ACT_MW",3,3,-5.66297,"ACTUAL",5
"116","2019-12-10",20,0,"2019-12-11T03:00:00-00:00","2019-12-11T04:00:00-00:00","ZP26","Solar","Renewable Forecast Actual Generation","RENEW_FCST_ACT_MW",3,3,-5.63221,"ACTUAL",5
"117","2019-12-10",21,0,"2019-12-11T04:00:00-00:00","2019-12-11T05:00:00-00:00","ZP26","Solar","Renewable Forecast Actual Generation","RENEW_FCST_ACT_MW",3,3,-5.65371,"ACTUAL",5
"118","2019-12-10",22,0,"2019-12-11T05:00:00-00:00","2019-12-11T06:00:00-00:00","ZP26","Solar","Renewable Forecast Actual Generation","RENEW_FCST_ACT_MW",3,3,-5.64006,"ACTUAL",5
"119","2019-12-10",23,0,"2019-12-11T06:00:00-00:00","2019-12-11T07:00:00-00:00","ZP26","Solar","Renewable Forecast Actual Generation","RENEW_FCST_ACT_MW",3,3,-5.6757,"ACTUAL",5
"120","2019-12-10",2,0,"2019-12-10T09:00:00-00:00","2019-12-10T10:00:00-00:00","ZP26","Solar","Renewable Forecast Actual Generation","RENEW_FCST_ACT_MW",3,3,-5.71059,"ACTUAL",5
