"","OPR_DT","OPR_HR","OPR_INTERVAL","INTERVALSTARTTIME_GMT","INTERVALENDTIME_GMT","TRADING_HUB","RENEWABLE_TYPE","LABEL","XML_DATA_ITEM","MARKET_RUN_ID_POS","RENEW_POS","MW","MARKET_RUN_ID","GROUP"
"1","2019-05-19",2,0,"2019-05-19T08:00:00-00:00","2019-05-19T09:00:00-00:00","NP15","Solar","Renewable Forecast Actual Generation","RENEW_FCST_ACT_MW",3,3,-2.9723,"ACTUAL",1
"2","2019-05-19",3,0,"2019-05-19T09:00:00-00:00","2019-05-19T10:00:00-00:00","NP15","Solar","Renewable Forecast Actual Generation","RENEW_FCST_ACT_MW",3,3,-2.97595,"ACTUAL",1
"3","2019-05-19",4,0,"2019-05-19T10:00:00-00:00","2019-05-19T11:00:00-00:00","NP15","Solar","Renewable Forecast Actual Generation","RENEW_FCST_ACT_MW",3,3,-2.96752,"ACTUAL",1
"4","2019-05-19",5,0,"2019-05-19T11:00:00-00:00","2019-05-19T12:00:00-00:00","NP15","Solar","Renewable Forecast Actual Generation","RENEW_FCST_ACT_MW",3,3,-2.93387,"ACTUAL",1
"5","2019-05-19",6,0,"2019-05-19T12:00:00-00:00","2019-05-19T13:00:00-00:00","NP15","Solar","Renewable Forecast Actual Generation","RENEW_FCST_ACT_MW",3,3,-2.89848,"ACTUAL",1
"6","2019-05-19",7,0,"2019-05-19T13:00:00-00:00","2019-05-19T14:00:00-00:00","NP15","Solar","Renewable Forecast Actual Generation","RENEW_FCST_ACT_MW",3,3,149.38577,"ACTUAL",1
"7","2019-05-19",8,0,"2019-05-19T14:00:00-00:00","2019-05-19T15:00:00-00:00","NP15","Solar","Renewable Forecast Actual Generation","RENEW_FCST_ACT_MW",3,3,648.22234,"ACTUAL",1
"8","2019-05-19",9,0,"2019-05-19T15:00:00-00:00","2019-05-19T16:00:00-00:00","NP15","Solar","Renewable Forecast Actual Generation","RENEW_FCST_ACT_MW",3,3,784.21218,"ACTUAL",1
"9","2019-05-19",10,0,"2019-05-19T16:00:00-00:00","2019-05-19T17:00:00-00:00","NP15","Solar","Renewable Forecast Actual Generation","RENEW_FCST_ACT_MW",3,3,821.02142,"ACTUAL",1
"10","2019-05-19",11,0,"2019-05-19T17:00:00-00:00","2019-05-19T18:00:00-00:00","NP15","Solar","Renewable Forecast Actual Generation","RENEW_FCST_ACT_MW",3,3,708.09545,"ACTUAL",1
"11","2019-05-19",12,0,"2019-05-19T18:00:00-00:00","2019-05-19T19:00:00-00:00","NP15","Solar","Renewable Forecast Actual Generation","RENEW_FCST_ACT_MW",3,3,685.55972,"ACTUAL",1
"12","2019-05-19",13,0,"2019-05-19T19:00:00-00:00","2019-05-19T20:00:00-00:00","NP15","Solar","Renewable Forecast Actual Generation","RENEW_FCST_ACT_MW",3,3,914.91177,"ACTUAL",1
"13","2019-05-19",14,0,"2019-05-19T20:00:00-00:00","2019-05-19T21:00:00-00:00","NP15","Solar","Renewable Forecast Actual Generation","RENEW_FCST_ACT_MW",3,3,929.67122,"ACTUAL",1
"14","2019-05-19",15,0,"2019-05-19T21:00:00-00:00","2019-05-19T22:00:00-00:00","NP15","Solar","Renewable Forecast Actual Generation","RENEW_FCST_ACT_MW",3,3,788.74954,"ACTUAL",1
"15","2019-05-19",16,0,"2019-05-19T22:00:00-00:00","2019-05-19T23:00:00-00:00","NP15","Solar","Renewable Forecast Actual Generation","RENEW_FCST_ACT_MW",3,3,640.8763,"ACTUAL",1
"16","2019-05-19",17,0,"2019-05-19T23:00:00-00:00","2019-05-20T00:00:00-00:00","NP15","Solar","Renewable Forecast Actual Generation","RENEW_FCST_ACT_MW",3,3,678.60867,"ACTUAL",1
"17","2019-05-19",18,0,"2019-05-20T00:00:00-00:00","2019-05-20T01:00:00-00:00","NP15","Solar","Renewable Forecast Actual Generation","RENEW_FCST_ACT_MW",3,3,557.23252,"ACTUAL",1
"18","2019-05-19",19,0,"2019-05-20T01:00:00-00:00","2019-05-20T02:00:00-00:00","NP15","Solar","Renewable Forecast Actual Generation","RENEW_FCST_ACT_MW",3,3,323.64381,"ACTUAL",1
"19","2019-05-19",20,0,"2019-05-20T02:00:00-00:00","2019-05-20T03:00:00-00:00","NP15","Solar","Renewable Forecast Actual Generation","RENEW_FCST_ACT_MW",3,3,116.92939,"ACTUAL",1
"20","2019-05-19",21,0,"2019-05-20T03:00:00-00:00","2019-05-20T04:00:00-00:00","NP15","Solar","Renewable Forecast Actual Generation","RENEW_FCST_ACT_MW",3,3,37.71019,"ACTUAL",1
"21","2019-05-19",22,0,"2019-05-20T04:00:00-00:00","2019-05-20T05:00:00-00:00","NP15","Solar","Renewable Forecast Actual Generation","RENEW_FCST_ACT_MW",3,3,36.54191,"ACTUAL",1
"22","2019-05-19",23,0,"2019-05-20T05:00:00-00:00","2019-05-20T06:00:00-00:00","NP15","Solar","Renewable Forecast Actual Generation","RENEW_FCST_ACT_MW",3,3,-2.57009,"ACTUAL",1
"23","2019-05-19",24,0,"2019-05-20T06:00:00-00:00","2019-05-20T07:00:00-00:00","NP15","Solar","Renewable Forecast Actual Generation","RENEW_FCST_ACT_MW",3,3,-2.70421,"ACTUAL",1
"24","2019-05-19",18,0,"2019-05-20T00:00:00-00:00","2019-05-20T01:00:00-00:00","NP15","Wind","Renewable Forecast Actual Generation","RENEW_FCST_ACT_MW",3,1,155.35377,"ACTUAL",2
"25","2019-05-19",6,0,"2019-05-19T12:00:00-00:00","2019-05-19T13:00:00-00:00","NP15","Wind","Renewable Forecast Actual Generation","RENEW_FCST_ACT_MW",3,1,98.91567,"ACTUAL",2
"26","2019-05-19",17,0,"2019-05-19T23:00:00-00:00","2019-05-20T00:00:00-00:00","NP15","Wind","Renewable Forecast Actual Generation","RENEW_FCST_ACT_MW",3,1,100.89524,"ACTUAL",2
"27","2019-05-19",16,0,"2019-05-19T22:00:00-00:00","2019-05-19T23:00:00-00:00","NP15","Wind","Renewable Forecast Actual Generation","RENEW_FCST_ACT_MW",3,1,98.69972,"ACTUAL",2
"28","2019-05-19",15,0,"2019-05-19T21:00:00-00:00","2019-05-19T22:00:00-00:00","NP15","Wind","Renewable Forecast Actual Generation","RENEW_FCST_ACT_MW",3,1,269.37151,"ACTUAL",2
"29","2019-05-19",14,0,"2019-05-19T20:00:00-00:00","2019-05-19T21:00:00-00:00","NP15","Wind","Renewable Forecast Actual Generation","RENEW_FCST_ACT_MW",3,1,116.14117,"ACTUAL",2
"30","2019-05-19",13,0,"2019-05-19T19:00:00-00:00","2019-05-19T20:00:00-00:00","NP15","Wind","Renewable Forecast Actual Generation","RENEW_FCST_ACT_MW",3,1,47.25713,"ACTUAL",2
"31","2019-05-19",12,0,"2019-05-19T18:00:00-00:00","2019-05-19T19:00:00-00:00","NP15","Wind","Renewable Forecast Actual Generation","RENEW_FCST_ACT_MW",3,1,18.04487,"ACTUAL",2
"32","2019-05-19",11,0,"2019-05-19T17:00:00-00:00","2019-05-19T18:00:00-00:00","NP15","Wind","Renewable Forecast Actual Generation","RENEW_FCST_ACT_MW",3,1,61.61565,"ACTUAL",2
"33","2019-05-19",10,0,"2019-05-19T16:00:00-00:00","2019-05-19T17:00:00-00:00","NP15","Wind","Renewable Forecast Actual Generation","RENEW_FCST_ACT_MW",3,1,58.07427,"ACTUAL",2
"34","2019-05-19",9,0,"2019-05-19T15:00:00-00:00","2019-05-19T16:00:00-00:00","NP15","Wind","Renewable Forecast Actual Generation","RENEW_FCST_ACT_MW",3,1,74.46692,"ACTUAL",2
"35","2019-05-19",8,0,"2019-05-19T14:00:00-00:00","2019-05-19T15:00:00-00:00","NP15","Wind","Renewable Forecast Actual Generation","RENEW_FCST_ACT_MW",3,1,329.64986,"ACTUAL",2
"36","2019-05-19",7,0,"2019-05-19T13:00:00-00:00","2019-05-19T14:00:00-00:00","NP15","Wind","Renewable Forecast Actual Generation","RENEW_FCST_ACT_MW",3,1,139.87844,"ACTUAL",2
"37","2019-05-19",5,0,"2019-05-19T11:00:00-00:00","2019-05-19T12:00:00-00:00","NP15","Wind","Renewable Forecast Actual Generation","RENEW_FCST_ACT_MW",3,1,132.56106,"ACTUAL",2
"38","2019-05-19",4,0,"2019-05-19T10:00:00-00:00","2019-05-19T11:00:00-00:00","NP15","Wind","Renewable Forecast Actual Generation","RENEW_FCST_ACT_MW",3,1,148.41184,"ACTUAL",2
"39","2019-05-19",3,0,"2019-05-19T09:00:00-00:00","2019-05-19T10:00:00-00:00","NP15","Wind","Renewable Forecast Actual Generation","RENEW_FCST_ACT_MW",3,1,228.71259,"ACTUAL",2
"40","2019-05-19",2,0,"2019-05-19T08:00:00-00:00","2019-05-19T09:00:00-00:00","NP15","Wind","Renewable Forecast Actual Generation","RENEW_FCST_ACT_MW",3,1,158.30896,"ACTUAL",2
"41","2019-05-19",24,0,"2019-05-20T06:00:00-00:00","2019-05-20T07:00:00-00:00","NP15","Wind","Renewable Forecast Actual Generation","RENEW_FCST_ACT_MW",3,1,91.83473,"ACTUAL",2
"42","2019-05-19",23,0,"2019-05-20T05:00:00-00:00","2019-05-20T06:00:00-00:00","NP15","Wind","Renewable Forecast Actual Generation","RENEW_FCST_ACT_MW",3,1,117.35017,"ACTUAL",2
"43","2019-05-19",22,0,"2019-05-20T04:00:00-00:00","2019-05-20T05:00:00-00:00","NP15","Wind","Renewable Forecast Actual Generation","RENEW_FCST_ACT_MW",3,1,141.70437,"ACTUAL",2
"44","2019-05-19",21,0,"2019-05-20T03:00:00-00:00","2019-05-20T04:00:00-00:00","NP15","Wind","Renewable Forecast Actual Generation","RENEW_FCST_ACT_MW",3,1,108.17641,"ACTUAL",2
"45","2019-05-19",20,0,"2019-05-20T02:00:00-00:00","2019-05-20T03:00:00-00:00","NP15","Wind","Renewable Forecast Actual Generation","RENEW_FCST_ACT_MW",3,1,148.09033,"ACTUAL",2
"46","2019-05-19",19,0,"2019-05-20T01:00:00-00:00","2019-05-20T02:00:00-00:00","NP15","Wind","Renewable Forecast Actual Generation","RENEW_FCST_ACT_MW",3,1,204.98179,"ACTUAL",2
"47","2019-05-19",6,0,"2019-05-19T12:00:00-00:00","2019-05-19T13:00:00-00:00","SP15","Solar","Renewable Forecast Actual Generation","RENEW_FCST_ACT_MW",3,3,-31.22637,"ACTUAL",3
"48","2019-05-19",18,0,"2019-05-20T00:00:00-00:00","2019-05-20T01:00:00-00:00","SP15","Solar","Renewable Forecast Actual Generation","RENEW_FCST_ACT_MW",3,3,2387.72676,"ACTUAL",3
"49","2019-05-19",5,0,"2019-05-19T11:00:00-00:00","2019-05-19T12:00:00-00:00","SP15","Solar","Renewable Forecast Actual Generation","RENEW_FCST_ACT_MW",3,3,-30.64361,"ACTUAL",3
"50","2019-05-19",11,0,"2019-05-19T17:00:00-00:00","2019-05-19T18:00:00-00:00","SP15","Solar","Renewable Forecast Actual Generation","RENEW_FCST_ACT_MW",3,3,4790.16842,"ACTUAL",3
"51","2019-05-19",4,0,"2019-05-19T10:00:00-00:00","2019-05-19T11:00:00-00:00","SP15","Solar","Renewable Forecast Actual Generation","RENEW_FCST_ACT_MW",3,3,-30.50258,"ACTUAL",3
"52","2019-05-19",15,0,"2019-05-19T21:00:00-00:00","2019-05-19T22:00:00-00:00","SP15","Solar","Renewable Forecast Actual Generation","RENEW_FCST_ACT_MW",3,3,4284.121,"ACTUAL",3
"53","2019-05-19",3,0,"2019-05-19T09:00:00-00:00","2019-05-19T10:00:00-00:00","SP15","Solar","Renewable Forecast Actual Generation","RENEW_FCST_ACT_MW",3,3,-29.92408,"ACTUAL",3
"54","2019-05-19",10,0,"2019-05-19T16:00:00-00:00","2019-05-19T17:00:00-00:00","SP15","Solar","Renewable Forecast Actual Generation","RENEW_FCST_ACT_MW",3,3,3723.11447,"ACTUAL",3
"55","2019-05-19",2,0,"2019-05-19T08:00:00-00:00","2019-05-19T09:00:00-00:00","SP15","Solar","Renewable Forecast Actual Generation","RENEW_FCST_ACT_MW",3,3,-28.76018,"ACTUAL",3
"56","2019-05-19",13,0,"2019-05-19T19:00:00-00:00","2019-05-19T20:00:00-00:00","SP15","Solar","Renewable Forecast Actual Generation","RENEW_FCST_ACT_MW",3,3,4195.89391,"ACTUAL",3
"57","2019-05-19",24,0,"2019-05-20T06:00:00-00:00","2019-05-20T07:00:00-00:00","SP15","Solar","Renewable Forecast Actual Generation","RENEW_FCST_ACT_MW",3,3,-26.8931,"ACTUAL",3
"58","2019-05-19",9,0,"2019-05-19T15:00:00-00:00","2019-05-19T16:00:00-00:00","SP15","Solar","Renewable Forecast Actual Generation","RENEW_FCST_ACT_MW",3,3,2454.81742,"ACTUAL",3
"59","2019-05-19",23,0,"2019-05-20T05:00:00-00:00","2019-05-20T06:00:00-00:00","SP15","Solar","Renewable Forecast Actual Generation","RENEW_FCST_ACT_MW",3,3,-26.34419,"ACTUAL",3
"60","2019-05-19",16,0,"2019-05-19T22:00:00-00:00","2019-05-19T23:00:00-00:00","SP15","Solar","Renewable Forecast Actual Generation","RENEW_FCST_ACT_MW",3,3,4275.13388,"ACTUAL",3
"61","2019-05-19",22,0,"2019-05-20T04:00:00-00:00","2019-05-20T05:00:00-00:00","SP15","Solar","Renewable Forecast Actual Generation","RENEW_FCST_ACT_MW",3,3,-26.99008,"ACTUAL",3
"62","2019-05-19",8,0,"2019-05-19T14:00:00-00:00","2019-05-19T15:00:00-00:00","SP15","Solar","Renewable Forecast Actual Generation","RENEW_FCST_ACT_MW",3,3,1092.12278,"ACTUAL",3
"63","2019-05-19",21,0,"2019-05-20T03:00:00-00:00","2019-05-20T04:00:00-00:00","SP15","Solar","Renewable Forecast Actual Generation","RENEW_FCST_ACT_MW",3,3,-27.37395,"ACTUAL",3
"64","2019-05-19",12,0,"2019-05-19T18:00:00-00:00","2019-05-19T19:00:00-00:00","SP15","Solar","Renewable Forecast Actual Generation","RENEW_FCST_ACT_MW",3,3,5004.3833,"ACTUAL",3
"65","2019-05-19",20,0,"2019-05-20T02:00:00-00:00","2019-05-20T03:00:00-00:00","SP15","Solar","Renewable Forecast Actual Generation","RENEW_FCST_ACT_MW",3,3,111.7698,"ACTUAL",3
"66","2019-05-19",7,0,"2019-05-19T13:00:00-00:00","2019-05-19T14:00:00-00:00","SP15","Solar","Renewable Forecast Actual Generation","RENEW_FCST_ACT_MW",3,3,245.82586,"ACTUAL",3
"67","2019-05-19",19,0,"2019-05-20T01:00:00-00:00","2019-05-20T02:00:00-00:00","SP15","Solar","Renewable Forecast Actual Generation","RENEW_FCST_ACT_MW",3,3,968.14167,"ACTUAL",3
"68","2019-05-19",14,0,"2019-05-19T20:00:00-00:00","2019-05-19T21:00:00-00:00","SP15","Solar","Renewable Forecast Actual Generation","RENEW_FCST_ACT_MW",3,3,4456.8631,"ACTUAL",3
"69","2019-05-19",17,0,"2019-05-19T23:00:00-00:00","2019-05-20T00:00:00-00:00","SP15","Solar","Renewable Forecast Actual Generation","RENEW_FCST_ACT_MW",3,3,3632.84481,"ACTUAL",3
"70","2019-05-19",18,0,"2019-05-20T00:00:00-00:00","2019-05-20T01:00:00-00:00","SP15","Wind","Renewable Forecast Actual Generation","RENEW_FCST_ACT_MW",3,1,2241.68483,"ACTUAL",4
"71","2019-05-19",19,0,"2019-05-20T01:00:00-00:00","2019-05-20T02:00:00-00:00","SP15","Wind","Renewable Forecast Actual Generation","RENEW_FCST_ACT_MW",3,1,2103.00629,"ACTUAL",4
"72","2019-05-19",20,0,"2019-05-20T02:00:00-00:00","2019-05-20T03:00:00-00:00","SP15","Wind","Renewable Forecast Actual Generation","RENEW_FCST_ACT_MW",3,1,1820.72772,"ACTUAL",4
"73","2019-05-19",21,0,"2019-05-20T03:00:00-00:00","2019-05-20T04:00:00-00:00","SP15","Wind","Renewable Forecast Actual Generation","RENEW_FCST_ACT_MW",3,1,2138.44746,"ACTUAL",4
"74","2019-05-19",22,0,"2019-05-20T04:00:00-00:00","2019-05-20T05:00:00-00:00","SP15","Wind","Renewable Forecast Actual Generation","RENEW_FCST_ACT_MW",3,1,2411.12055,"ACTUAL",4
"75","2019-05-19",23,0,"2019-05-20T05:00:00-00:00","2019-05-20T06:00:00-00:00","SP15","Wind","Renewable Forecast Actual Generation","RENEW_FCST_ACT_MW",3,1,2611.21174,"ACTUAL",4
"76","2019-05-19",24,0,"2019-05-20T06:00:00-00:00","2019-05-20T07:00:00-00:00","SP15","Wind","Renewable Forecast Actual Generation","RENEW_FCST_ACT_MW",3,1,2375.6092,"ACTUAL",4
"77","2019-05-19",2,0,"2019-05-19T08:00:00-00:00","2019-05-19T09:00:00-00:00","SP15","Wind","Renewable Forecast Actual Generation","RENEW_FCST_ACT_MW",3,1,2016.60854,"ACTUAL",4
"78","2019-05-19",3,0,"2019-05-19T09:00:00-00:00","2019-05-19T10:00:00-00:00","SP15","Wind","Renewable Forecast Actual Generation","RENEW_FCST_ACT_MW",3,1,1763.69703,"ACTUAL",4
"79","2019-05-19",4,0,"2019-05-19T10:00:00-00:00","2019-05-19T11:00:00-00:00","SP15","Wind","Renewable Forecast Actual Generation","RENEW_FCST_ACT_MW",3,1,1572.13523,"ACTUAL",4
"80","2019-05-19",5,0,"2019-05-19T11:00:00-00:00","2019-05-19T12:00:00-00:00","SP15","Wind","Renewable Forecast Actual Generation","RENEW_FCST_ACT_MW",3,1,1194.69514,"ACTUAL",4
"81","2019-05-19",6,0,"2019-05-19T12:00:00-00:00","2019-05-19T13:00:00-00:00","SP15","Wind","Renewable Forecast Actual Generation","RENEW_FCST_ACT_MW",3,1,1136.72767,"ACTUAL",4
"82","2019-05-19",7,0,"2019-05-19T13:00:00-00:00","2019-05-19T14:00:00-00:00","SP15","Wind","Renewable Forecast Actual Generation","RENEW_FCST_ACT_MW",3,1,1133.56855,"ACTUAL",4
"83","2019-05-19",8,0,"2019-05-19T14:00:00-00:00","2019-05-19T15:00:00-00:00","SP15","Wind","Renewable Forecast Actual Generation","RENEW_FCST_ACT_MW",3,1,1290.16018,"ACTUAL",4
"84","2019-05-19",9,0,"2019-05-19T15:00:00-00:00","2019-05-19T16:00:00-00:00","SP15","Wind","Renewable Forecast Actual Generation","RENEW_FCST_ACT_MW",3,1,1534.34611,"ACTUAL",4
"85","2019-05-19",10,0,"2019-05-19T16:00:00-00:00","2019-05-19T17:00:00-00:00","SP15","Wind","Renewable Forecast Actual Generation","RENEW_FCST_ACT_MW",3,1,1637.36168,"ACTUAL",4
"86","2019-05-19",11,0,"2019-05-19T17:00:00-00:00","2019-05-19T18:00:00-00:00","SP15","Wind","Renewable Forecast Actual Generation","RENEW_FCST_ACT_MW",3,1,1884.09325,"ACTUAL",4
"87","2019-05-19",12,0,"2019-05-19T18:00:00-00:00","2019-05-19T19:00:00-00:00","SP15","Wind","Renewable Forecast Actual Generation","RENEW_FCST_ACT_MW",3,1,2067.7621,"ACTUAL",4
"88","2019-05-19",13,0,"2019-05-19T19:00:00-00:00","2019-05-19T20:00:00-00:00","SP15","Wind","Renewable Forecast Actual Generation","RENEW_FCST_ACT_MW",3,1,2640.89521,"ACTUAL",4
"89","2019-05-19",14,0,"2019-05-19T20:00:00-00:00","2019-05-19T21:00:00-00:00","SP15","Wind","Renewable Forecast Actual Generation","RENEW_FCST_ACT_MW",3,1,2633.93272,"ACTUAL",4
"90","2019-05-19",15,0,"2019-05-19T21:00:00-00:00","2019-05-19T22:00:00-00:00","SP15","Wind","Renewable Forecast Actual Generation","RENEW_FCST_ACT_MW",3,1,2433.70449,"ACTUAL",4
"91","2019-05-19",16,0,"2019-05-19T22:00:00-00:00","2019-05-19T23:00:00-00:00","SP15","Wind","Renewable Forecast Actual Generation","RENEW_FCST_ACT_MW",3,1,2566.08984,"ACTUAL",4
"92","2019-05-19",17,0,"2019-05-19T23:00:00-00:00","2019-05-20T00:00:00-00:00","SP15","Wind","Renewable Forecast Actual Generation","RENEW_FCST_ACT_MW",3,1,2798.42716,"ACTUAL",4
"93","2019-05-19",18,0,"2019-05-20T00:00:00-00:00","2019-05-20T01:00:00-00:00","ZP26","Solar","Renewable Forecast Actual Generation","RENEW_FCST_ACT_MW",3,3,695.21405,"ACTUAL",5
"94","2019-05-19",17,0,"2019-05-19T23:00:00-00:00","2019-05-20T00:00:00-00:00","ZP26","Solar","Renewable Forecast Actual Generation","RENEW_FCST_ACT_MW",3,3,686.89834,"ACTUAL",5
"95","2019-05-19",20,0,"2019-05-20T02:00:00-00:00","2019-05-20T03:00:00-00:00","ZP26","Solar","Renewable Forecast Actual Generation","RENEW_FCST_ACT_MW",3,3,69.75264,"ACTUAL",5
"96","2019-05-19",21,0,"2019-05-20T03:00:00-00:00","2019-05-20T04:00:00-00:00","ZP26","Solar","Renewable Forecast Actual Generation","RENEW_FCST_ACT_MW",3,3,2.34667,"ACTUAL",5
"97","2019-05-19",22,0,"2019-05-20T04:00:00-00:00","2019-05-20T05:00:00-00:00","ZP26","Solar","Renewable Forecast Actual Generation","RENEW_FCST_ACT_MW",3,3,2.31458,"ACTUAL",5
"98","2019-05-19",23,0,"2019-05-20T05:00:00-00:00","2019-05-20T06:00:00-00:00","ZP26","Solar","Renewable Forecast Actual Generation","RENEW_FCST_ACT_MW",3,3,-4.89678,"ACTUAL",5
"99","2019-05-19",24,0,"2019-05-20T06:00:00-00:00","2019-05-20T07:00:00-00:00","ZP26","Solar","Renewable Forecast Actual Generation","RENEW_FCST_ACT_MW",3,3,-4.99852,"ACTUAL",5
"100","2019-05-19",2,0,"2019-05-19T08:00:00-00:00","2019-05-19T09:00:00-00:00","ZP26","Solar","Renewable Forecast Actual Generation","RENEW_FCST_ACT_MW",3,3,-4.91877,"ACTUAL",5
"101","2019-05-19",3,0,"2019-05-19T09:00:00-00:00","2019-05-19T10:00:00-00:00","ZP26","Solar","Renewable Forecast Actual Generation","RENEW_FCST_ACT_MW",3,3,-4.93537,"ACTUAL",5
"102","2019-05-19",4,0,"2019-05-19T10:00:00-00:00","2019-05-19T11:00:00-00:00","ZP26","Solar","Renewable Forecast Actual Generation","RENEW_FCST_ACT_MW",3,3,-4.93609,"ACTUAL",5
"103","2019-05-19",5,0,"2019-05-19T11:00:00-00:00","2019-05-19T12:00:00-00:00","ZP26","Solar","Renewable Forecast Actual Generation","RENEW_FCST_ACT_MW",3,3,-5.16083,"ACTUAL",5
"104","2019-05-19",6,0,"2019-05-19T12:00:00-00:00","2019-05-19T13:00:00-00:00","ZP26","Solar","Renewable Forecast Actual Generation","RENEW_FCST_ACT_MW",3,3,-5.25348,"ACTUAL",5
"105","2019-05-19",7,0,"2019-05-19T13:00:00-00:00","2019-05-19T14:00:00-00:00","ZP26","Solar","Renewable Forecast Actual Generation","RENEW_FCST_ACT_MW",3,3,41.05535,"ACTUAL",5
"106","2019-05-19",8,0,"2019-05-19T14:00:00-00:00","2019-05-19T15:00:00-00:00","ZP26","Solar","Renewable Forecast Actual Generation","RENEW_FCST_ACT_MW",3,3,237.59839,"ACTUAL",5
"107","2019-05-19",9,0,"2019-05-19T15:00:00-00:00","2019-05-19T16:00:00-00:00","ZP26","Solar","Renewable Forecast Actual Generation","RENEW_FCST_ACT_MW",3,3,629.35472,"ACTUAL",5
"108","2019-05-19",10,0,"2019-05-19T16:00:00-00:00","2019-05-19T17:00:00-00:00","ZP26","Solar","Renewable Forecast Actual Generation","RENEW_FCST_ACT_MW",3,3,1018.26051,"ACTUAL",5
"109","2019-05-19",11,0,"2019-05-19T17:00:00-00:00","2019-05-19T18:00:00-00:00","ZP26","Solar","Renewable Forecast Actual Generation","RENEW_FCST_ACT_MW",3,3,1174.29361,"ACTUAL",5
"110","2019-05-19",12,0,"2019-05-19T18:00:00-00:00","2019-05-19T19:00:00-00:00","ZP26","Solar","Renewable Forecast Actual Generation","RENEW_FCST_ACT_MW",3,3,1173.0865,"ACTUAL",5
"111","2019-05-19",13,0,"2019-05-19T19:00:00-00:00","2019-05-19T20:00:00-00:00","ZP26","Solar","Renewable Forecast Actual Generation","RENEW_FCST_ACT_MW",3,3,1042.39049,"ACTUAL",5
"112","2019-05-19",14,0,"2019-05-19T20:00:00-00:00","2019-05-19T21:00:00-00:00","ZP26","Solar","Renewable Forecast Actual Generation","RENEW_FCST_ACT_MW",3,3,814.00816,"ACTUAL",5
"113","2019-05-19",15,0,"2019-05-19T21:00:00-00:00","2019-05-19T22:00:00-00:00","ZP26","Solar","Renewable Forecast Actual Generation","RENEW_FCST_ACT_MW",3,3,663.81284,"ACTUAL",5
"114","2019-05-19",16,0,"2019-05-19T22:00:00-00:00","2019-05-19T23:00:00-00:00","ZP26","Solar","Renewable Forecast Actual Generation","RENEW_FCST_ACT_MW",3,3,658.64462,"ACTUAL",5
"115","2019-05-19",19,0,"2019-05-20T01:00:00-00:00","2019-05-20T02:00:00-00:00","ZP26","Solar","Renewable Forecast Actual Generation","RENEW_FCST_ACT_MW",3,3,334.65377,"ACTUAL",5
"116","2019-05-20",1,0,"2019-05-20T07:00:00-00:00","2019-05-20T08:00:00-00:00","NP15","Solar","Renewable Forecast Actual Generation","RENEW_FCST_ACT_MW",3,3,-2.75591,"ACTUAL",6
"117","2019-05-20",1,0,"2019-05-20T07:00:00-00:00","2019-05-20T08:00:00-00:00","NP15","Wind","Renewable Forecast Actual Generation","RENEW_FCST_ACT_MW",3,1,56.65914,"ACTUAL",7
"118","2019-05-20",1,0,"2019-05-20T07:00:00-00:00","2019-05-20T08:00:00-00:00","SP15","Solar","Renewable Forecast Actual Generation","RENEW_FCST_ACT_MW",3,3,-26.90388,"ACTUAL",8
"119","2019-05-20",1,0,"2019-05-20T07:00:00-00:00","2019-05-20T08:00:00-00:00","SP15","Wind","Renewable Forecast Actual Generation","RENEW_FCST_ACT_MW",3,1,1861.99496,"ACTUAL",9
"120","2019-05-20",1,0,"2019-05-20T07:00:00-00:00","2019-05-20T08:00:00-00:00","ZP26","Solar","Renewable Forecast Actual Generation","RENEW_FCST_ACT_MW",3,3,-4.92786,"ACTUAL",10
