"","OPR_DT","OPR_HR","OPR_INTERVAL","INTERVALSTARTTIME_GMT","INTERVALENDTIME_GMT","TRADING_HUB","RENEWABLE_TYPE","LABEL","XML_DATA_ITEM","MARKET_RUN_ID_POS","RENEW_POS","MW","MARKET_RUN_ID","GROUP"
"1","2019-10-06",2,0,"2019-10-06T08:00:00-00:00","2019-10-06T09:00:00-00:00","NP15","Solar","Renewable Forecast Actual Generation","RENEW_FCST_ACT_MW",3,3,-2.49918,"ACTUAL",1
"2","2019-10-06",3,0,"2019-10-06T09:00:00-00:00","2019-10-06T10:00:00-00:00","NP15","Solar","Renewable Forecast Actual Generation","RENEW_FCST_ACT_MW",3,3,-2.5108,"ACTUAL",1
"3","2019-10-06",4,0,"2019-10-06T10:00:00-00:00","2019-10-06T11:00:00-00:00","NP15","Solar","Renewable Forecast Actual Generation","RENEW_FCST_ACT_MW",3,3,-2.53771,"ACTUAL",1
"4","2019-10-06",5,0,"2019-10-06T11:00:00-00:00","2019-10-06T12:00:00-00:00","NP15","Solar","Renewable Forecast Actual Generation","RENEW_FCST_ACT_MW",3,3,-2.51261,"ACTUAL",1
"5","2019-10-06",6,0,"2019-10-06T12:00:00-00:00","2019-10-06T13:00:00-00:00","NP15","Solar","Renewable Forecast Actual Generation","RENEW_FCST_ACT_MW",3,3,-2.50721,"ACTUAL",1
"6","2019-10-06",7,0,"2019-10-06T13:00:00-00:00","2019-10-06T14:00:00-00:00","NP15","Solar","Renewable Forecast Actual Generation","RENEW_FCST_ACT_MW",3,3,-2.4515,"ACTUAL",1
"7","2019-10-06",8,0,"2019-10-06T14:00:00-00:00","2019-10-06T15:00:00-00:00","NP15","Solar","Renewable Forecast Actual Generation","RENEW_FCST_ACT_MW",3,3,123.9088,"ACTUAL",1
"8","2019-10-06",9,0,"2019-10-06T15:00:00-00:00","2019-10-06T16:00:00-00:00","NP15","Solar","Renewable Forecast Actual Generation","RENEW_FCST_ACT_MW",3,3,805.38735,"ACTUAL",1
"9","2019-10-06",10,0,"2019-10-06T16:00:00-00:00","2019-10-06T17:00:00-00:00","NP15","Solar","Renewable Forecast Actual Generation","RENEW_FCST_ACT_MW",3,3,1123.98069,"ACTUAL",1
"10","2019-10-06",11,0,"2019-10-06T17:00:00-00:00","2019-10-06T18:00:00-00:00","NP15","Solar","Renewable Forecast Actual Generation","RENEW_FCST_ACT_MW",3,3,1146.91933,"ACTUAL",1
"11","2019-10-06",12,0,"2019-10-06T18:00:00-00:00","2019-10-06T19:00:00-00:00","NP15","Solar","Renewable Forecast Actual Generation","RENEW_FCST_ACT_MW",3,3,1090.62765,"ACTUAL",1
"12","2019-10-06",13,0,"2019-10-06T19:00:00-00:00","2019-10-06T20:00:00-00:00","NP15","Solar","Renewable Forecast Actual Generation","RENEW_FCST_ACT_MW",3,3,1072.40196,"ACTUAL",1
"13","2019-10-06",14,0,"2019-10-06T20:00:00-00:00","2019-10-06T21:00:00-00:00","NP15","Solar","Renewable Forecast Actual Generation","RENEW_FCST_ACT_MW",3,3,1077.79901,"ACTUAL",1
"14","2019-10-06",15,0,"2019-10-06T21:00:00-00:00","2019-10-06T22:00:00-00:00","NP15","Solar","Renewable Forecast Actual Generation","RENEW_FCST_ACT_MW",3,3,1132.81394,"ACTUAL",1
"15","2019-10-06",16,0,"2019-10-06T22:00:00-00:00","2019-10-06T23:00:00-00:00","NP15","Solar","Renewable Forecast Actual Generation","RENEW_FCST_ACT_MW",3,3,1146.02608,"ACTUAL",1
"16","2019-10-06",17,0,"2019-10-06T23:00:00-00:00","2019-10-07T00:00:00-00:00","NP15","Solar","Renewable Forecast Actual Generation","RENEW_FCST_ACT_MW",3,3,981.95899,"ACTUAL",1
"17","2019-10-06",18,0,"2019-10-07T00:00:00-00:00","2019-10-07T01:00:00-00:00","NP15","Solar","Renewable Forecast Actual Generation","RENEW_FCST_ACT_MW",3,3,393.43306,"ACTUAL",1
"18","2019-10-06",19,0,"2019-10-07T01:00:00-00:00","2019-10-07T02:00:00-00:00","NP15","Solar","Renewable Forecast Actual Generation","RENEW_FCST_ACT_MW",3,3,12.66541,"ACTUAL",1
"19","2019-10-06",20,0,"2019-10-07T02:00:00-00:00","2019-10-07T03:00:00-00:00","NP15","Solar","Renewable Forecast Actual Generation","RENEW_FCST_ACT_MW",3,3,-2.58377,"ACTUAL",1
"20","2019-10-06",21,0,"2019-10-07T03:00:00-00:00","2019-10-07T04:00:00-00:00","NP15","Solar","Renewable Forecast Actual Generation","RENEW_FCST_ACT_MW",3,3,-2.48788,"ACTUAL",1
"21","2019-10-06",22,0,"2019-10-07T04:00:00-00:00","2019-10-07T05:00:00-00:00","NP15","Solar","Renewable Forecast Actual Generation","RENEW_FCST_ACT_MW",3,3,-2.48984,"ACTUAL",1
"22","2019-10-06",23,0,"2019-10-07T05:00:00-00:00","2019-10-07T06:00:00-00:00","NP15","Solar","Renewable Forecast Actual Generation","RENEW_FCST_ACT_MW",3,3,-2.51535,"ACTUAL",1
"23","2019-10-06",24,0,"2019-10-07T06:00:00-00:00","2019-10-07T07:00:00-00:00","NP15","Solar","Renewable Forecast Actual Generation","RENEW_FCST_ACT_MW",3,3,-2.51054,"ACTUAL",1
"24","2019-10-06",18,0,"2019-10-07T00:00:00-00:00","2019-10-07T01:00:00-00:00","NP15","Wind","Renewable Forecast Actual Generation","RENEW_FCST_ACT_MW",3,1,-8.5506,"ACTUAL",2
"25","2019-10-06",6,0,"2019-10-06T12:00:00-00:00","2019-10-06T13:00:00-00:00","NP15","Wind","Renewable Forecast Actual Generation","RENEW_FCST_ACT_MW",3,1,794.99556,"ACTUAL",2
"26","2019-10-06",17,0,"2019-10-06T23:00:00-00:00","2019-10-07T00:00:00-00:00","NP15","Wind","Renewable Forecast Actual Generation","RENEW_FCST_ACT_MW",3,1,-0.40346,"ACTUAL",2
"27","2019-10-06",16,0,"2019-10-06T22:00:00-00:00","2019-10-06T23:00:00-00:00","NP15","Wind","Renewable Forecast Actual Generation","RENEW_FCST_ACT_MW",3,1,4.51111,"ACTUAL",2
"28","2019-10-06",15,0,"2019-10-06T21:00:00-00:00","2019-10-06T22:00:00-00:00","NP15","Wind","Renewable Forecast Actual Generation","RENEW_FCST_ACT_MW",3,1,2.65007,"ACTUAL",2
"29","2019-10-06",14,0,"2019-10-06T20:00:00-00:00","2019-10-06T21:00:00-00:00","NP15","Wind","Renewable Forecast Actual Generation","RENEW_FCST_ACT_MW",3,1,24.68028,"ACTUAL",2
"30","2019-10-06",13,0,"2019-10-06T19:00:00-00:00","2019-10-06T20:00:00-00:00","NP15","Wind","Renewable Forecast Actual Generation","RENEW_FCST_ACT_MW",3,1,39.64161,"ACTUAL",2
"31","2019-10-06",12,0,"2019-10-06T18:00:00-00:00","2019-10-06T19:00:00-00:00","NP15","Wind","Renewable Forecast Actual Generation","RENEW_FCST_ACT_MW",3,1,76.85741,"ACTUAL",2
"32","2019-10-06",11,0,"2019-10-06T17:00:00-00:00","2019-10-06T18:00:00-00:00","NP15","Wind","Renewable Forecast Actual Generation","RENEW_FCST_ACT_MW",3,1,198.5718,"ACTUAL",2
"33","2019-10-06",10,0,"2019-10-06T16:00:00-00:00","2019-10-06T17:00:00-00:00","NP15","Wind","Renewable Forecast Actual Generation","RENEW_FCST_ACT_MW",3,1,259.36122,"ACTUAL",2
"34","2019-10-06",9,0,"2019-10-06T15:00:00-00:00","2019-10-06T16:00:00-00:00","NP15","Wind","Renewable Forecast Actual Generation","RENEW_FCST_ACT_MW",3,1,319.26681,"ACTUAL",2
"35","2019-10-06",8,0,"2019-10-06T14:00:00-00:00","2019-10-06T15:00:00-00:00","NP15","Wind","Renewable Forecast Actual Generation","RENEW_FCST_ACT_MW",3,1,478.32821,"ACTUAL",2
"36","2019-10-06",7,0,"2019-10-06T13:00:00-00:00","2019-10-06T14:00:00-00:00","NP15","Wind","Renewable Forecast Actual Generation","RENEW_FCST_ACT_MW",3,1,572.93542,"ACTUAL",2
"37","2019-10-06",5,0,"2019-10-06T11:00:00-00:00","2019-10-06T12:00:00-00:00","NP15","Wind","Renewable Forecast Actual Generation","RENEW_FCST_ACT_MW",3,1,774.76439,"ACTUAL",2
"38","2019-10-06",4,0,"2019-10-06T10:00:00-00:00","2019-10-06T11:00:00-00:00","NP15","Wind","Renewable Forecast Actual Generation","RENEW_FCST_ACT_MW",3,1,710.43008,"ACTUAL",2
"39","2019-10-06",3,0,"2019-10-06T09:00:00-00:00","2019-10-06T10:00:00-00:00","NP15","Wind","Renewable Forecast Actual Generation","RENEW_FCST_ACT_MW",3,1,463.92872,"ACTUAL",2
"40","2019-10-06",2,0,"2019-10-06T08:00:00-00:00","2019-10-06T09:00:00-00:00","NP15","Wind","Renewable Forecast Actual Generation","RENEW_FCST_ACT_MW",3,1,179.03657,"ACTUAL",2
"41","2019-10-06",24,0,"2019-10-07T06:00:00-00:00","2019-10-07T07:00:00-00:00","NP15","Wind","Renewable Forecast Actual Generation","RENEW_FCST_ACT_MW",3,1,-9.86673,"ACTUAL",2
"42","2019-10-06",23,0,"2019-10-07T05:00:00-00:00","2019-10-07T06:00:00-00:00","NP15","Wind","Renewable Forecast Actual Generation","RENEW_FCST_ACT_MW",3,1,-11.47806,"ACTUAL",2
"43","2019-10-06",22,0,"2019-10-07T04:00:00-00:00","2019-10-07T05:00:00-00:00","NP15","Wind","Renewable Forecast Actual Generation","RENEW_FCST_ACT_MW",3,1,-9.30823,"ACTUAL",2
"44","2019-10-06",21,0,"2019-10-07T03:00:00-00:00","2019-10-07T04:00:00-00:00","NP15","Wind","Renewable Forecast Actual Generation","RENEW_FCST_ACT_MW",3,1,-9.44599,"ACTUAL",2
"45","2019-10-06",20,0,"2019-10-07T02:00:00-00:00","2019-10-07T03:00:00-00:00","NP15","Wind","Renewable Forecast Actual Generation","RENEW_FCST_ACT_MW",3,1,-10.02537,"ACTUAL",2
"46","2019-10-06",19,0,"2019-10-07T01:00:00-00:00","2019-10-07T02:00:00-00:00","NP15","Wind","Renewable Forecast Actual Generation","RENEW_FCST_ACT_MW",3,1,-11.15986,"ACTUAL",2
"47","2019-10-06",6,0,"2019-10-06T12:00:00-00:00","2019-10-06T13:00:00-00:00","SP15","Solar","Renewable Forecast Actual Generation","RENEW_FCST_ACT_MW",3,3,-18.45717,"ACTUAL",3
"48","2019-10-06",18,0,"2019-10-07T00:00:00-00:00","2019-10-07T01:00:00-00:00","SP15","Solar","Renewable Forecast Actual Generation","RENEW_FCST_ACT_MW",3,3,2189.85677,"ACTUAL",3
"49","2019-10-06",5,0,"2019-10-06T11:00:00-00:00","2019-10-06T12:00:00-00:00","SP15","Solar","Renewable Forecast Actual Generation","RENEW_FCST_ACT_MW",3,3,-17.22267,"ACTUAL",3
"50","2019-10-06",11,0,"2019-10-06T17:00:00-00:00","2019-10-06T18:00:00-00:00","SP15","Solar","Renewable Forecast Actual Generation","RENEW_FCST_ACT_MW",3,3,6341.4553,"ACTUAL",3
"51","2019-10-06",4,0,"2019-10-06T10:00:00-00:00","2019-10-06T11:00:00-00:00","SP15","Solar","Renewable Forecast Actual Generation","RENEW_FCST_ACT_MW",3,3,-17.12224,"ACTUAL",3
"52","2019-10-06",15,0,"2019-10-06T21:00:00-00:00","2019-10-06T22:00:00-00:00","SP15","Solar","Renewable Forecast Actual Generation","RENEW_FCST_ACT_MW",3,3,7006.51778,"ACTUAL",3
"53","2019-10-06",3,0,"2019-10-06T09:00:00-00:00","2019-10-06T10:00:00-00:00","SP15","Solar","Renewable Forecast Actual Generation","RENEW_FCST_ACT_MW",3,3,-15.21465,"ACTUAL",3
"54","2019-10-06",10,0,"2019-10-06T16:00:00-00:00","2019-10-06T17:00:00-00:00","SP15","Solar","Renewable Forecast Actual Generation","RENEW_FCST_ACT_MW",3,3,6044.44309,"ACTUAL",3
"55","2019-10-06",2,0,"2019-10-06T08:00:00-00:00","2019-10-06T09:00:00-00:00","SP15","Solar","Renewable Forecast Actual Generation","RENEW_FCST_ACT_MW",3,3,-14.89566,"ACTUAL",3
"56","2019-10-06",13,0,"2019-10-06T19:00:00-00:00","2019-10-06T20:00:00-00:00","SP15","Solar","Renewable Forecast Actual Generation","RENEW_FCST_ACT_MW",3,3,6866.14198,"ACTUAL",3
"57","2019-10-06",24,0,"2019-10-07T06:00:00-00:00","2019-10-07T07:00:00-00:00","SP15","Solar","Renewable Forecast Actual Generation","RENEW_FCST_ACT_MW",3,3,-13.74079,"ACTUAL",3
"58","2019-10-06",9,0,"2019-10-06T15:00:00-00:00","2019-10-06T16:00:00-00:00","SP15","Solar","Renewable Forecast Actual Generation","RENEW_FCST_ACT_MW",3,3,4729.59572,"ACTUAL",3
"59","2019-10-06",23,0,"2019-10-07T05:00:00-00:00","2019-10-07T06:00:00-00:00","SP15","Solar","Renewable Forecast Actual Generation","RENEW_FCST_ACT_MW",3,3,-13.5878,"ACTUAL",3
"60","2019-10-06",16,0,"2019-10-06T22:00:00-00:00","2019-10-06T23:00:00-00:00","SP15","Solar","Renewable Forecast Actual Generation","RENEW_FCST_ACT_MW",3,3,6582.98687,"ACTUAL",3
"61","2019-10-06",22,0,"2019-10-07T04:00:00-00:00","2019-10-07T05:00:00-00:00","SP15","Solar","Renewable Forecast Actual Generation","RENEW_FCST_ACT_MW",3,3,-12.91819,"ACTUAL",3
"62","2019-10-06",8,0,"2019-10-06T14:00:00-00:00","2019-10-06T15:00:00-00:00","SP15","Solar","Renewable Forecast Actual Generation","RENEW_FCST_ACT_MW",3,3,1439.21667,"ACTUAL",3
"63","2019-10-06",21,0,"2019-10-07T03:00:00-00:00","2019-10-07T04:00:00-00:00","SP15","Solar","Renewable Forecast Actual Generation","RENEW_FCST_ACT_MW",3,3,-12.09402,"ACTUAL",3
"64","2019-10-06",12,0,"2019-10-06T18:00:00-00:00","2019-10-06T19:00:00-00:00","SP15","Solar","Renewable Forecast Actual Generation","RENEW_FCST_ACT_MW",3,3,6241.01067,"ACTUAL",3
"65","2019-10-06",20,0,"2019-10-07T02:00:00-00:00","2019-10-07T03:00:00-00:00","SP15","Solar","Renewable Forecast Actual Generation","RENEW_FCST_ACT_MW",3,3,-12.73278,"ACTUAL",3
"66","2019-10-06",7,0,"2019-10-06T13:00:00-00:00","2019-10-06T14:00:00-00:00","SP15","Solar","Renewable Forecast Actual Generation","RENEW_FCST_ACT_MW",3,3,0.45583,"ACTUAL",3
"67","2019-10-06",19,0,"2019-10-07T01:00:00-00:00","2019-10-07T02:00:00-00:00","SP15","Solar","Renewable Forecast Actual Generation","RENEW_FCST_ACT_MW",3,3,105.80671,"ACTUAL",3
"68","2019-10-06",14,0,"2019-10-06T20:00:00-00:00","2019-10-06T21:00:00-00:00","SP15","Solar","Renewable Forecast Actual Generation","RENEW_FCST_ACT_MW",3,3,7089.69234,"ACTUAL",3
"69","2019-10-06",17,0,"2019-10-06T23:00:00-00:00","2019-10-07T00:00:00-00:00","SP15","Solar","Renewable Forecast Actual Generation","RENEW_FCST_ACT_MW",3,3,5315.68498,"ACTUAL",3
"70","2019-10-06",18,0,"2019-10-07T00:00:00-00:00","2019-10-07T01:00:00-00:00","SP15","Wind","Renewable Forecast Actual Generation","RENEW_FCST_ACT_MW",3,1,157.64716,"ACTUAL",4
"71","2019-10-06",19,0,"2019-10-07T01:00:00-00:00","2019-10-07T02:00:00-00:00","SP15","Wind","Renewable Forecast Actual Generation","RENEW_FCST_ACT_MW",3,1,98.53933,"ACTUAL",4
"72","2019-10-06",20,0,"2019-10-07T02:00:00-00:00","2019-10-07T03:00:00-00:00","SP15","Wind","Renewable Forecast Actual Generation","RENEW_FCST_ACT_MW",3,1,79.37943,"ACTUAL",4
"73","2019-10-06",21,0,"2019-10-07T03:00:00-00:00","2019-10-07T04:00:00-00:00","SP15","Wind","Renewable Forecast Actual Generation","RENEW_FCST_ACT_MW",3,1,82.78253,"ACTUAL",4
"74","2019-10-06",22,0,"2019-10-07T04:00:00-00:00","2019-10-07T05:00:00-00:00","SP15","Wind","Renewable Forecast Actual Generation","RENEW_FCST_ACT_MW",3,1,115.0354,"ACTUAL",4
"75","2019-10-06",23,0,"2019-10-07T05:00:00-00:00","2019-10-07T06:00:00-00:00","SP15","Wind","Renewable Forecast Actual Generation","RENEW_FCST_ACT_MW",3,1,119.52328,"ACTUAL",4
"76","2019-10-06",24,0,"2019-10-07T06:00:00-00:00","2019-10-07T07:00:00-00:00","SP15","Wind","Renewable Forecast Actual Generation","RENEW_FCST_ACT_MW",3,1,118.49571,"ACTUAL",4
"77","2019-10-06",2,0,"2019-10-06T08:00:00-00:00","2019-10-06T09:00:00-00:00","SP15","Wind","Renewable Forecast Actual Generation","RENEW_FCST_ACT_MW",3,1,121.62713,"ACTUAL",4
"78","2019-10-06",3,0,"2019-10-06T09:00:00-00:00","2019-10-06T10:00:00-00:00","SP15","Wind","Renewable Forecast Actual Generation","RENEW_FCST_ACT_MW",3,1,131.55241,"ACTUAL",4
"79","2019-10-06",4,0,"2019-10-06T10:00:00-00:00","2019-10-06T11:00:00-00:00","SP15","Wind","Renewable Forecast Actual Generation","RENEW_FCST_ACT_MW",3,1,128.21907,"ACTUAL",4
"80","2019-10-06",5,0,"2019-10-06T11:00:00-00:00","2019-10-06T12:00:00-00:00","SP15","Wind","Renewable Forecast Actual Generation","RENEW_FCST_ACT_MW",3,1,164.85236,"ACTUAL",4
"81","2019-10-06",6,0,"2019-10-06T12:00:00-00:00","2019-10-06T13:00:00-00:00","SP15","Wind","Renewable Forecast Actual Generation","RENEW_FCST_ACT_MW",3,1,169.02904,"ACTUAL",4
"82","2019-10-06",7,0,"2019-10-06T13:00:00-00:00","2019-10-06T14:00:00-00:00","SP15","Wind","Renewable Forecast Actual Generation","RENEW_FCST_ACT_MW",3,1,154.65716,"ACTUAL",4
"83","2019-10-06",8,0,"2019-10-06T14:00:00-00:00","2019-10-06T15:00:00-00:00","SP15","Wind","Renewable Forecast Actual Generation","RENEW_FCST_ACT_MW",3,1,147.78391,"ACTUAL",4
"84","2019-10-06",9,0,"2019-10-06T15:00:00-00:00","2019-10-06T16:00:00-00:00","SP15","Wind","Renewable Forecast Actual Generation","RENEW_FCST_ACT_MW",3,1,173.66576,"ACTUAL",4
"85","2019-10-06",10,0,"2019-10-06T16:00:00-00:00","2019-10-06T17:00:00-00:00","SP15","Wind","Renewable Forecast Actual Generation","RENEW_FCST_ACT_MW",3,1,265.45031,"ACTUAL",4
"86","2019-10-06",11,0,"2019-10-06T17:00:00-00:00","2019-10-06T18:00:00-00:00","SP15","Wind","Renewable Forecast Actual Generation","RENEW_FCST_ACT_MW",3,1,392.86991,"ACTUAL",4
"87","2019-10-06",12,0,"2019-10-06T18:00:00-00:00","2019-10-06T19:00:00-00:00","SP15","Wind","Renewable Forecast Actual Generation","RENEW_FCST_ACT_MW",3,1,432.41054,"ACTUAL",4
"88","2019-10-06",13,0,"2019-10-06T19:00:00-00:00","2019-10-06T20:00:00-00:00","SP15","Wind","Renewable Forecast Actual Generation","RENEW_FCST_ACT_MW",3,1,496.70906,"ACTUAL",4
"89","2019-10-06",14,0,"2019-10-06T20:00:00-00:00","2019-10-06T21:00:00-00:00","SP15","Wind","Renewable Forecast Actual Generation","RENEW_FCST_ACT_MW",3,1,507.31858,"ACTUAL",4
"90","2019-10-06",15,0,"2019-10-06T21:00:00-00:00","2019-10-06T22:00:00-00:00","SP15","Wind","Renewable Forecast Actual Generation","RENEW_FCST_ACT_MW",3,1,444.84173,"ACTUAL",4
"91","2019-10-06",16,0,"2019-10-06T22:00:00-00:00","2019-10-06T23:00:00-00:00","SP15","Wind","Renewable Forecast Actual Generation","RENEW_FCST_ACT_MW",3,1,347.09561,"ACTUAL",4
"92","2019-10-06",17,0,"2019-10-06T23:00:00-00:00","2019-10-07T00:00:00-00:00","SP15","Wind","Renewable Forecast Actual Generation","RENEW_FCST_ACT_MW",3,1,248.31039,"ACTUAL",4
"93","2019-10-06",18,0,"2019-10-07T00:00:00-00:00","2019-10-07T01:00:00-00:00","ZP26","Solar","Renewable Forecast Actual Generation","RENEW_FCST_ACT_MW",3,3,457.17187,"ACTUAL",5
"94","2019-10-06",17,0,"2019-10-06T23:00:00-00:00","2019-10-07T00:00:00-00:00","ZP26","Solar","Renewable Forecast Actual Generation","RENEW_FCST_ACT_MW",3,3,1090.55921,"ACTUAL",5
"95","2019-10-06",20,0,"2019-10-07T02:00:00-00:00","2019-10-07T03:00:00-00:00","ZP26","Solar","Renewable Forecast Actual Generation","RENEW_FCST_ACT_MW",3,3,-5.31145,"ACTUAL",5
"96","2019-10-06",21,0,"2019-10-07T03:00:00-00:00","2019-10-07T04:00:00-00:00","ZP26","Solar","Renewable Forecast Actual Generation","RENEW_FCST_ACT_MW",3,3,-5.20932,"ACTUAL",5
"97","2019-10-06",22,0,"2019-10-07T04:00:00-00:00","2019-10-07T05:00:00-00:00","ZP26","Solar","Renewable Forecast Actual Generation","RENEW_FCST_ACT_MW",3,3,-5.26733,"ACTUAL",5
"98","2019-10-06",23,0,"2019-10-07T05:00:00-00:00","2019-10-07T06:00:00-00:00","ZP26","Solar","Renewable Forecast Actual Generation","RENEW_FCST_ACT_MW",3,3,-5.26756,"ACTUAL",5
"99","2019-10-06",24,0,"2019-10-07T06:00:00-00:00","2019-10-07T07:00:00-00:00","ZP26","Solar","Renewable Forecast Actual Generation","RENEW_FCST_ACT_MW",3,3,-5.22928,"ACTUAL",5
"100","2019-10-06",2,0,"2019-10-06T08:00:00-00:00","2019-10-06T09:00:00-00:00","ZP26","Solar","Renewable Forecast Actual Generation","RENEW_FCST_ACT_MW",3,3,-5.34811,"ACTUAL",5
"101","2019-10-06",3,0,"2019-10-06T09:00:00-00:00","2019-10-06T10:00:00-00:00","ZP26","Solar","Renewable Forecast Actual Generation","RENEW_FCST_ACT_MW",3,3,-5.29182,"ACTUAL",5
"102","2019-10-06",4,0,"2019-10-06T10:00:00-00:00","2019-10-06T11:00:00-00:00","ZP26","Solar","Renewable Forecast Actual Generation","RENEW_FCST_ACT_MW",3,3,-5.33209,"ACTUAL",5
"103","2019-10-06",5,0,"2019-10-06T11:00:00-00:00","2019-10-06T12:00:00-00:00","ZP26","Solar","Renewable Forecast Actual Generation","RENEW_FCST_ACT_MW",3,3,-5.30415,"ACTUAL",5
"104","2019-10-06",6,0,"2019-10-06T12:00:00-00:00","2019-10-06T13:00:00-00:00","ZP26","Solar","Renewable Forecast Actual Generation","RENEW_FCST_ACT_MW",3,3,-5.47301,"ACTUAL",5
"105","2019-10-06",7,0,"2019-10-06T13:00:00-00:00","2019-10-06T14:00:00-00:00","ZP26","Solar","Renewable Forecast Actual Generation","RENEW_FCST_ACT_MW",3,3,-5.50446,"ACTUAL",5
"106","2019-10-06",8,0,"2019-10-06T14:00:00-00:00","2019-10-06T15:00:00-00:00","ZP26","Solar","Renewable Forecast Actual Generation","RENEW_FCST_ACT_MW",3,3,163.63117,"ACTUAL",5
"107","2019-10-06",9,0,"2019-10-06T15:00:00-00:00","2019-10-06T16:00:00-00:00","ZP26","Solar","Renewable Forecast Actual Generation","RENEW_FCST_ACT_MW",3,3,857.7397,"ACTUAL",5
"108","2019-10-06",10,0,"2019-10-06T16:00:00-00:00","2019-10-06T17:00:00-00:00","ZP26","Solar","Renewable Forecast Actual Generation","RENEW_FCST_ACT_MW",3,3,1323.04463,"ACTUAL",5
"109","2019-10-06",11,0,"2019-10-06T17:00:00-00:00","2019-10-06T18:00:00-00:00","ZP26","Solar","Renewable Forecast Actual Generation","RENEW_FCST_ACT_MW",3,3,1463.69551,"ACTUAL",5
"110","2019-10-06",12,0,"2019-10-06T18:00:00-00:00","2019-10-06T19:00:00-00:00","ZP26","Solar","Renewable Forecast Actual Generation","RENEW_FCST_ACT_MW",3,3,1474.34875,"ACTUAL",5
"111","2019-10-06",13,0,"2019-10-06T19:00:00-00:00","2019-10-06T20:00:00-00:00","ZP26","Solar","Renewable Forecast Actual Generation","RENEW_FCST_ACT_MW",3,3,1452.69649,"ACTUAL",5
"112","2019-10-06",14,0,"2019-10-06T20:00:00-00:00","2019-10-06T21:00:00-00:00","ZP26","Solar","Renewable Forecast Actual Generation","RENEW_FCST_ACT_MW",3,3,1374.05317,"ACTUAL",5
"113","2019-10-06",15,0,"2019-10-06T21:00:00-00:00","2019-10-06T22:00:00-00:00","ZP26","Solar","Renewable Forecast Actual Generation","RENEW_FCST_ACT_MW",3,3,1378.4029,"ACTUAL",5
"114","2019-10-06",16,0,"2019-10-06T22:00:00-00:00","2019-10-06T23:00:00-00:00","ZP26","Solar","Renewable Forecast Actual Generation","RENEW_FCST_ACT_MW",3,3,1342.36796,"ACTUAL",5
"115","2019-10-06",19,0,"2019-10-07T01:00:00-00:00","2019-10-07T02:00:00-00:00","ZP26","Solar","Renewable Forecast Actual Generation","RENEW_FCST_ACT_MW",3,3,20.61817,"ACTUAL",5
"116","2019-10-07",1,0,"2019-10-07T07:00:00-00:00","2019-10-07T08:00:00-00:00","NP15","Solar","Renewable Forecast Actual Generation","RENEW_FCST_ACT_MW",3,3,-2.53168,"ACTUAL",6
"117","2019-10-07",1,0,"2019-10-07T07:00:00-00:00","2019-10-07T08:00:00-00:00","NP15","Wind","Renewable Forecast Actual Generation","RENEW_FCST_ACT_MW",3,1,-9.62202,"ACTUAL",7
"118","2019-10-07",1,0,"2019-10-07T07:00:00-00:00","2019-10-07T08:00:00-00:00","SP15","Solar","Renewable Forecast Actual Generation","RENEW_FCST_ACT_MW",3,3,-13.37107,"ACTUAL",8
"119","2019-10-07",1,0,"2019-10-07T07:00:00-00:00","2019-10-07T08:00:00-00:00","SP15","Wind","Renewable Forecast Actual Generation","RENEW_FCST_ACT_MW",3,1,108.53579,"ACTUAL",9
"120","2019-10-07",1,0,"2019-10-07T07:00:00-00:00","2019-10-07T08:00:00-00:00","ZP26","Solar","Renewable Forecast Actual Generation","RENEW_FCST_ACT_MW",3,3,-5.3419,"ACTUAL",10
