"","OPR_DT","OPR_HR","OPR_INTERVAL","INTERVALSTARTTIME_GMT","INTERVALENDTIME_GMT","TRADING_HUB","RENEWABLE_TYPE","LABEL","XML_DATA_ITEM","MARKET_RUN_ID_POS","RENEW_POS","MW","MARKET_RUN_ID","GROUP"
"1","2019-10-04",2,0,"2019-10-04T08:00:00-00:00","2019-10-04T09:00:00-00:00","NP15","Solar","Renewable Forecast Actual Generation","RENEW_FCST_ACT_MW",3,3,-2.04433,"ACTUAL",1
"2","2019-10-04",3,0,"2019-10-04T09:00:00-00:00","2019-10-04T10:00:00-00:00","NP15","Solar","Renewable Forecast Actual Generation","RENEW_FCST_ACT_MW",3,3,-2.02944,"ACTUAL",1
"3","2019-10-04",4,0,"2019-10-04T10:00:00-00:00","2019-10-04T11:00:00-00:00","NP15","Solar","Renewable Forecast Actual Generation","RENEW_FCST_ACT_MW",3,3,-2.03243,"ACTUAL",1
"4","2019-10-04",5,0,"2019-10-04T11:00:00-00:00","2019-10-04T12:00:00-00:00","NP15","Solar","Renewable Forecast Actual Generation","RENEW_FCST_ACT_MW",3,3,-3.74014,"ACTUAL",1
"5","2019-10-04",6,0,"2019-10-04T12:00:00-00:00","2019-10-04T13:00:00-00:00","NP15","Solar","Renewable Forecast Actual Generation","RENEW_FCST_ACT_MW",3,3,-2.27283,"ACTUAL",1
"6","2019-10-04",7,0,"2019-10-04T13:00:00-00:00","2019-10-04T14:00:00-00:00","NP15","Solar","Renewable Forecast Actual Generation","RENEW_FCST_ACT_MW",3,3,-5.43624,"ACTUAL",1
"7","2019-10-04",8,0,"2019-10-04T14:00:00-00:00","2019-10-04T15:00:00-00:00","NP15","Solar","Renewable Forecast Actual Generation","RENEW_FCST_ACT_MW",3,3,170.51202,"ACTUAL",1
"8","2019-10-04",9,0,"2019-10-04T15:00:00-00:00","2019-10-04T16:00:00-00:00","NP15","Solar","Renewable Forecast Actual Generation","RENEW_FCST_ACT_MW",3,3,817.35033,"ACTUAL",1
"9","2019-10-04",10,0,"2019-10-04T16:00:00-00:00","2019-10-04T17:00:00-00:00","NP15","Solar","Renewable Forecast Actual Generation","RENEW_FCST_ACT_MW",3,3,1067.6868,"ACTUAL",1
"10","2019-10-04",11,0,"2019-10-04T17:00:00-00:00","2019-10-04T18:00:00-00:00","NP15","Solar","Renewable Forecast Actual Generation","RENEW_FCST_ACT_MW",3,3,1238.63774,"ACTUAL",1
"11","2019-10-04",12,0,"2019-10-04T18:00:00-00:00","2019-10-04T19:00:00-00:00","NP15","Solar","Renewable Forecast Actual Generation","RENEW_FCST_ACT_MW",3,3,1215.25989,"ACTUAL",1
"12","2019-10-04",13,0,"2019-10-04T19:00:00-00:00","2019-10-04T20:00:00-00:00","NP15","Solar","Renewable Forecast Actual Generation","RENEW_FCST_ACT_MW",3,3,1176.02017,"ACTUAL",1
"13","2019-10-04",14,0,"2019-10-04T20:00:00-00:00","2019-10-04T21:00:00-00:00","NP15","Solar","Renewable Forecast Actual Generation","RENEW_FCST_ACT_MW",3,3,1182.09335,"ACTUAL",1
"14","2019-10-04",15,0,"2019-10-04T21:00:00-00:00","2019-10-04T22:00:00-00:00","NP15","Solar","Renewable Forecast Actual Generation","RENEW_FCST_ACT_MW",3,3,1203.04698,"ACTUAL",1
"15","2019-10-04",16,0,"2019-10-04T22:00:00-00:00","2019-10-04T23:00:00-00:00","NP15","Solar","Renewable Forecast Actual Generation","RENEW_FCST_ACT_MW",3,3,1211.62788,"ACTUAL",1
"16","2019-10-04",17,0,"2019-10-04T23:00:00-00:00","2019-10-05T00:00:00-00:00","NP15","Solar","Renewable Forecast Actual Generation","RENEW_FCST_ACT_MW",3,3,1094.875,"ACTUAL",1
"17","2019-10-04",18,0,"2019-10-05T00:00:00-00:00","2019-10-05T01:00:00-00:00","NP15","Solar","Renewable Forecast Actual Generation","RENEW_FCST_ACT_MW",3,3,562.44455,"ACTUAL",1
"18","2019-10-04",19,0,"2019-10-05T01:00:00-00:00","2019-10-05T02:00:00-00:00","NP15","Solar","Renewable Forecast Actual Generation","RENEW_FCST_ACT_MW",3,3,36.94095,"ACTUAL",1
"19","2019-10-04",20,0,"2019-10-05T02:00:00-00:00","2019-10-05T03:00:00-00:00","NP15","Solar","Renewable Forecast Actual Generation","RENEW_FCST_ACT_MW",3,3,-2.60279,"ACTUAL",1
"20","2019-10-04",21,0,"2019-10-05T03:00:00-00:00","2019-10-05T04:00:00-00:00","NP15","Solar","Renewable Forecast Actual Generation","RENEW_FCST_ACT_MW",3,3,-2.47718,"ACTUAL",1
"21","2019-10-04",22,0,"2019-10-05T04:00:00-00:00","2019-10-05T05:00:00-00:00","NP15","Solar","Renewable Forecast Actual Generation","RENEW_FCST_ACT_MW",3,3,-2.41021,"ACTUAL",1
"22","2019-10-04",23,0,"2019-10-05T05:00:00-00:00","2019-10-05T06:00:00-00:00","NP15","Solar","Renewable Forecast Actual Generation","RENEW_FCST_ACT_MW",3,3,-2.27933,"ACTUAL",1
"23","2019-10-04",24,0,"2019-10-05T06:00:00-00:00","2019-10-05T07:00:00-00:00","NP15","Solar","Renewable Forecast Actual Generation","RENEW_FCST_ACT_MW",3,3,-2.29775,"ACTUAL",1
"24","2019-10-04",18,0,"2019-10-05T00:00:00-00:00","2019-10-05T01:00:00-00:00","NP15","Wind","Renewable Forecast Actual Generation","RENEW_FCST_ACT_MW",3,1,158.15217,"ACTUAL",2
"25","2019-10-04",6,0,"2019-10-04T12:00:00-00:00","2019-10-04T13:00:00-00:00","NP15","Wind","Renewable Forecast Actual Generation","RENEW_FCST_ACT_MW",3,1,326.23513,"ACTUAL",2
"26","2019-10-04",17,0,"2019-10-04T23:00:00-00:00","2019-10-05T00:00:00-00:00","NP15","Wind","Renewable Forecast Actual Generation","RENEW_FCST_ACT_MW",3,1,219.12461,"ACTUAL",2
"27","2019-10-04",16,0,"2019-10-04T22:00:00-00:00","2019-10-04T23:00:00-00:00","NP15","Wind","Renewable Forecast Actual Generation","RENEW_FCST_ACT_MW",3,1,243.67874,"ACTUAL",2
"28","2019-10-04",15,0,"2019-10-04T21:00:00-00:00","2019-10-04T22:00:00-00:00","NP15","Wind","Renewable Forecast Actual Generation","RENEW_FCST_ACT_MW",3,1,274.31669,"ACTUAL",2
"29","2019-10-04",14,0,"2019-10-04T20:00:00-00:00","2019-10-04T21:00:00-00:00","NP15","Wind","Renewable Forecast Actual Generation","RENEW_FCST_ACT_MW",3,1,326.45467,"ACTUAL",2
"30","2019-10-04",13,0,"2019-10-04T19:00:00-00:00","2019-10-04T20:00:00-00:00","NP15","Wind","Renewable Forecast Actual Generation","RENEW_FCST_ACT_MW",3,1,404.31838,"ACTUAL",2
"31","2019-10-04",12,0,"2019-10-04T18:00:00-00:00","2019-10-04T19:00:00-00:00","NP15","Wind","Renewable Forecast Actual Generation","RENEW_FCST_ACT_MW",3,1,517.18136,"ACTUAL",2
"32","2019-10-04",11,0,"2019-10-04T17:00:00-00:00","2019-10-04T18:00:00-00:00","NP15","Wind","Renewable Forecast Actual Generation","RENEW_FCST_ACT_MW",3,1,625.43501,"ACTUAL",2
"33","2019-10-04",10,0,"2019-10-04T16:00:00-00:00","2019-10-04T17:00:00-00:00","NP15","Wind","Renewable Forecast Actual Generation","RENEW_FCST_ACT_MW",3,1,299.05509,"ACTUAL",2
"34","2019-10-04",9,0,"2019-10-04T15:00:00-00:00","2019-10-04T16:00:00-00:00","NP15","Wind","Renewable Forecast Actual Generation","RENEW_FCST_ACT_MW",3,1,93.54222,"ACTUAL",2
"35","2019-10-04",8,0,"2019-10-04T14:00:00-00:00","2019-10-04T15:00:00-00:00","NP15","Wind","Renewable Forecast Actual Generation","RENEW_FCST_ACT_MW",3,1,96.22573,"ACTUAL",2
"36","2019-10-04",7,0,"2019-10-04T13:00:00-00:00","2019-10-04T14:00:00-00:00","NP15","Wind","Renewable Forecast Actual Generation","RENEW_FCST_ACT_MW",3,1,158.49918,"ACTUAL",2
"37","2019-10-04",5,0,"2019-10-04T11:00:00-00:00","2019-10-04T12:00:00-00:00","NP15","Wind","Renewable Forecast Actual Generation","RENEW_FCST_ACT_MW",3,1,488.30166,"ACTUAL",2
"38","2019-10-04",4,0,"2019-10-04T10:00:00-00:00","2019-10-04T11:00:00-00:00","NP15","Wind","Renewable Forecast Actual Generation","RENEW_FCST_ACT_MW",3,1,662.0206,"ACTUAL",2
"39","2019-10-04",3,0,"2019-10-04T09:00:00-00:00","2019-10-04T10:00:00-00:00","NP15","Wind","Renewable Forecast Actual Generation","RENEW_FCST_ACT_MW",3,1,858.59848,"ACTUAL",2
"40","2019-10-04",2,0,"2019-10-04T08:00:00-00:00","2019-10-04T09:00:00-00:00","NP15","Wind","Renewable Forecast Actual Generation","RENEW_FCST_ACT_MW",3,1,1004.19449,"ACTUAL",2
"41","2019-10-04",24,0,"2019-10-05T06:00:00-00:00","2019-10-05T07:00:00-00:00","NP15","Wind","Renewable Forecast Actual Generation","RENEW_FCST_ACT_MW",3,1,84.8974,"ACTUAL",2
"42","2019-10-04",23,0,"2019-10-05T05:00:00-00:00","2019-10-05T06:00:00-00:00","NP15","Wind","Renewable Forecast Actual Generation","RENEW_FCST_ACT_MW",3,1,84.53319,"ACTUAL",2
"43","2019-10-04",22,0,"2019-10-05T04:00:00-00:00","2019-10-05T05:00:00-00:00","NP15","Wind","Renewable Forecast Actual Generation","RENEW_FCST_ACT_MW",3,1,64.13214,"ACTUAL",2
"44","2019-10-04",21,0,"2019-10-05T03:00:00-00:00","2019-10-05T04:00:00-00:00","NP15","Wind","Renewable Forecast Actual Generation","RENEW_FCST_ACT_MW",3,1,88.9698,"ACTUAL",2
"45","2019-10-04",20,0,"2019-10-05T02:00:00-00:00","2019-10-05T03:00:00-00:00","NP15","Wind","Renewable Forecast Actual Generation","RENEW_FCST_ACT_MW",3,1,72.48039,"ACTUAL",2
"46","2019-10-04",19,0,"2019-10-05T01:00:00-00:00","2019-10-05T02:00:00-00:00","NP15","Wind","Renewable Forecast Actual Generation","RENEW_FCST_ACT_MW",3,1,67.28757,"ACTUAL",2
"47","2019-10-04",6,0,"2019-10-04T12:00:00-00:00","2019-10-04T13:00:00-00:00","SP15","Solar","Renewable Forecast Actual Generation","RENEW_FCST_ACT_MW",3,3,-12.68475,"ACTUAL",3
"48","2019-10-04",18,0,"2019-10-05T00:00:00-00:00","2019-10-05T01:00:00-00:00","SP15","Solar","Renewable Forecast Actual Generation","RENEW_FCST_ACT_MW",3,3,2370.16605,"ACTUAL",3
"49","2019-10-04",5,0,"2019-10-04T11:00:00-00:00","2019-10-04T12:00:00-00:00","SP15","Solar","Renewable Forecast Actual Generation","RENEW_FCST_ACT_MW",3,3,-12.87517,"ACTUAL",3
"50","2019-10-04",11,0,"2019-10-04T17:00:00-00:00","2019-10-04T18:00:00-00:00","SP15","Solar","Renewable Forecast Actual Generation","RENEW_FCST_ACT_MW",3,3,6856.63129,"ACTUAL",3
"51","2019-10-04",4,0,"2019-10-04T10:00:00-00:00","2019-10-04T11:00:00-00:00","SP15","Solar","Renewable Forecast Actual Generation","RENEW_FCST_ACT_MW",3,3,-11.08129,"ACTUAL",3
"52","2019-10-04",15,0,"2019-10-04T21:00:00-00:00","2019-10-04T22:00:00-00:00","SP15","Solar","Renewable Forecast Actual Generation","RENEW_FCST_ACT_MW",3,3,7097.18954,"ACTUAL",3
"53","2019-10-04",3,0,"2019-10-04T09:00:00-00:00","2019-10-04T10:00:00-00:00","SP15","Solar","Renewable Forecast Actual Generation","RENEW_FCST_ACT_MW",3,3,-9.14367,"ACTUAL",3
"54","2019-10-04",10,0,"2019-10-04T16:00:00-00:00","2019-10-04T17:00:00-00:00","SP15","Solar","Renewable Forecast Actual Generation","RENEW_FCST_ACT_MW",3,3,6361.65581,"ACTUAL",3
"55","2019-10-04",2,0,"2019-10-04T08:00:00-00:00","2019-10-04T09:00:00-00:00","SP15","Solar","Renewable Forecast Actual Generation","RENEW_FCST_ACT_MW",3,3,-9.06017,"ACTUAL",3
"56","2019-10-04",13,0,"2019-10-04T19:00:00-00:00","2019-10-04T20:00:00-00:00","SP15","Solar","Renewable Forecast Actual Generation","RENEW_FCST_ACT_MW",3,3,7209.76769,"ACTUAL",3
"57","2019-10-04",24,0,"2019-10-05T06:00:00-00:00","2019-10-05T07:00:00-00:00","SP15","Solar","Renewable Forecast Actual Generation","RENEW_FCST_ACT_MW",3,3,-11.43162,"ACTUAL",3
"58","2019-10-04",9,0,"2019-10-04T15:00:00-00:00","2019-10-04T16:00:00-00:00","SP15","Solar","Renewable Forecast Actual Generation","RENEW_FCST_ACT_MW",3,3,4812.77289,"ACTUAL",3
"59","2019-10-04",23,0,"2019-10-05T05:00:00-00:00","2019-10-05T06:00:00-00:00","SP15","Solar","Renewable Forecast Actual Generation","RENEW_FCST_ACT_MW",3,3,-10.54002,"ACTUAL",3
"60","2019-10-04",16,0,"2019-10-04T22:00:00-00:00","2019-10-04T23:00:00-00:00","SP15","Solar","Renewable Forecast Actual Generation","RENEW_FCST_ACT_MW",3,3,6525.54443,"ACTUAL",3
"61","2019-10-04",22,0,"2019-10-05T04:00:00-00:00","2019-10-05T05:00:00-00:00","SP15","Solar","Renewable Forecast Actual Generation","RENEW_FCST_ACT_MW",3,3,-6.59407,"ACTUAL",3
"62","2019-10-04",8,0,"2019-10-04T14:00:00-00:00","2019-10-04T15:00:00-00:00","SP15","Solar","Renewable Forecast Actual Generation","RENEW_FCST_ACT_MW",3,3,1502.38454,"ACTUAL",3
"63","2019-10-04",21,0,"2019-10-05T03:00:00-00:00","2019-10-05T04:00:00-00:00","SP15","Solar","Renewable Forecast Actual Generation","RENEW_FCST_ACT_MW",3,3,-6.56876,"ACTUAL",3
"64","2019-10-04",12,0,"2019-10-04T18:00:00-00:00","2019-10-04T19:00:00-00:00","SP15","Solar","Renewable Forecast Actual Generation","RENEW_FCST_ACT_MW",3,3,6972.56362,"ACTUAL",3
"65","2019-10-04",20,0,"2019-10-05T02:00:00-00:00","2019-10-05T03:00:00-00:00","SP15","Solar","Renewable Forecast Actual Generation","RENEW_FCST_ACT_MW",3,3,-2.42184,"ACTUAL",3
"66","2019-10-04",7,0,"2019-10-04T13:00:00-00:00","2019-10-04T14:00:00-00:00","SP15","Solar","Renewable Forecast Actual Generation","RENEW_FCST_ACT_MW",3,3,16.34633,"ACTUAL",3
"67","2019-10-04",19,0,"2019-10-05T01:00:00-00:00","2019-10-05T02:00:00-00:00","SP15","Solar","Renewable Forecast Actual Generation","RENEW_FCST_ACT_MW",3,3,159.78071,"ACTUAL",3
"68","2019-10-04",14,0,"2019-10-04T20:00:00-00:00","2019-10-04T21:00:00-00:00","SP15","Solar","Renewable Forecast Actual Generation","RENEW_FCST_ACT_MW",3,3,7025.46548,"ACTUAL",3
"69","2019-10-04",17,0,"2019-10-04T23:00:00-00:00","2019-10-05T00:00:00-00:00","SP15","Solar","Renewable Forecast Actual Generation","RENEW_FCST_ACT_MW",3,3,5458.46308,"ACTUAL",3
"70","2019-10-04",18,0,"2019-10-05T00:00:00-00:00","2019-10-05T01:00:00-00:00","SP15","Wind","Renewable Forecast Actual Generation","RENEW_FCST_ACT_MW",3,1,2155.23722,"ACTUAL",4
"71","2019-10-04",19,0,"2019-10-05T01:00:00-00:00","2019-10-05T02:00:00-00:00","SP15","Wind","Renewable Forecast Actual Generation","RENEW_FCST_ACT_MW",3,1,2066.00785,"ACTUAL",4
"72","2019-10-04",20,0,"2019-10-05T02:00:00-00:00","2019-10-05T03:00:00-00:00","SP15","Wind","Renewable Forecast Actual Generation","RENEW_FCST_ACT_MW",3,1,2056.64468,"ACTUAL",4
"73","2019-10-04",21,0,"2019-10-05T03:00:00-00:00","2019-10-05T04:00:00-00:00","SP15","Wind","Renewable Forecast Actual Generation","RENEW_FCST_ACT_MW",3,1,2020.73061,"ACTUAL",4
"74","2019-10-04",22,0,"2019-10-05T04:00:00-00:00","2019-10-05T05:00:00-00:00","SP15","Wind","Renewable Forecast Actual Generation","RENEW_FCST_ACT_MW",3,1,1968.52926,"ACTUAL",4
"75","2019-10-04",23,0,"2019-10-05T05:00:00-00:00","2019-10-05T06:00:00-00:00","SP15","Wind","Renewable Forecast Actual Generation","RENEW_FCST_ACT_MW",3,1,1929.67958,"ACTUAL",4
"76","2019-10-04",24,0,"2019-10-05T06:00:00-00:00","2019-10-05T07:00:00-00:00","SP15","Wind","Renewable Forecast Actual Generation","RENEW_FCST_ACT_MW",3,1,1553.27725,"ACTUAL",4
"77","2019-10-04",2,0,"2019-10-04T08:00:00-00:00","2019-10-04T09:00:00-00:00","SP15","Wind","Renewable Forecast Actual Generation","RENEW_FCST_ACT_MW",3,1,2258.98729,"ACTUAL",4
"78","2019-10-04",3,0,"2019-10-04T09:00:00-00:00","2019-10-04T10:00:00-00:00","SP15","Wind","Renewable Forecast Actual Generation","RENEW_FCST_ACT_MW",3,1,2294.01445,"ACTUAL",4
"79","2019-10-04",4,0,"2019-10-04T10:00:00-00:00","2019-10-04T11:00:00-00:00","SP15","Wind","Renewable Forecast Actual Generation","RENEW_FCST_ACT_MW",3,1,2111.78576,"ACTUAL",4
"80","2019-10-04",5,0,"2019-10-04T11:00:00-00:00","2019-10-04T12:00:00-00:00","SP15","Wind","Renewable Forecast Actual Generation","RENEW_FCST_ACT_MW",3,1,1908.31475,"ACTUAL",4
"81","2019-10-04",6,0,"2019-10-04T12:00:00-00:00","2019-10-04T13:00:00-00:00","SP15","Wind","Renewable Forecast Actual Generation","RENEW_FCST_ACT_MW",3,1,1601.22409,"ACTUAL",4
"82","2019-10-04",7,0,"2019-10-04T13:00:00-00:00","2019-10-04T14:00:00-00:00","SP15","Wind","Renewable Forecast Actual Generation","RENEW_FCST_ACT_MW",3,1,1526.21261,"ACTUAL",4
"83","2019-10-04",8,0,"2019-10-04T14:00:00-00:00","2019-10-04T15:00:00-00:00","SP15","Wind","Renewable Forecast Actual Generation","RENEW_FCST_ACT_MW",3,1,1640.05662,"ACTUAL",4
"84","2019-10-04",9,0,"2019-10-04T15:00:00-00:00","2019-10-04T16:00:00-00:00","SP15","Wind","Renewable Forecast Actual Generation","RENEW_FCST_ACT_MW",3,1,1676.13826,"ACTUAL",4
"85","2019-10-04",10,0,"2019-10-04T16:00:00-00:00","2019-10-04T17:00:00-00:00","SP15","Wind","Renewable Forecast Actual Generation","RENEW_FCST_ACT_MW",3,1,1765.93495,"ACTUAL",4
"86","2019-10-04",11,0,"2019-10-04T17:00:00-00:00","2019-10-04T18:00:00-00:00","SP15","Wind","Renewable Forecast Actual Generation","RENEW_FCST_ACT_MW",3,1,1810.50208,"ACTUAL",4
"87","2019-10-04",12,0,"2019-10-04T18:00:00-00:00","2019-10-04T19:00:00-00:00","SP15","Wind","Renewable Forecast Actual Generation","RENEW_FCST_ACT_MW",3,1,1817.93314,"ACTUAL",4
"88","2019-10-04",13,0,"2019-10-04T19:00:00-00:00","2019-10-04T20:00:00-00:00","SP15","Wind","Renewable Forecast Actual Generation","RENEW_FCST_ACT_MW",3,1,1936.13374,"ACTUAL",4
"89","2019-10-04",14,0,"2019-10-04T20:00:00-00:00","2019-10-04T21:00:00-00:00","SP15","Wind","Renewable Forecast Actual Generation","RENEW_FCST_ACT_MW",3,1,1781.99461,"ACTUAL",4
"90","2019-10-04",15,0,"2019-10-04T21:00:00-00:00","2019-10-04T22:00:00-00:00","SP15","Wind","Renewable Forecast Actual Generation","RENEW_FCST_ACT_MW",3,1,1774.64409,"ACTUAL",4
"91","2019-10-04",16,0,"2019-10-04T22:00:00-00:00","2019-10-04T23:00:00-00:00","SP15","Wind","Renewable Forecast Actual Generation","RENEW_FCST_ACT_MW",3,1,1810.26257,"ACTUAL",4
"92","2019-10-04",17,0,"2019-10-04T23:00:00-00:00","2019-10-05T00:00:00-00:00","SP15","Wind","Renewable Forecast Actual Generation","RENEW_FCST_ACT_MW",3,1,2069.22655,"ACTUAL",4
"93","2019-10-04",18,0,"2019-10-05T00:00:00-00:00","2019-10-05T01:00:00-00:00","ZP26","Solar","Renewable Forecast Actual Generation","RENEW_FCST_ACT_MW",3,3,596.40625,"ACTUAL",5
"94","2019-10-04",17,0,"2019-10-04T23:00:00-00:00","2019-10-05T00:00:00-00:00","ZP26","Solar","Renewable Forecast Actual Generation","RENEW_FCST_ACT_MW",3,3,1253.7819,"ACTUAL",5
"95","2019-10-04",20,0,"2019-10-05T02:00:00-00:00","2019-10-05T03:00:00-00:00","ZP26","Solar","Renewable Forecast Actual Generation","RENEW_FCST_ACT_MW",3,3,-5.25709,"ACTUAL",5
"96","2019-10-04",21,0,"2019-10-05T03:00:00-00:00","2019-10-05T04:00:00-00:00","ZP26","Solar","Renewable Forecast Actual Generation","RENEW_FCST_ACT_MW",3,3,-5.20144,"ACTUAL",5
"97","2019-10-04",22,0,"2019-10-05T04:00:00-00:00","2019-10-05T05:00:00-00:00","ZP26","Solar","Renewable Forecast Actual Generation","RENEW_FCST_ACT_MW",3,3,-5.18793,"ACTUAL",5
"98","2019-10-04",23,0,"2019-10-05T05:00:00-00:00","2019-10-05T06:00:00-00:00","ZP26","Solar","Renewable Forecast Actual Generation","RENEW_FCST_ACT_MW",3,3,-5.16188,"ACTUAL",5
"99","2019-10-04",24,0,"2019-10-05T06:00:00-00:00","2019-10-05T07:00:00-00:00","ZP26","Solar","Renewable Forecast Actual Generation","RENEW_FCST_ACT_MW",3,3,-5.33045,"ACTUAL",5
"100","2019-10-04",2,0,"2019-10-04T08:00:00-00:00","2019-10-04T09:00:00-00:00","ZP26","Solar","Renewable Forecast Actual Generation","RENEW_FCST_ACT_MW",3,3,-5.18353,"ACTUAL",5
"101","2019-10-04",3,0,"2019-10-04T09:00:00-00:00","2019-10-04T10:00:00-00:00","ZP26","Solar","Renewable Forecast Actual Generation","RENEW_FCST_ACT_MW",3,3,-5.22951,"ACTUAL",5
"102","2019-10-04",4,0,"2019-10-04T10:00:00-00:00","2019-10-04T11:00:00-00:00","ZP26","Solar","Renewable Forecast Actual Generation","RENEW_FCST_ACT_MW",3,3,-5.20115,"ACTUAL",5
"103","2019-10-04",5,0,"2019-10-04T11:00:00-00:00","2019-10-04T12:00:00-00:00","ZP26","Solar","Renewable Forecast Actual Generation","RENEW_FCST_ACT_MW",3,3,-5.65735,"ACTUAL",5
"104","2019-10-04",6,0,"2019-10-04T12:00:00-00:00","2019-10-04T13:00:00-00:00","ZP26","Solar","Renewable Forecast Actual Generation","RENEW_FCST_ACT_MW",3,3,-5.54448,"ACTUAL",5
"105","2019-10-04",7,0,"2019-10-04T13:00:00-00:00","2019-10-04T14:00:00-00:00","ZP26","Solar","Renewable Forecast Actual Generation","RENEW_FCST_ACT_MW",3,3,-5.22823,"ACTUAL",5
"106","2019-10-04",8,0,"2019-10-04T14:00:00-00:00","2019-10-04T15:00:00-00:00","ZP26","Solar","Renewable Forecast Actual Generation","RENEW_FCST_ACT_MW",3,3,193.0565,"ACTUAL",5
"107","2019-10-04",9,0,"2019-10-04T15:00:00-00:00","2019-10-04T16:00:00-00:00","ZP26","Solar","Renewable Forecast Actual Generation","RENEW_FCST_ACT_MW",3,3,889.6573,"ACTUAL",5
"108","2019-10-04",10,0,"2019-10-04T16:00:00-00:00","2019-10-04T17:00:00-00:00","ZP26","Solar","Renewable Forecast Actual Generation","RENEW_FCST_ACT_MW",3,3,1335.89589,"ACTUAL",5
"109","2019-10-04",11,0,"2019-10-04T17:00:00-00:00","2019-10-04T18:00:00-00:00","ZP26","Solar","Renewable Forecast Actual Generation","RENEW_FCST_ACT_MW",3,3,1537.52231,"ACTUAL",5
"110","2019-10-04",12,0,"2019-10-04T18:00:00-00:00","2019-10-04T19:00:00-00:00","ZP26","Solar","Renewable Forecast Actual Generation","RENEW_FCST_ACT_MW",3,3,1578.41308,"ACTUAL",5
"111","2019-10-04",13,0,"2019-10-04T19:00:00-00:00","2019-10-04T20:00:00-00:00","ZP26","Solar","Renewable Forecast Actual Generation","RENEW_FCST_ACT_MW",3,3,1560.30027,"ACTUAL",5
"112","2019-10-04",14,0,"2019-10-04T20:00:00-00:00","2019-10-04T21:00:00-00:00","ZP26","Solar","Renewable Forecast Actual Generation","RENEW_FCST_ACT_MW",3,3,1563.60742,"ACTUAL",5
"113","2019-10-04",15,0,"2019-10-04T21:00:00-00:00","2019-10-04T22:00:00-00:00","ZP26","Solar","Renewable Forecast Actual Generation","RENEW_FCST_ACT_MW",3,3,1582.93699,"ACTUAL",5
"114","2019-10-04",16,0,"2019-10-04T22:00:00-00:00","2019-10-04T23:00:00-00:00","ZP26","Solar","Renewable Forecast Actual Generation","RENEW_FCST_ACT_MW",3,3,1517.81486,"ACTUAL",5
"115","2019-10-04",19,0,"2019-10-05T01:00:00-00:00","2019-10-05T02:00:00-00:00","ZP26","Solar","Renewable Forecast Actual Generation","RENEW_FCST_ACT_MW",3,3,44.783,"ACTUAL",5
"116","2019-10-05",1,0,"2019-10-05T07:00:00-00:00","2019-10-05T08:00:00-00:00","NP15","Solar","Renewable Forecast Actual Generation","RENEW_FCST_ACT_MW",3,3,-2.33301,"ACTUAL",6
"117","2019-10-05",1,0,"2019-10-05T07:00:00-00:00","2019-10-05T08:00:00-00:00","NP15","Wind","Renewable Forecast Actual Generation","RENEW_FCST_ACT_MW",3,1,101.12037,"ACTUAL",7
"118","2019-10-05",1,0,"2019-10-05T07:00:00-00:00","2019-10-05T08:00:00-00:00","SP15","Solar","Renewable Forecast Actual Generation","RENEW_FCST_ACT_MW",3,3,-10.77486,"ACTUAL",8
"119","2019-10-05",1,0,"2019-10-05T07:00:00-00:00","2019-10-05T08:00:00-00:00","SP15","Wind","Renewable Forecast Actual Generation","RENEW_FCST_ACT_MW",3,1,1285.17214,"ACTUAL",9
"120","2019-10-05",1,0,"2019-10-05T07:00:00-00:00","2019-10-05T08:00:00-00:00","ZP26","Solar","Renewable Forecast Actual Generation","RENEW_FCST_ACT_MW",3,3,-5.28264,"ACTUAL",10
