"","OPR_DT","OPR_HR","OPR_INTERVAL","INTERVALSTARTTIME_GMT","INTERVALENDTIME_GMT","TRADING_HUB","RENEWABLE_TYPE","LABEL","XML_DATA_ITEM","MARKET_RUN_ID_POS","RENEW_POS","MW","MARKET_RUN_ID","GROUP"
"1","2019-10-16",2,0,"2019-10-16T08:00:00-00:00","2019-10-16T09:00:00-00:00","NP15","Solar","Renewable Forecast Actual Generation","RENEW_FCST_ACT_MW",3,3,-3.24712,"ACTUAL",1
"2","2019-10-16",3,0,"2019-10-16T09:00:00-00:00","2019-10-16T10:00:00-00:00","NP15","Solar","Renewable Forecast Actual Generation","RENEW_FCST_ACT_MW",3,3,-3.27147,"ACTUAL",1
"3","2019-10-16",4,0,"2019-10-16T10:00:00-00:00","2019-10-16T11:00:00-00:00","NP15","Solar","Renewable Forecast Actual Generation","RENEW_FCST_ACT_MW",3,3,-3.23826,"ACTUAL",1
"4","2019-10-16",5,0,"2019-10-16T11:00:00-00:00","2019-10-16T12:00:00-00:00","NP15","Solar","Renewable Forecast Actual Generation","RENEW_FCST_ACT_MW",3,3,-3.38255,"ACTUAL",1
"5","2019-10-16",6,0,"2019-10-16T12:00:00-00:00","2019-10-16T13:00:00-00:00","NP15","Solar","Renewable Forecast Actual Generation","RENEW_FCST_ACT_MW",3,3,-3.45464,"ACTUAL",1
"6","2019-10-16",7,0,"2019-10-16T13:00:00-00:00","2019-10-16T14:00:00-00:00","NP15","Solar","Renewable Forecast Actual Generation","RENEW_FCST_ACT_MW",3,3,-3.52606,"ACTUAL",1
"7","2019-10-16",8,0,"2019-10-16T14:00:00-00:00","2019-10-16T15:00:00-00:00","NP15","Solar","Renewable Forecast Actual Generation","RENEW_FCST_ACT_MW",3,3,56.56259,"ACTUAL",1
"8","2019-10-16",9,0,"2019-10-16T15:00:00-00:00","2019-10-16T16:00:00-00:00","NP15","Solar","Renewable Forecast Actual Generation","RENEW_FCST_ACT_MW",3,3,476.75924,"ACTUAL",1
"9","2019-10-16",10,0,"2019-10-16T16:00:00-00:00","2019-10-16T17:00:00-00:00","NP15","Solar","Renewable Forecast Actual Generation","RENEW_FCST_ACT_MW",3,3,591.2263,"ACTUAL",1
"10","2019-10-16",11,0,"2019-10-16T17:00:00-00:00","2019-10-16T18:00:00-00:00","NP15","Solar","Renewable Forecast Actual Generation","RENEW_FCST_ACT_MW",3,3,843.40222,"ACTUAL",1
"11","2019-10-16",12,0,"2019-10-16T18:00:00-00:00","2019-10-16T19:00:00-00:00","NP15","Solar","Renewable Forecast Actual Generation","RENEW_FCST_ACT_MW",3,3,659.91056,"ACTUAL",1
"12","2019-10-16",13,0,"2019-10-16T19:00:00-00:00","2019-10-16T20:00:00-00:00","NP15","Solar","Renewable Forecast Actual Generation","RENEW_FCST_ACT_MW",3,3,849.56629,"ACTUAL",1
"13","2019-10-16",14,0,"2019-10-16T20:00:00-00:00","2019-10-16T21:00:00-00:00","NP15","Solar","Renewable Forecast Actual Generation","RENEW_FCST_ACT_MW",3,3,634.06046,"ACTUAL",1
"14","2019-10-16",15,0,"2019-10-16T21:00:00-00:00","2019-10-16T22:00:00-00:00","NP15","Solar","Renewable Forecast Actual Generation","RENEW_FCST_ACT_MW",3,3,541.2461,"ACTUAL",1
"15","2019-10-16",16,0,"2019-10-16T22:00:00-00:00","2019-10-16T23:00:00-00:00","NP15","Solar","Renewable Forecast Actual Generation","RENEW_FCST_ACT_MW",3,3,617.4394,"ACTUAL",1
"16","2019-10-16",17,0,"2019-10-16T23:00:00-00:00","2019-10-17T00:00:00-00:00","NP15","Solar","Renewable Forecast Actual Generation","RENEW_FCST_ACT_MW",3,3,322.99954,"ACTUAL",1
"17","2019-10-16",18,0,"2019-10-17T00:00:00-00:00","2019-10-17T01:00:00-00:00","NP15","Solar","Renewable Forecast Actual Generation","RENEW_FCST_ACT_MW",3,3,79.03387,"ACTUAL",1
"18","2019-10-16",19,0,"2019-10-17T01:00:00-00:00","2019-10-17T02:00:00-00:00","NP15","Solar","Renewable Forecast Actual Generation","RENEW_FCST_ACT_MW",3,3,-1.27909,"ACTUAL",1
"19","2019-10-16",20,0,"2019-10-17T02:00:00-00:00","2019-10-17T03:00:00-00:00","NP15","Solar","Renewable Forecast Actual Generation","RENEW_FCST_ACT_MW",3,3,-3.21155,"ACTUAL",1
"20","2019-10-16",21,0,"2019-10-17T03:00:00-00:00","2019-10-17T04:00:00-00:00","NP15","Solar","Renewable Forecast Actual Generation","RENEW_FCST_ACT_MW",3,3,-3.21161,"ACTUAL",1
"21","2019-10-16",22,0,"2019-10-17T04:00:00-00:00","2019-10-17T05:00:00-00:00","NP15","Solar","Renewable Forecast Actual Generation","RENEW_FCST_ACT_MW",3,3,-3.2065,"ACTUAL",1
"22","2019-10-16",23,0,"2019-10-17T05:00:00-00:00","2019-10-17T06:00:00-00:00","NP15","Solar","Renewable Forecast Actual Generation","RENEW_FCST_ACT_MW",3,3,-3.23447,"ACTUAL",1
"23","2019-10-16",24,0,"2019-10-17T06:00:00-00:00","2019-10-17T07:00:00-00:00","NP15","Solar","Renewable Forecast Actual Generation","RENEW_FCST_ACT_MW",3,3,-3.24447,"ACTUAL",1
"24","2019-10-16",18,0,"2019-10-17T00:00:00-00:00","2019-10-17T01:00:00-00:00","NP15","Wind","Renewable Forecast Actual Generation","RENEW_FCST_ACT_MW",3,1,893.77785,"ACTUAL",2
"25","2019-10-16",6,0,"2019-10-16T12:00:00-00:00","2019-10-16T13:00:00-00:00","NP15","Wind","Renewable Forecast Actual Generation","RENEW_FCST_ACT_MW",3,1,320.72802,"ACTUAL",2
"26","2019-10-16",17,0,"2019-10-16T23:00:00-00:00","2019-10-17T00:00:00-00:00","NP15","Wind","Renewable Forecast Actual Generation","RENEW_FCST_ACT_MW",3,1,481.76964,"ACTUAL",2
"27","2019-10-16",16,0,"2019-10-16T22:00:00-00:00","2019-10-16T23:00:00-00:00","NP15","Wind","Renewable Forecast Actual Generation","RENEW_FCST_ACT_MW",3,1,236.95776,"ACTUAL",2
"28","2019-10-16",15,0,"2019-10-16T21:00:00-00:00","2019-10-16T22:00:00-00:00","NP15","Wind","Renewable Forecast Actual Generation","RENEW_FCST_ACT_MW",3,1,177.35798,"ACTUAL",2
"29","2019-10-16",14,0,"2019-10-16T20:00:00-00:00","2019-10-16T21:00:00-00:00","NP15","Wind","Renewable Forecast Actual Generation","RENEW_FCST_ACT_MW",3,1,99.28738,"ACTUAL",2
"30","2019-10-16",13,0,"2019-10-16T19:00:00-00:00","2019-10-16T20:00:00-00:00","NP15","Wind","Renewable Forecast Actual Generation","RENEW_FCST_ACT_MW",3,1,91.33161,"ACTUAL",2
"31","2019-10-16",12,0,"2019-10-16T18:00:00-00:00","2019-10-16T19:00:00-00:00","NP15","Wind","Renewable Forecast Actual Generation","RENEW_FCST_ACT_MW",3,1,145.9081,"ACTUAL",2
"32","2019-10-16",11,0,"2019-10-16T17:00:00-00:00","2019-10-16T18:00:00-00:00","NP15","Wind","Renewable Forecast Actual Generation","RENEW_FCST_ACT_MW",3,1,217.74088,"ACTUAL",2
"33","2019-10-16",10,0,"2019-10-16T16:00:00-00:00","2019-10-16T17:00:00-00:00","NP15","Wind","Renewable Forecast Actual Generation","RENEW_FCST_ACT_MW",3,1,168.33995,"ACTUAL",2
"34","2019-10-16",9,0,"2019-10-16T15:00:00-00:00","2019-10-16T16:00:00-00:00","NP15","Wind","Renewable Forecast Actual Generation","RENEW_FCST_ACT_MW",3,1,200.26442,"ACTUAL",2
"35","2019-10-16",8,0,"2019-10-16T14:00:00-00:00","2019-10-16T15:00:00-00:00","NP15","Wind","Renewable Forecast Actual Generation","RENEW_FCST_ACT_MW",3,1,260.75159,"ACTUAL",2
"36","2019-10-16",7,0,"2019-10-16T13:00:00-00:00","2019-10-16T14:00:00-00:00","NP15","Wind","Renewable Forecast Actual Generation","RENEW_FCST_ACT_MW",3,1,323.62614,"ACTUAL",2
"37","2019-10-16",5,0,"2019-10-16T11:00:00-00:00","2019-10-16T12:00:00-00:00","NP15","Wind","Renewable Forecast Actual Generation","RENEW_FCST_ACT_MW",3,1,251.58082,"ACTUAL",2
"38","2019-10-16",4,0,"2019-10-16T10:00:00-00:00","2019-10-16T11:00:00-00:00","NP15","Wind","Renewable Forecast Actual Generation","RENEW_FCST_ACT_MW",3,1,293.01343,"ACTUAL",2
"39","2019-10-16",3,0,"2019-10-16T09:00:00-00:00","2019-10-16T10:00:00-00:00","NP15","Wind","Renewable Forecast Actual Generation","RENEW_FCST_ACT_MW",3,1,338.78009,"ACTUAL",2
"40","2019-10-16",2,0,"2019-10-16T08:00:00-00:00","2019-10-16T09:00:00-00:00","NP15","Wind","Renewable Forecast Actual Generation","RENEW_FCST_ACT_MW",3,1,222.98701,"ACTUAL",2
"41","2019-10-16",24,0,"2019-10-17T06:00:00-00:00","2019-10-17T07:00:00-00:00","NP15","Wind","Renewable Forecast Actual Generation","RENEW_FCST_ACT_MW",3,1,749.91165,"ACTUAL",2
"42","2019-10-16",23,0,"2019-10-17T05:00:00-00:00","2019-10-17T06:00:00-00:00","NP15","Wind","Renewable Forecast Actual Generation","RENEW_FCST_ACT_MW",3,1,840.93597,"ACTUAL",2
"43","2019-10-16",22,0,"2019-10-17T04:00:00-00:00","2019-10-17T05:00:00-00:00","NP15","Wind","Renewable Forecast Actual Generation","RENEW_FCST_ACT_MW",3,1,1023.32718,"ACTUAL",2
"44","2019-10-16",21,0,"2019-10-17T03:00:00-00:00","2019-10-17T04:00:00-00:00","NP15","Wind","Renewable Forecast Actual Generation","RENEW_FCST_ACT_MW",3,1,1134.0665,"ACTUAL",2
"45","2019-10-16",20,0,"2019-10-17T02:00:00-00:00","2019-10-17T03:00:00-00:00","NP15","Wind","Renewable Forecast Actual Generation","RENEW_FCST_ACT_MW",3,1,1180.75137,"ACTUAL",2
"46","2019-10-16",19,0,"2019-10-17T01:00:00-00:00","2019-10-17T02:00:00-00:00","NP15","Wind","Renewable Forecast Actual Generation","RENEW_FCST_ACT_MW",3,1,1138.50054,"ACTUAL",2
"47","2019-10-16",6,0,"2019-10-16T12:00:00-00:00","2019-10-16T13:00:00-00:00","SP15","Solar","Renewable Forecast Actual Generation","RENEW_FCST_ACT_MW",3,3,-11.11747,"ACTUAL",3
"48","2019-10-16",18,0,"2019-10-17T00:00:00-00:00","2019-10-17T01:00:00-00:00","SP15","Solar","Renewable Forecast Actual Generation","RENEW_FCST_ACT_MW",3,3,887.07095,"ACTUAL",3
"49","2019-10-16",5,0,"2019-10-16T11:00:00-00:00","2019-10-16T12:00:00-00:00","SP15","Solar","Renewable Forecast Actual Generation","RENEW_FCST_ACT_MW",3,3,-10.94524,"ACTUAL",3
"50","2019-10-16",11,0,"2019-10-16T17:00:00-00:00","2019-10-16T18:00:00-00:00","SP15","Solar","Renewable Forecast Actual Generation","RENEW_FCST_ACT_MW",3,3,5951.24049,"ACTUAL",3
"51","2019-10-16",4,0,"2019-10-16T10:00:00-00:00","2019-10-16T11:00:00-00:00","SP15","Solar","Renewable Forecast Actual Generation","RENEW_FCST_ACT_MW",3,3,-10.35277,"ACTUAL",3
"52","2019-10-16",15,0,"2019-10-16T21:00:00-00:00","2019-10-16T22:00:00-00:00","SP15","Solar","Renewable Forecast Actual Generation","RENEW_FCST_ACT_MW",3,3,4755.8269,"ACTUAL",3
"53","2019-10-16",3,0,"2019-10-16T09:00:00-00:00","2019-10-16T10:00:00-00:00","SP15","Solar","Renewable Forecast Actual Generation","RENEW_FCST_ACT_MW",3,3,-10.47651,"ACTUAL",3
"54","2019-10-16",10,0,"2019-10-16T16:00:00-00:00","2019-10-16T17:00:00-00:00","SP15","Solar","Renewable Forecast Actual Generation","RENEW_FCST_ACT_MW",3,3,5891.5093,"ACTUAL",3
"55","2019-10-16",2,0,"2019-10-16T08:00:00-00:00","2019-10-16T09:00:00-00:00","SP15","Solar","Renewable Forecast Actual Generation","RENEW_FCST_ACT_MW",3,3,-16.64381,"ACTUAL",3
"56","2019-10-16",13,0,"2019-10-16T19:00:00-00:00","2019-10-16T20:00:00-00:00","SP15","Solar","Renewable Forecast Actual Generation","RENEW_FCST_ACT_MW",3,3,6170.03709,"ACTUAL",3
"57","2019-10-16",24,0,"2019-10-17T06:00:00-00:00","2019-10-17T07:00:00-00:00","SP15","Solar","Renewable Forecast Actual Generation","RENEW_FCST_ACT_MW",3,3,24.10289,"ACTUAL",3
"58","2019-10-16",9,0,"2019-10-16T15:00:00-00:00","2019-10-16T16:00:00-00:00","SP15","Solar","Renewable Forecast Actual Generation","RENEW_FCST_ACT_MW",3,3,4009.23243,"ACTUAL",3
"59","2019-10-16",23,0,"2019-10-17T05:00:00-00:00","2019-10-17T06:00:00-00:00","SP15","Solar","Renewable Forecast Actual Generation","RENEW_FCST_ACT_MW",3,3,25.74872,"ACTUAL",3
"60","2019-10-16",16,0,"2019-10-16T22:00:00-00:00","2019-10-16T23:00:00-00:00","SP15","Solar","Renewable Forecast Actual Generation","RENEW_FCST_ACT_MW",3,3,3803.38888,"ACTUAL",3
"61","2019-10-16",22,0,"2019-10-17T04:00:00-00:00","2019-10-17T05:00:00-00:00","SP15","Solar","Renewable Forecast Actual Generation","RENEW_FCST_ACT_MW",3,3,25.64965,"ACTUAL",3
"62","2019-10-16",8,0,"2019-10-16T14:00:00-00:00","2019-10-16T15:00:00-00:00","SP15","Solar","Renewable Forecast Actual Generation","RENEW_FCST_ACT_MW",3,3,998.92533,"ACTUAL",3
"63","2019-10-16",21,0,"2019-10-17T03:00:00-00:00","2019-10-17T04:00:00-00:00","SP15","Solar","Renewable Forecast Actual Generation","RENEW_FCST_ACT_MW",3,3,25.8021,"ACTUAL",3
"64","2019-10-16",12,0,"2019-10-16T18:00:00-00:00","2019-10-16T19:00:00-00:00","SP15","Solar","Renewable Forecast Actual Generation","RENEW_FCST_ACT_MW",3,3,6090.09331,"ACTUAL",3
"65","2019-10-16",20,0,"2019-10-17T02:00:00-00:00","2019-10-17T03:00:00-00:00","SP15","Solar","Renewable Forecast Actual Generation","RENEW_FCST_ACT_MW",3,3,25.48345,"ACTUAL",3
"66","2019-10-16",7,0,"2019-10-16T13:00:00-00:00","2019-10-16T14:00:00-00:00","SP15","Solar","Renewable Forecast Actual Generation","RENEW_FCST_ACT_MW",3,3,-4.53137,"ACTUAL",3
"67","2019-10-16",19,0,"2019-10-17T01:00:00-00:00","2019-10-17T02:00:00-00:00","SP15","Solar","Renewable Forecast Actual Generation","RENEW_FCST_ACT_MW",3,3,35.63555,"ACTUAL",3
"68","2019-10-16",14,0,"2019-10-16T20:00:00-00:00","2019-10-16T21:00:00-00:00","SP15","Solar","Renewable Forecast Actual Generation","RENEW_FCST_ACT_MW",3,3,5832.44311,"ACTUAL",3
"69","2019-10-16",17,0,"2019-10-16T23:00:00-00:00","2019-10-17T00:00:00-00:00","SP15","Solar","Renewable Forecast Actual Generation","RENEW_FCST_ACT_MW",3,3,2649.35921,"ACTUAL",3
"70","2019-10-16",18,0,"2019-10-17T00:00:00-00:00","2019-10-17T01:00:00-00:00","SP15","Wind","Renewable Forecast Actual Generation","RENEW_FCST_ACT_MW",3,1,67.49037,"ACTUAL",4
"71","2019-10-16",19,0,"2019-10-17T01:00:00-00:00","2019-10-17T02:00:00-00:00","SP15","Wind","Renewable Forecast Actual Generation","RENEW_FCST_ACT_MW",3,1,112.6507,"ACTUAL",4
"72","2019-10-16",20,0,"2019-10-17T02:00:00-00:00","2019-10-17T03:00:00-00:00","SP15","Wind","Renewable Forecast Actual Generation","RENEW_FCST_ACT_MW",3,1,430.42607,"ACTUAL",4
"73","2019-10-16",21,0,"2019-10-17T03:00:00-00:00","2019-10-17T04:00:00-00:00","SP15","Wind","Renewable Forecast Actual Generation","RENEW_FCST_ACT_MW",3,1,984.15695,"ACTUAL",4
"74","2019-10-16",22,0,"2019-10-17T04:00:00-00:00","2019-10-17T05:00:00-00:00","SP15","Wind","Renewable Forecast Actual Generation","RENEW_FCST_ACT_MW",3,1,1665.07853,"ACTUAL",4
"75","2019-10-16",23,0,"2019-10-17T05:00:00-00:00","2019-10-17T06:00:00-00:00","SP15","Wind","Renewable Forecast Actual Generation","RENEW_FCST_ACT_MW",3,1,1705.33146,"ACTUAL",4
"76","2019-10-16",24,0,"2019-10-17T06:00:00-00:00","2019-10-17T07:00:00-00:00","SP15","Wind","Renewable Forecast Actual Generation","RENEW_FCST_ACT_MW",3,1,1539.9566,"ACTUAL",4
"77","2019-10-16",2,0,"2019-10-16T08:00:00-00:00","2019-10-16T09:00:00-00:00","SP15","Wind","Renewable Forecast Actual Generation","RENEW_FCST_ACT_MW",3,1,126.83684,"ACTUAL",4
"78","2019-10-16",3,0,"2019-10-16T09:00:00-00:00","2019-10-16T10:00:00-00:00","SP15","Wind","Renewable Forecast Actual Generation","RENEW_FCST_ACT_MW",3,1,116.40604,"ACTUAL",4
"79","2019-10-16",4,0,"2019-10-16T10:00:00-00:00","2019-10-16T11:00:00-00:00","SP15","Wind","Renewable Forecast Actual Generation","RENEW_FCST_ACT_MW",3,1,113.35382,"ACTUAL",4
"80","2019-10-16",5,0,"2019-10-16T11:00:00-00:00","2019-10-16T12:00:00-00:00","SP15","Wind","Renewable Forecast Actual Generation","RENEW_FCST_ACT_MW",3,1,124.83001,"ACTUAL",4
"81","2019-10-16",6,0,"2019-10-16T12:00:00-00:00","2019-10-16T13:00:00-00:00","SP15","Wind","Renewable Forecast Actual Generation","RENEW_FCST_ACT_MW",3,1,135.88818,"ACTUAL",4
"82","2019-10-16",7,0,"2019-10-16T13:00:00-00:00","2019-10-16T14:00:00-00:00","SP15","Wind","Renewable Forecast Actual Generation","RENEW_FCST_ACT_MW",3,1,121.14705,"ACTUAL",4
"83","2019-10-16",8,0,"2019-10-16T14:00:00-00:00","2019-10-16T15:00:00-00:00","SP15","Wind","Renewable Forecast Actual Generation","RENEW_FCST_ACT_MW",3,1,124.31912,"ACTUAL",4
"84","2019-10-16",9,0,"2019-10-16T15:00:00-00:00","2019-10-16T16:00:00-00:00","SP15","Wind","Renewable Forecast Actual Generation","RENEW_FCST_ACT_MW",3,1,100.67089,"ACTUAL",4
"85","2019-10-16",10,0,"2019-10-16T16:00:00-00:00","2019-10-16T17:00:00-00:00","SP15","Wind","Renewable Forecast Actual Generation","RENEW_FCST_ACT_MW",3,1,110.18982,"ACTUAL",4
"86","2019-10-16",11,0,"2019-10-16T17:00:00-00:00","2019-10-16T18:00:00-00:00","SP15","Wind","Renewable Forecast Actual Generation","RENEW_FCST_ACT_MW",3,1,124.10022,"ACTUAL",4
"87","2019-10-16",12,0,"2019-10-16T18:00:00-00:00","2019-10-16T19:00:00-00:00","SP15","Wind","Renewable Forecast Actual Generation","RENEW_FCST_ACT_MW",3,1,130.76121,"ACTUAL",4
"88","2019-10-16",13,0,"2019-10-16T19:00:00-00:00","2019-10-16T20:00:00-00:00","SP15","Wind","Renewable Forecast Actual Generation","RENEW_FCST_ACT_MW",3,1,147.22689,"ACTUAL",4
"89","2019-10-16",14,0,"2019-10-16T20:00:00-00:00","2019-10-16T21:00:00-00:00","SP15","Wind","Renewable Forecast Actual Generation","RENEW_FCST_ACT_MW",3,1,143.20493,"ACTUAL",4
"90","2019-10-16",15,0,"2019-10-16T21:00:00-00:00","2019-10-16T22:00:00-00:00","SP15","Wind","Renewable Forecast Actual Generation","RENEW_FCST_ACT_MW",3,1,109.23282,"ACTUAL",4
"91","2019-10-16",16,0,"2019-10-16T22:00:00-00:00","2019-10-16T23:00:00-00:00","SP15","Wind","Renewable Forecast Actual Generation","RENEW_FCST_ACT_MW",3,1,101.15129,"ACTUAL",4
"92","2019-10-16",17,0,"2019-10-16T23:00:00-00:00","2019-10-17T00:00:00-00:00","SP15","Wind","Renewable Forecast Actual Generation","RENEW_FCST_ACT_MW",3,1,76.78298,"ACTUAL",4
"93","2019-10-16",18,0,"2019-10-17T00:00:00-00:00","2019-10-17T01:00:00-00:00","ZP26","Solar","Renewable Forecast Actual Generation","RENEW_FCST_ACT_MW",3,3,273.08077,"ACTUAL",5
"94","2019-10-16",17,0,"2019-10-16T23:00:00-00:00","2019-10-17T00:00:00-00:00","ZP26","Solar","Renewable Forecast Actual Generation","RENEW_FCST_ACT_MW",3,3,560.70041,"ACTUAL",5
"95","2019-10-16",20,0,"2019-10-17T02:00:00-00:00","2019-10-17T03:00:00-00:00","ZP26","Solar","Renewable Forecast Actual Generation","RENEW_FCST_ACT_MW",3,3,-5.61427,"ACTUAL",5
"96","2019-10-16",21,0,"2019-10-17T03:00:00-00:00","2019-10-17T04:00:00-00:00","ZP26","Solar","Renewable Forecast Actual Generation","RENEW_FCST_ACT_MW",3,3,-5.60422,"ACTUAL",5
"97","2019-10-16",22,0,"2019-10-17T04:00:00-00:00","2019-10-17T05:00:00-00:00","ZP26","Solar","Renewable Forecast Actual Generation","RENEW_FCST_ACT_MW",3,3,-5.57353,"ACTUAL",5
"98","2019-10-16",23,0,"2019-10-17T05:00:00-00:00","2019-10-17T06:00:00-00:00","ZP26","Solar","Renewable Forecast Actual Generation","RENEW_FCST_ACT_MW",3,3,-5.59727,"ACTUAL",5
"99","2019-10-16",24,0,"2019-10-17T06:00:00-00:00","2019-10-17T07:00:00-00:00","ZP26","Solar","Renewable Forecast Actual Generation","RENEW_FCST_ACT_MW",3,3,-5.55307,"ACTUAL",5
"100","2019-10-16",2,0,"2019-10-16T08:00:00-00:00","2019-10-16T09:00:00-00:00","ZP26","Solar","Renewable Forecast Actual Generation","RENEW_FCST_ACT_MW",3,3,-5.61747,"ACTUAL",5
"101","2019-10-16",3,0,"2019-10-16T09:00:00-00:00","2019-10-16T10:00:00-00:00","ZP26","Solar","Renewable Forecast Actual Generation","RENEW_FCST_ACT_MW",3,3,-5.61483,"ACTUAL",5
"102","2019-10-16",4,0,"2019-10-16T10:00:00-00:00","2019-10-16T11:00:00-00:00","ZP26","Solar","Renewable Forecast Actual Generation","RENEW_FCST_ACT_MW",3,3,-6.5374,"ACTUAL",5
"103","2019-10-16",5,0,"2019-10-16T11:00:00-00:00","2019-10-16T12:00:00-00:00","ZP26","Solar","Renewable Forecast Actual Generation","RENEW_FCST_ACT_MW",3,3,-5.61668,"ACTUAL",5
"104","2019-10-16",6,0,"2019-10-16T12:00:00-00:00","2019-10-16T13:00:00-00:00","ZP26","Solar","Renewable Forecast Actual Generation","RENEW_FCST_ACT_MW",3,3,-5.56443,"ACTUAL",5
"105","2019-10-16",7,0,"2019-10-16T13:00:00-00:00","2019-10-16T14:00:00-00:00","ZP26","Solar","Renewable Forecast Actual Generation","RENEW_FCST_ACT_MW",3,3,-5.59594,"ACTUAL",5
"106","2019-10-16",8,0,"2019-10-16T14:00:00-00:00","2019-10-16T15:00:00-00:00","ZP26","Solar","Renewable Forecast Actual Generation","RENEW_FCST_ACT_MW",3,3,95.32848,"ACTUAL",5
"107","2019-10-16",9,0,"2019-10-16T15:00:00-00:00","2019-10-16T16:00:00-00:00","ZP26","Solar","Renewable Forecast Actual Generation","RENEW_FCST_ACT_MW",3,3,425.13613,"ACTUAL",5
"108","2019-10-16",10,0,"2019-10-16T16:00:00-00:00","2019-10-16T17:00:00-00:00","ZP26","Solar","Renewable Forecast Actual Generation","RENEW_FCST_ACT_MW",3,3,765.37734,"ACTUAL",5
"109","2019-10-16",11,0,"2019-10-16T17:00:00-00:00","2019-10-16T18:00:00-00:00","ZP26","Solar","Renewable Forecast Actual Generation","RENEW_FCST_ACT_MW",3,3,1211.2624,"ACTUAL",5
"110","2019-10-16",12,0,"2019-10-16T18:00:00-00:00","2019-10-16T19:00:00-00:00","ZP26","Solar","Renewable Forecast Actual Generation","RENEW_FCST_ACT_MW",3,3,1259.77113,"ACTUAL",5
"111","2019-10-16",13,0,"2019-10-16T19:00:00-00:00","2019-10-16T20:00:00-00:00","ZP26","Solar","Renewable Forecast Actual Generation","RENEW_FCST_ACT_MW",3,3,1265.31001,"ACTUAL",5
"112","2019-10-16",14,0,"2019-10-16T20:00:00-00:00","2019-10-16T21:00:00-00:00","ZP26","Solar","Renewable Forecast Actual Generation","RENEW_FCST_ACT_MW",3,3,1079.7552,"ACTUAL",5
"113","2019-10-16",15,0,"2019-10-16T21:00:00-00:00","2019-10-16T22:00:00-00:00","ZP26","Solar","Renewable Forecast Actual Generation","RENEW_FCST_ACT_MW",3,3,1025.84199,"ACTUAL",5
"114","2019-10-16",16,0,"2019-10-16T22:00:00-00:00","2019-10-16T23:00:00-00:00","ZP26","Solar","Renewable Forecast Actual Generation","RENEW_FCST_ACT_MW",3,3,690.82372,"ACTUAL",5
"115","2019-10-16",19,0,"2019-10-17T01:00:00-00:00","2019-10-17T02:00:00-00:00","ZP26","Solar","Renewable Forecast Actual Generation","RENEW_FCST_ACT_MW",3,3,-2.28396,"ACTUAL",5
"116","2019-10-17",1,0,"2019-10-17T07:00:00-00:00","2019-10-17T08:00:00-00:00","NP15","Solar","Renewable Forecast Actual Generation","RENEW_FCST_ACT_MW",3,3,-3.25218,"ACTUAL",6
"117","2019-10-17",1,0,"2019-10-17T07:00:00-00:00","2019-10-17T08:00:00-00:00","NP15","Wind","Renewable Forecast Actual Generation","RENEW_FCST_ACT_MW",3,1,531.42314,"ACTUAL",7
"118","2019-10-17",1,0,"2019-10-17T07:00:00-00:00","2019-10-17T08:00:00-00:00","SP15","Solar","Renewable Forecast Actual Generation","RENEW_FCST_ACT_MW",3,3,23.99695,"ACTUAL",8
"119","2019-10-17",1,0,"2019-10-17T07:00:00-00:00","2019-10-17T08:00:00-00:00","SP15","Wind","Renewable Forecast Actual Generation","RENEW_FCST_ACT_MW",3,1,1299.9037,"ACTUAL",9
"120","2019-10-17",1,0,"2019-10-17T07:00:00-00:00","2019-10-17T08:00:00-00:00","ZP26","Solar","Renewable Forecast Actual Generation","RENEW_FCST_ACT_MW",3,3,-5.59417,"ACTUAL",10
