"","OPR_DT","OPR_HR","OPR_INTERVAL","INTERVALSTARTTIME_GMT","INTERVALENDTIME_GMT","TRADING_HUB","RENEWABLE_TYPE","LABEL","XML_DATA_ITEM","MARKET_RUN_ID_POS","RENEW_POS","MW","MARKET_RUN_ID","GROUP"
"1","2019-05-01",2,0,"2019-05-01T08:00:00-00:00","2019-05-01T09:00:00-00:00","NP15","Solar","Renewable Forecast Actual Generation","RENEW_FCST_ACT_MW",3,3,-3.11671,"ACTUAL",1
"2","2019-05-01",3,0,"2019-05-01T09:00:00-00:00","2019-05-01T10:00:00-00:00","NP15","Solar","Renewable Forecast Actual Generation","RENEW_FCST_ACT_MW",3,3,-3.12513,"ACTUAL",1
"3","2019-05-01",4,0,"2019-05-01T10:00:00-00:00","2019-05-01T11:00:00-00:00","NP15","Solar","Renewable Forecast Actual Generation","RENEW_FCST_ACT_MW",3,3,-3.11541,"ACTUAL",1
"4","2019-05-01",5,0,"2019-05-01T11:00:00-00:00","2019-05-01T12:00:00-00:00","NP15","Solar","Renewable Forecast Actual Generation","RENEW_FCST_ACT_MW",3,3,-3.096,"ACTUAL",1
"5","2019-05-01",6,0,"2019-05-01T12:00:00-00:00","2019-05-01T13:00:00-00:00","NP15","Solar","Renewable Forecast Actual Generation","RENEW_FCST_ACT_MW",3,3,-3.14083,"ACTUAL",1
"6","2019-05-01",7,0,"2019-05-01T13:00:00-00:00","2019-05-01T14:00:00-00:00","NP15","Solar","Renewable Forecast Actual Generation","RENEW_FCST_ACT_MW",3,3,80.17813,"ACTUAL",1
"7","2019-05-01",8,0,"2019-05-01T14:00:00-00:00","2019-05-01T15:00:00-00:00","NP15","Solar","Renewable Forecast Actual Generation","RENEW_FCST_ACT_MW",3,3,663.29565,"ACTUAL",1
"8","2019-05-01",9,0,"2019-05-01T15:00:00-00:00","2019-05-01T16:00:00-00:00","NP15","Solar","Renewable Forecast Actual Generation","RENEW_FCST_ACT_MW",3,3,1191.94258,"ACTUAL",1
"9","2019-05-01",10,0,"2019-05-01T16:00:00-00:00","2019-05-01T17:00:00-00:00","NP15","Solar","Renewable Forecast Actual Generation","RENEW_FCST_ACT_MW",3,3,1322.5456,"ACTUAL",1
"10","2019-05-01",11,0,"2019-05-01T17:00:00-00:00","2019-05-01T18:00:00-00:00","NP15","Solar","Renewable Forecast Actual Generation","RENEW_FCST_ACT_MW",3,3,1336.7761,"ACTUAL",1
"11","2019-05-01",12,0,"2019-05-01T18:00:00-00:00","2019-05-01T19:00:00-00:00","NP15","Solar","Renewable Forecast Actual Generation","RENEW_FCST_ACT_MW",3,3,1350.29966,"ACTUAL",1
"12","2019-05-01",13,0,"2019-05-01T19:00:00-00:00","2019-05-01T20:00:00-00:00","NP15","Solar","Renewable Forecast Actual Generation","RENEW_FCST_ACT_MW",3,3,1361.23625,"ACTUAL",1
"13","2019-05-01",14,0,"2019-05-01T20:00:00-00:00","2019-05-01T21:00:00-00:00","NP15","Solar","Renewable Forecast Actual Generation","RENEW_FCST_ACT_MW",3,3,1353.2979,"ACTUAL",1
"14","2019-05-01",15,0,"2019-05-01T21:00:00-00:00","2019-05-01T22:00:00-00:00","NP15","Solar","Renewable Forecast Actual Generation","RENEW_FCST_ACT_MW",3,3,1328.58916,"ACTUAL",1
"15","2019-05-01",16,0,"2019-05-01T22:00:00-00:00","2019-05-01T23:00:00-00:00","NP15","Solar","Renewable Forecast Actual Generation","RENEW_FCST_ACT_MW",3,3,1276.08844,"ACTUAL",1
"16","2019-05-01",17,0,"2019-05-01T23:00:00-00:00","2019-05-02T00:00:00-00:00","NP15","Solar","Renewable Forecast Actual Generation","RENEW_FCST_ACT_MW",3,3,1154.08528,"ACTUAL",1
"17","2019-05-01",18,0,"2019-05-02T00:00:00-00:00","2019-05-02T01:00:00-00:00","NP15","Solar","Renewable Forecast Actual Generation","RENEW_FCST_ACT_MW",3,3,1179.22653,"ACTUAL",1
"18","2019-05-01",19,0,"2019-05-02T01:00:00-00:00","2019-05-02T02:00:00-00:00","NP15","Solar","Renewable Forecast Actual Generation","RENEW_FCST_ACT_MW",3,3,678.45134,"ACTUAL",1
"19","2019-05-01",20,0,"2019-05-02T02:00:00-00:00","2019-05-02T03:00:00-00:00","NP15","Solar","Renewable Forecast Actual Generation","RENEW_FCST_ACT_MW",3,3,97.87815,"ACTUAL",1
"20","2019-05-01",21,0,"2019-05-02T03:00:00-00:00","2019-05-02T04:00:00-00:00","NP15","Solar","Renewable Forecast Actual Generation","RENEW_FCST_ACT_MW",3,3,33.29513,"ACTUAL",1
"21","2019-05-01",22,0,"2019-05-02T04:00:00-00:00","2019-05-02T05:00:00-00:00","NP15","Solar","Renewable Forecast Actual Generation","RENEW_FCST_ACT_MW",3,3,54.70004,"ACTUAL",1
"22","2019-05-01",23,0,"2019-05-02T05:00:00-00:00","2019-05-02T06:00:00-00:00","NP15","Solar","Renewable Forecast Actual Generation","RENEW_FCST_ACT_MW",3,3,236.64225,"ACTUAL",1
"23","2019-05-01",24,0,"2019-05-02T06:00:00-00:00","2019-05-02T07:00:00-00:00","NP15","Solar","Renewable Forecast Actual Generation","RENEW_FCST_ACT_MW",3,3,545.89933,"ACTUAL",1
"24","2019-05-01",18,0,"2019-05-02T00:00:00-00:00","2019-05-02T01:00:00-00:00","NP15","Wind","Renewable Forecast Actual Generation","RENEW_FCST_ACT_MW",3,1,272.44157,"ACTUAL",2
"25","2019-05-01",6,0,"2019-05-01T12:00:00-00:00","2019-05-01T13:00:00-00:00","NP15","Wind","Renewable Forecast Actual Generation","RENEW_FCST_ACT_MW",3,1,381.64732,"ACTUAL",2
"26","2019-05-01",17,0,"2019-05-01T23:00:00-00:00","2019-05-02T00:00:00-00:00","NP15","Wind","Renewable Forecast Actual Generation","RENEW_FCST_ACT_MW",3,1,80.53805,"ACTUAL",2
"27","2019-05-01",16,0,"2019-05-01T22:00:00-00:00","2019-05-01T23:00:00-00:00","NP15","Wind","Renewable Forecast Actual Generation","RENEW_FCST_ACT_MW",3,1,31.79257,"ACTUAL",2
"28","2019-05-01",15,0,"2019-05-01T21:00:00-00:00","2019-05-01T22:00:00-00:00","NP15","Wind","Renewable Forecast Actual Generation","RENEW_FCST_ACT_MW",3,1,13.17753,"ACTUAL",2
"29","2019-05-01",14,0,"2019-05-01T20:00:00-00:00","2019-05-01T21:00:00-00:00","NP15","Wind","Renewable Forecast Actual Generation","RENEW_FCST_ACT_MW",3,1,8.17361,"ACTUAL",2
"30","2019-05-01",13,0,"2019-05-01T19:00:00-00:00","2019-05-01T20:00:00-00:00","NP15","Wind","Renewable Forecast Actual Generation","RENEW_FCST_ACT_MW",3,1,8.95396,"ACTUAL",2
"31","2019-05-01",12,0,"2019-05-01T18:00:00-00:00","2019-05-01T19:00:00-00:00","NP15","Wind","Renewable Forecast Actual Generation","RENEW_FCST_ACT_MW",3,1,15.57744,"ACTUAL",2
"32","2019-05-01",11,0,"2019-05-01T17:00:00-00:00","2019-05-01T18:00:00-00:00","NP15","Wind","Renewable Forecast Actual Generation","RENEW_FCST_ACT_MW",3,1,27.82017,"ACTUAL",2
"33","2019-05-01",10,0,"2019-05-01T16:00:00-00:00","2019-05-01T17:00:00-00:00","NP15","Wind","Renewable Forecast Actual Generation","RENEW_FCST_ACT_MW",3,1,65.6236,"ACTUAL",2
"34","2019-05-01",9,0,"2019-05-01T15:00:00-00:00","2019-05-01T16:00:00-00:00","NP15","Wind","Renewable Forecast Actual Generation","RENEW_FCST_ACT_MW",3,1,67.33734,"ACTUAL",2
"35","2019-05-01",8,0,"2019-05-01T14:00:00-00:00","2019-05-01T15:00:00-00:00","NP15","Wind","Renewable Forecast Actual Generation","RENEW_FCST_ACT_MW",3,1,142.82355,"ACTUAL",2
"36","2019-05-01",7,0,"2019-05-01T13:00:00-00:00","2019-05-01T14:00:00-00:00","NP15","Wind","Renewable Forecast Actual Generation","RENEW_FCST_ACT_MW",3,1,285.10443,"ACTUAL",2
"37","2019-05-01",5,0,"2019-05-01T11:00:00-00:00","2019-05-01T12:00:00-00:00","NP15","Wind","Renewable Forecast Actual Generation","RENEW_FCST_ACT_MW",3,1,400.55129,"ACTUAL",2
"38","2019-05-01",4,0,"2019-05-01T10:00:00-00:00","2019-05-01T11:00:00-00:00","NP15","Wind","Renewable Forecast Actual Generation","RENEW_FCST_ACT_MW",3,1,405.20718,"ACTUAL",2
"39","2019-05-01",3,0,"2019-05-01T09:00:00-00:00","2019-05-01T10:00:00-00:00","NP15","Wind","Renewable Forecast Actual Generation","RENEW_FCST_ACT_MW",3,1,386.30897,"ACTUAL",2
"40","2019-05-01",2,0,"2019-05-01T08:00:00-00:00","2019-05-01T09:00:00-00:00","NP15","Wind","Renewable Forecast Actual Generation","RENEW_FCST_ACT_MW",3,1,379.41402,"ACTUAL",2
"41","2019-05-01",24,0,"2019-05-02T06:00:00-00:00","2019-05-02T07:00:00-00:00","NP15","Wind","Renewable Forecast Actual Generation","RENEW_FCST_ACT_MW",3,1,663.54035,"ACTUAL",2
"42","2019-05-01",23,0,"2019-05-02T05:00:00-00:00","2019-05-02T06:00:00-00:00","NP15","Wind","Renewable Forecast Actual Generation","RENEW_FCST_ACT_MW",3,1,710.02821,"ACTUAL",2
"43","2019-05-01",22,0,"2019-05-02T04:00:00-00:00","2019-05-02T05:00:00-00:00","NP15","Wind","Renewable Forecast Actual Generation","RENEW_FCST_ACT_MW",3,1,662.65219,"ACTUAL",2
"44","2019-05-01",21,0,"2019-05-02T03:00:00-00:00","2019-05-02T04:00:00-00:00","NP15","Wind","Renewable Forecast Actual Generation","RENEW_FCST_ACT_MW",3,1,560.26285,"ACTUAL",2
"45","2019-05-01",20,0,"2019-05-02T02:00:00-00:00","2019-05-02T03:00:00-00:00","NP15","Wind","Renewable Forecast Actual Generation","RENEW_FCST_ACT_MW",3,1,529.49945,"ACTUAL",2
"46","2019-05-01",19,0,"2019-05-02T01:00:00-00:00","2019-05-02T02:00:00-00:00","NP15","Wind","Renewable Forecast Actual Generation","RENEW_FCST_ACT_MW",3,1,540.59927,"ACTUAL",2
"47","2019-05-01",6,0,"2019-05-01T12:00:00-00:00","2019-05-01T13:00:00-00:00","SP15","Solar","Renewable Forecast Actual Generation","RENEW_FCST_ACT_MW",3,3,-33.49336,"ACTUAL",3
"48","2019-05-01",18,0,"2019-05-02T00:00:00-00:00","2019-05-02T01:00:00-00:00","SP15","Solar","Renewable Forecast Actual Generation","RENEW_FCST_ACT_MW",3,3,4447.39851,"ACTUAL",3
"49","2019-05-01",5,0,"2019-05-01T11:00:00-00:00","2019-05-01T12:00:00-00:00","SP15","Solar","Renewable Forecast Actual Generation","RENEW_FCST_ACT_MW",3,3,-30.20331,"ACTUAL",3
"50","2019-05-01",11,0,"2019-05-01T17:00:00-00:00","2019-05-01T18:00:00-00:00","SP15","Solar","Renewable Forecast Actual Generation","RENEW_FCST_ACT_MW",3,3,6850.19021,"ACTUAL",3
"51","2019-05-01",4,0,"2019-05-01T10:00:00-00:00","2019-05-01T11:00:00-00:00","SP15","Solar","Renewable Forecast Actual Generation","RENEW_FCST_ACT_MW",3,3,-29.70273,"ACTUAL",3
"52","2019-05-01",15,0,"2019-05-01T21:00:00-00:00","2019-05-01T22:00:00-00:00","SP15","Solar","Renewable Forecast Actual Generation","RENEW_FCST_ACT_MW",3,3,6801.47055,"ACTUAL",3
"53","2019-05-01",3,0,"2019-05-01T09:00:00-00:00","2019-05-01T10:00:00-00:00","SP15","Solar","Renewable Forecast Actual Generation","RENEW_FCST_ACT_MW",3,3,-29.62897,"ACTUAL",3
"54","2019-05-01",10,0,"2019-05-01T16:00:00-00:00","2019-05-01T17:00:00-00:00","SP15","Solar","Renewable Forecast Actual Generation","RENEW_FCST_ACT_MW",3,3,6277.14423,"ACTUAL",3
"55","2019-05-01",2,0,"2019-05-01T08:00:00-00:00","2019-05-01T09:00:00-00:00","SP15","Solar","Renewable Forecast Actual Generation","RENEW_FCST_ACT_MW",3,3,-29.30963,"ACTUAL",3
"56","2019-05-01",13,0,"2019-05-01T19:00:00-00:00","2019-05-01T20:00:00-00:00","SP15","Solar","Renewable Forecast Actual Generation","RENEW_FCST_ACT_MW",3,3,7007.05369,"ACTUAL",3
"57","2019-05-01",24,0,"2019-05-02T06:00:00-00:00","2019-05-02T07:00:00-00:00","SP15","Solar","Renewable Forecast Actual Generation","RENEW_FCST_ACT_MW",3,3,636.37281,"ACTUAL",3
"58","2019-05-01",9,0,"2019-05-01T15:00:00-00:00","2019-05-01T16:00:00-00:00","SP15","Solar","Renewable Forecast Actual Generation","RENEW_FCST_ACT_MW",3,3,5433.60972,"ACTUAL",3
"59","2019-05-01",23,0,"2019-05-02T05:00:00-00:00","2019-05-02T06:00:00-00:00","SP15","Solar","Renewable Forecast Actual Generation","RENEW_FCST_ACT_MW",3,3,340.90339,"ACTUAL",3
"60","2019-05-01",16,0,"2019-05-01T22:00:00-00:00","2019-05-01T23:00:00-00:00","SP15","Solar","Renewable Forecast Actual Generation","RENEW_FCST_ACT_MW",3,3,6137.22355,"ACTUAL",3
"61","2019-05-01",22,0,"2019-05-02T04:00:00-00:00","2019-05-02T05:00:00-00:00","SP15","Solar","Renewable Forecast Actual Generation","RENEW_FCST_ACT_MW",3,3,122.24033,"ACTUAL",3
"62","2019-05-01",8,0,"2019-05-01T14:00:00-00:00","2019-05-01T15:00:00-00:00","SP15","Solar","Renewable Forecast Actual Generation","RENEW_FCST_ACT_MW",3,3,3212.59287,"ACTUAL",3
"63","2019-05-01",21,0,"2019-05-02T03:00:00-00:00","2019-05-02T04:00:00-00:00","SP15","Solar","Renewable Forecast Actual Generation","RENEW_FCST_ACT_MW",3,3,17.86846,"ACTUAL",3
"64","2019-05-01",12,0,"2019-05-01T18:00:00-00:00","2019-05-01T19:00:00-00:00","SP15","Solar","Renewable Forecast Actual Generation","RENEW_FCST_ACT_MW",3,3,6683.96314,"ACTUAL",3
"65","2019-05-01",20,0,"2019-05-02T02:00:00-00:00","2019-05-02T03:00:00-00:00","SP15","Solar","Renewable Forecast Actual Generation","RENEW_FCST_ACT_MW",3,3,159.75605,"ACTUAL",3
"66","2019-05-01",7,0,"2019-05-01T13:00:00-00:00","2019-05-01T14:00:00-00:00","SP15","Solar","Renewable Forecast Actual Generation","RENEW_FCST_ACT_MW",3,3,593.85238,"ACTUAL",3
"67","2019-05-01",19,0,"2019-05-02T01:00:00-00:00","2019-05-02T02:00:00-00:00","SP15","Solar","Renewable Forecast Actual Generation","RENEW_FCST_ACT_MW",3,3,1860.38144,"ACTUAL",3
"68","2019-05-01",14,0,"2019-05-01T20:00:00-00:00","2019-05-01T21:00:00-00:00","SP15","Solar","Renewable Forecast Actual Generation","RENEW_FCST_ACT_MW",3,3,6780.19501,"ACTUAL",3
"69","2019-05-01",17,0,"2019-05-01T23:00:00-00:00","2019-05-02T00:00:00-00:00","SP15","Solar","Renewable Forecast Actual Generation","RENEW_FCST_ACT_MW",3,3,5207.98906,"ACTUAL",3
"70","2019-05-01",18,0,"2019-05-02T00:00:00-00:00","2019-05-02T01:00:00-00:00","SP15","Wind","Renewable Forecast Actual Generation","RENEW_FCST_ACT_MW",3,1,1060.32206,"ACTUAL",4
"71","2019-05-01",19,0,"2019-05-02T01:00:00-00:00","2019-05-02T02:00:00-00:00","SP15","Wind","Renewable Forecast Actual Generation","RENEW_FCST_ACT_MW",3,1,1325.22075,"ACTUAL",4
"72","2019-05-01",20,0,"2019-05-02T02:00:00-00:00","2019-05-02T03:00:00-00:00","SP15","Wind","Renewable Forecast Actual Generation","RENEW_FCST_ACT_MW",3,1,1651.52764,"ACTUAL",4
"73","2019-05-01",21,0,"2019-05-02T03:00:00-00:00","2019-05-02T04:00:00-00:00","SP15","Wind","Renewable Forecast Actual Generation","RENEW_FCST_ACT_MW",3,1,2042.05375,"ACTUAL",4
"74","2019-05-01",22,0,"2019-05-02T04:00:00-00:00","2019-05-02T05:00:00-00:00","SP15","Wind","Renewable Forecast Actual Generation","RENEW_FCST_ACT_MW",3,1,2254.14691,"ACTUAL",4
"75","2019-05-01",23,0,"2019-05-02T05:00:00-00:00","2019-05-02T06:00:00-00:00","SP15","Wind","Renewable Forecast Actual Generation","RENEW_FCST_ACT_MW",3,1,2407.03524,"ACTUAL",4
"76","2019-05-01",24,0,"2019-05-02T06:00:00-00:00","2019-05-02T07:00:00-00:00","SP15","Wind","Renewable Forecast Actual Generation","RENEW_FCST_ACT_MW",3,1,2467.43329,"ACTUAL",4
"77","2019-05-01",2,0,"2019-05-01T08:00:00-00:00","2019-05-01T09:00:00-00:00","SP15","Wind","Renewable Forecast Actual Generation","RENEW_FCST_ACT_MW",3,1,2558.90594,"ACTUAL",4
"78","2019-05-01",3,0,"2019-05-01T09:00:00-00:00","2019-05-01T10:00:00-00:00","SP15","Wind","Renewable Forecast Actual Generation","RENEW_FCST_ACT_MW",3,1,2183.01182,"ACTUAL",4
"79","2019-05-01",4,0,"2019-05-01T10:00:00-00:00","2019-05-01T11:00:00-00:00","SP15","Wind","Renewable Forecast Actual Generation","RENEW_FCST_ACT_MW",3,1,2247.97442,"ACTUAL",4
"80","2019-05-01",5,0,"2019-05-01T11:00:00-00:00","2019-05-01T12:00:00-00:00","SP15","Wind","Renewable Forecast Actual Generation","RENEW_FCST_ACT_MW",3,1,2013.0258,"ACTUAL",4
"81","2019-05-01",6,0,"2019-05-01T12:00:00-00:00","2019-05-01T13:00:00-00:00","SP15","Wind","Renewable Forecast Actual Generation","RENEW_FCST_ACT_MW",3,1,1592.77166,"ACTUAL",4
"82","2019-05-01",7,0,"2019-05-01T13:00:00-00:00","2019-05-01T14:00:00-00:00","SP15","Wind","Renewable Forecast Actual Generation","RENEW_FCST_ACT_MW",3,1,1295.63906,"ACTUAL",4
"83","2019-05-01",8,0,"2019-05-01T14:00:00-00:00","2019-05-01T15:00:00-00:00","SP15","Wind","Renewable Forecast Actual Generation","RENEW_FCST_ACT_MW",3,1,842.36486,"ACTUAL",4
"84","2019-05-01",9,0,"2019-05-01T15:00:00-00:00","2019-05-01T16:00:00-00:00","SP15","Wind","Renewable Forecast Actual Generation","RENEW_FCST_ACT_MW",3,1,606.09692,"ACTUAL",4
"85","2019-05-01",10,0,"2019-05-01T16:00:00-00:00","2019-05-01T17:00:00-00:00","SP15","Wind","Renewable Forecast Actual Generation","RENEW_FCST_ACT_MW",3,1,495.52521,"ACTUAL",4
"86","2019-05-01",11,0,"2019-05-01T17:00:00-00:00","2019-05-01T18:00:00-00:00","SP15","Wind","Renewable Forecast Actual Generation","RENEW_FCST_ACT_MW",3,1,446.54637,"ACTUAL",4
"87","2019-05-01",12,0,"2019-05-01T18:00:00-00:00","2019-05-01T19:00:00-00:00","SP15","Wind","Renewable Forecast Actual Generation","RENEW_FCST_ACT_MW",3,1,249.81819,"ACTUAL",4
"88","2019-05-01",13,0,"2019-05-01T19:00:00-00:00","2019-05-01T20:00:00-00:00","SP15","Wind","Renewable Forecast Actual Generation","RENEW_FCST_ACT_MW",3,1,122.54698,"ACTUAL",4
"89","2019-05-01",14,0,"2019-05-01T20:00:00-00:00","2019-05-01T21:00:00-00:00","SP15","Wind","Renewable Forecast Actual Generation","RENEW_FCST_ACT_MW",3,1,111.4632,"ACTUAL",4
"90","2019-05-01",15,0,"2019-05-01T21:00:00-00:00","2019-05-01T22:00:00-00:00","SP15","Wind","Renewable Forecast Actual Generation","RENEW_FCST_ACT_MW",3,1,245.13185,"ACTUAL",4
"91","2019-05-01",16,0,"2019-05-01T22:00:00-00:00","2019-05-01T23:00:00-00:00","SP15","Wind","Renewable Forecast Actual Generation","RENEW_FCST_ACT_MW",3,1,496.96329,"ACTUAL",4
"92","2019-05-01",17,0,"2019-05-01T23:00:00-00:00","2019-05-02T00:00:00-00:00","SP15","Wind","Renewable Forecast Actual Generation","RENEW_FCST_ACT_MW",3,1,694.65833,"ACTUAL",4
"93","2019-05-01",18,0,"2019-05-02T00:00:00-00:00","2019-05-02T01:00:00-00:00","ZP26","Solar","Renewable Forecast Actual Generation","RENEW_FCST_ACT_MW",3,3,1050.90165,"ACTUAL",5
"94","2019-05-01",17,0,"2019-05-01T23:00:00-00:00","2019-05-02T00:00:00-00:00","ZP26","Solar","Renewable Forecast Actual Generation","RENEW_FCST_ACT_MW",3,3,1354.70088,"ACTUAL",5
"95","2019-05-01",20,0,"2019-05-02T02:00:00-00:00","2019-05-02T03:00:00-00:00","ZP26","Solar","Renewable Forecast Actual Generation","RENEW_FCST_ACT_MW",3,3,48.49729,"ACTUAL",5
"96","2019-05-01",21,0,"2019-05-02T03:00:00-00:00","2019-05-02T04:00:00-00:00","ZP26","Solar","Renewable Forecast Actual Generation","RENEW_FCST_ACT_MW",3,3,-0.96268,"ACTUAL",5
"97","2019-05-01",22,0,"2019-05-02T04:00:00-00:00","2019-05-02T05:00:00-00:00","ZP26","Solar","Renewable Forecast Actual Generation","RENEW_FCST_ACT_MW",3,3,-0.66613,"ACTUAL",5
"98","2019-05-01",23,0,"2019-05-02T05:00:00-00:00","2019-05-02T06:00:00-00:00","ZP26","Solar","Renewable Forecast Actual Generation","RENEW_FCST_ACT_MW",3,3,-4.39459,"ACTUAL",5
"99","2019-05-01",24,0,"2019-05-02T06:00:00-00:00","2019-05-02T07:00:00-00:00","ZP26","Solar","Renewable Forecast Actual Generation","RENEW_FCST_ACT_MW",3,3,14.63749,"ACTUAL",5
"100","2019-05-01",2,0,"2019-05-01T08:00:00-00:00","2019-05-01T09:00:00-00:00","ZP26","Solar","Renewable Forecast Actual Generation","RENEW_FCST_ACT_MW",3,3,-0.93762,"ACTUAL",5
"101","2019-05-01",3,0,"2019-05-01T09:00:00-00:00","2019-05-01T10:00:00-00:00","ZP26","Solar","Renewable Forecast Actual Generation","RENEW_FCST_ACT_MW",3,3,-0.98259,"ACTUAL",5
"102","2019-05-01",4,0,"2019-05-01T10:00:00-00:00","2019-05-01T11:00:00-00:00","ZP26","Solar","Renewable Forecast Actual Generation","RENEW_FCST_ACT_MW",3,3,-0.92442,"ACTUAL",5
"103","2019-05-01",5,0,"2019-05-01T11:00:00-00:00","2019-05-01T12:00:00-00:00","ZP26","Solar","Renewable Forecast Actual Generation","RENEW_FCST_ACT_MW",3,3,-0.93527,"ACTUAL",5
"104","2019-05-01",6,0,"2019-05-01T12:00:00-00:00","2019-05-01T13:00:00-00:00","ZP26","Solar","Renewable Forecast Actual Generation","RENEW_FCST_ACT_MW",3,3,-0.89792,"ACTUAL",5
"105","2019-05-01",7,0,"2019-05-01T13:00:00-00:00","2019-05-01T14:00:00-00:00","ZP26","Solar","Renewable Forecast Actual Generation","RENEW_FCST_ACT_MW",3,3,50.62643,"ACTUAL",5
"106","2019-05-01",8,0,"2019-05-01T14:00:00-00:00","2019-05-01T15:00:00-00:00","ZP26","Solar","Renewable Forecast Actual Generation","RENEW_FCST_ACT_MW",3,3,455.38152,"ACTUAL",5
"107","2019-05-01",9,0,"2019-05-01T15:00:00-00:00","2019-05-01T16:00:00-00:00","ZP26","Solar","Renewable Forecast Actual Generation","RENEW_FCST_ACT_MW",3,3,1104.98222,"ACTUAL",5
"108","2019-05-01",10,0,"2019-05-01T16:00:00-00:00","2019-05-01T17:00:00-00:00","ZP26","Solar","Renewable Forecast Actual Generation","RENEW_FCST_ACT_MW",3,3,1422.11102,"ACTUAL",5
"109","2019-05-01",11,0,"2019-05-01T17:00:00-00:00","2019-05-01T18:00:00-00:00","ZP26","Solar","Renewable Forecast Actual Generation","RENEW_FCST_ACT_MW",3,3,1537.08581,"ACTUAL",5
"110","2019-05-01",12,0,"2019-05-01T18:00:00-00:00","2019-05-01T19:00:00-00:00","ZP26","Solar","Renewable Forecast Actual Generation","RENEW_FCST_ACT_MW",3,3,1573.85989,"ACTUAL",5
"111","2019-05-01",13,0,"2019-05-01T19:00:00-00:00","2019-05-01T20:00:00-00:00","ZP26","Solar","Renewable Forecast Actual Generation","RENEW_FCST_ACT_MW",3,3,1498.19275,"ACTUAL",5
"112","2019-05-01",14,0,"2019-05-01T20:00:00-00:00","2019-05-01T21:00:00-00:00","ZP26","Solar","Renewable Forecast Actual Generation","RENEW_FCST_ACT_MW",3,3,1622.05195,"ACTUAL",5
"113","2019-05-01",15,0,"2019-05-01T21:00:00-00:00","2019-05-01T22:00:00-00:00","ZP26","Solar","Renewable Forecast Actual Generation","RENEW_FCST_ACT_MW",3,3,1629.08277,"ACTUAL",5
"114","2019-05-01",16,0,"2019-05-01T22:00:00-00:00","2019-05-01T23:00:00-00:00","ZP26","Solar","Renewable Forecast Actual Generation","RENEW_FCST_ACT_MW",3,3,1498.80988,"ACTUAL",5
"115","2019-05-01",19,0,"2019-05-02T01:00:00-00:00","2019-05-02T02:00:00-00:00","ZP26","Solar","Renewable Forecast Actual Generation","RENEW_FCST_ACT_MW",3,3,490.55532,"ACTUAL",5
"116","2019-05-02",1,0,"2019-05-02T07:00:00-00:00","2019-05-02T08:00:00-00:00","NP15","Solar","Renewable Forecast Actual Generation","RENEW_FCST_ACT_MW",3,3,584.91423,"ACTUAL",6
"117","2019-05-02",1,0,"2019-05-02T07:00:00-00:00","2019-05-02T08:00:00-00:00","NP15","Wind","Renewable Forecast Actual Generation","RENEW_FCST_ACT_MW",3,1,610.95703,"ACTUAL",7
"118","2019-05-02",1,0,"2019-05-02T07:00:00-00:00","2019-05-02T08:00:00-00:00","SP15","Solar","Renewable Forecast Actual Generation","RENEW_FCST_ACT_MW",3,3,829.07318,"ACTUAL",8
"119","2019-05-02",1,0,"2019-05-02T07:00:00-00:00","2019-05-02T08:00:00-00:00","SP15","Wind","Renewable Forecast Actual Generation","RENEW_FCST_ACT_MW",3,1,2500.89809,"ACTUAL",9
"120","2019-05-02",1,0,"2019-05-02T07:00:00-00:00","2019-05-02T08:00:00-00:00","ZP26","Solar","Renewable Forecast Actual Generation","RENEW_FCST_ACT_MW",3,3,58.47132,"ACTUAL",10
