"","OPR_DT","OPR_HR","OPR_INTERVAL","INTERVALSTARTTIME_GMT","INTERVALENDTIME_GMT","TRADING_HUB","RENEWABLE_TYPE","LABEL","XML_DATA_ITEM","MARKET_RUN_ID_POS","RENEW_POS","MW","MARKET_RUN_ID","GROUP"
"1","2019-04-30",2,0,"2019-04-30T08:00:00-00:00","2019-04-30T09:00:00-00:00","NP15","Solar","Renewable Forecast Actual Generation","RENEW_FCST_ACT_MW",3,3,-3.12978,"ACTUAL",1
"2","2019-04-30",3,0,"2019-04-30T09:00:00-00:00","2019-04-30T10:00:00-00:00","NP15","Solar","Renewable Forecast Actual Generation","RENEW_FCST_ACT_MW",3,3,-3.15316,"ACTUAL",1
"3","2019-04-30",4,0,"2019-04-30T10:00:00-00:00","2019-04-30T11:00:00-00:00","NP15","Solar","Renewable Forecast Actual Generation","RENEW_FCST_ACT_MW",3,3,-3.13492,"ACTUAL",1
"4","2019-04-30",5,0,"2019-04-30T11:00:00-00:00","2019-04-30T12:00:00-00:00","NP15","Solar","Renewable Forecast Actual Generation","RENEW_FCST_ACT_MW",3,3,-3.13375,"ACTUAL",1
"5","2019-04-30",6,0,"2019-04-30T12:00:00-00:00","2019-04-30T13:00:00-00:00","NP15","Solar","Renewable Forecast Actual Generation","RENEW_FCST_ACT_MW",3,3,-3.19126,"ACTUAL",1
"6","2019-04-30",7,0,"2019-04-30T13:00:00-00:00","2019-04-30T14:00:00-00:00","NP15","Solar","Renewable Forecast Actual Generation","RENEW_FCST_ACT_MW",3,3,74.51951,"ACTUAL",1
"7","2019-04-30",8,0,"2019-04-30T14:00:00-00:00","2019-04-30T15:00:00-00:00","NP15","Solar","Renewable Forecast Actual Generation","RENEW_FCST_ACT_MW",3,3,686.139,"ACTUAL",1
"8","2019-04-30",9,0,"2019-04-30T15:00:00-00:00","2019-04-30T16:00:00-00:00","NP15","Solar","Renewable Forecast Actual Generation","RENEW_FCST_ACT_MW",3,3,1225.86532,"ACTUAL",1
"9","2019-04-30",10,0,"2019-04-30T16:00:00-00:00","2019-04-30T17:00:00-00:00","NP15","Solar","Renewable Forecast Actual Generation","RENEW_FCST_ACT_MW",3,3,1335.57613,"ACTUAL",1
"10","2019-04-30",11,0,"2019-04-30T17:00:00-00:00","2019-04-30T18:00:00-00:00","NP15","Solar","Renewable Forecast Actual Generation","RENEW_FCST_ACT_MW",3,3,1317.56915,"ACTUAL",1
"11","2019-04-30",12,0,"2019-04-30T18:00:00-00:00","2019-04-30T19:00:00-00:00","NP15","Solar","Renewable Forecast Actual Generation","RENEW_FCST_ACT_MW",3,3,1233.22753,"ACTUAL",1
"12","2019-04-30",13,0,"2019-04-30T19:00:00-00:00","2019-04-30T20:00:00-00:00","NP15","Solar","Renewable Forecast Actual Generation","RENEW_FCST_ACT_MW",3,3,1229.4691,"ACTUAL",1
"13","2019-04-30",14,0,"2019-04-30T20:00:00-00:00","2019-04-30T21:00:00-00:00","NP15","Solar","Renewable Forecast Actual Generation","RENEW_FCST_ACT_MW",3,3,1218.06552,"ACTUAL",1
"14","2019-04-30",15,0,"2019-04-30T21:00:00-00:00","2019-04-30T22:00:00-00:00","NP15","Solar","Renewable Forecast Actual Generation","RENEW_FCST_ACT_MW",3,3,1155.23922,"ACTUAL",1
"15","2019-04-30",16,0,"2019-04-30T22:00:00-00:00","2019-04-30T23:00:00-00:00","NP15","Solar","Renewable Forecast Actual Generation","RENEW_FCST_ACT_MW",3,3,1171.87304,"ACTUAL",1
"16","2019-04-30",17,0,"2019-04-30T23:00:00-00:00","2019-05-01T00:00:00-00:00","NP15","Solar","Renewable Forecast Actual Generation","RENEW_FCST_ACT_MW",3,3,1098.69088,"ACTUAL",1
"17","2019-04-30",18,0,"2019-05-01T00:00:00-00:00","2019-05-01T01:00:00-00:00","NP15","Solar","Renewable Forecast Actual Generation","RENEW_FCST_ACT_MW",3,3,799.51627,"ACTUAL",1
"18","2019-04-30",19,0,"2019-05-01T01:00:00-00:00","2019-05-01T02:00:00-00:00","NP15","Solar","Renewable Forecast Actual Generation","RENEW_FCST_ACT_MW",3,3,392.99792,"ACTUAL",1
"19","2019-04-30",20,0,"2019-05-01T02:00:00-00:00","2019-05-01T03:00:00-00:00","NP15","Solar","Renewable Forecast Actual Generation","RENEW_FCST_ACT_MW",3,3,38.44324,"ACTUAL",1
"20","2019-04-30",21,0,"2019-05-01T03:00:00-00:00","2019-05-01T04:00:00-00:00","NP15","Solar","Renewable Forecast Actual Generation","RENEW_FCST_ACT_MW",3,3,-3.14368,"ACTUAL",1
"21","2019-04-30",22,0,"2019-05-01T04:00:00-00:00","2019-05-01T05:00:00-00:00","NP15","Solar","Renewable Forecast Actual Generation","RENEW_FCST_ACT_MW",3,3,-2.97515,"ACTUAL",1
"22","2019-04-30",23,0,"2019-05-01T05:00:00-00:00","2019-05-01T06:00:00-00:00","NP15","Solar","Renewable Forecast Actual Generation","RENEW_FCST_ACT_MW",3,3,-2.97115,"ACTUAL",1
"23","2019-04-30",24,0,"2019-05-01T06:00:00-00:00","2019-05-01T07:00:00-00:00","NP15","Solar","Renewable Forecast Actual Generation","RENEW_FCST_ACT_MW",3,3,-2.99542,"ACTUAL",1
"24","2019-04-30",18,0,"2019-05-01T00:00:00-00:00","2019-05-01T01:00:00-00:00","NP15","Wind","Renewable Forecast Actual Generation","RENEW_FCST_ACT_MW",3,1,108.80433,"ACTUAL",2
"25","2019-04-30",6,0,"2019-04-30T12:00:00-00:00","2019-04-30T13:00:00-00:00","NP15","Wind","Renewable Forecast Actual Generation","RENEW_FCST_ACT_MW",3,1,908.21968,"ACTUAL",2
"26","2019-04-30",17,0,"2019-04-30T23:00:00-00:00","2019-05-01T00:00:00-00:00","NP15","Wind","Renewable Forecast Actual Generation","RENEW_FCST_ACT_MW",3,1,119.01722,"ACTUAL",2
"27","2019-04-30",16,0,"2019-04-30T22:00:00-00:00","2019-04-30T23:00:00-00:00","NP15","Wind","Renewable Forecast Actual Generation","RENEW_FCST_ACT_MW",3,1,152.54632,"ACTUAL",2
"28","2019-04-30",15,0,"2019-04-30T21:00:00-00:00","2019-04-30T22:00:00-00:00","NP15","Wind","Renewable Forecast Actual Generation","RENEW_FCST_ACT_MW",3,1,255.11477,"ACTUAL",2
"29","2019-04-30",14,0,"2019-04-30T20:00:00-00:00","2019-04-30T21:00:00-00:00","NP15","Wind","Renewable Forecast Actual Generation","RENEW_FCST_ACT_MW",3,1,420.78301,"ACTUAL",2
"30","2019-04-30",13,0,"2019-04-30T19:00:00-00:00","2019-04-30T20:00:00-00:00","NP15","Wind","Renewable Forecast Actual Generation","RENEW_FCST_ACT_MW",3,1,605.62737,"ACTUAL",2
"31","2019-04-30",12,0,"2019-04-30T18:00:00-00:00","2019-04-30T19:00:00-00:00","NP15","Wind","Renewable Forecast Actual Generation","RENEW_FCST_ACT_MW",3,1,669.91683,"ACTUAL",2
"32","2019-04-30",11,0,"2019-04-30T17:00:00-00:00","2019-04-30T18:00:00-00:00","NP15","Wind","Renewable Forecast Actual Generation","RENEW_FCST_ACT_MW",3,1,784.32912,"ACTUAL",2
"33","2019-04-30",10,0,"2019-04-30T16:00:00-00:00","2019-04-30T17:00:00-00:00","NP15","Wind","Renewable Forecast Actual Generation","RENEW_FCST_ACT_MW",3,1,897.20111,"ACTUAL",2
"34","2019-04-30",9,0,"2019-04-30T15:00:00-00:00","2019-04-30T16:00:00-00:00","NP15","Wind","Renewable Forecast Actual Generation","RENEW_FCST_ACT_MW",3,1,870.32734,"ACTUAL",2
"35","2019-04-30",8,0,"2019-04-30T14:00:00-00:00","2019-04-30T15:00:00-00:00","NP15","Wind","Renewable Forecast Actual Generation","RENEW_FCST_ACT_MW",3,1,724.16689,"ACTUAL",2
"36","2019-04-30",7,0,"2019-04-30T13:00:00-00:00","2019-04-30T14:00:00-00:00","NP15","Wind","Renewable Forecast Actual Generation","RENEW_FCST_ACT_MW",3,1,782.24486,"ACTUAL",2
"37","2019-04-30",5,0,"2019-04-30T11:00:00-00:00","2019-04-30T12:00:00-00:00","NP15","Wind","Renewable Forecast Actual Generation","RENEW_FCST_ACT_MW",3,1,953.94762,"ACTUAL",2
"38","2019-04-30",4,0,"2019-04-30T10:00:00-00:00","2019-04-30T11:00:00-00:00","NP15","Wind","Renewable Forecast Actual Generation","RENEW_FCST_ACT_MW",3,1,942.96479,"ACTUAL",2
"39","2019-04-30",3,0,"2019-04-30T09:00:00-00:00","2019-04-30T10:00:00-00:00","NP15","Wind","Renewable Forecast Actual Generation","RENEW_FCST_ACT_MW",3,1,923.724,"ACTUAL",2
"40","2019-04-30",2,0,"2019-04-30T08:00:00-00:00","2019-04-30T09:00:00-00:00","NP15","Wind","Renewable Forecast Actual Generation","RENEW_FCST_ACT_MW",3,1,920.06039,"ACTUAL",2
"41","2019-04-30",24,0,"2019-05-01T06:00:00-00:00","2019-05-01T07:00:00-00:00","NP15","Wind","Renewable Forecast Actual Generation","RENEW_FCST_ACT_MW",3,1,480.92033,"ACTUAL",2
"42","2019-04-30",23,0,"2019-05-01T05:00:00-00:00","2019-05-01T06:00:00-00:00","NP15","Wind","Renewable Forecast Actual Generation","RENEW_FCST_ACT_MW",3,1,439.7769,"ACTUAL",2
"43","2019-04-30",22,0,"2019-05-01T04:00:00-00:00","2019-05-01T05:00:00-00:00","NP15","Wind","Renewable Forecast Actual Generation","RENEW_FCST_ACT_MW",3,1,388.28809,"ACTUAL",2
"44","2019-04-30",21,0,"2019-05-01T03:00:00-00:00","2019-05-01T04:00:00-00:00","NP15","Wind","Renewable Forecast Actual Generation","RENEW_FCST_ACT_MW",3,1,331.58891,"ACTUAL",2
"45","2019-04-30",20,0,"2019-05-01T02:00:00-00:00","2019-05-01T03:00:00-00:00","NP15","Wind","Renewable Forecast Actual Generation","RENEW_FCST_ACT_MW",3,1,259.32609,"ACTUAL",2
"46","2019-04-30",19,0,"2019-05-01T01:00:00-00:00","2019-05-01T02:00:00-00:00","NP15","Wind","Renewable Forecast Actual Generation","RENEW_FCST_ACT_MW",3,1,171.44122,"ACTUAL",2
"47","2019-04-30",6,0,"2019-04-30T12:00:00-00:00","2019-04-30T13:00:00-00:00","SP15","Solar","Renewable Forecast Actual Generation","RENEW_FCST_ACT_MW",3,3,-32.412,"ACTUAL",3
"48","2019-04-30",18,0,"2019-05-01T00:00:00-00:00","2019-05-01T01:00:00-00:00","SP15","Solar","Renewable Forecast Actual Generation","RENEW_FCST_ACT_MW",3,3,4113.88323,"ACTUAL",3
"49","2019-04-30",5,0,"2019-04-30T11:00:00-00:00","2019-04-30T12:00:00-00:00","SP15","Solar","Renewable Forecast Actual Generation","RENEW_FCST_ACT_MW",3,3,-29.72221,"ACTUAL",3
"50","2019-04-30",11,0,"2019-04-30T17:00:00-00:00","2019-04-30T18:00:00-00:00","SP15","Solar","Renewable Forecast Actual Generation","RENEW_FCST_ACT_MW",3,3,6827.59454,"ACTUAL",3
"51","2019-04-30",4,0,"2019-04-30T10:00:00-00:00","2019-04-30T11:00:00-00:00","SP15","Solar","Renewable Forecast Actual Generation","RENEW_FCST_ACT_MW",3,3,-29.20913,"ACTUAL",3
"52","2019-04-30",15,0,"2019-04-30T21:00:00-00:00","2019-04-30T22:00:00-00:00","SP15","Solar","Renewable Forecast Actual Generation","RENEW_FCST_ACT_MW",3,3,6934.6131,"ACTUAL",3
"53","2019-04-30",3,0,"2019-04-30T09:00:00-00:00","2019-04-30T10:00:00-00:00","SP15","Solar","Renewable Forecast Actual Generation","RENEW_FCST_ACT_MW",3,3,-28.70129,"ACTUAL",3
"54","2019-04-30",10,0,"2019-04-30T16:00:00-00:00","2019-04-30T17:00:00-00:00","SP15","Solar","Renewable Forecast Actual Generation","RENEW_FCST_ACT_MW",3,3,6335.73417,"ACTUAL",3
"55","2019-04-30",2,0,"2019-04-30T08:00:00-00:00","2019-04-30T09:00:00-00:00","SP15","Solar","Renewable Forecast Actual Generation","RENEW_FCST_ACT_MW",3,3,-29.02493,"ACTUAL",3
"56","2019-04-30",13,0,"2019-04-30T19:00:00-00:00","2019-04-30T20:00:00-00:00","SP15","Solar","Renewable Forecast Actual Generation","RENEW_FCST_ACT_MW",3,3,7086.07064,"ACTUAL",3
"57","2019-04-30",24,0,"2019-05-01T06:00:00-00:00","2019-05-01T07:00:00-00:00","SP15","Solar","Renewable Forecast Actual Generation","RENEW_FCST_ACT_MW",3,3,-29.34734,"ACTUAL",3
"58","2019-04-30",9,0,"2019-04-30T15:00:00-00:00","2019-04-30T16:00:00-00:00","SP15","Solar","Renewable Forecast Actual Generation","RENEW_FCST_ACT_MW",3,3,5671.00089,"ACTUAL",3
"59","2019-04-30",23,0,"2019-05-01T05:00:00-00:00","2019-05-01T06:00:00-00:00","SP15","Solar","Renewable Forecast Actual Generation","RENEW_FCST_ACT_MW",3,3,-28.47751,"ACTUAL",3
"60","2019-04-30",16,0,"2019-04-30T22:00:00-00:00","2019-04-30T23:00:00-00:00","SP15","Solar","Renewable Forecast Actual Generation","RENEW_FCST_ACT_MW",3,3,6148.91241,"ACTUAL",3
"61","2019-04-30",22,0,"2019-05-01T04:00:00-00:00","2019-05-01T05:00:00-00:00","SP15","Solar","Renewable Forecast Actual Generation","RENEW_FCST_ACT_MW",3,3,-28.84388,"ACTUAL",3
"62","2019-04-30",8,0,"2019-04-30T14:00:00-00:00","2019-04-30T15:00:00-00:00","SP15","Solar","Renewable Forecast Actual Generation","RENEW_FCST_ACT_MW",3,3,3197.71471,"ACTUAL",3
"63","2019-04-30",21,0,"2019-05-01T03:00:00-00:00","2019-05-01T04:00:00-00:00","SP15","Solar","Renewable Forecast Actual Generation","RENEW_FCST_ACT_MW",3,3,-30.09801,"ACTUAL",3
"64","2019-04-30",12,0,"2019-04-30T18:00:00-00:00","2019-04-30T19:00:00-00:00","SP15","Solar","Renewable Forecast Actual Generation","RENEW_FCST_ACT_MW",3,3,6879.39281,"ACTUAL",3
"65","2019-04-30",20,0,"2019-05-01T02:00:00-00:00","2019-05-01T03:00:00-00:00","SP15","Solar","Renewable Forecast Actual Generation","RENEW_FCST_ACT_MW",3,3,155.14337,"ACTUAL",3
"66","2019-04-30",7,0,"2019-04-30T13:00:00-00:00","2019-04-30T14:00:00-00:00","SP15","Solar","Renewable Forecast Actual Generation","RENEW_FCST_ACT_MW",3,3,543.67211,"ACTUAL",3
"67","2019-04-30",19,0,"2019-05-01T01:00:00-00:00","2019-05-01T02:00:00-00:00","SP15","Solar","Renewable Forecast Actual Generation","RENEW_FCST_ACT_MW",3,3,1722.38062,"ACTUAL",3
"68","2019-04-30",14,0,"2019-04-30T20:00:00-00:00","2019-04-30T21:00:00-00:00","SP15","Solar","Renewable Forecast Actual Generation","RENEW_FCST_ACT_MW",3,3,7112.26173,"ACTUAL",3
"69","2019-04-30",17,0,"2019-04-30T23:00:00-00:00","2019-05-01T00:00:00-00:00","SP15","Solar","Renewable Forecast Actual Generation","RENEW_FCST_ACT_MW",3,3,5078.56926,"ACTUAL",3
"70","2019-04-30",18,0,"2019-05-01T00:00:00-00:00","2019-05-01T01:00:00-00:00","SP15","Wind","Renewable Forecast Actual Generation","RENEW_FCST_ACT_MW",3,1,2600.87729,"ACTUAL",4
"71","2019-04-30",19,0,"2019-05-01T01:00:00-00:00","2019-05-01T02:00:00-00:00","SP15","Wind","Renewable Forecast Actual Generation","RENEW_FCST_ACT_MW",3,1,2211.07357,"ACTUAL",4
"72","2019-04-30",20,0,"2019-05-01T02:00:00-00:00","2019-05-01T03:00:00-00:00","SP15","Wind","Renewable Forecast Actual Generation","RENEW_FCST_ACT_MW",3,1,1875.13487,"ACTUAL",4
"73","2019-04-30",21,0,"2019-05-01T03:00:00-00:00","2019-05-01T04:00:00-00:00","SP15","Wind","Renewable Forecast Actual Generation","RENEW_FCST_ACT_MW",3,1,1638.52026,"ACTUAL",4
"74","2019-04-30",22,0,"2019-05-01T04:00:00-00:00","2019-05-01T05:00:00-00:00","SP15","Wind","Renewable Forecast Actual Generation","RENEW_FCST_ACT_MW",3,1,1518.46005,"ACTUAL",4
"75","2019-04-30",23,0,"2019-05-01T05:00:00-00:00","2019-05-01T06:00:00-00:00","SP15","Wind","Renewable Forecast Actual Generation","RENEW_FCST_ACT_MW",3,1,1486.3816,"ACTUAL",4
"76","2019-04-30",24,0,"2019-05-01T06:00:00-00:00","2019-05-01T07:00:00-00:00","SP15","Wind","Renewable Forecast Actual Generation","RENEW_FCST_ACT_MW",3,1,1751.57639,"ACTUAL",4
"77","2019-04-30",2,0,"2019-04-30T08:00:00-00:00","2019-04-30T09:00:00-00:00","SP15","Wind","Renewable Forecast Actual Generation","RENEW_FCST_ACT_MW",3,1,1910.41566,"ACTUAL",4
"78","2019-04-30",3,0,"2019-04-30T09:00:00-00:00","2019-04-30T10:00:00-00:00","SP15","Wind","Renewable Forecast Actual Generation","RENEW_FCST_ACT_MW",3,1,1750.46737,"ACTUAL",4
"79","2019-04-30",4,0,"2019-04-30T10:00:00-00:00","2019-04-30T11:00:00-00:00","SP15","Wind","Renewable Forecast Actual Generation","RENEW_FCST_ACT_MW",3,1,1843.49794,"ACTUAL",4
"80","2019-04-30",5,0,"2019-04-30T11:00:00-00:00","2019-04-30T12:00:00-00:00","SP15","Wind","Renewable Forecast Actual Generation","RENEW_FCST_ACT_MW",3,1,1751.74441,"ACTUAL",4
"81","2019-04-30",6,0,"2019-04-30T12:00:00-00:00","2019-04-30T13:00:00-00:00","SP15","Wind","Renewable Forecast Actual Generation","RENEW_FCST_ACT_MW",3,1,1654.85947,"ACTUAL",4
"82","2019-04-30",7,0,"2019-04-30T13:00:00-00:00","2019-04-30T14:00:00-00:00","SP15","Wind","Renewable Forecast Actual Generation","RENEW_FCST_ACT_MW",3,1,1509.36021,"ACTUAL",4
"83","2019-04-30",8,0,"2019-04-30T14:00:00-00:00","2019-04-30T15:00:00-00:00","SP15","Wind","Renewable Forecast Actual Generation","RENEW_FCST_ACT_MW",3,1,1477.72719,"ACTUAL",4
"84","2019-04-30",9,0,"2019-04-30T15:00:00-00:00","2019-04-30T16:00:00-00:00","SP15","Wind","Renewable Forecast Actual Generation","RENEW_FCST_ACT_MW",3,1,1570.27156,"ACTUAL",4
"85","2019-04-30",10,0,"2019-04-30T16:00:00-00:00","2019-04-30T17:00:00-00:00","SP15","Wind","Renewable Forecast Actual Generation","RENEW_FCST_ACT_MW",3,1,1777.02717,"ACTUAL",4
"86","2019-04-30",11,0,"2019-04-30T17:00:00-00:00","2019-04-30T18:00:00-00:00","SP15","Wind","Renewable Forecast Actual Generation","RENEW_FCST_ACT_MW",3,1,2029.0064,"ACTUAL",4
"87","2019-04-30",12,0,"2019-04-30T18:00:00-00:00","2019-04-30T19:00:00-00:00","SP15","Wind","Renewable Forecast Actual Generation","RENEW_FCST_ACT_MW",3,1,2161.5285,"ACTUAL",4
"88","2019-04-30",13,0,"2019-04-30T19:00:00-00:00","2019-04-30T20:00:00-00:00","SP15","Wind","Renewable Forecast Actual Generation","RENEW_FCST_ACT_MW",3,1,2272.49503,"ACTUAL",4
"89","2019-04-30",14,0,"2019-04-30T20:00:00-00:00","2019-04-30T21:00:00-00:00","SP15","Wind","Renewable Forecast Actual Generation","RENEW_FCST_ACT_MW",3,1,2378.45227,"ACTUAL",4
"90","2019-04-30",15,0,"2019-04-30T21:00:00-00:00","2019-04-30T22:00:00-00:00","SP15","Wind","Renewable Forecast Actual Generation","RENEW_FCST_ACT_MW",3,1,2597.09327,"ACTUAL",4
"91","2019-04-30",16,0,"2019-04-30T22:00:00-00:00","2019-04-30T23:00:00-00:00","SP15","Wind","Renewable Forecast Actual Generation","RENEW_FCST_ACT_MW",3,1,2775.09521,"ACTUAL",4
"92","2019-04-30",17,0,"2019-04-30T23:00:00-00:00","2019-05-01T00:00:00-00:00","SP15","Wind","Renewable Forecast Actual Generation","RENEW_FCST_ACT_MW",3,1,2775.83473,"ACTUAL",4
"93","2019-04-30",18,0,"2019-05-01T00:00:00-00:00","2019-05-01T01:00:00-00:00","ZP26","Solar","Renewable Forecast Actual Generation","RENEW_FCST_ACT_MW",3,3,1064.51977,"ACTUAL",5
"94","2019-04-30",17,0,"2019-04-30T23:00:00-00:00","2019-05-01T00:00:00-00:00","ZP26","Solar","Renewable Forecast Actual Generation","RENEW_FCST_ACT_MW",3,3,1297.95317,"ACTUAL",5
"95","2019-04-30",20,0,"2019-05-01T02:00:00-00:00","2019-05-01T03:00:00-00:00","ZP26","Solar","Renewable Forecast Actual Generation","RENEW_FCST_ACT_MW",3,3,45.50615,"ACTUAL",5
"96","2019-04-30",21,0,"2019-05-01T03:00:00-00:00","2019-05-01T04:00:00-00:00","ZP26","Solar","Renewable Forecast Actual Generation","RENEW_FCST_ACT_MW",3,3,-0.99704,"ACTUAL",5
"97","2019-04-30",22,0,"2019-05-01T04:00:00-00:00","2019-05-01T05:00:00-00:00","ZP26","Solar","Renewable Forecast Actual Generation","RENEW_FCST_ACT_MW",3,3,-0.98837,"ACTUAL",5
"98","2019-04-30",23,0,"2019-05-01T05:00:00-00:00","2019-05-01T06:00:00-00:00","ZP26","Solar","Renewable Forecast Actual Generation","RENEW_FCST_ACT_MW",3,3,-0.93348,"ACTUAL",5
"99","2019-04-30",24,0,"2019-05-01T06:00:00-00:00","2019-05-01T07:00:00-00:00","ZP26","Solar","Renewable Forecast Actual Generation","RENEW_FCST_ACT_MW",3,3,-0.89462,"ACTUAL",5
"100","2019-04-30",2,0,"2019-04-30T08:00:00-00:00","2019-04-30T09:00:00-00:00","ZP26","Solar","Renewable Forecast Actual Generation","RENEW_FCST_ACT_MW",3,3,-0.95725,"ACTUAL",5
"101","2019-04-30",3,0,"2019-04-30T09:00:00-00:00","2019-04-30T10:00:00-00:00","ZP26","Solar","Renewable Forecast Actual Generation","RENEW_FCST_ACT_MW",3,3,-0.95158,"ACTUAL",5
"102","2019-04-30",4,0,"2019-04-30T10:00:00-00:00","2019-04-30T11:00:00-00:00","ZP26","Solar","Renewable Forecast Actual Generation","RENEW_FCST_ACT_MW",3,3,-0.95602,"ACTUAL",5
"103","2019-04-30",5,0,"2019-04-30T11:00:00-00:00","2019-04-30T12:00:00-00:00","ZP26","Solar","Renewable Forecast Actual Generation","RENEW_FCST_ACT_MW",3,3,-1.1021,"ACTUAL",5
"104","2019-04-30",6,0,"2019-04-30T12:00:00-00:00","2019-04-30T13:00:00-00:00","ZP26","Solar","Renewable Forecast Actual Generation","RENEW_FCST_ACT_MW",3,3,-1.15247,"ACTUAL",5
"105","2019-04-30",7,0,"2019-04-30T13:00:00-00:00","2019-04-30T14:00:00-00:00","ZP26","Solar","Renewable Forecast Actual Generation","RENEW_FCST_ACT_MW",3,3,43.69177,"ACTUAL",5
"106","2019-04-30",8,0,"2019-04-30T14:00:00-00:00","2019-04-30T15:00:00-00:00","ZP26","Solar","Renewable Forecast Actual Generation","RENEW_FCST_ACT_MW",3,3,371.21542,"ACTUAL",5
"107","2019-04-30",9,0,"2019-04-30T15:00:00-00:00","2019-04-30T16:00:00-00:00","ZP26","Solar","Renewable Forecast Actual Generation","RENEW_FCST_ACT_MW",3,3,682.78202,"ACTUAL",5
"108","2019-04-30",10,0,"2019-04-30T16:00:00-00:00","2019-04-30T17:00:00-00:00","ZP26","Solar","Renewable Forecast Actual Generation","RENEW_FCST_ACT_MW",3,3,869.93034,"ACTUAL",5
"109","2019-04-30",11,0,"2019-04-30T17:00:00-00:00","2019-04-30T18:00:00-00:00","ZP26","Solar","Renewable Forecast Actual Generation","RENEW_FCST_ACT_MW",3,3,1114.99897,"ACTUAL",5
"110","2019-04-30",12,0,"2019-04-30T18:00:00-00:00","2019-04-30T19:00:00-00:00","ZP26","Solar","Renewable Forecast Actual Generation","RENEW_FCST_ACT_MW",3,3,1398.70833,"ACTUAL",5
"111","2019-04-30",13,0,"2019-04-30T19:00:00-00:00","2019-04-30T20:00:00-00:00","ZP26","Solar","Renewable Forecast Actual Generation","RENEW_FCST_ACT_MW",3,3,1507.88623,"ACTUAL",5
"112","2019-04-30",14,0,"2019-04-30T20:00:00-00:00","2019-04-30T21:00:00-00:00","ZP26","Solar","Renewable Forecast Actual Generation","RENEW_FCST_ACT_MW",3,3,1487.1222,"ACTUAL",5
"113","2019-04-30",15,0,"2019-04-30T21:00:00-00:00","2019-04-30T22:00:00-00:00","ZP26","Solar","Renewable Forecast Actual Generation","RENEW_FCST_ACT_MW",3,3,1440.34014,"ACTUAL",5
"114","2019-04-30",16,0,"2019-04-30T22:00:00-00:00","2019-04-30T23:00:00-00:00","ZP26","Solar","Renewable Forecast Actual Generation","RENEW_FCST_ACT_MW",3,3,1335.00718,"ACTUAL",5
"115","2019-04-30",19,0,"2019-05-01T01:00:00-00:00","2019-05-01T02:00:00-00:00","ZP26","Solar","Renewable Forecast Actual Generation","RENEW_FCST_ACT_MW",3,3,504.48773,"ACTUAL",5
"116","2019-05-01",1,0,"2019-05-01T07:00:00-00:00","2019-05-01T08:00:00-00:00","NP15","Solar","Renewable Forecast Actual Generation","RENEW_FCST_ACT_MW",3,3,-3.0943,"ACTUAL",6
"117","2019-05-01",1,0,"2019-05-01T07:00:00-00:00","2019-05-01T08:00:00-00:00","NP15","Wind","Renewable Forecast Actual Generation","RENEW_FCST_ACT_MW",3,1,418.34441,"ACTUAL",7
"118","2019-05-01",1,0,"2019-05-01T07:00:00-00:00","2019-05-01T08:00:00-00:00","SP15","Solar","Renewable Forecast Actual Generation","RENEW_FCST_ACT_MW",3,3,-29.33834,"ACTUAL",8
"119","2019-05-01",1,0,"2019-05-01T07:00:00-00:00","2019-05-01T08:00:00-00:00","SP15","Wind","Renewable Forecast Actual Generation","RENEW_FCST_ACT_MW",3,1,1930.20838,"ACTUAL",9
"120","2019-05-01",1,0,"2019-05-01T07:00:00-00:00","2019-05-01T08:00:00-00:00","ZP26","Solar","Renewable Forecast Actual Generation","RENEW_FCST_ACT_MW",3,3,-0.87622,"ACTUAL",10
