"","OPR_DT","OPR_HR","OPR_INTERVAL","INTERVALSTARTTIME_GMT","INTERVALENDTIME_GMT","TRADING_HUB","RENEWABLE_TYPE","LABEL","XML_DATA_ITEM","MARKET_RUN_ID_POS","RENEW_POS","MW","MARKET_RUN_ID","GROUP"
"1","2019-09-15",2,0,"2019-09-15T08:00:00-00:00","2019-09-15T09:00:00-00:00","NP15","Solar","Renewable Forecast Actual Generation","RENEW_FCST_ACT_MW",3,3,-3.56772,"ACTUAL",1
"2","2019-09-15",3,0,"2019-09-15T09:00:00-00:00","2019-09-15T10:00:00-00:00","NP15","Solar","Renewable Forecast Actual Generation","RENEW_FCST_ACT_MW",3,3,-3.56275,"ACTUAL",1
"3","2019-09-15",4,0,"2019-09-15T10:00:00-00:00","2019-09-15T11:00:00-00:00","NP15","Solar","Renewable Forecast Actual Generation","RENEW_FCST_ACT_MW",3,3,-3.56633,"ACTUAL",1
"4","2019-09-15",5,0,"2019-09-15T11:00:00-00:00","2019-09-15T12:00:00-00:00","NP15","Solar","Renewable Forecast Actual Generation","RENEW_FCST_ACT_MW",3,3,-3.57731,"ACTUAL",1
"5","2019-09-15",6,0,"2019-09-15T12:00:00-00:00","2019-09-15T13:00:00-00:00","NP15","Solar","Renewable Forecast Actual Generation","RENEW_FCST_ACT_MW",3,3,-3.60953,"ACTUAL",1
"6","2019-09-15",7,0,"2019-09-15T13:00:00-00:00","2019-09-15T14:00:00-00:00","NP15","Solar","Renewable Forecast Actual Generation","RENEW_FCST_ACT_MW",3,3,-1.1821,"ACTUAL",1
"7","2019-09-15",8,0,"2019-09-15T14:00:00-00:00","2019-09-15T15:00:00-00:00","NP15","Solar","Renewable Forecast Actual Generation","RENEW_FCST_ACT_MW",3,3,250.66,"ACTUAL",1
"8","2019-09-15",9,0,"2019-09-15T15:00:00-00:00","2019-09-15T16:00:00-00:00","NP15","Solar","Renewable Forecast Actual Generation","RENEW_FCST_ACT_MW",3,3,685.11921,"ACTUAL",1
"9","2019-09-15",10,0,"2019-09-15T16:00:00-00:00","2019-09-15T17:00:00-00:00","NP15","Solar","Renewable Forecast Actual Generation","RENEW_FCST_ACT_MW",3,3,882.38432,"ACTUAL",1
"10","2019-09-15",11,0,"2019-09-15T17:00:00-00:00","2019-09-15T18:00:00-00:00","NP15","Solar","Renewable Forecast Actual Generation","RENEW_FCST_ACT_MW",3,3,947.47292,"ACTUAL",1
"11","2019-09-15",12,0,"2019-09-15T18:00:00-00:00","2019-09-15T19:00:00-00:00","NP15","Solar","Renewable Forecast Actual Generation","RENEW_FCST_ACT_MW",3,3,1183.46368,"ACTUAL",1
"12","2019-09-15",13,0,"2019-09-15T19:00:00-00:00","2019-09-15T20:00:00-00:00","NP15","Solar","Renewable Forecast Actual Generation","RENEW_FCST_ACT_MW",3,3,1143.35401,"ACTUAL",1
"13","2019-09-15",14,0,"2019-09-15T20:00:00-00:00","2019-09-15T21:00:00-00:00","NP15","Solar","Renewable Forecast Actual Generation","RENEW_FCST_ACT_MW",3,3,932.58527,"ACTUAL",1
"14","2019-09-15",15,0,"2019-09-15T21:00:00-00:00","2019-09-15T22:00:00-00:00","NP15","Solar","Renewable Forecast Actual Generation","RENEW_FCST_ACT_MW",3,3,864.99616,"ACTUAL",1
"15","2019-09-15",16,0,"2019-09-15T22:00:00-00:00","2019-09-15T23:00:00-00:00","NP15","Solar","Renewable Forecast Actual Generation","RENEW_FCST_ACT_MW",3,3,1102.11539,"ACTUAL",1
"16","2019-09-15",17,0,"2019-09-15T23:00:00-00:00","2019-09-16T00:00:00-00:00","NP15","Solar","Renewable Forecast Actual Generation","RENEW_FCST_ACT_MW",3,3,1073.121,"ACTUAL",1
"17","2019-09-15",18,0,"2019-09-16T00:00:00-00:00","2019-09-16T01:00:00-00:00","NP15","Solar","Renewable Forecast Actual Generation","RENEW_FCST_ACT_MW",3,3,817.30411,"ACTUAL",1
"18","2019-09-15",19,0,"2019-09-16T01:00:00-00:00","2019-09-16T02:00:00-00:00","NP15","Solar","Renewable Forecast Actual Generation","RENEW_FCST_ACT_MW",3,3,147.74356,"ACTUAL",1
"19","2019-09-15",20,0,"2019-09-16T02:00:00-00:00","2019-09-16T03:00:00-00:00","NP15","Solar","Renewable Forecast Actual Generation","RENEW_FCST_ACT_MW",3,3,-3.12477,"ACTUAL",1
"20","2019-09-15",21,0,"2019-09-16T03:00:00-00:00","2019-09-16T04:00:00-00:00","NP15","Solar","Renewable Forecast Actual Generation","RENEW_FCST_ACT_MW",3,3,-3.41992,"ACTUAL",1
"21","2019-09-15",22,0,"2019-09-16T04:00:00-00:00","2019-09-16T05:00:00-00:00","NP15","Solar","Renewable Forecast Actual Generation","RENEW_FCST_ACT_MW",3,3,-3.3718,"ACTUAL",1
"22","2019-09-15",23,0,"2019-09-16T05:00:00-00:00","2019-09-16T06:00:00-00:00","NP15","Solar","Renewable Forecast Actual Generation","RENEW_FCST_ACT_MW",3,3,-3.38598,"ACTUAL",1
"23","2019-09-15",24,0,"2019-09-16T06:00:00-00:00","2019-09-16T07:00:00-00:00","NP15","Solar","Renewable Forecast Actual Generation","RENEW_FCST_ACT_MW",3,3,-3.37191,"ACTUAL",1
"24","2019-09-15",18,0,"2019-09-16T00:00:00-00:00","2019-09-16T01:00:00-00:00","NP15","Wind","Renewable Forecast Actual Generation","RENEW_FCST_ACT_MW",3,1,777.0577,"ACTUAL",2
"25","2019-09-15",6,0,"2019-09-15T12:00:00-00:00","2019-09-15T13:00:00-00:00","NP15","Wind","Renewable Forecast Actual Generation","RENEW_FCST_ACT_MW",3,1,1004.16623,"ACTUAL",2
"26","2019-09-15",17,0,"2019-09-15T23:00:00-00:00","2019-09-16T00:00:00-00:00","NP15","Wind","Renewable Forecast Actual Generation","RENEW_FCST_ACT_MW",3,1,1023.68765,"ACTUAL",2
"27","2019-09-15",16,0,"2019-09-15T22:00:00-00:00","2019-09-15T23:00:00-00:00","NP15","Wind","Renewable Forecast Actual Generation","RENEW_FCST_ACT_MW",3,1,1076.51615,"ACTUAL",2
"28","2019-09-15",15,0,"2019-09-15T21:00:00-00:00","2019-09-15T22:00:00-00:00","NP15","Wind","Renewable Forecast Actual Generation","RENEW_FCST_ACT_MW",3,1,1069.69096,"ACTUAL",2
"29","2019-09-15",14,0,"2019-09-15T20:00:00-00:00","2019-09-15T21:00:00-00:00","NP15","Wind","Renewable Forecast Actual Generation","RENEW_FCST_ACT_MW",3,1,885.19461,"ACTUAL",2
"30","2019-09-15",13,0,"2019-09-15T19:00:00-00:00","2019-09-15T20:00:00-00:00","NP15","Wind","Renewable Forecast Actual Generation","RENEW_FCST_ACT_MW",3,1,843.81774,"ACTUAL",2
"31","2019-09-15",12,0,"2019-09-15T18:00:00-00:00","2019-09-15T19:00:00-00:00","NP15","Wind","Renewable Forecast Actual Generation","RENEW_FCST_ACT_MW",3,1,809.13926,"ACTUAL",2
"32","2019-09-15",11,0,"2019-09-15T17:00:00-00:00","2019-09-15T18:00:00-00:00","NP15","Wind","Renewable Forecast Actual Generation","RENEW_FCST_ACT_MW",3,1,863.91543,"ACTUAL",2
"33","2019-09-15",10,0,"2019-09-15T16:00:00-00:00","2019-09-15T17:00:00-00:00","NP15","Wind","Renewable Forecast Actual Generation","RENEW_FCST_ACT_MW",3,1,1050.81186,"ACTUAL",2
"34","2019-09-15",9,0,"2019-09-15T15:00:00-00:00","2019-09-15T16:00:00-00:00","NP15","Wind","Renewable Forecast Actual Generation","RENEW_FCST_ACT_MW",3,1,970.87858,"ACTUAL",2
"35","2019-09-15",8,0,"2019-09-15T14:00:00-00:00","2019-09-15T15:00:00-00:00","NP15","Wind","Renewable Forecast Actual Generation","RENEW_FCST_ACT_MW",3,1,1050.91451,"ACTUAL",2
"36","2019-09-15",7,0,"2019-09-15T13:00:00-00:00","2019-09-15T14:00:00-00:00","NP15","Wind","Renewable Forecast Actual Generation","RENEW_FCST_ACT_MW",3,1,1099.37393,"ACTUAL",2
"37","2019-09-15",5,0,"2019-09-15T11:00:00-00:00","2019-09-15T12:00:00-00:00","NP15","Wind","Renewable Forecast Actual Generation","RENEW_FCST_ACT_MW",3,1,771.2883,"ACTUAL",2
"38","2019-09-15",4,0,"2019-09-15T10:00:00-00:00","2019-09-15T11:00:00-00:00","NP15","Wind","Renewable Forecast Actual Generation","RENEW_FCST_ACT_MW",3,1,682.73266,"ACTUAL",2
"39","2019-09-15",3,0,"2019-09-15T09:00:00-00:00","2019-09-15T10:00:00-00:00","NP15","Wind","Renewable Forecast Actual Generation","RENEW_FCST_ACT_MW",3,1,536.02928,"ACTUAL",2
"40","2019-09-15",2,0,"2019-09-15T08:00:00-00:00","2019-09-15T09:00:00-00:00","NP15","Wind","Renewable Forecast Actual Generation","RENEW_FCST_ACT_MW",3,1,599.48685,"ACTUAL",2
"41","2019-09-15",24,0,"2019-09-16T06:00:00-00:00","2019-09-16T07:00:00-00:00","NP15","Wind","Renewable Forecast Actual Generation","RENEW_FCST_ACT_MW",3,1,854.71737,"ACTUAL",2
"42","2019-09-15",23,0,"2019-09-16T05:00:00-00:00","2019-09-16T06:00:00-00:00","NP15","Wind","Renewable Forecast Actual Generation","RENEW_FCST_ACT_MW",3,1,846.64233,"ACTUAL",2
"43","2019-09-15",22,0,"2019-09-16T04:00:00-00:00","2019-09-16T05:00:00-00:00","NP15","Wind","Renewable Forecast Actual Generation","RENEW_FCST_ACT_MW",3,1,1095.44116,"ACTUAL",2
"44","2019-09-15",21,0,"2019-09-16T03:00:00-00:00","2019-09-16T04:00:00-00:00","NP15","Wind","Renewable Forecast Actual Generation","RENEW_FCST_ACT_MW",3,1,1248.83226,"ACTUAL",2
"45","2019-09-15",20,0,"2019-09-16T02:00:00-00:00","2019-09-16T03:00:00-00:00","NP15","Wind","Renewable Forecast Actual Generation","RENEW_FCST_ACT_MW",3,1,1336.72174,"ACTUAL",2
"46","2019-09-15",19,0,"2019-09-16T01:00:00-00:00","2019-09-16T02:00:00-00:00","NP15","Wind","Renewable Forecast Actual Generation","RENEW_FCST_ACT_MW",3,1,1225.03208,"ACTUAL",2
"47","2019-09-15",6,0,"2019-09-15T12:00:00-00:00","2019-09-15T13:00:00-00:00","SP15","Solar","Renewable Forecast Actual Generation","RENEW_FCST_ACT_MW",3,3,-26.03558,"ACTUAL",3
"48","2019-09-15",18,0,"2019-09-16T00:00:00-00:00","2019-09-16T01:00:00-00:00","SP15","Solar","Renewable Forecast Actual Generation","RENEW_FCST_ACT_MW",3,3,2066.48019,"ACTUAL",3
"49","2019-09-15",5,0,"2019-09-15T11:00:00-00:00","2019-09-15T12:00:00-00:00","SP15","Solar","Renewable Forecast Actual Generation","RENEW_FCST_ACT_MW",3,3,-23.99714,"ACTUAL",3
"50","2019-09-15",11,0,"2019-09-15T17:00:00-00:00","2019-09-15T18:00:00-00:00","SP15","Solar","Renewable Forecast Actual Generation","RENEW_FCST_ACT_MW",3,3,6095.1951,"ACTUAL",3
"51","2019-09-15",4,0,"2019-09-15T10:00:00-00:00","2019-09-15T11:00:00-00:00","SP15","Solar","Renewable Forecast Actual Generation","RENEW_FCST_ACT_MW",3,3,-22.41562,"ACTUAL",3
"52","2019-09-15",15,0,"2019-09-15T21:00:00-00:00","2019-09-15T22:00:00-00:00","SP15","Solar","Renewable Forecast Actual Generation","RENEW_FCST_ACT_MW",3,3,5793.76043,"ACTUAL",3
"53","2019-09-15",3,0,"2019-09-15T09:00:00-00:00","2019-09-15T10:00:00-00:00","SP15","Solar","Renewable Forecast Actual Generation","RENEW_FCST_ACT_MW",3,3,-22.16742,"ACTUAL",3
"54","2019-09-15",10,0,"2019-09-15T16:00:00-00:00","2019-09-15T17:00:00-00:00","SP15","Solar","Renewable Forecast Actual Generation","RENEW_FCST_ACT_MW",3,3,4983.74318,"ACTUAL",3
"55","2019-09-15",2,0,"2019-09-15T08:00:00-00:00","2019-09-15T09:00:00-00:00","SP15","Solar","Renewable Forecast Actual Generation","RENEW_FCST_ACT_MW",3,3,-22.55666,"ACTUAL",3
"56","2019-09-15",13,0,"2019-09-15T19:00:00-00:00","2019-09-15T20:00:00-00:00","SP15","Solar","Renewable Forecast Actual Generation","RENEW_FCST_ACT_MW",3,3,6893.53897,"ACTUAL",3
"57","2019-09-15",24,0,"2019-09-16T06:00:00-00:00","2019-09-16T07:00:00-00:00","SP15","Solar","Renewable Forecast Actual Generation","RENEW_FCST_ACT_MW",3,3,-24.40213,"ACTUAL",3
"58","2019-09-15",9,0,"2019-09-15T15:00:00-00:00","2019-09-15T16:00:00-00:00","SP15","Solar","Renewable Forecast Actual Generation","RENEW_FCST_ACT_MW",3,3,3906.56932,"ACTUAL",3
"59","2019-09-15",23,0,"2019-09-16T05:00:00-00:00","2019-09-16T06:00:00-00:00","SP15","Solar","Renewable Forecast Actual Generation","RENEW_FCST_ACT_MW",3,3,-24.16762,"ACTUAL",3
"60","2019-09-15",16,0,"2019-09-15T22:00:00-00:00","2019-09-15T23:00:00-00:00","SP15","Solar","Renewable Forecast Actual Generation","RENEW_FCST_ACT_MW",3,3,5685.85402,"ACTUAL",3
"61","2019-09-15",22,0,"2019-09-16T04:00:00-00:00","2019-09-16T05:00:00-00:00","SP15","Solar","Renewable Forecast Actual Generation","RENEW_FCST_ACT_MW",3,3,-24.78302,"ACTUAL",3
"62","2019-09-15",8,0,"2019-09-15T14:00:00-00:00","2019-09-15T15:00:00-00:00","SP15","Solar","Renewable Forecast Actual Generation","RENEW_FCST_ACT_MW",3,3,1543.57847,"ACTUAL",3
"63","2019-09-15",21,0,"2019-09-16T03:00:00-00:00","2019-09-16T04:00:00-00:00","SP15","Solar","Renewable Forecast Actual Generation","RENEW_FCST_ACT_MW",3,3,-25.36143,"ACTUAL",3
"64","2019-09-15",12,0,"2019-09-15T18:00:00-00:00","2019-09-15T19:00:00-00:00","SP15","Solar","Renewable Forecast Actual Generation","RENEW_FCST_ACT_MW",3,3,6631.11971,"ACTUAL",3
"65","2019-09-15",20,0,"2019-09-16T02:00:00-00:00","2019-09-16T03:00:00-00:00","SP15","Solar","Renewable Forecast Actual Generation","RENEW_FCST_ACT_MW",3,3,-26.71105,"ACTUAL",3
"66","2019-09-15",7,0,"2019-09-15T13:00:00-00:00","2019-09-15T14:00:00-00:00","SP15","Solar","Renewable Forecast Actual Generation","RENEW_FCST_ACT_MW",3,3,48.44332,"ACTUAL",3
"67","2019-09-15",19,0,"2019-09-16T01:00:00-00:00","2019-09-16T02:00:00-00:00","SP15","Solar","Renewable Forecast Actual Generation","RENEW_FCST_ACT_MW",3,3,381.51859,"ACTUAL",3
"68","2019-09-15",14,0,"2019-09-15T20:00:00-00:00","2019-09-15T21:00:00-00:00","SP15","Solar","Renewable Forecast Actual Generation","RENEW_FCST_ACT_MW",3,3,6348.47215,"ACTUAL",3
"69","2019-09-15",17,0,"2019-09-15T23:00:00-00:00","2019-09-16T00:00:00-00:00","SP15","Solar","Renewable Forecast Actual Generation","RENEW_FCST_ACT_MW",3,3,4410.22,"ACTUAL",3
"70","2019-09-15",18,0,"2019-09-16T00:00:00-00:00","2019-09-16T01:00:00-00:00","SP15","Wind","Renewable Forecast Actual Generation","RENEW_FCST_ACT_MW",3,1,1157.92625,"ACTUAL",4
"71","2019-09-15",19,0,"2019-09-16T01:00:00-00:00","2019-09-16T02:00:00-00:00","SP15","Wind","Renewable Forecast Actual Generation","RENEW_FCST_ACT_MW",3,1,1297.32446,"ACTUAL",4
"72","2019-09-15",20,0,"2019-09-16T02:00:00-00:00","2019-09-16T03:00:00-00:00","SP15","Wind","Renewable Forecast Actual Generation","RENEW_FCST_ACT_MW",3,1,1116.03106,"ACTUAL",4
"73","2019-09-15",21,0,"2019-09-16T03:00:00-00:00","2019-09-16T04:00:00-00:00","SP15","Wind","Renewable Forecast Actual Generation","RENEW_FCST_ACT_MW",3,1,922.4757,"ACTUAL",4
"74","2019-09-15",22,0,"2019-09-16T04:00:00-00:00","2019-09-16T05:00:00-00:00","SP15","Wind","Renewable Forecast Actual Generation","RENEW_FCST_ACT_MW",3,1,894.75148,"ACTUAL",4
"75","2019-09-15",23,0,"2019-09-16T05:00:00-00:00","2019-09-16T06:00:00-00:00","SP15","Wind","Renewable Forecast Actual Generation","RENEW_FCST_ACT_MW",3,1,936.01064,"ACTUAL",4
"76","2019-09-15",24,0,"2019-09-16T06:00:00-00:00","2019-09-16T07:00:00-00:00","SP15","Wind","Renewable Forecast Actual Generation","RENEW_FCST_ACT_MW",3,1,970.23065,"ACTUAL",4
"77","2019-09-15",2,0,"2019-09-15T08:00:00-00:00","2019-09-15T09:00:00-00:00","SP15","Wind","Renewable Forecast Actual Generation","RENEW_FCST_ACT_MW",3,1,330.42518,"ACTUAL",4
"78","2019-09-15",3,0,"2019-09-15T09:00:00-00:00","2019-09-15T10:00:00-00:00","SP15","Wind","Renewable Forecast Actual Generation","RENEW_FCST_ACT_MW",3,1,163.65691,"ACTUAL",4
"79","2019-09-15",4,0,"2019-09-15T10:00:00-00:00","2019-09-15T11:00:00-00:00","SP15","Wind","Renewable Forecast Actual Generation","RENEW_FCST_ACT_MW",3,1,169.35966,"ACTUAL",4
"80","2019-09-15",5,0,"2019-09-15T11:00:00-00:00","2019-09-15T12:00:00-00:00","SP15","Wind","Renewable Forecast Actual Generation","RENEW_FCST_ACT_MW",3,1,195.32633,"ACTUAL",4
"81","2019-09-15",6,0,"2019-09-15T12:00:00-00:00","2019-09-15T13:00:00-00:00","SP15","Wind","Renewable Forecast Actual Generation","RENEW_FCST_ACT_MW",3,1,237.75056,"ACTUAL",4
"82","2019-09-15",7,0,"2019-09-15T13:00:00-00:00","2019-09-15T14:00:00-00:00","SP15","Wind","Renewable Forecast Actual Generation","RENEW_FCST_ACT_MW",3,1,219.29608,"ACTUAL",4
"83","2019-09-15",8,0,"2019-09-15T14:00:00-00:00","2019-09-15T15:00:00-00:00","SP15","Wind","Renewable Forecast Actual Generation","RENEW_FCST_ACT_MW",3,1,193.3349,"ACTUAL",4
"84","2019-09-15",9,0,"2019-09-15T15:00:00-00:00","2019-09-15T16:00:00-00:00","SP15","Wind","Renewable Forecast Actual Generation","RENEW_FCST_ACT_MW",3,1,240.31814,"ACTUAL",4
"85","2019-09-15",10,0,"2019-09-15T16:00:00-00:00","2019-09-15T17:00:00-00:00","SP15","Wind","Renewable Forecast Actual Generation","RENEW_FCST_ACT_MW",3,1,207.40159,"ACTUAL",4
"86","2019-09-15",11,0,"2019-09-15T17:00:00-00:00","2019-09-15T18:00:00-00:00","SP15","Wind","Renewable Forecast Actual Generation","RENEW_FCST_ACT_MW",3,1,223.73091,"ACTUAL",4
"87","2019-09-15",12,0,"2019-09-15T18:00:00-00:00","2019-09-15T19:00:00-00:00","SP15","Wind","Renewable Forecast Actual Generation","RENEW_FCST_ACT_MW",3,1,248.47766,"ACTUAL",4
"88","2019-09-15",13,0,"2019-09-15T19:00:00-00:00","2019-09-15T20:00:00-00:00","SP15","Wind","Renewable Forecast Actual Generation","RENEW_FCST_ACT_MW",3,1,234.29116,"ACTUAL",4
"89","2019-09-15",14,0,"2019-09-15T20:00:00-00:00","2019-09-15T21:00:00-00:00","SP15","Wind","Renewable Forecast Actual Generation","RENEW_FCST_ACT_MW",3,1,351.47866,"ACTUAL",4
"90","2019-09-15",15,0,"2019-09-15T21:00:00-00:00","2019-09-15T22:00:00-00:00","SP15","Wind","Renewable Forecast Actual Generation","RENEW_FCST_ACT_MW",3,1,675.43894,"ACTUAL",4
"91","2019-09-15",16,0,"2019-09-15T22:00:00-00:00","2019-09-15T23:00:00-00:00","SP15","Wind","Renewable Forecast Actual Generation","RENEW_FCST_ACT_MW",3,1,883.74037,"ACTUAL",4
"92","2019-09-15",17,0,"2019-09-15T23:00:00-00:00","2019-09-16T00:00:00-00:00","SP15","Wind","Renewable Forecast Actual Generation","RENEW_FCST_ACT_MW",3,1,951.13787,"ACTUAL",4
"93","2019-09-15",18,0,"2019-09-16T00:00:00-00:00","2019-09-16T01:00:00-00:00","ZP26","Solar","Renewable Forecast Actual Generation","RENEW_FCST_ACT_MW",3,3,588.5406,"ACTUAL",5
"94","2019-09-15",17,0,"2019-09-15T23:00:00-00:00","2019-09-16T00:00:00-00:00","ZP26","Solar","Renewable Forecast Actual Generation","RENEW_FCST_ACT_MW",3,3,1242.87802,"ACTUAL",5
"95","2019-09-15",20,0,"2019-09-16T02:00:00-00:00","2019-09-16T03:00:00-00:00","ZP26","Solar","Renewable Forecast Actual Generation","RENEW_FCST_ACT_MW",3,3,-5.08218,"ACTUAL",5
"96","2019-09-15",21,0,"2019-09-16T03:00:00-00:00","2019-09-16T04:00:00-00:00","ZP26","Solar","Renewable Forecast Actual Generation","RENEW_FCST_ACT_MW",3,3,-4.86613,"ACTUAL",5
"97","2019-09-15",22,0,"2019-09-16T04:00:00-00:00","2019-09-16T05:00:00-00:00","ZP26","Solar","Renewable Forecast Actual Generation","RENEW_FCST_ACT_MW",3,3,-5.09168,"ACTUAL",5
"98","2019-09-15",23,0,"2019-09-16T05:00:00-00:00","2019-09-16T06:00:00-00:00","ZP26","Solar","Renewable Forecast Actual Generation","RENEW_FCST_ACT_MW",3,3,-5.14397,"ACTUAL",5
"99","2019-09-15",24,0,"2019-09-16T06:00:00-00:00","2019-09-16T07:00:00-00:00","ZP26","Solar","Renewable Forecast Actual Generation","RENEW_FCST_ACT_MW",3,3,-5.0949,"ACTUAL",5
"100","2019-09-15",2,0,"2019-09-15T08:00:00-00:00","2019-09-15T09:00:00-00:00","ZP26","Solar","Renewable Forecast Actual Generation","RENEW_FCST_ACT_MW",3,3,-5.51707,"ACTUAL",5
"101","2019-09-15",3,0,"2019-09-15T09:00:00-00:00","2019-09-15T10:00:00-00:00","ZP26","Solar","Renewable Forecast Actual Generation","RENEW_FCST_ACT_MW",3,3,-5.54156,"ACTUAL",5
"102","2019-09-15",4,0,"2019-09-15T10:00:00-00:00","2019-09-15T11:00:00-00:00","ZP26","Solar","Renewable Forecast Actual Generation","RENEW_FCST_ACT_MW",3,3,-5.53586,"ACTUAL",5
"103","2019-09-15",5,0,"2019-09-15T11:00:00-00:00","2019-09-15T12:00:00-00:00","ZP26","Solar","Renewable Forecast Actual Generation","RENEW_FCST_ACT_MW",3,3,-5.45851,"ACTUAL",5
"104","2019-09-15",6,0,"2019-09-15T12:00:00-00:00","2019-09-15T13:00:00-00:00","ZP26","Solar","Renewable Forecast Actual Generation","RENEW_FCST_ACT_MW",3,3,-5.42526,"ACTUAL",5
"105","2019-09-15",7,0,"2019-09-15T13:00:00-00:00","2019-09-15T14:00:00-00:00","ZP26","Solar","Renewable Forecast Actual Generation","RENEW_FCST_ACT_MW",3,3,-1.34876,"ACTUAL",5
"106","2019-09-15",8,0,"2019-09-15T14:00:00-00:00","2019-09-15T15:00:00-00:00","ZP26","Solar","Renewable Forecast Actual Generation","RENEW_FCST_ACT_MW",3,3,236.09878,"ACTUAL",5
"107","2019-09-15",9,0,"2019-09-15T15:00:00-00:00","2019-09-15T16:00:00-00:00","ZP26","Solar","Renewable Forecast Actual Generation","RENEW_FCST_ACT_MW",3,3,700.22583,"ACTUAL",5
"108","2019-09-15",10,0,"2019-09-15T16:00:00-00:00","2019-09-15T17:00:00-00:00","ZP26","Solar","Renewable Forecast Actual Generation","RENEW_FCST_ACT_MW",3,3,1087.42796,"ACTUAL",5
"109","2019-09-15",11,0,"2019-09-15T17:00:00-00:00","2019-09-15T18:00:00-00:00","ZP26","Solar","Renewable Forecast Actual Generation","RENEW_FCST_ACT_MW",3,3,1336.17976,"ACTUAL",5
"110","2019-09-15",12,0,"2019-09-15T18:00:00-00:00","2019-09-15T19:00:00-00:00","ZP26","Solar","Renewable Forecast Actual Generation","RENEW_FCST_ACT_MW",3,3,1356.18154,"ACTUAL",5
"111","2019-09-15",13,0,"2019-09-15T19:00:00-00:00","2019-09-15T20:00:00-00:00","ZP26","Solar","Renewable Forecast Actual Generation","RENEW_FCST_ACT_MW",3,3,1168.23366,"ACTUAL",5
"112","2019-09-15",14,0,"2019-09-15T20:00:00-00:00","2019-09-15T21:00:00-00:00","ZP26","Solar","Renewable Forecast Actual Generation","RENEW_FCST_ACT_MW",3,3,1177.7317,"ACTUAL",5
"113","2019-09-15",15,0,"2019-09-15T21:00:00-00:00","2019-09-15T22:00:00-00:00","ZP26","Solar","Renewable Forecast Actual Generation","RENEW_FCST_ACT_MW",3,3,1424.64485,"ACTUAL",5
"114","2019-09-15",16,0,"2019-09-15T22:00:00-00:00","2019-09-15T23:00:00-00:00","ZP26","Solar","Renewable Forecast Actual Generation","RENEW_FCST_ACT_MW",3,3,1457.65821,"ACTUAL",5
"115","2019-09-15",19,0,"2019-09-16T01:00:00-00:00","2019-09-16T02:00:00-00:00","ZP26","Solar","Renewable Forecast Actual Generation","RENEW_FCST_ACT_MW",3,3,109.12618,"ACTUAL",5
"116","2019-09-16",1,0,"2019-09-16T07:00:00-00:00","2019-09-16T08:00:00-00:00","NP15","Solar","Renewable Forecast Actual Generation","RENEW_FCST_ACT_MW",3,3,-3.37765,"ACTUAL",6
"117","2019-09-16",1,0,"2019-09-16T07:00:00-00:00","2019-09-16T08:00:00-00:00","NP15","Wind","Renewable Forecast Actual Generation","RENEW_FCST_ACT_MW",3,1,758.19222,"ACTUAL",7
"118","2019-09-16",1,0,"2019-09-16T07:00:00-00:00","2019-09-16T08:00:00-00:00","SP15","Solar","Renewable Forecast Actual Generation","RENEW_FCST_ACT_MW",3,3,-23.6982,"ACTUAL",8
"119","2019-09-16",1,0,"2019-09-16T07:00:00-00:00","2019-09-16T08:00:00-00:00","SP15","Wind","Renewable Forecast Actual Generation","RENEW_FCST_ACT_MW",3,1,1050.91659,"ACTUAL",9
"120","2019-09-16",1,0,"2019-09-16T07:00:00-00:00","2019-09-16T08:00:00-00:00","ZP26","Solar","Renewable Forecast Actual Generation","RENEW_FCST_ACT_MW",3,3,-5.19331,"ACTUAL",10
