"","OPR_DT","OPR_HR","OPR_INTERVAL","INTERVALSTARTTIME_GMT","INTERVALENDTIME_GMT","TRADING_HUB","RENEWABLE_TYPE","LABEL","XML_DATA_ITEM","MARKET_RUN_ID_POS","RENEW_POS","MW","MARKET_RUN_ID","GROUP"
"1","2019-05-17",2,0,"2019-05-17T08:00:00-00:00","2019-05-17T09:00:00-00:00","NP15","Solar","Renewable Forecast Actual Generation","RENEW_FCST_ACT_MW",3,3,-2.85426,"ACTUAL",1
"2","2019-05-17",3,0,"2019-05-17T09:00:00-00:00","2019-05-17T10:00:00-00:00","NP15","Solar","Renewable Forecast Actual Generation","RENEW_FCST_ACT_MW",3,3,-2.85111,"ACTUAL",1
"3","2019-05-17",4,0,"2019-05-17T10:00:00-00:00","2019-05-17T11:00:00-00:00","NP15","Solar","Renewable Forecast Actual Generation","RENEW_FCST_ACT_MW",3,3,-2.85422,"ACTUAL",1
"4","2019-05-17",5,0,"2019-05-17T11:00:00-00:00","2019-05-17T12:00:00-00:00","NP15","Solar","Renewable Forecast Actual Generation","RENEW_FCST_ACT_MW",3,3,-2.84578,"ACTUAL",1
"5","2019-05-17",6,0,"2019-05-17T12:00:00-00:00","2019-05-17T13:00:00-00:00","NP15","Solar","Renewable Forecast Actual Generation","RENEW_FCST_ACT_MW",3,3,-2.63488,"ACTUAL",1
"6","2019-05-17",7,0,"2019-05-17T13:00:00-00:00","2019-05-17T14:00:00-00:00","NP15","Solar","Renewable Forecast Actual Generation","RENEW_FCST_ACT_MW",3,3,163.19915,"ACTUAL",1
"7","2019-05-17",8,0,"2019-05-17T14:00:00-00:00","2019-05-17T15:00:00-00:00","NP15","Solar","Renewable Forecast Actual Generation","RENEW_FCST_ACT_MW",3,3,767.91656,"ACTUAL",1
"8","2019-05-17",9,0,"2019-05-17T15:00:00-00:00","2019-05-17T16:00:00-00:00","NP15","Solar","Renewable Forecast Actual Generation","RENEW_FCST_ACT_MW",3,3,1063.44481,"ACTUAL",1
"9","2019-05-17",10,0,"2019-05-17T16:00:00-00:00","2019-05-17T17:00:00-00:00","NP15","Solar","Renewable Forecast Actual Generation","RENEW_FCST_ACT_MW",3,3,1051.84227,"ACTUAL",1
"10","2019-05-17",11,0,"2019-05-17T17:00:00-00:00","2019-05-17T18:00:00-00:00","NP15","Solar","Renewable Forecast Actual Generation","RENEW_FCST_ACT_MW",3,3,1127.19125,"ACTUAL",1
"11","2019-05-17",12,0,"2019-05-17T18:00:00-00:00","2019-05-17T19:00:00-00:00","NP15","Solar","Renewable Forecast Actual Generation","RENEW_FCST_ACT_MW",3,3,1068.31637,"ACTUAL",1
"12","2019-05-17",13,0,"2019-05-17T19:00:00-00:00","2019-05-17T20:00:00-00:00","NP15","Solar","Renewable Forecast Actual Generation","RENEW_FCST_ACT_MW",3,3,865.03355,"ACTUAL",1
"13","2019-05-17",14,0,"2019-05-17T20:00:00-00:00","2019-05-17T21:00:00-00:00","NP15","Solar","Renewable Forecast Actual Generation","RENEW_FCST_ACT_MW",3,3,843.03231,"ACTUAL",1
"14","2019-05-17",15,0,"2019-05-17T21:00:00-00:00","2019-05-17T22:00:00-00:00","NP15","Solar","Renewable Forecast Actual Generation","RENEW_FCST_ACT_MW",3,3,720.31909,"ACTUAL",1
"15","2019-05-17",16,0,"2019-05-17T22:00:00-00:00","2019-05-17T23:00:00-00:00","NP15","Solar","Renewable Forecast Actual Generation","RENEW_FCST_ACT_MW",3,3,770.53194,"ACTUAL",1
"16","2019-05-17",17,0,"2019-05-17T23:00:00-00:00","2019-05-18T00:00:00-00:00","NP15","Solar","Renewable Forecast Actual Generation","RENEW_FCST_ACT_MW",3,3,813.06411,"ACTUAL",1
"17","2019-05-17",18,0,"2019-05-18T00:00:00-00:00","2019-05-18T01:00:00-00:00","NP15","Solar","Renewable Forecast Actual Generation","RENEW_FCST_ACT_MW",3,3,743.89044,"ACTUAL",1
"18","2019-05-17",19,0,"2019-05-18T01:00:00-00:00","2019-05-18T02:00:00-00:00","NP15","Solar","Renewable Forecast Actual Generation","RENEW_FCST_ACT_MW",3,3,715.74643,"ACTUAL",1
"19","2019-05-17",20,0,"2019-05-18T02:00:00-00:00","2019-05-18T03:00:00-00:00","NP15","Solar","Renewable Forecast Actual Generation","RENEW_FCST_ACT_MW",3,3,101.55099,"ACTUAL",1
"20","2019-05-17",21,0,"2019-05-18T03:00:00-00:00","2019-05-18T04:00:00-00:00","NP15","Solar","Renewable Forecast Actual Generation","RENEW_FCST_ACT_MW",3,3,2.18166,"ACTUAL",1
"21","2019-05-17",22,0,"2019-05-18T04:00:00-00:00","2019-05-18T05:00:00-00:00","NP15","Solar","Renewable Forecast Actual Generation","RENEW_FCST_ACT_MW",3,3,-2.27019,"ACTUAL",1
"22","2019-05-17",23,0,"2019-05-18T05:00:00-00:00","2019-05-18T06:00:00-00:00","NP15","Solar","Renewable Forecast Actual Generation","RENEW_FCST_ACT_MW",3,3,-2.71897,"ACTUAL",1
"23","2019-05-17",24,0,"2019-05-18T06:00:00-00:00","2019-05-18T07:00:00-00:00","NP15","Solar","Renewable Forecast Actual Generation","RENEW_FCST_ACT_MW",3,3,-2.70455,"ACTUAL",1
"24","2019-05-17",18,0,"2019-05-18T00:00:00-00:00","2019-05-18T01:00:00-00:00","NP15","Wind","Renewable Forecast Actual Generation","RENEW_FCST_ACT_MW",3,1,486.98277,"ACTUAL",2
"25","2019-05-17",6,0,"2019-05-17T12:00:00-00:00","2019-05-17T13:00:00-00:00","NP15","Wind","Renewable Forecast Actual Generation","RENEW_FCST_ACT_MW",3,1,745.19616,"ACTUAL",2
"26","2019-05-17",17,0,"2019-05-17T23:00:00-00:00","2019-05-18T00:00:00-00:00","NP15","Wind","Renewable Forecast Actual Generation","RENEW_FCST_ACT_MW",3,1,318.97159,"ACTUAL",2
"27","2019-05-17",16,0,"2019-05-17T22:00:00-00:00","2019-05-17T23:00:00-00:00","NP15","Wind","Renewable Forecast Actual Generation","RENEW_FCST_ACT_MW",3,1,341.83538,"ACTUAL",2
"28","2019-05-17",15,0,"2019-05-17T21:00:00-00:00","2019-05-17T22:00:00-00:00","NP15","Wind","Renewable Forecast Actual Generation","RENEW_FCST_ACT_MW",3,1,298.21339,"ACTUAL",2
"29","2019-05-17",14,0,"2019-05-17T20:00:00-00:00","2019-05-17T21:00:00-00:00","NP15","Wind","Renewable Forecast Actual Generation","RENEW_FCST_ACT_MW",3,1,340.93829,"ACTUAL",2
"30","2019-05-17",13,0,"2019-05-17T19:00:00-00:00","2019-05-17T20:00:00-00:00","NP15","Wind","Renewable Forecast Actual Generation","RENEW_FCST_ACT_MW",3,1,391.47187,"ACTUAL",2
"31","2019-05-17",12,0,"2019-05-17T18:00:00-00:00","2019-05-17T19:00:00-00:00","NP15","Wind","Renewable Forecast Actual Generation","RENEW_FCST_ACT_MW",3,1,520.59193,"ACTUAL",2
"32","2019-05-17",11,0,"2019-05-17T17:00:00-00:00","2019-05-17T18:00:00-00:00","NP15","Wind","Renewable Forecast Actual Generation","RENEW_FCST_ACT_MW",3,1,641.8339,"ACTUAL",2
"33","2019-05-17",10,0,"2019-05-17T16:00:00-00:00","2019-05-17T17:00:00-00:00","NP15","Wind","Renewable Forecast Actual Generation","RENEW_FCST_ACT_MW",3,1,707.75958,"ACTUAL",2
"34","2019-05-17",9,0,"2019-05-17T15:00:00-00:00","2019-05-17T16:00:00-00:00","NP15","Wind","Renewable Forecast Actual Generation","RENEW_FCST_ACT_MW",3,1,686.798,"ACTUAL",2
"35","2019-05-17",8,0,"2019-05-17T14:00:00-00:00","2019-05-17T15:00:00-00:00","NP15","Wind","Renewable Forecast Actual Generation","RENEW_FCST_ACT_MW",3,1,778.40606,"ACTUAL",2
"36","2019-05-17",7,0,"2019-05-17T13:00:00-00:00","2019-05-17T14:00:00-00:00","NP15","Wind","Renewable Forecast Actual Generation","RENEW_FCST_ACT_MW",3,1,804.27989,"ACTUAL",2
"37","2019-05-17",5,0,"2019-05-17T11:00:00-00:00","2019-05-17T12:00:00-00:00","NP15","Wind","Renewable Forecast Actual Generation","RENEW_FCST_ACT_MW",3,1,784.07563,"ACTUAL",2
"38","2019-05-17",4,0,"2019-05-17T10:00:00-00:00","2019-05-17T11:00:00-00:00","NP15","Wind","Renewable Forecast Actual Generation","RENEW_FCST_ACT_MW",3,1,575.00496,"ACTUAL",2
"39","2019-05-17",3,0,"2019-05-17T09:00:00-00:00","2019-05-17T10:00:00-00:00","NP15","Wind","Renewable Forecast Actual Generation","RENEW_FCST_ACT_MW",3,1,524.01222,"ACTUAL",2
"40","2019-05-17",2,0,"2019-05-17T08:00:00-00:00","2019-05-17T09:00:00-00:00","NP15","Wind","Renewable Forecast Actual Generation","RENEW_FCST_ACT_MW",3,1,678.9792,"ACTUAL",2
"41","2019-05-17",24,0,"2019-05-18T06:00:00-00:00","2019-05-18T07:00:00-00:00","NP15","Wind","Renewable Forecast Actual Generation","RENEW_FCST_ACT_MW",3,1,761.89187,"ACTUAL",2
"42","2019-05-17",23,0,"2019-05-18T05:00:00-00:00","2019-05-18T06:00:00-00:00","NP15","Wind","Renewable Forecast Actual Generation","RENEW_FCST_ACT_MW",3,1,749.83336,"ACTUAL",2
"43","2019-05-17",22,0,"2019-05-18T04:00:00-00:00","2019-05-18T05:00:00-00:00","NP15","Wind","Renewable Forecast Actual Generation","RENEW_FCST_ACT_MW",3,1,915.49041,"ACTUAL",2
"44","2019-05-17",21,0,"2019-05-18T03:00:00-00:00","2019-05-18T04:00:00-00:00","NP15","Wind","Renewable Forecast Actual Generation","RENEW_FCST_ACT_MW",3,1,785.23001,"ACTUAL",2
"45","2019-05-17",20,0,"2019-05-18T02:00:00-00:00","2019-05-18T03:00:00-00:00","NP15","Wind","Renewable Forecast Actual Generation","RENEW_FCST_ACT_MW",3,1,563.44173,"ACTUAL",2
"46","2019-05-17",19,0,"2019-05-18T01:00:00-00:00","2019-05-18T02:00:00-00:00","NP15","Wind","Renewable Forecast Actual Generation","RENEW_FCST_ACT_MW",3,1,631.41979,"ACTUAL",2
"47","2019-05-17",6,0,"2019-05-17T12:00:00-00:00","2019-05-17T13:00:00-00:00","SP15","Solar","Renewable Forecast Actual Generation","RENEW_FCST_ACT_MW",3,3,-22.9614,"ACTUAL",3
"48","2019-05-17",18,0,"2019-05-18T00:00:00-00:00","2019-05-18T01:00:00-00:00","SP15","Solar","Renewable Forecast Actual Generation","RENEW_FCST_ACT_MW",3,3,3459.83308,"ACTUAL",3
"49","2019-05-17",5,0,"2019-05-17T11:00:00-00:00","2019-05-17T12:00:00-00:00","SP15","Solar","Renewable Forecast Actual Generation","RENEW_FCST_ACT_MW",3,3,-32.27737,"ACTUAL",3
"50","2019-05-17",11,0,"2019-05-17T17:00:00-00:00","2019-05-17T18:00:00-00:00","SP15","Solar","Renewable Forecast Actual Generation","RENEW_FCST_ACT_MW",3,3,5220.39876,"ACTUAL",3
"51","2019-05-17",4,0,"2019-05-17T10:00:00-00:00","2019-05-17T11:00:00-00:00","SP15","Solar","Renewable Forecast Actual Generation","RENEW_FCST_ACT_MW",3,3,-32.2661,"ACTUAL",3
"52","2019-05-17",15,0,"2019-05-17T21:00:00-00:00","2019-05-17T22:00:00-00:00","SP15","Solar","Renewable Forecast Actual Generation","RENEW_FCST_ACT_MW",3,3,4994.27494,"ACTUAL",3
"53","2019-05-17",3,0,"2019-05-17T09:00:00-00:00","2019-05-17T10:00:00-00:00","SP15","Solar","Renewable Forecast Actual Generation","RENEW_FCST_ACT_MW",3,3,-32.353,"ACTUAL",3
"54","2019-05-17",10,0,"2019-05-17T16:00:00-00:00","2019-05-17T17:00:00-00:00","SP15","Solar","Renewable Forecast Actual Generation","RENEW_FCST_ACT_MW",3,3,4710.03792,"ACTUAL",3
"55","2019-05-17",2,0,"2019-05-17T08:00:00-00:00","2019-05-17T09:00:00-00:00","SP15","Solar","Renewable Forecast Actual Generation","RENEW_FCST_ACT_MW",3,3,-32.19846,"ACTUAL",3
"56","2019-05-17",13,0,"2019-05-17T19:00:00-00:00","2019-05-17T20:00:00-00:00","SP15","Solar","Renewable Forecast Actual Generation","RENEW_FCST_ACT_MW",3,3,5376.82344,"ACTUAL",3
"57","2019-05-17",24,0,"2019-05-18T06:00:00-00:00","2019-05-18T07:00:00-00:00","SP15","Solar","Renewable Forecast Actual Generation","RENEW_FCST_ACT_MW",3,3,-32.54289,"ACTUAL",3
"58","2019-05-17",9,0,"2019-05-17T15:00:00-00:00","2019-05-17T16:00:00-00:00","SP15","Solar","Renewable Forecast Actual Generation","RENEW_FCST_ACT_MW",3,3,3805.43942,"ACTUAL",3
"59","2019-05-17",23,0,"2019-05-18T05:00:00-00:00","2019-05-18T06:00:00-00:00","SP15","Solar","Renewable Forecast Actual Generation","RENEW_FCST_ACT_MW",3,3,-31.32857,"ACTUAL",3
"60","2019-05-17",16,0,"2019-05-17T22:00:00-00:00","2019-05-17T23:00:00-00:00","SP15","Solar","Renewable Forecast Actual Generation","RENEW_FCST_ACT_MW",3,3,4751.35207,"ACTUAL",3
"61","2019-05-17",22,0,"2019-05-18T04:00:00-00:00","2019-05-18T05:00:00-00:00","SP15","Solar","Renewable Forecast Actual Generation","RENEW_FCST_ACT_MW",3,3,-31.54969,"ACTUAL",3
"62","2019-05-17",8,0,"2019-05-17T14:00:00-00:00","2019-05-17T15:00:00-00:00","SP15","Solar","Renewable Forecast Actual Generation","RENEW_FCST_ACT_MW",3,3,2327.77493,"ACTUAL",3
"63","2019-05-17",21,0,"2019-05-18T03:00:00-00:00","2019-05-18T04:00:00-00:00","SP15","Solar","Renewable Forecast Actual Generation","RENEW_FCST_ACT_MW",3,3,-33.59067,"ACTUAL",3
"64","2019-05-17",12,0,"2019-05-17T18:00:00-00:00","2019-05-17T19:00:00-00:00","SP15","Solar","Renewable Forecast Actual Generation","RENEW_FCST_ACT_MW",3,3,5249.47775,"ACTUAL",3
"65","2019-05-17",20,0,"2019-05-18T02:00:00-00:00","2019-05-18T03:00:00-00:00","SP15","Solar","Renewable Forecast Actual Generation","RENEW_FCST_ACT_MW",3,3,269.66624,"ACTUAL",3
"66","2019-05-17",7,0,"2019-05-17T13:00:00-00:00","2019-05-17T14:00:00-00:00","SP15","Solar","Renewable Forecast Actual Generation","RENEW_FCST_ACT_MW",3,3,808.63762,"ACTUAL",3
"67","2019-05-17",19,0,"2019-05-18T01:00:00-00:00","2019-05-18T02:00:00-00:00","SP15","Solar","Renewable Forecast Actual Generation","RENEW_FCST_ACT_MW",3,3,2216.53481,"ACTUAL",3
"68","2019-05-17",14,0,"2019-05-17T20:00:00-00:00","2019-05-17T21:00:00-00:00","SP15","Solar","Renewable Forecast Actual Generation","RENEW_FCST_ACT_MW",3,3,5094.70527,"ACTUAL",3
"69","2019-05-17",17,0,"2019-05-17T23:00:00-00:00","2019-05-18T00:00:00-00:00","SP15","Solar","Renewable Forecast Actual Generation","RENEW_FCST_ACT_MW",3,3,4348.00187,"ACTUAL",3
"70","2019-05-17",18,0,"2019-05-18T00:00:00-00:00","2019-05-18T01:00:00-00:00","SP15","Wind","Renewable Forecast Actual Generation","RENEW_FCST_ACT_MW",3,1,3201.34648,"ACTUAL",4
"71","2019-05-17",19,0,"2019-05-18T01:00:00-00:00","2019-05-18T02:00:00-00:00","SP15","Wind","Renewable Forecast Actual Generation","RENEW_FCST_ACT_MW",3,1,2993.80063,"ACTUAL",4
"72","2019-05-17",20,0,"2019-05-18T02:00:00-00:00","2019-05-18T03:00:00-00:00","SP15","Wind","Renewable Forecast Actual Generation","RENEW_FCST_ACT_MW",3,1,3175.59025,"ACTUAL",4
"73","2019-05-17",21,0,"2019-05-18T03:00:00-00:00","2019-05-18T04:00:00-00:00","SP15","Wind","Renewable Forecast Actual Generation","RENEW_FCST_ACT_MW",3,1,2752.90807,"ACTUAL",4
"74","2019-05-17",22,0,"2019-05-18T04:00:00-00:00","2019-05-18T05:00:00-00:00","SP15","Wind","Renewable Forecast Actual Generation","RENEW_FCST_ACT_MW",3,1,2536.80039,"ACTUAL",4
"75","2019-05-17",23,0,"2019-05-18T05:00:00-00:00","2019-05-18T06:00:00-00:00","SP15","Wind","Renewable Forecast Actual Generation","RENEW_FCST_ACT_MW",3,1,2668.69267,"ACTUAL",4
"76","2019-05-17",24,0,"2019-05-18T06:00:00-00:00","2019-05-18T07:00:00-00:00","SP15","Wind","Renewable Forecast Actual Generation","RENEW_FCST_ACT_MW",3,1,2859.68345,"ACTUAL",4
"77","2019-05-17",2,0,"2019-05-17T08:00:00-00:00","2019-05-17T09:00:00-00:00","SP15","Wind","Renewable Forecast Actual Generation","RENEW_FCST_ACT_MW",3,1,2529.938,"ACTUAL",4
"78","2019-05-17",3,0,"2019-05-17T09:00:00-00:00","2019-05-17T10:00:00-00:00","SP15","Wind","Renewable Forecast Actual Generation","RENEW_FCST_ACT_MW",3,1,2619.09544,"ACTUAL",4
"79","2019-05-17",4,0,"2019-05-17T10:00:00-00:00","2019-05-17T11:00:00-00:00","SP15","Wind","Renewable Forecast Actual Generation","RENEW_FCST_ACT_MW",3,1,2312.0134,"ACTUAL",4
"80","2019-05-17",5,0,"2019-05-17T11:00:00-00:00","2019-05-17T12:00:00-00:00","SP15","Wind","Renewable Forecast Actual Generation","RENEW_FCST_ACT_MW",3,1,2211.34852,"ACTUAL",4
"81","2019-05-17",6,0,"2019-05-17T12:00:00-00:00","2019-05-17T13:00:00-00:00","SP15","Wind","Renewable Forecast Actual Generation","RENEW_FCST_ACT_MW",3,1,2363.64638,"ACTUAL",4
"82","2019-05-17",7,0,"2019-05-17T13:00:00-00:00","2019-05-17T14:00:00-00:00","SP15","Wind","Renewable Forecast Actual Generation","RENEW_FCST_ACT_MW",3,1,2523.69798,"ACTUAL",4
"83","2019-05-17",8,0,"2019-05-17T14:00:00-00:00","2019-05-17T15:00:00-00:00","SP15","Wind","Renewable Forecast Actual Generation","RENEW_FCST_ACT_MW",3,1,2467.15745,"ACTUAL",4
"84","2019-05-17",9,0,"2019-05-17T15:00:00-00:00","2019-05-17T16:00:00-00:00","SP15","Wind","Renewable Forecast Actual Generation","RENEW_FCST_ACT_MW",3,1,2449.61924,"ACTUAL",4
"85","2019-05-17",10,0,"2019-05-17T16:00:00-00:00","2019-05-17T17:00:00-00:00","SP15","Wind","Renewable Forecast Actual Generation","RENEW_FCST_ACT_MW",3,1,2488.4758,"ACTUAL",4
"86","2019-05-17",11,0,"2019-05-17T17:00:00-00:00","2019-05-17T18:00:00-00:00","SP15","Wind","Renewable Forecast Actual Generation","RENEW_FCST_ACT_MW",3,1,2553.71101,"ACTUAL",4
"87","2019-05-17",12,0,"2019-05-17T18:00:00-00:00","2019-05-17T19:00:00-00:00","SP15","Wind","Renewable Forecast Actual Generation","RENEW_FCST_ACT_MW",3,1,2618.51424,"ACTUAL",4
"88","2019-05-17",13,0,"2019-05-17T19:00:00-00:00","2019-05-17T20:00:00-00:00","SP15","Wind","Renewable Forecast Actual Generation","RENEW_FCST_ACT_MW",3,1,2966.31835,"ACTUAL",4
"89","2019-05-17",14,0,"2019-05-17T20:00:00-00:00","2019-05-17T21:00:00-00:00","SP15","Wind","Renewable Forecast Actual Generation","RENEW_FCST_ACT_MW",3,1,3107.38549,"ACTUAL",4
"90","2019-05-17",15,0,"2019-05-17T21:00:00-00:00","2019-05-17T22:00:00-00:00","SP15","Wind","Renewable Forecast Actual Generation","RENEW_FCST_ACT_MW",3,1,3134.74401,"ACTUAL",4
"91","2019-05-17",16,0,"2019-05-17T22:00:00-00:00","2019-05-17T23:00:00-00:00","SP15","Wind","Renewable Forecast Actual Generation","RENEW_FCST_ACT_MW",3,1,3140.79863,"ACTUAL",4
"92","2019-05-17",17,0,"2019-05-17T23:00:00-00:00","2019-05-18T00:00:00-00:00","SP15","Wind","Renewable Forecast Actual Generation","RENEW_FCST_ACT_MW",3,1,3360.46803,"ACTUAL",4
"93","2019-05-17",18,0,"2019-05-18T00:00:00-00:00","2019-05-18T01:00:00-00:00","ZP26","Solar","Renewable Forecast Actual Generation","RENEW_FCST_ACT_MW",3,3,813.088,"ACTUAL",5
"94","2019-05-17",17,0,"2019-05-17T23:00:00-00:00","2019-05-18T00:00:00-00:00","ZP26","Solar","Renewable Forecast Actual Generation","RENEW_FCST_ACT_MW",3,3,801.48381,"ACTUAL",5
"95","2019-05-17",20,0,"2019-05-18T02:00:00-00:00","2019-05-18T03:00:00-00:00","ZP26","Solar","Renewable Forecast Actual Generation","RENEW_FCST_ACT_MW",3,3,73.97174,"ACTUAL",5
"96","2019-05-17",21,0,"2019-05-18T03:00:00-00:00","2019-05-18T04:00:00-00:00","ZP26","Solar","Renewable Forecast Actual Generation","RENEW_FCST_ACT_MW",3,3,-5.15902,"ACTUAL",5
"97","2019-05-17",22,0,"2019-05-18T04:00:00-00:00","2019-05-18T05:00:00-00:00","ZP26","Solar","Renewable Forecast Actual Generation","RENEW_FCST_ACT_MW",3,3,-4.84511,"ACTUAL",5
"98","2019-05-17",23,0,"2019-05-18T05:00:00-00:00","2019-05-18T06:00:00-00:00","ZP26","Solar","Renewable Forecast Actual Generation","RENEW_FCST_ACT_MW",3,3,-4.84262,"ACTUAL",5
"99","2019-05-17",24,0,"2019-05-18T06:00:00-00:00","2019-05-18T07:00:00-00:00","ZP26","Solar","Renewable Forecast Actual Generation","RENEW_FCST_ACT_MW",3,3,-4.85624,"ACTUAL",5
"100","2019-05-17",2,0,"2019-05-17T08:00:00-00:00","2019-05-17T09:00:00-00:00","ZP26","Solar","Renewable Forecast Actual Generation","RENEW_FCST_ACT_MW",3,3,-4.65161,"ACTUAL",5
"101","2019-05-17",3,0,"2019-05-17T09:00:00-00:00","2019-05-17T10:00:00-00:00","ZP26","Solar","Renewable Forecast Actual Generation","RENEW_FCST_ACT_MW",3,3,-4.66514,"ACTUAL",5
"102","2019-05-17",4,0,"2019-05-17T10:00:00-00:00","2019-05-17T11:00:00-00:00","ZP26","Solar","Renewable Forecast Actual Generation","RENEW_FCST_ACT_MW",3,3,-4.72052,"ACTUAL",5
"103","2019-05-17",5,0,"2019-05-17T11:00:00-00:00","2019-05-17T12:00:00-00:00","ZP26","Solar","Renewable Forecast Actual Generation","RENEW_FCST_ACT_MW",3,3,-5.10164,"ACTUAL",5
"104","2019-05-17",6,0,"2019-05-17T12:00:00-00:00","2019-05-17T13:00:00-00:00","ZP26","Solar","Renewable Forecast Actual Generation","RENEW_FCST_ACT_MW",3,3,-5.07351,"ACTUAL",5
"105","2019-05-17",7,0,"2019-05-17T13:00:00-00:00","2019-05-17T14:00:00-00:00","ZP26","Solar","Renewable Forecast Actual Generation","RENEW_FCST_ACT_MW",3,3,104.13703,"ACTUAL",5
"106","2019-05-17",8,0,"2019-05-17T14:00:00-00:00","2019-05-17T15:00:00-00:00","ZP26","Solar","Renewable Forecast Actual Generation","RENEW_FCST_ACT_MW",3,3,424.17747,"ACTUAL",5
"107","2019-05-17",9,0,"2019-05-17T15:00:00-00:00","2019-05-17T16:00:00-00:00","ZP26","Solar","Renewable Forecast Actual Generation","RENEW_FCST_ACT_MW",3,3,950.56747,"ACTUAL",5
"108","2019-05-17",10,0,"2019-05-17T16:00:00-00:00","2019-05-17T17:00:00-00:00","ZP26","Solar","Renewable Forecast Actual Generation","RENEW_FCST_ACT_MW",3,3,1042.94356,"ACTUAL",5
"109","2019-05-17",11,0,"2019-05-17T17:00:00-00:00","2019-05-17T18:00:00-00:00","ZP26","Solar","Renewable Forecast Actual Generation","RENEW_FCST_ACT_MW",3,3,1188.02469,"ACTUAL",5
"110","2019-05-17",12,0,"2019-05-17T18:00:00-00:00","2019-05-17T19:00:00-00:00","ZP26","Solar","Renewable Forecast Actual Generation","RENEW_FCST_ACT_MW",3,3,1435.61562,"ACTUAL",5
"111","2019-05-17",13,0,"2019-05-17T19:00:00-00:00","2019-05-17T20:00:00-00:00","ZP26","Solar","Renewable Forecast Actual Generation","RENEW_FCST_ACT_MW",3,3,1444.50975,"ACTUAL",5
"112","2019-05-17",14,0,"2019-05-17T20:00:00-00:00","2019-05-17T21:00:00-00:00","ZP26","Solar","Renewable Forecast Actual Generation","RENEW_FCST_ACT_MW",3,3,1380.01689,"ACTUAL",5
"113","2019-05-17",15,0,"2019-05-17T21:00:00-00:00","2019-05-17T22:00:00-00:00","ZP26","Solar","Renewable Forecast Actual Generation","RENEW_FCST_ACT_MW",3,3,833.04646,"ACTUAL",5
"114","2019-05-17",16,0,"2019-05-17T22:00:00-00:00","2019-05-17T23:00:00-00:00","ZP26","Solar","Renewable Forecast Actual Generation","RENEW_FCST_ACT_MW",3,3,839.60602,"ACTUAL",5
"115","2019-05-17",19,0,"2019-05-18T01:00:00-00:00","2019-05-18T02:00:00-00:00","ZP26","Solar","Renewable Forecast Actual Generation","RENEW_FCST_ACT_MW",3,3,537.12545,"ACTUAL",5
"116","2019-05-18",1,0,"2019-05-18T07:00:00-00:00","2019-05-18T08:00:00-00:00","NP15","Solar","Renewable Forecast Actual Generation","RENEW_FCST_ACT_MW",3,3,-2.80512,"ACTUAL",6
"117","2019-05-18",1,0,"2019-05-18T07:00:00-00:00","2019-05-18T08:00:00-00:00","NP15","Wind","Renewable Forecast Actual Generation","RENEW_FCST_ACT_MW",3,1,834.46343,"ACTUAL",7
"118","2019-05-18",1,0,"2019-05-18T07:00:00-00:00","2019-05-18T08:00:00-00:00","SP15","Solar","Renewable Forecast Actual Generation","RENEW_FCST_ACT_MW",3,3,-31.97894,"ACTUAL",8
"119","2019-05-18",1,0,"2019-05-18T07:00:00-00:00","2019-05-18T08:00:00-00:00","SP15","Wind","Renewable Forecast Actual Generation","RENEW_FCST_ACT_MW",3,1,2659.89245,"ACTUAL",9
"120","2019-05-18",1,0,"2019-05-18T07:00:00-00:00","2019-05-18T08:00:00-00:00","ZP26","Solar","Renewable Forecast Actual Generation","RENEW_FCST_ACT_MW",3,3,-4.85261,"ACTUAL",10
