"","OPR_DT","OPR_HR","OPR_INTERVAL","INTERVALSTARTTIME_GMT","INTERVALENDTIME_GMT","TRADING_HUB","RENEWABLE_TYPE","LABEL","XML_DATA_ITEM","MARKET_RUN_ID_POS","RENEW_POS","MW","MARKET_RUN_ID","GROUP"
"1","2019-03-13",2,0,"2019-03-13T08:00:00-00:00","2019-03-13T09:00:00-00:00","NP15","Solar","Renewable Forecast Actual Generation","RENEW_FCST_ACT_MW",3,3,-3.05955,"ACTUAL",1
"2","2019-03-13",3,0,"2019-03-13T09:00:00-00:00","2019-03-13T10:00:00-00:00","NP15","Solar","Renewable Forecast Actual Generation","RENEW_FCST_ACT_MW",3,3,-3.31669,"ACTUAL",1
"3","2019-03-13",4,0,"2019-03-13T10:00:00-00:00","2019-03-13T11:00:00-00:00","NP15","Solar","Renewable Forecast Actual Generation","RENEW_FCST_ACT_MW",3,3,-3.34068,"ACTUAL",1
"4","2019-03-13",5,0,"2019-03-13T11:00:00-00:00","2019-03-13T12:00:00-00:00","NP15","Solar","Renewable Forecast Actual Generation","RENEW_FCST_ACT_MW",3,3,-3.33097,"ACTUAL",1
"5","2019-03-13",6,0,"2019-03-13T12:00:00-00:00","2019-03-13T13:00:00-00:00","NP15","Solar","Renewable Forecast Actual Generation","RENEW_FCST_ACT_MW",3,3,-3.32174,"ACTUAL",1
"6","2019-03-13",7,0,"2019-03-13T13:00:00-00:00","2019-03-13T14:00:00-00:00","NP15","Solar","Renewable Forecast Actual Generation","RENEW_FCST_ACT_MW",3,3,-3.33513,"ACTUAL",1
"7","2019-03-13",8,0,"2019-03-13T14:00:00-00:00","2019-03-13T15:00:00-00:00","NP15","Solar","Renewable Forecast Actual Generation","RENEW_FCST_ACT_MW",3,3,92.50611,"ACTUAL",1
"8","2019-03-13",9,0,"2019-03-13T15:00:00-00:00","2019-03-13T16:00:00-00:00","NP15","Solar","Renewable Forecast Actual Generation","RENEW_FCST_ACT_MW",3,3,863.13938,"ACTUAL",1
"9","2019-03-13",10,0,"2019-03-13T16:00:00-00:00","2019-03-13T17:00:00-00:00","NP15","Solar","Renewable Forecast Actual Generation","RENEW_FCST_ACT_MW",3,3,1355.95858,"ACTUAL",1
"10","2019-03-13",11,0,"2019-03-13T17:00:00-00:00","2019-03-13T18:00:00-00:00","NP15","Solar","Renewable Forecast Actual Generation","RENEW_FCST_ACT_MW",3,3,1396.72016,"ACTUAL",1
"11","2019-03-13",12,0,"2019-03-13T18:00:00-00:00","2019-03-13T19:00:00-00:00","NP15","Solar","Renewable Forecast Actual Generation","RENEW_FCST_ACT_MW",3,3,1383.47965,"ACTUAL",1
"12","2019-03-13",13,0,"2019-03-13T19:00:00-00:00","2019-03-13T20:00:00-00:00","NP15","Solar","Renewable Forecast Actual Generation","RENEW_FCST_ACT_MW",3,3,1373.26744,"ACTUAL",1
"13","2019-03-13",14,0,"2019-03-13T20:00:00-00:00","2019-03-13T21:00:00-00:00","NP15","Solar","Renewable Forecast Actual Generation","RENEW_FCST_ACT_MW",3,3,1369.8679,"ACTUAL",1
"14","2019-03-13",15,0,"2019-03-13T21:00:00-00:00","2019-03-13T22:00:00-00:00","NP15","Solar","Renewable Forecast Actual Generation","RENEW_FCST_ACT_MW",3,3,1395.90325,"ACTUAL",1
"15","2019-03-13",16,0,"2019-03-13T22:00:00-00:00","2019-03-13T23:00:00-00:00","NP15","Solar","Renewable Forecast Actual Generation","RENEW_FCST_ACT_MW",3,3,1423.32216,"ACTUAL",1
"16","2019-03-13",17,0,"2019-03-13T23:00:00-00:00","2019-03-14T00:00:00-00:00","NP15","Solar","Renewable Forecast Actual Generation","RENEW_FCST_ACT_MW",3,3,1389.5022,"ACTUAL",1
"17","2019-03-13",18,0,"2019-03-14T00:00:00-00:00","2019-03-14T01:00:00-00:00","NP15","Solar","Renewable Forecast Actual Generation","RENEW_FCST_ACT_MW",3,3,1090.74714,"ACTUAL",1
"18","2019-03-13",19,0,"2019-03-14T01:00:00-00:00","2019-03-14T02:00:00-00:00","NP15","Solar","Renewable Forecast Actual Generation","RENEW_FCST_ACT_MW",3,3,258.47587,"ACTUAL",1
"19","2019-03-13",20,0,"2019-03-14T02:00:00-00:00","2019-03-14T03:00:00-00:00","NP15","Solar","Renewable Forecast Actual Generation","RENEW_FCST_ACT_MW",3,3,-2.4739,"ACTUAL",1
"20","2019-03-13",21,0,"2019-03-14T03:00:00-00:00","2019-03-14T04:00:00-00:00","NP15","Solar","Renewable Forecast Actual Generation","RENEW_FCST_ACT_MW",3,3,-2.85128,"ACTUAL",1
"21","2019-03-13",22,0,"2019-03-14T04:00:00-00:00","2019-03-14T05:00:00-00:00","NP15","Solar","Renewable Forecast Actual Generation","RENEW_FCST_ACT_MW",3,3,-2.82181,"ACTUAL",1
"22","2019-03-13",23,0,"2019-03-14T05:00:00-00:00","2019-03-14T06:00:00-00:00","NP15","Solar","Renewable Forecast Actual Generation","RENEW_FCST_ACT_MW",3,3,-2.83797,"ACTUAL",1
"23","2019-03-13",24,0,"2019-03-14T06:00:00-00:00","2019-03-14T07:00:00-00:00","NP15","Solar","Renewable Forecast Actual Generation","RENEW_FCST_ACT_MW",3,3,-2.85083,"ACTUAL",1
"24","2019-03-13",18,0,"2019-03-14T00:00:00-00:00","2019-03-14T01:00:00-00:00","NP15","Wind","Renewable Forecast Actual Generation","RENEW_FCST_ACT_MW",3,1,429.31571,"ACTUAL",2
"25","2019-03-13",6,0,"2019-03-13T12:00:00-00:00","2019-03-13T13:00:00-00:00","NP15","Wind","Renewable Forecast Actual Generation","RENEW_FCST_ACT_MW",3,1,1243.00386,"ACTUAL",2
"26","2019-03-13",17,0,"2019-03-13T23:00:00-00:00","2019-03-14T00:00:00-00:00","NP15","Wind","Renewable Forecast Actual Generation","RENEW_FCST_ACT_MW",3,1,553.86228,"ACTUAL",2
"27","2019-03-13",16,0,"2019-03-13T22:00:00-00:00","2019-03-13T23:00:00-00:00","NP15","Wind","Renewable Forecast Actual Generation","RENEW_FCST_ACT_MW",3,1,618.65612,"ACTUAL",2
"28","2019-03-13",15,0,"2019-03-13T21:00:00-00:00","2019-03-13T22:00:00-00:00","NP15","Wind","Renewable Forecast Actual Generation","RENEW_FCST_ACT_MW",3,1,754.08821,"ACTUAL",2
"29","2019-03-13",14,0,"2019-03-13T20:00:00-00:00","2019-03-13T21:00:00-00:00","NP15","Wind","Renewable Forecast Actual Generation","RENEW_FCST_ACT_MW",3,1,933.80622,"ACTUAL",2
"30","2019-03-13",13,0,"2019-03-13T19:00:00-00:00","2019-03-13T20:00:00-00:00","NP15","Wind","Renewable Forecast Actual Generation","RENEW_FCST_ACT_MW",3,1,1103.14198,"ACTUAL",2
"31","2019-03-13",12,0,"2019-03-13T18:00:00-00:00","2019-03-13T19:00:00-00:00","NP15","Wind","Renewable Forecast Actual Generation","RENEW_FCST_ACT_MW",3,1,1182.46964,"ACTUAL",2
"32","2019-03-13",11,0,"2019-03-13T17:00:00-00:00","2019-03-13T18:00:00-00:00","NP15","Wind","Renewable Forecast Actual Generation","RENEW_FCST_ACT_MW",3,1,1211.05032,"ACTUAL",2
"33","2019-03-13",10,0,"2019-03-13T16:00:00-00:00","2019-03-13T17:00:00-00:00","NP15","Wind","Renewable Forecast Actual Generation","RENEW_FCST_ACT_MW",3,1,1153.65905,"ACTUAL",2
"34","2019-03-13",9,0,"2019-03-13T15:00:00-00:00","2019-03-13T16:00:00-00:00","NP15","Wind","Renewable Forecast Actual Generation","RENEW_FCST_ACT_MW",3,1,1129.29747,"ACTUAL",2
"35","2019-03-13",8,0,"2019-03-13T14:00:00-00:00","2019-03-13T15:00:00-00:00","NP15","Wind","Renewable Forecast Actual Generation","RENEW_FCST_ACT_MW",3,1,1130.75485,"ACTUAL",2
"36","2019-03-13",7,0,"2019-03-13T13:00:00-00:00","2019-03-13T14:00:00-00:00","NP15","Wind","Renewable Forecast Actual Generation","RENEW_FCST_ACT_MW",3,1,1149.91568,"ACTUAL",2
"37","2019-03-13",5,0,"2019-03-13T11:00:00-00:00","2019-03-13T12:00:00-00:00","NP15","Wind","Renewable Forecast Actual Generation","RENEW_FCST_ACT_MW",3,1,1225.10072,"ACTUAL",2
"38","2019-03-13",4,0,"2019-03-13T10:00:00-00:00","2019-03-13T11:00:00-00:00","NP15","Wind","Renewable Forecast Actual Generation","RENEW_FCST_ACT_MW",3,1,1170.66879,"ACTUAL",2
"39","2019-03-13",3,0,"2019-03-13T09:00:00-00:00","2019-03-13T10:00:00-00:00","NP15","Wind","Renewable Forecast Actual Generation","RENEW_FCST_ACT_MW",3,1,1128.85431,"ACTUAL",2
"40","2019-03-13",2,0,"2019-03-13T08:00:00-00:00","2019-03-13T09:00:00-00:00","NP15","Wind","Renewable Forecast Actual Generation","RENEW_FCST_ACT_MW",3,1,986.86613,"ACTUAL",2
"41","2019-03-13",24,0,"2019-03-14T06:00:00-00:00","2019-03-14T07:00:00-00:00","NP15","Wind","Renewable Forecast Actual Generation","RENEW_FCST_ACT_MW",3,1,517.5139,"ACTUAL",2
"42","2019-03-13",23,0,"2019-03-14T05:00:00-00:00","2019-03-14T06:00:00-00:00","NP15","Wind","Renewable Forecast Actual Generation","RENEW_FCST_ACT_MW",3,1,333.89142,"ACTUAL",2
"43","2019-03-13",22,0,"2019-03-14T04:00:00-00:00","2019-03-14T05:00:00-00:00","NP15","Wind","Renewable Forecast Actual Generation","RENEW_FCST_ACT_MW",3,1,234.06743,"ACTUAL",2
"44","2019-03-13",21,0,"2019-03-14T03:00:00-00:00","2019-03-14T04:00:00-00:00","NP15","Wind","Renewable Forecast Actual Generation","RENEW_FCST_ACT_MW",3,1,221.26585,"ACTUAL",2
"45","2019-03-13",20,0,"2019-03-14T02:00:00-00:00","2019-03-14T03:00:00-00:00","NP15","Wind","Renewable Forecast Actual Generation","RENEW_FCST_ACT_MW",3,1,174.13489,"ACTUAL",2
"46","2019-03-13",19,0,"2019-03-14T01:00:00-00:00","2019-03-14T02:00:00-00:00","NP15","Wind","Renewable Forecast Actual Generation","RENEW_FCST_ACT_MW",3,1,236.7819,"ACTUAL",2
"47","2019-03-13",6,0,"2019-03-13T12:00:00-00:00","2019-03-13T13:00:00-00:00","SP15","Solar","Renewable Forecast Actual Generation","RENEW_FCST_ACT_MW",3,3,-6.79678,"ACTUAL",3
"48","2019-03-13",18,0,"2019-03-14T00:00:00-00:00","2019-03-14T01:00:00-00:00","SP15","Solar","Renewable Forecast Actual Generation","RENEW_FCST_ACT_MW",3,3,3841.06911,"ACTUAL",3
"49","2019-03-13",5,0,"2019-03-13T11:00:00-00:00","2019-03-13T12:00:00-00:00","SP15","Solar","Renewable Forecast Actual Generation","RENEW_FCST_ACT_MW",3,3,-8.50901,"ACTUAL",3
"50","2019-03-13",11,0,"2019-03-13T17:00:00-00:00","2019-03-13T18:00:00-00:00","SP15","Solar","Renewable Forecast Actual Generation","RENEW_FCST_ACT_MW",3,3,6210.06031,"ACTUAL",3
"51","2019-03-13",4,0,"2019-03-13T10:00:00-00:00","2019-03-13T11:00:00-00:00","SP15","Solar","Renewable Forecast Actual Generation","RENEW_FCST_ACT_MW",3,3,-8.50253,"ACTUAL",3
"52","2019-03-13",15,0,"2019-03-13T21:00:00-00:00","2019-03-13T22:00:00-00:00","SP15","Solar","Renewable Forecast Actual Generation","RENEW_FCST_ACT_MW",3,3,6144.41429,"ACTUAL",3
"53","2019-03-13",3,0,"2019-03-13T09:00:00-00:00","2019-03-13T10:00:00-00:00","SP15","Solar","Renewable Forecast Actual Generation","RENEW_FCST_ACT_MW",3,3,-7.37747,"ACTUAL",3
"54","2019-03-13",10,0,"2019-03-13T16:00:00-00:00","2019-03-13T17:00:00-00:00","SP15","Solar","Renewable Forecast Actual Generation","RENEW_FCST_ACT_MW",3,3,5457.58134,"ACTUAL",3
"55","2019-03-13",2,0,"2019-03-13T08:00:00-00:00","2019-03-13T09:00:00-00:00","SP15","Solar","Renewable Forecast Actual Generation","RENEW_FCST_ACT_MW",3,3,-7.29807,"ACTUAL",3
"56","2019-03-13",13,0,"2019-03-13T19:00:00-00:00","2019-03-13T20:00:00-00:00","SP15","Solar","Renewable Forecast Actual Generation","RENEW_FCST_ACT_MW",3,3,5812.43638,"ACTUAL",3
"57","2019-03-13",24,0,"2019-03-14T06:00:00-00:00","2019-03-14T07:00:00-00:00","SP15","Solar","Renewable Forecast Actual Generation","RENEW_FCST_ACT_MW",3,3,-5.10334,"ACTUAL",3
"58","2019-03-13",9,0,"2019-03-13T15:00:00-00:00","2019-03-13T16:00:00-00:00","SP15","Solar","Renewable Forecast Actual Generation","RENEW_FCST_ACT_MW",3,3,3254.46977,"ACTUAL",3
"59","2019-03-13",23,0,"2019-03-14T05:00:00-00:00","2019-03-14T06:00:00-00:00","SP15","Solar","Renewable Forecast Actual Generation","RENEW_FCST_ACT_MW",3,3,-5.53659,"ACTUAL",3
"60","2019-03-13",16,0,"2019-03-13T22:00:00-00:00","2019-03-13T23:00:00-00:00","SP15","Solar","Renewable Forecast Actual Generation","RENEW_FCST_ACT_MW",3,3,6144.18669,"ACTUAL",3
"61","2019-03-13",22,0,"2019-03-14T04:00:00-00:00","2019-03-14T05:00:00-00:00","SP15","Solar","Renewable Forecast Actual Generation","RENEW_FCST_ACT_MW",3,3,-5.44002,"ACTUAL",3
"62","2019-03-13",8,0,"2019-03-13T14:00:00-00:00","2019-03-13T15:00:00-00:00","SP15","Solar","Renewable Forecast Actual Generation","RENEW_FCST_ACT_MW",3,3,655.63928,"ACTUAL",3
"63","2019-03-13",21,0,"2019-03-14T03:00:00-00:00","2019-03-14T04:00:00-00:00","SP15","Solar","Renewable Forecast Actual Generation","RENEW_FCST_ACT_MW",3,3,2.5555,"ACTUAL",3
"64","2019-03-13",12,0,"2019-03-13T18:00:00-00:00","2019-03-13T19:00:00-00:00","SP15","Solar","Renewable Forecast Actual Generation","RENEW_FCST_ACT_MW",3,3,6306.69624,"ACTUAL",3
"65","2019-03-13",20,0,"2019-03-14T02:00:00-00:00","2019-03-14T03:00:00-00:00","SP15","Solar","Renewable Forecast Actual Generation","RENEW_FCST_ACT_MW",3,3,98.90804,"ACTUAL",3
"66","2019-03-13",7,0,"2019-03-13T13:00:00-00:00","2019-03-13T14:00:00-00:00","SP15","Solar","Renewable Forecast Actual Generation","RENEW_FCST_ACT_MW",3,3,-7.36075,"ACTUAL",3
"67","2019-03-13",19,0,"2019-03-14T01:00:00-00:00","2019-03-14T02:00:00-00:00","SP15","Solar","Renewable Forecast Actual Generation","RENEW_FCST_ACT_MW",3,3,800.84173,"ACTUAL",3
"68","2019-03-13",14,0,"2019-03-13T20:00:00-00:00","2019-03-13T21:00:00-00:00","SP15","Solar","Renewable Forecast Actual Generation","RENEW_FCST_ACT_MW",3,3,6140.21364,"ACTUAL",3
"69","2019-03-13",17,0,"2019-03-13T23:00:00-00:00","2019-03-14T00:00:00-00:00","SP15","Solar","Renewable Forecast Actual Generation","RENEW_FCST_ACT_MW",3,3,5793.12442,"ACTUAL",3
"70","2019-03-13",18,0,"2019-03-14T00:00:00-00:00","2019-03-14T01:00:00-00:00","SP15","Wind","Renewable Forecast Actual Generation","RENEW_FCST_ACT_MW",3,1,1566.28355,"ACTUAL",4
"71","2019-03-13",19,0,"2019-03-14T01:00:00-00:00","2019-03-14T02:00:00-00:00","SP15","Wind","Renewable Forecast Actual Generation","RENEW_FCST_ACT_MW",3,1,1640.7582,"ACTUAL",4
"72","2019-03-13",20,0,"2019-03-14T02:00:00-00:00","2019-03-14T03:00:00-00:00","SP15","Wind","Renewable Forecast Actual Generation","RENEW_FCST_ACT_MW",3,1,1785.50528,"ACTUAL",4
"73","2019-03-13",21,0,"2019-03-14T03:00:00-00:00","2019-03-14T04:00:00-00:00","SP15","Wind","Renewable Forecast Actual Generation","RENEW_FCST_ACT_MW",3,1,1617.06519,"ACTUAL",4
"74","2019-03-13",22,0,"2019-03-14T04:00:00-00:00","2019-03-14T05:00:00-00:00","SP15","Wind","Renewable Forecast Actual Generation","RENEW_FCST_ACT_MW",3,1,1176.56163,"ACTUAL",4
"75","2019-03-13",23,0,"2019-03-14T05:00:00-00:00","2019-03-14T06:00:00-00:00","SP15","Wind","Renewable Forecast Actual Generation","RENEW_FCST_ACT_MW",3,1,597.40169,"ACTUAL",4
"76","2019-03-13",24,0,"2019-03-14T06:00:00-00:00","2019-03-14T07:00:00-00:00","SP15","Wind","Renewable Forecast Actual Generation","RENEW_FCST_ACT_MW",3,1,507.47439,"ACTUAL",4
"77","2019-03-13",2,0,"2019-03-13T08:00:00-00:00","2019-03-13T09:00:00-00:00","SP15","Wind","Renewable Forecast Actual Generation","RENEW_FCST_ACT_MW",3,1,1360.03946,"ACTUAL",4
"78","2019-03-13",3,0,"2019-03-13T09:00:00-00:00","2019-03-13T10:00:00-00:00","SP15","Wind","Renewable Forecast Actual Generation","RENEW_FCST_ACT_MW",3,1,1401.38101,"ACTUAL",4
"79","2019-03-13",4,0,"2019-03-13T10:00:00-00:00","2019-03-13T11:00:00-00:00","SP15","Wind","Renewable Forecast Actual Generation","RENEW_FCST_ACT_MW",3,1,1516.08525,"ACTUAL",4
"80","2019-03-13",5,0,"2019-03-13T11:00:00-00:00","2019-03-13T12:00:00-00:00","SP15","Wind","Renewable Forecast Actual Generation","RENEW_FCST_ACT_MW",3,1,1637.45915,"ACTUAL",4
"81","2019-03-13",6,0,"2019-03-13T12:00:00-00:00","2019-03-13T13:00:00-00:00","SP15","Wind","Renewable Forecast Actual Generation","RENEW_FCST_ACT_MW",3,1,1761.88096,"ACTUAL",4
"82","2019-03-13",7,0,"2019-03-13T13:00:00-00:00","2019-03-13T14:00:00-00:00","SP15","Wind","Renewable Forecast Actual Generation","RENEW_FCST_ACT_MW",3,1,2107.20366,"ACTUAL",4
"83","2019-03-13",8,0,"2019-03-13T14:00:00-00:00","2019-03-13T15:00:00-00:00","SP15","Wind","Renewable Forecast Actual Generation","RENEW_FCST_ACT_MW",3,1,2204.29815,"ACTUAL",4
"84","2019-03-13",9,0,"2019-03-13T15:00:00-00:00","2019-03-13T16:00:00-00:00","SP15","Wind","Renewable Forecast Actual Generation","RENEW_FCST_ACT_MW",3,1,2072.78314,"ACTUAL",4
"85","2019-03-13",10,0,"2019-03-13T16:00:00-00:00","2019-03-13T17:00:00-00:00","SP15","Wind","Renewable Forecast Actual Generation","RENEW_FCST_ACT_MW",3,1,1629.57611,"ACTUAL",4
"86","2019-03-13",11,0,"2019-03-13T17:00:00-00:00","2019-03-13T18:00:00-00:00","SP15","Wind","Renewable Forecast Actual Generation","RENEW_FCST_ACT_MW",3,1,1335.02672,"ACTUAL",4
"87","2019-03-13",12,0,"2019-03-13T18:00:00-00:00","2019-03-13T19:00:00-00:00","SP15","Wind","Renewable Forecast Actual Generation","RENEW_FCST_ACT_MW",3,1,1251.96974,"ACTUAL",4
"88","2019-03-13",13,0,"2019-03-13T19:00:00-00:00","2019-03-13T20:00:00-00:00","SP15","Wind","Renewable Forecast Actual Generation","RENEW_FCST_ACT_MW",3,1,1274.92123,"ACTUAL",4
"89","2019-03-13",14,0,"2019-03-13T20:00:00-00:00","2019-03-13T21:00:00-00:00","SP15","Wind","Renewable Forecast Actual Generation","RENEW_FCST_ACT_MW",3,1,1284.00264,"ACTUAL",4
"90","2019-03-13",15,0,"2019-03-13T21:00:00-00:00","2019-03-13T22:00:00-00:00","SP15","Wind","Renewable Forecast Actual Generation","RENEW_FCST_ACT_MW",3,1,1554.5809,"ACTUAL",4
"91","2019-03-13",16,0,"2019-03-13T22:00:00-00:00","2019-03-13T23:00:00-00:00","SP15","Wind","Renewable Forecast Actual Generation","RENEW_FCST_ACT_MW",3,1,1737.85554,"ACTUAL",4
"92","2019-03-13",17,0,"2019-03-13T23:00:00-00:00","2019-03-14T00:00:00-00:00","SP15","Wind","Renewable Forecast Actual Generation","RENEW_FCST_ACT_MW",3,1,1640.67343,"ACTUAL",4
"93","2019-03-13",18,0,"2019-03-14T00:00:00-00:00","2019-03-14T01:00:00-00:00","ZP26","Solar","Renewable Forecast Actual Generation","RENEW_FCST_ACT_MW",3,3,915.21692,"ACTUAL",5
"94","2019-03-13",17,0,"2019-03-13T23:00:00-00:00","2019-03-14T00:00:00-00:00","ZP26","Solar","Renewable Forecast Actual Generation","RENEW_FCST_ACT_MW",3,3,1309.46704,"ACTUAL",5
"95","2019-03-13",20,0,"2019-03-14T02:00:00-00:00","2019-03-14T03:00:00-00:00","ZP26","Solar","Renewable Forecast Actual Generation","RENEW_FCST_ACT_MW",3,3,-3.60799,"ACTUAL",5
"96","2019-03-13",21,0,"2019-03-14T03:00:00-00:00","2019-03-14T04:00:00-00:00","ZP26","Solar","Renewable Forecast Actual Generation","RENEW_FCST_ACT_MW",3,3,-3.75002,"ACTUAL",5
"97","2019-03-13",22,0,"2019-03-14T04:00:00-00:00","2019-03-14T05:00:00-00:00","ZP26","Solar","Renewable Forecast Actual Generation","RENEW_FCST_ACT_MW",3,3,-3.63069,"ACTUAL",5
"98","2019-03-13",23,0,"2019-03-14T05:00:00-00:00","2019-03-14T06:00:00-00:00","ZP26","Solar","Renewable Forecast Actual Generation","RENEW_FCST_ACT_MW",3,3,-3.65558,"ACTUAL",5
"99","2019-03-13",24,0,"2019-03-14T06:00:00-00:00","2019-03-14T07:00:00-00:00","ZP26","Solar","Renewable Forecast Actual Generation","RENEW_FCST_ACT_MW",3,3,-3.80178,"ACTUAL",5
"100","2019-03-13",2,0,"2019-03-13T08:00:00-00:00","2019-03-13T09:00:00-00:00","ZP26","Solar","Renewable Forecast Actual Generation","RENEW_FCST_ACT_MW",3,3,-3.80948,"ACTUAL",5
"101","2019-03-13",3,0,"2019-03-13T09:00:00-00:00","2019-03-13T10:00:00-00:00","ZP26","Solar","Renewable Forecast Actual Generation","RENEW_FCST_ACT_MW",3,3,-3.83055,"ACTUAL",5
"102","2019-03-13",4,0,"2019-03-13T10:00:00-00:00","2019-03-13T11:00:00-00:00","ZP26","Solar","Renewable Forecast Actual Generation","RENEW_FCST_ACT_MW",3,3,-3.82305,"ACTUAL",5
"103","2019-03-13",5,0,"2019-03-13T11:00:00-00:00","2019-03-13T12:00:00-00:00","ZP26","Solar","Renewable Forecast Actual Generation","RENEW_FCST_ACT_MW",3,3,-4.15932,"ACTUAL",5
"104","2019-03-13",6,0,"2019-03-13T12:00:00-00:00","2019-03-13T13:00:00-00:00","ZP26","Solar","Renewable Forecast Actual Generation","RENEW_FCST_ACT_MW",3,3,-4.2342,"ACTUAL",5
"105","2019-03-13",7,0,"2019-03-13T13:00:00-00:00","2019-03-13T14:00:00-00:00","ZP26","Solar","Renewable Forecast Actual Generation","RENEW_FCST_ACT_MW",3,3,-4.09232,"ACTUAL",5
"106","2019-03-13",8,0,"2019-03-13T14:00:00-00:00","2019-03-13T15:00:00-00:00","ZP26","Solar","Renewable Forecast Actual Generation","RENEW_FCST_ACT_MW",3,3,76.87886,"ACTUAL",5
"107","2019-03-13",9,0,"2019-03-13T15:00:00-00:00","2019-03-13T16:00:00-00:00","ZP26","Solar","Renewable Forecast Actual Generation","RENEW_FCST_ACT_MW",3,3,693.19144,"ACTUAL",5
"108","2019-03-13",10,0,"2019-03-13T16:00:00-00:00","2019-03-13T17:00:00-00:00","ZP26","Solar","Renewable Forecast Actual Generation","RENEW_FCST_ACT_MW",3,3,1259.34473,"ACTUAL",5
"109","2019-03-13",11,0,"2019-03-13T17:00:00-00:00","2019-03-13T18:00:00-00:00","ZP26","Solar","Renewable Forecast Actual Generation","RENEW_FCST_ACT_MW",3,3,1436.48167,"ACTUAL",5
"110","2019-03-13",12,0,"2019-03-13T18:00:00-00:00","2019-03-13T19:00:00-00:00","ZP26","Solar","Renewable Forecast Actual Generation","RENEW_FCST_ACT_MW",3,3,1495.88372,"ACTUAL",5
"111","2019-03-13",13,0,"2019-03-13T19:00:00-00:00","2019-03-13T20:00:00-00:00","ZP26","Solar","Renewable Forecast Actual Generation","RENEW_FCST_ACT_MW",3,3,1464.37438,"ACTUAL",5
"112","2019-03-13",14,0,"2019-03-13T20:00:00-00:00","2019-03-13T21:00:00-00:00","ZP26","Solar","Renewable Forecast Actual Generation","RENEW_FCST_ACT_MW",3,3,1479.27786,"ACTUAL",5
"113","2019-03-13",15,0,"2019-03-13T21:00:00-00:00","2019-03-13T22:00:00-00:00","ZP26","Solar","Renewable Forecast Actual Generation","RENEW_FCST_ACT_MW",3,3,1472.73523,"ACTUAL",5
"114","2019-03-13",16,0,"2019-03-13T22:00:00-00:00","2019-03-13T23:00:00-00:00","ZP26","Solar","Renewable Forecast Actual Generation","RENEW_FCST_ACT_MW",3,3,1432.83892,"ACTUAL",5
"115","2019-03-13",19,0,"2019-03-14T01:00:00-00:00","2019-03-14T02:00:00-00:00","ZP26","Solar","Renewable Forecast Actual Generation","RENEW_FCST_ACT_MW",3,3,213.59834,"ACTUAL",5
"116","2019-03-14",1,0,"2019-03-14T07:00:00-00:00","2019-03-14T08:00:00-00:00","NP15","Solar","Renewable Forecast Actual Generation","RENEW_FCST_ACT_MW",3,3,-2.9093,"ACTUAL",6
"117","2019-03-14",1,0,"2019-03-14T07:00:00-00:00","2019-03-14T08:00:00-00:00","NP15","Wind","Renewable Forecast Actual Generation","RENEW_FCST_ACT_MW",3,1,711.14497,"ACTUAL",7
"118","2019-03-14",1,0,"2019-03-14T07:00:00-00:00","2019-03-14T08:00:00-00:00","SP15","Solar","Renewable Forecast Actual Generation","RENEW_FCST_ACT_MW",3,3,-5.17805,"ACTUAL",8
"119","2019-03-14",1,0,"2019-03-14T07:00:00-00:00","2019-03-14T08:00:00-00:00","SP15","Wind","Renewable Forecast Actual Generation","RENEW_FCST_ACT_MW",3,1,583.5304,"ACTUAL",9
"120","2019-03-14",1,0,"2019-03-14T07:00:00-00:00","2019-03-14T08:00:00-00:00","ZP26","Solar","Renewable Forecast Actual Generation","RENEW_FCST_ACT_MW",3,3,-3.79413,"ACTUAL",10
