"","OPR_DT","OPR_HR","OPR_INTERVAL","INTERVALSTARTTIME_GMT","INTERVALENDTIME_GMT","TRADING_HUB","RENEWABLE_TYPE","LABEL","XML_DATA_ITEM","MARKET_RUN_ID_POS","RENEW_POS","MW","MARKET_RUN_ID","GROUP"
"1","2019-03-21",2,0,"2019-03-21T08:00:00-00:00","2019-03-21T09:00:00-00:00","NP15","Solar","Renewable Forecast Actual Generation","RENEW_FCST_ACT_MW",3,3,6.01211,"ACTUAL",1
"2","2019-03-21",3,0,"2019-03-21T09:00:00-00:00","2019-03-21T10:00:00-00:00","NP15","Solar","Renewable Forecast Actual Generation","RENEW_FCST_ACT_MW",3,3,5.99988,"ACTUAL",1
"3","2019-03-21",4,0,"2019-03-21T10:00:00-00:00","2019-03-21T11:00:00-00:00","NP15","Solar","Renewable Forecast Actual Generation","RENEW_FCST_ACT_MW",3,3,5.99311,"ACTUAL",1
"4","2019-03-21",5,0,"2019-03-21T11:00:00-00:00","2019-03-21T12:00:00-00:00","NP15","Solar","Renewable Forecast Actual Generation","RENEW_FCST_ACT_MW",3,3,5.99366,"ACTUAL",1
"5","2019-03-21",6,0,"2019-03-21T12:00:00-00:00","2019-03-21T13:00:00-00:00","NP15","Solar","Renewable Forecast Actual Generation","RENEW_FCST_ACT_MW",3,3,6.01392,"ACTUAL",1
"6","2019-03-21",7,0,"2019-03-21T13:00:00-00:00","2019-03-21T14:00:00-00:00","NP15","Solar","Renewable Forecast Actual Generation","RENEW_FCST_ACT_MW",3,3,5.97764,"ACTUAL",1
"7","2019-03-21",8,0,"2019-03-21T14:00:00-00:00","2019-03-21T15:00:00-00:00","NP15","Solar","Renewable Forecast Actual Generation","RENEW_FCST_ACT_MW",3,3,95.371,"ACTUAL",1
"8","2019-03-21",9,0,"2019-03-21T15:00:00-00:00","2019-03-21T16:00:00-00:00","NP15","Solar","Renewable Forecast Actual Generation","RENEW_FCST_ACT_MW",3,3,665.68255,"ACTUAL",1
"9","2019-03-21",10,0,"2019-03-21T16:00:00-00:00","2019-03-21T17:00:00-00:00","NP15","Solar","Renewable Forecast Actual Generation","RENEW_FCST_ACT_MW",3,3,1210.85219,"ACTUAL",1
"10","2019-03-21",11,0,"2019-03-21T17:00:00-00:00","2019-03-21T18:00:00-00:00","NP15","Solar","Renewable Forecast Actual Generation","RENEW_FCST_ACT_MW",3,3,1348.64965,"ACTUAL",1
"11","2019-03-21",12,0,"2019-03-21T18:00:00-00:00","2019-03-21T19:00:00-00:00","NP15","Solar","Renewable Forecast Actual Generation","RENEW_FCST_ACT_MW",3,3,1326.45,"ACTUAL",1
"12","2019-03-21",13,0,"2019-03-21T19:00:00-00:00","2019-03-21T20:00:00-00:00","NP15","Solar","Renewable Forecast Actual Generation","RENEW_FCST_ACT_MW",3,3,1234.66054,"ACTUAL",1
"13","2019-03-21",14,0,"2019-03-21T20:00:00-00:00","2019-03-21T21:00:00-00:00","NP15","Solar","Renewable Forecast Actual Generation","RENEW_FCST_ACT_MW",3,3,1153.5806,"ACTUAL",1
"14","2019-03-21",15,0,"2019-03-21T21:00:00-00:00","2019-03-21T22:00:00-00:00","NP15","Solar","Renewable Forecast Actual Generation","RENEW_FCST_ACT_MW",3,3,1081.62413,"ACTUAL",1
"15","2019-03-21",16,0,"2019-03-21T22:00:00-00:00","2019-03-21T23:00:00-00:00","NP15","Solar","Renewable Forecast Actual Generation","RENEW_FCST_ACT_MW",3,3,1042.43083,"ACTUAL",1
"16","2019-03-21",17,0,"2019-03-21T23:00:00-00:00","2019-03-22T00:00:00-00:00","NP15","Solar","Renewable Forecast Actual Generation","RENEW_FCST_ACT_MW",3,3,1086.78446,"ACTUAL",1
"17","2019-03-21",18,0,"2019-03-22T00:00:00-00:00","2019-03-22T01:00:00-00:00","NP15","Solar","Renewable Forecast Actual Generation","RENEW_FCST_ACT_MW",3,3,800.1283,"ACTUAL",1
"18","2019-03-21",19,0,"2019-03-22T01:00:00-00:00","2019-03-22T02:00:00-00:00","NP15","Solar","Renewable Forecast Actual Generation","RENEW_FCST_ACT_MW",3,3,262.56544,"ACTUAL",1
"19","2019-03-21",20,0,"2019-03-22T02:00:00-00:00","2019-03-22T03:00:00-00:00","NP15","Solar","Renewable Forecast Actual Generation","RENEW_FCST_ACT_MW",3,3,10.36222,"ACTUAL",1
"20","2019-03-21",21,0,"2019-03-22T03:00:00-00:00","2019-03-22T04:00:00-00:00","NP15","Solar","Renewable Forecast Actual Generation","RENEW_FCST_ACT_MW",3,3,7.97916,"ACTUAL",1
"21","2019-03-21",22,0,"2019-03-22T04:00:00-00:00","2019-03-22T05:00:00-00:00","NP15","Solar","Renewable Forecast Actual Generation","RENEW_FCST_ACT_MW",3,3,7.76283,"ACTUAL",1
"22","2019-03-21",23,0,"2019-03-22T05:00:00-00:00","2019-03-22T06:00:00-00:00","NP15","Solar","Renewable Forecast Actual Generation","RENEW_FCST_ACT_MW",3,3,7.76342,"ACTUAL",1
"23","2019-03-21",24,0,"2019-03-22T06:00:00-00:00","2019-03-22T07:00:00-00:00","NP15","Solar","Renewable Forecast Actual Generation","RENEW_FCST_ACT_MW",3,3,7.74779,"ACTUAL",1
"24","2019-03-21",18,0,"2019-03-22T00:00:00-00:00","2019-03-22T01:00:00-00:00","NP15","Wind","Renewable Forecast Actual Generation","RENEW_FCST_ACT_MW",3,1,532.18969,"ACTUAL",2
"25","2019-03-21",6,0,"2019-03-21T12:00:00-00:00","2019-03-21T13:00:00-00:00","NP15","Wind","Renewable Forecast Actual Generation","RENEW_FCST_ACT_MW",3,1,151.87286,"ACTUAL",2
"26","2019-03-21",17,0,"2019-03-21T23:00:00-00:00","2019-03-22T00:00:00-00:00","NP15","Wind","Renewable Forecast Actual Generation","RENEW_FCST_ACT_MW",3,1,256.18189,"ACTUAL",2
"27","2019-03-21",16,0,"2019-03-21T22:00:00-00:00","2019-03-21T23:00:00-00:00","NP15","Wind","Renewable Forecast Actual Generation","RENEW_FCST_ACT_MW",3,1,134.63341,"ACTUAL",2
"28","2019-03-21",15,0,"2019-03-21T21:00:00-00:00","2019-03-21T22:00:00-00:00","NP15","Wind","Renewable Forecast Actual Generation","RENEW_FCST_ACT_MW",3,1,72.11214,"ACTUAL",2
"29","2019-03-21",14,0,"2019-03-21T20:00:00-00:00","2019-03-21T21:00:00-00:00","NP15","Wind","Renewable Forecast Actual Generation","RENEW_FCST_ACT_MW",3,1,10.97962,"ACTUAL",2
"30","2019-03-21",13,0,"2019-03-21T19:00:00-00:00","2019-03-21T20:00:00-00:00","NP15","Wind","Renewable Forecast Actual Generation","RENEW_FCST_ACT_MW",3,1,-6.70192,"ACTUAL",2
"31","2019-03-21",12,0,"2019-03-21T18:00:00-00:00","2019-03-21T19:00:00-00:00","NP15","Wind","Renewable Forecast Actual Generation","RENEW_FCST_ACT_MW",3,1,-7.71592,"ACTUAL",2
"32","2019-03-21",11,0,"2019-03-21T17:00:00-00:00","2019-03-21T18:00:00-00:00","NP15","Wind","Renewable Forecast Actual Generation","RENEW_FCST_ACT_MW",3,1,-5.15154,"ACTUAL",2
"33","2019-03-21",10,0,"2019-03-21T16:00:00-00:00","2019-03-21T17:00:00-00:00","NP15","Wind","Renewable Forecast Actual Generation","RENEW_FCST_ACT_MW",3,1,28.14732,"ACTUAL",2
"34","2019-03-21",9,0,"2019-03-21T15:00:00-00:00","2019-03-21T16:00:00-00:00","NP15","Wind","Renewable Forecast Actual Generation","RENEW_FCST_ACT_MW",3,1,46.71518,"ACTUAL",2
"35","2019-03-21",8,0,"2019-03-21T14:00:00-00:00","2019-03-21T15:00:00-00:00","NP15","Wind","Renewable Forecast Actual Generation","RENEW_FCST_ACT_MW",3,1,58.68299,"ACTUAL",2
"36","2019-03-21",7,0,"2019-03-21T13:00:00-00:00","2019-03-21T14:00:00-00:00","NP15","Wind","Renewable Forecast Actual Generation","RENEW_FCST_ACT_MW",3,1,79.71166,"ACTUAL",2
"37","2019-03-21",5,0,"2019-03-21T11:00:00-00:00","2019-03-21T12:00:00-00:00","NP15","Wind","Renewable Forecast Actual Generation","RENEW_FCST_ACT_MW",3,1,157.35155,"ACTUAL",2
"38","2019-03-21",4,0,"2019-03-21T10:00:00-00:00","2019-03-21T11:00:00-00:00","NP15","Wind","Renewable Forecast Actual Generation","RENEW_FCST_ACT_MW",3,1,121.6047,"ACTUAL",2
"39","2019-03-21",3,0,"2019-03-21T09:00:00-00:00","2019-03-21T10:00:00-00:00","NP15","Wind","Renewable Forecast Actual Generation","RENEW_FCST_ACT_MW",3,1,97.84234,"ACTUAL",2
"40","2019-03-21",2,0,"2019-03-21T08:00:00-00:00","2019-03-21T09:00:00-00:00","NP15","Wind","Renewable Forecast Actual Generation","RENEW_FCST_ACT_MW",3,1,95.96933,"ACTUAL",2
"41","2019-03-21",24,0,"2019-03-22T06:00:00-00:00","2019-03-22T07:00:00-00:00","NP15","Wind","Renewable Forecast Actual Generation","RENEW_FCST_ACT_MW",3,1,773.77218,"ACTUAL",2
"42","2019-03-21",23,0,"2019-03-22T05:00:00-00:00","2019-03-22T06:00:00-00:00","NP15","Wind","Renewable Forecast Actual Generation","RENEW_FCST_ACT_MW",3,1,697.4994,"ACTUAL",2
"43","2019-03-21",22,0,"2019-03-22T04:00:00-00:00","2019-03-22T05:00:00-00:00","NP15","Wind","Renewable Forecast Actual Generation","RENEW_FCST_ACT_MW",3,1,512.87609,"ACTUAL",2
"44","2019-03-21",21,0,"2019-03-22T03:00:00-00:00","2019-03-22T04:00:00-00:00","NP15","Wind","Renewable Forecast Actual Generation","RENEW_FCST_ACT_MW",3,1,475.94266,"ACTUAL",2
"45","2019-03-21",20,0,"2019-03-22T02:00:00-00:00","2019-03-22T03:00:00-00:00","NP15","Wind","Renewable Forecast Actual Generation","RENEW_FCST_ACT_MW",3,1,394.32138,"ACTUAL",2
"46","2019-03-21",19,0,"2019-03-22T01:00:00-00:00","2019-03-22T02:00:00-00:00","NP15","Wind","Renewable Forecast Actual Generation","RENEW_FCST_ACT_MW",3,1,584.94629,"ACTUAL",2
"47","2019-03-21",6,0,"2019-03-21T12:00:00-00:00","2019-03-21T13:00:00-00:00","SP15","Solar","Renewable Forecast Actual Generation","RENEW_FCST_ACT_MW",3,3,-12.25993,"ACTUAL",3
"48","2019-03-21",18,0,"2019-03-22T00:00:00-00:00","2019-03-22T01:00:00-00:00","SP15","Solar","Renewable Forecast Actual Generation","RENEW_FCST_ACT_MW",3,3,2833.69705,"ACTUAL",3
"49","2019-03-21",5,0,"2019-03-21T11:00:00-00:00","2019-03-21T12:00:00-00:00","SP15","Solar","Renewable Forecast Actual Generation","RENEW_FCST_ACT_MW",3,3,-10.76064,"ACTUAL",3
"50","2019-03-21",11,0,"2019-03-21T17:00:00-00:00","2019-03-21T18:00:00-00:00","SP15","Solar","Renewable Forecast Actual Generation","RENEW_FCST_ACT_MW",3,3,5354.93564,"ACTUAL",3
"51","2019-03-21",4,0,"2019-03-21T10:00:00-00:00","2019-03-21T11:00:00-00:00","SP15","Solar","Renewable Forecast Actual Generation","RENEW_FCST_ACT_MW",3,3,-10.28586,"ACTUAL",3
"52","2019-03-21",15,0,"2019-03-21T21:00:00-00:00","2019-03-21T22:00:00-00:00","SP15","Solar","Renewable Forecast Actual Generation","RENEW_FCST_ACT_MW",3,3,5673.39274,"ACTUAL",3
"53","2019-03-21",3,0,"2019-03-21T09:00:00-00:00","2019-03-21T10:00:00-00:00","SP15","Solar","Renewable Forecast Actual Generation","RENEW_FCST_ACT_MW",3,3,-11.57598,"ACTUAL",3
"54","2019-03-21",10,0,"2019-03-21T16:00:00-00:00","2019-03-21T17:00:00-00:00","SP15","Solar","Renewable Forecast Actual Generation","RENEW_FCST_ACT_MW",3,3,4070.91717,"ACTUAL",3
"55","2019-03-21",2,0,"2019-03-21T08:00:00-00:00","2019-03-21T09:00:00-00:00","SP15","Solar","Renewable Forecast Actual Generation","RENEW_FCST_ACT_MW",3,3,-13.8634,"ACTUAL",3
"56","2019-03-21",13,0,"2019-03-21T19:00:00-00:00","2019-03-21T20:00:00-00:00","SP15","Solar","Renewable Forecast Actual Generation","RENEW_FCST_ACT_MW",3,3,5792.5337,"ACTUAL",3
"57","2019-03-21",24,0,"2019-03-22T06:00:00-00:00","2019-03-22T07:00:00-00:00","SP15","Solar","Renewable Forecast Actual Generation","RENEW_FCST_ACT_MW",3,3,-8.05749,"ACTUAL",3
"58","2019-03-21",9,0,"2019-03-21T15:00:00-00:00","2019-03-21T16:00:00-00:00","SP15","Solar","Renewable Forecast Actual Generation","RENEW_FCST_ACT_MW",3,3,2717.75185,"ACTUAL",3
"59","2019-03-21",23,0,"2019-03-22T05:00:00-00:00","2019-03-22T06:00:00-00:00","SP15","Solar","Renewable Forecast Actual Generation","RENEW_FCST_ACT_MW",3,3,-4.13035,"ACTUAL",3
"60","2019-03-21",16,0,"2019-03-21T22:00:00-00:00","2019-03-21T23:00:00-00:00","SP15","Solar","Renewable Forecast Actual Generation","RENEW_FCST_ACT_MW",3,3,5218.76854,"ACTUAL",3
"61","2019-03-21",22,0,"2019-03-22T04:00:00-00:00","2019-03-22T05:00:00-00:00","SP15","Solar","Renewable Forecast Actual Generation","RENEW_FCST_ACT_MW",3,3,-6.32125,"ACTUAL",3
"62","2019-03-21",8,0,"2019-03-21T14:00:00-00:00","2019-03-21T15:00:00-00:00","SP15","Solar","Renewable Forecast Actual Generation","RENEW_FCST_ACT_MW",3,3,688.78044,"ACTUAL",3
"63","2019-03-21",21,0,"2019-03-22T03:00:00-00:00","2019-03-22T04:00:00-00:00","SP15","Solar","Renewable Forecast Actual Generation","RENEW_FCST_ACT_MW",3,3,-10.30777,"ACTUAL",3
"64","2019-03-21",12,0,"2019-03-21T18:00:00-00:00","2019-03-21T19:00:00-00:00","SP15","Solar","Renewable Forecast Actual Generation","RENEW_FCST_ACT_MW",3,3,5984.8611,"ACTUAL",3
"65","2019-03-21",20,0,"2019-03-22T02:00:00-00:00","2019-03-22T03:00:00-00:00","SP15","Solar","Renewable Forecast Actual Generation","RENEW_FCST_ACT_MW",3,3,-18.2386,"ACTUAL",3
"66","2019-03-21",7,0,"2019-03-21T13:00:00-00:00","2019-03-21T14:00:00-00:00","SP15","Solar","Renewable Forecast Actual Generation","RENEW_FCST_ACT_MW",3,3,-5.68348,"ACTUAL",3
"67","2019-03-21",19,0,"2019-03-22T01:00:00-00:00","2019-03-22T02:00:00-00:00","SP15","Solar","Renewable Forecast Actual Generation","RENEW_FCST_ACT_MW",3,3,647.75051,"ACTUAL",3
"68","2019-03-21",14,0,"2019-03-21T20:00:00-00:00","2019-03-21T21:00:00-00:00","SP15","Solar","Renewable Forecast Actual Generation","RENEW_FCST_ACT_MW",3,3,5225.38325,"ACTUAL",3
"69","2019-03-21",17,0,"2019-03-21T23:00:00-00:00","2019-03-22T00:00:00-00:00","SP15","Solar","Renewable Forecast Actual Generation","RENEW_FCST_ACT_MW",3,3,4466.73805,"ACTUAL",3
"70","2019-03-21",18,0,"2019-03-22T00:00:00-00:00","2019-03-22T01:00:00-00:00","SP15","Wind","Renewable Forecast Actual Generation","RENEW_FCST_ACT_MW",3,1,2294.79991,"ACTUAL",4
"71","2019-03-21",19,0,"2019-03-22T01:00:00-00:00","2019-03-22T02:00:00-00:00","SP15","Wind","Renewable Forecast Actual Generation","RENEW_FCST_ACT_MW",3,1,2192.89363,"ACTUAL",4
"72","2019-03-21",20,0,"2019-03-22T02:00:00-00:00","2019-03-22T03:00:00-00:00","SP15","Wind","Renewable Forecast Actual Generation","RENEW_FCST_ACT_MW",3,1,2537.22776,"ACTUAL",4
"73","2019-03-21",21,0,"2019-03-22T03:00:00-00:00","2019-03-22T04:00:00-00:00","SP15","Wind","Renewable Forecast Actual Generation","RENEW_FCST_ACT_MW",3,1,2553.35058,"ACTUAL",4
"74","2019-03-21",22,0,"2019-03-22T04:00:00-00:00","2019-03-22T05:00:00-00:00","SP15","Wind","Renewable Forecast Actual Generation","RENEW_FCST_ACT_MW",3,1,2691.20254,"ACTUAL",4
"75","2019-03-21",23,0,"2019-03-22T05:00:00-00:00","2019-03-22T06:00:00-00:00","SP15","Wind","Renewable Forecast Actual Generation","RENEW_FCST_ACT_MW",3,1,2746.1522,"ACTUAL",4
"76","2019-03-21",24,0,"2019-03-22T06:00:00-00:00","2019-03-22T07:00:00-00:00","SP15","Wind","Renewable Forecast Actual Generation","RENEW_FCST_ACT_MW",3,1,2722.47331,"ACTUAL",4
"77","2019-03-21",2,0,"2019-03-21T08:00:00-00:00","2019-03-21T09:00:00-00:00","SP15","Wind","Renewable Forecast Actual Generation","RENEW_FCST_ACT_MW",3,1,1943.60962,"ACTUAL",4
"78","2019-03-21",3,0,"2019-03-21T09:00:00-00:00","2019-03-21T10:00:00-00:00","SP15","Wind","Renewable Forecast Actual Generation","RENEW_FCST_ACT_MW",3,1,1930.1564,"ACTUAL",4
"79","2019-03-21",4,0,"2019-03-21T10:00:00-00:00","2019-03-21T11:00:00-00:00","SP15","Wind","Renewable Forecast Actual Generation","RENEW_FCST_ACT_MW",3,1,1934.79766,"ACTUAL",4
"80","2019-03-21",5,0,"2019-03-21T11:00:00-00:00","2019-03-21T12:00:00-00:00","SP15","Wind","Renewable Forecast Actual Generation","RENEW_FCST_ACT_MW",3,1,1627.73862,"ACTUAL",4
"81","2019-03-21",6,0,"2019-03-21T12:00:00-00:00","2019-03-21T13:00:00-00:00","SP15","Wind","Renewable Forecast Actual Generation","RENEW_FCST_ACT_MW",3,1,1500.90538,"ACTUAL",4
"82","2019-03-21",7,0,"2019-03-21T13:00:00-00:00","2019-03-21T14:00:00-00:00","SP15","Wind","Renewable Forecast Actual Generation","RENEW_FCST_ACT_MW",3,1,1377.53778,"ACTUAL",4
"83","2019-03-21",8,0,"2019-03-21T14:00:00-00:00","2019-03-21T15:00:00-00:00","SP15","Wind","Renewable Forecast Actual Generation","RENEW_FCST_ACT_MW",3,1,1271.80651,"ACTUAL",4
"84","2019-03-21",9,0,"2019-03-21T15:00:00-00:00","2019-03-21T16:00:00-00:00","SP15","Wind","Renewable Forecast Actual Generation","RENEW_FCST_ACT_MW",3,1,1283.5211,"ACTUAL",4
"85","2019-03-21",10,0,"2019-03-21T16:00:00-00:00","2019-03-21T17:00:00-00:00","SP15","Wind","Renewable Forecast Actual Generation","RENEW_FCST_ACT_MW",3,1,1420.28578,"ACTUAL",4
"86","2019-03-21",11,0,"2019-03-21T17:00:00-00:00","2019-03-21T18:00:00-00:00","SP15","Wind","Renewable Forecast Actual Generation","RENEW_FCST_ACT_MW",3,1,1782.68842,"ACTUAL",4
"87","2019-03-21",12,0,"2019-03-21T18:00:00-00:00","2019-03-21T19:00:00-00:00","SP15","Wind","Renewable Forecast Actual Generation","RENEW_FCST_ACT_MW",3,1,1553.38947,"ACTUAL",4
"88","2019-03-21",13,0,"2019-03-21T19:00:00-00:00","2019-03-21T20:00:00-00:00","SP15","Wind","Renewable Forecast Actual Generation","RENEW_FCST_ACT_MW",3,1,1674.47925,"ACTUAL",4
"89","2019-03-21",14,0,"2019-03-21T20:00:00-00:00","2019-03-21T21:00:00-00:00","SP15","Wind","Renewable Forecast Actual Generation","RENEW_FCST_ACT_MW",3,1,2002.60671,"ACTUAL",4
"90","2019-03-21",15,0,"2019-03-21T21:00:00-00:00","2019-03-21T22:00:00-00:00","SP15","Wind","Renewable Forecast Actual Generation","RENEW_FCST_ACT_MW",3,1,2150.03088,"ACTUAL",4
"91","2019-03-21",16,0,"2019-03-21T22:00:00-00:00","2019-03-21T23:00:00-00:00","SP15","Wind","Renewable Forecast Actual Generation","RENEW_FCST_ACT_MW",3,1,2355.21691,"ACTUAL",4
"92","2019-03-21",17,0,"2019-03-21T23:00:00-00:00","2019-03-22T00:00:00-00:00","SP15","Wind","Renewable Forecast Actual Generation","RENEW_FCST_ACT_MW",3,1,2363.41101,"ACTUAL",4
"93","2019-03-21",18,0,"2019-03-22T00:00:00-00:00","2019-03-22T01:00:00-00:00","ZP26","Solar","Renewable Forecast Actual Generation","RENEW_FCST_ACT_MW",3,3,498.13242,"ACTUAL",5
"94","2019-03-21",17,0,"2019-03-21T23:00:00-00:00","2019-03-22T00:00:00-00:00","ZP26","Solar","Renewable Forecast Actual Generation","RENEW_FCST_ACT_MW",3,3,867.287,"ACTUAL",5
"95","2019-03-21",20,0,"2019-03-22T02:00:00-00:00","2019-03-22T03:00:00-00:00","ZP26","Solar","Renewable Forecast Actual Generation","RENEW_FCST_ACT_MW",3,3,-2.93743,"ACTUAL",5
"96","2019-03-21",21,0,"2019-03-22T03:00:00-00:00","2019-03-22T04:00:00-00:00","ZP26","Solar","Renewable Forecast Actual Generation","RENEW_FCST_ACT_MW",3,3,-3.60238,"ACTUAL",5
"97","2019-03-21",22,0,"2019-03-22T04:00:00-00:00","2019-03-22T05:00:00-00:00","ZP26","Solar","Renewable Forecast Actual Generation","RENEW_FCST_ACT_MW",3,3,-3.57338,"ACTUAL",5
"98","2019-03-21",23,0,"2019-03-22T05:00:00-00:00","2019-03-22T06:00:00-00:00","ZP26","Solar","Renewable Forecast Actual Generation","RENEW_FCST_ACT_MW",3,3,-3.56445,"ACTUAL",5
"99","2019-03-21",24,0,"2019-03-22T06:00:00-00:00","2019-03-22T07:00:00-00:00","ZP26","Solar","Renewable Forecast Actual Generation","RENEW_FCST_ACT_MW",3,3,-3.57457,"ACTUAL",5
"100","2019-03-21",2,0,"2019-03-21T08:00:00-00:00","2019-03-21T09:00:00-00:00","ZP26","Solar","Renewable Forecast Actual Generation","RENEW_FCST_ACT_MW",3,3,-3.58088,"ACTUAL",5
"101","2019-03-21",3,0,"2019-03-21T09:00:00-00:00","2019-03-21T10:00:00-00:00","ZP26","Solar","Renewable Forecast Actual Generation","RENEW_FCST_ACT_MW",3,3,-3.71762,"ACTUAL",5
"102","2019-03-21",4,0,"2019-03-21T10:00:00-00:00","2019-03-21T11:00:00-00:00","ZP26","Solar","Renewable Forecast Actual Generation","RENEW_FCST_ACT_MW",3,3,-3.75847,"ACTUAL",5
"103","2019-03-21",5,0,"2019-03-21T11:00:00-00:00","2019-03-21T12:00:00-00:00","ZP26","Solar","Renewable Forecast Actual Generation","RENEW_FCST_ACT_MW",3,3,-4.03125,"ACTUAL",5
"104","2019-03-21",6,0,"2019-03-21T12:00:00-00:00","2019-03-21T13:00:00-00:00","ZP26","Solar","Renewable Forecast Actual Generation","RENEW_FCST_ACT_MW",3,3,-4.05064,"ACTUAL",5
"105","2019-03-21",7,0,"2019-03-21T13:00:00-00:00","2019-03-21T14:00:00-00:00","ZP26","Solar","Renewable Forecast Actual Generation","RENEW_FCST_ACT_MW",3,3,-4.03874,"ACTUAL",5
"106","2019-03-21",8,0,"2019-03-21T14:00:00-00:00","2019-03-21T15:00:00-00:00","ZP26","Solar","Renewable Forecast Actual Generation","RENEW_FCST_ACT_MW",3,3,37.5543,"ACTUAL",5
"107","2019-03-21",9,0,"2019-03-21T15:00:00-00:00","2019-03-21T16:00:00-00:00","ZP26","Solar","Renewable Forecast Actual Generation","RENEW_FCST_ACT_MW",3,3,277.82994,"ACTUAL",5
"108","2019-03-21",10,0,"2019-03-21T16:00:00-00:00","2019-03-21T17:00:00-00:00","ZP26","Solar","Renewable Forecast Actual Generation","RENEW_FCST_ACT_MW",3,3,703.65511,"ACTUAL",5
"109","2019-03-21",11,0,"2019-03-21T17:00:00-00:00","2019-03-21T18:00:00-00:00","ZP26","Solar","Renewable Forecast Actual Generation","RENEW_FCST_ACT_MW",3,3,1037.94054,"ACTUAL",5
"110","2019-03-21",12,0,"2019-03-21T18:00:00-00:00","2019-03-21T19:00:00-00:00","ZP26","Solar","Renewable Forecast Actual Generation","RENEW_FCST_ACT_MW",3,3,1092.62859,"ACTUAL",5
"111","2019-03-21",13,0,"2019-03-21T19:00:00-00:00","2019-03-21T20:00:00-00:00","ZP26","Solar","Renewable Forecast Actual Generation","RENEW_FCST_ACT_MW",3,3,933.71409,"ACTUAL",5
"112","2019-03-21",14,0,"2019-03-21T20:00:00-00:00","2019-03-21T21:00:00-00:00","ZP26","Solar","Renewable Forecast Actual Generation","RENEW_FCST_ACT_MW",3,3,993.82662,"ACTUAL",5
"113","2019-03-21",15,0,"2019-03-21T21:00:00-00:00","2019-03-21T22:00:00-00:00","ZP26","Solar","Renewable Forecast Actual Generation","RENEW_FCST_ACT_MW",3,3,1039.91318,"ACTUAL",5
"114","2019-03-21",16,0,"2019-03-21T22:00:00-00:00","2019-03-21T23:00:00-00:00","ZP26","Solar","Renewable Forecast Actual Generation","RENEW_FCST_ACT_MW",3,3,891.18375,"ACTUAL",5
"115","2019-03-21",19,0,"2019-03-22T01:00:00-00:00","2019-03-22T02:00:00-00:00","ZP26","Solar","Renewable Forecast Actual Generation","RENEW_FCST_ACT_MW",3,3,135.54389,"ACTUAL",5
"116","2019-03-22",1,0,"2019-03-22T07:00:00-00:00","2019-03-22T08:00:00-00:00","NP15","Solar","Renewable Forecast Actual Generation","RENEW_FCST_ACT_MW",3,3,7.7279,"ACTUAL",6
"117","2019-03-22",1,0,"2019-03-22T07:00:00-00:00","2019-03-22T08:00:00-00:00","NP15","Wind","Renewable Forecast Actual Generation","RENEW_FCST_ACT_MW",3,1,693.78862,"ACTUAL",7
"118","2019-03-22",1,0,"2019-03-22T07:00:00-00:00","2019-03-22T08:00:00-00:00","SP15","Solar","Renewable Forecast Actual Generation","RENEW_FCST_ACT_MW",3,3,-7.30553,"ACTUAL",8
"119","2019-03-22",1,0,"2019-03-22T07:00:00-00:00","2019-03-22T08:00:00-00:00","SP15","Wind","Renewable Forecast Actual Generation","RENEW_FCST_ACT_MW",3,1,2411.74558,"ACTUAL",9
"120","2019-03-22",1,0,"2019-03-22T07:00:00-00:00","2019-03-22T08:00:00-00:00","ZP26","Solar","Renewable Forecast Actual Generation","RENEW_FCST_ACT_MW",3,3,-3.57819,"ACTUAL",10
