"","OPR_DT","OPR_HR","OPR_INTERVAL","INTERVALSTARTTIME_GMT","INTERVALENDTIME_GMT","TRADING_HUB","RENEWABLE_TYPE","LABEL","XML_DATA_ITEM","MARKET_RUN_ID_POS","RENEW_POS","MW","MARKET_RUN_ID","GROUP"
"1","2019-06-25",2,0,"2019-06-25T08:00:00-00:00","2019-06-25T09:00:00-00:00","NP15","Solar","Renewable Forecast Actual Generation","RENEW_FCST_ACT_MW",3,3,-2.63678,"ACTUAL",1
"2","2019-06-25",3,0,"2019-06-25T09:00:00-00:00","2019-06-25T10:00:00-00:00","NP15","Solar","Renewable Forecast Actual Generation","RENEW_FCST_ACT_MW",3,3,-2.64807,"ACTUAL",1
"3","2019-06-25",4,0,"2019-06-25T10:00:00-00:00","2019-06-25T11:00:00-00:00","NP15","Solar","Renewable Forecast Actual Generation","RENEW_FCST_ACT_MW",3,3,-2.64761,"ACTUAL",1
"4","2019-06-25",5,0,"2019-06-25T11:00:00-00:00","2019-06-25T12:00:00-00:00","NP15","Solar","Renewable Forecast Actual Generation","RENEW_FCST_ACT_MW",3,3,-2.65086,"ACTUAL",1
"5","2019-06-25",6,0,"2019-06-25T12:00:00-00:00","2019-06-25T13:00:00-00:00","NP15","Solar","Renewable Forecast Actual Generation","RENEW_FCST_ACT_MW",3,3,-1.35764,"ACTUAL",1
"6","2019-06-25",7,0,"2019-06-25T13:00:00-00:00","2019-06-25T14:00:00-00:00","NP15","Solar","Renewable Forecast Actual Generation","RENEW_FCST_ACT_MW",3,3,227.53795,"ACTUAL",1
"7","2019-06-25",8,0,"2019-06-25T14:00:00-00:00","2019-06-25T15:00:00-00:00","NP15","Solar","Renewable Forecast Actual Generation","RENEW_FCST_ACT_MW",3,3,870.78033,"ACTUAL",1
"8","2019-06-25",9,0,"2019-06-25T15:00:00-00:00","2019-06-25T16:00:00-00:00","NP15","Solar","Renewable Forecast Actual Generation","RENEW_FCST_ACT_MW",3,3,1169.076,"ACTUAL",1
"9","2019-06-25",10,0,"2019-06-25T16:00:00-00:00","2019-06-25T17:00:00-00:00","NP15","Solar","Renewable Forecast Actual Generation","RENEW_FCST_ACT_MW",3,3,1280.65015,"ACTUAL",1
"10","2019-06-25",11,0,"2019-06-25T17:00:00-00:00","2019-06-25T18:00:00-00:00","NP15","Solar","Renewable Forecast Actual Generation","RENEW_FCST_ACT_MW",3,3,1274.11694,"ACTUAL",1
"11","2019-06-25",12,0,"2019-06-25T18:00:00-00:00","2019-06-25T19:00:00-00:00","NP15","Solar","Renewable Forecast Actual Generation","RENEW_FCST_ACT_MW",3,3,1409.5389,"ACTUAL",1
"12","2019-06-25",13,0,"2019-06-25T19:00:00-00:00","2019-06-25T20:00:00-00:00","NP15","Solar","Renewable Forecast Actual Generation","RENEW_FCST_ACT_MW",3,3,1415.0983,"ACTUAL",1
"13","2019-06-25",14,0,"2019-06-25T20:00:00-00:00","2019-06-25T21:00:00-00:00","NP15","Solar","Renewable Forecast Actual Generation","RENEW_FCST_ACT_MW",3,3,1405.39291,"ACTUAL",1
"14","2019-06-25",15,0,"2019-06-25T21:00:00-00:00","2019-06-25T22:00:00-00:00","NP15","Solar","Renewable Forecast Actual Generation","RENEW_FCST_ACT_MW",3,3,1399.09872,"ACTUAL",1
"15","2019-06-25",16,0,"2019-06-25T22:00:00-00:00","2019-06-25T23:00:00-00:00","NP15","Solar","Renewable Forecast Actual Generation","RENEW_FCST_ACT_MW",3,3,1408.8045,"ACTUAL",1
"16","2019-06-25",17,0,"2019-06-25T23:00:00-00:00","2019-06-26T00:00:00-00:00","NP15","Solar","Renewable Forecast Actual Generation","RENEW_FCST_ACT_MW",3,3,1376.03006,"ACTUAL",1
"17","2019-06-25",18,0,"2019-06-26T00:00:00-00:00","2019-06-26T01:00:00-00:00","NP15","Solar","Renewable Forecast Actual Generation","RENEW_FCST_ACT_MW",3,3,1278.76993,"ACTUAL",1
"18","2019-06-25",19,0,"2019-06-26T01:00:00-00:00","2019-06-26T02:00:00-00:00","NP15","Solar","Renewable Forecast Actual Generation","RENEW_FCST_ACT_MW",3,3,974.31905,"ACTUAL",1
"19","2019-06-25",20,0,"2019-06-26T02:00:00-00:00","2019-06-26T03:00:00-00:00","NP15","Solar","Renewable Forecast Actual Generation","RENEW_FCST_ACT_MW",3,3,319.30738,"ACTUAL",1
"20","2019-06-25",21,0,"2019-06-26T03:00:00-00:00","2019-06-26T04:00:00-00:00","NP15","Solar","Renewable Forecast Actual Generation","RENEW_FCST_ACT_MW",3,3,3.89864,"ACTUAL",1
"21","2019-06-25",22,0,"2019-06-26T04:00:00-00:00","2019-06-26T05:00:00-00:00","NP15","Solar","Renewable Forecast Actual Generation","RENEW_FCST_ACT_MW",3,3,-2.47394,"ACTUAL",1
"22","2019-06-25",23,0,"2019-06-26T05:00:00-00:00","2019-06-26T06:00:00-00:00","NP15","Solar","Renewable Forecast Actual Generation","RENEW_FCST_ACT_MW",3,3,-2.40033,"ACTUAL",1
"23","2019-06-25",24,0,"2019-06-26T06:00:00-00:00","2019-06-26T07:00:00-00:00","NP15","Solar","Renewable Forecast Actual Generation","RENEW_FCST_ACT_MW",3,3,-2.43871,"ACTUAL",1
"24","2019-06-25",18,0,"2019-06-26T00:00:00-00:00","2019-06-26T01:00:00-00:00","NP15","Wind","Renewable Forecast Actual Generation","RENEW_FCST_ACT_MW",3,1,1075.86057,"ACTUAL",2
"25","2019-06-25",6,0,"2019-06-25T12:00:00-00:00","2019-06-25T13:00:00-00:00","NP15","Wind","Renewable Forecast Actual Generation","RENEW_FCST_ACT_MW",3,1,1002.98773,"ACTUAL",2
"26","2019-06-25",17,0,"2019-06-25T23:00:00-00:00","2019-06-26T00:00:00-00:00","NP15","Wind","Renewable Forecast Actual Generation","RENEW_FCST_ACT_MW",3,1,1077.29361,"ACTUAL",2
"27","2019-06-25",16,0,"2019-06-25T22:00:00-00:00","2019-06-25T23:00:00-00:00","NP15","Wind","Renewable Forecast Actual Generation","RENEW_FCST_ACT_MW",3,1,881.24676,"ACTUAL",2
"28","2019-06-25",15,0,"2019-06-25T21:00:00-00:00","2019-06-25T22:00:00-00:00","NP15","Wind","Renewable Forecast Actual Generation","RENEW_FCST_ACT_MW",3,1,823.37133,"ACTUAL",2
"29","2019-06-25",14,0,"2019-06-25T20:00:00-00:00","2019-06-25T21:00:00-00:00","NP15","Wind","Renewable Forecast Actual Generation","RENEW_FCST_ACT_MW",3,1,733.92658,"ACTUAL",2
"30","2019-06-25",13,0,"2019-06-25T19:00:00-00:00","2019-06-25T20:00:00-00:00","NP15","Wind","Renewable Forecast Actual Generation","RENEW_FCST_ACT_MW",3,1,686.64205,"ACTUAL",2
"31","2019-06-25",12,0,"2019-06-25T18:00:00-00:00","2019-06-25T19:00:00-00:00","NP15","Wind","Renewable Forecast Actual Generation","RENEW_FCST_ACT_MW",3,1,734.66459,"ACTUAL",2
"32","2019-06-25",11,0,"2019-06-25T17:00:00-00:00","2019-06-25T18:00:00-00:00","NP15","Wind","Renewable Forecast Actual Generation","RENEW_FCST_ACT_MW",3,1,757.89795,"ACTUAL",2
"33","2019-06-25",10,0,"2019-06-25T16:00:00-00:00","2019-06-25T17:00:00-00:00","NP15","Wind","Renewable Forecast Actual Generation","RENEW_FCST_ACT_MW",3,1,779.76295,"ACTUAL",2
"34","2019-06-25",9,0,"2019-06-25T15:00:00-00:00","2019-06-25T16:00:00-00:00","NP15","Wind","Renewable Forecast Actual Generation","RENEW_FCST_ACT_MW",3,1,817.88214,"ACTUAL",2
"35","2019-06-25",8,0,"2019-06-25T14:00:00-00:00","2019-06-25T15:00:00-00:00","NP15","Wind","Renewable Forecast Actual Generation","RENEW_FCST_ACT_MW",3,1,818.61442,"ACTUAL",2
"36","2019-06-25",7,0,"2019-06-25T13:00:00-00:00","2019-06-25T14:00:00-00:00","NP15","Wind","Renewable Forecast Actual Generation","RENEW_FCST_ACT_MW",3,1,902.81832,"ACTUAL",2
"37","2019-06-25",5,0,"2019-06-25T11:00:00-00:00","2019-06-25T12:00:00-00:00","NP15","Wind","Renewable Forecast Actual Generation","RENEW_FCST_ACT_MW",3,1,1112.51834,"ACTUAL",2
"38","2019-06-25",4,0,"2019-06-25T10:00:00-00:00","2019-06-25T11:00:00-00:00","NP15","Wind","Renewable Forecast Actual Generation","RENEW_FCST_ACT_MW",3,1,1047.21715,"ACTUAL",2
"39","2019-06-25",3,0,"2019-06-25T09:00:00-00:00","2019-06-25T10:00:00-00:00","NP15","Wind","Renewable Forecast Actual Generation","RENEW_FCST_ACT_MW",3,1,1065.7033,"ACTUAL",2
"40","2019-06-25",2,0,"2019-06-25T08:00:00-00:00","2019-06-25T09:00:00-00:00","NP15","Wind","Renewable Forecast Actual Generation","RENEW_FCST_ACT_MW",3,1,1078.75998,"ACTUAL",2
"41","2019-06-25",24,0,"2019-06-26T06:00:00-00:00","2019-06-26T07:00:00-00:00","NP15","Wind","Renewable Forecast Actual Generation","RENEW_FCST_ACT_MW",3,1,1180.73931,"ACTUAL",2
"42","2019-06-25",23,0,"2019-06-26T05:00:00-00:00","2019-06-26T06:00:00-00:00","NP15","Wind","Renewable Forecast Actual Generation","RENEW_FCST_ACT_MW",3,1,1205.89982,"ACTUAL",2
"43","2019-06-25",22,0,"2019-06-26T04:00:00-00:00","2019-06-26T05:00:00-00:00","NP15","Wind","Renewable Forecast Actual Generation","RENEW_FCST_ACT_MW",3,1,1156.26065,"ACTUAL",2
"44","2019-06-25",21,0,"2019-06-26T03:00:00-00:00","2019-06-26T04:00:00-00:00","NP15","Wind","Renewable Forecast Actual Generation","RENEW_FCST_ACT_MW",3,1,1091.04922,"ACTUAL",2
"45","2019-06-25",20,0,"2019-06-26T02:00:00-00:00","2019-06-26T03:00:00-00:00","NP15","Wind","Renewable Forecast Actual Generation","RENEW_FCST_ACT_MW",3,1,959.13613,"ACTUAL",2
"46","2019-06-25",19,0,"2019-06-26T01:00:00-00:00","2019-06-26T02:00:00-00:00","NP15","Wind","Renewable Forecast Actual Generation","RENEW_FCST_ACT_MW",3,1,1055.37779,"ACTUAL",2
"47","2019-06-25",6,0,"2019-06-25T12:00:00-00:00","2019-06-25T13:00:00-00:00","SP15","Solar","Renewable Forecast Actual Generation","RENEW_FCST_ACT_MW",3,3,18.96235,"ACTUAL",3
"48","2019-06-25",18,0,"2019-06-26T00:00:00-00:00","2019-06-26T01:00:00-00:00","SP15","Solar","Renewable Forecast Actual Generation","RENEW_FCST_ACT_MW",3,3,4726.38169,"ACTUAL",3
"49","2019-06-25",5,0,"2019-06-25T11:00:00-00:00","2019-06-25T12:00:00-00:00","SP15","Solar","Renewable Forecast Actual Generation","RENEW_FCST_ACT_MW",3,3,-5.93046,"ACTUAL",3
"50","2019-06-25",11,0,"2019-06-25T17:00:00-00:00","2019-06-25T18:00:00-00:00","SP15","Solar","Renewable Forecast Actual Generation","RENEW_FCST_ACT_MW",3,3,6258.54584,"ACTUAL",3
"51","2019-06-25",4,0,"2019-06-25T10:00:00-00:00","2019-06-25T11:00:00-00:00","SP15","Solar","Renewable Forecast Actual Generation","RENEW_FCST_ACT_MW",3,3,-4.57505,"ACTUAL",3
"52","2019-06-25",15,0,"2019-06-25T21:00:00-00:00","2019-06-25T22:00:00-00:00","SP15","Solar","Renewable Forecast Actual Generation","RENEW_FCST_ACT_MW",3,3,6233.96001,"ACTUAL",3
"53","2019-06-25",3,0,"2019-06-25T09:00:00-00:00","2019-06-25T10:00:00-00:00","SP15","Solar","Renewable Forecast Actual Generation","RENEW_FCST_ACT_MW",3,3,-5.05314,"ACTUAL",3
"54","2019-06-25",10,0,"2019-06-25T16:00:00-00:00","2019-06-25T17:00:00-00:00","SP15","Solar","Renewable Forecast Actual Generation","RENEW_FCST_ACT_MW",3,3,5980.5892,"ACTUAL",3
"55","2019-06-25",2,0,"2019-06-25T08:00:00-00:00","2019-06-25T09:00:00-00:00","SP15","Solar","Renewable Forecast Actual Generation","RENEW_FCST_ACT_MW",3,3,-5.19121,"ACTUAL",3
"56","2019-06-25",13,0,"2019-06-25T19:00:00-00:00","2019-06-25T20:00:00-00:00","SP15","Solar","Renewable Forecast Actual Generation","RENEW_FCST_ACT_MW",3,3,6134.53362,"ACTUAL",3
"57","2019-06-25",24,0,"2019-06-26T06:00:00-00:00","2019-06-26T07:00:00-00:00","SP15","Solar","Renewable Forecast Actual Generation","RENEW_FCST_ACT_MW",3,3,-0.55104,"ACTUAL",3
"58","2019-06-25",9,0,"2019-06-25T15:00:00-00:00","2019-06-25T16:00:00-00:00","SP15","Solar","Renewable Forecast Actual Generation","RENEW_FCST_ACT_MW",3,3,5168.74411,"ACTUAL",3
"59","2019-06-25",23,0,"2019-06-26T05:00:00-00:00","2019-06-26T06:00:00-00:00","SP15","Solar","Renewable Forecast Actual Generation","RENEW_FCST_ACT_MW",3,3,-1.51271,"ACTUAL",3
"60","2019-06-25",16,0,"2019-06-25T22:00:00-00:00","2019-06-25T23:00:00-00:00","SP15","Solar","Renewable Forecast Actual Generation","RENEW_FCST_ACT_MW",3,3,5850.91463,"ACTUAL",3
"61","2019-06-25",22,0,"2019-06-26T04:00:00-00:00","2019-06-26T05:00:00-00:00","SP15","Solar","Renewable Forecast Actual Generation","RENEW_FCST_ACT_MW",3,3,0.9835,"ACTUAL",3
"62","2019-06-25",8,0,"2019-06-25T14:00:00-00:00","2019-06-25T15:00:00-00:00","SP15","Solar","Renewable Forecast Actual Generation","RENEW_FCST_ACT_MW",3,3,3224.52202,"ACTUAL",3
"63","2019-06-25",21,0,"2019-06-26T03:00:00-00:00","2019-06-26T04:00:00-00:00","SP15","Solar","Renewable Forecast Actual Generation","RENEW_FCST_ACT_MW",3,3,5.09122,"ACTUAL",3
"64","2019-06-25",12,0,"2019-06-25T18:00:00-00:00","2019-06-25T19:00:00-00:00","SP15","Solar","Renewable Forecast Actual Generation","RENEW_FCST_ACT_MW",3,3,6641.73775,"ACTUAL",3
"65","2019-06-25",20,0,"2019-06-26T02:00:00-00:00","2019-06-26T03:00:00-00:00","SP15","Solar","Renewable Forecast Actual Generation","RENEW_FCST_ACT_MW",3,3,579.94615,"ACTUAL",3
"66","2019-06-25",7,0,"2019-06-25T13:00:00-00:00","2019-06-25T14:00:00-00:00","SP15","Solar","Renewable Forecast Actual Generation","RENEW_FCST_ACT_MW",3,3,1094.97852,"ACTUAL",3
"67","2019-06-25",19,0,"2019-06-26T01:00:00-00:00","2019-06-26T02:00:00-00:00","SP15","Solar","Renewable Forecast Actual Generation","RENEW_FCST_ACT_MW",3,3,2768.26406,"ACTUAL",3
"68","2019-06-25",14,0,"2019-06-25T20:00:00-00:00","2019-06-25T21:00:00-00:00","SP15","Solar","Renewable Forecast Actual Generation","RENEW_FCST_ACT_MW",3,3,6252.66534,"ACTUAL",3
"69","2019-06-25",17,0,"2019-06-25T23:00:00-00:00","2019-06-26T00:00:00-00:00","SP15","Solar","Renewable Forecast Actual Generation","RENEW_FCST_ACT_MW",3,3,5544.63923,"ACTUAL",3
"70","2019-06-25",18,0,"2019-06-26T00:00:00-00:00","2019-06-26T01:00:00-00:00","SP15","Wind","Renewable Forecast Actual Generation","RENEW_FCST_ACT_MW",3,1,1981.90356,"ACTUAL",4
"71","2019-06-25",19,0,"2019-06-26T01:00:00-00:00","2019-06-26T02:00:00-00:00","SP15","Wind","Renewable Forecast Actual Generation","RENEW_FCST_ACT_MW",3,1,2049.78254,"ACTUAL",4
"72","2019-06-25",20,0,"2019-06-26T02:00:00-00:00","2019-06-26T03:00:00-00:00","SP15","Wind","Renewable Forecast Actual Generation","RENEW_FCST_ACT_MW",3,1,1985.2505,"ACTUAL",4
"73","2019-06-25",21,0,"2019-06-26T03:00:00-00:00","2019-06-26T04:00:00-00:00","SP15","Wind","Renewable Forecast Actual Generation","RENEW_FCST_ACT_MW",3,1,1992.46465,"ACTUAL",4
"74","2019-06-25",22,0,"2019-06-26T04:00:00-00:00","2019-06-26T05:00:00-00:00","SP15","Wind","Renewable Forecast Actual Generation","RENEW_FCST_ACT_MW",3,1,1951.09429,"ACTUAL",4
"75","2019-06-25",23,0,"2019-06-26T05:00:00-00:00","2019-06-26T06:00:00-00:00","SP15","Wind","Renewable Forecast Actual Generation","RENEW_FCST_ACT_MW",3,1,1957.38229,"ACTUAL",4
"76","2019-06-25",24,0,"2019-06-26T06:00:00-00:00","2019-06-26T07:00:00-00:00","SP15","Wind","Renewable Forecast Actual Generation","RENEW_FCST_ACT_MW",3,1,2102.25431,"ACTUAL",4
"77","2019-06-25",2,0,"2019-06-25T08:00:00-00:00","2019-06-25T09:00:00-00:00","SP15","Wind","Renewable Forecast Actual Generation","RENEW_FCST_ACT_MW",3,1,1923.21281,"ACTUAL",4
"78","2019-06-25",3,0,"2019-06-25T09:00:00-00:00","2019-06-25T10:00:00-00:00","SP15","Wind","Renewable Forecast Actual Generation","RENEW_FCST_ACT_MW",3,1,1768.77959,"ACTUAL",4
"79","2019-06-25",4,0,"2019-06-25T10:00:00-00:00","2019-06-25T11:00:00-00:00","SP15","Wind","Renewable Forecast Actual Generation","RENEW_FCST_ACT_MW",3,1,1705.75509,"ACTUAL",4
"80","2019-06-25",5,0,"2019-06-25T11:00:00-00:00","2019-06-25T12:00:00-00:00","SP15","Wind","Renewable Forecast Actual Generation","RENEW_FCST_ACT_MW",3,1,1585.07417,"ACTUAL",4
"81","2019-06-25",6,0,"2019-06-25T12:00:00-00:00","2019-06-25T13:00:00-00:00","SP15","Wind","Renewable Forecast Actual Generation","RENEW_FCST_ACT_MW",3,1,1578.6305,"ACTUAL",4
"82","2019-06-25",7,0,"2019-06-25T13:00:00-00:00","2019-06-25T14:00:00-00:00","SP15","Wind","Renewable Forecast Actual Generation","RENEW_FCST_ACT_MW",3,1,1576.42797,"ACTUAL",4
"83","2019-06-25",8,0,"2019-06-25T14:00:00-00:00","2019-06-25T15:00:00-00:00","SP15","Wind","Renewable Forecast Actual Generation","RENEW_FCST_ACT_MW",3,1,1569.98621,"ACTUAL",4
"84","2019-06-25",9,0,"2019-06-25T15:00:00-00:00","2019-06-25T16:00:00-00:00","SP15","Wind","Renewable Forecast Actual Generation","RENEW_FCST_ACT_MW",3,1,1585.70597,"ACTUAL",4
"85","2019-06-25",10,0,"2019-06-25T16:00:00-00:00","2019-06-25T17:00:00-00:00","SP15","Wind","Renewable Forecast Actual Generation","RENEW_FCST_ACT_MW",3,1,1395.9283,"ACTUAL",4
"86","2019-06-25",11,0,"2019-06-25T17:00:00-00:00","2019-06-25T18:00:00-00:00","SP15","Wind","Renewable Forecast Actual Generation","RENEW_FCST_ACT_MW",3,1,1267.22126,"ACTUAL",4
"87","2019-06-25",12,0,"2019-06-25T18:00:00-00:00","2019-06-25T19:00:00-00:00","SP15","Wind","Renewable Forecast Actual Generation","RENEW_FCST_ACT_MW",3,1,1241.06474,"ACTUAL",4
"88","2019-06-25",13,0,"2019-06-25T19:00:00-00:00","2019-06-25T20:00:00-00:00","SP15","Wind","Renewable Forecast Actual Generation","RENEW_FCST_ACT_MW",3,1,1309.46014,"ACTUAL",4
"89","2019-06-25",14,0,"2019-06-25T20:00:00-00:00","2019-06-25T21:00:00-00:00","SP15","Wind","Renewable Forecast Actual Generation","RENEW_FCST_ACT_MW",3,1,1245.72384,"ACTUAL",4
"90","2019-06-25",15,0,"2019-06-25T21:00:00-00:00","2019-06-25T22:00:00-00:00","SP15","Wind","Renewable Forecast Actual Generation","RENEW_FCST_ACT_MW",3,1,1573.48549,"ACTUAL",4
"91","2019-06-25",16,0,"2019-06-25T22:00:00-00:00","2019-06-25T23:00:00-00:00","SP15","Wind","Renewable Forecast Actual Generation","RENEW_FCST_ACT_MW",3,1,1682.87199,"ACTUAL",4
"92","2019-06-25",17,0,"2019-06-25T23:00:00-00:00","2019-06-26T00:00:00-00:00","SP15","Wind","Renewable Forecast Actual Generation","RENEW_FCST_ACT_MW",3,1,1828.9898,"ACTUAL",4
"93","2019-06-25",18,0,"2019-06-26T00:00:00-00:00","2019-06-26T01:00:00-00:00","ZP26","Solar","Renewable Forecast Actual Generation","RENEW_FCST_ACT_MW",3,3,1120.12932,"ACTUAL",5
"94","2019-06-25",17,0,"2019-06-25T23:00:00-00:00","2019-06-26T00:00:00-00:00","ZP26","Solar","Renewable Forecast Actual Generation","RENEW_FCST_ACT_MW",3,3,1321.05365,"ACTUAL",5
"95","2019-06-25",20,0,"2019-06-26T02:00:00-00:00","2019-06-26T03:00:00-00:00","ZP26","Solar","Renewable Forecast Actual Generation","RENEW_FCST_ACT_MW",3,3,173.9985,"ACTUAL",5
"96","2019-06-25",21,0,"2019-06-26T03:00:00-00:00","2019-06-26T04:00:00-00:00","ZP26","Solar","Renewable Forecast Actual Generation","RENEW_FCST_ACT_MW",3,3,-2.93772,"ACTUAL",5
"97","2019-06-25",22,0,"2019-06-26T04:00:00-00:00","2019-06-26T05:00:00-00:00","ZP26","Solar","Renewable Forecast Actual Generation","RENEW_FCST_ACT_MW",3,3,-4.38582,"ACTUAL",5
"98","2019-06-25",23,0,"2019-06-26T05:00:00-00:00","2019-06-26T06:00:00-00:00","ZP26","Solar","Renewable Forecast Actual Generation","RENEW_FCST_ACT_MW",3,3,-4.40114,"ACTUAL",5
"99","2019-06-25",24,0,"2019-06-26T06:00:00-00:00","2019-06-26T07:00:00-00:00","ZP26","Solar","Renewable Forecast Actual Generation","RENEW_FCST_ACT_MW",3,3,-4.35957,"ACTUAL",5
"100","2019-06-25",2,0,"2019-06-25T08:00:00-00:00","2019-06-25T09:00:00-00:00","ZP26","Solar","Renewable Forecast Actual Generation","RENEW_FCST_ACT_MW",3,3,-4.40633,"ACTUAL",5
"101","2019-06-25",3,0,"2019-06-25T09:00:00-00:00","2019-06-25T10:00:00-00:00","ZP26","Solar","Renewable Forecast Actual Generation","RENEW_FCST_ACT_MW",3,3,-4.4475,"ACTUAL",5
"102","2019-06-25",4,0,"2019-06-25T10:00:00-00:00","2019-06-25T11:00:00-00:00","ZP26","Solar","Renewable Forecast Actual Generation","RENEW_FCST_ACT_MW",3,3,-4.42503,"ACTUAL",5
"103","2019-06-25",5,0,"2019-06-25T11:00:00-00:00","2019-06-25T12:00:00-00:00","ZP26","Solar","Renewable Forecast Actual Generation","RENEW_FCST_ACT_MW",3,3,-4.50251,"ACTUAL",5
"104","2019-06-25",6,0,"2019-06-25T12:00:00-00:00","2019-06-25T13:00:00-00:00","ZP26","Solar","Renewable Forecast Actual Generation","RENEW_FCST_ACT_MW",3,3,-3.62784,"ACTUAL",5
"105","2019-06-25",7,0,"2019-06-25T13:00:00-00:00","2019-06-25T14:00:00-00:00","ZP26","Solar","Renewable Forecast Actual Generation","RENEW_FCST_ACT_MW",3,3,148.92614,"ACTUAL",5
"106","2019-06-25",8,0,"2019-06-25T14:00:00-00:00","2019-06-25T15:00:00-00:00","ZP26","Solar","Renewable Forecast Actual Generation","RENEW_FCST_ACT_MW",3,3,646.7446,"ACTUAL",5
"107","2019-06-25",9,0,"2019-06-25T15:00:00-00:00","2019-06-25T16:00:00-00:00","ZP26","Solar","Renewable Forecast Actual Generation","RENEW_FCST_ACT_MW",3,3,1047.39667,"ACTUAL",5
"108","2019-06-25",10,0,"2019-06-25T16:00:00-00:00","2019-06-25T17:00:00-00:00","ZP26","Solar","Renewable Forecast Actual Generation","RENEW_FCST_ACT_MW",3,3,1305.32624,"ACTUAL",5
"109","2019-06-25",11,0,"2019-06-25T17:00:00-00:00","2019-06-25T18:00:00-00:00","ZP26","Solar","Renewable Forecast Actual Generation","RENEW_FCST_ACT_MW",3,3,1417.96598,"ACTUAL",5
"110","2019-06-25",12,0,"2019-06-25T18:00:00-00:00","2019-06-25T19:00:00-00:00","ZP26","Solar","Renewable Forecast Actual Generation","RENEW_FCST_ACT_MW",3,3,1447.8805,"ACTUAL",5
"111","2019-06-25",13,0,"2019-06-25T19:00:00-00:00","2019-06-25T20:00:00-00:00","ZP26","Solar","Renewable Forecast Actual Generation","RENEW_FCST_ACT_MW",3,3,1516.73688,"ACTUAL",5
"112","2019-06-25",14,0,"2019-06-25T20:00:00-00:00","2019-06-25T21:00:00-00:00","ZP26","Solar","Renewable Forecast Actual Generation","RENEW_FCST_ACT_MW",3,3,1528.86137,"ACTUAL",5
"113","2019-06-25",15,0,"2019-06-25T21:00:00-00:00","2019-06-25T22:00:00-00:00","ZP26","Solar","Renewable Forecast Actual Generation","RENEW_FCST_ACT_MW",3,3,1523.01182,"ACTUAL",5
"114","2019-06-25",16,0,"2019-06-25T22:00:00-00:00","2019-06-25T23:00:00-00:00","ZP26","Solar","Renewable Forecast Actual Generation","RENEW_FCST_ACT_MW",3,3,1459.58006,"ACTUAL",5
"115","2019-06-25",19,0,"2019-06-26T01:00:00-00:00","2019-06-26T02:00:00-00:00","ZP26","Solar","Renewable Forecast Actual Generation","RENEW_FCST_ACT_MW",3,3,701.02088,"ACTUAL",5
"116","2019-06-26",1,0,"2019-06-26T07:00:00-00:00","2019-06-26T08:00:00-00:00","NP15","Solar","Renewable Forecast Actual Generation","RENEW_FCST_ACT_MW",3,3,-2.6438,"ACTUAL",6
"117","2019-06-26",1,0,"2019-06-26T07:00:00-00:00","2019-06-26T08:00:00-00:00","NP15","Wind","Renewable Forecast Actual Generation","RENEW_FCST_ACT_MW",3,1,1156.49941,"ACTUAL",7
"118","2019-06-26",1,0,"2019-06-26T07:00:00-00:00","2019-06-26T08:00:00-00:00","SP15","Solar","Renewable Forecast Actual Generation","RENEW_FCST_ACT_MW",3,3,-0.26254,"ACTUAL",8
"119","2019-06-26",1,0,"2019-06-26T07:00:00-00:00","2019-06-26T08:00:00-00:00","SP15","Wind","Renewable Forecast Actual Generation","RENEW_FCST_ACT_MW",3,1,2404.3636,"ACTUAL",9
"120","2019-06-26",1,0,"2019-06-26T07:00:00-00:00","2019-06-26T08:00:00-00:00","ZP26","Solar","Renewable Forecast Actual Generation","RENEW_FCST_ACT_MW",3,3,-4.39116,"ACTUAL",10
