"","OPR_DT","OPR_HR","OPR_INTERVAL","INTERVALSTARTTIME_GMT","INTERVALENDTIME_GMT","TRADING_HUB","RENEWABLE_TYPE","LABEL","XML_DATA_ITEM","MARKET_RUN_ID_POS","RENEW_POS","MW","MARKET_RUN_ID","GROUP"
"1","2019-09-06",2,0,"2019-09-06T08:00:00-00:00","2019-09-06T09:00:00-00:00","NP15","Solar","Renewable Forecast Actual Generation","RENEW_FCST_ACT_MW",3,3,-3.60712,"ACTUAL",1
"2","2019-09-06",3,0,"2019-09-06T09:00:00-00:00","2019-09-06T10:00:00-00:00","NP15","Solar","Renewable Forecast Actual Generation","RENEW_FCST_ACT_MW",3,3,-3.62852,"ACTUAL",1
"3","2019-09-06",4,0,"2019-09-06T10:00:00-00:00","2019-09-06T11:00:00-00:00","NP15","Solar","Renewable Forecast Actual Generation","RENEW_FCST_ACT_MW",3,3,-3.60607,"ACTUAL",1
"4","2019-09-06",5,0,"2019-09-06T11:00:00-00:00","2019-09-06T12:00:00-00:00","NP15","Solar","Renewable Forecast Actual Generation","RENEW_FCST_ACT_MW",3,3,-3.55066,"ACTUAL",1
"5","2019-09-06",6,0,"2019-09-06T12:00:00-00:00","2019-09-06T13:00:00-00:00","NP15","Solar","Renewable Forecast Actual Generation","RENEW_FCST_ACT_MW",3,3,-3.56711,"ACTUAL",1
"6","2019-09-06",7,0,"2019-09-06T13:00:00-00:00","2019-09-06T14:00:00-00:00","NP15","Solar","Renewable Forecast Actual Generation","RENEW_FCST_ACT_MW",3,3,1.31465,"ACTUAL",1
"7","2019-09-06",8,0,"2019-09-06T14:00:00-00:00","2019-09-06T15:00:00-00:00","NP15","Solar","Renewable Forecast Actual Generation","RENEW_FCST_ACT_MW",3,3,338.01765,"ACTUAL",1
"8","2019-09-06",9,0,"2019-09-06T15:00:00-00:00","2019-09-06T16:00:00-00:00","NP15","Solar","Renewable Forecast Actual Generation","RENEW_FCST_ACT_MW",3,3,988.23935,"ACTUAL",1
"9","2019-09-06",10,0,"2019-09-06T16:00:00-00:00","2019-09-06T17:00:00-00:00","NP15","Solar","Renewable Forecast Actual Generation","RENEW_FCST_ACT_MW",3,3,1214.47856,"ACTUAL",1
"10","2019-09-06",11,0,"2019-09-06T17:00:00-00:00","2019-09-06T18:00:00-00:00","NP15","Solar","Renewable Forecast Actual Generation","RENEW_FCST_ACT_MW",3,3,1243.30193,"ACTUAL",1
"11","2019-09-06",12,0,"2019-09-06T18:00:00-00:00","2019-09-06T19:00:00-00:00","NP15","Solar","Renewable Forecast Actual Generation","RENEW_FCST_ACT_MW",3,3,1242.50455,"ACTUAL",1
"12","2019-09-06",13,0,"2019-09-06T19:00:00-00:00","2019-09-06T20:00:00-00:00","NP15","Solar","Renewable Forecast Actual Generation","RENEW_FCST_ACT_MW",3,3,1238.10948,"ACTUAL",1
"13","2019-09-06",14,0,"2019-09-06T20:00:00-00:00","2019-09-06T21:00:00-00:00","NP15","Solar","Renewable Forecast Actual Generation","RENEW_FCST_ACT_MW",3,3,1238.32331,"ACTUAL",1
"14","2019-09-06",15,0,"2019-09-06T21:00:00-00:00","2019-09-06T22:00:00-00:00","NP15","Solar","Renewable Forecast Actual Generation","RENEW_FCST_ACT_MW",3,3,1250.28239,"ACTUAL",1
"15","2019-09-06",16,0,"2019-09-06T22:00:00-00:00","2019-09-06T23:00:00-00:00","NP15","Solar","Renewable Forecast Actual Generation","RENEW_FCST_ACT_MW",3,3,1257.16058,"ACTUAL",1
"16","2019-09-06",17,0,"2019-09-06T23:00:00-00:00","2019-09-07T00:00:00-00:00","NP15","Solar","Renewable Forecast Actual Generation","RENEW_FCST_ACT_MW",3,3,1210.33005,"ACTUAL",1
"17","2019-09-06",18,0,"2019-09-07T00:00:00-00:00","2019-09-07T01:00:00-00:00","NP15","Solar","Renewable Forecast Actual Generation","RENEW_FCST_ACT_MW",3,3,964.62025,"ACTUAL",1
"18","2019-09-06",19,0,"2019-09-07T01:00:00-00:00","2019-09-07T02:00:00-00:00","NP15","Solar","Renewable Forecast Actual Generation","RENEW_FCST_ACT_MW",3,3,324.368,"ACTUAL",1
"19","2019-09-06",20,0,"2019-09-07T02:00:00-00:00","2019-09-07T03:00:00-00:00","NP15","Solar","Renewable Forecast Actual Generation","RENEW_FCST_ACT_MW",3,3,4.8136,"ACTUAL",1
"20","2019-09-06",21,0,"2019-09-07T03:00:00-00:00","2019-09-07T04:00:00-00:00","NP15","Solar","Renewable Forecast Actual Generation","RENEW_FCST_ACT_MW",3,3,-3.2907,"ACTUAL",1
"21","2019-09-06",22,0,"2019-09-07T04:00:00-00:00","2019-09-07T05:00:00-00:00","NP15","Solar","Renewable Forecast Actual Generation","RENEW_FCST_ACT_MW",3,3,-3.17953,"ACTUAL",1
"22","2019-09-06",23,0,"2019-09-07T05:00:00-00:00","2019-09-07T06:00:00-00:00","NP15","Solar","Renewable Forecast Actual Generation","RENEW_FCST_ACT_MW",3,3,-3.24245,"ACTUAL",1
"23","2019-09-06",24,0,"2019-09-07T06:00:00-00:00","2019-09-07T07:00:00-00:00","NP15","Solar","Renewable Forecast Actual Generation","RENEW_FCST_ACT_MW",3,3,-3.24514,"ACTUAL",1
"24","2019-09-06",18,0,"2019-09-07T00:00:00-00:00","2019-09-07T01:00:00-00:00","NP15","Wind","Renewable Forecast Actual Generation","RENEW_FCST_ACT_MW",3,1,370.32489,"ACTUAL",2
"25","2019-09-06",6,0,"2019-09-06T12:00:00-00:00","2019-09-06T13:00:00-00:00","NP15","Wind","Renewable Forecast Actual Generation","RENEW_FCST_ACT_MW",3,1,928.64533,"ACTUAL",2
"26","2019-09-06",17,0,"2019-09-06T23:00:00-00:00","2019-09-07T00:00:00-00:00","NP15","Wind","Renewable Forecast Actual Generation","RENEW_FCST_ACT_MW",3,1,483.8176,"ACTUAL",2
"27","2019-09-06",16,0,"2019-09-06T22:00:00-00:00","2019-09-06T23:00:00-00:00","NP15","Wind","Renewable Forecast Actual Generation","RENEW_FCST_ACT_MW",3,1,476.91068,"ACTUAL",2
"28","2019-09-06",15,0,"2019-09-06T21:00:00-00:00","2019-09-06T22:00:00-00:00","NP15","Wind","Renewable Forecast Actual Generation","RENEW_FCST_ACT_MW",3,1,489.88624,"ACTUAL",2
"29","2019-09-06",14,0,"2019-09-06T20:00:00-00:00","2019-09-06T21:00:00-00:00","NP15","Wind","Renewable Forecast Actual Generation","RENEW_FCST_ACT_MW",3,1,405.90274,"ACTUAL",2
"30","2019-09-06",13,0,"2019-09-06T19:00:00-00:00","2019-09-06T20:00:00-00:00","NP15","Wind","Renewable Forecast Actual Generation","RENEW_FCST_ACT_MW",3,1,341.83955,"ACTUAL",2
"31","2019-09-06",12,0,"2019-09-06T18:00:00-00:00","2019-09-06T19:00:00-00:00","NP15","Wind","Renewable Forecast Actual Generation","RENEW_FCST_ACT_MW",3,1,284.62433,"ACTUAL",2
"32","2019-09-06",11,0,"2019-09-06T17:00:00-00:00","2019-09-06T18:00:00-00:00","NP15","Wind","Renewable Forecast Actual Generation","RENEW_FCST_ACT_MW",3,1,409.46686,"ACTUAL",2
"33","2019-09-06",10,0,"2019-09-06T16:00:00-00:00","2019-09-06T17:00:00-00:00","NP15","Wind","Renewable Forecast Actual Generation","RENEW_FCST_ACT_MW",3,1,554.44458,"ACTUAL",2
"34","2019-09-06",9,0,"2019-09-06T15:00:00-00:00","2019-09-06T16:00:00-00:00","NP15","Wind","Renewable Forecast Actual Generation","RENEW_FCST_ACT_MW",3,1,718.28792,"ACTUAL",2
"35","2019-09-06",8,0,"2019-09-06T14:00:00-00:00","2019-09-06T15:00:00-00:00","NP15","Wind","Renewable Forecast Actual Generation","RENEW_FCST_ACT_MW",3,1,791.28813,"ACTUAL",2
"36","2019-09-06",7,0,"2019-09-06T13:00:00-00:00","2019-09-06T14:00:00-00:00","NP15","Wind","Renewable Forecast Actual Generation","RENEW_FCST_ACT_MW",3,1,873.54133,"ACTUAL",2
"37","2019-09-06",5,0,"2019-09-06T11:00:00-00:00","2019-09-06T12:00:00-00:00","NP15","Wind","Renewable Forecast Actual Generation","RENEW_FCST_ACT_MW",3,1,908.10196,"ACTUAL",2
"38","2019-09-06",4,0,"2019-09-06T10:00:00-00:00","2019-09-06T11:00:00-00:00","NP15","Wind","Renewable Forecast Actual Generation","RENEW_FCST_ACT_MW",3,1,884.9252,"ACTUAL",2
"39","2019-09-06",3,0,"2019-09-06T09:00:00-00:00","2019-09-06T10:00:00-00:00","NP15","Wind","Renewable Forecast Actual Generation","RENEW_FCST_ACT_MW",3,1,854.8162,"ACTUAL",2
"40","2019-09-06",2,0,"2019-09-06T08:00:00-00:00","2019-09-06T09:00:00-00:00","NP15","Wind","Renewable Forecast Actual Generation","RENEW_FCST_ACT_MW",3,1,879.69095,"ACTUAL",2
"41","2019-09-06",24,0,"2019-09-07T06:00:00-00:00","2019-09-07T07:00:00-00:00","NP15","Wind","Renewable Forecast Actual Generation","RENEW_FCST_ACT_MW",3,1,1058.34483,"ACTUAL",2
"42","2019-09-06",23,0,"2019-09-07T05:00:00-00:00","2019-09-07T06:00:00-00:00","NP15","Wind","Renewable Forecast Actual Generation","RENEW_FCST_ACT_MW",3,1,1103.5943,"ACTUAL",2
"43","2019-09-06",22,0,"2019-09-07T04:00:00-00:00","2019-09-07T05:00:00-00:00","NP15","Wind","Renewable Forecast Actual Generation","RENEW_FCST_ACT_MW",3,1,938.7784,"ACTUAL",2
"44","2019-09-06",21,0,"2019-09-07T03:00:00-00:00","2019-09-07T04:00:00-00:00","NP15","Wind","Renewable Forecast Actual Generation","RENEW_FCST_ACT_MW",3,1,925.12863,"ACTUAL",2
"45","2019-09-06",20,0,"2019-09-07T02:00:00-00:00","2019-09-07T03:00:00-00:00","NP15","Wind","Renewable Forecast Actual Generation","RENEW_FCST_ACT_MW",3,1,697.30618,"ACTUAL",2
"46","2019-09-06",19,0,"2019-09-07T01:00:00-00:00","2019-09-07T02:00:00-00:00","NP15","Wind","Renewable Forecast Actual Generation","RENEW_FCST_ACT_MW",3,1,416.01989,"ACTUAL",2
"47","2019-09-06",6,0,"2019-09-06T12:00:00-00:00","2019-09-06T13:00:00-00:00","SP15","Solar","Renewable Forecast Actual Generation","RENEW_FCST_ACT_MW",3,3,-3.4652,"ACTUAL",3
"48","2019-09-06",18,0,"2019-09-07T00:00:00-00:00","2019-09-07T01:00:00-00:00","SP15","Solar","Renewable Forecast Actual Generation","RENEW_FCST_ACT_MW",3,3,3543.91315,"ACTUAL",3
"49","2019-09-06",5,0,"2019-09-06T11:00:00-00:00","2019-09-06T12:00:00-00:00","SP15","Solar","Renewable Forecast Actual Generation","RENEW_FCST_ACT_MW",3,3,-2.60272,"ACTUAL",3
"50","2019-09-06",11,0,"2019-09-06T17:00:00-00:00","2019-09-06T18:00:00-00:00","SP15","Solar","Renewable Forecast Actual Generation","RENEW_FCST_ACT_MW",3,3,6663.15195,"ACTUAL",3
"51","2019-09-06",4,0,"2019-09-06T10:00:00-00:00","2019-09-06T11:00:00-00:00","SP15","Solar","Renewable Forecast Actual Generation","RENEW_FCST_ACT_MW",3,3,-2.31904,"ACTUAL",3
"52","2019-09-06",15,0,"2019-09-06T21:00:00-00:00","2019-09-06T22:00:00-00:00","SP15","Solar","Renewable Forecast Actual Generation","RENEW_FCST_ACT_MW",3,3,6401.17569,"ACTUAL",3
"53","2019-09-06",3,0,"2019-09-06T09:00:00-00:00","2019-09-06T10:00:00-00:00","SP15","Solar","Renewable Forecast Actual Generation","RENEW_FCST_ACT_MW",3,3,-1.58037,"ACTUAL",3
"54","2019-09-06",10,0,"2019-09-06T16:00:00-00:00","2019-09-06T17:00:00-00:00","SP15","Solar","Renewable Forecast Actual Generation","RENEW_FCST_ACT_MW",3,3,6143.77566,"ACTUAL",3
"55","2019-09-06",2,0,"2019-09-06T08:00:00-00:00","2019-09-06T09:00:00-00:00","SP15","Solar","Renewable Forecast Actual Generation","RENEW_FCST_ACT_MW",3,3,-1.56936,"ACTUAL",3
"56","2019-09-06",13,0,"2019-09-06T19:00:00-00:00","2019-09-06T20:00:00-00:00","SP15","Solar","Renewable Forecast Actual Generation","RENEW_FCST_ACT_MW",3,3,6706.94102,"ACTUAL",3
"57","2019-09-06",24,0,"2019-09-07T06:00:00-00:00","2019-09-07T07:00:00-00:00","SP15","Solar","Renewable Forecast Actual Generation","RENEW_FCST_ACT_MW",3,3,-2.98572,"ACTUAL",3
"58","2019-09-06",9,0,"2019-09-06T15:00:00-00:00","2019-09-06T16:00:00-00:00","SP15","Solar","Renewable Forecast Actual Generation","RENEW_FCST_ACT_MW",3,3,4791.87829,"ACTUAL",3
"59","2019-09-06",23,0,"2019-09-07T05:00:00-00:00","2019-09-07T06:00:00-00:00","SP15","Solar","Renewable Forecast Actual Generation","RENEW_FCST_ACT_MW",3,3,-2.6893,"ACTUAL",3
"60","2019-09-06",16,0,"2019-09-06T22:00:00-00:00","2019-09-06T23:00:00-00:00","SP15","Solar","Renewable Forecast Actual Generation","RENEW_FCST_ACT_MW",3,3,6216.25973,"ACTUAL",3
"61","2019-09-06",22,0,"2019-09-07T04:00:00-00:00","2019-09-07T05:00:00-00:00","SP15","Solar","Renewable Forecast Actual Generation","RENEW_FCST_ACT_MW",3,3,-2.88897,"ACTUAL",3
"62","2019-09-06",8,0,"2019-09-06T14:00:00-00:00","2019-09-06T15:00:00-00:00","SP15","Solar","Renewable Forecast Actual Generation","RENEW_FCST_ACT_MW",3,3,1976.46736,"ACTUAL",3
"63","2019-09-06",21,0,"2019-09-07T03:00:00-00:00","2019-09-07T04:00:00-00:00","SP15","Solar","Renewable Forecast Actual Generation","RENEW_FCST_ACT_MW",3,3,-3.5449,"ACTUAL",3
"64","2019-09-06",12,0,"2019-09-06T18:00:00-00:00","2019-09-06T19:00:00-00:00","SP15","Solar","Renewable Forecast Actual Generation","RENEW_FCST_ACT_MW",3,3,6905.47113,"ACTUAL",3
"65","2019-09-06",20,0,"2019-09-07T02:00:00-00:00","2019-09-07T03:00:00-00:00","SP15","Solar","Renewable Forecast Actual Generation","RENEW_FCST_ACT_MW",3,3,13.65898,"ACTUAL",3
"66","2019-09-06",7,0,"2019-09-06T13:00:00-00:00","2019-09-06T14:00:00-00:00","SP15","Solar","Renewable Forecast Actual Generation","RENEW_FCST_ACT_MW",3,3,109.3316,"ACTUAL",3
"67","2019-09-06",19,0,"2019-09-07T01:00:00-00:00","2019-09-07T02:00:00-00:00","SP15","Solar","Renewable Forecast Actual Generation","RENEW_FCST_ACT_MW",3,3,907.5228,"ACTUAL",3
"68","2019-09-06",14,0,"2019-09-06T20:00:00-00:00","2019-09-06T21:00:00-00:00","SP15","Solar","Renewable Forecast Actual Generation","RENEW_FCST_ACT_MW",3,3,6527.94297,"ACTUAL",3
"69","2019-09-06",17,0,"2019-09-06T23:00:00-00:00","2019-09-07T00:00:00-00:00","SP15","Solar","Renewable Forecast Actual Generation","RENEW_FCST_ACT_MW",3,3,5388.46164,"ACTUAL",3
"70","2019-09-06",18,0,"2019-09-07T00:00:00-00:00","2019-09-07T01:00:00-00:00","SP15","Wind","Renewable Forecast Actual Generation","RENEW_FCST_ACT_MW",3,1,2168.66425,"ACTUAL",4
"71","2019-09-06",19,0,"2019-09-07T01:00:00-00:00","2019-09-07T02:00:00-00:00","SP15","Wind","Renewable Forecast Actual Generation","RENEW_FCST_ACT_MW",3,1,2323.88624,"ACTUAL",4
"72","2019-09-06",20,0,"2019-09-07T02:00:00-00:00","2019-09-07T03:00:00-00:00","SP15","Wind","Renewable Forecast Actual Generation","RENEW_FCST_ACT_MW",3,1,2412.5403,"ACTUAL",4
"73","2019-09-06",21,0,"2019-09-07T03:00:00-00:00","2019-09-07T04:00:00-00:00","SP15","Wind","Renewable Forecast Actual Generation","RENEW_FCST_ACT_MW",3,1,2503.86125,"ACTUAL",4
"74","2019-09-06",22,0,"2019-09-07T04:00:00-00:00","2019-09-07T05:00:00-00:00","SP15","Wind","Renewable Forecast Actual Generation","RENEW_FCST_ACT_MW",3,1,2469.92865,"ACTUAL",4
"75","2019-09-06",23,0,"2019-09-07T05:00:00-00:00","2019-09-07T06:00:00-00:00","SP15","Wind","Renewable Forecast Actual Generation","RENEW_FCST_ACT_MW",3,1,2439.74814,"ACTUAL",4
"76","2019-09-06",24,0,"2019-09-07T06:00:00-00:00","2019-09-07T07:00:00-00:00","SP15","Wind","Renewable Forecast Actual Generation","RENEW_FCST_ACT_MW",3,1,2504.61475,"ACTUAL",4
"77","2019-09-06",2,0,"2019-09-06T08:00:00-00:00","2019-09-06T09:00:00-00:00","SP15","Wind","Renewable Forecast Actual Generation","RENEW_FCST_ACT_MW",3,1,991.92777,"ACTUAL",4
"78","2019-09-06",3,0,"2019-09-06T09:00:00-00:00","2019-09-06T10:00:00-00:00","SP15","Wind","Renewable Forecast Actual Generation","RENEW_FCST_ACT_MW",3,1,894.09359,"ACTUAL",4
"79","2019-09-06",4,0,"2019-09-06T10:00:00-00:00","2019-09-06T11:00:00-00:00","SP15","Wind","Renewable Forecast Actual Generation","RENEW_FCST_ACT_MW",3,1,865.139,"ACTUAL",4
"80","2019-09-06",5,0,"2019-09-06T11:00:00-00:00","2019-09-06T12:00:00-00:00","SP15","Wind","Renewable Forecast Actual Generation","RENEW_FCST_ACT_MW",3,1,681.24461,"ACTUAL",4
"81","2019-09-06",6,0,"2019-09-06T12:00:00-00:00","2019-09-06T13:00:00-00:00","SP15","Wind","Renewable Forecast Actual Generation","RENEW_FCST_ACT_MW",3,1,513.65263,"ACTUAL",4
"82","2019-09-06",7,0,"2019-09-06T13:00:00-00:00","2019-09-06T14:00:00-00:00","SP15","Wind","Renewable Forecast Actual Generation","RENEW_FCST_ACT_MW",3,1,445.07552,"ACTUAL",4
"83","2019-09-06",8,0,"2019-09-06T14:00:00-00:00","2019-09-06T15:00:00-00:00","SP15","Wind","Renewable Forecast Actual Generation","RENEW_FCST_ACT_MW",3,1,444.01402,"ACTUAL",4
"84","2019-09-06",9,0,"2019-09-06T15:00:00-00:00","2019-09-06T16:00:00-00:00","SP15","Wind","Renewable Forecast Actual Generation","RENEW_FCST_ACT_MW",3,1,384.06329,"ACTUAL",4
"85","2019-09-06",10,0,"2019-09-06T16:00:00-00:00","2019-09-06T17:00:00-00:00","SP15","Wind","Renewable Forecast Actual Generation","RENEW_FCST_ACT_MW",3,1,457.42623,"ACTUAL",4
"86","2019-09-06",11,0,"2019-09-06T17:00:00-00:00","2019-09-06T18:00:00-00:00","SP15","Wind","Renewable Forecast Actual Generation","RENEW_FCST_ACT_MW",3,1,489.51905,"ACTUAL",4
"87","2019-09-06",12,0,"2019-09-06T18:00:00-00:00","2019-09-06T19:00:00-00:00","SP15","Wind","Renewable Forecast Actual Generation","RENEW_FCST_ACT_MW",3,1,515.05847,"ACTUAL",4
"88","2019-09-06",13,0,"2019-09-06T19:00:00-00:00","2019-09-06T20:00:00-00:00","SP15","Wind","Renewable Forecast Actual Generation","RENEW_FCST_ACT_MW",3,1,702.71279,"ACTUAL",4
"89","2019-09-06",14,0,"2019-09-06T20:00:00-00:00","2019-09-06T21:00:00-00:00","SP15","Wind","Renewable Forecast Actual Generation","RENEW_FCST_ACT_MW",3,1,1002.91464,"ACTUAL",4
"90","2019-09-06",15,0,"2019-09-06T21:00:00-00:00","2019-09-06T22:00:00-00:00","SP15","Wind","Renewable Forecast Actual Generation","RENEW_FCST_ACT_MW",3,1,1445.59657,"ACTUAL",4
"91","2019-09-06",16,0,"2019-09-06T22:00:00-00:00","2019-09-06T23:00:00-00:00","SP15","Wind","Renewable Forecast Actual Generation","RENEW_FCST_ACT_MW",3,1,1746.68942,"ACTUAL",4
"92","2019-09-06",17,0,"2019-09-06T23:00:00-00:00","2019-09-07T00:00:00-00:00","SP15","Wind","Renewable Forecast Actual Generation","RENEW_FCST_ACT_MW",3,1,2064.80244,"ACTUAL",4
"93","2019-09-06",18,0,"2019-09-07T00:00:00-00:00","2019-09-07T01:00:00-00:00","ZP26","Solar","Renewable Forecast Actual Generation","RENEW_FCST_ACT_MW",3,3,962.27651,"ACTUAL",5
"94","2019-09-06",17,0,"2019-09-06T23:00:00-00:00","2019-09-07T00:00:00-00:00","ZP26","Solar","Renewable Forecast Actual Generation","RENEW_FCST_ACT_MW",3,3,1373.03188,"ACTUAL",5
"95","2019-09-06",20,0,"2019-09-07T02:00:00-00:00","2019-09-07T03:00:00-00:00","ZP26","Solar","Renewable Forecast Actual Generation","RENEW_FCST_ACT_MW",3,3,10.14879,"ACTUAL",5
"96","2019-09-06",21,0,"2019-09-07T03:00:00-00:00","2019-09-07T04:00:00-00:00","ZP26","Solar","Renewable Forecast Actual Generation","RENEW_FCST_ACT_MW",3,3,-5.2738,"ACTUAL",5
"97","2019-09-06",22,0,"2019-09-07T04:00:00-00:00","2019-09-07T05:00:00-00:00","ZP26","Solar","Renewable Forecast Actual Generation","RENEW_FCST_ACT_MW",3,3,-5.44417,"ACTUAL",5
"98","2019-09-06",23,0,"2019-09-07T05:00:00-00:00","2019-09-07T06:00:00-00:00","ZP26","Solar","Renewable Forecast Actual Generation","RENEW_FCST_ACT_MW",3,3,-5.41433,"ACTUAL",5
"99","2019-09-06",24,0,"2019-09-07T06:00:00-00:00","2019-09-07T07:00:00-00:00","ZP26","Solar","Renewable Forecast Actual Generation","RENEW_FCST_ACT_MW",3,3,-5.45608,"ACTUAL",5
"100","2019-09-06",2,0,"2019-09-06T08:00:00-00:00","2019-09-06T09:00:00-00:00","ZP26","Solar","Renewable Forecast Actual Generation","RENEW_FCST_ACT_MW",3,3,-5.45966,"ACTUAL",5
"101","2019-09-06",3,0,"2019-09-06T09:00:00-00:00","2019-09-06T10:00:00-00:00","ZP26","Solar","Renewable Forecast Actual Generation","RENEW_FCST_ACT_MW",3,3,-5.50394,"ACTUAL",5
"102","2019-09-06",4,0,"2019-09-06T10:00:00-00:00","2019-09-06T11:00:00-00:00","ZP26","Solar","Renewable Forecast Actual Generation","RENEW_FCST_ACT_MW",3,3,-5.5103,"ACTUAL",5
"103","2019-09-06",5,0,"2019-09-06T11:00:00-00:00","2019-09-06T12:00:00-00:00","ZP26","Solar","Renewable Forecast Actual Generation","RENEW_FCST_ACT_MW",3,3,-5.49819,"ACTUAL",5
"104","2019-09-06",6,0,"2019-09-06T12:00:00-00:00","2019-09-06T13:00:00-00:00","ZP26","Solar","Renewable Forecast Actual Generation","RENEW_FCST_ACT_MW",3,3,-5.33411,"ACTUAL",5
"105","2019-09-06",7,0,"2019-09-06T13:00:00-00:00","2019-09-06T14:00:00-00:00","ZP26","Solar","Renewable Forecast Actual Generation","RENEW_FCST_ACT_MW",3,3,0.95136,"ACTUAL",5
"106","2019-09-06",8,0,"2019-09-06T14:00:00-00:00","2019-09-06T15:00:00-00:00","ZP26","Solar","Renewable Forecast Actual Generation","RENEW_FCST_ACT_MW",3,3,321.11995,"ACTUAL",5
"107","2019-09-06",9,0,"2019-09-06T15:00:00-00:00","2019-09-06T16:00:00-00:00","ZP26","Solar","Renewable Forecast Actual Generation","RENEW_FCST_ACT_MW",3,3,980.29841,"ACTUAL",5
"108","2019-09-06",10,0,"2019-09-06T16:00:00-00:00","2019-09-06T17:00:00-00:00","ZP26","Solar","Renewable Forecast Actual Generation","RENEW_FCST_ACT_MW",3,3,1364.90372,"ACTUAL",5
"109","2019-09-06",11,0,"2019-09-06T17:00:00-00:00","2019-09-06T18:00:00-00:00","ZP26","Solar","Renewable Forecast Actual Generation","RENEW_FCST_ACT_MW",3,3,1532.24071,"ACTUAL",5
"110","2019-09-06",12,0,"2019-09-06T18:00:00-00:00","2019-09-06T19:00:00-00:00","ZP26","Solar","Renewable Forecast Actual Generation","RENEW_FCST_ACT_MW",3,3,1584.40511,"ACTUAL",5
"111","2019-09-06",13,0,"2019-09-06T19:00:00-00:00","2019-09-06T20:00:00-00:00","ZP26","Solar","Renewable Forecast Actual Generation","RENEW_FCST_ACT_MW",3,3,1620.77247,"ACTUAL",5
"112","2019-09-06",14,0,"2019-09-06T20:00:00-00:00","2019-09-06T21:00:00-00:00","ZP26","Solar","Renewable Forecast Actual Generation","RENEW_FCST_ACT_MW",3,3,1630.02534,"ACTUAL",5
"113","2019-09-06",15,0,"2019-09-06T21:00:00-00:00","2019-09-06T22:00:00-00:00","ZP26","Solar","Renewable Forecast Actual Generation","RENEW_FCST_ACT_MW",3,3,1602.02418,"ACTUAL",5
"114","2019-09-06",16,0,"2019-09-06T22:00:00-00:00","2019-09-06T23:00:00-00:00","ZP26","Solar","Renewable Forecast Actual Generation","RENEW_FCST_ACT_MW",3,3,1549.79958,"ACTUAL",5
"115","2019-09-06",19,0,"2019-09-07T01:00:00-00:00","2019-09-07T02:00:00-00:00","ZP26","Solar","Renewable Forecast Actual Generation","RENEW_FCST_ACT_MW",3,3,298.48163,"ACTUAL",5
"116","2019-09-07",1,0,"2019-09-07T07:00:00-00:00","2019-09-07T08:00:00-00:00","NP15","Solar","Renewable Forecast Actual Generation","RENEW_FCST_ACT_MW",3,3,-3.35597,"ACTUAL",6
"117","2019-09-07",1,0,"2019-09-07T07:00:00-00:00","2019-09-07T08:00:00-00:00","NP15","Wind","Renewable Forecast Actual Generation","RENEW_FCST_ACT_MW",3,1,1095.08394,"ACTUAL",7
"118","2019-09-07",1,0,"2019-09-07T07:00:00-00:00","2019-09-07T08:00:00-00:00","SP15","Solar","Renewable Forecast Actual Generation","RENEW_FCST_ACT_MW",3,3,-2.85639,"ACTUAL",8
"119","2019-09-07",1,0,"2019-09-07T07:00:00-00:00","2019-09-07T08:00:00-00:00","SP15","Wind","Renewable Forecast Actual Generation","RENEW_FCST_ACT_MW",3,1,2553.1501,"ACTUAL",9
"120","2019-09-07",1,0,"2019-09-07T07:00:00-00:00","2019-09-07T08:00:00-00:00","ZP26","Solar","Renewable Forecast Actual Generation","RENEW_FCST_ACT_MW",3,3,-5.42976,"ACTUAL",10
