"","OPR_DT","OPR_HR","OPR_INTERVAL","INTERVALSTARTTIME_GMT","INTERVALENDTIME_GMT","TRADING_HUB","RENEWABLE_TYPE","LABEL","XML_DATA_ITEM","MARKET_RUN_ID_POS","RENEW_POS","MW","MARKET_RUN_ID","GROUP"
"1","2019-12-15",1,0,"2019-12-15T08:00:00-00:00","2019-12-15T09:00:00-00:00","NP15","Solar","Renewable Forecast Actual Generation","RENEW_FCST_ACT_MW",3,3,-3.53626,"ACTUAL",1
"2","2019-12-15",2,0,"2019-12-15T09:00:00-00:00","2019-12-15T10:00:00-00:00","NP15","Solar","Renewable Forecast Actual Generation","RENEW_FCST_ACT_MW",3,3,-3.51931,"ACTUAL",1
"3","2019-12-15",3,0,"2019-12-15T10:00:00-00:00","2019-12-15T11:00:00-00:00","NP15","Solar","Renewable Forecast Actual Generation","RENEW_FCST_ACT_MW",3,3,-3.51029,"ACTUAL",1
"4","2019-12-15",4,0,"2019-12-15T11:00:00-00:00","2019-12-15T12:00:00-00:00","NP15","Solar","Renewable Forecast Actual Generation","RENEW_FCST_ACT_MW",3,3,-3.54489,"ACTUAL",1
"5","2019-12-15",5,0,"2019-12-15T12:00:00-00:00","2019-12-15T13:00:00-00:00","NP15","Solar","Renewable Forecast Actual Generation","RENEW_FCST_ACT_MW",3,3,-3.52758,"ACTUAL",1
"6","2019-12-15",6,0,"2019-12-15T13:00:00-00:00","2019-12-15T14:00:00-00:00","NP15","Solar","Renewable Forecast Actual Generation","RENEW_FCST_ACT_MW",3,3,-3.53064,"ACTUAL",1
"7","2019-12-15",7,0,"2019-12-15T14:00:00-00:00","2019-12-15T15:00:00-00:00","NP15","Solar","Renewable Forecast Actual Generation","RENEW_FCST_ACT_MW",3,3,-3.51995,"ACTUAL",1
"8","2019-12-15",8,0,"2019-12-15T15:00:00-00:00","2019-12-15T16:00:00-00:00","NP15","Solar","Renewable Forecast Actual Generation","RENEW_FCST_ACT_MW",3,3,111.70163,"ACTUAL",1
"9","2019-12-15",9,0,"2019-12-15T16:00:00-00:00","2019-12-15T17:00:00-00:00","NP15","Solar","Renewable Forecast Actual Generation","RENEW_FCST_ACT_MW",3,3,729.16384,"ACTUAL",1
"10","2019-12-15",10,0,"2019-12-15T17:00:00-00:00","2019-12-15T18:00:00-00:00","NP15","Solar","Renewable Forecast Actual Generation","RENEW_FCST_ACT_MW",3,3,1015.28915,"ACTUAL",1
"11","2019-12-15",11,0,"2019-12-15T18:00:00-00:00","2019-12-15T19:00:00-00:00","NP15","Solar","Renewable Forecast Actual Generation","RENEW_FCST_ACT_MW",3,3,991.67163,"ACTUAL",1
"12","2019-12-15",12,0,"2019-12-15T19:00:00-00:00","2019-12-15T20:00:00-00:00","NP15","Solar","Renewable Forecast Actual Generation","RENEW_FCST_ACT_MW",3,3,928.74939,"ACTUAL",1
"13","2019-12-15",13,0,"2019-12-15T20:00:00-00:00","2019-12-15T21:00:00-00:00","NP15","Solar","Renewable Forecast Actual Generation","RENEW_FCST_ACT_MW",3,3,826.48137,"ACTUAL",1
"14","2019-12-15",14,0,"2019-12-15T21:00:00-00:00","2019-12-15T22:00:00-00:00","NP15","Solar","Renewable Forecast Actual Generation","RENEW_FCST_ACT_MW",3,3,816.92527,"ACTUAL",1
"15","2019-12-15",15,0,"2019-12-15T22:00:00-00:00","2019-12-15T23:00:00-00:00","NP15","Solar","Renewable Forecast Actual Generation","RENEW_FCST_ACT_MW",3,3,867.94191,"ACTUAL",1
"16","2019-12-15",16,0,"2019-12-15T23:00:00-00:00","2019-12-16T00:00:00-00:00","NP15","Solar","Renewable Forecast Actual Generation","RENEW_FCST_ACT_MW",3,3,630.2239,"ACTUAL",1
"17","2019-12-15",17,0,"2019-12-16T00:00:00-00:00","2019-12-16T01:00:00-00:00","NP15","Solar","Renewable Forecast Actual Generation","RENEW_FCST_ACT_MW",3,3,64.93234,"ACTUAL",1
"18","2019-12-15",18,0,"2019-12-16T01:00:00-00:00","2019-12-16T02:00:00-00:00","NP15","Solar","Renewable Forecast Actual Generation","RENEW_FCST_ACT_MW",3,3,-3.6763,"ACTUAL",1
"19","2019-12-15",19,0,"2019-12-16T02:00:00-00:00","2019-12-16T03:00:00-00:00","NP15","Solar","Renewable Forecast Actual Generation","RENEW_FCST_ACT_MW",3,3,-3.50103,"ACTUAL",1
"20","2019-12-15",20,0,"2019-12-16T03:00:00-00:00","2019-12-16T04:00:00-00:00","NP15","Solar","Renewable Forecast Actual Generation","RENEW_FCST_ACT_MW",3,3,-3.50997,"ACTUAL",1
"21","2019-12-15",21,0,"2019-12-16T04:00:00-00:00","2019-12-16T05:00:00-00:00","NP15","Solar","Renewable Forecast Actual Generation","RENEW_FCST_ACT_MW",3,3,-3.50192,"ACTUAL",1
"22","2019-12-15",22,0,"2019-12-16T05:00:00-00:00","2019-12-16T06:00:00-00:00","NP15","Solar","Renewable Forecast Actual Generation","RENEW_FCST_ACT_MW",3,3,-3.52244,"ACTUAL",1
"23","2019-12-15",23,0,"2019-12-16T06:00:00-00:00","2019-12-16T07:00:00-00:00","NP15","Solar","Renewable Forecast Actual Generation","RENEW_FCST_ACT_MW",3,3,-3.5441,"ACTUAL",1
"24","2019-12-15",24,0,"2019-12-16T07:00:00-00:00","2019-12-16T08:00:00-00:00","NP15","Solar","Renewable Forecast Actual Generation","RENEW_FCST_ACT_MW",3,3,-3.54474,"ACTUAL",1
"25","2019-12-15",1,0,"2019-12-15T08:00:00-00:00","2019-12-15T09:00:00-00:00","NP15","Wind","Renewable Forecast Actual Generation","RENEW_FCST_ACT_MW",3,1,855.28867,"ACTUAL",2
"26","2019-12-15",24,0,"2019-12-16T07:00:00-00:00","2019-12-16T08:00:00-00:00","NP15","Wind","Renewable Forecast Actual Generation","RENEW_FCST_ACT_MW",3,1,40.96765,"ACTUAL",2
"27","2019-12-15",3,0,"2019-12-15T10:00:00-00:00","2019-12-15T11:00:00-00:00","NP15","Wind","Renewable Forecast Actual Generation","RENEW_FCST_ACT_MW",3,1,557.03093,"ACTUAL",2
"28","2019-12-15",4,0,"2019-12-15T11:00:00-00:00","2019-12-15T12:00:00-00:00","NP15","Wind","Renewable Forecast Actual Generation","RENEW_FCST_ACT_MW",3,1,347.72545,"ACTUAL",2
"29","2019-12-15",5,0,"2019-12-15T12:00:00-00:00","2019-12-15T13:00:00-00:00","NP15","Wind","Renewable Forecast Actual Generation","RENEW_FCST_ACT_MW",3,1,274.97376,"ACTUAL",2
"30","2019-12-15",6,0,"2019-12-15T13:00:00-00:00","2019-12-15T14:00:00-00:00","NP15","Wind","Renewable Forecast Actual Generation","RENEW_FCST_ACT_MW",3,1,226.40674,"ACTUAL",2
"31","2019-12-15",7,0,"2019-12-15T14:00:00-00:00","2019-12-15T15:00:00-00:00","NP15","Wind","Renewable Forecast Actual Generation","RENEW_FCST_ACT_MW",3,1,139.48751,"ACTUAL",2
"32","2019-12-15",8,0,"2019-12-15T15:00:00-00:00","2019-12-15T16:00:00-00:00","NP15","Wind","Renewable Forecast Actual Generation","RENEW_FCST_ACT_MW",3,1,113.47739,"ACTUAL",2
"33","2019-12-15",9,0,"2019-12-15T16:00:00-00:00","2019-12-15T17:00:00-00:00","NP15","Wind","Renewable Forecast Actual Generation","RENEW_FCST_ACT_MW",3,1,189.08125,"ACTUAL",2
"34","2019-12-15",10,0,"2019-12-15T17:00:00-00:00","2019-12-15T18:00:00-00:00","NP15","Wind","Renewable Forecast Actual Generation","RENEW_FCST_ACT_MW",3,1,135.18098,"ACTUAL",2
"35","2019-12-15",11,0,"2019-12-15T18:00:00-00:00","2019-12-15T19:00:00-00:00","NP15","Wind","Renewable Forecast Actual Generation","RENEW_FCST_ACT_MW",3,1,78.08438,"ACTUAL",2
"36","2019-12-15",12,0,"2019-12-15T19:00:00-00:00","2019-12-15T20:00:00-00:00","NP15","Wind","Renewable Forecast Actual Generation","RENEW_FCST_ACT_MW",3,1,43.9532,"ACTUAL",2
"37","2019-12-15",13,0,"2019-12-15T20:00:00-00:00","2019-12-15T21:00:00-00:00","NP15","Wind","Renewable Forecast Actual Generation","RENEW_FCST_ACT_MW",3,1,42.46438,"ACTUAL",2
"38","2019-12-15",14,0,"2019-12-15T21:00:00-00:00","2019-12-15T22:00:00-00:00","NP15","Wind","Renewable Forecast Actual Generation","RENEW_FCST_ACT_MW",3,1,29.22215,"ACTUAL",2
"39","2019-12-15",15,0,"2019-12-15T22:00:00-00:00","2019-12-15T23:00:00-00:00","NP15","Wind","Renewable Forecast Actual Generation","RENEW_FCST_ACT_MW",3,1,22.37183,"ACTUAL",2
"40","2019-12-15",16,0,"2019-12-15T23:00:00-00:00","2019-12-16T00:00:00-00:00","NP15","Wind","Renewable Forecast Actual Generation","RENEW_FCST_ACT_MW",3,1,22.63019,"ACTUAL",2
"41","2019-12-15",17,0,"2019-12-16T00:00:00-00:00","2019-12-16T01:00:00-00:00","NP15","Wind","Renewable Forecast Actual Generation","RENEW_FCST_ACT_MW",3,1,23.15114,"ACTUAL",2
"42","2019-12-15",18,0,"2019-12-16T01:00:00-00:00","2019-12-16T02:00:00-00:00","NP15","Wind","Renewable Forecast Actual Generation","RENEW_FCST_ACT_MW",3,1,22.97288,"ACTUAL",2
"43","2019-12-15",19,0,"2019-12-16T02:00:00-00:00","2019-12-16T03:00:00-00:00","NP15","Wind","Renewable Forecast Actual Generation","RENEW_FCST_ACT_MW",3,1,26.09667,"ACTUAL",2
"44","2019-12-15",20,0,"2019-12-16T03:00:00-00:00","2019-12-16T04:00:00-00:00","NP15","Wind","Renewable Forecast Actual Generation","RENEW_FCST_ACT_MW",3,1,28.14168,"ACTUAL",2
"45","2019-12-15",21,0,"2019-12-16T04:00:00-00:00","2019-12-16T05:00:00-00:00","NP15","Wind","Renewable Forecast Actual Generation","RENEW_FCST_ACT_MW",3,1,32.00972,"ACTUAL",2
"46","2019-12-15",22,0,"2019-12-16T05:00:00-00:00","2019-12-16T06:00:00-00:00","NP15","Wind","Renewable Forecast Actual Generation","RENEW_FCST_ACT_MW",3,1,40.75043,"ACTUAL",2
"47","2019-12-15",23,0,"2019-12-16T06:00:00-00:00","2019-12-16T07:00:00-00:00","NP15","Wind","Renewable Forecast Actual Generation","RENEW_FCST_ACT_MW",3,1,37.73341,"ACTUAL",2
"48","2019-12-15",2,0,"2019-12-15T09:00:00-00:00","2019-12-15T10:00:00-00:00","NP15","Wind","Renewable Forecast Actual Generation","RENEW_FCST_ACT_MW",3,1,701.77375,"ACTUAL",2
"49","2019-12-15",24,0,"2019-12-16T07:00:00-00:00","2019-12-16T08:00:00-00:00","SP15","Solar","Renewable Forecast Actual Generation","RENEW_FCST_ACT_MW",3,3,17.48104,"ACTUAL",3
"50","2019-12-15",2,0,"2019-12-15T09:00:00-00:00","2019-12-15T10:00:00-00:00","SP15","Solar","Renewable Forecast Actual Generation","RENEW_FCST_ACT_MW",3,3,3.02621,"ACTUAL",3
"51","2019-12-15",23,0,"2019-12-16T06:00:00-00:00","2019-12-16T07:00:00-00:00","SP15","Solar","Renewable Forecast Actual Generation","RENEW_FCST_ACT_MW",3,3,20.17465,"ACTUAL",3
"52","2019-12-15",6,0,"2019-12-15T13:00:00-00:00","2019-12-15T14:00:00-00:00","SP15","Solar","Renewable Forecast Actual Generation","RENEW_FCST_ACT_MW",3,3,2.8582,"ACTUAL",3
"53","2019-12-15",22,0,"2019-12-16T05:00:00-00:00","2019-12-16T06:00:00-00:00","SP15","Solar","Renewable Forecast Actual Generation","RENEW_FCST_ACT_MW",3,3,24.46328,"ACTUAL",3
"54","2019-12-15",11,0,"2019-12-15T18:00:00-00:00","2019-12-15T19:00:00-00:00","SP15","Solar","Renewable Forecast Actual Generation","RENEW_FCST_ACT_MW",3,3,4902.04155,"ACTUAL",3
"55","2019-12-15",21,0,"2019-12-16T04:00:00-00:00","2019-12-16T05:00:00-00:00","SP15","Solar","Renewable Forecast Actual Generation","RENEW_FCST_ACT_MW",3,3,24.84936,"ACTUAL",3
"56","2019-12-15",3,0,"2019-12-15T10:00:00-00:00","2019-12-15T11:00:00-00:00","SP15","Solar","Renewable Forecast Actual Generation","RENEW_FCST_ACT_MW",3,3,3.28781,"ACTUAL",3
"57","2019-12-15",20,0,"2019-12-16T03:00:00-00:00","2019-12-16T04:00:00-00:00","SP15","Solar","Renewable Forecast Actual Generation","RENEW_FCST_ACT_MW",3,3,25.13301,"ACTUAL",3
"58","2019-12-15",10,0,"2019-12-15T17:00:00-00:00","2019-12-15T18:00:00-00:00","SP15","Solar","Renewable Forecast Actual Generation","RENEW_FCST_ACT_MW",3,3,4716.71996,"ACTUAL",3
"59","2019-12-15",19,0,"2019-12-16T02:00:00-00:00","2019-12-16T03:00:00-00:00","SP15","Solar","Renewable Forecast Actual Generation","RENEW_FCST_ACT_MW",3,3,26.03593,"ACTUAL",3
"60","2019-12-15",5,0,"2019-12-15T12:00:00-00:00","2019-12-15T13:00:00-00:00","SP15","Solar","Renewable Forecast Actual Generation","RENEW_FCST_ACT_MW",3,3,1.54567,"ACTUAL",3
"61","2019-12-15",18,0,"2019-12-16T01:00:00-00:00","2019-12-16T02:00:00-00:00","SP15","Solar","Renewable Forecast Actual Generation","RENEW_FCST_ACT_MW",3,3,25.32655,"ACTUAL",3
"62","2019-12-15",9,0,"2019-12-15T16:00:00-00:00","2019-12-15T17:00:00-00:00","SP15","Solar","Renewable Forecast Actual Generation","RENEW_FCST_ACT_MW",3,3,3634.05047,"ACTUAL",3
"63","2019-12-15",17,0,"2019-12-16T00:00:00-00:00","2019-12-16T01:00:00-00:00","SP15","Solar","Renewable Forecast Actual Generation","RENEW_FCST_ACT_MW",3,3,295.98161,"ACTUAL",3
"64","2019-12-15",1,0,"2019-12-15T08:00:00-00:00","2019-12-15T09:00:00-00:00","SP15","Solar","Renewable Forecast Actual Generation","RENEW_FCST_ACT_MW",3,3,3.17456,"ACTUAL",3
"65","2019-12-15",16,0,"2019-12-15T23:00:00-00:00","2019-12-16T00:00:00-00:00","SP15","Solar","Renewable Forecast Actual Generation","RENEW_FCST_ACT_MW",3,3,2750.62003,"ACTUAL",3
"66","2019-12-15",8,0,"2019-12-15T15:00:00-00:00","2019-12-15T16:00:00-00:00","SP15","Solar","Renewable Forecast Actual Generation","RENEW_FCST_ACT_MW",3,3,1173.40771,"ACTUAL",3
"67","2019-12-15",15,0,"2019-12-15T22:00:00-00:00","2019-12-15T23:00:00-00:00","SP15","Solar","Renewable Forecast Actual Generation","RENEW_FCST_ACT_MW",3,3,4520.28874,"ACTUAL",3
"68","2019-12-15",4,0,"2019-12-15T11:00:00-00:00","2019-12-15T12:00:00-00:00","SP15","Solar","Renewable Forecast Actual Generation","RENEW_FCST_ACT_MW",3,3,2.301,"ACTUAL",3
"69","2019-12-15",14,0,"2019-12-15T21:00:00-00:00","2019-12-15T22:00:00-00:00","SP15","Solar","Renewable Forecast Actual Generation","RENEW_FCST_ACT_MW",3,3,4775.93123,"ACTUAL",3
"70","2019-12-15",7,0,"2019-12-15T14:00:00-00:00","2019-12-15T15:00:00-00:00","SP15","Solar","Renewable Forecast Actual Generation","RENEW_FCST_ACT_MW",3,3,27.67241,"ACTUAL",3
"71","2019-12-15",13,0,"2019-12-15T20:00:00-00:00","2019-12-15T21:00:00-00:00","SP15","Solar","Renewable Forecast Actual Generation","RENEW_FCST_ACT_MW",3,3,5091.72337,"ACTUAL",3
"72","2019-12-15",12,0,"2019-12-15T19:00:00-00:00","2019-12-15T20:00:00-00:00","SP15","Solar","Renewable Forecast Actual Generation","RENEW_FCST_ACT_MW",3,3,4910.82572,"ACTUAL",3
"73","2019-12-15",23,0,"2019-12-16T06:00:00-00:00","2019-12-16T07:00:00-00:00","SP15","Wind","Renewable Forecast Actual Generation","RENEW_FCST_ACT_MW",3,1,959.84826,"ACTUAL",4
"74","2019-12-15",22,0,"2019-12-16T05:00:00-00:00","2019-12-16T06:00:00-00:00","SP15","Wind","Renewable Forecast Actual Generation","RENEW_FCST_ACT_MW",3,1,979.5404,"ACTUAL",4
"75","2019-12-15",21,0,"2019-12-16T04:00:00-00:00","2019-12-16T05:00:00-00:00","SP15","Wind","Renewable Forecast Actual Generation","RENEW_FCST_ACT_MW",3,1,1203.00579,"ACTUAL",4
"76","2019-12-15",20,0,"2019-12-16T03:00:00-00:00","2019-12-16T04:00:00-00:00","SP15","Wind","Renewable Forecast Actual Generation","RENEW_FCST_ACT_MW",3,1,1405.46263,"ACTUAL",4
"77","2019-12-15",19,0,"2019-12-16T02:00:00-00:00","2019-12-16T03:00:00-00:00","SP15","Wind","Renewable Forecast Actual Generation","RENEW_FCST_ACT_MW",3,1,2035.52763,"ACTUAL",4
"78","2019-12-15",18,0,"2019-12-16T01:00:00-00:00","2019-12-16T02:00:00-00:00","SP15","Wind","Renewable Forecast Actual Generation","RENEW_FCST_ACT_MW",3,1,2392.92944,"ACTUAL",4
"79","2019-12-15",17,0,"2019-12-16T00:00:00-00:00","2019-12-16T01:00:00-00:00","SP15","Wind","Renewable Forecast Actual Generation","RENEW_FCST_ACT_MW",3,1,2436.66404,"ACTUAL",4
"80","2019-12-15",16,0,"2019-12-15T23:00:00-00:00","2019-12-16T00:00:00-00:00","SP15","Wind","Renewable Forecast Actual Generation","RENEW_FCST_ACT_MW",3,1,2136.81822,"ACTUAL",4
"81","2019-12-15",15,0,"2019-12-15T22:00:00-00:00","2019-12-15T23:00:00-00:00","SP15","Wind","Renewable Forecast Actual Generation","RENEW_FCST_ACT_MW",3,1,2034.10928,"ACTUAL",4
"82","2019-12-15",14,0,"2019-12-15T21:00:00-00:00","2019-12-15T22:00:00-00:00","SP15","Wind","Renewable Forecast Actual Generation","RENEW_FCST_ACT_MW",3,1,2147.82176,"ACTUAL",4
"83","2019-12-15",13,0,"2019-12-15T20:00:00-00:00","2019-12-15T21:00:00-00:00","SP15","Wind","Renewable Forecast Actual Generation","RENEW_FCST_ACT_MW",3,1,2243.08636,"ACTUAL",4
"84","2019-12-15",12,0,"2019-12-15T19:00:00-00:00","2019-12-15T20:00:00-00:00","SP15","Wind","Renewable Forecast Actual Generation","RENEW_FCST_ACT_MW",3,1,2435.77568,"ACTUAL",4
"85","2019-12-15",11,0,"2019-12-15T18:00:00-00:00","2019-12-15T19:00:00-00:00","SP15","Wind","Renewable Forecast Actual Generation","RENEW_FCST_ACT_MW",3,1,2345.93066,"ACTUAL",4
"86","2019-12-15",10,0,"2019-12-15T17:00:00-00:00","2019-12-15T18:00:00-00:00","SP15","Wind","Renewable Forecast Actual Generation","RENEW_FCST_ACT_MW",3,1,2338.15205,"ACTUAL",4
"87","2019-12-15",9,0,"2019-12-15T16:00:00-00:00","2019-12-15T17:00:00-00:00","SP15","Wind","Renewable Forecast Actual Generation","RENEW_FCST_ACT_MW",3,1,2351.06361,"ACTUAL",4
"88","2019-12-15",8,0,"2019-12-15T15:00:00-00:00","2019-12-15T16:00:00-00:00","SP15","Wind","Renewable Forecast Actual Generation","RENEW_FCST_ACT_MW",3,1,2399.46274,"ACTUAL",4
"89","2019-12-15",7,0,"2019-12-15T14:00:00-00:00","2019-12-15T15:00:00-00:00","SP15","Wind","Renewable Forecast Actual Generation","RENEW_FCST_ACT_MW",3,1,2300.29948,"ACTUAL",4
"90","2019-12-15",6,0,"2019-12-15T13:00:00-00:00","2019-12-15T14:00:00-00:00","SP15","Wind","Renewable Forecast Actual Generation","RENEW_FCST_ACT_MW",3,1,2124.17685,"ACTUAL",4
"91","2019-12-15",5,0,"2019-12-15T12:00:00-00:00","2019-12-15T13:00:00-00:00","SP15","Wind","Renewable Forecast Actual Generation","RENEW_FCST_ACT_MW",3,1,2078.5175,"ACTUAL",4
"92","2019-12-15",4,0,"2019-12-15T11:00:00-00:00","2019-12-15T12:00:00-00:00","SP15","Wind","Renewable Forecast Actual Generation","RENEW_FCST_ACT_MW",3,1,2155.97464,"ACTUAL",4
"93","2019-12-15",3,0,"2019-12-15T10:00:00-00:00","2019-12-15T11:00:00-00:00","SP15","Wind","Renewable Forecast Actual Generation","RENEW_FCST_ACT_MW",3,1,2234.69275,"ACTUAL",4
"94","2019-12-15",2,0,"2019-12-15T09:00:00-00:00","2019-12-15T10:00:00-00:00","SP15","Wind","Renewable Forecast Actual Generation","RENEW_FCST_ACT_MW",3,1,2285.0733,"ACTUAL",4
"95","2019-12-15",24,0,"2019-12-16T07:00:00-00:00","2019-12-16T08:00:00-00:00","SP15","Wind","Renewable Forecast Actual Generation","RENEW_FCST_ACT_MW",3,1,595.56367,"ACTUAL",4
"96","2019-12-15",1,0,"2019-12-15T08:00:00-00:00","2019-12-15T09:00:00-00:00","SP15","Wind","Renewable Forecast Actual Generation","RENEW_FCST_ACT_MW",3,1,2402.33989,"ACTUAL",4
"97","2019-12-15",1,0,"2019-12-15T08:00:00-00:00","2019-12-15T09:00:00-00:00","ZP26","Solar","Renewable Forecast Actual Generation","RENEW_FCST_ACT_MW",3,3,-5.52053,"ACTUAL",5
"98","2019-12-15",24,0,"2019-12-16T07:00:00-00:00","2019-12-16T08:00:00-00:00","ZP26","Solar","Renewable Forecast Actual Generation","RENEW_FCST_ACT_MW",3,3,-5.70606,"ACTUAL",5
"99","2019-12-15",3,0,"2019-12-15T10:00:00-00:00","2019-12-15T11:00:00-00:00","ZP26","Solar","Renewable Forecast Actual Generation","RENEW_FCST_ACT_MW",3,3,-6.36569,"ACTUAL",5
"100","2019-12-15",4,0,"2019-12-15T11:00:00-00:00","2019-12-15T12:00:00-00:00","ZP26","Solar","Renewable Forecast Actual Generation","RENEW_FCST_ACT_MW",3,3,-5.57115,"ACTUAL",5
"101","2019-12-15",5,0,"2019-12-15T12:00:00-00:00","2019-12-15T13:00:00-00:00","ZP26","Solar","Renewable Forecast Actual Generation","RENEW_FCST_ACT_MW",3,3,-5.48316,"ACTUAL",5
"102","2019-12-15",6,0,"2019-12-15T13:00:00-00:00","2019-12-15T14:00:00-00:00","ZP26","Solar","Renewable Forecast Actual Generation","RENEW_FCST_ACT_MW",3,3,-5.51555,"ACTUAL",5
"103","2019-12-15",7,0,"2019-12-15T14:00:00-00:00","2019-12-15T15:00:00-00:00","ZP26","Solar","Renewable Forecast Actual Generation","RENEW_FCST_ACT_MW",3,3,-5.45421,"ACTUAL",5
"104","2019-12-15",8,0,"2019-12-15T15:00:00-00:00","2019-12-15T16:00:00-00:00","ZP26","Solar","Renewable Forecast Actual Generation","RENEW_FCST_ACT_MW",3,3,139.74808,"ACTUAL",5
"105","2019-12-15",9,0,"2019-12-15T16:00:00-00:00","2019-12-15T17:00:00-00:00","ZP26","Solar","Renewable Forecast Actual Generation","RENEW_FCST_ACT_MW",3,3,669.92908,"ACTUAL",5
"106","2019-12-15",10,0,"2019-12-15T17:00:00-00:00","2019-12-15T18:00:00-00:00","ZP26","Solar","Renewable Forecast Actual Generation","RENEW_FCST_ACT_MW",3,3,1106.32924,"ACTUAL",5
"107","2019-12-15",11,0,"2019-12-15T18:00:00-00:00","2019-12-15T19:00:00-00:00","ZP26","Solar","Renewable Forecast Actual Generation","RENEW_FCST_ACT_MW",3,3,1217.89433,"ACTUAL",5
"108","2019-12-15",12,0,"2019-12-15T19:00:00-00:00","2019-12-15T20:00:00-00:00","ZP26","Solar","Renewable Forecast Actual Generation","RENEW_FCST_ACT_MW",3,3,1244.35531,"ACTUAL",5
"109","2019-12-15",13,0,"2019-12-15T20:00:00-00:00","2019-12-15T21:00:00-00:00","ZP26","Solar","Renewable Forecast Actual Generation","RENEW_FCST_ACT_MW",3,3,1242.0793,"ACTUAL",5
"110","2019-12-15",14,0,"2019-12-15T21:00:00-00:00","2019-12-15T22:00:00-00:00","ZP26","Solar","Renewable Forecast Actual Generation","RENEW_FCST_ACT_MW",3,3,1212.71645,"ACTUAL",5
"111","2019-12-15",15,0,"2019-12-15T22:00:00-00:00","2019-12-15T23:00:00-00:00","ZP26","Solar","Renewable Forecast Actual Generation","RENEW_FCST_ACT_MW",3,3,1091.30443,"ACTUAL",5
"112","2019-12-15",16,0,"2019-12-15T23:00:00-00:00","2019-12-16T00:00:00-00:00","ZP26","Solar","Renewable Forecast Actual Generation","RENEW_FCST_ACT_MW",3,3,650.13885,"ACTUAL",5
"113","2019-12-15",17,0,"2019-12-16T00:00:00-00:00","2019-12-16T01:00:00-00:00","ZP26","Solar","Renewable Forecast Actual Generation","RENEW_FCST_ACT_MW",3,3,75.06895,"ACTUAL",5
"114","2019-12-15",18,0,"2019-12-16T01:00:00-00:00","2019-12-16T02:00:00-00:00","ZP26","Solar","Renewable Forecast Actual Generation","RENEW_FCST_ACT_MW",3,3,-5.80401,"ACTUAL",5
"115","2019-12-15",19,0,"2019-12-16T02:00:00-00:00","2019-12-16T03:00:00-00:00","ZP26","Solar","Renewable Forecast Actual Generation","RENEW_FCST_ACT_MW",3,3,-5.69803,"ACTUAL",5
"116","2019-12-15",20,0,"2019-12-16T03:00:00-00:00","2019-12-16T04:00:00-00:00","ZP26","Solar","Renewable Forecast Actual Generation","RENEW_FCST_ACT_MW",3,3,-5.68101,"ACTUAL",5
"117","2019-12-15",21,0,"2019-12-16T04:00:00-00:00","2019-12-16T05:00:00-00:00","ZP26","Solar","Renewable Forecast Actual Generation","RENEW_FCST_ACT_MW",3,3,-5.68218,"ACTUAL",5
"118","2019-12-15",22,0,"2019-12-16T05:00:00-00:00","2019-12-16T06:00:00-00:00","ZP26","Solar","Renewable Forecast Actual Generation","RENEW_FCST_ACT_MW",3,3,-5.7035,"ACTUAL",5
"119","2019-12-15",23,0,"2019-12-16T06:00:00-00:00","2019-12-16T07:00:00-00:00","ZP26","Solar","Renewable Forecast Actual Generation","RENEW_FCST_ACT_MW",3,3,-5.71591,"ACTUAL",5
"120","2019-12-15",2,0,"2019-12-15T09:00:00-00:00","2019-12-15T10:00:00-00:00","ZP26","Solar","Renewable Forecast Actual Generation","RENEW_FCST_ACT_MW",3,3,-5.49945,"ACTUAL",5
