"","OPR_DT","OPR_HR","OPR_INTERVAL","INTERVALSTARTTIME_GMT","INTERVALENDTIME_GMT","TRADING_HUB","RENEWABLE_TYPE","LABEL","XML_DATA_ITEM","MARKET_RUN_ID_POS","RENEW_POS","MW","MARKET_RUN_ID","GROUP"
"1","2019-07-17",2,0,"2019-07-17T08:00:00-00:00","2019-07-17T09:00:00-00:00","NP15","Solar","Renewable Forecast Actual Generation","RENEW_FCST_ACT_MW",3,3,-3.4954,"ACTUAL",1
"2","2019-07-17",3,0,"2019-07-17T09:00:00-00:00","2019-07-17T10:00:00-00:00","NP15","Solar","Renewable Forecast Actual Generation","RENEW_FCST_ACT_MW",3,3,-3.51684,"ACTUAL",1
"3","2019-07-17",4,0,"2019-07-17T10:00:00-00:00","2019-07-17T11:00:00-00:00","NP15","Solar","Renewable Forecast Actual Generation","RENEW_FCST_ACT_MW",3,3,-3.48281,"ACTUAL",1
"4","2019-07-17",5,0,"2019-07-17T11:00:00-00:00","2019-07-17T12:00:00-00:00","NP15","Solar","Renewable Forecast Actual Generation","RENEW_FCST_ACT_MW",3,3,-3.48733,"ACTUAL",1
"5","2019-07-17",6,0,"2019-07-17T12:00:00-00:00","2019-07-17T13:00:00-00:00","NP15","Solar","Renewable Forecast Actual Generation","RENEW_FCST_ACT_MW",3,3,-3.34591,"ACTUAL",1
"6","2019-07-17",7,0,"2019-07-17T13:00:00-00:00","2019-07-17T14:00:00-00:00","NP15","Solar","Renewable Forecast Actual Generation","RENEW_FCST_ACT_MW",3,3,156.68879,"ACTUAL",1
"7","2019-07-17",8,0,"2019-07-17T14:00:00-00:00","2019-07-17T15:00:00-00:00","NP15","Solar","Renewable Forecast Actual Generation","RENEW_FCST_ACT_MW",3,3,834.28671,"ACTUAL",1
"8","2019-07-17",9,0,"2019-07-17T15:00:00-00:00","2019-07-17T16:00:00-00:00","NP15","Solar","Renewable Forecast Actual Generation","RENEW_FCST_ACT_MW",3,3,1237.66171,"ACTUAL",1
"9","2019-07-17",10,0,"2019-07-17T16:00:00-00:00","2019-07-17T17:00:00-00:00","NP15","Solar","Renewable Forecast Actual Generation","RENEW_FCST_ACT_MW",3,3,1349.72859,"ACTUAL",1
"10","2019-07-17",11,0,"2019-07-17T17:00:00-00:00","2019-07-17T18:00:00-00:00","NP15","Solar","Renewable Forecast Actual Generation","RENEW_FCST_ACT_MW",3,3,1381.22467,"ACTUAL",1
"11","2019-07-17",12,0,"2019-07-17T18:00:00-00:00","2019-07-17T19:00:00-00:00","NP15","Solar","Renewable Forecast Actual Generation","RENEW_FCST_ACT_MW",3,3,1396.42988,"ACTUAL",1
"12","2019-07-17",13,0,"2019-07-17T19:00:00-00:00","2019-07-17T20:00:00-00:00","NP15","Solar","Renewable Forecast Actual Generation","RENEW_FCST_ACT_MW",3,3,1398.99899,"ACTUAL",1
"13","2019-07-17",14,0,"2019-07-17T20:00:00-00:00","2019-07-17T21:00:00-00:00","NP15","Solar","Renewable Forecast Actual Generation","RENEW_FCST_ACT_MW",3,3,1401.40363,"ACTUAL",1
"14","2019-07-17",15,0,"2019-07-17T21:00:00-00:00","2019-07-17T22:00:00-00:00","NP15","Solar","Renewable Forecast Actual Generation","RENEW_FCST_ACT_MW",3,3,1390.84293,"ACTUAL",1
"15","2019-07-17",16,0,"2019-07-17T22:00:00-00:00","2019-07-17T23:00:00-00:00","NP15","Solar","Renewable Forecast Actual Generation","RENEW_FCST_ACT_MW",3,3,1373.53757,"ACTUAL",1
"16","2019-07-17",17,0,"2019-07-17T23:00:00-00:00","2019-07-18T00:00:00-00:00","NP15","Solar","Renewable Forecast Actual Generation","RENEW_FCST_ACT_MW",3,3,1328.51769,"ACTUAL",1
"17","2019-07-17",18,0,"2019-07-18T00:00:00-00:00","2019-07-18T01:00:00-00:00","NP15","Solar","Renewable Forecast Actual Generation","RENEW_FCST_ACT_MW",3,3,1193.6936,"ACTUAL",1
"18","2019-07-17",19,0,"2019-07-18T01:00:00-00:00","2019-07-18T02:00:00-00:00","NP15","Solar","Renewable Forecast Actual Generation","RENEW_FCST_ACT_MW",3,3,815.15558,"ACTUAL",1
"19","2019-07-17",20,0,"2019-07-18T02:00:00-00:00","2019-07-18T03:00:00-00:00","NP15","Solar","Renewable Forecast Actual Generation","RENEW_FCST_ACT_MW",3,3,227.12877,"ACTUAL",1
"20","2019-07-17",21,0,"2019-07-18T03:00:00-00:00","2019-07-18T04:00:00-00:00","NP15","Solar","Renewable Forecast Actual Generation","RENEW_FCST_ACT_MW",3,3,1.78173,"ACTUAL",1
"21","2019-07-17",22,0,"2019-07-18T04:00:00-00:00","2019-07-18T05:00:00-00:00","NP15","Solar","Renewable Forecast Actual Generation","RENEW_FCST_ACT_MW",3,3,-3.46601,"ACTUAL",1
"22","2019-07-17",23,0,"2019-07-18T05:00:00-00:00","2019-07-18T06:00:00-00:00","NP15","Solar","Renewable Forecast Actual Generation","RENEW_FCST_ACT_MW",3,3,-3.44853,"ACTUAL",1
"23","2019-07-17",24,0,"2019-07-18T06:00:00-00:00","2019-07-18T07:00:00-00:00","NP15","Solar","Renewable Forecast Actual Generation","RENEW_FCST_ACT_MW",3,3,-3.36673,"ACTUAL",1
"24","2019-07-17",18,0,"2019-07-18T00:00:00-00:00","2019-07-18T01:00:00-00:00","NP15","Wind","Renewable Forecast Actual Generation","RENEW_FCST_ACT_MW",3,1,258.34553,"ACTUAL",2
"25","2019-07-17",6,0,"2019-07-17T12:00:00-00:00","2019-07-17T13:00:00-00:00","NP15","Wind","Renewable Forecast Actual Generation","RENEW_FCST_ACT_MW",3,1,516.0035,"ACTUAL",2
"26","2019-07-17",17,0,"2019-07-17T23:00:00-00:00","2019-07-18T00:00:00-00:00","NP15","Wind","Renewable Forecast Actual Generation","RENEW_FCST_ACT_MW",3,1,135.47878,"ACTUAL",2
"27","2019-07-17",16,0,"2019-07-17T22:00:00-00:00","2019-07-17T23:00:00-00:00","NP15","Wind","Renewable Forecast Actual Generation","RENEW_FCST_ACT_MW",3,1,94.07956,"ACTUAL",2
"28","2019-07-17",15,0,"2019-07-17T21:00:00-00:00","2019-07-17T22:00:00-00:00","NP15","Wind","Renewable Forecast Actual Generation","RENEW_FCST_ACT_MW",3,1,78.19685,"ACTUAL",2
"29","2019-07-17",14,0,"2019-07-17T20:00:00-00:00","2019-07-17T21:00:00-00:00","NP15","Wind","Renewable Forecast Actual Generation","RENEW_FCST_ACT_MW",3,1,69.97044,"ACTUAL",2
"30","2019-07-17",13,0,"2019-07-17T19:00:00-00:00","2019-07-17T20:00:00-00:00","NP15","Wind","Renewable Forecast Actual Generation","RENEW_FCST_ACT_MW",3,1,58.94645,"ACTUAL",2
"31","2019-07-17",12,0,"2019-07-17T18:00:00-00:00","2019-07-17T19:00:00-00:00","NP15","Wind","Renewable Forecast Actual Generation","RENEW_FCST_ACT_MW",3,1,59.42311,"ACTUAL",2
"32","2019-07-17",11,0,"2019-07-17T17:00:00-00:00","2019-07-17T18:00:00-00:00","NP15","Wind","Renewable Forecast Actual Generation","RENEW_FCST_ACT_MW",3,1,69.81472,"ACTUAL",2
"33","2019-07-17",10,0,"2019-07-17T16:00:00-00:00","2019-07-17T17:00:00-00:00","NP15","Wind","Renewable Forecast Actual Generation","RENEW_FCST_ACT_MW",3,1,95.69409,"ACTUAL",2
"34","2019-07-17",9,0,"2019-07-17T15:00:00-00:00","2019-07-17T16:00:00-00:00","NP15","Wind","Renewable Forecast Actual Generation","RENEW_FCST_ACT_MW",3,1,206.02202,"ACTUAL",2
"35","2019-07-17",8,0,"2019-07-17T14:00:00-00:00","2019-07-17T15:00:00-00:00","NP15","Wind","Renewable Forecast Actual Generation","RENEW_FCST_ACT_MW",3,1,331.7239,"ACTUAL",2
"36","2019-07-17",7,0,"2019-07-17T13:00:00-00:00","2019-07-17T14:00:00-00:00","NP15","Wind","Renewable Forecast Actual Generation","RENEW_FCST_ACT_MW",3,1,477.09538,"ACTUAL",2
"37","2019-07-17",5,0,"2019-07-17T11:00:00-00:00","2019-07-17T12:00:00-00:00","NP15","Wind","Renewable Forecast Actual Generation","RENEW_FCST_ACT_MW",3,1,573.44728,"ACTUAL",2
"38","2019-07-17",4,0,"2019-07-17T10:00:00-00:00","2019-07-17T11:00:00-00:00","NP15","Wind","Renewable Forecast Actual Generation","RENEW_FCST_ACT_MW",3,1,556.20309,"ACTUAL",2
"39","2019-07-17",3,0,"2019-07-17T09:00:00-00:00","2019-07-17T10:00:00-00:00","NP15","Wind","Renewable Forecast Actual Generation","RENEW_FCST_ACT_MW",3,1,606.16379,"ACTUAL",2
"40","2019-07-17",2,0,"2019-07-17T08:00:00-00:00","2019-07-17T09:00:00-00:00","NP15","Wind","Renewable Forecast Actual Generation","RENEW_FCST_ACT_MW",3,1,724.47226,"ACTUAL",2
"41","2019-07-17",24,0,"2019-07-18T06:00:00-00:00","2019-07-18T07:00:00-00:00","NP15","Wind","Renewable Forecast Actual Generation","RENEW_FCST_ACT_MW",3,1,599.85871,"ACTUAL",2
"42","2019-07-17",23,0,"2019-07-18T05:00:00-00:00","2019-07-18T06:00:00-00:00","NP15","Wind","Renewable Forecast Actual Generation","RENEW_FCST_ACT_MW",3,1,554.15518,"ACTUAL",2
"43","2019-07-17",22,0,"2019-07-18T04:00:00-00:00","2019-07-18T05:00:00-00:00","NP15","Wind","Renewable Forecast Actual Generation","RENEW_FCST_ACT_MW",3,1,569.64959,"ACTUAL",2
"44","2019-07-17",21,0,"2019-07-18T03:00:00-00:00","2019-07-18T04:00:00-00:00","NP15","Wind","Renewable Forecast Actual Generation","RENEW_FCST_ACT_MW",3,1,535.10903,"ACTUAL",2
"45","2019-07-17",20,0,"2019-07-18T02:00:00-00:00","2019-07-18T03:00:00-00:00","NP15","Wind","Renewable Forecast Actual Generation","RENEW_FCST_ACT_MW",3,1,424.72685,"ACTUAL",2
"46","2019-07-17",19,0,"2019-07-18T01:00:00-00:00","2019-07-18T02:00:00-00:00","NP15","Wind","Renewable Forecast Actual Generation","RENEW_FCST_ACT_MW",3,1,348.18906,"ACTUAL",2
"47","2019-07-17",6,0,"2019-07-17T12:00:00-00:00","2019-07-17T13:00:00-00:00","SP15","Solar","Renewable Forecast Actual Generation","RENEW_FCST_ACT_MW",3,3,11.41183,"ACTUAL",3
"48","2019-07-17",18,0,"2019-07-18T00:00:00-00:00","2019-07-18T01:00:00-00:00","SP15","Solar","Renewable Forecast Actual Generation","RENEW_FCST_ACT_MW",3,3,4954.55267,"ACTUAL",3
"49","2019-07-17",5,0,"2019-07-17T11:00:00-00:00","2019-07-17T12:00:00-00:00","SP15","Solar","Renewable Forecast Actual Generation","RENEW_FCST_ACT_MW",3,3,12.38063,"ACTUAL",3
"50","2019-07-17",11,0,"2019-07-17T17:00:00-00:00","2019-07-17T18:00:00-00:00","SP15","Solar","Renewable Forecast Actual Generation","RENEW_FCST_ACT_MW",3,3,7062.45118,"ACTUAL",3
"51","2019-07-17",4,0,"2019-07-17T10:00:00-00:00","2019-07-17T11:00:00-00:00","SP15","Solar","Renewable Forecast Actual Generation","RENEW_FCST_ACT_MW",3,3,11.49842,"ACTUAL",3
"52","2019-07-17",15,0,"2019-07-17T21:00:00-00:00","2019-07-17T22:00:00-00:00","SP15","Solar","Renewable Forecast Actual Generation","RENEW_FCST_ACT_MW",3,3,7138.06783,"ACTUAL",3
"53","2019-07-17",3,0,"2019-07-17T09:00:00-00:00","2019-07-17T10:00:00-00:00","SP15","Solar","Renewable Forecast Actual Generation","RENEW_FCST_ACT_MW",3,3,12.46509,"ACTUAL",3
"54","2019-07-17",10,0,"2019-07-17T16:00:00-00:00","2019-07-17T17:00:00-00:00","SP15","Solar","Renewable Forecast Actual Generation","RENEW_FCST_ACT_MW",3,3,6627.76692,"ACTUAL",3
"55","2019-07-17",2,0,"2019-07-17T08:00:00-00:00","2019-07-17T09:00:00-00:00","SP15","Solar","Renewable Forecast Actual Generation","RENEW_FCST_ACT_MW",3,3,13.00145,"ACTUAL",3
"56","2019-07-17",13,0,"2019-07-17T19:00:00-00:00","2019-07-17T20:00:00-00:00","SP15","Solar","Renewable Forecast Actual Generation","RENEW_FCST_ACT_MW",3,3,7334.99869,"ACTUAL",3
"57","2019-07-17",24,0,"2019-07-18T06:00:00-00:00","2019-07-18T07:00:00-00:00","SP15","Solar","Renewable Forecast Actual Generation","RENEW_FCST_ACT_MW",3,3,12.55906,"ACTUAL",3
"58","2019-07-17",9,0,"2019-07-17T15:00:00-00:00","2019-07-17T16:00:00-00:00","SP15","Solar","Renewable Forecast Actual Generation","RENEW_FCST_ACT_MW",3,3,5824.55066,"ACTUAL",3
"59","2019-07-17",23,0,"2019-07-18T05:00:00-00:00","2019-07-18T06:00:00-00:00","SP15","Solar","Renewable Forecast Actual Generation","RENEW_FCST_ACT_MW",3,3,13.22281,"ACTUAL",3
"60","2019-07-17",16,0,"2019-07-17T22:00:00-00:00","2019-07-17T23:00:00-00:00","SP15","Solar","Renewable Forecast Actual Generation","RENEW_FCST_ACT_MW",3,3,6730.87872,"ACTUAL",3
"61","2019-07-17",22,0,"2019-07-18T04:00:00-00:00","2019-07-18T05:00:00-00:00","SP15","Solar","Renewable Forecast Actual Generation","RENEW_FCST_ACT_MW",3,3,12.84181,"ACTUAL",3
"62","2019-07-17",8,0,"2019-07-17T14:00:00-00:00","2019-07-17T15:00:00-00:00","SP15","Solar","Renewable Forecast Actual Generation","RENEW_FCST_ACT_MW",3,3,3688.0423,"ACTUAL",3
"63","2019-07-17",21,0,"2019-07-18T03:00:00-00:00","2019-07-18T04:00:00-00:00","SP15","Solar","Renewable Forecast Actual Generation","RENEW_FCST_ACT_MW",3,3,10.67036,"ACTUAL",3
"64","2019-07-17",12,0,"2019-07-17T18:00:00-00:00","2019-07-17T19:00:00-00:00","SP15","Solar","Renewable Forecast Actual Generation","RENEW_FCST_ACT_MW",3,3,7355.43465,"ACTUAL",3
"65","2019-07-17",20,0,"2019-07-18T02:00:00-00:00","2019-07-18T03:00:00-00:00","SP15","Solar","Renewable Forecast Actual Generation","RENEW_FCST_ACT_MW",3,3,558.84538,"ACTUAL",3
"66","2019-07-17",7,0,"2019-07-17T13:00:00-00:00","2019-07-17T14:00:00-00:00","SP15","Solar","Renewable Forecast Actual Generation","RENEW_FCST_ACT_MW",3,3,868.84005,"ACTUAL",3
"67","2019-07-17",19,0,"2019-07-18T01:00:00-00:00","2019-07-18T02:00:00-00:00","SP15","Solar","Renewable Forecast Actual Generation","RENEW_FCST_ACT_MW",3,3,2913.92229,"ACTUAL",3
"68","2019-07-17",14,0,"2019-07-17T20:00:00-00:00","2019-07-17T21:00:00-00:00","SP15","Solar","Renewable Forecast Actual Generation","RENEW_FCST_ACT_MW",3,3,7332.8422,"ACTUAL",3
"69","2019-07-17",17,0,"2019-07-17T23:00:00-00:00","2019-07-18T00:00:00-00:00","SP15","Solar","Renewable Forecast Actual Generation","RENEW_FCST_ACT_MW",3,3,6042.34954,"ACTUAL",3
"70","2019-07-17",18,0,"2019-07-18T00:00:00-00:00","2019-07-18T01:00:00-00:00","SP15","Wind","Renewable Forecast Actual Generation","RENEW_FCST_ACT_MW",3,1,1628.39597,"ACTUAL",4
"71","2019-07-17",19,0,"2019-07-18T01:00:00-00:00","2019-07-18T02:00:00-00:00","SP15","Wind","Renewable Forecast Actual Generation","RENEW_FCST_ACT_MW",3,1,1609.08202,"ACTUAL",4
"72","2019-07-17",20,0,"2019-07-18T02:00:00-00:00","2019-07-18T03:00:00-00:00","SP15","Wind","Renewable Forecast Actual Generation","RENEW_FCST_ACT_MW",3,1,1483.5786,"ACTUAL",4
"73","2019-07-17",21,0,"2019-07-18T03:00:00-00:00","2019-07-18T04:00:00-00:00","SP15","Wind","Renewable Forecast Actual Generation","RENEW_FCST_ACT_MW",3,1,1433.0286,"ACTUAL",4
"74","2019-07-17",22,0,"2019-07-18T04:00:00-00:00","2019-07-18T05:00:00-00:00","SP15","Wind","Renewable Forecast Actual Generation","RENEW_FCST_ACT_MW",3,1,1666.94243,"ACTUAL",4
"75","2019-07-17",23,0,"2019-07-18T05:00:00-00:00","2019-07-18T06:00:00-00:00","SP15","Wind","Renewable Forecast Actual Generation","RENEW_FCST_ACT_MW",3,1,1611.30814,"ACTUAL",4
"76","2019-07-17",24,0,"2019-07-18T06:00:00-00:00","2019-07-18T07:00:00-00:00","SP15","Wind","Renewable Forecast Actual Generation","RENEW_FCST_ACT_MW",3,1,1430.34806,"ACTUAL",4
"77","2019-07-17",2,0,"2019-07-17T08:00:00-00:00","2019-07-17T09:00:00-00:00","SP15","Wind","Renewable Forecast Actual Generation","RENEW_FCST_ACT_MW",3,1,2624.35691,"ACTUAL",4
"78","2019-07-17",3,0,"2019-07-17T09:00:00-00:00","2019-07-17T10:00:00-00:00","SP15","Wind","Renewable Forecast Actual Generation","RENEW_FCST_ACT_MW",3,1,2663.08783,"ACTUAL",4
"79","2019-07-17",4,0,"2019-07-17T10:00:00-00:00","2019-07-17T11:00:00-00:00","SP15","Wind","Renewable Forecast Actual Generation","RENEW_FCST_ACT_MW",3,1,2544.30666,"ACTUAL",4
"80","2019-07-17",5,0,"2019-07-17T11:00:00-00:00","2019-07-17T12:00:00-00:00","SP15","Wind","Renewable Forecast Actual Generation","RENEW_FCST_ACT_MW",3,1,2486.33915,"ACTUAL",4
"81","2019-07-17",6,0,"2019-07-17T12:00:00-00:00","2019-07-17T13:00:00-00:00","SP15","Wind","Renewable Forecast Actual Generation","RENEW_FCST_ACT_MW",3,1,2168.034,"ACTUAL",4
"82","2019-07-17",7,0,"2019-07-17T13:00:00-00:00","2019-07-17T14:00:00-00:00","SP15","Wind","Renewable Forecast Actual Generation","RENEW_FCST_ACT_MW",3,1,1627.1644,"ACTUAL",4
"83","2019-07-17",8,0,"2019-07-17T14:00:00-00:00","2019-07-17T15:00:00-00:00","SP15","Wind","Renewable Forecast Actual Generation","RENEW_FCST_ACT_MW",3,1,1254.94528,"ACTUAL",4
"84","2019-07-17",9,0,"2019-07-17T15:00:00-00:00","2019-07-17T16:00:00-00:00","SP15","Wind","Renewable Forecast Actual Generation","RENEW_FCST_ACT_MW",3,1,889.3267,"ACTUAL",4
"85","2019-07-17",10,0,"2019-07-17T16:00:00-00:00","2019-07-17T17:00:00-00:00","SP15","Wind","Renewable Forecast Actual Generation","RENEW_FCST_ACT_MW",3,1,419.36967,"ACTUAL",4
"86","2019-07-17",11,0,"2019-07-17T17:00:00-00:00","2019-07-17T18:00:00-00:00","SP15","Wind","Renewable Forecast Actual Generation","RENEW_FCST_ACT_MW",3,1,317.6312,"ACTUAL",4
"87","2019-07-17",12,0,"2019-07-17T18:00:00-00:00","2019-07-17T19:00:00-00:00","SP15","Wind","Renewable Forecast Actual Generation","RENEW_FCST_ACT_MW",3,1,376.80454,"ACTUAL",4
"88","2019-07-17",13,0,"2019-07-17T19:00:00-00:00","2019-07-17T20:00:00-00:00","SP15","Wind","Renewable Forecast Actual Generation","RENEW_FCST_ACT_MW",3,1,640.75736,"ACTUAL",4
"89","2019-07-17",14,0,"2019-07-17T20:00:00-00:00","2019-07-17T21:00:00-00:00","SP15","Wind","Renewable Forecast Actual Generation","RENEW_FCST_ACT_MW",3,1,764.31308,"ACTUAL",4
"90","2019-07-17",15,0,"2019-07-17T21:00:00-00:00","2019-07-17T22:00:00-00:00","SP15","Wind","Renewable Forecast Actual Generation","RENEW_FCST_ACT_MW",3,1,1105.80597,"ACTUAL",4
"91","2019-07-17",16,0,"2019-07-17T22:00:00-00:00","2019-07-17T23:00:00-00:00","SP15","Wind","Renewable Forecast Actual Generation","RENEW_FCST_ACT_MW",3,1,1254.429,"ACTUAL",4
"92","2019-07-17",17,0,"2019-07-17T23:00:00-00:00","2019-07-18T00:00:00-00:00","SP15","Wind","Renewable Forecast Actual Generation","RENEW_FCST_ACT_MW",3,1,1471.08594,"ACTUAL",4
"93","2019-07-17",18,0,"2019-07-18T00:00:00-00:00","2019-07-18T01:00:00-00:00","ZP26","Solar","Renewable Forecast Actual Generation","RENEW_FCST_ACT_MW",3,3,1214.10064,"ACTUAL",5
"94","2019-07-17",17,0,"2019-07-17T23:00:00-00:00","2019-07-18T00:00:00-00:00","ZP26","Solar","Renewable Forecast Actual Generation","RENEW_FCST_ACT_MW",3,3,1443.18368,"ACTUAL",5
"95","2019-07-17",20,0,"2019-07-18T02:00:00-00:00","2019-07-18T03:00:00-00:00","ZP26","Solar","Renewable Forecast Actual Generation","RENEW_FCST_ACT_MW",3,3,165.93138,"ACTUAL",5
"96","2019-07-17",21,0,"2019-07-18T03:00:00-00:00","2019-07-18T04:00:00-00:00","ZP26","Solar","Renewable Forecast Actual Generation","RENEW_FCST_ACT_MW",3,3,-2.57492,"ACTUAL",5
"97","2019-07-17",22,0,"2019-07-18T04:00:00-00:00","2019-07-18T05:00:00-00:00","ZP26","Solar","Renewable Forecast Actual Generation","RENEW_FCST_ACT_MW",3,3,-3.48724,"ACTUAL",5
"98","2019-07-17",23,0,"2019-07-18T05:00:00-00:00","2019-07-18T06:00:00-00:00","ZP26","Solar","Renewable Forecast Actual Generation","RENEW_FCST_ACT_MW",3,3,-3.45608,"ACTUAL",5
"99","2019-07-17",24,0,"2019-07-18T06:00:00-00:00","2019-07-18T07:00:00-00:00","ZP26","Solar","Renewable Forecast Actual Generation","RENEW_FCST_ACT_MW",3,3,-3.41775,"ACTUAL",5
"100","2019-07-17",2,0,"2019-07-17T08:00:00-00:00","2019-07-17T09:00:00-00:00","ZP26","Solar","Renewable Forecast Actual Generation","RENEW_FCST_ACT_MW",3,3,-5.38395,"ACTUAL",5
"101","2019-07-17",3,0,"2019-07-17T09:00:00-00:00","2019-07-17T10:00:00-00:00","ZP26","Solar","Renewable Forecast Actual Generation","RENEW_FCST_ACT_MW",3,3,-5.40284,"ACTUAL",5
"102","2019-07-17",4,0,"2019-07-17T10:00:00-00:00","2019-07-17T11:00:00-00:00","ZP26","Solar","Renewable Forecast Actual Generation","RENEW_FCST_ACT_MW",3,3,-5.40637,"ACTUAL",5
"103","2019-07-17",5,0,"2019-07-17T11:00:00-00:00","2019-07-17T12:00:00-00:00","ZP26","Solar","Renewable Forecast Actual Generation","RENEW_FCST_ACT_MW",3,3,-5.40335,"ACTUAL",5
"104","2019-07-17",6,0,"2019-07-17T12:00:00-00:00","2019-07-17T13:00:00-00:00","ZP26","Solar","Renewable Forecast Actual Generation","RENEW_FCST_ACT_MW",3,3,-5.45382,"ACTUAL",5
"105","2019-07-17",7,0,"2019-07-17T13:00:00-00:00","2019-07-17T14:00:00-00:00","ZP26","Solar","Renewable Forecast Actual Generation","RENEW_FCST_ACT_MW",3,3,121.62604,"ACTUAL",5
"106","2019-07-17",8,0,"2019-07-17T14:00:00-00:00","2019-07-17T15:00:00-00:00","ZP26","Solar","Renewable Forecast Actual Generation","RENEW_FCST_ACT_MW",3,3,695.63113,"ACTUAL",5
"107","2019-07-17",9,0,"2019-07-17T15:00:00-00:00","2019-07-17T16:00:00-00:00","ZP26","Solar","Renewable Forecast Actual Generation","RENEW_FCST_ACT_MW",3,3,1234.57969,"ACTUAL",5
"108","2019-07-17",10,0,"2019-07-17T16:00:00-00:00","2019-07-17T17:00:00-00:00","ZP26","Solar","Renewable Forecast Actual Generation","RENEW_FCST_ACT_MW",3,3,1491.94208,"ACTUAL",5
"109","2019-07-17",11,0,"2019-07-17T17:00:00-00:00","2019-07-17T18:00:00-00:00","ZP26","Solar","Renewable Forecast Actual Generation","RENEW_FCST_ACT_MW",3,3,1623.00247,"ACTUAL",5
"110","2019-07-17",12,0,"2019-07-17T18:00:00-00:00","2019-07-17T19:00:00-00:00","ZP26","Solar","Renewable Forecast Actual Generation","RENEW_FCST_ACT_MW",3,3,1698.33517,"ACTUAL",5
"111","2019-07-17",13,0,"2019-07-17T19:00:00-00:00","2019-07-17T20:00:00-00:00","ZP26","Solar","Renewable Forecast Actual Generation","RENEW_FCST_ACT_MW",3,3,1717.81791,"ACTUAL",5
"112","2019-07-17",14,0,"2019-07-17T20:00:00-00:00","2019-07-17T21:00:00-00:00","ZP26","Solar","Renewable Forecast Actual Generation","RENEW_FCST_ACT_MW",3,3,1696.02381,"ACTUAL",5
"113","2019-07-17",15,0,"2019-07-17T21:00:00-00:00","2019-07-17T22:00:00-00:00","ZP26","Solar","Renewable Forecast Actual Generation","RENEW_FCST_ACT_MW",3,3,1686.00636,"ACTUAL",5
"114","2019-07-17",16,0,"2019-07-17T22:00:00-00:00","2019-07-17T23:00:00-00:00","ZP26","Solar","Renewable Forecast Actual Generation","RENEW_FCST_ACT_MW",3,3,1603.46321,"ACTUAL",5
"115","2019-07-17",19,0,"2019-07-18T01:00:00-00:00","2019-07-18T02:00:00-00:00","ZP26","Solar","Renewable Forecast Actual Generation","RENEW_FCST_ACT_MW",3,3,720.17736,"ACTUAL",5
"116","2019-07-18",1,0,"2019-07-18T07:00:00-00:00","2019-07-18T08:00:00-00:00","NP15","Solar","Renewable Forecast Actual Generation","RENEW_FCST_ACT_MW",3,3,-3.52688,"ACTUAL",6
"117","2019-07-18",1,0,"2019-07-18T07:00:00-00:00","2019-07-18T08:00:00-00:00","NP15","Wind","Renewable Forecast Actual Generation","RENEW_FCST_ACT_MW",3,1,625.79343,"ACTUAL",7
"118","2019-07-18",1,0,"2019-07-18T07:00:00-00:00","2019-07-18T08:00:00-00:00","SP15","Solar","Renewable Forecast Actual Generation","RENEW_FCST_ACT_MW",3,3,13.62858,"ACTUAL",8
"119","2019-07-18",1,0,"2019-07-18T07:00:00-00:00","2019-07-18T08:00:00-00:00","SP15","Wind","Renewable Forecast Actual Generation","RENEW_FCST_ACT_MW",3,1,1188.84349,"ACTUAL",9
"120","2019-07-18",1,0,"2019-07-18T07:00:00-00:00","2019-07-18T08:00:00-00:00","ZP26","Solar","Renewable Forecast Actual Generation","RENEW_FCST_ACT_MW",3,3,-3.42172,"ACTUAL",10
