"","OPR_DT","OPR_HR","OPR_INTERVAL","INTERVALSTARTTIME_GMT","INTERVALENDTIME_GMT","TRADING_HUB","RENEWABLE_TYPE","LABEL","XML_DATA_ITEM","MARKET_RUN_ID_POS","RENEW_POS","MW","MARKET_RUN_ID","GROUP"
"1","2019-05-24",2,0,"2019-05-24T08:00:00-00:00","2019-05-24T09:00:00-00:00","NP15","Solar","Renewable Forecast Actual Generation","RENEW_FCST_ACT_MW",3,3,-1.9474,"ACTUAL",1
"2","2019-05-24",3,0,"2019-05-24T09:00:00-00:00","2019-05-24T10:00:00-00:00","NP15","Solar","Renewable Forecast Actual Generation","RENEW_FCST_ACT_MW",3,3,-2.21288,"ACTUAL",1
"3","2019-05-24",4,0,"2019-05-24T10:00:00-00:00","2019-05-24T11:00:00-00:00","NP15","Solar","Renewable Forecast Actual Generation","RENEW_FCST_ACT_MW",3,3,-2.18597,"ACTUAL",1
"4","2019-05-24",5,0,"2019-05-24T11:00:00-00:00","2019-05-24T12:00:00-00:00","NP15","Solar","Renewable Forecast Actual Generation","RENEW_FCST_ACT_MW",3,3,-2.19966,"ACTUAL",1
"5","2019-05-24",6,0,"2019-05-24T12:00:00-00:00","2019-05-24T13:00:00-00:00","NP15","Solar","Renewable Forecast Actual Generation","RENEW_FCST_ACT_MW",3,3,-1.50356,"ACTUAL",1
"6","2019-05-24",7,0,"2019-05-24T13:00:00-00:00","2019-05-24T14:00:00-00:00","NP15","Solar","Renewable Forecast Actual Generation","RENEW_FCST_ACT_MW",3,3,200.19274,"ACTUAL",1
"7","2019-05-24",8,0,"2019-05-24T14:00:00-00:00","2019-05-24T15:00:00-00:00","NP15","Solar","Renewable Forecast Actual Generation","RENEW_FCST_ACT_MW",3,3,873.05397,"ACTUAL",1
"8","2019-05-24",9,0,"2019-05-24T15:00:00-00:00","2019-05-24T16:00:00-00:00","NP15","Solar","Renewable Forecast Actual Generation","RENEW_FCST_ACT_MW",3,3,1243.02401,"ACTUAL",1
"9","2019-05-24",10,0,"2019-05-24T16:00:00-00:00","2019-05-24T17:00:00-00:00","NP15","Solar","Renewable Forecast Actual Generation","RENEW_FCST_ACT_MW",3,3,1267.20432,"ACTUAL",1
"10","2019-05-24",11,0,"2019-05-24T17:00:00-00:00","2019-05-24T18:00:00-00:00","NP15","Solar","Renewable Forecast Actual Generation","RENEW_FCST_ACT_MW",3,3,1223.53659,"ACTUAL",1
"11","2019-05-24",12,0,"2019-05-24T18:00:00-00:00","2019-05-24T19:00:00-00:00","NP15","Solar","Renewable Forecast Actual Generation","RENEW_FCST_ACT_MW",3,3,1230.93015,"ACTUAL",1
"12","2019-05-24",13,0,"2019-05-24T19:00:00-00:00","2019-05-24T20:00:00-00:00","NP15","Solar","Renewable Forecast Actual Generation","RENEW_FCST_ACT_MW",3,3,1230.9892,"ACTUAL",1
"13","2019-05-24",14,0,"2019-05-24T20:00:00-00:00","2019-05-24T21:00:00-00:00","NP15","Solar","Renewable Forecast Actual Generation","RENEW_FCST_ACT_MW",3,3,1261.78443,"ACTUAL",1
"14","2019-05-24",15,0,"2019-05-24T21:00:00-00:00","2019-05-24T22:00:00-00:00","NP15","Solar","Renewable Forecast Actual Generation","RENEW_FCST_ACT_MW",3,3,1301.82986,"ACTUAL",1
"15","2019-05-24",16,0,"2019-05-24T22:00:00-00:00","2019-05-24T23:00:00-00:00","NP15","Solar","Renewable Forecast Actual Generation","RENEW_FCST_ACT_MW",3,3,1299.26056,"ACTUAL",1
"16","2019-05-24",17,0,"2019-05-24T23:00:00-00:00","2019-05-25T00:00:00-00:00","NP15","Solar","Renewable Forecast Actual Generation","RENEW_FCST_ACT_MW",3,3,1221.39032,"ACTUAL",1
"17","2019-05-24",18,0,"2019-05-25T00:00:00-00:00","2019-05-25T01:00:00-00:00","NP15","Solar","Renewable Forecast Actual Generation","RENEW_FCST_ACT_MW",3,3,1169.28071,"ACTUAL",1
"18","2019-05-24",19,0,"2019-05-25T01:00:00-00:00","2019-05-25T02:00:00-00:00","NP15","Solar","Renewable Forecast Actual Generation","RENEW_FCST_ACT_MW",3,3,680.21936,"ACTUAL",1
"19","2019-05-24",20,0,"2019-05-25T02:00:00-00:00","2019-05-25T03:00:00-00:00","NP15","Solar","Renewable Forecast Actual Generation","RENEW_FCST_ACT_MW",3,3,153.71695,"ACTUAL",1
"20","2019-05-24",21,0,"2019-05-25T03:00:00-00:00","2019-05-25T04:00:00-00:00","NP15","Solar","Renewable Forecast Actual Generation","RENEW_FCST_ACT_MW",3,3,-2.0391,"ACTUAL",1
"21","2019-05-24",22,0,"2019-05-25T04:00:00-00:00","2019-05-25T05:00:00-00:00","NP15","Solar","Renewable Forecast Actual Generation","RENEW_FCST_ACT_MW",3,3,-3.06038,"ACTUAL",1
"22","2019-05-24",23,0,"2019-05-25T05:00:00-00:00","2019-05-25T06:00:00-00:00","NP15","Solar","Renewable Forecast Actual Generation","RENEW_FCST_ACT_MW",3,3,-3.05081,"ACTUAL",1
"23","2019-05-24",24,0,"2019-05-25T06:00:00-00:00","2019-05-25T07:00:00-00:00","NP15","Solar","Renewable Forecast Actual Generation","RENEW_FCST_ACT_MW",3,3,-3.04215,"ACTUAL",1
"24","2019-05-24",18,0,"2019-05-25T00:00:00-00:00","2019-05-25T01:00:00-00:00","NP15","Wind","Renewable Forecast Actual Generation","RENEW_FCST_ACT_MW",3,1,639.52368,"ACTUAL",2
"25","2019-05-24",6,0,"2019-05-24T12:00:00-00:00","2019-05-24T13:00:00-00:00","NP15","Wind","Renewable Forecast Actual Generation","RENEW_FCST_ACT_MW",3,1,666.38098,"ACTUAL",2
"26","2019-05-24",17,0,"2019-05-24T23:00:00-00:00","2019-05-25T00:00:00-00:00","NP15","Wind","Renewable Forecast Actual Generation","RENEW_FCST_ACT_MW",3,1,558.99185,"ACTUAL",2
"27","2019-05-24",16,0,"2019-05-24T22:00:00-00:00","2019-05-24T23:00:00-00:00","NP15","Wind","Renewable Forecast Actual Generation","RENEW_FCST_ACT_MW",3,1,408.0609,"ACTUAL",2
"28","2019-05-24",15,0,"2019-05-24T21:00:00-00:00","2019-05-24T22:00:00-00:00","NP15","Wind","Renewable Forecast Actual Generation","RENEW_FCST_ACT_MW",3,1,450.87718,"ACTUAL",2
"29","2019-05-24",14,0,"2019-05-24T20:00:00-00:00","2019-05-24T21:00:00-00:00","NP15","Wind","Renewable Forecast Actual Generation","RENEW_FCST_ACT_MW",3,1,539.7596,"ACTUAL",2
"30","2019-05-24",13,0,"2019-05-24T19:00:00-00:00","2019-05-24T20:00:00-00:00","NP15","Wind","Renewable Forecast Actual Generation","RENEW_FCST_ACT_MW",3,1,516.46285,"ACTUAL",2
"31","2019-05-24",12,0,"2019-05-24T18:00:00-00:00","2019-05-24T19:00:00-00:00","NP15","Wind","Renewable Forecast Actual Generation","RENEW_FCST_ACT_MW",3,1,336.72102,"ACTUAL",2
"32","2019-05-24",11,0,"2019-05-24T17:00:00-00:00","2019-05-24T18:00:00-00:00","NP15","Wind","Renewable Forecast Actual Generation","RENEW_FCST_ACT_MW",3,1,350.04449,"ACTUAL",2
"33","2019-05-24",10,0,"2019-05-24T16:00:00-00:00","2019-05-24T17:00:00-00:00","NP15","Wind","Renewable Forecast Actual Generation","RENEW_FCST_ACT_MW",3,1,463.74082,"ACTUAL",2
"34","2019-05-24",9,0,"2019-05-24T15:00:00-00:00","2019-05-24T16:00:00-00:00","NP15","Wind","Renewable Forecast Actual Generation","RENEW_FCST_ACT_MW",3,1,606.58853,"ACTUAL",2
"35","2019-05-24",8,0,"2019-05-24T14:00:00-00:00","2019-05-24T15:00:00-00:00","NP15","Wind","Renewable Forecast Actual Generation","RENEW_FCST_ACT_MW",3,1,586.20847,"ACTUAL",2
"36","2019-05-24",7,0,"2019-05-24T13:00:00-00:00","2019-05-24T14:00:00-00:00","NP15","Wind","Renewable Forecast Actual Generation","RENEW_FCST_ACT_MW",3,1,603.20483,"ACTUAL",2
"37","2019-05-24",5,0,"2019-05-24T11:00:00-00:00","2019-05-24T12:00:00-00:00","NP15","Wind","Renewable Forecast Actual Generation","RENEW_FCST_ACT_MW",3,1,783.18913,"ACTUAL",2
"38","2019-05-24",4,0,"2019-05-24T10:00:00-00:00","2019-05-24T11:00:00-00:00","NP15","Wind","Renewable Forecast Actual Generation","RENEW_FCST_ACT_MW",3,1,1017.63042,"ACTUAL",2
"39","2019-05-24",3,0,"2019-05-24T09:00:00-00:00","2019-05-24T10:00:00-00:00","NP15","Wind","Renewable Forecast Actual Generation","RENEW_FCST_ACT_MW",3,1,1087.07806,"ACTUAL",2
"40","2019-05-24",2,0,"2019-05-24T08:00:00-00:00","2019-05-24T09:00:00-00:00","NP15","Wind","Renewable Forecast Actual Generation","RENEW_FCST_ACT_MW",3,1,1089.05708,"ACTUAL",2
"41","2019-05-24",24,0,"2019-05-25T06:00:00-00:00","2019-05-25T07:00:00-00:00","NP15","Wind","Renewable Forecast Actual Generation","RENEW_FCST_ACT_MW",3,1,986.81525,"ACTUAL",2
"42","2019-05-24",23,0,"2019-05-25T05:00:00-00:00","2019-05-25T06:00:00-00:00","NP15","Wind","Renewable Forecast Actual Generation","RENEW_FCST_ACT_MW",3,1,989.94785,"ACTUAL",2
"43","2019-05-24",22,0,"2019-05-25T04:00:00-00:00","2019-05-25T05:00:00-00:00","NP15","Wind","Renewable Forecast Actual Generation","RENEW_FCST_ACT_MW",3,1,965.76894,"ACTUAL",2
"44","2019-05-24",21,0,"2019-05-25T03:00:00-00:00","2019-05-25T04:00:00-00:00","NP15","Wind","Renewable Forecast Actual Generation","RENEW_FCST_ACT_MW",3,1,871.95002,"ACTUAL",2
"45","2019-05-24",20,0,"2019-05-25T02:00:00-00:00","2019-05-25T03:00:00-00:00","NP15","Wind","Renewable Forecast Actual Generation","RENEW_FCST_ACT_MW",3,1,987.9289,"ACTUAL",2
"46","2019-05-24",19,0,"2019-05-25T01:00:00-00:00","2019-05-25T02:00:00-00:00","NP15","Wind","Renewable Forecast Actual Generation","RENEW_FCST_ACT_MW",3,1,845.66546,"ACTUAL",2
"47","2019-05-24",6,0,"2019-05-24T12:00:00-00:00","2019-05-24T13:00:00-00:00","SP15","Solar","Renewable Forecast Actual Generation","RENEW_FCST_ACT_MW",3,3,11.01998,"ACTUAL",3
"48","2019-05-24",18,0,"2019-05-25T00:00:00-00:00","2019-05-25T01:00:00-00:00","SP15","Solar","Renewable Forecast Actual Generation","RENEW_FCST_ACT_MW",3,3,4479.29782,"ACTUAL",3
"49","2019-05-24",5,0,"2019-05-24T11:00:00-00:00","2019-05-24T12:00:00-00:00","SP15","Solar","Renewable Forecast Actual Generation","RENEW_FCST_ACT_MW",3,3,-7.14569,"ACTUAL",3
"50","2019-05-24",11,0,"2019-05-24T17:00:00-00:00","2019-05-24T18:00:00-00:00","SP15","Solar","Renewable Forecast Actual Generation","RENEW_FCST_ACT_MW",3,3,6682.99226,"ACTUAL",3
"51","2019-05-24",4,0,"2019-05-24T10:00:00-00:00","2019-05-24T11:00:00-00:00","SP15","Solar","Renewable Forecast Actual Generation","RENEW_FCST_ACT_MW",3,3,-6.96581,"ACTUAL",3
"52","2019-05-24",15,0,"2019-05-24T21:00:00-00:00","2019-05-24T22:00:00-00:00","SP15","Solar","Renewable Forecast Actual Generation","RENEW_FCST_ACT_MW",3,3,6230.50447,"ACTUAL",3
"53","2019-05-24",3,0,"2019-05-24T09:00:00-00:00","2019-05-24T10:00:00-00:00","SP15","Solar","Renewable Forecast Actual Generation","RENEW_FCST_ACT_MW",3,3,-4.41342,"ACTUAL",3
"54","2019-05-24",10,0,"2019-05-24T16:00:00-00:00","2019-05-24T17:00:00-00:00","SP15","Solar","Renewable Forecast Actual Generation","RENEW_FCST_ACT_MW",3,3,6063.675,"ACTUAL",3
"55","2019-05-24",2,0,"2019-05-24T08:00:00-00:00","2019-05-24T09:00:00-00:00","SP15","Solar","Renewable Forecast Actual Generation","RENEW_FCST_ACT_MW",3,3,-4.47525,"ACTUAL",3
"56","2019-05-24",13,0,"2019-05-24T19:00:00-00:00","2019-05-24T20:00:00-00:00","SP15","Solar","Renewable Forecast Actual Generation","RENEW_FCST_ACT_MW",3,3,6287.79448,"ACTUAL",3
"57","2019-05-24",24,0,"2019-05-25T06:00:00-00:00","2019-05-25T07:00:00-00:00","SP15","Solar","Renewable Forecast Actual Generation","RENEW_FCST_ACT_MW",3,3,-24.58109,"ACTUAL",3
"58","2019-05-24",9,0,"2019-05-24T15:00:00-00:00","2019-05-24T16:00:00-00:00","SP15","Solar","Renewable Forecast Actual Generation","RENEW_FCST_ACT_MW",3,3,5137.4349,"ACTUAL",3
"59","2019-05-24",23,0,"2019-05-25T05:00:00-00:00","2019-05-25T06:00:00-00:00","SP15","Solar","Renewable Forecast Actual Generation","RENEW_FCST_ACT_MW",3,3,-24.54635,"ACTUAL",3
"60","2019-05-24",16,0,"2019-05-24T22:00:00-00:00","2019-05-24T23:00:00-00:00","SP15","Solar","Renewable Forecast Actual Generation","RENEW_FCST_ACT_MW",3,3,5794.09146,"ACTUAL",3
"61","2019-05-24",22,0,"2019-05-25T04:00:00-00:00","2019-05-25T05:00:00-00:00","SP15","Solar","Renewable Forecast Actual Generation","RENEW_FCST_ACT_MW",3,3,-14.03914,"ACTUAL",3
"62","2019-05-24",8,0,"2019-05-24T14:00:00-00:00","2019-05-24T15:00:00-00:00","SP15","Solar","Renewable Forecast Actual Generation","RENEW_FCST_ACT_MW",3,3,3664.63375,"ACTUAL",3
"63","2019-05-24",21,0,"2019-05-25T03:00:00-00:00","2019-05-25T04:00:00-00:00","SP15","Solar","Renewable Forecast Actual Generation","RENEW_FCST_ACT_MW",3,3,-4.95183,"ACTUAL",3
"64","2019-05-24",12,0,"2019-05-24T18:00:00-00:00","2019-05-24T19:00:00-00:00","SP15","Solar","Renewable Forecast Actual Generation","RENEW_FCST_ACT_MW",3,3,6422.11192,"ACTUAL",3
"65","2019-05-24",20,0,"2019-05-25T02:00:00-00:00","2019-05-25T03:00:00-00:00","SP15","Solar","Renewable Forecast Actual Generation","RENEW_FCST_ACT_MW",3,3,353.54563,"ACTUAL",3
"66","2019-05-24",7,0,"2019-05-24T13:00:00-00:00","2019-05-24T14:00:00-00:00","SP15","Solar","Renewable Forecast Actual Generation","RENEW_FCST_ACT_MW",3,3,1097.26743,"ACTUAL",3
"67","2019-05-24",19,0,"2019-05-25T01:00:00-00:00","2019-05-25T02:00:00-00:00","SP15","Solar","Renewable Forecast Actual Generation","RENEW_FCST_ACT_MW",3,3,2152.6061,"ACTUAL",3
"68","2019-05-24",14,0,"2019-05-24T20:00:00-00:00","2019-05-24T21:00:00-00:00","SP15","Solar","Renewable Forecast Actual Generation","RENEW_FCST_ACT_MW",3,3,6358.55111,"ACTUAL",3
"69","2019-05-24",17,0,"2019-05-24T23:00:00-00:00","2019-05-25T00:00:00-00:00","SP15","Solar","Renewable Forecast Actual Generation","RENEW_FCST_ACT_MW",3,3,5205.25489,"ACTUAL",3
"70","2019-05-24",18,0,"2019-05-25T00:00:00-00:00","2019-05-25T01:00:00-00:00","SP15","Wind","Renewable Forecast Actual Generation","RENEW_FCST_ACT_MW",3,1,393.54695,"ACTUAL",4
"71","2019-05-24",19,0,"2019-05-25T01:00:00-00:00","2019-05-25T02:00:00-00:00","SP15","Wind","Renewable Forecast Actual Generation","RENEW_FCST_ACT_MW",3,1,670.31692,"ACTUAL",4
"72","2019-05-24",20,0,"2019-05-25T02:00:00-00:00","2019-05-25T03:00:00-00:00","SP15","Wind","Renewable Forecast Actual Generation","RENEW_FCST_ACT_MW",3,1,995.9462,"ACTUAL",4
"73","2019-05-24",21,0,"2019-05-25T03:00:00-00:00","2019-05-25T04:00:00-00:00","SP15","Wind","Renewable Forecast Actual Generation","RENEW_FCST_ACT_MW",3,1,1358.67404,"ACTUAL",4
"74","2019-05-24",22,0,"2019-05-25T04:00:00-00:00","2019-05-25T05:00:00-00:00","SP15","Wind","Renewable Forecast Actual Generation","RENEW_FCST_ACT_MW",3,1,1765.33474,"ACTUAL",4
"75","2019-05-24",23,0,"2019-05-25T05:00:00-00:00","2019-05-25T06:00:00-00:00","SP15","Wind","Renewable Forecast Actual Generation","RENEW_FCST_ACT_MW",3,1,1870.12688,"ACTUAL",4
"76","2019-05-24",24,0,"2019-05-25T06:00:00-00:00","2019-05-25T07:00:00-00:00","SP15","Wind","Renewable Forecast Actual Generation","RENEW_FCST_ACT_MW",3,1,2006.02902,"ACTUAL",4
"77","2019-05-24",2,0,"2019-05-24T08:00:00-00:00","2019-05-24T09:00:00-00:00","SP15","Wind","Renewable Forecast Actual Generation","RENEW_FCST_ACT_MW",3,1,1003.88605,"ACTUAL",4
"78","2019-05-24",3,0,"2019-05-24T09:00:00-00:00","2019-05-24T10:00:00-00:00","SP15","Wind","Renewable Forecast Actual Generation","RENEW_FCST_ACT_MW",3,1,814.31904,"ACTUAL",4
"79","2019-05-24",4,0,"2019-05-24T10:00:00-00:00","2019-05-24T11:00:00-00:00","SP15","Wind","Renewable Forecast Actual Generation","RENEW_FCST_ACT_MW",3,1,630.05914,"ACTUAL",4
"80","2019-05-24",5,0,"2019-05-24T11:00:00-00:00","2019-05-24T12:00:00-00:00","SP15","Wind","Renewable Forecast Actual Generation","RENEW_FCST_ACT_MW",3,1,533.51073,"ACTUAL",4
"81","2019-05-24",6,0,"2019-05-24T12:00:00-00:00","2019-05-24T13:00:00-00:00","SP15","Wind","Renewable Forecast Actual Generation","RENEW_FCST_ACT_MW",3,1,469.8156,"ACTUAL",4
"82","2019-05-24",7,0,"2019-05-24T13:00:00-00:00","2019-05-24T14:00:00-00:00","SP15","Wind","Renewable Forecast Actual Generation","RENEW_FCST_ACT_MW",3,1,458.73149,"ACTUAL",4
"83","2019-05-24",8,0,"2019-05-24T14:00:00-00:00","2019-05-24T15:00:00-00:00","SP15","Wind","Renewable Forecast Actual Generation","RENEW_FCST_ACT_MW",3,1,387.93384,"ACTUAL",4
"84","2019-05-24",9,0,"2019-05-24T15:00:00-00:00","2019-05-24T16:00:00-00:00","SP15","Wind","Renewable Forecast Actual Generation","RENEW_FCST_ACT_MW",3,1,238.6801,"ACTUAL",4
"85","2019-05-24",10,0,"2019-05-24T16:00:00-00:00","2019-05-24T17:00:00-00:00","SP15","Wind","Renewable Forecast Actual Generation","RENEW_FCST_ACT_MW",3,1,240.39264,"ACTUAL",4
"86","2019-05-24",11,0,"2019-05-24T17:00:00-00:00","2019-05-24T18:00:00-00:00","SP15","Wind","Renewable Forecast Actual Generation","RENEW_FCST_ACT_MW",3,1,405.60776,"ACTUAL",4
"87","2019-05-24",12,0,"2019-05-24T18:00:00-00:00","2019-05-24T19:00:00-00:00","SP15","Wind","Renewable Forecast Actual Generation","RENEW_FCST_ACT_MW",3,1,442.19896,"ACTUAL",4
"88","2019-05-24",13,0,"2019-05-24T19:00:00-00:00","2019-05-24T20:00:00-00:00","SP15","Wind","Renewable Forecast Actual Generation","RENEW_FCST_ACT_MW",3,1,363.69842,"ACTUAL",4
"89","2019-05-24",14,0,"2019-05-24T20:00:00-00:00","2019-05-24T21:00:00-00:00","SP15","Wind","Renewable Forecast Actual Generation","RENEW_FCST_ACT_MW",3,1,294.81567,"ACTUAL",4
"90","2019-05-24",15,0,"2019-05-24T21:00:00-00:00","2019-05-24T22:00:00-00:00","SP15","Wind","Renewable Forecast Actual Generation","RENEW_FCST_ACT_MW",3,1,243.47949,"ACTUAL",4
"91","2019-05-24",16,0,"2019-05-24T22:00:00-00:00","2019-05-24T23:00:00-00:00","SP15","Wind","Renewable Forecast Actual Generation","RENEW_FCST_ACT_MW",3,1,217.43263,"ACTUAL",4
"92","2019-05-24",17,0,"2019-05-24T23:00:00-00:00","2019-05-25T00:00:00-00:00","SP15","Wind","Renewable Forecast Actual Generation","RENEW_FCST_ACT_MW",3,1,231.57473,"ACTUAL",4
"93","2019-05-24",18,0,"2019-05-25T00:00:00-00:00","2019-05-25T01:00:00-00:00","ZP26","Solar","Renewable Forecast Actual Generation","RENEW_FCST_ACT_MW",3,3,1018.59736,"ACTUAL",5
"94","2019-05-24",17,0,"2019-05-24T23:00:00-00:00","2019-05-25T00:00:00-00:00","ZP26","Solar","Renewable Forecast Actual Generation","RENEW_FCST_ACT_MW",3,3,1322.28545,"ACTUAL",5
"95","2019-05-24",20,0,"2019-05-25T02:00:00-00:00","2019-05-25T03:00:00-00:00","ZP26","Solar","Renewable Forecast Actual Generation","RENEW_FCST_ACT_MW",3,3,85.20198,"ACTUAL",5
"96","2019-05-24",21,0,"2019-05-25T03:00:00-00:00","2019-05-25T04:00:00-00:00","ZP26","Solar","Renewable Forecast Actual Generation","RENEW_FCST_ACT_MW",3,3,-5.30972,"ACTUAL",5
"97","2019-05-24",22,0,"2019-05-25T04:00:00-00:00","2019-05-25T05:00:00-00:00","ZP26","Solar","Renewable Forecast Actual Generation","RENEW_FCST_ACT_MW",3,3,-4.92588,"ACTUAL",5
"98","2019-05-24",23,0,"2019-05-25T05:00:00-00:00","2019-05-25T06:00:00-00:00","ZP26","Solar","Renewable Forecast Actual Generation","RENEW_FCST_ACT_MW",3,3,-4.93321,"ACTUAL",5
"99","2019-05-24",24,0,"2019-05-25T06:00:00-00:00","2019-05-25T07:00:00-00:00","ZP26","Solar","Renewable Forecast Actual Generation","RENEW_FCST_ACT_MW",3,3,-4.95534,"ACTUAL",5
"100","2019-05-24",2,0,"2019-05-24T08:00:00-00:00","2019-05-24T09:00:00-00:00","ZP26","Solar","Renewable Forecast Actual Generation","RENEW_FCST_ACT_MW",3,3,-5.05446,"ACTUAL",5
"101","2019-05-24",3,0,"2019-05-24T09:00:00-00:00","2019-05-24T10:00:00-00:00","ZP26","Solar","Renewable Forecast Actual Generation","RENEW_FCST_ACT_MW",3,3,-5.06338,"ACTUAL",5
"102","2019-05-24",4,0,"2019-05-24T10:00:00-00:00","2019-05-24T11:00:00-00:00","ZP26","Solar","Renewable Forecast Actual Generation","RENEW_FCST_ACT_MW",3,3,-4.99558,"ACTUAL",5
"103","2019-05-24",5,0,"2019-05-24T11:00:00-00:00","2019-05-24T12:00:00-00:00","ZP26","Solar","Renewable Forecast Actual Generation","RENEW_FCST_ACT_MW",3,3,-5.21622,"ACTUAL",5
"104","2019-05-24",6,0,"2019-05-24T12:00:00-00:00","2019-05-24T13:00:00-00:00","ZP26","Solar","Renewable Forecast Actual Generation","RENEW_FCST_ACT_MW",3,3,-5.23897,"ACTUAL",5
"105","2019-05-24",7,0,"2019-05-24T13:00:00-00:00","2019-05-24T14:00:00-00:00","ZP26","Solar","Renewable Forecast Actual Generation","RENEW_FCST_ACT_MW",3,3,73.97798,"ACTUAL",5
"106","2019-05-24",8,0,"2019-05-24T14:00:00-00:00","2019-05-24T15:00:00-00:00","ZP26","Solar","Renewable Forecast Actual Generation","RENEW_FCST_ACT_MW",3,3,433.56596,"ACTUAL",5
"107","2019-05-24",9,0,"2019-05-24T15:00:00-00:00","2019-05-24T16:00:00-00:00","ZP26","Solar","Renewable Forecast Actual Generation","RENEW_FCST_ACT_MW",3,3,887.46756,"ACTUAL",5
"108","2019-05-24",10,0,"2019-05-24T16:00:00-00:00","2019-05-24T17:00:00-00:00","ZP26","Solar","Renewable Forecast Actual Generation","RENEW_FCST_ACT_MW",3,3,1310.14309,"ACTUAL",5
"109","2019-05-24",11,0,"2019-05-24T17:00:00-00:00","2019-05-24T18:00:00-00:00","ZP26","Solar","Renewable Forecast Actual Generation","RENEW_FCST_ACT_MW",3,3,1385.72374,"ACTUAL",5
"110","2019-05-24",12,0,"2019-05-24T18:00:00-00:00","2019-05-24T19:00:00-00:00","ZP26","Solar","Renewable Forecast Actual Generation","RENEW_FCST_ACT_MW",3,3,1445.99847,"ACTUAL",5
"111","2019-05-24",13,0,"2019-05-24T19:00:00-00:00","2019-05-24T20:00:00-00:00","ZP26","Solar","Renewable Forecast Actual Generation","RENEW_FCST_ACT_MW",3,3,1531.29609,"ACTUAL",5
"112","2019-05-24",14,0,"2019-05-24T20:00:00-00:00","2019-05-24T21:00:00-00:00","ZP26","Solar","Renewable Forecast Actual Generation","RENEW_FCST_ACT_MW",3,3,1491.25904,"ACTUAL",5
"113","2019-05-24",15,0,"2019-05-24T21:00:00-00:00","2019-05-24T22:00:00-00:00","ZP26","Solar","Renewable Forecast Actual Generation","RENEW_FCST_ACT_MW",3,3,1422.48647,"ACTUAL",5
"114","2019-05-24",16,0,"2019-05-24T22:00:00-00:00","2019-05-24T23:00:00-00:00","ZP26","Solar","Renewable Forecast Actual Generation","RENEW_FCST_ACT_MW",3,3,1448.50461,"ACTUAL",5
"115","2019-05-24",19,0,"2019-05-25T01:00:00-00:00","2019-05-25T02:00:00-00:00","ZP26","Solar","Renewable Forecast Actual Generation","RENEW_FCST_ACT_MW",3,3,504.30106,"ACTUAL",5
"116","2019-05-25",1,0,"2019-05-25T07:00:00-00:00","2019-05-25T08:00:00-00:00","NP15","Solar","Renewable Forecast Actual Generation","RENEW_FCST_ACT_MW",3,3,-3.3525,"ACTUAL",6
"117","2019-05-25",1,0,"2019-05-25T07:00:00-00:00","2019-05-25T08:00:00-00:00","NP15","Wind","Renewable Forecast Actual Generation","RENEW_FCST_ACT_MW",3,1,1000.7485,"ACTUAL",7
"118","2019-05-25",1,0,"2019-05-25T07:00:00-00:00","2019-05-25T08:00:00-00:00","SP15","Solar","Renewable Forecast Actual Generation","RENEW_FCST_ACT_MW",3,3,-27.01278,"ACTUAL",8
"119","2019-05-25",1,0,"2019-05-25T07:00:00-00:00","2019-05-25T08:00:00-00:00","SP15","Wind","Renewable Forecast Actual Generation","RENEW_FCST_ACT_MW",3,1,1875.2278,"ACTUAL",9
"120","2019-05-25",1,0,"2019-05-25T07:00:00-00:00","2019-05-25T08:00:00-00:00","ZP26","Solar","Renewable Forecast Actual Generation","RENEW_FCST_ACT_MW",3,3,-4.99014,"ACTUAL",10
