"","OPR_DT","OPR_HR","OPR_INTERVAL","INTERVALSTARTTIME_GMT","INTERVALENDTIME_GMT","TRADING_HUB","RENEWABLE_TYPE","LABEL","XML_DATA_ITEM","MARKET_RUN_ID_POS","RENEW_POS","MW","MARKET_RUN_ID","GROUP"
"1","2019-03-19",2,0,"2019-03-19T08:00:00-00:00","2019-03-19T09:00:00-00:00","NP15","Solar","Renewable Forecast Actual Generation","RENEW_FCST_ACT_MW",3,3,-2.77925,"ACTUAL",1
"2","2019-03-19",3,0,"2019-03-19T09:00:00-00:00","2019-03-19T10:00:00-00:00","NP15","Solar","Renewable Forecast Actual Generation","RENEW_FCST_ACT_MW",3,3,-3.08873,"ACTUAL",1
"3","2019-03-19",4,0,"2019-03-19T10:00:00-00:00","2019-03-19T11:00:00-00:00","NP15","Solar","Renewable Forecast Actual Generation","RENEW_FCST_ACT_MW",3,3,-3.26848,"ACTUAL",1
"4","2019-03-19",5,0,"2019-03-19T11:00:00-00:00","2019-03-19T12:00:00-00:00","NP15","Solar","Renewable Forecast Actual Generation","RENEW_FCST_ACT_MW",3,3,-3.26471,"ACTUAL",1
"5","2019-03-19",6,0,"2019-03-19T12:00:00-00:00","2019-03-19T13:00:00-00:00","NP15","Solar","Renewable Forecast Actual Generation","RENEW_FCST_ACT_MW",3,3,-3.23327,"ACTUAL",1
"6","2019-03-19",7,0,"2019-03-19T13:00:00-00:00","2019-03-19T14:00:00-00:00","NP15","Solar","Renewable Forecast Actual Generation","RENEW_FCST_ACT_MW",3,3,-3.28495,"ACTUAL",1
"7","2019-03-19",8,0,"2019-03-19T14:00:00-00:00","2019-03-19T15:00:00-00:00","NP15","Solar","Renewable Forecast Actual Generation","RENEW_FCST_ACT_MW",3,3,54.42905,"ACTUAL",1
"8","2019-03-19",9,0,"2019-03-19T15:00:00-00:00","2019-03-19T16:00:00-00:00","NP15","Solar","Renewable Forecast Actual Generation","RENEW_FCST_ACT_MW",3,3,392.33459,"ACTUAL",1
"9","2019-03-19",10,0,"2019-03-19T16:00:00-00:00","2019-03-19T17:00:00-00:00","NP15","Solar","Renewable Forecast Actual Generation","RENEW_FCST_ACT_MW",3,3,753.45818,"ACTUAL",1
"10","2019-03-19",11,0,"2019-03-19T17:00:00-00:00","2019-03-19T18:00:00-00:00","NP15","Solar","Renewable Forecast Actual Generation","RENEW_FCST_ACT_MW",3,3,720.19065,"ACTUAL",1
"11","2019-03-19",12,0,"2019-03-19T18:00:00-00:00","2019-03-19T19:00:00-00:00","NP15","Solar","Renewable Forecast Actual Generation","RENEW_FCST_ACT_MW",3,3,1102.40712,"ACTUAL",1
"12","2019-03-19",13,0,"2019-03-19T19:00:00-00:00","2019-03-19T20:00:00-00:00","NP15","Solar","Renewable Forecast Actual Generation","RENEW_FCST_ACT_MW",3,3,1245.64139,"ACTUAL",1
"13","2019-03-19",14,0,"2019-03-19T20:00:00-00:00","2019-03-19T21:00:00-00:00","NP15","Solar","Renewable Forecast Actual Generation","RENEW_FCST_ACT_MW",3,3,1056.1474,"ACTUAL",1
"14","2019-03-19",15,0,"2019-03-19T21:00:00-00:00","2019-03-19T22:00:00-00:00","NP15","Solar","Renewable Forecast Actual Generation","RENEW_FCST_ACT_MW",3,3,1034.46062,"ACTUAL",1
"15","2019-03-19",16,0,"2019-03-19T22:00:00-00:00","2019-03-19T23:00:00-00:00","NP15","Solar","Renewable Forecast Actual Generation","RENEW_FCST_ACT_MW",3,3,516.11753,"ACTUAL",1
"16","2019-03-19",17,0,"2019-03-19T23:00:00-00:00","2019-03-20T00:00:00-00:00","NP15","Solar","Renewable Forecast Actual Generation","RENEW_FCST_ACT_MW",3,3,230.03541,"ACTUAL",1
"17","2019-03-19",18,0,"2019-03-20T00:00:00-00:00","2019-03-20T01:00:00-00:00","NP15","Solar","Renewable Forecast Actual Generation","RENEW_FCST_ACT_MW",3,3,220.12263,"ACTUAL",1
"18","2019-03-19",19,0,"2019-03-20T01:00:00-00:00","2019-03-20T02:00:00-00:00","NP15","Solar","Renewable Forecast Actual Generation","RENEW_FCST_ACT_MW",3,3,123.53682,"ACTUAL",1
"19","2019-03-19",20,0,"2019-03-20T02:00:00-00:00","2019-03-20T03:00:00-00:00","NP15","Solar","Renewable Forecast Actual Generation","RENEW_FCST_ACT_MW",3,3,-2.99478,"ACTUAL",1
"20","2019-03-19",21,0,"2019-03-20T03:00:00-00:00","2019-03-20T04:00:00-00:00","NP15","Solar","Renewable Forecast Actual Generation","RENEW_FCST_ACT_MW",3,3,-3.31732,"ACTUAL",1
"21","2019-03-19",22,0,"2019-03-20T04:00:00-00:00","2019-03-20T05:00:00-00:00","NP15","Solar","Renewable Forecast Actual Generation","RENEW_FCST_ACT_MW",3,3,-3.28529,"ACTUAL",1
"22","2019-03-19",23,0,"2019-03-20T05:00:00-00:00","2019-03-20T06:00:00-00:00","NP15","Solar","Renewable Forecast Actual Generation","RENEW_FCST_ACT_MW",3,3,-3.32871,"ACTUAL",1
"23","2019-03-19",24,0,"2019-03-20T06:00:00-00:00","2019-03-20T07:00:00-00:00","NP15","Solar","Renewable Forecast Actual Generation","RENEW_FCST_ACT_MW",3,3,-3.3502,"ACTUAL",1
"24","2019-03-19",18,0,"2019-03-20T00:00:00-00:00","2019-03-20T01:00:00-00:00","NP15","Wind","Renewable Forecast Actual Generation","RENEW_FCST_ACT_MW",3,1,0.61124,"ACTUAL",2
"25","2019-03-19",6,0,"2019-03-19T12:00:00-00:00","2019-03-19T13:00:00-00:00","NP15","Wind","Renewable Forecast Actual Generation","RENEW_FCST_ACT_MW",3,1,57.02201,"ACTUAL",2
"26","2019-03-19",17,0,"2019-03-19T23:00:00-00:00","2019-03-20T00:00:00-00:00","NP15","Wind","Renewable Forecast Actual Generation","RENEW_FCST_ACT_MW",3,1,13.28091,"ACTUAL",2
"27","2019-03-19",16,0,"2019-03-19T22:00:00-00:00","2019-03-19T23:00:00-00:00","NP15","Wind","Renewable Forecast Actual Generation","RENEW_FCST_ACT_MW",3,1,-6.66405,"ACTUAL",2
"28","2019-03-19",15,0,"2019-03-19T21:00:00-00:00","2019-03-19T22:00:00-00:00","NP15","Wind","Renewable Forecast Actual Generation","RENEW_FCST_ACT_MW",3,1,-1.41406,"ACTUAL",2
"29","2019-03-19",14,0,"2019-03-19T20:00:00-00:00","2019-03-19T21:00:00-00:00","NP15","Wind","Renewable Forecast Actual Generation","RENEW_FCST_ACT_MW",3,1,1.82208,"ACTUAL",2
"30","2019-03-19",13,0,"2019-03-19T19:00:00-00:00","2019-03-19T20:00:00-00:00","NP15","Wind","Renewable Forecast Actual Generation","RENEW_FCST_ACT_MW",3,1,10.39432,"ACTUAL",2
"31","2019-03-19",12,0,"2019-03-19T18:00:00-00:00","2019-03-19T19:00:00-00:00","NP15","Wind","Renewable Forecast Actual Generation","RENEW_FCST_ACT_MW",3,1,10.75361,"ACTUAL",2
"32","2019-03-19",11,0,"2019-03-19T17:00:00-00:00","2019-03-19T18:00:00-00:00","NP15","Wind","Renewable Forecast Actual Generation","RENEW_FCST_ACT_MW",3,1,15.04319,"ACTUAL",2
"33","2019-03-19",10,0,"2019-03-19T16:00:00-00:00","2019-03-19T17:00:00-00:00","NP15","Wind","Renewable Forecast Actual Generation","RENEW_FCST_ACT_MW",3,1,38.68444,"ACTUAL",2
"34","2019-03-19",9,0,"2019-03-19T15:00:00-00:00","2019-03-19T16:00:00-00:00","NP15","Wind","Renewable Forecast Actual Generation","RENEW_FCST_ACT_MW",3,1,76.98849,"ACTUAL",2
"35","2019-03-19",8,0,"2019-03-19T14:00:00-00:00","2019-03-19T15:00:00-00:00","NP15","Wind","Renewable Forecast Actual Generation","RENEW_FCST_ACT_MW",3,1,124.99463,"ACTUAL",2
"36","2019-03-19",7,0,"2019-03-19T13:00:00-00:00","2019-03-19T14:00:00-00:00","NP15","Wind","Renewable Forecast Actual Generation","RENEW_FCST_ACT_MW",3,1,80.69903,"ACTUAL",2
"37","2019-03-19",5,0,"2019-03-19T11:00:00-00:00","2019-03-19T12:00:00-00:00","NP15","Wind","Renewable Forecast Actual Generation","RENEW_FCST_ACT_MW",3,1,154.59942,"ACTUAL",2
"38","2019-03-19",4,0,"2019-03-19T10:00:00-00:00","2019-03-19T11:00:00-00:00","NP15","Wind","Renewable Forecast Actual Generation","RENEW_FCST_ACT_MW",3,1,245.52522,"ACTUAL",2
"39","2019-03-19",3,0,"2019-03-19T09:00:00-00:00","2019-03-19T10:00:00-00:00","NP15","Wind","Renewable Forecast Actual Generation","RENEW_FCST_ACT_MW",3,1,144.22934,"ACTUAL",2
"40","2019-03-19",2,0,"2019-03-19T08:00:00-00:00","2019-03-19T09:00:00-00:00","NP15","Wind","Renewable Forecast Actual Generation","RENEW_FCST_ACT_MW",3,1,206.88976,"ACTUAL",2
"41","2019-03-19",24,0,"2019-03-20T06:00:00-00:00","2019-03-20T07:00:00-00:00","NP15","Wind","Renewable Forecast Actual Generation","RENEW_FCST_ACT_MW",3,1,563.60904,"ACTUAL",2
"42","2019-03-19",23,0,"2019-03-20T05:00:00-00:00","2019-03-20T06:00:00-00:00","NP15","Wind","Renewable Forecast Actual Generation","RENEW_FCST_ACT_MW",3,1,1008.45038,"ACTUAL",2
"43","2019-03-19",22,0,"2019-03-20T04:00:00-00:00","2019-03-20T05:00:00-00:00","NP15","Wind","Renewable Forecast Actual Generation","RENEW_FCST_ACT_MW",3,1,950.16317,"ACTUAL",2
"44","2019-03-19",21,0,"2019-03-20T03:00:00-00:00","2019-03-20T04:00:00-00:00","NP15","Wind","Renewable Forecast Actual Generation","RENEW_FCST_ACT_MW",3,1,942.1194,"ACTUAL",2
"45","2019-03-19",20,0,"2019-03-20T02:00:00-00:00","2019-03-20T03:00:00-00:00","NP15","Wind","Renewable Forecast Actual Generation","RENEW_FCST_ACT_MW",3,1,655.55044,"ACTUAL",2
"46","2019-03-19",19,0,"2019-03-20T01:00:00-00:00","2019-03-20T02:00:00-00:00","NP15","Wind","Renewable Forecast Actual Generation","RENEW_FCST_ACT_MW",3,1,49.76611,"ACTUAL",2
"47","2019-03-19",6,0,"2019-03-19T12:00:00-00:00","2019-03-19T13:00:00-00:00","SP15","Solar","Renewable Forecast Actual Generation","RENEW_FCST_ACT_MW",3,3,-16.57982,"ACTUAL",3
"48","2019-03-19",18,0,"2019-03-20T00:00:00-00:00","2019-03-20T01:00:00-00:00","SP15","Solar","Renewable Forecast Actual Generation","RENEW_FCST_ACT_MW",3,3,2205.08183,"ACTUAL",3
"49","2019-03-19",5,0,"2019-03-19T11:00:00-00:00","2019-03-19T12:00:00-00:00","SP15","Solar","Renewable Forecast Actual Generation","RENEW_FCST_ACT_MW",3,3,-11.8931,"ACTUAL",3
"50","2019-03-19",11,0,"2019-03-19T17:00:00-00:00","2019-03-19T18:00:00-00:00","SP15","Solar","Renewable Forecast Actual Generation","RENEW_FCST_ACT_MW",3,3,5114.43598,"ACTUAL",3
"51","2019-03-19",4,0,"2019-03-19T10:00:00-00:00","2019-03-19T11:00:00-00:00","SP15","Solar","Renewable Forecast Actual Generation","RENEW_FCST_ACT_MW",3,3,-10.49916,"ACTUAL",3
"52","2019-03-19",15,0,"2019-03-19T21:00:00-00:00","2019-03-19T22:00:00-00:00","SP15","Solar","Renewable Forecast Actual Generation","RENEW_FCST_ACT_MW",3,3,4531.28777,"ACTUAL",3
"53","2019-03-19",3,0,"2019-03-19T09:00:00-00:00","2019-03-19T10:00:00-00:00","SP15","Solar","Renewable Forecast Actual Generation","RENEW_FCST_ACT_MW",3,3,-10.54202,"ACTUAL",3
"54","2019-03-19",10,0,"2019-03-19T16:00:00-00:00","2019-03-19T17:00:00-00:00","SP15","Solar","Renewable Forecast Actual Generation","RENEW_FCST_ACT_MW",3,3,4764.34604,"ACTUAL",3
"55","2019-03-19",2,0,"2019-03-19T08:00:00-00:00","2019-03-19T09:00:00-00:00","SP15","Solar","Renewable Forecast Actual Generation","RENEW_FCST_ACT_MW",3,3,-9.7628,"ACTUAL",3
"56","2019-03-19",13,0,"2019-03-19T19:00:00-00:00","2019-03-19T20:00:00-00:00","SP15","Solar","Renewable Forecast Actual Generation","RENEW_FCST_ACT_MW",3,3,5441.92339,"ACTUAL",3
"57","2019-03-19",24,0,"2019-03-20T06:00:00-00:00","2019-03-20T07:00:00-00:00","SP15","Solar","Renewable Forecast Actual Generation","RENEW_FCST_ACT_MW",3,3,-9.10123,"ACTUAL",3
"58","2019-03-19",9,0,"2019-03-19T15:00:00-00:00","2019-03-19T16:00:00-00:00","SP15","Solar","Renewable Forecast Actual Generation","RENEW_FCST_ACT_MW",3,3,3411.06324,"ACTUAL",3
"59","2019-03-19",23,0,"2019-03-20T05:00:00-00:00","2019-03-20T06:00:00-00:00","SP15","Solar","Renewable Forecast Actual Generation","RENEW_FCST_ACT_MW",3,3,-8.26492,"ACTUAL",3
"60","2019-03-19",16,0,"2019-03-19T22:00:00-00:00","2019-03-19T23:00:00-00:00","SP15","Solar","Renewable Forecast Actual Generation","RENEW_FCST_ACT_MW",3,3,3827.96628,"ACTUAL",3
"61","2019-03-19",22,0,"2019-03-20T04:00:00-00:00","2019-03-20T05:00:00-00:00","SP15","Solar","Renewable Forecast Actual Generation","RENEW_FCST_ACT_MW",3,3,-8.19661,"ACTUAL",3
"62","2019-03-19",8,0,"2019-03-19T14:00:00-00:00","2019-03-19T15:00:00-00:00","SP15","Solar","Renewable Forecast Actual Generation","RENEW_FCST_ACT_MW",3,3,853.4113,"ACTUAL",3
"63","2019-03-19",21,0,"2019-03-20T03:00:00-00:00","2019-03-20T04:00:00-00:00","SP15","Solar","Renewable Forecast Actual Generation","RENEW_FCST_ACT_MW",3,3,-8.57156,"ACTUAL",3
"64","2019-03-19",12,0,"2019-03-19T18:00:00-00:00","2019-03-19T19:00:00-00:00","SP15","Solar","Renewable Forecast Actual Generation","RENEW_FCST_ACT_MW",3,3,5376.66238,"ACTUAL",3
"65","2019-03-19",20,0,"2019-03-20T02:00:00-00:00","2019-03-20T03:00:00-00:00","SP15","Solar","Renewable Forecast Actual Generation","RENEW_FCST_ACT_MW",3,3,32.21078,"ACTUAL",3
"66","2019-03-19",7,0,"2019-03-19T13:00:00-00:00","2019-03-19T14:00:00-00:00","SP15","Solar","Renewable Forecast Actual Generation","RENEW_FCST_ACT_MW",3,3,-9.41623,"ACTUAL",3
"67","2019-03-19",19,0,"2019-03-20T01:00:00-00:00","2019-03-20T02:00:00-00:00","SP15","Solar","Renewable Forecast Actual Generation","RENEW_FCST_ACT_MW",3,3,471.11773,"ACTUAL",3
"68","2019-03-19",14,0,"2019-03-19T20:00:00-00:00","2019-03-19T21:00:00-00:00","SP15","Solar","Renewable Forecast Actual Generation","RENEW_FCST_ACT_MW",3,3,5137.18165,"ACTUAL",3
"69","2019-03-19",17,0,"2019-03-19T23:00:00-00:00","2019-03-20T00:00:00-00:00","SP15","Solar","Renewable Forecast Actual Generation","RENEW_FCST_ACT_MW",3,3,3163.96421,"ACTUAL",3
"70","2019-03-19",18,0,"2019-03-20T00:00:00-00:00","2019-03-20T01:00:00-00:00","SP15","Wind","Renewable Forecast Actual Generation","RENEW_FCST_ACT_MW",3,1,837.67422,"ACTUAL",4
"71","2019-03-19",19,0,"2019-03-20T01:00:00-00:00","2019-03-20T02:00:00-00:00","SP15","Wind","Renewable Forecast Actual Generation","RENEW_FCST_ACT_MW",3,1,1367.08318,"ACTUAL",4
"72","2019-03-19",20,0,"2019-03-20T02:00:00-00:00","2019-03-20T03:00:00-00:00","SP15","Wind","Renewable Forecast Actual Generation","RENEW_FCST_ACT_MW",3,1,1566.1985,"ACTUAL",4
"73","2019-03-19",21,0,"2019-03-20T03:00:00-00:00","2019-03-20T04:00:00-00:00","SP15","Wind","Renewable Forecast Actual Generation","RENEW_FCST_ACT_MW",3,1,1239.94989,"ACTUAL",4
"74","2019-03-19",22,0,"2019-03-20T04:00:00-00:00","2019-03-20T05:00:00-00:00","SP15","Wind","Renewable Forecast Actual Generation","RENEW_FCST_ACT_MW",3,1,1457.9205,"ACTUAL",4
"75","2019-03-19",23,0,"2019-03-20T05:00:00-00:00","2019-03-20T06:00:00-00:00","SP15","Wind","Renewable Forecast Actual Generation","RENEW_FCST_ACT_MW",3,1,1685.62397,"ACTUAL",4
"76","2019-03-19",24,0,"2019-03-20T06:00:00-00:00","2019-03-20T07:00:00-00:00","SP15","Wind","Renewable Forecast Actual Generation","RENEW_FCST_ACT_MW",3,1,1495.54557,"ACTUAL",4
"77","2019-03-19",2,0,"2019-03-19T08:00:00-00:00","2019-03-19T09:00:00-00:00","SP15","Wind","Renewable Forecast Actual Generation","RENEW_FCST_ACT_MW",3,1,110.3734,"ACTUAL",4
"78","2019-03-19",3,0,"2019-03-19T09:00:00-00:00","2019-03-19T10:00:00-00:00","SP15","Wind","Renewable Forecast Actual Generation","RENEW_FCST_ACT_MW",3,1,113.99401,"ACTUAL",4
"79","2019-03-19",4,0,"2019-03-19T10:00:00-00:00","2019-03-19T11:00:00-00:00","SP15","Wind","Renewable Forecast Actual Generation","RENEW_FCST_ACT_MW",3,1,103.96581,"ACTUAL",4
"80","2019-03-19",5,0,"2019-03-19T11:00:00-00:00","2019-03-19T12:00:00-00:00","SP15","Wind","Renewable Forecast Actual Generation","RENEW_FCST_ACT_MW",3,1,92.48044,"ACTUAL",4
"81","2019-03-19",6,0,"2019-03-19T12:00:00-00:00","2019-03-19T13:00:00-00:00","SP15","Wind","Renewable Forecast Actual Generation","RENEW_FCST_ACT_MW",3,1,89.4452,"ACTUAL",4
"82","2019-03-19",7,0,"2019-03-19T13:00:00-00:00","2019-03-19T14:00:00-00:00","SP15","Wind","Renewable Forecast Actual Generation","RENEW_FCST_ACT_MW",3,1,75.83712,"ACTUAL",4
"83","2019-03-19",8,0,"2019-03-19T14:00:00-00:00","2019-03-19T15:00:00-00:00","SP15","Wind","Renewable Forecast Actual Generation","RENEW_FCST_ACT_MW",3,1,81.49664,"ACTUAL",4
"84","2019-03-19",9,0,"2019-03-19T15:00:00-00:00","2019-03-19T16:00:00-00:00","SP15","Wind","Renewable Forecast Actual Generation","RENEW_FCST_ACT_MW",3,1,102.91307,"ACTUAL",4
"85","2019-03-19",10,0,"2019-03-19T16:00:00-00:00","2019-03-19T17:00:00-00:00","SP15","Wind","Renewable Forecast Actual Generation","RENEW_FCST_ACT_MW",3,1,143.27847,"ACTUAL",4
"86","2019-03-19",11,0,"2019-03-19T17:00:00-00:00","2019-03-19T18:00:00-00:00","SP15","Wind","Renewable Forecast Actual Generation","RENEW_FCST_ACT_MW",3,1,207.51935,"ACTUAL",4
"87","2019-03-19",12,0,"2019-03-19T18:00:00-00:00","2019-03-19T19:00:00-00:00","SP15","Wind","Renewable Forecast Actual Generation","RENEW_FCST_ACT_MW",3,1,306.77477,"ACTUAL",4
"88","2019-03-19",13,0,"2019-03-19T19:00:00-00:00","2019-03-19T20:00:00-00:00","SP15","Wind","Renewable Forecast Actual Generation","RENEW_FCST_ACT_MW",3,1,413.11996,"ACTUAL",4
"89","2019-03-19",14,0,"2019-03-19T20:00:00-00:00","2019-03-19T21:00:00-00:00","SP15","Wind","Renewable Forecast Actual Generation","RENEW_FCST_ACT_MW",3,1,477.12152,"ACTUAL",4
"90","2019-03-19",15,0,"2019-03-19T21:00:00-00:00","2019-03-19T22:00:00-00:00","SP15","Wind","Renewable Forecast Actual Generation","RENEW_FCST_ACT_MW",3,1,569.13243,"ACTUAL",4
"91","2019-03-19",16,0,"2019-03-19T22:00:00-00:00","2019-03-19T23:00:00-00:00","SP15","Wind","Renewable Forecast Actual Generation","RENEW_FCST_ACT_MW",3,1,498.67742,"ACTUAL",4
"92","2019-03-19",17,0,"2019-03-19T23:00:00-00:00","2019-03-20T00:00:00-00:00","SP15","Wind","Renewable Forecast Actual Generation","RENEW_FCST_ACT_MW",3,1,623.993,"ACTUAL",4
"93","2019-03-19",18,0,"2019-03-20T00:00:00-00:00","2019-03-20T01:00:00-00:00","ZP26","Solar","Renewable Forecast Actual Generation","RENEW_FCST_ACT_MW",3,3,147.11167,"ACTUAL",5
"94","2019-03-19",17,0,"2019-03-19T23:00:00-00:00","2019-03-20T00:00:00-00:00","ZP26","Solar","Renewable Forecast Actual Generation","RENEW_FCST_ACT_MW",3,3,347.96501,"ACTUAL",5
"95","2019-03-19",20,0,"2019-03-20T02:00:00-00:00","2019-03-20T03:00:00-00:00","ZP26","Solar","Renewable Forecast Actual Generation","RENEW_FCST_ACT_MW",3,3,-3.803,"ACTUAL",5
"96","2019-03-19",21,0,"2019-03-20T03:00:00-00:00","2019-03-20T04:00:00-00:00","ZP26","Solar","Renewable Forecast Actual Generation","RENEW_FCST_ACT_MW",3,3,-3.56746,"ACTUAL",5
"97","2019-03-19",22,0,"2019-03-20T04:00:00-00:00","2019-03-20T05:00:00-00:00","ZP26","Solar","Renewable Forecast Actual Generation","RENEW_FCST_ACT_MW",3,3,-3.57599,"ACTUAL",5
"98","2019-03-19",23,0,"2019-03-20T05:00:00-00:00","2019-03-20T06:00:00-00:00","ZP26","Solar","Renewable Forecast Actual Generation","RENEW_FCST_ACT_MW",3,3,-3.58632,"ACTUAL",5
"99","2019-03-19",24,0,"2019-03-20T06:00:00-00:00","2019-03-20T07:00:00-00:00","ZP26","Solar","Renewable Forecast Actual Generation","RENEW_FCST_ACT_MW",3,3,-3.5798,"ACTUAL",5
"100","2019-03-19",2,0,"2019-03-19T08:00:00-00:00","2019-03-19T09:00:00-00:00","ZP26","Solar","Renewable Forecast Actual Generation","RENEW_FCST_ACT_MW",3,3,-3.58213,"ACTUAL",5
"101","2019-03-19",3,0,"2019-03-19T09:00:00-00:00","2019-03-19T10:00:00-00:00","ZP26","Solar","Renewable Forecast Actual Generation","RENEW_FCST_ACT_MW",3,3,-3.66513,"ACTUAL",5
"102","2019-03-19",4,0,"2019-03-19T10:00:00-00:00","2019-03-19T11:00:00-00:00","ZP26","Solar","Renewable Forecast Actual Generation","RENEW_FCST_ACT_MW",3,3,-3.6687,"ACTUAL",5
"103","2019-03-19",5,0,"2019-03-19T11:00:00-00:00","2019-03-19T12:00:00-00:00","ZP26","Solar","Renewable Forecast Actual Generation","RENEW_FCST_ACT_MW",3,3,-3.96839,"ACTUAL",5
"104","2019-03-19",6,0,"2019-03-19T12:00:00-00:00","2019-03-19T13:00:00-00:00","ZP26","Solar","Renewable Forecast Actual Generation","RENEW_FCST_ACT_MW",3,3,-3.90624,"ACTUAL",5
"105","2019-03-19",7,0,"2019-03-19T13:00:00-00:00","2019-03-19T14:00:00-00:00","ZP26","Solar","Renewable Forecast Actual Generation","RENEW_FCST_ACT_MW",3,3,-3.9274,"ACTUAL",5
"106","2019-03-19",8,0,"2019-03-19T14:00:00-00:00","2019-03-19T15:00:00-00:00","ZP26","Solar","Renewable Forecast Actual Generation","RENEW_FCST_ACT_MW",3,3,55.46957,"ACTUAL",5
"107","2019-03-19",9,0,"2019-03-19T15:00:00-00:00","2019-03-19T16:00:00-00:00","ZP26","Solar","Renewable Forecast Actual Generation","RENEW_FCST_ACT_MW",3,3,376.18066,"ACTUAL",5
"108","2019-03-19",10,0,"2019-03-19T16:00:00-00:00","2019-03-19T17:00:00-00:00","ZP26","Solar","Renewable Forecast Actual Generation","RENEW_FCST_ACT_MW",3,3,615.76509,"ACTUAL",5
"109","2019-03-19",11,0,"2019-03-19T17:00:00-00:00","2019-03-19T18:00:00-00:00","ZP26","Solar","Renewable Forecast Actual Generation","RENEW_FCST_ACT_MW",3,3,897.10387,"ACTUAL",5
"110","2019-03-19",12,0,"2019-03-19T18:00:00-00:00","2019-03-19T19:00:00-00:00","ZP26","Solar","Renewable Forecast Actual Generation","RENEW_FCST_ACT_MW",3,3,1048.44377,"ACTUAL",5
"111","2019-03-19",13,0,"2019-03-19T19:00:00-00:00","2019-03-19T20:00:00-00:00","ZP26","Solar","Renewable Forecast Actual Generation","RENEW_FCST_ACT_MW",3,3,964.25017,"ACTUAL",5
"112","2019-03-19",14,0,"2019-03-19T20:00:00-00:00","2019-03-19T21:00:00-00:00","ZP26","Solar","Renewable Forecast Actual Generation","RENEW_FCST_ACT_MW",3,3,801.33996,"ACTUAL",5
"113","2019-03-19",15,0,"2019-03-19T21:00:00-00:00","2019-03-19T22:00:00-00:00","ZP26","Solar","Renewable Forecast Actual Generation","RENEW_FCST_ACT_MW",3,3,664.72248,"ACTUAL",5
"114","2019-03-19",16,0,"2019-03-19T22:00:00-00:00","2019-03-19T23:00:00-00:00","ZP26","Solar","Renewable Forecast Actual Generation","RENEW_FCST_ACT_MW",3,3,373.65588,"ACTUAL",5
"115","2019-03-19",19,0,"2019-03-20T01:00:00-00:00","2019-03-20T02:00:00-00:00","ZP26","Solar","Renewable Forecast Actual Generation","RENEW_FCST_ACT_MW",3,3,26.58847,"ACTUAL",5
"116","2019-03-20",1,0,"2019-03-20T07:00:00-00:00","2019-03-20T08:00:00-00:00","NP15","Solar","Renewable Forecast Actual Generation","RENEW_FCST_ACT_MW",3,3,-3.52813,"ACTUAL",6
"117","2019-03-20",1,0,"2019-03-20T07:00:00-00:00","2019-03-20T08:00:00-00:00","NP15","Wind","Renewable Forecast Actual Generation","RENEW_FCST_ACT_MW",3,1,144.51131,"ACTUAL",7
"118","2019-03-20",1,0,"2019-03-20T07:00:00-00:00","2019-03-20T08:00:00-00:00","SP15","Solar","Renewable Forecast Actual Generation","RENEW_FCST_ACT_MW",3,3,-9.04773,"ACTUAL",8
"119","2019-03-20",1,0,"2019-03-20T07:00:00-00:00","2019-03-20T08:00:00-00:00","SP15","Wind","Renewable Forecast Actual Generation","RENEW_FCST_ACT_MW",3,1,1090.2367,"ACTUAL",9
"120","2019-03-20",1,0,"2019-03-20T07:00:00-00:00","2019-03-20T08:00:00-00:00","ZP26","Solar","Renewable Forecast Actual Generation","RENEW_FCST_ACT_MW",3,3,-3.58229,"ACTUAL",10
