"","OPR_DT","OPR_HR","OPR_INTERVAL","INTERVALSTARTTIME_GMT","INTERVALENDTIME_GMT","TRADING_HUB","RENEWABLE_TYPE","LABEL","XML_DATA_ITEM","MARKET_RUN_ID_POS","RENEW_POS","MW","MARKET_RUN_ID","GROUP"
"1","2019-08-11",2,0,"2019-08-11T08:00:00-00:00","2019-08-11T09:00:00-00:00","NP15","Solar","Renewable Forecast Actual Generation","RENEW_FCST_ACT_MW",3,3,-3.30728,"ACTUAL",1
"2","2019-08-11",3,0,"2019-08-11T09:00:00-00:00","2019-08-11T10:00:00-00:00","NP15","Solar","Renewable Forecast Actual Generation","RENEW_FCST_ACT_MW",3,3,-3.31259,"ACTUAL",1
"3","2019-08-11",4,0,"2019-08-11T10:00:00-00:00","2019-08-11T11:00:00-00:00","NP15","Solar","Renewable Forecast Actual Generation","RENEW_FCST_ACT_MW",3,3,-3.31554,"ACTUAL",1
"4","2019-08-11",5,0,"2019-08-11T11:00:00-00:00","2019-08-11T12:00:00-00:00","NP15","Solar","Renewable Forecast Actual Generation","RENEW_FCST_ACT_MW",3,3,-3.31661,"ACTUAL",1
"5","2019-08-11",6,0,"2019-08-11T12:00:00-00:00","2019-08-11T13:00:00-00:00","NP15","Solar","Renewable Forecast Actual Generation","RENEW_FCST_ACT_MW",3,3,-3.32709,"ACTUAL",1
"6","2019-08-11",7,0,"2019-08-11T13:00:00-00:00","2019-08-11T14:00:00-00:00","NP15","Solar","Renewable Forecast Actual Generation","RENEW_FCST_ACT_MW",3,3,47.50821,"ACTUAL",1
"7","2019-08-11",8,0,"2019-08-11T14:00:00-00:00","2019-08-11T15:00:00-00:00","NP15","Solar","Renewable Forecast Actual Generation","RENEW_FCST_ACT_MW",3,3,594.74126,"ACTUAL",1
"8","2019-08-11",9,0,"2019-08-11T15:00:00-00:00","2019-08-11T16:00:00-00:00","NP15","Solar","Renewable Forecast Actual Generation","RENEW_FCST_ACT_MW",3,3,1149.21354,"ACTUAL",1
"9","2019-08-11",10,0,"2019-08-11T16:00:00-00:00","2019-08-11T17:00:00-00:00","NP15","Solar","Renewable Forecast Actual Generation","RENEW_FCST_ACT_MW",3,3,1290.43494,"ACTUAL",1
"10","2019-08-11",11,0,"2019-08-11T17:00:00-00:00","2019-08-11T18:00:00-00:00","NP15","Solar","Renewable Forecast Actual Generation","RENEW_FCST_ACT_MW",3,3,1336.40666,"ACTUAL",1
"11","2019-08-11",12,0,"2019-08-11T18:00:00-00:00","2019-08-11T19:00:00-00:00","NP15","Solar","Renewable Forecast Actual Generation","RENEW_FCST_ACT_MW",3,3,1318.73198,"ACTUAL",1
"12","2019-08-11",13,0,"2019-08-11T19:00:00-00:00","2019-08-11T20:00:00-00:00","NP15","Solar","Renewable Forecast Actual Generation","RENEW_FCST_ACT_MW",3,3,1328.97537,"ACTUAL",1
"13","2019-08-11",14,0,"2019-08-11T20:00:00-00:00","2019-08-11T21:00:00-00:00","NP15","Solar","Renewable Forecast Actual Generation","RENEW_FCST_ACT_MW",3,3,1342.15978,"ACTUAL",1
"14","2019-08-11",15,0,"2019-08-11T21:00:00-00:00","2019-08-11T22:00:00-00:00","NP15","Solar","Renewable Forecast Actual Generation","RENEW_FCST_ACT_MW",3,3,1335.39335,"ACTUAL",1
"15","2019-08-11",16,0,"2019-08-11T22:00:00-00:00","2019-08-11T23:00:00-00:00","NP15","Solar","Renewable Forecast Actual Generation","RENEW_FCST_ACT_MW",3,3,1330.02013,"ACTUAL",1
"16","2019-08-11",17,0,"2019-08-11T23:00:00-00:00","2019-08-12T00:00:00-00:00","NP15","Solar","Renewable Forecast Actual Generation","RENEW_FCST_ACT_MW",3,3,1300.62395,"ACTUAL",1
"17","2019-08-11",18,0,"2019-08-12T00:00:00-00:00","2019-08-12T01:00:00-00:00","NP15","Solar","Renewable Forecast Actual Generation","RENEW_FCST_ACT_MW",3,3,1171.4263,"ACTUAL",1
"18","2019-08-11",19,0,"2019-08-12T01:00:00-00:00","2019-08-12T02:00:00-00:00","NP15","Solar","Renewable Forecast Actual Generation","RENEW_FCST_ACT_MW",3,3,733.66266,"ACTUAL",1
"19","2019-08-11",20,0,"2019-08-12T02:00:00-00:00","2019-08-12T03:00:00-00:00","NP15","Solar","Renewable Forecast Actual Generation","RENEW_FCST_ACT_MW",3,3,140.25517,"ACTUAL",1
"20","2019-08-11",21,0,"2019-08-12T03:00:00-00:00","2019-08-12T04:00:00-00:00","NP15","Solar","Renewable Forecast Actual Generation","RENEW_FCST_ACT_MW",3,3,27.9031,"ACTUAL",1
"21","2019-08-11",22,0,"2019-08-12T04:00:00-00:00","2019-08-12T05:00:00-00:00","NP15","Solar","Renewable Forecast Actual Generation","RENEW_FCST_ACT_MW",3,3,-2.57004,"ACTUAL",1
"22","2019-08-11",23,0,"2019-08-12T05:00:00-00:00","2019-08-12T06:00:00-00:00","NP15","Solar","Renewable Forecast Actual Generation","RENEW_FCST_ACT_MW",3,3,-2.8075,"ACTUAL",1
"23","2019-08-11",24,0,"2019-08-12T06:00:00-00:00","2019-08-12T07:00:00-00:00","NP15","Solar","Renewable Forecast Actual Generation","RENEW_FCST_ACT_MW",3,3,-3.22571,"ACTUAL",1
"24","2019-08-11",18,0,"2019-08-12T00:00:00-00:00","2019-08-12T01:00:00-00:00","NP15","Wind","Renewable Forecast Actual Generation","RENEW_FCST_ACT_MW",3,1,273.9327,"ACTUAL",2
"25","2019-08-11",6,0,"2019-08-11T12:00:00-00:00","2019-08-11T13:00:00-00:00","NP15","Wind","Renewable Forecast Actual Generation","RENEW_FCST_ACT_MW",3,1,392.4427,"ACTUAL",2
"26","2019-08-11",17,0,"2019-08-11T23:00:00-00:00","2019-08-12T00:00:00-00:00","NP15","Wind","Renewable Forecast Actual Generation","RENEW_FCST_ACT_MW",3,1,72.26936,"ACTUAL",2
"27","2019-08-11",16,0,"2019-08-11T22:00:00-00:00","2019-08-11T23:00:00-00:00","NP15","Wind","Renewable Forecast Actual Generation","RENEW_FCST_ACT_MW",3,1,63.38983,"ACTUAL",2
"28","2019-08-11",15,0,"2019-08-11T21:00:00-00:00","2019-08-11T22:00:00-00:00","NP15","Wind","Renewable Forecast Actual Generation","RENEW_FCST_ACT_MW",3,1,39.36892,"ACTUAL",2
"29","2019-08-11",14,0,"2019-08-11T20:00:00-00:00","2019-08-11T21:00:00-00:00","NP15","Wind","Renewable Forecast Actual Generation","RENEW_FCST_ACT_MW",3,1,16.54408,"ACTUAL",2
"30","2019-08-11",13,0,"2019-08-11T19:00:00-00:00","2019-08-11T20:00:00-00:00","NP15","Wind","Renewable Forecast Actual Generation","RENEW_FCST_ACT_MW",3,1,23.15687,"ACTUAL",2
"31","2019-08-11",12,0,"2019-08-11T18:00:00-00:00","2019-08-11T19:00:00-00:00","NP15","Wind","Renewable Forecast Actual Generation","RENEW_FCST_ACT_MW",3,1,35.29203,"ACTUAL",2
"32","2019-08-11",11,0,"2019-08-11T17:00:00-00:00","2019-08-11T18:00:00-00:00","NP15","Wind","Renewable Forecast Actual Generation","RENEW_FCST_ACT_MW",3,1,22.36792,"ACTUAL",2
"33","2019-08-11",10,0,"2019-08-11T16:00:00-00:00","2019-08-11T17:00:00-00:00","NP15","Wind","Renewable Forecast Actual Generation","RENEW_FCST_ACT_MW",3,1,32.17364,"ACTUAL",2
"34","2019-08-11",9,0,"2019-08-11T15:00:00-00:00","2019-08-11T16:00:00-00:00","NP15","Wind","Renewable Forecast Actual Generation","RENEW_FCST_ACT_MW",3,1,101.63757,"ACTUAL",2
"35","2019-08-11",8,0,"2019-08-11T14:00:00-00:00","2019-08-11T15:00:00-00:00","NP15","Wind","Renewable Forecast Actual Generation","RENEW_FCST_ACT_MW",3,1,204.33957,"ACTUAL",2
"36","2019-08-11",7,0,"2019-08-11T13:00:00-00:00","2019-08-11T14:00:00-00:00","NP15","Wind","Renewable Forecast Actual Generation","RENEW_FCST_ACT_MW",3,1,297.15539,"ACTUAL",2
"37","2019-08-11",5,0,"2019-08-11T11:00:00-00:00","2019-08-11T12:00:00-00:00","NP15","Wind","Renewable Forecast Actual Generation","RENEW_FCST_ACT_MW",3,1,376.57406,"ACTUAL",2
"38","2019-08-11",4,0,"2019-08-11T10:00:00-00:00","2019-08-11T11:00:00-00:00","NP15","Wind","Renewable Forecast Actual Generation","RENEW_FCST_ACT_MW",3,1,557.29175,"ACTUAL",2
"39","2019-08-11",3,0,"2019-08-11T09:00:00-00:00","2019-08-11T10:00:00-00:00","NP15","Wind","Renewable Forecast Actual Generation","RENEW_FCST_ACT_MW",3,1,586.82023,"ACTUAL",2
"40","2019-08-11",2,0,"2019-08-11T08:00:00-00:00","2019-08-11T09:00:00-00:00","NP15","Wind","Renewable Forecast Actual Generation","RENEW_FCST_ACT_MW",3,1,704.16745,"ACTUAL",2
"41","2019-08-11",24,0,"2019-08-12T06:00:00-00:00","2019-08-12T07:00:00-00:00","NP15","Wind","Renewable Forecast Actual Generation","RENEW_FCST_ACT_MW",3,1,485.32241,"ACTUAL",2
"42","2019-08-11",23,0,"2019-08-12T05:00:00-00:00","2019-08-12T06:00:00-00:00","NP15","Wind","Renewable Forecast Actual Generation","RENEW_FCST_ACT_MW",3,1,489.79974,"ACTUAL",2
"43","2019-08-11",22,0,"2019-08-12T04:00:00-00:00","2019-08-12T05:00:00-00:00","NP15","Wind","Renewable Forecast Actual Generation","RENEW_FCST_ACT_MW",3,1,522.24743,"ACTUAL",2
"44","2019-08-11",21,0,"2019-08-12T03:00:00-00:00","2019-08-12T04:00:00-00:00","NP15","Wind","Renewable Forecast Actual Generation","RENEW_FCST_ACT_MW",3,1,597.10345,"ACTUAL",2
"45","2019-08-11",20,0,"2019-08-12T02:00:00-00:00","2019-08-12T03:00:00-00:00","NP15","Wind","Renewable Forecast Actual Generation","RENEW_FCST_ACT_MW",3,1,519.82091,"ACTUAL",2
"46","2019-08-11",19,0,"2019-08-12T01:00:00-00:00","2019-08-12T02:00:00-00:00","NP15","Wind","Renewable Forecast Actual Generation","RENEW_FCST_ACT_MW",3,1,470.77836,"ACTUAL",2
"47","2019-08-11",6,0,"2019-08-11T12:00:00-00:00","2019-08-11T13:00:00-00:00","SP15","Solar","Renewable Forecast Actual Generation","RENEW_FCST_ACT_MW",3,3,-14.7386,"ACTUAL",3
"48","2019-08-11",18,0,"2019-08-12T00:00:00-00:00","2019-08-12T01:00:00-00:00","SP15","Solar","Renewable Forecast Actual Generation","RENEW_FCST_ACT_MW",3,3,5241.20082,"ACTUAL",3
"49","2019-08-11",5,0,"2019-08-11T11:00:00-00:00","2019-08-11T12:00:00-00:00","SP15","Solar","Renewable Forecast Actual Generation","RENEW_FCST_ACT_MW",3,3,-11.83047,"ACTUAL",3
"50","2019-08-11",11,0,"2019-08-11T17:00:00-00:00","2019-08-11T18:00:00-00:00","SP15","Solar","Renewable Forecast Actual Generation","RENEW_FCST_ACT_MW",3,3,7248.92351,"ACTUAL",3
"51","2019-08-11",4,0,"2019-08-11T10:00:00-00:00","2019-08-11T11:00:00-00:00","SP15","Solar","Renewable Forecast Actual Generation","RENEW_FCST_ACT_MW",3,3,-10.66368,"ACTUAL",3
"52","2019-08-11",15,0,"2019-08-11T21:00:00-00:00","2019-08-11T22:00:00-00:00","SP15","Solar","Renewable Forecast Actual Generation","RENEW_FCST_ACT_MW",3,3,7373.81191,"ACTUAL",3
"53","2019-08-11",3,0,"2019-08-11T09:00:00-00:00","2019-08-11T10:00:00-00:00","SP15","Solar","Renewable Forecast Actual Generation","RENEW_FCST_ACT_MW",3,3,-9.98858,"ACTUAL",3
"54","2019-08-11",10,0,"2019-08-11T16:00:00-00:00","2019-08-11T17:00:00-00:00","SP15","Solar","Renewable Forecast Actual Generation","RENEW_FCST_ACT_MW",3,3,6776.28881,"ACTUAL",3
"55","2019-08-11",2,0,"2019-08-11T08:00:00-00:00","2019-08-11T09:00:00-00:00","SP15","Solar","Renewable Forecast Actual Generation","RENEW_FCST_ACT_MW",3,3,-10.10819,"ACTUAL",3
"56","2019-08-11",13,0,"2019-08-11T19:00:00-00:00","2019-08-11T20:00:00-00:00","SP15","Solar","Renewable Forecast Actual Generation","RENEW_FCST_ACT_MW",3,3,7524.12016,"ACTUAL",3
"57","2019-08-11",24,0,"2019-08-12T06:00:00-00:00","2019-08-12T07:00:00-00:00","SP15","Solar","Renewable Forecast Actual Generation","RENEW_FCST_ACT_MW",3,3,7.52888,"ACTUAL",3
"58","2019-08-11",9,0,"2019-08-11T15:00:00-00:00","2019-08-11T16:00:00-00:00","SP15","Solar","Renewable Forecast Actual Generation","RENEW_FCST_ACT_MW",3,3,5754.24123,"ACTUAL",3
"59","2019-08-11",23,0,"2019-08-12T05:00:00-00:00","2019-08-12T06:00:00-00:00","SP15","Solar","Renewable Forecast Actual Generation","RENEW_FCST_ACT_MW",3,3,7.34438,"ACTUAL",3
"60","2019-08-11",16,0,"2019-08-11T22:00:00-00:00","2019-08-11T23:00:00-00:00","SP15","Solar","Renewable Forecast Actual Generation","RENEW_FCST_ACT_MW",3,3,7117.742,"ACTUAL",3
"61","2019-08-11",22,0,"2019-08-12T04:00:00-00:00","2019-08-12T05:00:00-00:00","SP15","Solar","Renewable Forecast Actual Generation","RENEW_FCST_ACT_MW",3,3,6.91712,"ACTUAL",3
"62","2019-08-11",8,0,"2019-08-11T14:00:00-00:00","2019-08-11T15:00:00-00:00","SP15","Solar","Renewable Forecast Actual Generation","RENEW_FCST_ACT_MW",3,3,3077.6861,"ACTUAL",3
"63","2019-08-11",21,0,"2019-08-12T03:00:00-00:00","2019-08-12T04:00:00-00:00","SP15","Solar","Renewable Forecast Actual Generation","RENEW_FCST_ACT_MW",3,3,2.63755,"ACTUAL",3
"64","2019-08-11",12,0,"2019-08-11T18:00:00-00:00","2019-08-11T19:00:00-00:00","SP15","Solar","Renewable Forecast Actual Generation","RENEW_FCST_ACT_MW",3,3,7493.74243,"ACTUAL",3
"65","2019-08-11",20,0,"2019-08-12T02:00:00-00:00","2019-08-12T03:00:00-00:00","SP15","Solar","Renewable Forecast Actual Generation","RENEW_FCST_ACT_MW",3,3,269.93257,"ACTUAL",3
"66","2019-08-11",7,0,"2019-08-11T13:00:00-00:00","2019-08-11T14:00:00-00:00","SP15","Solar","Renewable Forecast Actual Generation","RENEW_FCST_ACT_MW",3,3,418.00062,"ACTUAL",3
"67","2019-08-11",19,0,"2019-08-12T01:00:00-00:00","2019-08-12T02:00:00-00:00","SP15","Solar","Renewable Forecast Actual Generation","RENEW_FCST_ACT_MW",3,3,2575.72695,"ACTUAL",3
"68","2019-08-11",14,0,"2019-08-11T20:00:00-00:00","2019-08-11T21:00:00-00:00","SP15","Solar","Renewable Forecast Actual Generation","RENEW_FCST_ACT_MW",3,3,7483.02502,"ACTUAL",3
"69","2019-08-11",17,0,"2019-08-11T23:00:00-00:00","2019-08-12T00:00:00-00:00","SP15","Solar","Renewable Forecast Actual Generation","RENEW_FCST_ACT_MW",3,3,6514.22212,"ACTUAL",3
"70","2019-08-11",18,0,"2019-08-12T00:00:00-00:00","2019-08-12T01:00:00-00:00","SP15","Wind","Renewable Forecast Actual Generation","RENEW_FCST_ACT_MW",3,1,2309.33888,"ACTUAL",4
"71","2019-08-11",19,0,"2019-08-12T01:00:00-00:00","2019-08-12T02:00:00-00:00","SP15","Wind","Renewable Forecast Actual Generation","RENEW_FCST_ACT_MW",3,1,2628.09465,"ACTUAL",4
"72","2019-08-11",20,0,"2019-08-12T02:00:00-00:00","2019-08-12T03:00:00-00:00","SP15","Wind","Renewable Forecast Actual Generation","RENEW_FCST_ACT_MW",3,1,2833.6183,"ACTUAL",4
"73","2019-08-11",21,0,"2019-08-12T03:00:00-00:00","2019-08-12T04:00:00-00:00","SP15","Wind","Renewable Forecast Actual Generation","RENEW_FCST_ACT_MW",3,1,2907.75719,"ACTUAL",4
"74","2019-08-11",22,0,"2019-08-12T04:00:00-00:00","2019-08-12T05:00:00-00:00","SP15","Wind","Renewable Forecast Actual Generation","RENEW_FCST_ACT_MW",3,1,2810.32656,"ACTUAL",4
"75","2019-08-11",23,0,"2019-08-12T05:00:00-00:00","2019-08-12T06:00:00-00:00","SP15","Wind","Renewable Forecast Actual Generation","RENEW_FCST_ACT_MW",3,1,2725.50307,"ACTUAL",4
"76","2019-08-11",24,0,"2019-08-12T06:00:00-00:00","2019-08-12T07:00:00-00:00","SP15","Wind","Renewable Forecast Actual Generation","RENEW_FCST_ACT_MW",3,1,2498.24804,"ACTUAL",4
"77","2019-08-11",2,0,"2019-08-11T08:00:00-00:00","2019-08-11T09:00:00-00:00","SP15","Wind","Renewable Forecast Actual Generation","RENEW_FCST_ACT_MW",3,1,2454.63363,"ACTUAL",4
"78","2019-08-11",3,0,"2019-08-11T09:00:00-00:00","2019-08-11T10:00:00-00:00","SP15","Wind","Renewable Forecast Actual Generation","RENEW_FCST_ACT_MW",3,1,2489.41021,"ACTUAL",4
"79","2019-08-11",4,0,"2019-08-11T10:00:00-00:00","2019-08-11T11:00:00-00:00","SP15","Wind","Renewable Forecast Actual Generation","RENEW_FCST_ACT_MW",3,1,2512.29989,"ACTUAL",4
"80","2019-08-11",5,0,"2019-08-11T11:00:00-00:00","2019-08-11T12:00:00-00:00","SP15","Wind","Renewable Forecast Actual Generation","RENEW_FCST_ACT_MW",3,1,2284.65295,"ACTUAL",4
"81","2019-08-11",6,0,"2019-08-11T12:00:00-00:00","2019-08-11T13:00:00-00:00","SP15","Wind","Renewable Forecast Actual Generation","RENEW_FCST_ACT_MW",3,1,2124.22298,"ACTUAL",4
"82","2019-08-11",7,0,"2019-08-11T13:00:00-00:00","2019-08-11T14:00:00-00:00","SP15","Wind","Renewable Forecast Actual Generation","RENEW_FCST_ACT_MW",3,1,2239.04752,"ACTUAL",4
"83","2019-08-11",8,0,"2019-08-11T14:00:00-00:00","2019-08-11T15:00:00-00:00","SP15","Wind","Renewable Forecast Actual Generation","RENEW_FCST_ACT_MW",3,1,2060.36259,"ACTUAL",4
"84","2019-08-11",9,0,"2019-08-11T15:00:00-00:00","2019-08-11T16:00:00-00:00","SP15","Wind","Renewable Forecast Actual Generation","RENEW_FCST_ACT_MW",3,1,1520.81516,"ACTUAL",4
"85","2019-08-11",10,0,"2019-08-11T16:00:00-00:00","2019-08-11T17:00:00-00:00","SP15","Wind","Renewable Forecast Actual Generation","RENEW_FCST_ACT_MW",3,1,1144.53356,"ACTUAL",4
"86","2019-08-11",11,0,"2019-08-11T17:00:00-00:00","2019-08-11T18:00:00-00:00","SP15","Wind","Renewable Forecast Actual Generation","RENEW_FCST_ACT_MW",3,1,768.53326,"ACTUAL",4
"87","2019-08-11",12,0,"2019-08-11T18:00:00-00:00","2019-08-11T19:00:00-00:00","SP15","Wind","Renewable Forecast Actual Generation","RENEW_FCST_ACT_MW",3,1,582.48564,"ACTUAL",4
"88","2019-08-11",13,0,"2019-08-11T19:00:00-00:00","2019-08-11T20:00:00-00:00","SP15","Wind","Renewable Forecast Actual Generation","RENEW_FCST_ACT_MW",3,1,568.84389,"ACTUAL",4
"89","2019-08-11",14,0,"2019-08-11T20:00:00-00:00","2019-08-11T21:00:00-00:00","SP15","Wind","Renewable Forecast Actual Generation","RENEW_FCST_ACT_MW",3,1,801.46718,"ACTUAL",4
"90","2019-08-11",15,0,"2019-08-11T21:00:00-00:00","2019-08-11T22:00:00-00:00","SP15","Wind","Renewable Forecast Actual Generation","RENEW_FCST_ACT_MW",3,1,1172.78543,"ACTUAL",4
"91","2019-08-11",16,0,"2019-08-11T22:00:00-00:00","2019-08-11T23:00:00-00:00","SP15","Wind","Renewable Forecast Actual Generation","RENEW_FCST_ACT_MW",3,1,1568.06007,"ACTUAL",4
"92","2019-08-11",17,0,"2019-08-11T23:00:00-00:00","2019-08-12T00:00:00-00:00","SP15","Wind","Renewable Forecast Actual Generation","RENEW_FCST_ACT_MW",3,1,1959.50473,"ACTUAL",4
"93","2019-08-11",18,0,"2019-08-12T00:00:00-00:00","2019-08-12T01:00:00-00:00","ZP26","Solar","Renewable Forecast Actual Generation","RENEW_FCST_ACT_MW",3,3,1244.86668,"ACTUAL",5
"94","2019-08-11",17,0,"2019-08-11T23:00:00-00:00","2019-08-12T00:00:00-00:00","ZP26","Solar","Renewable Forecast Actual Generation","RENEW_FCST_ACT_MW",3,3,1524.78005,"ACTUAL",5
"95","2019-08-11",20,0,"2019-08-12T02:00:00-00:00","2019-08-12T03:00:00-00:00","ZP26","Solar","Renewable Forecast Actual Generation","RENEW_FCST_ACT_MW",3,3,76.92648,"ACTUAL",5
"96","2019-08-11",21,0,"2019-08-12T03:00:00-00:00","2019-08-12T04:00:00-00:00","ZP26","Solar","Renewable Forecast Actual Generation","RENEW_FCST_ACT_MW",3,3,-5.63765,"ACTUAL",5
"97","2019-08-11",22,0,"2019-08-12T04:00:00-00:00","2019-08-12T05:00:00-00:00","ZP26","Solar","Renewable Forecast Actual Generation","RENEW_FCST_ACT_MW",3,3,-5.2167,"ACTUAL",5
"98","2019-08-11",23,0,"2019-08-12T05:00:00-00:00","2019-08-12T06:00:00-00:00","ZP26","Solar","Renewable Forecast Actual Generation","RENEW_FCST_ACT_MW",3,3,-5.21847,"ACTUAL",5
"99","2019-08-11",24,0,"2019-08-12T06:00:00-00:00","2019-08-12T07:00:00-00:00","ZP26","Solar","Renewable Forecast Actual Generation","RENEW_FCST_ACT_MW",3,3,-5.28757,"ACTUAL",5
"100","2019-08-11",2,0,"2019-08-11T08:00:00-00:00","2019-08-11T09:00:00-00:00","ZP26","Solar","Renewable Forecast Actual Generation","RENEW_FCST_ACT_MW",3,3,-5.25214,"ACTUAL",5
"101","2019-08-11",3,0,"2019-08-11T09:00:00-00:00","2019-08-11T10:00:00-00:00","ZP26","Solar","Renewable Forecast Actual Generation","RENEW_FCST_ACT_MW",3,3,-5.27864,"ACTUAL",5
"102","2019-08-11",4,0,"2019-08-11T10:00:00-00:00","2019-08-11T11:00:00-00:00","ZP26","Solar","Renewable Forecast Actual Generation","RENEW_FCST_ACT_MW",3,3,-5.26241,"ACTUAL",5
"103","2019-08-11",5,0,"2019-08-11T11:00:00-00:00","2019-08-11T12:00:00-00:00","ZP26","Solar","Renewable Forecast Actual Generation","RENEW_FCST_ACT_MW",3,3,-5.29603,"ACTUAL",5
"104","2019-08-11",6,0,"2019-08-11T12:00:00-00:00","2019-08-11T13:00:00-00:00","ZP26","Solar","Renewable Forecast Actual Generation","RENEW_FCST_ACT_MW",3,3,-5.38263,"ACTUAL",5
"105","2019-08-11",7,0,"2019-08-11T13:00:00-00:00","2019-08-11T14:00:00-00:00","ZP26","Solar","Renewable Forecast Actual Generation","RENEW_FCST_ACT_MW",3,3,44.12892,"ACTUAL",5
"106","2019-08-11",8,0,"2019-08-11T14:00:00-00:00","2019-08-11T15:00:00-00:00","ZP26","Solar","Renewable Forecast Actual Generation","RENEW_FCST_ACT_MW",3,3,550.38218,"ACTUAL",5
"107","2019-08-11",9,0,"2019-08-11T15:00:00-00:00","2019-08-11T16:00:00-00:00","ZP26","Solar","Renewable Forecast Actual Generation","RENEW_FCST_ACT_MW",3,3,1189.21834,"ACTUAL",5
"108","2019-08-11",10,0,"2019-08-11T16:00:00-00:00","2019-08-11T17:00:00-00:00","ZP26","Solar","Renewable Forecast Actual Generation","RENEW_FCST_ACT_MW",3,3,1506.00452,"ACTUAL",5
"109","2019-08-11",11,0,"2019-08-11T17:00:00-00:00","2019-08-11T18:00:00-00:00","ZP26","Solar","Renewable Forecast Actual Generation","RENEW_FCST_ACT_MW",3,3,1614.93277,"ACTUAL",5
"110","2019-08-11",12,0,"2019-08-11T18:00:00-00:00","2019-08-11T19:00:00-00:00","ZP26","Solar","Renewable Forecast Actual Generation","RENEW_FCST_ACT_MW",3,3,1613.59628,"ACTUAL",5
"111","2019-08-11",13,0,"2019-08-11T19:00:00-00:00","2019-08-11T20:00:00-00:00","ZP26","Solar","Renewable Forecast Actual Generation","RENEW_FCST_ACT_MW",3,3,1584.42922,"ACTUAL",5
"112","2019-08-11",14,0,"2019-08-11T20:00:00-00:00","2019-08-11T21:00:00-00:00","ZP26","Solar","Renewable Forecast Actual Generation","RENEW_FCST_ACT_MW",3,3,1575.03866,"ACTUAL",5
"113","2019-08-11",15,0,"2019-08-11T21:00:00-00:00","2019-08-11T22:00:00-00:00","ZP26","Solar","Renewable Forecast Actual Generation","RENEW_FCST_ACT_MW",3,3,1580.96128,"ACTUAL",5
"114","2019-08-11",16,0,"2019-08-11T22:00:00-00:00","2019-08-11T23:00:00-00:00","ZP26","Solar","Renewable Forecast Actual Generation","RENEW_FCST_ACT_MW",3,3,1618.25408,"ACTUAL",5
"115","2019-08-11",19,0,"2019-08-12T01:00:00-00:00","2019-08-12T02:00:00-00:00","ZP26","Solar","Renewable Forecast Actual Generation","RENEW_FCST_ACT_MW",3,3,641.6061,"ACTUAL",5
"116","2019-08-12",1,0,"2019-08-12T07:00:00-00:00","2019-08-12T08:00:00-00:00","NP15","Solar","Renewable Forecast Actual Generation","RENEW_FCST_ACT_MW",3,3,-3.3588,"ACTUAL",6
"117","2019-08-12",1,0,"2019-08-12T07:00:00-00:00","2019-08-12T08:00:00-00:00","NP15","Wind","Renewable Forecast Actual Generation","RENEW_FCST_ACT_MW",3,1,528.50297,"ACTUAL",7
"118","2019-08-12",1,0,"2019-08-12T07:00:00-00:00","2019-08-12T08:00:00-00:00","SP15","Solar","Renewable Forecast Actual Generation","RENEW_FCST_ACT_MW",3,3,8.35069,"ACTUAL",8
"119","2019-08-12",1,0,"2019-08-12T07:00:00-00:00","2019-08-12T08:00:00-00:00","SP15","Wind","Renewable Forecast Actual Generation","RENEW_FCST_ACT_MW",3,1,2338.17378,"ACTUAL",9
"120","2019-08-12",1,0,"2019-08-12T07:00:00-00:00","2019-08-12T08:00:00-00:00","ZP26","Solar","Renewable Forecast Actual Generation","RENEW_FCST_ACT_MW",3,3,-5.33205,"ACTUAL",10
