"","OPR_DT","OPR_HR","OPR_INTERVAL","INTERVALSTARTTIME_GMT","INTERVALENDTIME_GMT","TRADING_HUB","RENEWABLE_TYPE","LABEL","XML_DATA_ITEM","MARKET_RUN_ID_POS","RENEW_POS","MW","MARKET_RUN_ID","GROUP"
"1","2019-10-24",2,0,"2019-10-24T08:00:00-00:00","2019-10-24T09:00:00-00:00","NP15","Solar","Renewable Forecast Actual Generation","RENEW_FCST_ACT_MW",3,3,-3.2619,"ACTUAL",1
"2","2019-10-24",3,0,"2019-10-24T09:00:00-00:00","2019-10-24T10:00:00-00:00","NP15","Solar","Renewable Forecast Actual Generation","RENEW_FCST_ACT_MW",3,3,-3.25432,"ACTUAL",1
"3","2019-10-24",4,0,"2019-10-24T10:00:00-00:00","2019-10-24T11:00:00-00:00","NP15","Solar","Renewable Forecast Actual Generation","RENEW_FCST_ACT_MW",3,3,-3.25308,"ACTUAL",1
"4","2019-10-24",5,0,"2019-10-24T11:00:00-00:00","2019-10-24T12:00:00-00:00","NP15","Solar","Renewable Forecast Actual Generation","RENEW_FCST_ACT_MW",3,3,-3.76209,"ACTUAL",1
"5","2019-10-24",6,0,"2019-10-24T12:00:00-00:00","2019-10-24T13:00:00-00:00","NP15","Solar","Renewable Forecast Actual Generation","RENEW_FCST_ACT_MW",3,3,-3.4619,"ACTUAL",1
"6","2019-10-24",7,0,"2019-10-24T13:00:00-00:00","2019-10-24T14:00:00-00:00","NP15","Solar","Renewable Forecast Actual Generation","RENEW_FCST_ACT_MW",3,3,-3.49841,"ACTUAL",1
"7","2019-10-24",8,0,"2019-10-24T14:00:00-00:00","2019-10-24T15:00:00-00:00","NP15","Solar","Renewable Forecast Actual Generation","RENEW_FCST_ACT_MW",3,3,44.40017,"ACTUAL",1
"8","2019-10-24",9,0,"2019-10-24T15:00:00-00:00","2019-10-24T16:00:00-00:00","NP15","Solar","Renewable Forecast Actual Generation","RENEW_FCST_ACT_MW",3,3,518.41922,"ACTUAL",1
"9","2019-10-24",10,0,"2019-10-24T16:00:00-00:00","2019-10-24T17:00:00-00:00","NP15","Solar","Renewable Forecast Actual Generation","RENEW_FCST_ACT_MW",3,3,999.20392,"ACTUAL",1
"10","2019-10-24",11,0,"2019-10-24T17:00:00-00:00","2019-10-24T18:00:00-00:00","NP15","Solar","Renewable Forecast Actual Generation","RENEW_FCST_ACT_MW",3,3,1049.91222,"ACTUAL",1
"11","2019-10-24",12,0,"2019-10-24T18:00:00-00:00","2019-10-24T19:00:00-00:00","NP15","Solar","Renewable Forecast Actual Generation","RENEW_FCST_ACT_MW",3,3,1003.90435,"ACTUAL",1
"12","2019-10-24",13,0,"2019-10-24T19:00:00-00:00","2019-10-24T20:00:00-00:00","NP15","Solar","Renewable Forecast Actual Generation","RENEW_FCST_ACT_MW",3,3,970.95565,"ACTUAL",1
"13","2019-10-24",14,0,"2019-10-24T20:00:00-00:00","2019-10-24T21:00:00-00:00","NP15","Solar","Renewable Forecast Actual Generation","RENEW_FCST_ACT_MW",3,3,979.69503,"ACTUAL",1
"14","2019-10-24",15,0,"2019-10-24T21:00:00-00:00","2019-10-24T22:00:00-00:00","NP15","Solar","Renewable Forecast Actual Generation","RENEW_FCST_ACT_MW",3,3,1012.56518,"ACTUAL",1
"15","2019-10-24",16,0,"2019-10-24T22:00:00-00:00","2019-10-24T23:00:00-00:00","NP15","Solar","Renewable Forecast Actual Generation","RENEW_FCST_ACT_MW",3,3,1015.1876,"ACTUAL",1
"16","2019-10-24",17,0,"2019-10-24T23:00:00-00:00","2019-10-25T00:00:00-00:00","NP15","Solar","Renewable Forecast Actual Generation","RENEW_FCST_ACT_MW",3,3,819.63617,"ACTUAL",1
"17","2019-10-24",18,0,"2019-10-25T00:00:00-00:00","2019-10-25T01:00:00-00:00","NP15","Solar","Renewable Forecast Actual Generation","RENEW_FCST_ACT_MW",3,3,242.48722,"ACTUAL",1
"18","2019-10-24",19,0,"2019-10-25T01:00:00-00:00","2019-10-25T02:00:00-00:00","NP15","Solar","Renewable Forecast Actual Generation","RENEW_FCST_ACT_MW",3,3,-0.30008,"ACTUAL",1
"19","2019-10-24",20,0,"2019-10-25T02:00:00-00:00","2019-10-25T03:00:00-00:00","NP15","Solar","Renewable Forecast Actual Generation","RENEW_FCST_ACT_MW",3,3,-3.10916,"ACTUAL",1
"20","2019-10-24",21,0,"2019-10-25T03:00:00-00:00","2019-10-25T04:00:00-00:00","NP15","Solar","Renewable Forecast Actual Generation","RENEW_FCST_ACT_MW",3,3,-3.10235,"ACTUAL",1
"21","2019-10-24",22,0,"2019-10-25T04:00:00-00:00","2019-10-25T05:00:00-00:00","NP15","Solar","Renewable Forecast Actual Generation","RENEW_FCST_ACT_MW",3,3,-3.12457,"ACTUAL",1
"22","2019-10-24",23,0,"2019-10-25T05:00:00-00:00","2019-10-25T06:00:00-00:00","NP15","Solar","Renewable Forecast Actual Generation","RENEW_FCST_ACT_MW",3,3,-3.124,"ACTUAL",1
"23","2019-10-24",24,0,"2019-10-25T06:00:00-00:00","2019-10-25T07:00:00-00:00","NP15","Solar","Renewable Forecast Actual Generation","RENEW_FCST_ACT_MW",3,3,-3.1359,"ACTUAL",1
"24","2019-10-24",18,0,"2019-10-25T00:00:00-00:00","2019-10-25T01:00:00-00:00","NP15","Wind","Renewable Forecast Actual Generation","RENEW_FCST_ACT_MW",3,1,203.95587,"ACTUAL",2
"25","2019-10-24",6,0,"2019-10-24T12:00:00-00:00","2019-10-24T13:00:00-00:00","NP15","Wind","Renewable Forecast Actual Generation","RENEW_FCST_ACT_MW",3,1,972.75843,"ACTUAL",2
"26","2019-10-24",17,0,"2019-10-24T23:00:00-00:00","2019-10-25T00:00:00-00:00","NP15","Wind","Renewable Forecast Actual Generation","RENEW_FCST_ACT_MW",3,1,162.05611,"ACTUAL",2
"27","2019-10-24",16,0,"2019-10-24T22:00:00-00:00","2019-10-24T23:00:00-00:00","NP15","Wind","Renewable Forecast Actual Generation","RENEW_FCST_ACT_MW",3,1,205.03899,"ACTUAL",2
"28","2019-10-24",15,0,"2019-10-24T21:00:00-00:00","2019-10-24T22:00:00-00:00","NP15","Wind","Renewable Forecast Actual Generation","RENEW_FCST_ACT_MW",3,1,344.21568,"ACTUAL",2
"29","2019-10-24",14,0,"2019-10-24T20:00:00-00:00","2019-10-24T21:00:00-00:00","NP15","Wind","Renewable Forecast Actual Generation","RENEW_FCST_ACT_MW",3,1,447.12415,"ACTUAL",2
"30","2019-10-24",13,0,"2019-10-24T19:00:00-00:00","2019-10-24T20:00:00-00:00","NP15","Wind","Renewable Forecast Actual Generation","RENEW_FCST_ACT_MW",3,1,449.18095,"ACTUAL",2
"31","2019-10-24",12,0,"2019-10-24T18:00:00-00:00","2019-10-24T19:00:00-00:00","NP15","Wind","Renewable Forecast Actual Generation","RENEW_FCST_ACT_MW",3,1,621.55107,"ACTUAL",2
"32","2019-10-24",11,0,"2019-10-24T17:00:00-00:00","2019-10-24T18:00:00-00:00","NP15","Wind","Renewable Forecast Actual Generation","RENEW_FCST_ACT_MW",3,1,650.95426,"ACTUAL",2
"33","2019-10-24",10,0,"2019-10-24T16:00:00-00:00","2019-10-24T17:00:00-00:00","NP15","Wind","Renewable Forecast Actual Generation","RENEW_FCST_ACT_MW",3,1,775.97588,"ACTUAL",2
"34","2019-10-24",9,0,"2019-10-24T15:00:00-00:00","2019-10-24T16:00:00-00:00","NP15","Wind","Renewable Forecast Actual Generation","RENEW_FCST_ACT_MW",3,1,925.28139,"ACTUAL",2
"35","2019-10-24",8,0,"2019-10-24T14:00:00-00:00","2019-10-24T15:00:00-00:00","NP15","Wind","Renewable Forecast Actual Generation","RENEW_FCST_ACT_MW",3,1,1037.56901,"ACTUAL",2
"36","2019-10-24",7,0,"2019-10-24T13:00:00-00:00","2019-10-24T14:00:00-00:00","NP15","Wind","Renewable Forecast Actual Generation","RENEW_FCST_ACT_MW",3,1,1025.25159,"ACTUAL",2
"37","2019-10-24",5,0,"2019-10-24T11:00:00-00:00","2019-10-24T12:00:00-00:00","NP15","Wind","Renewable Forecast Actual Generation","RENEW_FCST_ACT_MW",3,1,924.14398,"ACTUAL",2
"38","2019-10-24",4,0,"2019-10-24T10:00:00-00:00","2019-10-24T11:00:00-00:00","NP15","Wind","Renewable Forecast Actual Generation","RENEW_FCST_ACT_MW",3,1,999.32072,"ACTUAL",2
"39","2019-10-24",3,0,"2019-10-24T09:00:00-00:00","2019-10-24T10:00:00-00:00","NP15","Wind","Renewable Forecast Actual Generation","RENEW_FCST_ACT_MW",3,1,1111.52934,"ACTUAL",2
"40","2019-10-24",2,0,"2019-10-24T08:00:00-00:00","2019-10-24T09:00:00-00:00","NP15","Wind","Renewable Forecast Actual Generation","RENEW_FCST_ACT_MW",3,1,1129.15442,"ACTUAL",2
"41","2019-10-24",24,0,"2019-10-25T06:00:00-00:00","2019-10-25T07:00:00-00:00","NP15","Wind","Renewable Forecast Actual Generation","RENEW_FCST_ACT_MW",3,1,58.90287,"ACTUAL",2
"42","2019-10-24",23,0,"2019-10-25T05:00:00-00:00","2019-10-25T06:00:00-00:00","NP15","Wind","Renewable Forecast Actual Generation","RENEW_FCST_ACT_MW",3,1,61.5272,"ACTUAL",2
"43","2019-10-24",22,0,"2019-10-25T04:00:00-00:00","2019-10-25T05:00:00-00:00","NP15","Wind","Renewable Forecast Actual Generation","RENEW_FCST_ACT_MW",3,1,75.82314,"ACTUAL",2
"44","2019-10-24",21,0,"2019-10-25T03:00:00-00:00","2019-10-25T04:00:00-00:00","NP15","Wind","Renewable Forecast Actual Generation","RENEW_FCST_ACT_MW",3,1,136.44355,"ACTUAL",2
"45","2019-10-24",20,0,"2019-10-25T02:00:00-00:00","2019-10-25T03:00:00-00:00","NP15","Wind","Renewable Forecast Actual Generation","RENEW_FCST_ACT_MW",3,1,303.37798,"ACTUAL",2
"46","2019-10-24",19,0,"2019-10-25T01:00:00-00:00","2019-10-25T02:00:00-00:00","NP15","Wind","Renewable Forecast Actual Generation","RENEW_FCST_ACT_MW",3,1,255.44674,"ACTUAL",2
"47","2019-10-24",6,0,"2019-10-24T12:00:00-00:00","2019-10-24T13:00:00-00:00","SP15","Solar","Renewable Forecast Actual Generation","RENEW_FCST_ACT_MW",3,3,-8.74286,"ACTUAL",3
"48","2019-10-24",18,0,"2019-10-25T00:00:00-00:00","2019-10-25T01:00:00-00:00","SP15","Solar","Renewable Forecast Actual Generation","RENEW_FCST_ACT_MW",3,3,940.99103,"ACTUAL",3
"49","2019-10-24",5,0,"2019-10-24T11:00:00-00:00","2019-10-24T12:00:00-00:00","SP15","Solar","Renewable Forecast Actual Generation","RENEW_FCST_ACT_MW",3,3,-4.72325,"ACTUAL",3
"50","2019-10-24",11,0,"2019-10-24T17:00:00-00:00","2019-10-24T18:00:00-00:00","SP15","Solar","Renewable Forecast Actual Generation","RENEW_FCST_ACT_MW",3,3,5974.47883,"ACTUAL",3
"51","2019-10-24",4,0,"2019-10-24T10:00:00-00:00","2019-10-24T11:00:00-00:00","SP15","Solar","Renewable Forecast Actual Generation","RENEW_FCST_ACT_MW",3,3,6.83658,"ACTUAL",3
"52","2019-10-24",15,0,"2019-10-24T21:00:00-00:00","2019-10-24T22:00:00-00:00","SP15","Solar","Renewable Forecast Actual Generation","RENEW_FCST_ACT_MW",3,3,5999.38165,"ACTUAL",3
"53","2019-10-24",3,0,"2019-10-24T09:00:00-00:00","2019-10-24T10:00:00-00:00","SP15","Solar","Renewable Forecast Actual Generation","RENEW_FCST_ACT_MW",3,3,7.63278,"ACTUAL",3
"54","2019-10-24",10,0,"2019-10-24T16:00:00-00:00","2019-10-24T17:00:00-00:00","SP15","Solar","Renewable Forecast Actual Generation","RENEW_FCST_ACT_MW",3,3,5787.824,"ACTUAL",3
"55","2019-10-24",2,0,"2019-10-24T08:00:00-00:00","2019-10-24T09:00:00-00:00","SP15","Solar","Renewable Forecast Actual Generation","RENEW_FCST_ACT_MW",3,3,7.53738,"ACTUAL",3
"56","2019-10-24",13,0,"2019-10-24T19:00:00-00:00","2019-10-24T20:00:00-00:00","SP15","Solar","Renewable Forecast Actual Generation","RENEW_FCST_ACT_MW",3,3,5929.18507,"ACTUAL",3
"57","2019-10-24",24,0,"2019-10-25T06:00:00-00:00","2019-10-25T07:00:00-00:00","SP15","Solar","Renewable Forecast Actual Generation","RENEW_FCST_ACT_MW",3,3,-9.4938,"ACTUAL",3
"58","2019-10-24",9,0,"2019-10-24T15:00:00-00:00","2019-10-24T16:00:00-00:00","SP15","Solar","Renewable Forecast Actual Generation","RENEW_FCST_ACT_MW",3,3,3841.13885,"ACTUAL",3
"59","2019-10-24",23,0,"2019-10-25T05:00:00-00:00","2019-10-25T06:00:00-00:00","SP15","Solar","Renewable Forecast Actual Generation","RENEW_FCST_ACT_MW",3,3,-8.77862,"ACTUAL",3
"60","2019-10-24",16,0,"2019-10-24T22:00:00-00:00","2019-10-24T23:00:00-00:00","SP15","Solar","Renewable Forecast Actual Generation","RENEW_FCST_ACT_MW",3,3,5137.3746,"ACTUAL",3
"61","2019-10-24",22,0,"2019-10-25T04:00:00-00:00","2019-10-25T05:00:00-00:00","SP15","Solar","Renewable Forecast Actual Generation","RENEW_FCST_ACT_MW",3,3,-7.05459,"ACTUAL",3
"62","2019-10-24",8,0,"2019-10-24T14:00:00-00:00","2019-10-24T15:00:00-00:00","SP15","Solar","Renewable Forecast Actual Generation","RENEW_FCST_ACT_MW",3,3,824.02521,"ACTUAL",3
"63","2019-10-24",21,0,"2019-10-25T03:00:00-00:00","2019-10-25T04:00:00-00:00","SP15","Solar","Renewable Forecast Actual Generation","RENEW_FCST_ACT_MW",3,3,-6.16264,"ACTUAL",3
"64","2019-10-24",12,0,"2019-10-24T18:00:00-00:00","2019-10-24T19:00:00-00:00","SP15","Solar","Renewable Forecast Actual Generation","RENEW_FCST_ACT_MW",3,3,5787.55736,"ACTUAL",3
"65","2019-10-24",20,0,"2019-10-25T02:00:00-00:00","2019-10-25T03:00:00-00:00","SP15","Solar","Renewable Forecast Actual Generation","RENEW_FCST_ACT_MW",3,3,-6.12848,"ACTUAL",3
"66","2019-10-24",7,0,"2019-10-24T13:00:00-00:00","2019-10-24T14:00:00-00:00","SP15","Solar","Renewable Forecast Actual Generation","RENEW_FCST_ACT_MW",3,3,-7.43392,"ACTUAL",3
"67","2019-10-24",19,0,"2019-10-25T01:00:00-00:00","2019-10-25T02:00:00-00:00","SP15","Solar","Renewable Forecast Actual Generation","RENEW_FCST_ACT_MW",3,3,13.39574,"ACTUAL",3
"68","2019-10-24",14,0,"2019-10-24T20:00:00-00:00","2019-10-24T21:00:00-00:00","SP15","Solar","Renewable Forecast Actual Generation","RENEW_FCST_ACT_MW",3,3,5826.96622,"ACTUAL",3
"69","2019-10-24",17,0,"2019-10-24T23:00:00-00:00","2019-10-25T00:00:00-00:00","SP15","Solar","Renewable Forecast Actual Generation","RENEW_FCST_ACT_MW",3,3,3797.13233,"ACTUAL",3
"70","2019-10-24",18,0,"2019-10-25T00:00:00-00:00","2019-10-25T01:00:00-00:00","SP15","Wind","Renewable Forecast Actual Generation","RENEW_FCST_ACT_MW",3,1,701.62026,"ACTUAL",4
"71","2019-10-24",19,0,"2019-10-25T01:00:00-00:00","2019-10-25T02:00:00-00:00","SP15","Wind","Renewable Forecast Actual Generation","RENEW_FCST_ACT_MW",3,1,616.89154,"ACTUAL",4
"72","2019-10-24",20,0,"2019-10-25T02:00:00-00:00","2019-10-25T03:00:00-00:00","SP15","Wind","Renewable Forecast Actual Generation","RENEW_FCST_ACT_MW",3,1,522.08273,"ACTUAL",4
"73","2019-10-24",21,0,"2019-10-25T03:00:00-00:00","2019-10-25T04:00:00-00:00","SP15","Wind","Renewable Forecast Actual Generation","RENEW_FCST_ACT_MW",3,1,460.73436,"ACTUAL",4
"74","2019-10-24",22,0,"2019-10-25T04:00:00-00:00","2019-10-25T05:00:00-00:00","SP15","Wind","Renewable Forecast Actual Generation","RENEW_FCST_ACT_MW",3,1,465.25081,"ACTUAL",4
"75","2019-10-24",23,0,"2019-10-25T05:00:00-00:00","2019-10-25T06:00:00-00:00","SP15","Wind","Renewable Forecast Actual Generation","RENEW_FCST_ACT_MW",3,1,493.15217,"ACTUAL",4
"76","2019-10-24",24,0,"2019-10-25T06:00:00-00:00","2019-10-25T07:00:00-00:00","SP15","Wind","Renewable Forecast Actual Generation","RENEW_FCST_ACT_MW",3,1,518.01502,"ACTUAL",4
"77","2019-10-24",2,0,"2019-10-24T08:00:00-00:00","2019-10-24T09:00:00-00:00","SP15","Wind","Renewable Forecast Actual Generation","RENEW_FCST_ACT_MW",3,1,562.30678,"ACTUAL",4
"78","2019-10-24",3,0,"2019-10-24T09:00:00-00:00","2019-10-24T10:00:00-00:00","SP15","Wind","Renewable Forecast Actual Generation","RENEW_FCST_ACT_MW",3,1,655.70408,"ACTUAL",4
"79","2019-10-24",4,0,"2019-10-24T10:00:00-00:00","2019-10-24T11:00:00-00:00","SP15","Wind","Renewable Forecast Actual Generation","RENEW_FCST_ACT_MW",3,1,692.82601,"ACTUAL",4
"80","2019-10-24",5,0,"2019-10-24T11:00:00-00:00","2019-10-24T12:00:00-00:00","SP15","Wind","Renewable Forecast Actual Generation","RENEW_FCST_ACT_MW",3,1,686.13748,"ACTUAL",4
"81","2019-10-24",6,0,"2019-10-24T12:00:00-00:00","2019-10-24T13:00:00-00:00","SP15","Wind","Renewable Forecast Actual Generation","RENEW_FCST_ACT_MW",3,1,601.65947,"ACTUAL",4
"82","2019-10-24",7,0,"2019-10-24T13:00:00-00:00","2019-10-24T14:00:00-00:00","SP15","Wind","Renewable Forecast Actual Generation","RENEW_FCST_ACT_MW",3,1,531.69956,"ACTUAL",4
"83","2019-10-24",8,0,"2019-10-24T14:00:00-00:00","2019-10-24T15:00:00-00:00","SP15","Wind","Renewable Forecast Actual Generation","RENEW_FCST_ACT_MW",3,1,574.00391,"ACTUAL",4
"84","2019-10-24",9,0,"2019-10-24T15:00:00-00:00","2019-10-24T16:00:00-00:00","SP15","Wind","Renewable Forecast Actual Generation","RENEW_FCST_ACT_MW",3,1,660.84463,"ACTUAL",4
"85","2019-10-24",10,0,"2019-10-24T16:00:00-00:00","2019-10-24T17:00:00-00:00","SP15","Wind","Renewable Forecast Actual Generation","RENEW_FCST_ACT_MW",3,1,639.92163,"ACTUAL",4
"86","2019-10-24",11,0,"2019-10-24T17:00:00-00:00","2019-10-24T18:00:00-00:00","SP15","Wind","Renewable Forecast Actual Generation","RENEW_FCST_ACT_MW",3,1,827.28285,"ACTUAL",4
"87","2019-10-24",12,0,"2019-10-24T18:00:00-00:00","2019-10-24T19:00:00-00:00","SP15","Wind","Renewable Forecast Actual Generation","RENEW_FCST_ACT_MW",3,1,910.17894,"ACTUAL",4
"88","2019-10-24",13,0,"2019-10-24T19:00:00-00:00","2019-10-24T20:00:00-00:00","SP15","Wind","Renewable Forecast Actual Generation","RENEW_FCST_ACT_MW",3,1,881.40872,"ACTUAL",4
"89","2019-10-24",14,0,"2019-10-24T20:00:00-00:00","2019-10-24T21:00:00-00:00","SP15","Wind","Renewable Forecast Actual Generation","RENEW_FCST_ACT_MW",3,1,748.8585,"ACTUAL",4
"90","2019-10-24",15,0,"2019-10-24T21:00:00-00:00","2019-10-24T22:00:00-00:00","SP15","Wind","Renewable Forecast Actual Generation","RENEW_FCST_ACT_MW",3,1,722.2131,"ACTUAL",4
"91","2019-10-24",16,0,"2019-10-24T22:00:00-00:00","2019-10-24T23:00:00-00:00","SP15","Wind","Renewable Forecast Actual Generation","RENEW_FCST_ACT_MW",3,1,708.80459,"ACTUAL",4
"92","2019-10-24",17,0,"2019-10-24T23:00:00-00:00","2019-10-25T00:00:00-00:00","SP15","Wind","Renewable Forecast Actual Generation","RENEW_FCST_ACT_MW",3,1,738.06071,"ACTUAL",4
"93","2019-10-24",18,0,"2019-10-25T00:00:00-00:00","2019-10-25T01:00:00-00:00","ZP26","Solar","Renewable Forecast Actual Generation","RENEW_FCST_ACT_MW",3,3,281.40527,"ACTUAL",5
"94","2019-10-24",17,0,"2019-10-24T23:00:00-00:00","2019-10-25T00:00:00-00:00","ZP26","Solar","Renewable Forecast Actual Generation","RENEW_FCST_ACT_MW",3,3,967.95605,"ACTUAL",5
"95","2019-10-24",20,0,"2019-10-25T02:00:00-00:00","2019-10-25T03:00:00-00:00","ZP26","Solar","Renewable Forecast Actual Generation","RENEW_FCST_ACT_MW",3,3,-5.65447,"ACTUAL",5
"96","2019-10-24",21,0,"2019-10-25T03:00:00-00:00","2019-10-25T04:00:00-00:00","ZP26","Solar","Renewable Forecast Actual Generation","RENEW_FCST_ACT_MW",3,3,-5.64579,"ACTUAL",5
"97","2019-10-24",22,0,"2019-10-25T04:00:00-00:00","2019-10-25T05:00:00-00:00","ZP26","Solar","Renewable Forecast Actual Generation","RENEW_FCST_ACT_MW",3,3,-5.65249,"ACTUAL",5
"98","2019-10-24",23,0,"2019-10-25T05:00:00-00:00","2019-10-25T06:00:00-00:00","ZP26","Solar","Renewable Forecast Actual Generation","RENEW_FCST_ACT_MW",3,3,-5.64732,"ACTUAL",5
"99","2019-10-24",24,0,"2019-10-25T06:00:00-00:00","2019-10-25T07:00:00-00:00","ZP26","Solar","Renewable Forecast Actual Generation","RENEW_FCST_ACT_MW",3,3,-5.63974,"ACTUAL",5
"100","2019-10-24",2,0,"2019-10-24T08:00:00-00:00","2019-10-24T09:00:00-00:00","ZP26","Solar","Renewable Forecast Actual Generation","RENEW_FCST_ACT_MW",3,3,-5.62779,"ACTUAL",5
"101","2019-10-24",3,0,"2019-10-24T09:00:00-00:00","2019-10-24T10:00:00-00:00","ZP26","Solar","Renewable Forecast Actual Generation","RENEW_FCST_ACT_MW",3,3,-5.65573,"ACTUAL",5
"102","2019-10-24",4,0,"2019-10-24T10:00:00-00:00","2019-10-24T11:00:00-00:00","ZP26","Solar","Renewable Forecast Actual Generation","RENEW_FCST_ACT_MW",3,3,-5.65424,"ACTUAL",5
"103","2019-10-24",5,0,"2019-10-24T11:00:00-00:00","2019-10-24T12:00:00-00:00","ZP26","Solar","Renewable Forecast Actual Generation","RENEW_FCST_ACT_MW",3,3,-5.64074,"ACTUAL",5
"104","2019-10-24",6,0,"2019-10-24T12:00:00-00:00","2019-10-24T13:00:00-00:00","ZP26","Solar","Renewable Forecast Actual Generation","RENEW_FCST_ACT_MW",3,3,-5.58739,"ACTUAL",5
"105","2019-10-24",7,0,"2019-10-24T13:00:00-00:00","2019-10-24T14:00:00-00:00","ZP26","Solar","Renewable Forecast Actual Generation","RENEW_FCST_ACT_MW",3,3,-5.74469,"ACTUAL",5
"106","2019-10-24",8,0,"2019-10-24T14:00:00-00:00","2019-10-24T15:00:00-00:00","ZP26","Solar","Renewable Forecast Actual Generation","RENEW_FCST_ACT_MW",3,3,75.37247,"ACTUAL",5
"107","2019-10-24",9,0,"2019-10-24T15:00:00-00:00","2019-10-24T16:00:00-00:00","ZP26","Solar","Renewable Forecast Actual Generation","RENEW_FCST_ACT_MW",3,3,652.94093,"ACTUAL",5
"108","2019-10-24",10,0,"2019-10-24T16:00:00-00:00","2019-10-24T17:00:00-00:00","ZP26","Solar","Renewable Forecast Actual Generation","RENEW_FCST_ACT_MW",3,3,1201.24996,"ACTUAL",5
"109","2019-10-24",11,0,"2019-10-24T17:00:00-00:00","2019-10-24T18:00:00-00:00","ZP26","Solar","Renewable Forecast Actual Generation","RENEW_FCST_ACT_MW",3,3,1395.70097,"ACTUAL",5
"110","2019-10-24",12,0,"2019-10-24T18:00:00-00:00","2019-10-24T19:00:00-00:00","ZP26","Solar","Renewable Forecast Actual Generation","RENEW_FCST_ACT_MW",3,3,1423.19247,"ACTUAL",5
"111","2019-10-24",13,0,"2019-10-24T19:00:00-00:00","2019-10-24T20:00:00-00:00","ZP26","Solar","Renewable Forecast Actual Generation","RENEW_FCST_ACT_MW",3,3,1417.73243,"ACTUAL",5
"112","2019-10-24",14,0,"2019-10-24T20:00:00-00:00","2019-10-24T21:00:00-00:00","ZP26","Solar","Renewable Forecast Actual Generation","RENEW_FCST_ACT_MW",3,3,1431.16868,"ACTUAL",5
"113","2019-10-24",15,0,"2019-10-24T21:00:00-00:00","2019-10-24T22:00:00-00:00","ZP26","Solar","Renewable Forecast Actual Generation","RENEW_FCST_ACT_MW",3,3,1411.327,"ACTUAL",5
"114","2019-10-24",16,0,"2019-10-24T22:00:00-00:00","2019-10-24T23:00:00-00:00","ZP26","Solar","Renewable Forecast Actual Generation","RENEW_FCST_ACT_MW",3,3,1319.7483,"ACTUAL",5
"115","2019-10-24",19,0,"2019-10-25T01:00:00-00:00","2019-10-25T02:00:00-00:00","ZP26","Solar","Renewable Forecast Actual Generation","RENEW_FCST_ACT_MW",3,3,-4.01424,"ACTUAL",5
"116","2019-10-25",1,0,"2019-10-25T07:00:00-00:00","2019-10-25T08:00:00-00:00","NP15","Solar","Renewable Forecast Actual Generation","RENEW_FCST_ACT_MW",3,3,-3.11936,"ACTUAL",6
"117","2019-10-25",1,0,"2019-10-25T07:00:00-00:00","2019-10-25T08:00:00-00:00","NP15","Wind","Renewable Forecast Actual Generation","RENEW_FCST_ACT_MW",3,1,32.75441,"ACTUAL",7
"118","2019-10-25",1,0,"2019-10-25T07:00:00-00:00","2019-10-25T08:00:00-00:00","SP15","Solar","Renewable Forecast Actual Generation","RENEW_FCST_ACT_MW",3,3,-8.94812,"ACTUAL",8
"119","2019-10-25",1,0,"2019-10-25T07:00:00-00:00","2019-10-25T08:00:00-00:00","SP15","Wind","Renewable Forecast Actual Generation","RENEW_FCST_ACT_MW",3,1,554.63651,"ACTUAL",9
"120","2019-10-25",1,0,"2019-10-25T07:00:00-00:00","2019-10-25T08:00:00-00:00","ZP26","Solar","Renewable Forecast Actual Generation","RENEW_FCST_ACT_MW",3,3,-5.68837,"ACTUAL",10
