"","OPR_DT","OPR_HR","OPR_INTERVAL","INTERVALSTARTTIME_GMT","INTERVALENDTIME_GMT","TRADING_HUB","RENEWABLE_TYPE","LABEL","XML_DATA_ITEM","MARKET_RUN_ID_POS","RENEW_POS","MW","MARKET_RUN_ID","GROUP"
"1","2019-12-14",1,0,"2019-12-14T08:00:00-00:00","2019-12-14T09:00:00-00:00","NP15","Solar","Renewable Forecast Actual Generation","RENEW_FCST_ACT_MW",3,3,-3.54796,"ACTUAL",1
"2","2019-12-14",2,0,"2019-12-14T09:00:00-00:00","2019-12-14T10:00:00-00:00","NP15","Solar","Renewable Forecast Actual Generation","RENEW_FCST_ACT_MW",3,3,-3.54485,"ACTUAL",1
"3","2019-12-14",3,0,"2019-12-14T10:00:00-00:00","2019-12-14T11:00:00-00:00","NP15","Solar","Renewable Forecast Actual Generation","RENEW_FCST_ACT_MW",3,3,-3.51639,"ACTUAL",1
"4","2019-12-14",4,0,"2019-12-14T11:00:00-00:00","2019-12-14T12:00:00-00:00","NP15","Solar","Renewable Forecast Actual Generation","RENEW_FCST_ACT_MW",3,3,-3.51287,"ACTUAL",1
"5","2019-12-14",5,0,"2019-12-14T12:00:00-00:00","2019-12-14T13:00:00-00:00","NP15","Solar","Renewable Forecast Actual Generation","RENEW_FCST_ACT_MW",3,3,-3.48986,"ACTUAL",1
"6","2019-12-14",6,0,"2019-12-14T13:00:00-00:00","2019-12-14T14:00:00-00:00","NP15","Solar","Renewable Forecast Actual Generation","RENEW_FCST_ACT_MW",3,3,-3.50961,"ACTUAL",1
"7","2019-12-14",7,0,"2019-12-14T14:00:00-00:00","2019-12-14T15:00:00-00:00","NP15","Solar","Renewable Forecast Actual Generation","RENEW_FCST_ACT_MW",3,3,-3.54222,"ACTUAL",1
"8","2019-12-14",8,0,"2019-12-14T15:00:00-00:00","2019-12-14T16:00:00-00:00","NP15","Solar","Renewable Forecast Actual Generation","RENEW_FCST_ACT_MW",3,3,38.39315,"ACTUAL",1
"9","2019-12-14",9,0,"2019-12-14T16:00:00-00:00","2019-12-14T17:00:00-00:00","NP15","Solar","Renewable Forecast Actual Generation","RENEW_FCST_ACT_MW",3,3,187.54315,"ACTUAL",1
"10","2019-12-14",10,0,"2019-12-14T17:00:00-00:00","2019-12-14T18:00:00-00:00","NP15","Solar","Renewable Forecast Actual Generation","RENEW_FCST_ACT_MW",3,3,417.98879,"ACTUAL",1
"11","2019-12-14",11,0,"2019-12-14T18:00:00-00:00","2019-12-14T19:00:00-00:00","NP15","Solar","Renewable Forecast Actual Generation","RENEW_FCST_ACT_MW",3,3,651.9234,"ACTUAL",1
"12","2019-12-14",12,0,"2019-12-14T19:00:00-00:00","2019-12-14T20:00:00-00:00","NP15","Solar","Renewable Forecast Actual Generation","RENEW_FCST_ACT_MW",3,3,808.15835,"ACTUAL",1
"13","2019-12-14",13,0,"2019-12-14T20:00:00-00:00","2019-12-14T21:00:00-00:00","NP15","Solar","Renewable Forecast Actual Generation","RENEW_FCST_ACT_MW",3,3,781.71217,"ACTUAL",1
"14","2019-12-14",14,0,"2019-12-14T21:00:00-00:00","2019-12-14T22:00:00-00:00","NP15","Solar","Renewable Forecast Actual Generation","RENEW_FCST_ACT_MW",3,3,820.6302,"ACTUAL",1
"15","2019-12-14",15,0,"2019-12-14T22:00:00-00:00","2019-12-14T23:00:00-00:00","NP15","Solar","Renewable Forecast Actual Generation","RENEW_FCST_ACT_MW",3,3,766.34093,"ACTUAL",1
"16","2019-12-14",16,0,"2019-12-14T23:00:00-00:00","2019-12-15T00:00:00-00:00","NP15","Solar","Renewable Forecast Actual Generation","RENEW_FCST_ACT_MW",3,3,492.19317,"ACTUAL",1
"17","2019-12-14",17,0,"2019-12-15T00:00:00-00:00","2019-12-15T01:00:00-00:00","NP15","Solar","Renewable Forecast Actual Generation","RENEW_FCST_ACT_MW",3,3,52.97646,"ACTUAL",1
"18","2019-12-14",18,0,"2019-12-15T01:00:00-00:00","2019-12-15T02:00:00-00:00","NP15","Solar","Renewable Forecast Actual Generation","RENEW_FCST_ACT_MW",3,3,-3.66843,"ACTUAL",1
"19","2019-12-14",19,0,"2019-12-15T02:00:00-00:00","2019-12-15T03:00:00-00:00","NP15","Solar","Renewable Forecast Actual Generation","RENEW_FCST_ACT_MW",3,3,-3.4771,"ACTUAL",1
"20","2019-12-14",20,0,"2019-12-15T03:00:00-00:00","2019-12-15T04:00:00-00:00","NP15","Solar","Renewable Forecast Actual Generation","RENEW_FCST_ACT_MW",3,3,-3.48436,"ACTUAL",1
"21","2019-12-14",21,0,"2019-12-15T04:00:00-00:00","2019-12-15T05:00:00-00:00","NP15","Solar","Renewable Forecast Actual Generation","RENEW_FCST_ACT_MW",3,3,-3.48885,"ACTUAL",1
"22","2019-12-14",22,0,"2019-12-15T05:00:00-00:00","2019-12-15T06:00:00-00:00","NP15","Solar","Renewable Forecast Actual Generation","RENEW_FCST_ACT_MW",3,3,-3.49502,"ACTUAL",1
"23","2019-12-14",23,0,"2019-12-15T06:00:00-00:00","2019-12-15T07:00:00-00:00","NP15","Solar","Renewable Forecast Actual Generation","RENEW_FCST_ACT_MW",3,3,-3.49291,"ACTUAL",1
"24","2019-12-14",24,0,"2019-12-15T07:00:00-00:00","2019-12-15T08:00:00-00:00","NP15","Solar","Renewable Forecast Actual Generation","RENEW_FCST_ACT_MW",3,3,-3.51341,"ACTUAL",1
"25","2019-12-14",1,0,"2019-12-14T08:00:00-00:00","2019-12-14T09:00:00-00:00","NP15","Wind","Renewable Forecast Actual Generation","RENEW_FCST_ACT_MW",3,1,254.54332,"ACTUAL",2
"26","2019-12-14",24,0,"2019-12-15T07:00:00-00:00","2019-12-15T08:00:00-00:00","NP15","Wind","Renewable Forecast Actual Generation","RENEW_FCST_ACT_MW",3,1,1066.05543,"ACTUAL",2
"27","2019-12-14",3,0,"2019-12-14T10:00:00-00:00","2019-12-14T11:00:00-00:00","NP15","Wind","Renewable Forecast Actual Generation","RENEW_FCST_ACT_MW",3,1,686.80786,"ACTUAL",2
"28","2019-12-14",4,0,"2019-12-14T11:00:00-00:00","2019-12-14T12:00:00-00:00","NP15","Wind","Renewable Forecast Actual Generation","RENEW_FCST_ACT_MW",3,1,604.51667,"ACTUAL",2
"29","2019-12-14",5,0,"2019-12-14T12:00:00-00:00","2019-12-14T13:00:00-00:00","NP15","Wind","Renewable Forecast Actual Generation","RENEW_FCST_ACT_MW",3,1,606.45331,"ACTUAL",2
"30","2019-12-14",6,0,"2019-12-14T13:00:00-00:00","2019-12-14T14:00:00-00:00","NP15","Wind","Renewable Forecast Actual Generation","RENEW_FCST_ACT_MW",3,1,701.22645,"ACTUAL",2
"31","2019-12-14",7,0,"2019-12-14T14:00:00-00:00","2019-12-14T15:00:00-00:00","NP15","Wind","Renewable Forecast Actual Generation","RENEW_FCST_ACT_MW",3,1,742.59055,"ACTUAL",2
"32","2019-12-14",8,0,"2019-12-14T15:00:00-00:00","2019-12-14T16:00:00-00:00","NP15","Wind","Renewable Forecast Actual Generation","RENEW_FCST_ACT_MW",3,1,617.62797,"ACTUAL",2
"33","2019-12-14",9,0,"2019-12-14T16:00:00-00:00","2019-12-14T17:00:00-00:00","NP15","Wind","Renewable Forecast Actual Generation","RENEW_FCST_ACT_MW",3,1,544.81774,"ACTUAL",2
"34","2019-12-14",10,0,"2019-12-14T17:00:00-00:00","2019-12-14T18:00:00-00:00","NP15","Wind","Renewable Forecast Actual Generation","RENEW_FCST_ACT_MW",3,1,572.77491,"ACTUAL",2
"35","2019-12-14",11,0,"2019-12-14T18:00:00-00:00","2019-12-14T19:00:00-00:00","NP15","Wind","Renewable Forecast Actual Generation","RENEW_FCST_ACT_MW",3,1,539.3349,"ACTUAL",2
"36","2019-12-14",12,0,"2019-12-14T19:00:00-00:00","2019-12-14T20:00:00-00:00","NP15","Wind","Renewable Forecast Actual Generation","RENEW_FCST_ACT_MW",3,1,441.49328,"ACTUAL",2
"37","2019-12-14",13,0,"2019-12-14T20:00:00-00:00","2019-12-14T21:00:00-00:00","NP15","Wind","Renewable Forecast Actual Generation","RENEW_FCST_ACT_MW",3,1,500.14088,"ACTUAL",2
"38","2019-12-14",14,0,"2019-12-14T21:00:00-00:00","2019-12-14T22:00:00-00:00","NP15","Wind","Renewable Forecast Actual Generation","RENEW_FCST_ACT_MW",3,1,556.65115,"ACTUAL",2
"39","2019-12-14",15,0,"2019-12-14T22:00:00-00:00","2019-12-14T23:00:00-00:00","NP15","Wind","Renewable Forecast Actual Generation","RENEW_FCST_ACT_MW",3,1,590.63357,"ACTUAL",2
"40","2019-12-14",16,0,"2019-12-14T23:00:00-00:00","2019-12-15T00:00:00-00:00","NP15","Wind","Renewable Forecast Actual Generation","RENEW_FCST_ACT_MW",3,1,780.74657,"ACTUAL",2
"41","2019-12-14",17,0,"2019-12-15T00:00:00-00:00","2019-12-15T01:00:00-00:00","NP15","Wind","Renewable Forecast Actual Generation","RENEW_FCST_ACT_MW",3,1,725.15738,"ACTUAL",2
"42","2019-12-14",18,0,"2019-12-15T01:00:00-00:00","2019-12-15T02:00:00-00:00","NP15","Wind","Renewable Forecast Actual Generation","RENEW_FCST_ACT_MW",3,1,696.75185,"ACTUAL",2
"43","2019-12-14",19,0,"2019-12-15T02:00:00-00:00","2019-12-15T03:00:00-00:00","NP15","Wind","Renewable Forecast Actual Generation","RENEW_FCST_ACT_MW",3,1,689.17016,"ACTUAL",2
"44","2019-12-14",20,0,"2019-12-15T03:00:00-00:00","2019-12-15T04:00:00-00:00","NP15","Wind","Renewable Forecast Actual Generation","RENEW_FCST_ACT_MW",3,1,680.59454,"ACTUAL",2
"45","2019-12-14",21,0,"2019-12-15T04:00:00-00:00","2019-12-15T05:00:00-00:00","NP15","Wind","Renewable Forecast Actual Generation","RENEW_FCST_ACT_MW",3,1,687.16747,"ACTUAL",2
"46","2019-12-14",22,0,"2019-12-15T05:00:00-00:00","2019-12-15T06:00:00-00:00","NP15","Wind","Renewable Forecast Actual Generation","RENEW_FCST_ACT_MW",3,1,726.83872,"ACTUAL",2
"47","2019-12-14",23,0,"2019-12-15T06:00:00-00:00","2019-12-15T07:00:00-00:00","NP15","Wind","Renewable Forecast Actual Generation","RENEW_FCST_ACT_MW",3,1,861.11683,"ACTUAL",2
"48","2019-12-14",2,0,"2019-12-14T09:00:00-00:00","2019-12-14T10:00:00-00:00","NP15","Wind","Renewable Forecast Actual Generation","RENEW_FCST_ACT_MW",3,1,301.96656,"ACTUAL",2
"49","2019-12-14",24,0,"2019-12-15T07:00:00-00:00","2019-12-15T08:00:00-00:00","SP15","Solar","Renewable Forecast Actual Generation","RENEW_FCST_ACT_MW",3,3,3.36814,"ACTUAL",3
"50","2019-12-14",2,0,"2019-12-14T09:00:00-00:00","2019-12-14T10:00:00-00:00","SP15","Solar","Renewable Forecast Actual Generation","RENEW_FCST_ACT_MW",3,3,3.0701,"ACTUAL",3
"51","2019-12-14",23,0,"2019-12-15T06:00:00-00:00","2019-12-15T07:00:00-00:00","SP15","Solar","Renewable Forecast Actual Generation","RENEW_FCST_ACT_MW",3,3,5.39915,"ACTUAL",3
"52","2019-12-14",6,0,"2019-12-14T13:00:00-00:00","2019-12-14T14:00:00-00:00","SP15","Solar","Renewable Forecast Actual Generation","RENEW_FCST_ACT_MW",3,3,2.6346,"ACTUAL",3
"53","2019-12-14",22,0,"2019-12-15T05:00:00-00:00","2019-12-15T06:00:00-00:00","SP15","Solar","Renewable Forecast Actual Generation","RENEW_FCST_ACT_MW",3,3,9.46544,"ACTUAL",3
"54","2019-12-14",11,0,"2019-12-14T18:00:00-00:00","2019-12-14T19:00:00-00:00","SP15","Solar","Renewable Forecast Actual Generation","RENEW_FCST_ACT_MW",3,3,4369.36697,"ACTUAL",3
"55","2019-12-14",21,0,"2019-12-15T04:00:00-00:00","2019-12-15T05:00:00-00:00","SP15","Solar","Renewable Forecast Actual Generation","RENEW_FCST_ACT_MW",3,3,10.09388,"ACTUAL",3
"56","2019-12-14",3,0,"2019-12-14T10:00:00-00:00","2019-12-14T11:00:00-00:00","SP15","Solar","Renewable Forecast Actual Generation","RENEW_FCST_ACT_MW",3,3,2.64337,"ACTUAL",3
"57","2019-12-14",20,0,"2019-12-15T03:00:00-00:00","2019-12-15T04:00:00-00:00","SP15","Solar","Renewable Forecast Actual Generation","RENEW_FCST_ACT_MW",3,3,10.08805,"ACTUAL",3
"58","2019-12-14",10,0,"2019-12-14T17:00:00-00:00","2019-12-14T18:00:00-00:00","SP15","Solar","Renewable Forecast Actual Generation","RENEW_FCST_ACT_MW",3,3,3899.98834,"ACTUAL",3
"59","2019-12-14",19,0,"2019-12-15T02:00:00-00:00","2019-12-15T03:00:00-00:00","SP15","Solar","Renewable Forecast Actual Generation","RENEW_FCST_ACT_MW",3,3,10.10532,"ACTUAL",3
"60","2019-12-14",5,0,"2019-12-14T12:00:00-00:00","2019-12-14T13:00:00-00:00","SP15","Solar","Renewable Forecast Actual Generation","RENEW_FCST_ACT_MW",3,3,1.35199,"ACTUAL",3
"61","2019-12-14",18,0,"2019-12-15T01:00:00-00:00","2019-12-15T02:00:00-00:00","SP15","Solar","Renewable Forecast Actual Generation","RENEW_FCST_ACT_MW",3,3,9.84624,"ACTUAL",3
"62","2019-12-14",9,0,"2019-12-14T16:00:00-00:00","2019-12-14T17:00:00-00:00","SP15","Solar","Renewable Forecast Actual Generation","RENEW_FCST_ACT_MW",3,3,2844.29478,"ACTUAL",3
"63","2019-12-14",17,0,"2019-12-15T00:00:00-00:00","2019-12-15T01:00:00-00:00","SP15","Solar","Renewable Forecast Actual Generation","RENEW_FCST_ACT_MW",3,3,177.05797,"ACTUAL",3
"64","2019-12-14",1,0,"2019-12-14T08:00:00-00:00","2019-12-14T09:00:00-00:00","SP15","Solar","Renewable Forecast Actual Generation","RENEW_FCST_ACT_MW",3,3,2.51247,"ACTUAL",3
"65","2019-12-14",16,0,"2019-12-14T23:00:00-00:00","2019-12-15T00:00:00-00:00","SP15","Solar","Renewable Forecast Actual Generation","RENEW_FCST_ACT_MW",3,3,1706.03047,"ACTUAL",3
"66","2019-12-14",8,0,"2019-12-14T15:00:00-00:00","2019-12-14T16:00:00-00:00","SP15","Solar","Renewable Forecast Actual Generation","RENEW_FCST_ACT_MW",3,3,1035.93842,"ACTUAL",3
"67","2019-12-14",15,0,"2019-12-14T22:00:00-00:00","2019-12-14T23:00:00-00:00","SP15","Solar","Renewable Forecast Actual Generation","RENEW_FCST_ACT_MW",3,3,3517.17425,"ACTUAL",3
"68","2019-12-14",4,0,"2019-12-14T11:00:00-00:00","2019-12-14T12:00:00-00:00","SP15","Solar","Renewable Forecast Actual Generation","RENEW_FCST_ACT_MW",3,3,1.50992,"ACTUAL",3
"69","2019-12-14",14,0,"2019-12-14T21:00:00-00:00","2019-12-14T22:00:00-00:00","SP15","Solar","Renewable Forecast Actual Generation","RENEW_FCST_ACT_MW",3,3,4489.65194,"ACTUAL",3
"70","2019-12-14",7,0,"2019-12-14T14:00:00-00:00","2019-12-14T15:00:00-00:00","SP15","Solar","Renewable Forecast Actual Generation","RENEW_FCST_ACT_MW",3,3,32.50625,"ACTUAL",3
"71","2019-12-14",13,0,"2019-12-14T20:00:00-00:00","2019-12-14T21:00:00-00:00","SP15","Solar","Renewable Forecast Actual Generation","RENEW_FCST_ACT_MW",3,3,4566.89859,"ACTUAL",3
"72","2019-12-14",12,0,"2019-12-14T19:00:00-00:00","2019-12-14T20:00:00-00:00","SP15","Solar","Renewable Forecast Actual Generation","RENEW_FCST_ACT_MW",3,3,4303.49205,"ACTUAL",3
"73","2019-12-14",23,0,"2019-12-15T06:00:00-00:00","2019-12-15T07:00:00-00:00","SP15","Wind","Renewable Forecast Actual Generation","RENEW_FCST_ACT_MW",3,1,2959.23043,"ACTUAL",4
"74","2019-12-14",22,0,"2019-12-15T05:00:00-00:00","2019-12-15T06:00:00-00:00","SP15","Wind","Renewable Forecast Actual Generation","RENEW_FCST_ACT_MW",3,1,2460.80529,"ACTUAL",4
"75","2019-12-14",21,0,"2019-12-15T04:00:00-00:00","2019-12-15T05:00:00-00:00","SP15","Wind","Renewable Forecast Actual Generation","RENEW_FCST_ACT_MW",3,1,2373.99533,"ACTUAL",4
"76","2019-12-14",20,0,"2019-12-15T03:00:00-00:00","2019-12-15T04:00:00-00:00","SP15","Wind","Renewable Forecast Actual Generation","RENEW_FCST_ACT_MW",3,1,2537.74117,"ACTUAL",4
"77","2019-12-14",19,0,"2019-12-15T02:00:00-00:00","2019-12-15T03:00:00-00:00","SP15","Wind","Renewable Forecast Actual Generation","RENEW_FCST_ACT_MW",3,1,2520.62582,"ACTUAL",4
"78","2019-12-14",18,0,"2019-12-15T01:00:00-00:00","2019-12-15T02:00:00-00:00","SP15","Wind","Renewable Forecast Actual Generation","RENEW_FCST_ACT_MW",3,1,2304.99519,"ACTUAL",4
"79","2019-12-14",17,0,"2019-12-15T00:00:00-00:00","2019-12-15T01:00:00-00:00","SP15","Wind","Renewable Forecast Actual Generation","RENEW_FCST_ACT_MW",3,1,2239.25499,"ACTUAL",4
"80","2019-12-14",16,0,"2019-12-14T23:00:00-00:00","2019-12-15T00:00:00-00:00","SP15","Wind","Renewable Forecast Actual Generation","RENEW_FCST_ACT_MW",3,1,2362.92942,"ACTUAL",4
"81","2019-12-14",15,0,"2019-12-14T22:00:00-00:00","2019-12-14T23:00:00-00:00","SP15","Wind","Renewable Forecast Actual Generation","RENEW_FCST_ACT_MW",3,1,2316.82727,"ACTUAL",4
"82","2019-12-14",14,0,"2019-12-14T21:00:00-00:00","2019-12-14T22:00:00-00:00","SP15","Wind","Renewable Forecast Actual Generation","RENEW_FCST_ACT_MW",3,1,2281.91439,"ACTUAL",4
"83","2019-12-14",13,0,"2019-12-14T20:00:00-00:00","2019-12-14T21:00:00-00:00","SP15","Wind","Renewable Forecast Actual Generation","RENEW_FCST_ACT_MW",3,1,2491.93872,"ACTUAL",4
"84","2019-12-14",12,0,"2019-12-14T19:00:00-00:00","2019-12-14T20:00:00-00:00","SP15","Wind","Renewable Forecast Actual Generation","RENEW_FCST_ACT_MW",3,1,2672.03878,"ACTUAL",4
"85","2019-12-14",11,0,"2019-12-14T18:00:00-00:00","2019-12-14T19:00:00-00:00","SP15","Wind","Renewable Forecast Actual Generation","RENEW_FCST_ACT_MW",3,1,2599.04428,"ACTUAL",4
"86","2019-12-14",10,0,"2019-12-14T17:00:00-00:00","2019-12-14T18:00:00-00:00","SP15","Wind","Renewable Forecast Actual Generation","RENEW_FCST_ACT_MW",3,1,2506.04399,"ACTUAL",4
"87","2019-12-14",9,0,"2019-12-14T16:00:00-00:00","2019-12-14T17:00:00-00:00","SP15","Wind","Renewable Forecast Actual Generation","RENEW_FCST_ACT_MW",3,1,2291.03575,"ACTUAL",4
"88","2019-12-14",8,0,"2019-12-14T15:00:00-00:00","2019-12-14T16:00:00-00:00","SP15","Wind","Renewable Forecast Actual Generation","RENEW_FCST_ACT_MW",3,1,1907.15458,"ACTUAL",4
"89","2019-12-14",7,0,"2019-12-14T14:00:00-00:00","2019-12-14T15:00:00-00:00","SP15","Wind","Renewable Forecast Actual Generation","RENEW_FCST_ACT_MW",3,1,1766.21487,"ACTUAL",4
"90","2019-12-14",6,0,"2019-12-14T13:00:00-00:00","2019-12-14T14:00:00-00:00","SP15","Wind","Renewable Forecast Actual Generation","RENEW_FCST_ACT_MW",3,1,1705.33579,"ACTUAL",4
"91","2019-12-14",5,0,"2019-12-14T12:00:00-00:00","2019-12-14T13:00:00-00:00","SP15","Wind","Renewable Forecast Actual Generation","RENEW_FCST_ACT_MW",3,1,1730.79186,"ACTUAL",4
"92","2019-12-14",4,0,"2019-12-14T11:00:00-00:00","2019-12-14T12:00:00-00:00","SP15","Wind","Renewable Forecast Actual Generation","RENEW_FCST_ACT_MW",3,1,1825.93156,"ACTUAL",4
"93","2019-12-14",3,0,"2019-12-14T10:00:00-00:00","2019-12-14T11:00:00-00:00","SP15","Wind","Renewable Forecast Actual Generation","RENEW_FCST_ACT_MW",3,1,1943.62145,"ACTUAL",4
"94","2019-12-14",2,0,"2019-12-14T09:00:00-00:00","2019-12-14T10:00:00-00:00","SP15","Wind","Renewable Forecast Actual Generation","RENEW_FCST_ACT_MW",3,1,1830.75052,"ACTUAL",4
"95","2019-12-14",24,0,"2019-12-15T07:00:00-00:00","2019-12-15T08:00:00-00:00","SP15","Wind","Renewable Forecast Actual Generation","RENEW_FCST_ACT_MW",3,1,2692.74774,"ACTUAL",4
"96","2019-12-14",1,0,"2019-12-14T08:00:00-00:00","2019-12-14T09:00:00-00:00","SP15","Wind","Renewable Forecast Actual Generation","RENEW_FCST_ACT_MW",3,1,1889.80466,"ACTUAL",4
"97","2019-12-14",1,0,"2019-12-14T08:00:00-00:00","2019-12-14T09:00:00-00:00","ZP26","Solar","Renewable Forecast Actual Generation","RENEW_FCST_ACT_MW",3,3,-5.69472,"ACTUAL",5
"98","2019-12-14",24,0,"2019-12-15T07:00:00-00:00","2019-12-15T08:00:00-00:00","ZP26","Solar","Renewable Forecast Actual Generation","RENEW_FCST_ACT_MW",3,3,-5.5156,"ACTUAL",5
"99","2019-12-14",3,0,"2019-12-14T10:00:00-00:00","2019-12-14T11:00:00-00:00","ZP26","Solar","Renewable Forecast Actual Generation","RENEW_FCST_ACT_MW",3,3,-5.70938,"ACTUAL",5
"100","2019-12-14",4,0,"2019-12-14T11:00:00-00:00","2019-12-14T12:00:00-00:00","ZP26","Solar","Renewable Forecast Actual Generation","RENEW_FCST_ACT_MW",3,3,-5.69846,"ACTUAL",5
"101","2019-12-14",5,0,"2019-12-14T12:00:00-00:00","2019-12-14T13:00:00-00:00","ZP26","Solar","Renewable Forecast Actual Generation","RENEW_FCST_ACT_MW",3,3,-5.68628,"ACTUAL",5
"102","2019-12-14",6,0,"2019-12-14T13:00:00-00:00","2019-12-14T14:00:00-00:00","ZP26","Solar","Renewable Forecast Actual Generation","RENEW_FCST_ACT_MW",3,3,-5.68863,"ACTUAL",5
"103","2019-12-14",7,0,"2019-12-14T14:00:00-00:00","2019-12-14T15:00:00-00:00","ZP26","Solar","Renewable Forecast Actual Generation","RENEW_FCST_ACT_MW",3,3,-5.79831,"ACTUAL",5
"104","2019-12-14",8,0,"2019-12-14T15:00:00-00:00","2019-12-14T16:00:00-00:00","ZP26","Solar","Renewable Forecast Actual Generation","RENEW_FCST_ACT_MW",3,3,22.37611,"ACTUAL",5
"105","2019-12-14",9,0,"2019-12-14T16:00:00-00:00","2019-12-14T17:00:00-00:00","ZP26","Solar","Renewable Forecast Actual Generation","RENEW_FCST_ACT_MW",3,3,185.87585,"ACTUAL",5
"106","2019-12-14",10,0,"2019-12-14T17:00:00-00:00","2019-12-14T18:00:00-00:00","ZP26","Solar","Renewable Forecast Actual Generation","RENEW_FCST_ACT_MW",3,3,413.73624,"ACTUAL",5
"107","2019-12-14",11,0,"2019-12-14T18:00:00-00:00","2019-12-14T19:00:00-00:00","ZP26","Solar","Renewable Forecast Actual Generation","RENEW_FCST_ACT_MW",3,3,528.1643,"ACTUAL",5
"108","2019-12-14",12,0,"2019-12-14T19:00:00-00:00","2019-12-14T20:00:00-00:00","ZP26","Solar","Renewable Forecast Actual Generation","RENEW_FCST_ACT_MW",3,3,754.98357,"ACTUAL",5
"109","2019-12-14",13,0,"2019-12-14T20:00:00-00:00","2019-12-14T21:00:00-00:00","ZP26","Solar","Renewable Forecast Actual Generation","RENEW_FCST_ACT_MW",3,3,812.88523,"ACTUAL",5
"110","2019-12-14",14,0,"2019-12-14T21:00:00-00:00","2019-12-14T22:00:00-00:00","ZP26","Solar","Renewable Forecast Actual Generation","RENEW_FCST_ACT_MW",3,3,911.90375,"ACTUAL",5
"111","2019-12-14",15,0,"2019-12-14T22:00:00-00:00","2019-12-14T23:00:00-00:00","ZP26","Solar","Renewable Forecast Actual Generation","RENEW_FCST_ACT_MW",3,3,903.30173,"ACTUAL",5
"112","2019-12-14",16,0,"2019-12-14T23:00:00-00:00","2019-12-15T00:00:00-00:00","ZP26","Solar","Renewable Forecast Actual Generation","RENEW_FCST_ACT_MW",3,3,525.73631,"ACTUAL",5
"113","2019-12-14",17,0,"2019-12-15T00:00:00-00:00","2019-12-15T01:00:00-00:00","ZP26","Solar","Renewable Forecast Actual Generation","RENEW_FCST_ACT_MW",3,3,68.25084,"ACTUAL",5
"114","2019-12-14",18,0,"2019-12-15T01:00:00-00:00","2019-12-15T02:00:00-00:00","ZP26","Solar","Renewable Forecast Actual Generation","RENEW_FCST_ACT_MW",3,3,-5.76384,"ACTUAL",5
"115","2019-12-14",19,0,"2019-12-15T02:00:00-00:00","2019-12-15T03:00:00-00:00","ZP26","Solar","Renewable Forecast Actual Generation","RENEW_FCST_ACT_MW",3,3,-5.53276,"ACTUAL",5
"116","2019-12-14",20,0,"2019-12-15T03:00:00-00:00","2019-12-15T04:00:00-00:00","ZP26","Solar","Renewable Forecast Actual Generation","RENEW_FCST_ACT_MW",3,3,-5.52054,"ACTUAL",5
"117","2019-12-14",21,0,"2019-12-15T04:00:00-00:00","2019-12-15T05:00:00-00:00","ZP26","Solar","Renewable Forecast Actual Generation","RENEW_FCST_ACT_MW",3,3,-5.48161,"ACTUAL",5
"118","2019-12-14",22,0,"2019-12-15T05:00:00-00:00","2019-12-15T06:00:00-00:00","ZP26","Solar","Renewable Forecast Actual Generation","RENEW_FCST_ACT_MW",3,3,-5.42253,"ACTUAL",5
"119","2019-12-14",23,0,"2019-12-15T06:00:00-00:00","2019-12-15T07:00:00-00:00","ZP26","Solar","Renewable Forecast Actual Generation","RENEW_FCST_ACT_MW",3,3,-5.46168,"ACTUAL",5
"120","2019-12-14",2,0,"2019-12-14T09:00:00-00:00","2019-12-14T10:00:00-00:00","ZP26","Solar","Renewable Forecast Actual Generation","RENEW_FCST_ACT_MW",3,3,-5.69331,"ACTUAL",5
