"","OPR_DT","OPR_HR","OPR_INTERVAL","INTERVALSTARTTIME_GMT","INTERVALENDTIME_GMT","TRADING_HUB","RENEWABLE_TYPE","LABEL","XML_DATA_ITEM","MARKET_RUN_ID_POS","RENEW_POS","MW","MARKET_RUN_ID","GROUP"
"1","2019-06-20",2,0,"2019-06-20T08:00:00-00:00","2019-06-20T09:00:00-00:00","NP15","Solar","Renewable Forecast Actual Generation","RENEW_FCST_ACT_MW",3,3,-1.89193,"ACTUAL",1
"2","2019-06-20",3,0,"2019-06-20T09:00:00-00:00","2019-06-20T10:00:00-00:00","NP15","Solar","Renewable Forecast Actual Generation","RENEW_FCST_ACT_MW",3,3,-1.93842,"ACTUAL",1
"3","2019-06-20",4,0,"2019-06-20T10:00:00-00:00","2019-06-20T11:00:00-00:00","NP15","Solar","Renewable Forecast Actual Generation","RENEW_FCST_ACT_MW",3,3,-1.93493,"ACTUAL",1
"4","2019-06-20",5,0,"2019-06-20T11:00:00-00:00","2019-06-20T12:00:00-00:00","NP15","Solar","Renewable Forecast Actual Generation","RENEW_FCST_ACT_MW",3,3,-1.92535,"ACTUAL",1
"5","2019-06-20",6,0,"2019-06-20T12:00:00-00:00","2019-06-20T13:00:00-00:00","NP15","Solar","Renewable Forecast Actual Generation","RENEW_FCST_ACT_MW",3,3,-0.31487,"ACTUAL",1
"6","2019-06-20",7,0,"2019-06-20T13:00:00-00:00","2019-06-20T14:00:00-00:00","NP15","Solar","Renewable Forecast Actual Generation","RENEW_FCST_ACT_MW",3,3,267.27729,"ACTUAL",1
"7","2019-06-20",8,0,"2019-06-20T14:00:00-00:00","2019-06-20T15:00:00-00:00","NP15","Solar","Renewable Forecast Actual Generation","RENEW_FCST_ACT_MW",3,3,964.15511,"ACTUAL",1
"8","2019-06-20",9,0,"2019-06-20T15:00:00-00:00","2019-06-20T16:00:00-00:00","NP15","Solar","Renewable Forecast Actual Generation","RENEW_FCST_ACT_MW",3,3,1271.95174,"ACTUAL",1
"9","2019-06-20",10,0,"2019-06-20T16:00:00-00:00","2019-06-20T17:00:00-00:00","NP15","Solar","Renewable Forecast Actual Generation","RENEW_FCST_ACT_MW",3,3,1338.9819,"ACTUAL",1
"10","2019-06-20",11,0,"2019-06-20T17:00:00-00:00","2019-06-20T18:00:00-00:00","NP15","Solar","Renewable Forecast Actual Generation","RENEW_FCST_ACT_MW",3,3,1374.39878,"ACTUAL",1
"11","2019-06-20",12,0,"2019-06-20T18:00:00-00:00","2019-06-20T19:00:00-00:00","NP15","Solar","Renewable Forecast Actual Generation","RENEW_FCST_ACT_MW",3,3,1390.90747,"ACTUAL",1
"12","2019-06-20",13,0,"2019-06-20T19:00:00-00:00","2019-06-20T20:00:00-00:00","NP15","Solar","Renewable Forecast Actual Generation","RENEW_FCST_ACT_MW",3,3,1394.53429,"ACTUAL",1
"13","2019-06-20",14,0,"2019-06-20T20:00:00-00:00","2019-06-20T21:00:00-00:00","NP15","Solar","Renewable Forecast Actual Generation","RENEW_FCST_ACT_MW",3,3,1398.88216,"ACTUAL",1
"14","2019-06-20",15,0,"2019-06-20T21:00:00-00:00","2019-06-20T22:00:00-00:00","NP15","Solar","Renewable Forecast Actual Generation","RENEW_FCST_ACT_MW",3,3,1399.33209,"ACTUAL",1
"15","2019-06-20",16,0,"2019-06-20T22:00:00-00:00","2019-06-20T23:00:00-00:00","NP15","Solar","Renewable Forecast Actual Generation","RENEW_FCST_ACT_MW",3,3,1374.13861,"ACTUAL",1
"16","2019-06-20",17,0,"2019-06-20T23:00:00-00:00","2019-06-21T00:00:00-00:00","NP15","Solar","Renewable Forecast Actual Generation","RENEW_FCST_ACT_MW",3,3,1346.89743,"ACTUAL",1
"17","2019-06-20",18,0,"2019-06-21T00:00:00-00:00","2019-06-21T01:00:00-00:00","NP15","Solar","Renewable Forecast Actual Generation","RENEW_FCST_ACT_MW",3,3,1251.15321,"ACTUAL",1
"18","2019-06-20",19,0,"2019-06-21T01:00:00-00:00","2019-06-21T02:00:00-00:00","NP15","Solar","Renewable Forecast Actual Generation","RENEW_FCST_ACT_MW",3,3,932.44877,"ACTUAL",1
"19","2019-06-20",20,0,"2019-06-21T02:00:00-00:00","2019-06-21T03:00:00-00:00","NP15","Solar","Renewable Forecast Actual Generation","RENEW_FCST_ACT_MW",3,3,249.82108,"ACTUAL",1
"20","2019-06-20",21,0,"2019-06-21T03:00:00-00:00","2019-06-21T04:00:00-00:00","NP15","Solar","Renewable Forecast Actual Generation","RENEW_FCST_ACT_MW",3,3,5.16273,"ACTUAL",1
"21","2019-06-20",22,0,"2019-06-21T04:00:00-00:00","2019-06-21T05:00:00-00:00","NP15","Solar","Renewable Forecast Actual Generation","RENEW_FCST_ACT_MW",3,3,0.04984,"ACTUAL",1
"22","2019-06-20",23,0,"2019-06-21T05:00:00-00:00","2019-06-21T06:00:00-00:00","NP15","Solar","Renewable Forecast Actual Generation","RENEW_FCST_ACT_MW",3,3,0.0815,"ACTUAL",1
"23","2019-06-20",24,0,"2019-06-21T06:00:00-00:00","2019-06-21T07:00:00-00:00","NP15","Solar","Renewable Forecast Actual Generation","RENEW_FCST_ACT_MW",3,3,0.09296,"ACTUAL",1
"24","2019-06-20",18,0,"2019-06-21T00:00:00-00:00","2019-06-21T01:00:00-00:00","NP15","Wind","Renewable Forecast Actual Generation","RENEW_FCST_ACT_MW",3,1,1108.45084,"ACTUAL",2
"25","2019-06-20",6,0,"2019-06-20T12:00:00-00:00","2019-06-20T13:00:00-00:00","NP15","Wind","Renewable Forecast Actual Generation","RENEW_FCST_ACT_MW",3,1,1233.20768,"ACTUAL",2
"26","2019-06-20",17,0,"2019-06-20T23:00:00-00:00","2019-06-21T00:00:00-00:00","NP15","Wind","Renewable Forecast Actual Generation","RENEW_FCST_ACT_MW",3,1,1090.37526,"ACTUAL",2
"27","2019-06-20",16,0,"2019-06-20T22:00:00-00:00","2019-06-20T23:00:00-00:00","NP15","Wind","Renewable Forecast Actual Generation","RENEW_FCST_ACT_MW",3,1,1023.68018,"ACTUAL",2
"28","2019-06-20",15,0,"2019-06-20T21:00:00-00:00","2019-06-20T22:00:00-00:00","NP15","Wind","Renewable Forecast Actual Generation","RENEW_FCST_ACT_MW",3,1,934.10071,"ACTUAL",2
"29","2019-06-20",14,0,"2019-06-20T20:00:00-00:00","2019-06-20T21:00:00-00:00","NP15","Wind","Renewable Forecast Actual Generation","RENEW_FCST_ACT_MW",3,1,946.71513,"ACTUAL",2
"30","2019-06-20",13,0,"2019-06-20T19:00:00-00:00","2019-06-20T20:00:00-00:00","NP15","Wind","Renewable Forecast Actual Generation","RENEW_FCST_ACT_MW",3,1,974.61202,"ACTUAL",2
"31","2019-06-20",12,0,"2019-06-20T18:00:00-00:00","2019-06-20T19:00:00-00:00","NP15","Wind","Renewable Forecast Actual Generation","RENEW_FCST_ACT_MW",3,1,880.94478,"ACTUAL",2
"32","2019-06-20",11,0,"2019-06-20T17:00:00-00:00","2019-06-20T18:00:00-00:00","NP15","Wind","Renewable Forecast Actual Generation","RENEW_FCST_ACT_MW",3,1,993.70377,"ACTUAL",2
"33","2019-06-20",10,0,"2019-06-20T16:00:00-00:00","2019-06-20T17:00:00-00:00","NP15","Wind","Renewable Forecast Actual Generation","RENEW_FCST_ACT_MW",3,1,1136.83846,"ACTUAL",2
"34","2019-06-20",9,0,"2019-06-20T15:00:00-00:00","2019-06-20T16:00:00-00:00","NP15","Wind","Renewable Forecast Actual Generation","RENEW_FCST_ACT_MW",3,1,1223.19378,"ACTUAL",2
"35","2019-06-20",8,0,"2019-06-20T14:00:00-00:00","2019-06-20T15:00:00-00:00","NP15","Wind","Renewable Forecast Actual Generation","RENEW_FCST_ACT_MW",3,1,1226.73885,"ACTUAL",2
"36","2019-06-20",7,0,"2019-06-20T13:00:00-00:00","2019-06-20T14:00:00-00:00","NP15","Wind","Renewable Forecast Actual Generation","RENEW_FCST_ACT_MW",3,1,1219.24457,"ACTUAL",2
"37","2019-06-20",5,0,"2019-06-20T11:00:00-00:00","2019-06-20T12:00:00-00:00","NP15","Wind","Renewable Forecast Actual Generation","RENEW_FCST_ACT_MW",3,1,1292.62153,"ACTUAL",2
"38","2019-06-20",4,0,"2019-06-20T10:00:00-00:00","2019-06-20T11:00:00-00:00","NP15","Wind","Renewable Forecast Actual Generation","RENEW_FCST_ACT_MW",3,1,1268.30797,"ACTUAL",2
"39","2019-06-20",3,0,"2019-06-20T09:00:00-00:00","2019-06-20T10:00:00-00:00","NP15","Wind","Renewable Forecast Actual Generation","RENEW_FCST_ACT_MW",3,1,1258.69529,"ACTUAL",2
"40","2019-06-20",2,0,"2019-06-20T08:00:00-00:00","2019-06-20T09:00:00-00:00","NP15","Wind","Renewable Forecast Actual Generation","RENEW_FCST_ACT_MW",3,1,1280.02386,"ACTUAL",2
"41","2019-06-20",24,0,"2019-06-21T06:00:00-00:00","2019-06-21T07:00:00-00:00","NP15","Wind","Renewable Forecast Actual Generation","RENEW_FCST_ACT_MW",3,1,1263.55954,"ACTUAL",2
"42","2019-06-20",23,0,"2019-06-21T05:00:00-00:00","2019-06-21T06:00:00-00:00","NP15","Wind","Renewable Forecast Actual Generation","RENEW_FCST_ACT_MW",3,1,1198.41256,"ACTUAL",2
"43","2019-06-20",22,0,"2019-06-21T04:00:00-00:00","2019-06-21T05:00:00-00:00","NP15","Wind","Renewable Forecast Actual Generation","RENEW_FCST_ACT_MW",3,1,1080.41909,"ACTUAL",2
"44","2019-06-20",21,0,"2019-06-21T03:00:00-00:00","2019-06-21T04:00:00-00:00","NP15","Wind","Renewable Forecast Actual Generation","RENEW_FCST_ACT_MW",3,1,1022.68711,"ACTUAL",2
"45","2019-06-20",20,0,"2019-06-21T02:00:00-00:00","2019-06-21T03:00:00-00:00","NP15","Wind","Renewable Forecast Actual Generation","RENEW_FCST_ACT_MW",3,1,923.04614,"ACTUAL",2
"46","2019-06-20",19,0,"2019-06-21T01:00:00-00:00","2019-06-21T02:00:00-00:00","NP15","Wind","Renewable Forecast Actual Generation","RENEW_FCST_ACT_MW",3,1,995.57845,"ACTUAL",2
"47","2019-06-20",6,0,"2019-06-20T12:00:00-00:00","2019-06-20T13:00:00-00:00","SP15","Solar","Renewable Forecast Actual Generation","RENEW_FCST_ACT_MW",3,3,20.82716,"ACTUAL",3
"48","2019-06-20",18,0,"2019-06-21T00:00:00-00:00","2019-06-21T01:00:00-00:00","SP15","Solar","Renewable Forecast Actual Generation","RENEW_FCST_ACT_MW",3,3,4854.9146,"ACTUAL",3
"49","2019-06-20",5,0,"2019-06-20T11:00:00-00:00","2019-06-20T12:00:00-00:00","SP15","Solar","Renewable Forecast Actual Generation","RENEW_FCST_ACT_MW",3,3,-4.03395,"ACTUAL",3
"50","2019-06-20",11,0,"2019-06-20T17:00:00-00:00","2019-06-20T18:00:00-00:00","SP15","Solar","Renewable Forecast Actual Generation","RENEW_FCST_ACT_MW",3,3,7097.65345,"ACTUAL",3
"51","2019-06-20",4,0,"2019-06-20T10:00:00-00:00","2019-06-20T11:00:00-00:00","SP15","Solar","Renewable Forecast Actual Generation","RENEW_FCST_ACT_MW",3,3,-2.62695,"ACTUAL",3
"52","2019-06-20",15,0,"2019-06-20T21:00:00-00:00","2019-06-20T22:00:00-00:00","SP15","Solar","Renewable Forecast Actual Generation","RENEW_FCST_ACT_MW",3,3,7107.71807,"ACTUAL",3
"53","2019-06-20",3,0,"2019-06-20T09:00:00-00:00","2019-06-20T10:00:00-00:00","SP15","Solar","Renewable Forecast Actual Generation","RENEW_FCST_ACT_MW",3,3,-2.45855,"ACTUAL",3
"54","2019-06-20",10,0,"2019-06-20T16:00:00-00:00","2019-06-20T17:00:00-00:00","SP15","Solar","Renewable Forecast Actual Generation","RENEW_FCST_ACT_MW",3,3,6651.22662,"ACTUAL",3
"55","2019-06-20",2,0,"2019-06-20T08:00:00-00:00","2019-06-20T09:00:00-00:00","SP15","Solar","Renewable Forecast Actual Generation","RENEW_FCST_ACT_MW",3,3,-1.85119,"ACTUAL",3
"56","2019-06-20",13,0,"2019-06-20T19:00:00-00:00","2019-06-20T20:00:00-00:00","SP15","Solar","Renewable Forecast Actual Generation","RENEW_FCST_ACT_MW",3,3,7413.42904,"ACTUAL",3
"57","2019-06-20",24,0,"2019-06-21T06:00:00-00:00","2019-06-21T07:00:00-00:00","SP15","Solar","Renewable Forecast Actual Generation","RENEW_FCST_ACT_MW",3,3,-1.28874,"ACTUAL",3
"58","2019-06-20",9,0,"2019-06-20T15:00:00-00:00","2019-06-20T16:00:00-00:00","SP15","Solar","Renewable Forecast Actual Generation","RENEW_FCST_ACT_MW",3,3,5915.34349,"ACTUAL",3
"59","2019-06-20",23,0,"2019-06-21T05:00:00-00:00","2019-06-21T06:00:00-00:00","SP15","Solar","Renewable Forecast Actual Generation","RENEW_FCST_ACT_MW",3,3,-1.05973,"ACTUAL",3
"60","2019-06-20",16,0,"2019-06-20T22:00:00-00:00","2019-06-20T23:00:00-00:00","SP15","Solar","Renewable Forecast Actual Generation","RENEW_FCST_ACT_MW",3,3,6492.74572,"ACTUAL",3
"61","2019-06-20",22,0,"2019-06-21T04:00:00-00:00","2019-06-21T05:00:00-00:00","SP15","Solar","Renewable Forecast Actual Generation","RENEW_FCST_ACT_MW",3,3,-1.34756,"ACTUAL",3
"62","2019-06-20",8,0,"2019-06-20T14:00:00-00:00","2019-06-20T15:00:00-00:00","SP15","Solar","Renewable Forecast Actual Generation","RENEW_FCST_ACT_MW",3,3,4110.02645,"ACTUAL",3
"63","2019-06-20",21,0,"2019-06-21T03:00:00-00:00","2019-06-21T04:00:00-00:00","SP15","Solar","Renewable Forecast Actual Generation","RENEW_FCST_ACT_MW",3,3,3.01657,"ACTUAL",3
"64","2019-06-20",12,0,"2019-06-20T18:00:00-00:00","2019-06-20T19:00:00-00:00","SP15","Solar","Renewable Forecast Actual Generation","RENEW_FCST_ACT_MW",3,3,7346.43294,"ACTUAL",3
"65","2019-06-20",20,0,"2019-06-21T02:00:00-00:00","2019-06-21T03:00:00-00:00","SP15","Solar","Renewable Forecast Actual Generation","RENEW_FCST_ACT_MW",3,3,519.43244,"ACTUAL",3
"66","2019-06-20",7,0,"2019-06-20T13:00:00-00:00","2019-06-20T14:00:00-00:00","SP15","Solar","Renewable Forecast Actual Generation","RENEW_FCST_ACT_MW",3,3,1258.05907,"ACTUAL",3
"67","2019-06-20",19,0,"2019-06-21T01:00:00-00:00","2019-06-21T02:00:00-00:00","SP15","Solar","Renewable Forecast Actual Generation","RENEW_FCST_ACT_MW",3,3,2761.26725,"ACTUAL",3
"68","2019-06-20",14,0,"2019-06-20T20:00:00-00:00","2019-06-20T21:00:00-00:00","SP15","Solar","Renewable Forecast Actual Generation","RENEW_FCST_ACT_MW",3,3,7348.74747,"ACTUAL",3
"69","2019-06-20",17,0,"2019-06-20T23:00:00-00:00","2019-06-21T00:00:00-00:00","SP15","Solar","Renewable Forecast Actual Generation","RENEW_FCST_ACT_MW",3,3,5915.21982,"ACTUAL",3
"70","2019-06-20",18,0,"2019-06-21T00:00:00-00:00","2019-06-21T01:00:00-00:00","SP15","Wind","Renewable Forecast Actual Generation","RENEW_FCST_ACT_MW",3,1,2298.15354,"ACTUAL",4
"71","2019-06-20",19,0,"2019-06-21T01:00:00-00:00","2019-06-21T02:00:00-00:00","SP15","Wind","Renewable Forecast Actual Generation","RENEW_FCST_ACT_MW",3,1,2228.99187,"ACTUAL",4
"72","2019-06-20",20,0,"2019-06-21T02:00:00-00:00","2019-06-21T03:00:00-00:00","SP15","Wind","Renewable Forecast Actual Generation","RENEW_FCST_ACT_MW",3,1,2028.85053,"ACTUAL",4
"73","2019-06-20",21,0,"2019-06-21T03:00:00-00:00","2019-06-21T04:00:00-00:00","SP15","Wind","Renewable Forecast Actual Generation","RENEW_FCST_ACT_MW",3,1,2017.19173,"ACTUAL",4
"74","2019-06-20",22,0,"2019-06-21T04:00:00-00:00","2019-06-21T05:00:00-00:00","SP15","Wind","Renewable Forecast Actual Generation","RENEW_FCST_ACT_MW",3,1,2217.05227,"ACTUAL",4
"75","2019-06-20",23,0,"2019-06-21T05:00:00-00:00","2019-06-21T06:00:00-00:00","SP15","Wind","Renewable Forecast Actual Generation","RENEW_FCST_ACT_MW",3,1,2415.1035,"ACTUAL",4
"76","2019-06-20",24,0,"2019-06-21T06:00:00-00:00","2019-06-21T07:00:00-00:00","SP15","Wind","Renewable Forecast Actual Generation","RENEW_FCST_ACT_MW",3,1,2766.28267,"ACTUAL",4
"77","2019-06-20",2,0,"2019-06-20T08:00:00-00:00","2019-06-20T09:00:00-00:00","SP15","Wind","Renewable Forecast Actual Generation","RENEW_FCST_ACT_MW",3,1,3049.66538,"ACTUAL",4
"78","2019-06-20",3,0,"2019-06-20T09:00:00-00:00","2019-06-20T10:00:00-00:00","SP15","Wind","Renewable Forecast Actual Generation","RENEW_FCST_ACT_MW",3,1,3004.36905,"ACTUAL",4
"79","2019-06-20",4,0,"2019-06-20T10:00:00-00:00","2019-06-20T11:00:00-00:00","SP15","Wind","Renewable Forecast Actual Generation","RENEW_FCST_ACT_MW",3,1,3001.8348,"ACTUAL",4
"80","2019-06-20",5,0,"2019-06-20T11:00:00-00:00","2019-06-20T12:00:00-00:00","SP15","Wind","Renewable Forecast Actual Generation","RENEW_FCST_ACT_MW",3,1,2971.34155,"ACTUAL",4
"81","2019-06-20",6,0,"2019-06-20T12:00:00-00:00","2019-06-20T13:00:00-00:00","SP15","Wind","Renewable Forecast Actual Generation","RENEW_FCST_ACT_MW",3,1,2884.9755,"ACTUAL",4
"82","2019-06-20",7,0,"2019-06-20T13:00:00-00:00","2019-06-20T14:00:00-00:00","SP15","Wind","Renewable Forecast Actual Generation","RENEW_FCST_ACT_MW",3,1,2855.15097,"ACTUAL",4
"83","2019-06-20",8,0,"2019-06-20T14:00:00-00:00","2019-06-20T15:00:00-00:00","SP15","Wind","Renewable Forecast Actual Generation","RENEW_FCST_ACT_MW",3,1,2831.90072,"ACTUAL",4
"84","2019-06-20",9,0,"2019-06-20T15:00:00-00:00","2019-06-20T16:00:00-00:00","SP15","Wind","Renewable Forecast Actual Generation","RENEW_FCST_ACT_MW",3,1,2675.97469,"ACTUAL",4
"85","2019-06-20",10,0,"2019-06-20T16:00:00-00:00","2019-06-20T17:00:00-00:00","SP15","Wind","Renewable Forecast Actual Generation","RENEW_FCST_ACT_MW",3,1,2661.87227,"ACTUAL",4
"86","2019-06-20",11,0,"2019-06-20T17:00:00-00:00","2019-06-20T18:00:00-00:00","SP15","Wind","Renewable Forecast Actual Generation","RENEW_FCST_ACT_MW",3,1,2523.40566,"ACTUAL",4
"87","2019-06-20",12,0,"2019-06-20T18:00:00-00:00","2019-06-20T19:00:00-00:00","SP15","Wind","Renewable Forecast Actual Generation","RENEW_FCST_ACT_MW",3,1,2515.21311,"ACTUAL",4
"88","2019-06-20",13,0,"2019-06-20T19:00:00-00:00","2019-06-20T20:00:00-00:00","SP15","Wind","Renewable Forecast Actual Generation","RENEW_FCST_ACT_MW",3,1,2761.58014,"ACTUAL",4
"89","2019-06-20",14,0,"2019-06-20T20:00:00-00:00","2019-06-20T21:00:00-00:00","SP15","Wind","Renewable Forecast Actual Generation","RENEW_FCST_ACT_MW",3,1,2898.68382,"ACTUAL",4
"90","2019-06-20",15,0,"2019-06-20T21:00:00-00:00","2019-06-20T22:00:00-00:00","SP15","Wind","Renewable Forecast Actual Generation","RENEW_FCST_ACT_MW",3,1,3058.43876,"ACTUAL",4
"91","2019-06-20",16,0,"2019-06-20T22:00:00-00:00","2019-06-20T23:00:00-00:00","SP15","Wind","Renewable Forecast Actual Generation","RENEW_FCST_ACT_MW",3,1,2983.99625,"ACTUAL",4
"92","2019-06-20",17,0,"2019-06-20T23:00:00-00:00","2019-06-21T00:00:00-00:00","SP15","Wind","Renewable Forecast Actual Generation","RENEW_FCST_ACT_MW",3,1,2672.01626,"ACTUAL",4
"93","2019-06-20",18,0,"2019-06-21T00:00:00-00:00","2019-06-21T01:00:00-00:00","ZP26","Solar","Renewable Forecast Actual Generation","RENEW_FCST_ACT_MW",3,3,1127.79483,"ACTUAL",5
"94","2019-06-20",17,0,"2019-06-20T23:00:00-00:00","2019-06-21T00:00:00-00:00","ZP26","Solar","Renewable Forecast Actual Generation","RENEW_FCST_ACT_MW",3,3,1343.9247,"ACTUAL",5
"95","2019-06-20",20,0,"2019-06-21T02:00:00-00:00","2019-06-21T03:00:00-00:00","ZP26","Solar","Renewable Forecast Actual Generation","RENEW_FCST_ACT_MW",3,3,192.20979,"ACTUAL",5
"96","2019-06-20",21,0,"2019-06-21T03:00:00-00:00","2019-06-21T04:00:00-00:00","ZP26","Solar","Renewable Forecast Actual Generation","RENEW_FCST_ACT_MW",3,3,-1.51776,"ACTUAL",5
"97","2019-06-20",22,0,"2019-06-21T04:00:00-00:00","2019-06-21T05:00:00-00:00","ZP26","Solar","Renewable Forecast Actual Generation","RENEW_FCST_ACT_MW",3,3,-4.69175,"ACTUAL",5
"98","2019-06-20",23,0,"2019-06-21T05:00:00-00:00","2019-06-21T06:00:00-00:00","ZP26","Solar","Renewable Forecast Actual Generation","RENEW_FCST_ACT_MW",3,3,-4.76397,"ACTUAL",5
"99","2019-06-20",24,0,"2019-06-21T06:00:00-00:00","2019-06-21T07:00:00-00:00","ZP26","Solar","Renewable Forecast Actual Generation","RENEW_FCST_ACT_MW",3,3,-4.70705,"ACTUAL",5
"100","2019-06-20",2,0,"2019-06-20T08:00:00-00:00","2019-06-20T09:00:00-00:00","ZP26","Solar","Renewable Forecast Actual Generation","RENEW_FCST_ACT_MW",3,3,14.00925,"ACTUAL",5
"101","2019-06-20",3,0,"2019-06-20T09:00:00-00:00","2019-06-20T10:00:00-00:00","ZP26","Solar","Renewable Forecast Actual Generation","RENEW_FCST_ACT_MW",3,3,13.89096,"ACTUAL",5
"102","2019-06-20",4,0,"2019-06-20T10:00:00-00:00","2019-06-20T11:00:00-00:00","ZP26","Solar","Renewable Forecast Actual Generation","RENEW_FCST_ACT_MW",3,3,13.93355,"ACTUAL",5
"103","2019-06-20",5,0,"2019-06-20T11:00:00-00:00","2019-06-20T12:00:00-00:00","ZP26","Solar","Renewable Forecast Actual Generation","RENEW_FCST_ACT_MW",3,3,13.84708,"ACTUAL",5
"104","2019-06-20",6,0,"2019-06-20T12:00:00-00:00","2019-06-20T13:00:00-00:00","ZP26","Solar","Renewable Forecast Actual Generation","RENEW_FCST_ACT_MW",3,3,7.56656,"ACTUAL",5
"105","2019-06-20",7,0,"2019-06-20T13:00:00-00:00","2019-06-20T14:00:00-00:00","ZP26","Solar","Renewable Forecast Actual Generation","RENEW_FCST_ACT_MW",3,3,180.67958,"ACTUAL",5
"106","2019-06-20",8,0,"2019-06-20T14:00:00-00:00","2019-06-20T15:00:00-00:00","ZP26","Solar","Renewable Forecast Actual Generation","RENEW_FCST_ACT_MW",3,3,691.59494,"ACTUAL",5
"107","2019-06-20",9,0,"2019-06-20T15:00:00-00:00","2019-06-20T16:00:00-00:00","ZP26","Solar","Renewable Forecast Actual Generation","RENEW_FCST_ACT_MW",3,3,1103.88983,"ACTUAL",5
"108","2019-06-20",10,0,"2019-06-20T16:00:00-00:00","2019-06-20T17:00:00-00:00","ZP26","Solar","Renewable Forecast Actual Generation","RENEW_FCST_ACT_MW",3,3,1322.44064,"ACTUAL",5
"109","2019-06-20",11,0,"2019-06-20T17:00:00-00:00","2019-06-20T18:00:00-00:00","ZP26","Solar","Renewable Forecast Actual Generation","RENEW_FCST_ACT_MW",3,3,1446.0513,"ACTUAL",5
"110","2019-06-20",12,0,"2019-06-20T18:00:00-00:00","2019-06-20T19:00:00-00:00","ZP26","Solar","Renewable Forecast Actual Generation","RENEW_FCST_ACT_MW",3,3,1506.15606,"ACTUAL",5
"111","2019-06-20",13,0,"2019-06-20T19:00:00-00:00","2019-06-20T20:00:00-00:00","ZP26","Solar","Renewable Forecast Actual Generation","RENEW_FCST_ACT_MW",3,3,1508.46986,"ACTUAL",5
"112","2019-06-20",14,0,"2019-06-20T20:00:00-00:00","2019-06-20T21:00:00-00:00","ZP26","Solar","Renewable Forecast Actual Generation","RENEW_FCST_ACT_MW",3,3,1518.9805,"ACTUAL",5
"113","2019-06-20",15,0,"2019-06-20T21:00:00-00:00","2019-06-20T22:00:00-00:00","ZP26","Solar","Renewable Forecast Actual Generation","RENEW_FCST_ACT_MW",3,3,1519.1663,"ACTUAL",5
"114","2019-06-20",16,0,"2019-06-20T22:00:00-00:00","2019-06-20T23:00:00-00:00","ZP26","Solar","Renewable Forecast Actual Generation","RENEW_FCST_ACT_MW",3,3,1461.04331,"ACTUAL",5
"115","2019-06-20",19,0,"2019-06-21T01:00:00-00:00","2019-06-21T02:00:00-00:00","ZP26","Solar","Renewable Forecast Actual Generation","RENEW_FCST_ACT_MW",3,3,706.31391,"ACTUAL",5
"116","2019-06-21",1,0,"2019-06-21T07:00:00-00:00","2019-06-21T08:00:00-00:00","NP15","Solar","Renewable Forecast Actual Generation","RENEW_FCST_ACT_MW",3,3,-0.29308,"ACTUAL",6
"117","2019-06-21",1,0,"2019-06-21T07:00:00-00:00","2019-06-21T08:00:00-00:00","NP15","Wind","Renewable Forecast Actual Generation","RENEW_FCST_ACT_MW",3,1,1332.45506,"ACTUAL",7
"118","2019-06-21",1,0,"2019-06-21T07:00:00-00:00","2019-06-21T08:00:00-00:00","SP15","Solar","Renewable Forecast Actual Generation","RENEW_FCST_ACT_MW",3,3,-0.96283,"ACTUAL",8
"119","2019-06-21",1,0,"2019-06-21T07:00:00-00:00","2019-06-21T08:00:00-00:00","SP15","Wind","Renewable Forecast Actual Generation","RENEW_FCST_ACT_MW",3,1,2697.7079,"ACTUAL",9
"120","2019-06-21",1,0,"2019-06-21T07:00:00-00:00","2019-06-21T08:00:00-00:00","ZP26","Solar","Renewable Forecast Actual Generation","RENEW_FCST_ACT_MW",3,3,-4.75234,"ACTUAL",10
