"","OPR_DT","OPR_HR","OPR_INTERVAL","INTERVALSTARTTIME_GMT","INTERVALENDTIME_GMT","TRADING_HUB","RENEWABLE_TYPE","LABEL","XML_DATA_ITEM","MARKET_RUN_ID_POS","RENEW_POS","MW","MARKET_RUN_ID","GROUP"
"1","2019-12-03",1,0,"2019-12-03T08:00:00-00:00","2019-12-03T09:00:00-00:00","NP15","Solar","Renewable Forecast Actual Generation","RENEW_FCST_ACT_MW",3,3,-3.44936,"ACTUAL",1
"2","2019-12-03",2,0,"2019-12-03T09:00:00-00:00","2019-12-03T10:00:00-00:00","NP15","Solar","Renewable Forecast Actual Generation","RENEW_FCST_ACT_MW",3,3,-3.46313,"ACTUAL",1
"3","2019-12-03",3,0,"2019-12-03T10:00:00-00:00","2019-12-03T11:00:00-00:00","NP15","Solar","Renewable Forecast Actual Generation","RENEW_FCST_ACT_MW",3,3,-3.47625,"ACTUAL",1
"4","2019-12-03",4,0,"2019-12-03T11:00:00-00:00","2019-12-03T12:00:00-00:00","NP15","Solar","Renewable Forecast Actual Generation","RENEW_FCST_ACT_MW",3,3,-3.46643,"ACTUAL",1
"5","2019-12-03",5,0,"2019-12-03T12:00:00-00:00","2019-12-03T13:00:00-00:00","NP15","Solar","Renewable Forecast Actual Generation","RENEW_FCST_ACT_MW",3,3,-3.4361,"ACTUAL",1
"6","2019-12-03",6,0,"2019-12-03T13:00:00-00:00","2019-12-03T14:00:00-00:00","NP15","Solar","Renewable Forecast Actual Generation","RENEW_FCST_ACT_MW",3,3,-3.40398,"ACTUAL",1
"7","2019-12-03",7,0,"2019-12-03T14:00:00-00:00","2019-12-03T15:00:00-00:00","NP15","Solar","Renewable Forecast Actual Generation","RENEW_FCST_ACT_MW",3,3,-3.66497,"ACTUAL",1
"8","2019-12-03",8,0,"2019-12-03T15:00:00-00:00","2019-12-03T16:00:00-00:00","NP15","Solar","Renewable Forecast Actual Generation","RENEW_FCST_ACT_MW",3,3,22.15456,"ACTUAL",1
"9","2019-12-03",9,0,"2019-12-03T16:00:00-00:00","2019-12-03T17:00:00-00:00","NP15","Solar","Renewable Forecast Actual Generation","RENEW_FCST_ACT_MW",3,3,87.07823,"ACTUAL",1
"10","2019-12-03",10,0,"2019-12-03T17:00:00-00:00","2019-12-03T18:00:00-00:00","NP15","Solar","Renewable Forecast Actual Generation","RENEW_FCST_ACT_MW",3,3,153.71503,"ACTUAL",1
"11","2019-12-03",11,0,"2019-12-03T18:00:00-00:00","2019-12-03T19:00:00-00:00","NP15","Solar","Renewable Forecast Actual Generation","RENEW_FCST_ACT_MW",3,3,231.82682,"ACTUAL",1
"12","2019-12-03",12,0,"2019-12-03T19:00:00-00:00","2019-12-03T20:00:00-00:00","NP15","Solar","Renewable Forecast Actual Generation","RENEW_FCST_ACT_MW",3,3,250.06185,"ACTUAL",1
"13","2019-12-03",13,0,"2019-12-03T20:00:00-00:00","2019-12-03T21:00:00-00:00","NP15","Solar","Renewable Forecast Actual Generation","RENEW_FCST_ACT_MW",3,3,191.71309,"ACTUAL",1
"14","2019-12-03",14,0,"2019-12-03T21:00:00-00:00","2019-12-03T22:00:00-00:00","NP15","Solar","Renewable Forecast Actual Generation","RENEW_FCST_ACT_MW",3,3,128.36374,"ACTUAL",1
"15","2019-12-03",15,0,"2019-12-03T22:00:00-00:00","2019-12-03T23:00:00-00:00","NP15","Solar","Renewable Forecast Actual Generation","RENEW_FCST_ACT_MW",3,3,92.92486,"ACTUAL",1
"16","2019-12-03",16,0,"2019-12-03T23:00:00-00:00","2019-12-04T00:00:00-00:00","NP15","Solar","Renewable Forecast Actual Generation","RENEW_FCST_ACT_MW",3,3,43.06777,"ACTUAL",1
"17","2019-12-03",17,0,"2019-12-04T00:00:00-00:00","2019-12-04T01:00:00-00:00","NP15","Solar","Renewable Forecast Actual Generation","RENEW_FCST_ACT_MW",3,3,1.85817,"ACTUAL",1
"18","2019-12-03",18,0,"2019-12-04T01:00:00-00:00","2019-12-04T02:00:00-00:00","NP15","Solar","Renewable Forecast Actual Generation","RENEW_FCST_ACT_MW",3,3,-3.61779,"ACTUAL",1
"19","2019-12-03",19,0,"2019-12-04T02:00:00-00:00","2019-12-04T03:00:00-00:00","NP15","Solar","Renewable Forecast Actual Generation","RENEW_FCST_ACT_MW",3,3,-3.61815,"ACTUAL",1
"20","2019-12-03",20,0,"2019-12-04T03:00:00-00:00","2019-12-04T04:00:00-00:00","NP15","Solar","Renewable Forecast Actual Generation","RENEW_FCST_ACT_MW",3,3,-3.63378,"ACTUAL",1
"21","2019-12-03",21,0,"2019-12-04T04:00:00-00:00","2019-12-04T05:00:00-00:00","NP15","Solar","Renewable Forecast Actual Generation","RENEW_FCST_ACT_MW",3,3,-3.66335,"ACTUAL",1
"22","2019-12-03",22,0,"2019-12-04T05:00:00-00:00","2019-12-04T06:00:00-00:00","NP15","Solar","Renewable Forecast Actual Generation","RENEW_FCST_ACT_MW",3,3,-3.65909,"ACTUAL",1
"23","2019-12-03",23,0,"2019-12-04T06:00:00-00:00","2019-12-04T07:00:00-00:00","NP15","Solar","Renewable Forecast Actual Generation","RENEW_FCST_ACT_MW",3,3,-3.64638,"ACTUAL",1
"24","2019-12-03",24,0,"2019-12-04T07:00:00-00:00","2019-12-04T08:00:00-00:00","NP15","Solar","Renewable Forecast Actual Generation","RENEW_FCST_ACT_MW",3,3,-3.64892,"ACTUAL",1
"25","2019-12-03",1,0,"2019-12-03T08:00:00-00:00","2019-12-03T09:00:00-00:00","NP15","Wind","Renewable Forecast Actual Generation","RENEW_FCST_ACT_MW",3,1,267.35119,"ACTUAL",2
"26","2019-12-03",24,0,"2019-12-04T07:00:00-00:00","2019-12-04T08:00:00-00:00","NP15","Wind","Renewable Forecast Actual Generation","RENEW_FCST_ACT_MW",3,1,85.9387,"ACTUAL",2
"27","2019-12-03",3,0,"2019-12-03T10:00:00-00:00","2019-12-03T11:00:00-00:00","NP15","Wind","Renewable Forecast Actual Generation","RENEW_FCST_ACT_MW",3,1,187.75003,"ACTUAL",2
"28","2019-12-03",4,0,"2019-12-03T11:00:00-00:00","2019-12-03T12:00:00-00:00","NP15","Wind","Renewable Forecast Actual Generation","RENEW_FCST_ACT_MW",3,1,209.33073,"ACTUAL",2
"29","2019-12-03",5,0,"2019-12-03T12:00:00-00:00","2019-12-03T13:00:00-00:00","NP15","Wind","Renewable Forecast Actual Generation","RENEW_FCST_ACT_MW",3,1,169.67359,"ACTUAL",2
"30","2019-12-03",6,0,"2019-12-03T13:00:00-00:00","2019-12-03T14:00:00-00:00","NP15","Wind","Renewable Forecast Actual Generation","RENEW_FCST_ACT_MW",3,1,95.78221,"ACTUAL",2
"31","2019-12-03",7,0,"2019-12-03T14:00:00-00:00","2019-12-03T15:00:00-00:00","NP15","Wind","Renewable Forecast Actual Generation","RENEW_FCST_ACT_MW",3,1,78.31346,"ACTUAL",2
"32","2019-12-03",8,0,"2019-12-03T15:00:00-00:00","2019-12-03T16:00:00-00:00","NP15","Wind","Renewable Forecast Actual Generation","RENEW_FCST_ACT_MW",3,1,63.99673,"ACTUAL",2
"33","2019-12-03",9,0,"2019-12-03T16:00:00-00:00","2019-12-03T17:00:00-00:00","NP15","Wind","Renewable Forecast Actual Generation","RENEW_FCST_ACT_MW",3,1,91.49433,"ACTUAL",2
"34","2019-12-03",10,0,"2019-12-03T17:00:00-00:00","2019-12-03T18:00:00-00:00","NP15","Wind","Renewable Forecast Actual Generation","RENEW_FCST_ACT_MW",3,1,101.00467,"ACTUAL",2
"35","2019-12-03",11,0,"2019-12-03T18:00:00-00:00","2019-12-03T19:00:00-00:00","NP15","Wind","Renewable Forecast Actual Generation","RENEW_FCST_ACT_MW",3,1,69.5038,"ACTUAL",2
"36","2019-12-03",12,0,"2019-12-03T19:00:00-00:00","2019-12-03T20:00:00-00:00","NP15","Wind","Renewable Forecast Actual Generation","RENEW_FCST_ACT_MW",3,1,74.29451,"ACTUAL",2
"37","2019-12-03",13,0,"2019-12-03T20:00:00-00:00","2019-12-03T21:00:00-00:00","NP15","Wind","Renewable Forecast Actual Generation","RENEW_FCST_ACT_MW",3,1,31.36131,"ACTUAL",2
"38","2019-12-03",14,0,"2019-12-03T21:00:00-00:00","2019-12-03T22:00:00-00:00","NP15","Wind","Renewable Forecast Actual Generation","RENEW_FCST_ACT_MW",3,1,43.91511,"ACTUAL",2
"39","2019-12-03",15,0,"2019-12-03T22:00:00-00:00","2019-12-03T23:00:00-00:00","NP15","Wind","Renewable Forecast Actual Generation","RENEW_FCST_ACT_MW",3,1,27.49333,"ACTUAL",2
"40","2019-12-03",16,0,"2019-12-03T23:00:00-00:00","2019-12-04T00:00:00-00:00","NP15","Wind","Renewable Forecast Actual Generation","RENEW_FCST_ACT_MW",3,1,28.6181,"ACTUAL",2
"41","2019-12-03",17,0,"2019-12-04T00:00:00-00:00","2019-12-04T01:00:00-00:00","NP15","Wind","Renewable Forecast Actual Generation","RENEW_FCST_ACT_MW",3,1,35.81829,"ACTUAL",2
"42","2019-12-03",18,0,"2019-12-04T01:00:00-00:00","2019-12-04T02:00:00-00:00","NP15","Wind","Renewable Forecast Actual Generation","RENEW_FCST_ACT_MW",3,1,80.90597,"ACTUAL",2
"43","2019-12-03",19,0,"2019-12-04T02:00:00-00:00","2019-12-04T03:00:00-00:00","NP15","Wind","Renewable Forecast Actual Generation","RENEW_FCST_ACT_MW",3,1,83.07406,"ACTUAL",2
"44","2019-12-03",20,0,"2019-12-04T03:00:00-00:00","2019-12-04T04:00:00-00:00","NP15","Wind","Renewable Forecast Actual Generation","RENEW_FCST_ACT_MW",3,1,109.05884,"ACTUAL",2
"45","2019-12-03",21,0,"2019-12-04T04:00:00-00:00","2019-12-04T05:00:00-00:00","NP15","Wind","Renewable Forecast Actual Generation","RENEW_FCST_ACT_MW",3,1,97.87581,"ACTUAL",2
"46","2019-12-03",22,0,"2019-12-04T05:00:00-00:00","2019-12-04T06:00:00-00:00","NP15","Wind","Renewable Forecast Actual Generation","RENEW_FCST_ACT_MW",3,1,71.61998,"ACTUAL",2
"47","2019-12-03",23,0,"2019-12-04T06:00:00-00:00","2019-12-04T07:00:00-00:00","NP15","Wind","Renewable Forecast Actual Generation","RENEW_FCST_ACT_MW",3,1,84.3996,"ACTUAL",2
"48","2019-12-03",2,0,"2019-12-03T09:00:00-00:00","2019-12-03T10:00:00-00:00","NP15","Wind","Renewable Forecast Actual Generation","RENEW_FCST_ACT_MW",3,1,207.49286,"ACTUAL",2
"49","2019-12-03",24,0,"2019-12-04T07:00:00-00:00","2019-12-04T08:00:00-00:00","SP15","Solar","Renewable Forecast Actual Generation","RENEW_FCST_ACT_MW",3,3,-33.33847,"ACTUAL",3
"50","2019-12-03",2,0,"2019-12-03T09:00:00-00:00","2019-12-03T10:00:00-00:00","SP15","Solar","Renewable Forecast Actual Generation","RENEW_FCST_ACT_MW",3,3,-26.58301,"ACTUAL",3
"51","2019-12-03",23,0,"2019-12-04T06:00:00-00:00","2019-12-04T07:00:00-00:00","SP15","Solar","Renewable Forecast Actual Generation","RENEW_FCST_ACT_MW",3,3,-33.16179,"ACTUAL",3
"52","2019-12-03",6,0,"2019-12-03T13:00:00-00:00","2019-12-03T14:00:00-00:00","SP15","Solar","Renewable Forecast Actual Generation","RENEW_FCST_ACT_MW",3,3,-28.47059,"ACTUAL",3
"53","2019-12-03",22,0,"2019-12-04T05:00:00-00:00","2019-12-04T06:00:00-00:00","SP15","Solar","Renewable Forecast Actual Generation","RENEW_FCST_ACT_MW",3,3,-29.60053,"ACTUAL",3
"54","2019-12-03",11,0,"2019-12-03T18:00:00-00:00","2019-12-03T19:00:00-00:00","SP15","Solar","Renewable Forecast Actual Generation","RENEW_FCST_ACT_MW",3,3,1971.96305,"ACTUAL",3
"55","2019-12-03",21,0,"2019-12-04T04:00:00-00:00","2019-12-04T05:00:00-00:00","SP15","Solar","Renewable Forecast Actual Generation","RENEW_FCST_ACT_MW",3,3,-31.71549,"ACTUAL",3
"56","2019-12-03",3,0,"2019-12-03T10:00:00-00:00","2019-12-03T11:00:00-00:00","SP15","Solar","Renewable Forecast Actual Generation","RENEW_FCST_ACT_MW",3,3,-26.91315,"ACTUAL",3
"57","2019-12-03",20,0,"2019-12-04T03:00:00-00:00","2019-12-04T04:00:00-00:00","SP15","Solar","Renewable Forecast Actual Generation","RENEW_FCST_ACT_MW",3,3,-31.54579,"ACTUAL",3
"58","2019-12-03",10,0,"2019-12-03T17:00:00-00:00","2019-12-03T18:00:00-00:00","SP15","Solar","Renewable Forecast Actual Generation","RENEW_FCST_ACT_MW",3,3,1752.67556,"ACTUAL",3
"59","2019-12-03",19,0,"2019-12-04T02:00:00-00:00","2019-12-04T03:00:00-00:00","SP15","Solar","Renewable Forecast Actual Generation","RENEW_FCST_ACT_MW",3,3,-31.9206,"ACTUAL",3
"60","2019-12-03",5,0,"2019-12-03T12:00:00-00:00","2019-12-03T13:00:00-00:00","SP15","Solar","Renewable Forecast Actual Generation","RENEW_FCST_ACT_MW",3,3,-26.14591,"ACTUAL",3
"61","2019-12-03",18,0,"2019-12-04T01:00:00-00:00","2019-12-04T02:00:00-00:00","SP15","Solar","Renewable Forecast Actual Generation","RENEW_FCST_ACT_MW",3,3,-31.79775,"ACTUAL",3
"62","2019-12-03",9,0,"2019-12-03T16:00:00-00:00","2019-12-03T17:00:00-00:00","SP15","Solar","Renewable Forecast Actual Generation","RENEW_FCST_ACT_MW",3,3,1226.39539,"ACTUAL",3
"63","2019-12-03",17,0,"2019-12-04T00:00:00-00:00","2019-12-04T01:00:00-00:00","SP15","Solar","Renewable Forecast Actual Generation","RENEW_FCST_ACT_MW",3,3,-19.55938,"ACTUAL",3
"64","2019-12-03",1,0,"2019-12-03T08:00:00-00:00","2019-12-03T09:00:00-00:00","SP15","Solar","Renewable Forecast Actual Generation","RENEW_FCST_ACT_MW",3,3,-26.44895,"ACTUAL",3
"65","2019-12-03",16,0,"2019-12-03T23:00:00-00:00","2019-12-04T00:00:00-00:00","SP15","Solar","Renewable Forecast Actual Generation","RENEW_FCST_ACT_MW",3,3,206.86715,"ACTUAL",3
"66","2019-12-03",8,0,"2019-12-03T15:00:00-00:00","2019-12-03T16:00:00-00:00","SP15","Solar","Renewable Forecast Actual Generation","RENEW_FCST_ACT_MW",3,3,458.52869,"ACTUAL",3
"67","2019-12-03",15,0,"2019-12-03T22:00:00-00:00","2019-12-03T23:00:00-00:00","SP15","Solar","Renewable Forecast Actual Generation","RENEW_FCST_ACT_MW",3,3,636.51812,"ACTUAL",3
"68","2019-12-03",4,0,"2019-12-03T11:00:00-00:00","2019-12-03T12:00:00-00:00","SP15","Solar","Renewable Forecast Actual Generation","RENEW_FCST_ACT_MW",3,3,-26.01953,"ACTUAL",3
"69","2019-12-03",14,0,"2019-12-03T21:00:00-00:00","2019-12-03T22:00:00-00:00","SP15","Solar","Renewable Forecast Actual Generation","RENEW_FCST_ACT_MW",3,3,1143.68829,"ACTUAL",3
"70","2019-12-03",7,0,"2019-12-03T14:00:00-00:00","2019-12-03T15:00:00-00:00","SP15","Solar","Renewable Forecast Actual Generation","RENEW_FCST_ACT_MW",3,3,-2.68814,"ACTUAL",3
"71","2019-12-03",13,0,"2019-12-03T20:00:00-00:00","2019-12-03T21:00:00-00:00","SP15","Solar","Renewable Forecast Actual Generation","RENEW_FCST_ACT_MW",3,3,1739.13426,"ACTUAL",3
"72","2019-12-03",12,0,"2019-12-03T19:00:00-00:00","2019-12-03T20:00:00-00:00","SP15","Solar","Renewable Forecast Actual Generation","RENEW_FCST_ACT_MW",3,3,2199.48365,"ACTUAL",3
"73","2019-12-03",23,0,"2019-12-04T06:00:00-00:00","2019-12-04T07:00:00-00:00","SP15","Wind","Renewable Forecast Actual Generation","RENEW_FCST_ACT_MW",3,1,180.75313,"ACTUAL",4
"74","2019-12-03",22,0,"2019-12-04T05:00:00-00:00","2019-12-04T06:00:00-00:00","SP15","Wind","Renewable Forecast Actual Generation","RENEW_FCST_ACT_MW",3,1,133.25392,"ACTUAL",4
"75","2019-12-03",21,0,"2019-12-04T04:00:00-00:00","2019-12-04T05:00:00-00:00","SP15","Wind","Renewable Forecast Actual Generation","RENEW_FCST_ACT_MW",3,1,114.58927,"ACTUAL",4
"76","2019-12-03",20,0,"2019-12-04T03:00:00-00:00","2019-12-04T04:00:00-00:00","SP15","Wind","Renewable Forecast Actual Generation","RENEW_FCST_ACT_MW",3,1,155.69441,"ACTUAL",4
"77","2019-12-03",19,0,"2019-12-04T02:00:00-00:00","2019-12-04T03:00:00-00:00","SP15","Wind","Renewable Forecast Actual Generation","RENEW_FCST_ACT_MW",3,1,158.48644,"ACTUAL",4
"78","2019-12-03",18,0,"2019-12-04T01:00:00-00:00","2019-12-04T02:00:00-00:00","SP15","Wind","Renewable Forecast Actual Generation","RENEW_FCST_ACT_MW",3,1,116.94802,"ACTUAL",4
"79","2019-12-03",17,0,"2019-12-04T00:00:00-00:00","2019-12-04T01:00:00-00:00","SP15","Wind","Renewable Forecast Actual Generation","RENEW_FCST_ACT_MW",3,1,145.74357,"ACTUAL",4
"80","2019-12-03",16,0,"2019-12-03T23:00:00-00:00","2019-12-04T00:00:00-00:00","SP15","Wind","Renewable Forecast Actual Generation","RENEW_FCST_ACT_MW",3,1,141.86893,"ACTUAL",4
"81","2019-12-03",15,0,"2019-12-03T22:00:00-00:00","2019-12-03T23:00:00-00:00","SP15","Wind","Renewable Forecast Actual Generation","RENEW_FCST_ACT_MW",3,1,97.16925,"ACTUAL",4
"82","2019-12-03",14,0,"2019-12-03T21:00:00-00:00","2019-12-03T22:00:00-00:00","SP15","Wind","Renewable Forecast Actual Generation","RENEW_FCST_ACT_MW",3,1,114.21017,"ACTUAL",4
"83","2019-12-03",13,0,"2019-12-03T20:00:00-00:00","2019-12-03T21:00:00-00:00","SP15","Wind","Renewable Forecast Actual Generation","RENEW_FCST_ACT_MW",3,1,112.84699,"ACTUAL",4
"84","2019-12-03",12,0,"2019-12-03T19:00:00-00:00","2019-12-03T20:00:00-00:00","SP15","Wind","Renewable Forecast Actual Generation","RENEW_FCST_ACT_MW",3,1,113.29999,"ACTUAL",4
"85","2019-12-03",11,0,"2019-12-03T18:00:00-00:00","2019-12-03T19:00:00-00:00","SP15","Wind","Renewable Forecast Actual Generation","RENEW_FCST_ACT_MW",3,1,109.29992,"ACTUAL",4
"86","2019-12-03",10,0,"2019-12-03T17:00:00-00:00","2019-12-03T18:00:00-00:00","SP15","Wind","Renewable Forecast Actual Generation","RENEW_FCST_ACT_MW",3,1,100.5538,"ACTUAL",4
"87","2019-12-03",9,0,"2019-12-03T16:00:00-00:00","2019-12-03T17:00:00-00:00","SP15","Wind","Renewable Forecast Actual Generation","RENEW_FCST_ACT_MW",3,1,86.37165,"ACTUAL",4
"88","2019-12-03",8,0,"2019-12-03T15:00:00-00:00","2019-12-03T16:00:00-00:00","SP15","Wind","Renewable Forecast Actual Generation","RENEW_FCST_ACT_MW",3,1,83.97186,"ACTUAL",4
"89","2019-12-03",7,0,"2019-12-03T14:00:00-00:00","2019-12-03T15:00:00-00:00","SP15","Wind","Renewable Forecast Actual Generation","RENEW_FCST_ACT_MW",3,1,77.18997,"ACTUAL",4
"90","2019-12-03",6,0,"2019-12-03T13:00:00-00:00","2019-12-03T14:00:00-00:00","SP15","Wind","Renewable Forecast Actual Generation","RENEW_FCST_ACT_MW",3,1,78.27311,"ACTUAL",4
"91","2019-12-03",5,0,"2019-12-03T12:00:00-00:00","2019-12-03T13:00:00-00:00","SP15","Wind","Renewable Forecast Actual Generation","RENEW_FCST_ACT_MW",3,1,63.08152,"ACTUAL",4
"92","2019-12-03",4,0,"2019-12-03T11:00:00-00:00","2019-12-03T12:00:00-00:00","SP15","Wind","Renewable Forecast Actual Generation","RENEW_FCST_ACT_MW",3,1,57.63774,"ACTUAL",4
"93","2019-12-03",3,0,"2019-12-03T10:00:00-00:00","2019-12-03T11:00:00-00:00","SP15","Wind","Renewable Forecast Actual Generation","RENEW_FCST_ACT_MW",3,1,68.36208,"ACTUAL",4
"94","2019-12-03",2,0,"2019-12-03T09:00:00-00:00","2019-12-03T10:00:00-00:00","SP15","Wind","Renewable Forecast Actual Generation","RENEW_FCST_ACT_MW",3,1,73.75296,"ACTUAL",4
"95","2019-12-03",24,0,"2019-12-04T07:00:00-00:00","2019-12-04T08:00:00-00:00","SP15","Wind","Renewable Forecast Actual Generation","RENEW_FCST_ACT_MW",3,1,276.5658,"ACTUAL",4
"96","2019-12-03",1,0,"2019-12-03T08:00:00-00:00","2019-12-03T09:00:00-00:00","SP15","Wind","Renewable Forecast Actual Generation","RENEW_FCST_ACT_MW",3,1,66.99057,"ACTUAL",4
"97","2019-12-03",1,0,"2019-12-03T08:00:00-00:00","2019-12-03T09:00:00-00:00","ZP26","Solar","Renewable Forecast Actual Generation","RENEW_FCST_ACT_MW",3,3,-5.61176,"ACTUAL",5
"98","2019-12-03",24,0,"2019-12-04T07:00:00-00:00","2019-12-04T08:00:00-00:00","ZP26","Solar","Renewable Forecast Actual Generation","RENEW_FCST_ACT_MW",3,3,-5.57361,"ACTUAL",5
"99","2019-12-03",3,0,"2019-12-03T10:00:00-00:00","2019-12-03T11:00:00-00:00","ZP26","Solar","Renewable Forecast Actual Generation","RENEW_FCST_ACT_MW",3,3,-6.5706,"ACTUAL",5
"100","2019-12-03",4,0,"2019-12-03T11:00:00-00:00","2019-12-03T12:00:00-00:00","ZP26","Solar","Renewable Forecast Actual Generation","RENEW_FCST_ACT_MW",3,3,-5.6066,"ACTUAL",5
"101","2019-12-03",5,0,"2019-12-03T12:00:00-00:00","2019-12-03T13:00:00-00:00","ZP26","Solar","Renewable Forecast Actual Generation","RENEW_FCST_ACT_MW",3,3,-5.58563,"ACTUAL",5
"102","2019-12-03",6,0,"2019-12-03T13:00:00-00:00","2019-12-03T14:00:00-00:00","ZP26","Solar","Renewable Forecast Actual Generation","RENEW_FCST_ACT_MW",3,3,-5.55139,"ACTUAL",5
"103","2019-12-03",7,0,"2019-12-03T14:00:00-00:00","2019-12-03T15:00:00-00:00","ZP26","Solar","Renewable Forecast Actual Generation","RENEW_FCST_ACT_MW",3,3,-4.88473,"ACTUAL",5
"104","2019-12-03",8,0,"2019-12-03T15:00:00-00:00","2019-12-03T16:00:00-00:00","ZP26","Solar","Renewable Forecast Actual Generation","RENEW_FCST_ACT_MW",3,3,38.49878,"ACTUAL",5
"105","2019-12-03",9,0,"2019-12-03T16:00:00-00:00","2019-12-03T17:00:00-00:00","ZP26","Solar","Renewable Forecast Actual Generation","RENEW_FCST_ACT_MW",3,3,167.60342,"ACTUAL",5
"106","2019-12-03",10,0,"2019-12-03T17:00:00-00:00","2019-12-03T18:00:00-00:00","ZP26","Solar","Renewable Forecast Actual Generation","RENEW_FCST_ACT_MW",3,3,293.23773,"ACTUAL",5
"107","2019-12-03",11,0,"2019-12-03T18:00:00-00:00","2019-12-03T19:00:00-00:00","ZP26","Solar","Renewable Forecast Actual Generation","RENEW_FCST_ACT_MW",3,3,380.40812,"ACTUAL",5
"108","2019-12-03",12,0,"2019-12-03T19:00:00-00:00","2019-12-03T20:00:00-00:00","ZP26","Solar","Renewable Forecast Actual Generation","RENEW_FCST_ACT_MW",3,3,425.57057,"ACTUAL",5
"109","2019-12-03",13,0,"2019-12-03T20:00:00-00:00","2019-12-03T21:00:00-00:00","ZP26","Solar","Renewable Forecast Actual Generation","RENEW_FCST_ACT_MW",3,3,392.10592,"ACTUAL",5
"110","2019-12-03",14,0,"2019-12-03T21:00:00-00:00","2019-12-03T22:00:00-00:00","ZP26","Solar","Renewable Forecast Actual Generation","RENEW_FCST_ACT_MW",3,3,350.30742,"ACTUAL",5
"111","2019-12-03",15,0,"2019-12-03T22:00:00-00:00","2019-12-03T23:00:00-00:00","ZP26","Solar","Renewable Forecast Actual Generation","RENEW_FCST_ACT_MW",3,3,195.09091,"ACTUAL",5
"112","2019-12-03",16,0,"2019-12-03T23:00:00-00:00","2019-12-04T00:00:00-00:00","ZP26","Solar","Renewable Forecast Actual Generation","RENEW_FCST_ACT_MW",3,3,101.63412,"ACTUAL",5
"113","2019-12-03",17,0,"2019-12-04T00:00:00-00:00","2019-12-04T01:00:00-00:00","ZP26","Solar","Renewable Forecast Actual Generation","RENEW_FCST_ACT_MW",3,3,2.23254,"ACTUAL",5
"114","2019-12-03",18,0,"2019-12-04T01:00:00-00:00","2019-12-04T02:00:00-00:00","ZP26","Solar","Renewable Forecast Actual Generation","RENEW_FCST_ACT_MW",3,3,-5.61116,"ACTUAL",5
"115","2019-12-03",19,0,"2019-12-04T02:00:00-00:00","2019-12-04T03:00:00-00:00","ZP26","Solar","Renewable Forecast Actual Generation","RENEW_FCST_ACT_MW",3,3,-5.52729,"ACTUAL",5
"116","2019-12-03",20,0,"2019-12-04T03:00:00-00:00","2019-12-04T04:00:00-00:00","ZP26","Solar","Renewable Forecast Actual Generation","RENEW_FCST_ACT_MW",3,3,-5.52576,"ACTUAL",5
"117","2019-12-03",21,0,"2019-12-04T04:00:00-00:00","2019-12-04T05:00:00-00:00","ZP26","Solar","Renewable Forecast Actual Generation","RENEW_FCST_ACT_MW",3,3,-5.52986,"ACTUAL",5
"118","2019-12-03",22,0,"2019-12-04T05:00:00-00:00","2019-12-04T06:00:00-00:00","ZP26","Solar","Renewable Forecast Actual Generation","RENEW_FCST_ACT_MW",3,3,-5.54638,"ACTUAL",5
"119","2019-12-03",23,0,"2019-12-04T06:00:00-00:00","2019-12-04T07:00:00-00:00","ZP26","Solar","Renewable Forecast Actual Generation","RENEW_FCST_ACT_MW",3,3,-5.5752,"ACTUAL",5
"120","2019-12-03",2,0,"2019-12-03T09:00:00-00:00","2019-12-03T10:00:00-00:00","ZP26","Solar","Renewable Forecast Actual Generation","RENEW_FCST_ACT_MW",3,3,-5.61649,"ACTUAL",5
