"","OPR_DT","OPR_HR","OPR_INTERVAL","INTERVALSTARTTIME_GMT","INTERVALENDTIME_GMT","TRADING_HUB","RENEWABLE_TYPE","LABEL","XML_DATA_ITEM","MARKET_RUN_ID_POS","RENEW_POS","MW","MARKET_RUN_ID","GROUP"
"1","2019-03-02",1,0,"2019-03-02T08:00:00-00:00","2019-03-02T09:00:00-00:00","NP15","Solar","Renewable Forecast Actual Generation","RENEW_FCST_ACT_MW",3,3,-2.87359,"ACTUAL",1
"2","2019-03-02",2,0,"2019-03-02T09:00:00-00:00","2019-03-02T10:00:00-00:00","NP15","Solar","Renewable Forecast Actual Generation","RENEW_FCST_ACT_MW",3,3,-2.89629,"ACTUAL",1
"3","2019-03-02",3,0,"2019-03-02T10:00:00-00:00","2019-03-02T11:00:00-00:00","NP15","Solar","Renewable Forecast Actual Generation","RENEW_FCST_ACT_MW",3,3,-2.93163,"ACTUAL",1
"4","2019-03-02",4,0,"2019-03-02T11:00:00-00:00","2019-03-02T12:00:00-00:00","NP15","Solar","Renewable Forecast Actual Generation","RENEW_FCST_ACT_MW",3,3,-2.93015,"ACTUAL",1
"5","2019-03-02",5,0,"2019-03-02T12:00:00-00:00","2019-03-02T13:00:00-00:00","NP15","Solar","Renewable Forecast Actual Generation","RENEW_FCST_ACT_MW",3,3,-3.01945,"ACTUAL",1
"6","2019-03-02",6,0,"2019-03-02T13:00:00-00:00","2019-03-02T14:00:00-00:00","NP15","Solar","Renewable Forecast Actual Generation","RENEW_FCST_ACT_MW",3,3,-3.36562,"ACTUAL",1
"7","2019-03-02",7,0,"2019-03-02T14:00:00-00:00","2019-03-02T15:00:00-00:00","NP15","Solar","Renewable Forecast Actual Generation","RENEW_FCST_ACT_MW",3,3,7.8831,"ACTUAL",1
"8","2019-03-02",8,0,"2019-03-02T15:00:00-00:00","2019-03-02T16:00:00-00:00","NP15","Solar","Renewable Forecast Actual Generation","RENEW_FCST_ACT_MW",3,3,81.56042,"ACTUAL",1
"9","2019-03-02",9,0,"2019-03-02T16:00:00-00:00","2019-03-02T17:00:00-00:00","NP15","Solar","Renewable Forecast Actual Generation","RENEW_FCST_ACT_MW",3,3,222.25904,"ACTUAL",1
"10","2019-03-02",10,0,"2019-03-02T17:00:00-00:00","2019-03-02T18:00:00-00:00","NP15","Solar","Renewable Forecast Actual Generation","RENEW_FCST_ACT_MW",3,3,743.53329,"ACTUAL",1
"11","2019-03-02",11,0,"2019-03-02T18:00:00-00:00","2019-03-02T19:00:00-00:00","NP15","Solar","Renewable Forecast Actual Generation","RENEW_FCST_ACT_MW",3,3,898.31478,"ACTUAL",1
"12","2019-03-02",12,0,"2019-03-02T19:00:00-00:00","2019-03-02T20:00:00-00:00","NP15","Solar","Renewable Forecast Actual Generation","RENEW_FCST_ACT_MW",3,3,882.16179,"ACTUAL",1
"13","2019-03-02",13,0,"2019-03-02T20:00:00-00:00","2019-03-02T21:00:00-00:00","NP15","Solar","Renewable Forecast Actual Generation","RENEW_FCST_ACT_MW",3,3,780.86531,"ACTUAL",1
"14","2019-03-02",14,0,"2019-03-02T21:00:00-00:00","2019-03-02T22:00:00-00:00","NP15","Solar","Renewable Forecast Actual Generation","RENEW_FCST_ACT_MW",3,3,779.25808,"ACTUAL",1
"15","2019-03-02",15,0,"2019-03-02T22:00:00-00:00","2019-03-02T23:00:00-00:00","NP15","Solar","Renewable Forecast Actual Generation","RENEW_FCST_ACT_MW",3,3,849.60415,"ACTUAL",1
"16","2019-03-02",16,0,"2019-03-02T23:00:00-00:00","2019-03-03T00:00:00-00:00","NP15","Solar","Renewable Forecast Actual Generation","RENEW_FCST_ACT_MW",3,3,751.586,"ACTUAL",1
"17","2019-03-02",17,0,"2019-03-03T00:00:00-00:00","2019-03-03T01:00:00-00:00","NP15","Solar","Renewable Forecast Actual Generation","RENEW_FCST_ACT_MW",3,3,464.00373,"ACTUAL",1
"18","2019-03-02",18,0,"2019-03-03T01:00:00-00:00","2019-03-03T02:00:00-00:00","NP15","Solar","Renewable Forecast Actual Generation","RENEW_FCST_ACT_MW",3,3,65.10935,"ACTUAL",1
"19","2019-03-02",19,0,"2019-03-03T02:00:00-00:00","2019-03-03T03:00:00-00:00","NP15","Solar","Renewable Forecast Actual Generation","RENEW_FCST_ACT_MW",3,3,-3.62562,"ACTUAL",1
"20","2019-03-02",20,0,"2019-03-03T03:00:00-00:00","2019-03-03T04:00:00-00:00","NP15","Solar","Renewable Forecast Actual Generation","RENEW_FCST_ACT_MW",3,3,-3.39717,"ACTUAL",1
"21","2019-03-02",21,0,"2019-03-03T04:00:00-00:00","2019-03-03T05:00:00-00:00","NP15","Solar","Renewable Forecast Actual Generation","RENEW_FCST_ACT_MW",3,3,-3.40206,"ACTUAL",1
"22","2019-03-02",22,0,"2019-03-03T05:00:00-00:00","2019-03-03T06:00:00-00:00","NP15","Solar","Renewable Forecast Actual Generation","RENEW_FCST_ACT_MW",3,3,-3.41205,"ACTUAL",1
"23","2019-03-02",23,0,"2019-03-03T06:00:00-00:00","2019-03-03T07:00:00-00:00","NP15","Solar","Renewable Forecast Actual Generation","RENEW_FCST_ACT_MW",3,3,-3.43348,"ACTUAL",1
"24","2019-03-02",24,0,"2019-03-03T07:00:00-00:00","2019-03-03T08:00:00-00:00","NP15","Solar","Renewable Forecast Actual Generation","RENEW_FCST_ACT_MW",3,3,-3.42388,"ACTUAL",1
"25","2019-03-02",1,0,"2019-03-02T08:00:00-00:00","2019-03-02T09:00:00-00:00","NP15","Wind","Renewable Forecast Actual Generation","RENEW_FCST_ACT_MW",3,1,33.71829,"ACTUAL",2
"26","2019-03-02",24,0,"2019-03-03T07:00:00-00:00","2019-03-03T08:00:00-00:00","NP15","Wind","Renewable Forecast Actual Generation","RENEW_FCST_ACT_MW",3,1,-6.88406,"ACTUAL",2
"27","2019-03-02",3,0,"2019-03-02T10:00:00-00:00","2019-03-02T11:00:00-00:00","NP15","Wind","Renewable Forecast Actual Generation","RENEW_FCST_ACT_MW",3,1,270.51692,"ACTUAL",2
"28","2019-03-02",4,0,"2019-03-02T11:00:00-00:00","2019-03-02T12:00:00-00:00","NP15","Wind","Renewable Forecast Actual Generation","RENEW_FCST_ACT_MW",3,1,285.88994,"ACTUAL",2
"29","2019-03-02",5,0,"2019-03-02T12:00:00-00:00","2019-03-02T13:00:00-00:00","NP15","Wind","Renewable Forecast Actual Generation","RENEW_FCST_ACT_MW",3,1,239.48086,"ACTUAL",2
"30","2019-03-02",6,0,"2019-03-02T13:00:00-00:00","2019-03-02T14:00:00-00:00","NP15","Wind","Renewable Forecast Actual Generation","RENEW_FCST_ACT_MW",3,1,194.02124,"ACTUAL",2
"31","2019-03-02",7,0,"2019-03-02T14:00:00-00:00","2019-03-02T15:00:00-00:00","NP15","Wind","Renewable Forecast Actual Generation","RENEW_FCST_ACT_MW",3,1,259.45966,"ACTUAL",2
"32","2019-03-02",8,0,"2019-03-02T15:00:00-00:00","2019-03-02T16:00:00-00:00","NP15","Wind","Renewable Forecast Actual Generation","RENEW_FCST_ACT_MW",3,1,328.69701,"ACTUAL",2
"33","2019-03-02",9,0,"2019-03-02T16:00:00-00:00","2019-03-02T17:00:00-00:00","NP15","Wind","Renewable Forecast Actual Generation","RENEW_FCST_ACT_MW",3,1,370.75401,"ACTUAL",2
"34","2019-03-02",10,0,"2019-03-02T17:00:00-00:00","2019-03-02T18:00:00-00:00","NP15","Wind","Renewable Forecast Actual Generation","RENEW_FCST_ACT_MW",3,1,377.89881,"ACTUAL",2
"35","2019-03-02",11,0,"2019-03-02T18:00:00-00:00","2019-03-02T19:00:00-00:00","NP15","Wind","Renewable Forecast Actual Generation","RENEW_FCST_ACT_MW",3,1,364.81973,"ACTUAL",2
"36","2019-03-02",12,0,"2019-03-02T19:00:00-00:00","2019-03-02T20:00:00-00:00","NP15","Wind","Renewable Forecast Actual Generation","RENEW_FCST_ACT_MW",3,1,260.88777,"ACTUAL",2
"37","2019-03-02",13,0,"2019-03-02T20:00:00-00:00","2019-03-02T21:00:00-00:00","NP15","Wind","Renewable Forecast Actual Generation","RENEW_FCST_ACT_MW",3,1,140.70953,"ACTUAL",2
"38","2019-03-02",14,0,"2019-03-02T21:00:00-00:00","2019-03-02T22:00:00-00:00","NP15","Wind","Renewable Forecast Actual Generation","RENEW_FCST_ACT_MW",3,1,103.61518,"ACTUAL",2
"39","2019-03-02",15,0,"2019-03-02T22:00:00-00:00","2019-03-02T23:00:00-00:00","NP15","Wind","Renewable Forecast Actual Generation","RENEW_FCST_ACT_MW",3,1,36.12196,"ACTUAL",2
"40","2019-03-02",16,0,"2019-03-02T23:00:00-00:00","2019-03-03T00:00:00-00:00","NP15","Wind","Renewable Forecast Actual Generation","RENEW_FCST_ACT_MW",3,1,6.02283,"ACTUAL",2
"41","2019-03-02",17,0,"2019-03-03T00:00:00-00:00","2019-03-03T01:00:00-00:00","NP15","Wind","Renewable Forecast Actual Generation","RENEW_FCST_ACT_MW",3,1,12.4285,"ACTUAL",2
"42","2019-03-02",18,0,"2019-03-03T01:00:00-00:00","2019-03-03T02:00:00-00:00","NP15","Wind","Renewable Forecast Actual Generation","RENEW_FCST_ACT_MW",3,1,4.85533,"ACTUAL",2
"43","2019-03-02",19,0,"2019-03-03T02:00:00-00:00","2019-03-03T03:00:00-00:00","NP15","Wind","Renewable Forecast Actual Generation","RENEW_FCST_ACT_MW",3,1,-7.0374,"ACTUAL",2
"44","2019-03-02",20,0,"2019-03-03T03:00:00-00:00","2019-03-03T04:00:00-00:00","NP15","Wind","Renewable Forecast Actual Generation","RENEW_FCST_ACT_MW",3,1,-6.0117,"ACTUAL",2
"45","2019-03-02",21,0,"2019-03-03T04:00:00-00:00","2019-03-03T05:00:00-00:00","NP15","Wind","Renewable Forecast Actual Generation","RENEW_FCST_ACT_MW",3,1,-5.75923,"ACTUAL",2
"46","2019-03-02",22,0,"2019-03-03T05:00:00-00:00","2019-03-03T06:00:00-00:00","NP15","Wind","Renewable Forecast Actual Generation","RENEW_FCST_ACT_MW",3,1,-6.64583,"ACTUAL",2
"47","2019-03-02",23,0,"2019-03-03T06:00:00-00:00","2019-03-03T07:00:00-00:00","NP15","Wind","Renewable Forecast Actual Generation","RENEW_FCST_ACT_MW",3,1,-6.54392,"ACTUAL",2
"48","2019-03-02",2,0,"2019-03-02T09:00:00-00:00","2019-03-02T10:00:00-00:00","NP15","Wind","Renewable Forecast Actual Generation","RENEW_FCST_ACT_MW",3,1,242.91885,"ACTUAL",2
"49","2019-03-02",24,0,"2019-03-03T07:00:00-00:00","2019-03-03T08:00:00-00:00","SP15","Solar","Renewable Forecast Actual Generation","RENEW_FCST_ACT_MW",3,3,-4.37904,"ACTUAL",3
"50","2019-03-02",2,0,"2019-03-02T09:00:00-00:00","2019-03-02T10:00:00-00:00","SP15","Solar","Renewable Forecast Actual Generation","RENEW_FCST_ACT_MW",3,3,-7.88581,"ACTUAL",3
"51","2019-03-02",23,0,"2019-03-03T06:00:00-00:00","2019-03-03T07:00:00-00:00","SP15","Solar","Renewable Forecast Actual Generation","RENEW_FCST_ACT_MW",3,3,-4.30418,"ACTUAL",3
"52","2019-03-02",6,0,"2019-03-02T13:00:00-00:00","2019-03-02T14:00:00-00:00","SP15","Solar","Renewable Forecast Actual Generation","RENEW_FCST_ACT_MW",3,3,-7.91129,"ACTUAL",3
"53","2019-03-02",22,0,"2019-03-03T05:00:00-00:00","2019-03-03T06:00:00-00:00","SP15","Solar","Renewable Forecast Actual Generation","RENEW_FCST_ACT_MW",3,3,-4.87403,"ACTUAL",3
"54","2019-03-02",11,0,"2019-03-02T18:00:00-00:00","2019-03-02T19:00:00-00:00","SP15","Solar","Renewable Forecast Actual Generation","RENEW_FCST_ACT_MW",3,3,3351.42302,"ACTUAL",3
"55","2019-03-02",21,0,"2019-03-03T04:00:00-00:00","2019-03-03T05:00:00-00:00","SP15","Solar","Renewable Forecast Actual Generation","RENEW_FCST_ACT_MW",3,3,-4.74804,"ACTUAL",3
"56","2019-03-02",3,0,"2019-03-02T10:00:00-00:00","2019-03-02T11:00:00-00:00","SP15","Solar","Renewable Forecast Actual Generation","RENEW_FCST_ACT_MW",3,3,-7.78741,"ACTUAL",3
"57","2019-03-02",20,0,"2019-03-03T03:00:00-00:00","2019-03-03T04:00:00-00:00","SP15","Solar","Renewable Forecast Actual Generation","RENEW_FCST_ACT_MW",3,3,-4.87245,"ACTUAL",3
"58","2019-03-02",10,0,"2019-03-02T17:00:00-00:00","2019-03-02T18:00:00-00:00","SP15","Solar","Renewable Forecast Actual Generation","RENEW_FCST_ACT_MW",3,3,2330.52899,"ACTUAL",3
"59","2019-03-02",19,0,"2019-03-03T02:00:00-00:00","2019-03-03T03:00:00-00:00","SP15","Solar","Renewable Forecast Actual Generation","RENEW_FCST_ACT_MW",3,3,-4.84296,"ACTUAL",3
"60","2019-03-02",5,0,"2019-03-02T12:00:00-00:00","2019-03-02T13:00:00-00:00","SP15","Solar","Renewable Forecast Actual Generation","RENEW_FCST_ACT_MW",3,3,-6.55257,"ACTUAL",3
"61","2019-03-02",18,0,"2019-03-03T01:00:00-00:00","2019-03-03T02:00:00-00:00","SP15","Solar","Renewable Forecast Actual Generation","RENEW_FCST_ACT_MW",3,3,293.27232,"ACTUAL",3
"62","2019-03-02",9,0,"2019-03-02T16:00:00-00:00","2019-03-02T17:00:00-00:00","SP15","Solar","Renewable Forecast Actual Generation","RENEW_FCST_ACT_MW",3,3,1597.1237,"ACTUAL",3
"63","2019-03-02",17,0,"2019-03-03T00:00:00-00:00","2019-03-03T01:00:00-00:00","SP15","Solar","Renewable Forecast Actual Generation","RENEW_FCST_ACT_MW",3,3,2376.17849,"ACTUAL",3
"64","2019-03-02",1,0,"2019-03-02T08:00:00-00:00","2019-03-02T09:00:00-00:00","SP15","Solar","Renewable Forecast Actual Generation","RENEW_FCST_ACT_MW",3,3,-6.80558,"ACTUAL",3
"65","2019-03-02",16,0,"2019-03-02T23:00:00-00:00","2019-03-03T00:00:00-00:00","SP15","Solar","Renewable Forecast Actual Generation","RENEW_FCST_ACT_MW",3,3,4015.35459,"ACTUAL",3
"66","2019-03-02",8,0,"2019-03-02T15:00:00-00:00","2019-03-02T16:00:00-00:00","SP15","Solar","Renewable Forecast Actual Generation","RENEW_FCST_ACT_MW",3,3,620.30956,"ACTUAL",3
"67","2019-03-02",15,0,"2019-03-02T22:00:00-00:00","2019-03-02T23:00:00-00:00","SP15","Solar","Renewable Forecast Actual Generation","RENEW_FCST_ACT_MW",3,3,4314.78787,"ACTUAL",3
"68","2019-03-02",4,0,"2019-03-02T11:00:00-00:00","2019-03-02T12:00:00-00:00","SP15","Solar","Renewable Forecast Actual Generation","RENEW_FCST_ACT_MW",3,3,-7.13709,"ACTUAL",3
"69","2019-03-02",14,0,"2019-03-02T21:00:00-00:00","2019-03-02T22:00:00-00:00","SP15","Solar","Renewable Forecast Actual Generation","RENEW_FCST_ACT_MW",3,3,4025.97666,"ACTUAL",3
"70","2019-03-02",7,0,"2019-03-02T14:00:00-00:00","2019-03-02T15:00:00-00:00","SP15","Solar","Renewable Forecast Actual Generation","RENEW_FCST_ACT_MW",3,3,67.8686,"ACTUAL",3
"71","2019-03-02",13,0,"2019-03-02T20:00:00-00:00","2019-03-02T21:00:00-00:00","SP15","Solar","Renewable Forecast Actual Generation","RENEW_FCST_ACT_MW",3,3,3844.7891,"ACTUAL",3
"72","2019-03-02",12,0,"2019-03-02T19:00:00-00:00","2019-03-02T20:00:00-00:00","SP15","Solar","Renewable Forecast Actual Generation","RENEW_FCST_ACT_MW",3,3,4029.26811,"ACTUAL",3
"73","2019-03-02",23,0,"2019-03-03T06:00:00-00:00","2019-03-03T07:00:00-00:00","SP15","Wind","Renewable Forecast Actual Generation","RENEW_FCST_ACT_MW",3,1,1258.57744,"ACTUAL",4
"74","2019-03-02",22,0,"2019-03-03T05:00:00-00:00","2019-03-03T06:00:00-00:00","SP15","Wind","Renewable Forecast Actual Generation","RENEW_FCST_ACT_MW",3,1,1436.59228,"ACTUAL",4
"75","2019-03-02",21,0,"2019-03-03T04:00:00-00:00","2019-03-03T05:00:00-00:00","SP15","Wind","Renewable Forecast Actual Generation","RENEW_FCST_ACT_MW",3,1,1512.59957,"ACTUAL",4
"76","2019-03-02",20,0,"2019-03-03T03:00:00-00:00","2019-03-03T04:00:00-00:00","SP15","Wind","Renewable Forecast Actual Generation","RENEW_FCST_ACT_MW",3,1,1425.75565,"ACTUAL",4
"77","2019-03-02",19,0,"2019-03-03T02:00:00-00:00","2019-03-03T03:00:00-00:00","SP15","Wind","Renewable Forecast Actual Generation","RENEW_FCST_ACT_MW",3,1,1360.25113,"ACTUAL",4
"78","2019-03-02",18,0,"2019-03-03T01:00:00-00:00","2019-03-03T02:00:00-00:00","SP15","Wind","Renewable Forecast Actual Generation","RENEW_FCST_ACT_MW",3,1,1352.86233,"ACTUAL",4
"79","2019-03-02",17,0,"2019-03-03T00:00:00-00:00","2019-03-03T01:00:00-00:00","SP15","Wind","Renewable Forecast Actual Generation","RENEW_FCST_ACT_MW",3,1,1538.54746,"ACTUAL",4
"80","2019-03-02",16,0,"2019-03-02T23:00:00-00:00","2019-03-03T00:00:00-00:00","SP15","Wind","Renewable Forecast Actual Generation","RENEW_FCST_ACT_MW",3,1,1709.30671,"ACTUAL",4
"81","2019-03-02",15,0,"2019-03-02T22:00:00-00:00","2019-03-02T23:00:00-00:00","SP15","Wind","Renewable Forecast Actual Generation","RENEW_FCST_ACT_MW",3,1,1481.88808,"ACTUAL",4
"82","2019-03-02",14,0,"2019-03-02T21:00:00-00:00","2019-03-02T22:00:00-00:00","SP15","Wind","Renewable Forecast Actual Generation","RENEW_FCST_ACT_MW",3,1,1401.52282,"ACTUAL",4
"83","2019-03-02",13,0,"2019-03-02T20:00:00-00:00","2019-03-02T21:00:00-00:00","SP15","Wind","Renewable Forecast Actual Generation","RENEW_FCST_ACT_MW",3,1,1475.00917,"ACTUAL",4
"84","2019-03-02",12,0,"2019-03-02T19:00:00-00:00","2019-03-02T20:00:00-00:00","SP15","Wind","Renewable Forecast Actual Generation","RENEW_FCST_ACT_MW",3,1,1401.01016,"ACTUAL",4
"85","2019-03-02",11,0,"2019-03-02T18:00:00-00:00","2019-03-02T19:00:00-00:00","SP15","Wind","Renewable Forecast Actual Generation","RENEW_FCST_ACT_MW",3,1,1173.8453,"ACTUAL",4
"86","2019-03-02",10,0,"2019-03-02T17:00:00-00:00","2019-03-02T18:00:00-00:00","SP15","Wind","Renewable Forecast Actual Generation","RENEW_FCST_ACT_MW",3,1,1093.18462,"ACTUAL",4
"87","2019-03-02",9,0,"2019-03-02T16:00:00-00:00","2019-03-02T17:00:00-00:00","SP15","Wind","Renewable Forecast Actual Generation","RENEW_FCST_ACT_MW",3,1,1030.68141,"ACTUAL",4
"88","2019-03-02",8,0,"2019-03-02T15:00:00-00:00","2019-03-02T16:00:00-00:00","SP15","Wind","Renewable Forecast Actual Generation","RENEW_FCST_ACT_MW",3,1,983.5948,"ACTUAL",4
"89","2019-03-02",7,0,"2019-03-02T14:00:00-00:00","2019-03-02T15:00:00-00:00","SP15","Wind","Renewable Forecast Actual Generation","RENEW_FCST_ACT_MW",3,1,971.99871,"ACTUAL",4
"90","2019-03-02",6,0,"2019-03-02T13:00:00-00:00","2019-03-02T14:00:00-00:00","SP15","Wind","Renewable Forecast Actual Generation","RENEW_FCST_ACT_MW",3,1,986.25084,"ACTUAL",4
"91","2019-03-02",5,0,"2019-03-02T12:00:00-00:00","2019-03-02T13:00:00-00:00","SP15","Wind","Renewable Forecast Actual Generation","RENEW_FCST_ACT_MW",3,1,963.03575,"ACTUAL",4
"92","2019-03-02",4,0,"2019-03-02T11:00:00-00:00","2019-03-02T12:00:00-00:00","SP15","Wind","Renewable Forecast Actual Generation","RENEW_FCST_ACT_MW",3,1,871.84538,"ACTUAL",4
"93","2019-03-02",3,0,"2019-03-02T10:00:00-00:00","2019-03-02T11:00:00-00:00","SP15","Wind","Renewable Forecast Actual Generation","RENEW_FCST_ACT_MW",3,1,1079.87132,"ACTUAL",4
"94","2019-03-02",2,0,"2019-03-02T09:00:00-00:00","2019-03-02T10:00:00-00:00","SP15","Wind","Renewable Forecast Actual Generation","RENEW_FCST_ACT_MW",3,1,1000.78591,"ACTUAL",4
"95","2019-03-02",24,0,"2019-03-03T07:00:00-00:00","2019-03-03T08:00:00-00:00","SP15","Wind","Renewable Forecast Actual Generation","RENEW_FCST_ACT_MW",3,1,1370.70817,"ACTUAL",4
"96","2019-03-02",1,0,"2019-03-02T08:00:00-00:00","2019-03-02T09:00:00-00:00","SP15","Wind","Renewable Forecast Actual Generation","RENEW_FCST_ACT_MW",3,1,980.67515,"ACTUAL",4
"97","2019-03-02",1,0,"2019-03-02T08:00:00-00:00","2019-03-02T09:00:00-00:00","ZP26","Solar","Renewable Forecast Actual Generation","RENEW_FCST_ACT_MW",3,3,-4.93923,"ACTUAL",5
"98","2019-03-02",24,0,"2019-03-03T07:00:00-00:00","2019-03-03T08:00:00-00:00","ZP26","Solar","Renewable Forecast Actual Generation","RENEW_FCST_ACT_MW",3,3,-4.87602,"ACTUAL",5
"99","2019-03-02",3,0,"2019-03-02T10:00:00-00:00","2019-03-02T11:00:00-00:00","ZP26","Solar","Renewable Forecast Actual Generation","RENEW_FCST_ACT_MW",3,3,-4.9299,"ACTUAL",5
"100","2019-03-02",4,0,"2019-03-02T11:00:00-00:00","2019-03-02T12:00:00-00:00","ZP26","Solar","Renewable Forecast Actual Generation","RENEW_FCST_ACT_MW",3,3,-5.15253,"ACTUAL",5
"101","2019-03-02",5,0,"2019-03-02T12:00:00-00:00","2019-03-02T13:00:00-00:00","ZP26","Solar","Renewable Forecast Actual Generation","RENEW_FCST_ACT_MW",3,3,-5.24493,"ACTUAL",5
"102","2019-03-02",6,0,"2019-03-02T13:00:00-00:00","2019-03-02T14:00:00-00:00","ZP26","Solar","Renewable Forecast Actual Generation","RENEW_FCST_ACT_MW",3,3,-5.29566,"ACTUAL",5
"103","2019-03-02",7,0,"2019-03-02T14:00:00-00:00","2019-03-02T15:00:00-00:00","ZP26","Solar","Renewable Forecast Actual Generation","RENEW_FCST_ACT_MW",3,3,5.98066,"ACTUAL",5
"104","2019-03-02",8,0,"2019-03-02T15:00:00-00:00","2019-03-02T16:00:00-00:00","ZP26","Solar","Renewable Forecast Actual Generation","RENEW_FCST_ACT_MW",3,3,201.02128,"ACTUAL",5
"105","2019-03-02",9,0,"2019-03-02T16:00:00-00:00","2019-03-02T17:00:00-00:00","ZP26","Solar","Renewable Forecast Actual Generation","RENEW_FCST_ACT_MW",3,3,483.17322,"ACTUAL",5
"106","2019-03-02",10,0,"2019-03-02T17:00:00-00:00","2019-03-02T18:00:00-00:00","ZP26","Solar","Renewable Forecast Actual Generation","RENEW_FCST_ACT_MW",3,3,643.40966,"ACTUAL",5
"107","2019-03-02",11,0,"2019-03-02T18:00:00-00:00","2019-03-02T19:00:00-00:00","ZP26","Solar","Renewable Forecast Actual Generation","RENEW_FCST_ACT_MW",3,3,798.34718,"ACTUAL",5
"108","2019-03-02",12,0,"2019-03-02T19:00:00-00:00","2019-03-02T20:00:00-00:00","ZP26","Solar","Renewable Forecast Actual Generation","RENEW_FCST_ACT_MW",3,3,749.56202,"ACTUAL",5
"109","2019-03-02",13,0,"2019-03-02T20:00:00-00:00","2019-03-02T21:00:00-00:00","ZP26","Solar","Renewable Forecast Actual Generation","RENEW_FCST_ACT_MW",3,3,760.84609,"ACTUAL",5
"110","2019-03-02",14,0,"2019-03-02T21:00:00-00:00","2019-03-02T22:00:00-00:00","ZP26","Solar","Renewable Forecast Actual Generation","RENEW_FCST_ACT_MW",3,3,742.37038,"ACTUAL",5
"111","2019-03-02",15,0,"2019-03-02T22:00:00-00:00","2019-03-02T23:00:00-00:00","ZP26","Solar","Renewable Forecast Actual Generation","RENEW_FCST_ACT_MW",3,3,765.32321,"ACTUAL",5
"112","2019-03-02",16,0,"2019-03-02T23:00:00-00:00","2019-03-03T00:00:00-00:00","ZP26","Solar","Renewable Forecast Actual Generation","RENEW_FCST_ACT_MW",3,3,675.32433,"ACTUAL",5
"113","2019-03-02",17,0,"2019-03-03T00:00:00-00:00","2019-03-03T01:00:00-00:00","ZP26","Solar","Renewable Forecast Actual Generation","RENEW_FCST_ACT_MW",3,3,442.09653,"ACTUAL",5
"114","2019-03-02",18,0,"2019-03-03T01:00:00-00:00","2019-03-03T02:00:00-00:00","ZP26","Solar","Renewable Forecast Actual Generation","RENEW_FCST_ACT_MW",3,3,62.89615,"ACTUAL",5
"115","2019-03-02",19,0,"2019-03-03T02:00:00-00:00","2019-03-03T03:00:00-00:00","ZP26","Solar","Renewable Forecast Actual Generation","RENEW_FCST_ACT_MW",3,3,-5.08808,"ACTUAL",5
"116","2019-03-02",20,0,"2019-03-03T03:00:00-00:00","2019-03-03T04:00:00-00:00","ZP26","Solar","Renewable Forecast Actual Generation","RENEW_FCST_ACT_MW",3,3,-4.91095,"ACTUAL",5
"117","2019-03-02",21,0,"2019-03-03T04:00:00-00:00","2019-03-03T05:00:00-00:00","ZP26","Solar","Renewable Forecast Actual Generation","RENEW_FCST_ACT_MW",3,3,-4.92261,"ACTUAL",5
"118","2019-03-02",22,0,"2019-03-03T05:00:00-00:00","2019-03-03T06:00:00-00:00","ZP26","Solar","Renewable Forecast Actual Generation","RENEW_FCST_ACT_MW",3,3,-4.9211,"ACTUAL",5
"119","2019-03-02",23,0,"2019-03-03T06:00:00-00:00","2019-03-03T07:00:00-00:00","ZP26","Solar","Renewable Forecast Actual Generation","RENEW_FCST_ACT_MW",3,3,-4.92263,"ACTUAL",5
"120","2019-03-02",2,0,"2019-03-02T09:00:00-00:00","2019-03-02T10:00:00-00:00","ZP26","Solar","Renewable Forecast Actual Generation","RENEW_FCST_ACT_MW",3,3,-4.91651,"ACTUAL",5
