"","OPR_DT","OPR_HR","OPR_INTERVAL","INTERVALSTARTTIME_GMT","INTERVALENDTIME_GMT","TRADING_HUB","RENEWABLE_TYPE","LABEL","XML_DATA_ITEM","MARKET_RUN_ID_POS","RENEW_POS","MW","MARKET_RUN_ID","GROUP"
"1","2019-05-14",2,0,"2019-05-14T08:00:00-00:00","2019-05-14T09:00:00-00:00","NP15","Solar","Renewable Forecast Actual Generation","RENEW_FCST_ACT_MW",3,3,1.76122,"ACTUAL",1
"2","2019-05-14",3,0,"2019-05-14T09:00:00-00:00","2019-05-14T10:00:00-00:00","NP15","Solar","Renewable Forecast Actual Generation","RENEW_FCST_ACT_MW",3,3,1.75307,"ACTUAL",1
"3","2019-05-14",4,0,"2019-05-14T10:00:00-00:00","2019-05-14T11:00:00-00:00","NP15","Solar","Renewable Forecast Actual Generation","RENEW_FCST_ACT_MW",3,3,1.76662,"ACTUAL",1
"4","2019-05-14",5,0,"2019-05-14T11:00:00-00:00","2019-05-14T12:00:00-00:00","NP15","Solar","Renewable Forecast Actual Generation","RENEW_FCST_ACT_MW",3,3,1.78116,"ACTUAL",1
"5","2019-05-14",6,0,"2019-05-14T12:00:00-00:00","2019-05-14T13:00:00-00:00","NP15","Solar","Renewable Forecast Actual Generation","RENEW_FCST_ACT_MW",3,3,2.18228,"ACTUAL",1
"6","2019-05-14",7,0,"2019-05-14T13:00:00-00:00","2019-05-14T14:00:00-00:00","NP15","Solar","Renewable Forecast Actual Generation","RENEW_FCST_ACT_MW",3,3,168.4425,"ACTUAL",1
"7","2019-05-14",8,0,"2019-05-14T14:00:00-00:00","2019-05-14T15:00:00-00:00","NP15","Solar","Renewable Forecast Actual Generation","RENEW_FCST_ACT_MW",3,3,720.25036,"ACTUAL",1
"8","2019-05-14",9,0,"2019-05-14T15:00:00-00:00","2019-05-14T16:00:00-00:00","NP15","Solar","Renewable Forecast Actual Generation","RENEW_FCST_ACT_MW",3,3,963.91049,"ACTUAL",1
"9","2019-05-14",10,0,"2019-05-14T16:00:00-00:00","2019-05-14T17:00:00-00:00","NP15","Solar","Renewable Forecast Actual Generation","RENEW_FCST_ACT_MW",3,3,918.39943,"ACTUAL",1
"10","2019-05-14",11,0,"2019-05-14T17:00:00-00:00","2019-05-14T18:00:00-00:00","NP15","Solar","Renewable Forecast Actual Generation","RENEW_FCST_ACT_MW",3,3,802.54629,"ACTUAL",1
"11","2019-05-14",12,0,"2019-05-14T18:00:00-00:00","2019-05-14T19:00:00-00:00","NP15","Solar","Renewable Forecast Actual Generation","RENEW_FCST_ACT_MW",3,3,1045.72445,"ACTUAL",1
"12","2019-05-14",13,0,"2019-05-14T19:00:00-00:00","2019-05-14T20:00:00-00:00","NP15","Solar","Renewable Forecast Actual Generation","RENEW_FCST_ACT_MW",3,3,1126.24354,"ACTUAL",1
"13","2019-05-14",14,0,"2019-05-14T20:00:00-00:00","2019-05-14T21:00:00-00:00","NP15","Solar","Renewable Forecast Actual Generation","RENEW_FCST_ACT_MW",3,3,1130.91166,"ACTUAL",1
"14","2019-05-14",15,0,"2019-05-14T21:00:00-00:00","2019-05-14T22:00:00-00:00","NP15","Solar","Renewable Forecast Actual Generation","RENEW_FCST_ACT_MW",3,3,1074.964,"ACTUAL",1
"15","2019-05-14",16,0,"2019-05-14T22:00:00-00:00","2019-05-14T23:00:00-00:00","NP15","Solar","Renewable Forecast Actual Generation","RENEW_FCST_ACT_MW",3,3,934.40829,"ACTUAL",1
"16","2019-05-14",17,0,"2019-05-14T23:00:00-00:00","2019-05-15T00:00:00-00:00","NP15","Solar","Renewable Forecast Actual Generation","RENEW_FCST_ACT_MW",3,3,662.56737,"ACTUAL",1
"17","2019-05-14",18,0,"2019-05-15T00:00:00-00:00","2019-05-15T01:00:00-00:00","NP15","Solar","Renewable Forecast Actual Generation","RENEW_FCST_ACT_MW",3,3,422.32773,"ACTUAL",1
"18","2019-05-14",19,0,"2019-05-15T01:00:00-00:00","2019-05-15T02:00:00-00:00","NP15","Solar","Renewable Forecast Actual Generation","RENEW_FCST_ACT_MW",3,3,178.07426,"ACTUAL",1
"19","2019-05-14",20,0,"2019-05-15T02:00:00-00:00","2019-05-15T03:00:00-00:00","NP15","Solar","Renewable Forecast Actual Generation","RENEW_FCST_ACT_MW",3,3,49.11267,"ACTUAL",1
"20","2019-05-14",21,0,"2019-05-15T03:00:00-00:00","2019-05-15T04:00:00-00:00","NP15","Solar","Renewable Forecast Actual Generation","RENEW_FCST_ACT_MW",3,3,-2.59371,"ACTUAL",1
"21","2019-05-14",22,0,"2019-05-15T04:00:00-00:00","2019-05-15T05:00:00-00:00","NP15","Solar","Renewable Forecast Actual Generation","RENEW_FCST_ACT_MW",3,3,-2.3214,"ACTUAL",1
"22","2019-05-14",23,0,"2019-05-15T05:00:00-00:00","2019-05-15T06:00:00-00:00","NP15","Solar","Renewable Forecast Actual Generation","RENEW_FCST_ACT_MW",3,3,-2.45443,"ACTUAL",1
"23","2019-05-14",24,0,"2019-05-15T06:00:00-00:00","2019-05-15T07:00:00-00:00","NP15","Solar","Renewable Forecast Actual Generation","RENEW_FCST_ACT_MW",3,3,-2.52486,"ACTUAL",1
"24","2019-05-14",18,0,"2019-05-15T00:00:00-00:00","2019-05-15T01:00:00-00:00","NP15","Wind","Renewable Forecast Actual Generation","RENEW_FCST_ACT_MW",3,1,658.84468,"ACTUAL",2
"25","2019-05-14",6,0,"2019-05-14T12:00:00-00:00","2019-05-14T13:00:00-00:00","NP15","Wind","Renewable Forecast Actual Generation","RENEW_FCST_ACT_MW",3,1,930.83879,"ACTUAL",2
"26","2019-05-14",17,0,"2019-05-14T23:00:00-00:00","2019-05-15T00:00:00-00:00","NP15","Wind","Renewable Forecast Actual Generation","RENEW_FCST_ACT_MW",3,1,649.67234,"ACTUAL",2
"27","2019-05-14",16,0,"2019-05-14T22:00:00-00:00","2019-05-14T23:00:00-00:00","NP15","Wind","Renewable Forecast Actual Generation","RENEW_FCST_ACT_MW",3,1,652.84797,"ACTUAL",2
"28","2019-05-14",15,0,"2019-05-14T21:00:00-00:00","2019-05-14T22:00:00-00:00","NP15","Wind","Renewable Forecast Actual Generation","RENEW_FCST_ACT_MW",3,1,797.21472,"ACTUAL",2
"29","2019-05-14",14,0,"2019-05-14T20:00:00-00:00","2019-05-14T21:00:00-00:00","NP15","Wind","Renewable Forecast Actual Generation","RENEW_FCST_ACT_MW",3,1,846.28317,"ACTUAL",2
"30","2019-05-14",13,0,"2019-05-14T19:00:00-00:00","2019-05-14T20:00:00-00:00","NP15","Wind","Renewable Forecast Actual Generation","RENEW_FCST_ACT_MW",3,1,822.92252,"ACTUAL",2
"31","2019-05-14",12,0,"2019-05-14T18:00:00-00:00","2019-05-14T19:00:00-00:00","NP15","Wind","Renewable Forecast Actual Generation","RENEW_FCST_ACT_MW",3,1,812.42681,"ACTUAL",2
"32","2019-05-14",11,0,"2019-05-14T17:00:00-00:00","2019-05-14T18:00:00-00:00","NP15","Wind","Renewable Forecast Actual Generation","RENEW_FCST_ACT_MW",3,1,887.83758,"ACTUAL",2
"33","2019-05-14",10,0,"2019-05-14T16:00:00-00:00","2019-05-14T17:00:00-00:00","NP15","Wind","Renewable Forecast Actual Generation","RENEW_FCST_ACT_MW",3,1,993.02552,"ACTUAL",2
"34","2019-05-14",9,0,"2019-05-14T15:00:00-00:00","2019-05-14T16:00:00-00:00","NP15","Wind","Renewable Forecast Actual Generation","RENEW_FCST_ACT_MW",3,1,957.51563,"ACTUAL",2
"35","2019-05-14",8,0,"2019-05-14T14:00:00-00:00","2019-05-14T15:00:00-00:00","NP15","Wind","Renewable Forecast Actual Generation","RENEW_FCST_ACT_MW",3,1,895.17951,"ACTUAL",2
"36","2019-05-14",7,0,"2019-05-14T13:00:00-00:00","2019-05-14T14:00:00-00:00","NP15","Wind","Renewable Forecast Actual Generation","RENEW_FCST_ACT_MW",3,1,862.79116,"ACTUAL",2
"37","2019-05-14",5,0,"2019-05-14T11:00:00-00:00","2019-05-14T12:00:00-00:00","NP15","Wind","Renewable Forecast Actual Generation","RENEW_FCST_ACT_MW",3,1,882.7556,"ACTUAL",2
"38","2019-05-14",4,0,"2019-05-14T10:00:00-00:00","2019-05-14T11:00:00-00:00","NP15","Wind","Renewable Forecast Actual Generation","RENEW_FCST_ACT_MW",3,1,1027.68623,"ACTUAL",2
"39","2019-05-14",3,0,"2019-05-14T09:00:00-00:00","2019-05-14T10:00:00-00:00","NP15","Wind","Renewable Forecast Actual Generation","RENEW_FCST_ACT_MW",3,1,1083.90678,"ACTUAL",2
"40","2019-05-14",2,0,"2019-05-14T08:00:00-00:00","2019-05-14T09:00:00-00:00","NP15","Wind","Renewable Forecast Actual Generation","RENEW_FCST_ACT_MW",3,1,986.10946,"ACTUAL",2
"41","2019-05-14",24,0,"2019-05-15T06:00:00-00:00","2019-05-15T07:00:00-00:00","NP15","Wind","Renewable Forecast Actual Generation","RENEW_FCST_ACT_MW",3,1,477.48727,"ACTUAL",2
"42","2019-05-14",23,0,"2019-05-15T05:00:00-00:00","2019-05-15T06:00:00-00:00","NP15","Wind","Renewable Forecast Actual Generation","RENEW_FCST_ACT_MW",3,1,571.9248,"ACTUAL",2
"43","2019-05-14",22,0,"2019-05-15T04:00:00-00:00","2019-05-15T05:00:00-00:00","NP15","Wind","Renewable Forecast Actual Generation","RENEW_FCST_ACT_MW",3,1,639.35963,"ACTUAL",2
"44","2019-05-14",21,0,"2019-05-15T03:00:00-00:00","2019-05-15T04:00:00-00:00","NP15","Wind","Renewable Forecast Actual Generation","RENEW_FCST_ACT_MW",3,1,697.21383,"ACTUAL",2
"45","2019-05-14",20,0,"2019-05-15T02:00:00-00:00","2019-05-15T03:00:00-00:00","NP15","Wind","Renewable Forecast Actual Generation","RENEW_FCST_ACT_MW",3,1,721.06097,"ACTUAL",2
"46","2019-05-14",19,0,"2019-05-15T01:00:00-00:00","2019-05-15T02:00:00-00:00","NP15","Wind","Renewable Forecast Actual Generation","RENEW_FCST_ACT_MW",3,1,549.23059,"ACTUAL",2
"47","2019-05-14",6,0,"2019-05-14T12:00:00-00:00","2019-05-14T13:00:00-00:00","SP15","Solar","Renewable Forecast Actual Generation","RENEW_FCST_ACT_MW",3,3,-27.69081,"ACTUAL",3
"48","2019-05-14",18,0,"2019-05-15T00:00:00-00:00","2019-05-15T01:00:00-00:00","SP15","Solar","Renewable Forecast Actual Generation","RENEW_FCST_ACT_MW",3,3,4602.31608,"ACTUAL",3
"49","2019-05-14",5,0,"2019-05-14T11:00:00-00:00","2019-05-14T12:00:00-00:00","SP15","Solar","Renewable Forecast Actual Generation","RENEW_FCST_ACT_MW",3,3,-31.29253,"ACTUAL",3
"50","2019-05-14",11,0,"2019-05-14T17:00:00-00:00","2019-05-14T18:00:00-00:00","SP15","Solar","Renewable Forecast Actual Generation","RENEW_FCST_ACT_MW",3,3,7059.21708,"ACTUAL",3
"51","2019-05-14",4,0,"2019-05-14T10:00:00-00:00","2019-05-14T11:00:00-00:00","SP15","Solar","Renewable Forecast Actual Generation","RENEW_FCST_ACT_MW",3,3,-31.26302,"ACTUAL",3
"52","2019-05-14",15,0,"2019-05-14T21:00:00-00:00","2019-05-14T22:00:00-00:00","SP15","Solar","Renewable Forecast Actual Generation","RENEW_FCST_ACT_MW",3,3,7228.56462,"ACTUAL",3
"53","2019-05-14",3,0,"2019-05-14T09:00:00-00:00","2019-05-14T10:00:00-00:00","SP15","Solar","Renewable Forecast Actual Generation","RENEW_FCST_ACT_MW",3,3,-30.80548,"ACTUAL",3
"54","2019-05-14",10,0,"2019-05-14T16:00:00-00:00","2019-05-14T17:00:00-00:00","SP15","Solar","Renewable Forecast Actual Generation","RENEW_FCST_ACT_MW",3,3,6779.44619,"ACTUAL",3
"55","2019-05-14",2,0,"2019-05-14T08:00:00-00:00","2019-05-14T09:00:00-00:00","SP15","Solar","Renewable Forecast Actual Generation","RENEW_FCST_ACT_MW",3,3,-28.84562,"ACTUAL",3
"56","2019-05-14",13,0,"2019-05-14T19:00:00-00:00","2019-05-14T20:00:00-00:00","SP15","Solar","Renewable Forecast Actual Generation","RENEW_FCST_ACT_MW",3,3,7446.93324,"ACTUAL",3
"57","2019-05-14",24,0,"2019-05-15T06:00:00-00:00","2019-05-15T07:00:00-00:00","SP15","Solar","Renewable Forecast Actual Generation","RENEW_FCST_ACT_MW",3,3,-32.41382,"ACTUAL",3
"58","2019-05-14",9,0,"2019-05-14T15:00:00-00:00","2019-05-14T16:00:00-00:00","SP15","Solar","Renewable Forecast Actual Generation","RENEW_FCST_ACT_MW",3,3,6040.80052,"ACTUAL",3
"59","2019-05-14",23,0,"2019-05-15T05:00:00-00:00","2019-05-15T06:00:00-00:00","SP15","Solar","Renewable Forecast Actual Generation","RENEW_FCST_ACT_MW",3,3,-31.1661,"ACTUAL",3
"60","2019-05-14",16,0,"2019-05-14T22:00:00-00:00","2019-05-14T23:00:00-00:00","SP15","Solar","Renewable Forecast Actual Generation","RENEW_FCST_ACT_MW",3,3,6851.27864,"ACTUAL",3
"61","2019-05-14",22,0,"2019-05-15T04:00:00-00:00","2019-05-15T05:00:00-00:00","SP15","Solar","Renewable Forecast Actual Generation","RENEW_FCST_ACT_MW",3,3,-30.91014,"ACTUAL",3
"62","2019-05-14",8,0,"2019-05-14T14:00:00-00:00","2019-05-14T15:00:00-00:00","SP15","Solar","Renewable Forecast Actual Generation","RENEW_FCST_ACT_MW",3,3,3917.53663,"ACTUAL",3
"63","2019-05-14",21,0,"2019-05-15T03:00:00-00:00","2019-05-15T04:00:00-00:00","SP15","Solar","Renewable Forecast Actual Generation","RENEW_FCST_ACT_MW",3,3,-33,"ACTUAL",3
"64","2019-05-14",12,0,"2019-05-14T18:00:00-00:00","2019-05-14T19:00:00-00:00","SP15","Solar","Renewable Forecast Actual Generation","RENEW_FCST_ACT_MW",3,3,7390.60843,"ACTUAL",3
"65","2019-05-14",20,0,"2019-05-15T02:00:00-00:00","2019-05-15T03:00:00-00:00","SP15","Solar","Renewable Forecast Actual Generation","RENEW_FCST_ACT_MW",3,3,306.15326,"ACTUAL",3
"66","2019-05-14",7,0,"2019-05-14T13:00:00-00:00","2019-05-14T14:00:00-00:00","SP15","Solar","Renewable Forecast Actual Generation","RENEW_FCST_ACT_MW",3,3,930.51599,"ACTUAL",3
"67","2019-05-14",19,0,"2019-05-15T01:00:00-00:00","2019-05-15T02:00:00-00:00","SP15","Solar","Renewable Forecast Actual Generation","RENEW_FCST_ACT_MW",3,3,1913.53287,"ACTUAL",3
"68","2019-05-14",14,0,"2019-05-14T20:00:00-00:00","2019-05-14T21:00:00-00:00","SP15","Solar","Renewable Forecast Actual Generation","RENEW_FCST_ACT_MW",3,3,7392.21755,"ACTUAL",3
"69","2019-05-14",17,0,"2019-05-14T23:00:00-00:00","2019-05-15T00:00:00-00:00","SP15","Solar","Renewable Forecast Actual Generation","RENEW_FCST_ACT_MW",3,3,6211.01937,"ACTUAL",3
"70","2019-05-14",18,0,"2019-05-15T00:00:00-00:00","2019-05-15T01:00:00-00:00","SP15","Wind","Renewable Forecast Actual Generation","RENEW_FCST_ACT_MW",3,1,1432.36893,"ACTUAL",4
"71","2019-05-14",19,0,"2019-05-15T01:00:00-00:00","2019-05-15T02:00:00-00:00","SP15","Wind","Renewable Forecast Actual Generation","RENEW_FCST_ACT_MW",3,1,1486.03722,"ACTUAL",4
"72","2019-05-14",20,0,"2019-05-15T02:00:00-00:00","2019-05-15T03:00:00-00:00","SP15","Wind","Renewable Forecast Actual Generation","RENEW_FCST_ACT_MW",3,1,1168.02798,"ACTUAL",4
"73","2019-05-14",21,0,"2019-05-15T03:00:00-00:00","2019-05-15T04:00:00-00:00","SP15","Wind","Renewable Forecast Actual Generation","RENEW_FCST_ACT_MW",3,1,1058.89253,"ACTUAL",4
"74","2019-05-14",22,0,"2019-05-15T04:00:00-00:00","2019-05-15T05:00:00-00:00","SP15","Wind","Renewable Forecast Actual Generation","RENEW_FCST_ACT_MW",3,1,1165.97213,"ACTUAL",4
"75","2019-05-14",23,0,"2019-05-15T05:00:00-00:00","2019-05-15T06:00:00-00:00","SP15","Wind","Renewable Forecast Actual Generation","RENEW_FCST_ACT_MW",3,1,1136.62603,"ACTUAL",4
"76","2019-05-14",24,0,"2019-05-15T06:00:00-00:00","2019-05-15T07:00:00-00:00","SP15","Wind","Renewable Forecast Actual Generation","RENEW_FCST_ACT_MW",3,1,992.8714,"ACTUAL",4
"77","2019-05-14",2,0,"2019-05-14T08:00:00-00:00","2019-05-14T09:00:00-00:00","SP15","Wind","Renewable Forecast Actual Generation","RENEW_FCST_ACT_MW",3,1,2491.24339,"ACTUAL",4
"78","2019-05-14",3,0,"2019-05-14T09:00:00-00:00","2019-05-14T10:00:00-00:00","SP15","Wind","Renewable Forecast Actual Generation","RENEW_FCST_ACT_MW",3,1,2371.91735,"ACTUAL",4
"79","2019-05-14",4,0,"2019-05-14T10:00:00-00:00","2019-05-14T11:00:00-00:00","SP15","Wind","Renewable Forecast Actual Generation","RENEW_FCST_ACT_MW",3,1,2312.58415,"ACTUAL",4
"80","2019-05-14",5,0,"2019-05-14T11:00:00-00:00","2019-05-14T12:00:00-00:00","SP15","Wind","Renewable Forecast Actual Generation","RENEW_FCST_ACT_MW",3,1,2160.52817,"ACTUAL",4
"81","2019-05-14",6,0,"2019-05-14T12:00:00-00:00","2019-05-14T13:00:00-00:00","SP15","Wind","Renewable Forecast Actual Generation","RENEW_FCST_ACT_MW",3,1,1959.59332,"ACTUAL",4
"82","2019-05-14",7,0,"2019-05-14T13:00:00-00:00","2019-05-14T14:00:00-00:00","SP15","Wind","Renewable Forecast Actual Generation","RENEW_FCST_ACT_MW",3,1,1675.38189,"ACTUAL",4
"83","2019-05-14",8,0,"2019-05-14T14:00:00-00:00","2019-05-14T15:00:00-00:00","SP15","Wind","Renewable Forecast Actual Generation","RENEW_FCST_ACT_MW",3,1,1176.91179,"ACTUAL",4
"84","2019-05-14",9,0,"2019-05-14T15:00:00-00:00","2019-05-14T16:00:00-00:00","SP15","Wind","Renewable Forecast Actual Generation","RENEW_FCST_ACT_MW",3,1,884.15809,"ACTUAL",4
"85","2019-05-14",10,0,"2019-05-14T16:00:00-00:00","2019-05-14T17:00:00-00:00","SP15","Wind","Renewable Forecast Actual Generation","RENEW_FCST_ACT_MW",3,1,697.8025,"ACTUAL",4
"86","2019-05-14",11,0,"2019-05-14T17:00:00-00:00","2019-05-14T18:00:00-00:00","SP15","Wind","Renewable Forecast Actual Generation","RENEW_FCST_ACT_MW",3,1,503.36105,"ACTUAL",4
"87","2019-05-14",12,0,"2019-05-14T18:00:00-00:00","2019-05-14T19:00:00-00:00","SP15","Wind","Renewable Forecast Actual Generation","RENEW_FCST_ACT_MW",3,1,592.1611,"ACTUAL",4
"88","2019-05-14",13,0,"2019-05-14T19:00:00-00:00","2019-05-14T20:00:00-00:00","SP15","Wind","Renewable Forecast Actual Generation","RENEW_FCST_ACT_MW",3,1,606.29727,"ACTUAL",4
"89","2019-05-14",14,0,"2019-05-14T20:00:00-00:00","2019-05-14T21:00:00-00:00","SP15","Wind","Renewable Forecast Actual Generation","RENEW_FCST_ACT_MW",3,1,768.87463,"ACTUAL",4
"90","2019-05-14",15,0,"2019-05-14T21:00:00-00:00","2019-05-14T22:00:00-00:00","SP15","Wind","Renewable Forecast Actual Generation","RENEW_FCST_ACT_MW",3,1,1019.55226,"ACTUAL",4
"91","2019-05-14",16,0,"2019-05-14T22:00:00-00:00","2019-05-14T23:00:00-00:00","SP15","Wind","Renewable Forecast Actual Generation","RENEW_FCST_ACT_MW",3,1,1112.35821,"ACTUAL",4
"92","2019-05-14",17,0,"2019-05-14T23:00:00-00:00","2019-05-15T00:00:00-00:00","SP15","Wind","Renewable Forecast Actual Generation","RENEW_FCST_ACT_MW",3,1,1323.99188,"ACTUAL",4
"93","2019-05-14",18,0,"2019-05-15T00:00:00-00:00","2019-05-15T01:00:00-00:00","ZP26","Solar","Renewable Forecast Actual Generation","RENEW_FCST_ACT_MW",3,3,1070.61449,"ACTUAL",5
"94","2019-05-14",17,0,"2019-05-14T23:00:00-00:00","2019-05-15T00:00:00-00:00","ZP26","Solar","Renewable Forecast Actual Generation","RENEW_FCST_ACT_MW",3,3,1279.36934,"ACTUAL",5
"95","2019-05-14",20,0,"2019-05-15T02:00:00-00:00","2019-05-15T03:00:00-00:00","ZP26","Solar","Renewable Forecast Actual Generation","RENEW_FCST_ACT_MW",3,3,49.70965,"ACTUAL",5
"96","2019-05-14",21,0,"2019-05-15T03:00:00-00:00","2019-05-15T04:00:00-00:00","ZP26","Solar","Renewable Forecast Actual Generation","RENEW_FCST_ACT_MW",3,3,-4.90671,"ACTUAL",5
"97","2019-05-14",22,0,"2019-05-15T04:00:00-00:00","2019-05-15T05:00:00-00:00","ZP26","Solar","Renewable Forecast Actual Generation","RENEW_FCST_ACT_MW",3,3,-4.68156,"ACTUAL",5
"98","2019-05-14",23,0,"2019-05-15T05:00:00-00:00","2019-05-15T06:00:00-00:00","ZP26","Solar","Renewable Forecast Actual Generation","RENEW_FCST_ACT_MW",3,3,-4.63079,"ACTUAL",5
"99","2019-05-14",24,0,"2019-05-15T06:00:00-00:00","2019-05-15T07:00:00-00:00","ZP26","Solar","Renewable Forecast Actual Generation","RENEW_FCST_ACT_MW",3,3,-4.63697,"ACTUAL",5
"100","2019-05-14",2,0,"2019-05-14T08:00:00-00:00","2019-05-14T09:00:00-00:00","ZP26","Solar","Renewable Forecast Actual Generation","RENEW_FCST_ACT_MW",3,3,-2.69847,"ACTUAL",5
"101","2019-05-14",3,0,"2019-05-14T09:00:00-00:00","2019-05-14T10:00:00-00:00","ZP26","Solar","Renewable Forecast Actual Generation","RENEW_FCST_ACT_MW",3,3,-2.75356,"ACTUAL",5
"102","2019-05-14",4,0,"2019-05-14T10:00:00-00:00","2019-05-14T11:00:00-00:00","ZP26","Solar","Renewable Forecast Actual Generation","RENEW_FCST_ACT_MW",3,3,-2.77096,"ACTUAL",5
"103","2019-05-14",5,0,"2019-05-14T11:00:00-00:00","2019-05-14T12:00:00-00:00","ZP26","Solar","Renewable Forecast Actual Generation","RENEW_FCST_ACT_MW",3,3,-2.94526,"ACTUAL",5
"104","2019-05-14",6,0,"2019-05-14T12:00:00-00:00","2019-05-14T13:00:00-00:00","ZP26","Solar","Renewable Forecast Actual Generation","RENEW_FCST_ACT_MW",3,3,-2.90552,"ACTUAL",5
"105","2019-05-14",7,0,"2019-05-14T13:00:00-00:00","2019-05-14T14:00:00-00:00","ZP26","Solar","Renewable Forecast Actual Generation","RENEW_FCST_ACT_MW",3,3,146.73886,"ACTUAL",5
"106","2019-05-14",8,0,"2019-05-14T14:00:00-00:00","2019-05-14T15:00:00-00:00","ZP26","Solar","Renewable Forecast Actual Generation","RENEW_FCST_ACT_MW",3,3,718.86542,"ACTUAL",5
"107","2019-05-14",9,0,"2019-05-14T15:00:00-00:00","2019-05-14T16:00:00-00:00","ZP26","Solar","Renewable Forecast Actual Generation","RENEW_FCST_ACT_MW",3,3,1206.72236,"ACTUAL",5
"108","2019-05-14",10,0,"2019-05-14T16:00:00-00:00","2019-05-14T17:00:00-00:00","ZP26","Solar","Renewable Forecast Actual Generation","RENEW_FCST_ACT_MW",3,3,1446.47362,"ACTUAL",5
"109","2019-05-14",11,0,"2019-05-14T17:00:00-00:00","2019-05-14T18:00:00-00:00","ZP26","Solar","Renewable Forecast Actual Generation","RENEW_FCST_ACT_MW",3,3,1403.48887,"ACTUAL",5
"110","2019-05-14",12,0,"2019-05-14T18:00:00-00:00","2019-05-14T19:00:00-00:00","ZP26","Solar","Renewable Forecast Actual Generation","RENEW_FCST_ACT_MW",3,3,1604.77239,"ACTUAL",5
"111","2019-05-14",13,0,"2019-05-14T19:00:00-00:00","2019-05-14T20:00:00-00:00","ZP26","Solar","Renewable Forecast Actual Generation","RENEW_FCST_ACT_MW",3,3,1608.91388,"ACTUAL",5
"112","2019-05-14",14,0,"2019-05-14T20:00:00-00:00","2019-05-14T21:00:00-00:00","ZP26","Solar","Renewable Forecast Actual Generation","RENEW_FCST_ACT_MW",3,3,1594.15404,"ACTUAL",5
"113","2019-05-14",15,0,"2019-05-14T21:00:00-00:00","2019-05-14T22:00:00-00:00","ZP26","Solar","Renewable Forecast Actual Generation","RENEW_FCST_ACT_MW",3,3,1597.24929,"ACTUAL",5
"114","2019-05-14",16,0,"2019-05-14T22:00:00-00:00","2019-05-14T23:00:00-00:00","ZP26","Solar","Renewable Forecast Actual Generation","RENEW_FCST_ACT_MW",3,3,1363.34392,"ACTUAL",5
"115","2019-05-14",19,0,"2019-05-15T01:00:00-00:00","2019-05-15T02:00:00-00:00","ZP26","Solar","Renewable Forecast Actual Generation","RENEW_FCST_ACT_MW",3,3,564.67969,"ACTUAL",5
"116","2019-05-15",1,0,"2019-05-15T07:00:00-00:00","2019-05-15T08:00:00-00:00","NP15","Solar","Renewable Forecast Actual Generation","RENEW_FCST_ACT_MW",3,3,-2.70441,"ACTUAL",6
"117","2019-05-15",1,0,"2019-05-15T07:00:00-00:00","2019-05-15T08:00:00-00:00","NP15","Wind","Renewable Forecast Actual Generation","RENEW_FCST_ACT_MW",3,1,489.97533,"ACTUAL",7
"118","2019-05-15",1,0,"2019-05-15T07:00:00-00:00","2019-05-15T08:00:00-00:00","SP15","Solar","Renewable Forecast Actual Generation","RENEW_FCST_ACT_MW",3,3,-31.31062,"ACTUAL",8
"119","2019-05-15",1,0,"2019-05-15T07:00:00-00:00","2019-05-15T08:00:00-00:00","SP15","Wind","Renewable Forecast Actual Generation","RENEW_FCST_ACT_MW",3,1,971.90642,"ACTUAL",9
"120","2019-05-15",1,0,"2019-05-15T07:00:00-00:00","2019-05-15T08:00:00-00:00","ZP26","Solar","Renewable Forecast Actual Generation","RENEW_FCST_ACT_MW",3,3,-4.66398,"ACTUAL",10
