"","OPR_DT","OPR_HR","OPR_INTERVAL","INTERVALSTARTTIME_GMT","INTERVALENDTIME_GMT","TRADING_HUB","RENEWABLE_TYPE","LABEL","XML_DATA_ITEM","MARKET_RUN_ID_POS","RENEW_POS","MW","MARKET_RUN_ID","GROUP"
"1","2019-02-20",1,0,"2019-02-20T08:00:00-00:00","2019-02-20T09:00:00-00:00","NP15","Solar","Renewable Forecast Actual Generation","RENEW_FCST_ACT_MW",3,3,-3.17051,"ACTUAL",1
"2","2019-02-20",2,0,"2019-02-20T09:00:00-00:00","2019-02-20T10:00:00-00:00","NP15","Solar","Renewable Forecast Actual Generation","RENEW_FCST_ACT_MW",3,3,-3.22551,"ACTUAL",1
"3","2019-02-20",3,0,"2019-02-20T10:00:00-00:00","2019-02-20T11:00:00-00:00","NP15","Solar","Renewable Forecast Actual Generation","RENEW_FCST_ACT_MW",3,3,-3.22676,"ACTUAL",1
"4","2019-02-20",4,0,"2019-02-20T11:00:00-00:00","2019-02-20T12:00:00-00:00","NP15","Solar","Renewable Forecast Actual Generation","RENEW_FCST_ACT_MW",3,3,-3.25349,"ACTUAL",1
"5","2019-02-20",5,0,"2019-02-20T12:00:00-00:00","2019-02-20T13:00:00-00:00","NP15","Solar","Renewable Forecast Actual Generation","RENEW_FCST_ACT_MW",3,3,-3.26193,"ACTUAL",1
"6","2019-02-20",6,0,"2019-02-20T13:00:00-00:00","2019-02-20T14:00:00-00:00","NP15","Solar","Renewable Forecast Actual Generation","RENEW_FCST_ACT_MW",3,3,-3.24745,"ACTUAL",1
"7","2019-02-20",7,0,"2019-02-20T14:00:00-00:00","2019-02-20T15:00:00-00:00","NP15","Solar","Renewable Forecast Actual Generation","RENEW_FCST_ACT_MW",3,3,-2.93838,"ACTUAL",1
"8","2019-02-20",8,0,"2019-02-20T15:00:00-00:00","2019-02-20T16:00:00-00:00","NP15","Solar","Renewable Forecast Actual Generation","RENEW_FCST_ACT_MW",3,3,45.11733,"ACTUAL",1
"9","2019-02-20",9,0,"2019-02-20T16:00:00-00:00","2019-02-20T17:00:00-00:00","NP15","Solar","Renewable Forecast Actual Generation","RENEW_FCST_ACT_MW",3,3,218.28853,"ACTUAL",1
"10","2019-02-20",10,0,"2019-02-20T17:00:00-00:00","2019-02-20T18:00:00-00:00","NP15","Solar","Renewable Forecast Actual Generation","RENEW_FCST_ACT_MW",3,3,588.03469,"ACTUAL",1
"11","2019-02-20",11,0,"2019-02-20T18:00:00-00:00","2019-02-20T19:00:00-00:00","NP15","Solar","Renewable Forecast Actual Generation","RENEW_FCST_ACT_MW",3,3,968.56751,"ACTUAL",1
"12","2019-02-20",12,0,"2019-02-20T19:00:00-00:00","2019-02-20T20:00:00-00:00","NP15","Solar","Renewable Forecast Actual Generation","RENEW_FCST_ACT_MW",3,3,1079.031,"ACTUAL",1
"13","2019-02-20",13,0,"2019-02-20T20:00:00-00:00","2019-02-20T21:00:00-00:00","NP15","Solar","Renewable Forecast Actual Generation","RENEW_FCST_ACT_MW",3,3,936.53441,"ACTUAL",1
"14","2019-02-20",14,0,"2019-02-20T21:00:00-00:00","2019-02-20T22:00:00-00:00","NP15","Solar","Renewable Forecast Actual Generation","RENEW_FCST_ACT_MW",3,3,668.62083,"ACTUAL",1
"15","2019-02-20",15,0,"2019-02-20T22:00:00-00:00","2019-02-20T23:00:00-00:00","NP15","Solar","Renewable Forecast Actual Generation","RENEW_FCST_ACT_MW",3,3,625.90984,"ACTUAL",1
"16","2019-02-20",16,0,"2019-02-20T23:00:00-00:00","2019-02-21T00:00:00-00:00","NP15","Solar","Renewable Forecast Actual Generation","RENEW_FCST_ACT_MW",3,3,436.9254,"ACTUAL",1
"17","2019-02-20",17,0,"2019-02-21T00:00:00-00:00","2019-02-21T01:00:00-00:00","NP15","Solar","Renewable Forecast Actual Generation","RENEW_FCST_ACT_MW",3,3,224.73038,"ACTUAL",1
"18","2019-02-20",18,0,"2019-02-21T01:00:00-00:00","2019-02-21T02:00:00-00:00","NP15","Solar","Renewable Forecast Actual Generation","RENEW_FCST_ACT_MW",3,3,26.49701,"ACTUAL",1
"19","2019-02-20",19,0,"2019-02-21T02:00:00-00:00","2019-02-21T03:00:00-00:00","NP15","Solar","Renewable Forecast Actual Generation","RENEW_FCST_ACT_MW",3,3,-3.06574,"ACTUAL",1
"20","2019-02-20",20,0,"2019-02-21T03:00:00-00:00","2019-02-21T04:00:00-00:00","NP15","Solar","Renewable Forecast Actual Generation","RENEW_FCST_ACT_MW",3,3,-2.93843,"ACTUAL",1
"21","2019-02-20",21,0,"2019-02-21T04:00:00-00:00","2019-02-21T05:00:00-00:00","NP15","Solar","Renewable Forecast Actual Generation","RENEW_FCST_ACT_MW",3,3,-2.93106,"ACTUAL",1
"22","2019-02-20",22,0,"2019-02-21T05:00:00-00:00","2019-02-21T06:00:00-00:00","NP15","Solar","Renewable Forecast Actual Generation","RENEW_FCST_ACT_MW",3,3,-2.94593,"ACTUAL",1
"23","2019-02-20",23,0,"2019-02-21T06:00:00-00:00","2019-02-21T07:00:00-00:00","NP15","Solar","Renewable Forecast Actual Generation","RENEW_FCST_ACT_MW",3,3,-2.94991,"ACTUAL",1
"24","2019-02-20",24,0,"2019-02-21T07:00:00-00:00","2019-02-21T08:00:00-00:00","NP15","Solar","Renewable Forecast Actual Generation","RENEW_FCST_ACT_MW",3,3,-3.53399,"ACTUAL",1
"25","2019-02-20",1,0,"2019-02-20T08:00:00-00:00","2019-02-20T09:00:00-00:00","NP15","Wind","Renewable Forecast Actual Generation","RENEW_FCST_ACT_MW",3,1,507.28946,"ACTUAL",2
"26","2019-02-20",24,0,"2019-02-21T07:00:00-00:00","2019-02-21T08:00:00-00:00","NP15","Wind","Renewable Forecast Actual Generation","RENEW_FCST_ACT_MW",3,1,144.90621,"ACTUAL",2
"27","2019-02-20",3,0,"2019-02-20T10:00:00-00:00","2019-02-20T11:00:00-00:00","NP15","Wind","Renewable Forecast Actual Generation","RENEW_FCST_ACT_MW",3,1,561.0795,"ACTUAL",2
"28","2019-02-20",4,0,"2019-02-20T11:00:00-00:00","2019-02-20T12:00:00-00:00","NP15","Wind","Renewable Forecast Actual Generation","RENEW_FCST_ACT_MW",3,1,642.60901,"ACTUAL",2
"29","2019-02-20",5,0,"2019-02-20T12:00:00-00:00","2019-02-20T13:00:00-00:00","NP15","Wind","Renewable Forecast Actual Generation","RENEW_FCST_ACT_MW",3,1,425.25496,"ACTUAL",2
"30","2019-02-20",6,0,"2019-02-20T13:00:00-00:00","2019-02-20T14:00:00-00:00","NP15","Wind","Renewable Forecast Actual Generation","RENEW_FCST_ACT_MW",3,1,217.84516,"ACTUAL",2
"31","2019-02-20",7,0,"2019-02-20T14:00:00-00:00","2019-02-20T15:00:00-00:00","NP15","Wind","Renewable Forecast Actual Generation","RENEW_FCST_ACT_MW",3,1,209.55856,"ACTUAL",2
"32","2019-02-20",8,0,"2019-02-20T15:00:00-00:00","2019-02-20T16:00:00-00:00","NP15","Wind","Renewable Forecast Actual Generation","RENEW_FCST_ACT_MW",3,1,214.77556,"ACTUAL",2
"33","2019-02-20",9,0,"2019-02-20T16:00:00-00:00","2019-02-20T17:00:00-00:00","NP15","Wind","Renewable Forecast Actual Generation","RENEW_FCST_ACT_MW",3,1,298.93409,"ACTUAL",2
"34","2019-02-20",10,0,"2019-02-20T17:00:00-00:00","2019-02-20T18:00:00-00:00","NP15","Wind","Renewable Forecast Actual Generation","RENEW_FCST_ACT_MW",3,1,272.5956,"ACTUAL",2
"35","2019-02-20",11,0,"2019-02-20T18:00:00-00:00","2019-02-20T19:00:00-00:00","NP15","Wind","Renewable Forecast Actual Generation","RENEW_FCST_ACT_MW",3,1,202.37352,"ACTUAL",2
"36","2019-02-20",12,0,"2019-02-20T19:00:00-00:00","2019-02-20T20:00:00-00:00","NP15","Wind","Renewable Forecast Actual Generation","RENEW_FCST_ACT_MW",3,1,147.8134,"ACTUAL",2
"37","2019-02-20",13,0,"2019-02-20T20:00:00-00:00","2019-02-20T21:00:00-00:00","NP15","Wind","Renewable Forecast Actual Generation","RENEW_FCST_ACT_MW",3,1,141.53592,"ACTUAL",2
"38","2019-02-20",14,0,"2019-02-20T21:00:00-00:00","2019-02-20T22:00:00-00:00","NP15","Wind","Renewable Forecast Actual Generation","RENEW_FCST_ACT_MW",3,1,85.82556,"ACTUAL",2
"39","2019-02-20",15,0,"2019-02-20T22:00:00-00:00","2019-02-20T23:00:00-00:00","NP15","Wind","Renewable Forecast Actual Generation","RENEW_FCST_ACT_MW",3,1,241.90109,"ACTUAL",2
"40","2019-02-20",16,0,"2019-02-20T23:00:00-00:00","2019-02-21T00:00:00-00:00","NP15","Wind","Renewable Forecast Actual Generation","RENEW_FCST_ACT_MW",3,1,87.66789,"ACTUAL",2
"41","2019-02-20",17,0,"2019-02-21T00:00:00-00:00","2019-02-21T01:00:00-00:00","NP15","Wind","Renewable Forecast Actual Generation","RENEW_FCST_ACT_MW",3,1,93.13325,"ACTUAL",2
"42","2019-02-20",18,0,"2019-02-21T01:00:00-00:00","2019-02-21T02:00:00-00:00","NP15","Wind","Renewable Forecast Actual Generation","RENEW_FCST_ACT_MW",3,1,43.62568,"ACTUAL",2
"43","2019-02-20",19,0,"2019-02-21T02:00:00-00:00","2019-02-21T03:00:00-00:00","NP15","Wind","Renewable Forecast Actual Generation","RENEW_FCST_ACT_MW",3,1,129.94101,"ACTUAL",2
"44","2019-02-20",20,0,"2019-02-21T03:00:00-00:00","2019-02-21T04:00:00-00:00","NP15","Wind","Renewable Forecast Actual Generation","RENEW_FCST_ACT_MW",3,1,252.17965,"ACTUAL",2
"45","2019-02-20",21,0,"2019-02-21T04:00:00-00:00","2019-02-21T05:00:00-00:00","NP15","Wind","Renewable Forecast Actual Generation","RENEW_FCST_ACT_MW",3,1,275.67887,"ACTUAL",2
"46","2019-02-20",22,0,"2019-02-21T05:00:00-00:00","2019-02-21T06:00:00-00:00","NP15","Wind","Renewable Forecast Actual Generation","RENEW_FCST_ACT_MW",3,1,327.60362,"ACTUAL",2
"47","2019-02-20",23,0,"2019-02-21T06:00:00-00:00","2019-02-21T07:00:00-00:00","NP15","Wind","Renewable Forecast Actual Generation","RENEW_FCST_ACT_MW",3,1,230.894,"ACTUAL",2
"48","2019-02-20",2,0,"2019-02-20T09:00:00-00:00","2019-02-20T10:00:00-00:00","NP15","Wind","Renewable Forecast Actual Generation","RENEW_FCST_ACT_MW",3,1,543.52219,"ACTUAL",2
"49","2019-02-20",24,0,"2019-02-21T07:00:00-00:00","2019-02-21T08:00:00-00:00","SP15","Solar","Renewable Forecast Actual Generation","RENEW_FCST_ACT_MW",3,3,-1.07494,"ACTUAL",3
"50","2019-02-20",2,0,"2019-02-20T09:00:00-00:00","2019-02-20T10:00:00-00:00","SP15","Solar","Renewable Forecast Actual Generation","RENEW_FCST_ACT_MW",3,3,-4.8758,"ACTUAL",3
"51","2019-02-20",23,0,"2019-02-21T06:00:00-00:00","2019-02-21T07:00:00-00:00","SP15","Solar","Renewable Forecast Actual Generation","RENEW_FCST_ACT_MW",3,3,0.14136,"ACTUAL",3
"52","2019-02-20",6,0,"2019-02-20T13:00:00-00:00","2019-02-20T14:00:00-00:00","SP15","Solar","Renewable Forecast Actual Generation","RENEW_FCST_ACT_MW",3,3,-8.3127,"ACTUAL",3
"53","2019-02-20",22,0,"2019-02-21T05:00:00-00:00","2019-02-21T06:00:00-00:00","SP15","Solar","Renewable Forecast Actual Generation","RENEW_FCST_ACT_MW",3,3,0.96028,"ACTUAL",3
"54","2019-02-20",11,0,"2019-02-20T18:00:00-00:00","2019-02-20T19:00:00-00:00","SP15","Solar","Renewable Forecast Actual Generation","RENEW_FCST_ACT_MW",3,3,4783.38061,"ACTUAL",3
"55","2019-02-20",21,0,"2019-02-21T04:00:00-00:00","2019-02-21T05:00:00-00:00","SP15","Solar","Renewable Forecast Actual Generation","RENEW_FCST_ACT_MW",3,3,0.90442,"ACTUAL",3
"56","2019-02-20",3,0,"2019-02-20T10:00:00-00:00","2019-02-20T11:00:00-00:00","SP15","Solar","Renewable Forecast Actual Generation","RENEW_FCST_ACT_MW",3,3,-5.03418,"ACTUAL",3
"57","2019-02-20",20,0,"2019-02-21T03:00:00-00:00","2019-02-21T04:00:00-00:00","SP15","Solar","Renewable Forecast Actual Generation","RENEW_FCST_ACT_MW",3,3,0.36089,"ACTUAL",3
"58","2019-02-20",10,0,"2019-02-20T17:00:00-00:00","2019-02-20T18:00:00-00:00","SP15","Solar","Renewable Forecast Actual Generation","RENEW_FCST_ACT_MW",3,3,4275.32905,"ACTUAL",3
"59","2019-02-20",19,0,"2019-02-21T02:00:00-00:00","2019-02-21T03:00:00-00:00","SP15","Solar","Renewable Forecast Actual Generation","RENEW_FCST_ACT_MW",3,3,0.15668,"ACTUAL",3
"60","2019-02-20",5,0,"2019-02-20T12:00:00-00:00","2019-02-20T13:00:00-00:00","SP15","Solar","Renewable Forecast Actual Generation","RENEW_FCST_ACT_MW",3,3,-6.30833,"ACTUAL",3
"61","2019-02-20",18,0,"2019-02-21T01:00:00-00:00","2019-02-21T02:00:00-00:00","SP15","Solar","Renewable Forecast Actual Generation","RENEW_FCST_ACT_MW",3,3,40.4662,"ACTUAL",3
"62","2019-02-20",9,0,"2019-02-20T16:00:00-00:00","2019-02-20T17:00:00-00:00","SP15","Solar","Renewable Forecast Actual Generation","RENEW_FCST_ACT_MW",3,3,4261.93992,"ACTUAL",3
"63","2019-02-20",17,0,"2019-02-21T00:00:00-00:00","2019-02-21T01:00:00-00:00","SP15","Solar","Renewable Forecast Actual Generation","RENEW_FCST_ACT_MW",3,3,634.91726,"ACTUAL",3
"64","2019-02-20",1,0,"2019-02-20T08:00:00-00:00","2019-02-20T09:00:00-00:00","SP15","Solar","Renewable Forecast Actual Generation","RENEW_FCST_ACT_MW",3,3,-5.18176,"ACTUAL",3
"65","2019-02-20",16,0,"2019-02-20T23:00:00-00:00","2019-02-21T00:00:00-00:00","SP15","Solar","Renewable Forecast Actual Generation","RENEW_FCST_ACT_MW",3,3,1883.33501,"ACTUAL",3
"66","2019-02-20",8,0,"2019-02-20T15:00:00-00:00","2019-02-20T16:00:00-00:00","SP15","Solar","Renewable Forecast Actual Generation","RENEW_FCST_ACT_MW",3,3,1959.7391,"ACTUAL",3
"67","2019-02-20",15,0,"2019-02-20T22:00:00-00:00","2019-02-20T23:00:00-00:00","SP15","Solar","Renewable Forecast Actual Generation","RENEW_FCST_ACT_MW",3,3,1986.79473,"ACTUAL",3
"68","2019-02-20",4,0,"2019-02-20T11:00:00-00:00","2019-02-20T12:00:00-00:00","SP15","Solar","Renewable Forecast Actual Generation","RENEW_FCST_ACT_MW",3,3,-5.48673,"ACTUAL",3
"69","2019-02-20",14,0,"2019-02-20T21:00:00-00:00","2019-02-20T22:00:00-00:00","SP15","Solar","Renewable Forecast Actual Generation","RENEW_FCST_ACT_MW",3,3,2711.83468,"ACTUAL",3
"70","2019-02-20",7,0,"2019-02-20T14:00:00-00:00","2019-02-20T15:00:00-00:00","SP15","Solar","Renewable Forecast Actual Generation","RENEW_FCST_ACT_MW",3,3,124.09278,"ACTUAL",3
"71","2019-02-20",13,0,"2019-02-20T20:00:00-00:00","2019-02-20T21:00:00-00:00","SP15","Solar","Renewable Forecast Actual Generation","RENEW_FCST_ACT_MW",3,3,4066.18976,"ACTUAL",3
"72","2019-02-20",12,0,"2019-02-20T19:00:00-00:00","2019-02-20T20:00:00-00:00","SP15","Solar","Renewable Forecast Actual Generation","RENEW_FCST_ACT_MW",3,3,4930.37362,"ACTUAL",3
"73","2019-02-20",23,0,"2019-02-21T06:00:00-00:00","2019-02-21T07:00:00-00:00","SP15","Wind","Renewable Forecast Actual Generation","RENEW_FCST_ACT_MW",3,1,826.61659,"ACTUAL",4
"74","2019-02-20",22,0,"2019-02-21T05:00:00-00:00","2019-02-21T06:00:00-00:00","SP15","Wind","Renewable Forecast Actual Generation","RENEW_FCST_ACT_MW",3,1,841.16769,"ACTUAL",4
"75","2019-02-20",21,0,"2019-02-21T04:00:00-00:00","2019-02-21T05:00:00-00:00","SP15","Wind","Renewable Forecast Actual Generation","RENEW_FCST_ACT_MW",3,1,895.44663,"ACTUAL",4
"76","2019-02-20",20,0,"2019-02-21T03:00:00-00:00","2019-02-21T04:00:00-00:00","SP15","Wind","Renewable Forecast Actual Generation","RENEW_FCST_ACT_MW",3,1,987.19494,"ACTUAL",4
"77","2019-02-20",19,0,"2019-02-21T02:00:00-00:00","2019-02-21T03:00:00-00:00","SP15","Wind","Renewable Forecast Actual Generation","RENEW_FCST_ACT_MW",3,1,1107.83054,"ACTUAL",4
"78","2019-02-20",18,0,"2019-02-21T01:00:00-00:00","2019-02-21T02:00:00-00:00","SP15","Wind","Renewable Forecast Actual Generation","RENEW_FCST_ACT_MW",3,1,1192.32453,"ACTUAL",4
"79","2019-02-20",17,0,"2019-02-21T00:00:00-00:00","2019-02-21T01:00:00-00:00","SP15","Wind","Renewable Forecast Actual Generation","RENEW_FCST_ACT_MW",3,1,1496.10958,"ACTUAL",4
"80","2019-02-20",16,0,"2019-02-20T23:00:00-00:00","2019-02-21T00:00:00-00:00","SP15","Wind","Renewable Forecast Actual Generation","RENEW_FCST_ACT_MW",3,1,1540.01129,"ACTUAL",4
"81","2019-02-20",15,0,"2019-02-20T22:00:00-00:00","2019-02-20T23:00:00-00:00","SP15","Wind","Renewable Forecast Actual Generation","RENEW_FCST_ACT_MW",3,1,1822.45313,"ACTUAL",4
"82","2019-02-20",14,0,"2019-02-20T21:00:00-00:00","2019-02-20T22:00:00-00:00","SP15","Wind","Renewable Forecast Actual Generation","RENEW_FCST_ACT_MW",3,1,2086.87116,"ACTUAL",4
"83","2019-02-20",13,0,"2019-02-20T20:00:00-00:00","2019-02-20T21:00:00-00:00","SP15","Wind","Renewable Forecast Actual Generation","RENEW_FCST_ACT_MW",3,1,2130.65811,"ACTUAL",4
"84","2019-02-20",12,0,"2019-02-20T19:00:00-00:00","2019-02-20T20:00:00-00:00","SP15","Wind","Renewable Forecast Actual Generation","RENEW_FCST_ACT_MW",3,1,1858.40957,"ACTUAL",4
"85","2019-02-20",11,0,"2019-02-20T18:00:00-00:00","2019-02-20T19:00:00-00:00","SP15","Wind","Renewable Forecast Actual Generation","RENEW_FCST_ACT_MW",3,1,1963.35453,"ACTUAL",4
"86","2019-02-20",10,0,"2019-02-20T17:00:00-00:00","2019-02-20T18:00:00-00:00","SP15","Wind","Renewable Forecast Actual Generation","RENEW_FCST_ACT_MW",3,1,1896.60832,"ACTUAL",4
"87","2019-02-20",9,0,"2019-02-20T16:00:00-00:00","2019-02-20T17:00:00-00:00","SP15","Wind","Renewable Forecast Actual Generation","RENEW_FCST_ACT_MW",3,1,1735.69358,"ACTUAL",4
"88","2019-02-20",8,0,"2019-02-20T15:00:00-00:00","2019-02-20T16:00:00-00:00","SP15","Wind","Renewable Forecast Actual Generation","RENEW_FCST_ACT_MW",3,1,1567.97413,"ACTUAL",4
"89","2019-02-20",7,0,"2019-02-20T14:00:00-00:00","2019-02-20T15:00:00-00:00","SP15","Wind","Renewable Forecast Actual Generation","RENEW_FCST_ACT_MW",3,1,1372.17642,"ACTUAL",4
"90","2019-02-20",6,0,"2019-02-20T13:00:00-00:00","2019-02-20T14:00:00-00:00","SP15","Wind","Renewable Forecast Actual Generation","RENEW_FCST_ACT_MW",3,1,1182.43218,"ACTUAL",4
"91","2019-02-20",5,0,"2019-02-20T12:00:00-00:00","2019-02-20T13:00:00-00:00","SP15","Wind","Renewable Forecast Actual Generation","RENEW_FCST_ACT_MW",3,1,1320.04918,"ACTUAL",4
"92","2019-02-20",4,0,"2019-02-20T11:00:00-00:00","2019-02-20T12:00:00-00:00","SP15","Wind","Renewable Forecast Actual Generation","RENEW_FCST_ACT_MW",3,1,1939.89527,"ACTUAL",4
"93","2019-02-20",3,0,"2019-02-20T10:00:00-00:00","2019-02-20T11:00:00-00:00","SP15","Wind","Renewable Forecast Actual Generation","RENEW_FCST_ACT_MW",3,1,1964.65956,"ACTUAL",4
"94","2019-02-20",2,0,"2019-02-20T09:00:00-00:00","2019-02-20T10:00:00-00:00","SP15","Wind","Renewable Forecast Actual Generation","RENEW_FCST_ACT_MW",3,1,1726.78453,"ACTUAL",4
"95","2019-02-20",24,0,"2019-02-21T07:00:00-00:00","2019-02-21T08:00:00-00:00","SP15","Wind","Renewable Forecast Actual Generation","RENEW_FCST_ACT_MW",3,1,798.74336,"ACTUAL",4
"96","2019-02-20",1,0,"2019-02-20T08:00:00-00:00","2019-02-20T09:00:00-00:00","SP15","Wind","Renewable Forecast Actual Generation","RENEW_FCST_ACT_MW",3,1,1835.4004,"ACTUAL",4
"97","2019-02-20",1,0,"2019-02-20T08:00:00-00:00","2019-02-20T09:00:00-00:00","ZP26","Solar","Renewable Forecast Actual Generation","RENEW_FCST_ACT_MW",3,3,-4.20964,"ACTUAL",5
"98","2019-02-20",24,0,"2019-02-21T07:00:00-00:00","2019-02-21T08:00:00-00:00","ZP26","Solar","Renewable Forecast Actual Generation","RENEW_FCST_ACT_MW",3,3,-4.02748,"ACTUAL",5
"99","2019-02-20",3,0,"2019-02-20T10:00:00-00:00","2019-02-20T11:00:00-00:00","ZP26","Solar","Renewable Forecast Actual Generation","RENEW_FCST_ACT_MW",3,3,-4.20693,"ACTUAL",5
"100","2019-02-20",4,0,"2019-02-20T11:00:00-00:00","2019-02-20T12:00:00-00:00","ZP26","Solar","Renewable Forecast Actual Generation","RENEW_FCST_ACT_MW",3,3,-4.57254,"ACTUAL",5
"101","2019-02-20",5,0,"2019-02-20T12:00:00-00:00","2019-02-20T13:00:00-00:00","ZP26","Solar","Renewable Forecast Actual Generation","RENEW_FCST_ACT_MW",3,3,-4.56591,"ACTUAL",5
"102","2019-02-20",6,0,"2019-02-20T13:00:00-00:00","2019-02-20T14:00:00-00:00","ZP26","Solar","Renewable Forecast Actual Generation","RENEW_FCST_ACT_MW",3,3,-4.58941,"ACTUAL",5
"103","2019-02-20",7,0,"2019-02-20T14:00:00-00:00","2019-02-20T15:00:00-00:00","ZP26","Solar","Renewable Forecast Actual Generation","RENEW_FCST_ACT_MW",3,3,1.01751,"ACTUAL",5
"104","2019-02-20",8,0,"2019-02-20T15:00:00-00:00","2019-02-20T16:00:00-00:00","ZP26","Solar","Renewable Forecast Actual Generation","RENEW_FCST_ACT_MW",3,3,154.09502,"ACTUAL",5
"105","2019-02-20",9,0,"2019-02-20T16:00:00-00:00","2019-02-20T17:00:00-00:00","ZP26","Solar","Renewable Forecast Actual Generation","RENEW_FCST_ACT_MW",3,3,277.42841,"ACTUAL",5
"106","2019-02-20",10,0,"2019-02-20T17:00:00-00:00","2019-02-20T18:00:00-00:00","ZP26","Solar","Renewable Forecast Actual Generation","RENEW_FCST_ACT_MW",3,3,543.76243,"ACTUAL",5
"107","2019-02-20",11,0,"2019-02-20T18:00:00-00:00","2019-02-20T19:00:00-00:00","ZP26","Solar","Renewable Forecast Actual Generation","RENEW_FCST_ACT_MW",3,3,904.11349,"ACTUAL",5
"108","2019-02-20",12,0,"2019-02-20T19:00:00-00:00","2019-02-20T20:00:00-00:00","ZP26","Solar","Renewable Forecast Actual Generation","RENEW_FCST_ACT_MW",3,3,872.47045,"ACTUAL",5
"109","2019-02-20",13,0,"2019-02-20T20:00:00-00:00","2019-02-20T21:00:00-00:00","ZP26","Solar","Renewable Forecast Actual Generation","RENEW_FCST_ACT_MW",3,3,1019.80003,"ACTUAL",5
"110","2019-02-20",14,0,"2019-02-20T21:00:00-00:00","2019-02-20T22:00:00-00:00","ZP26","Solar","Renewable Forecast Actual Generation","RENEW_FCST_ACT_MW",3,3,971.28961,"ACTUAL",5
"111","2019-02-20",15,0,"2019-02-20T22:00:00-00:00","2019-02-20T23:00:00-00:00","ZP26","Solar","Renewable Forecast Actual Generation","RENEW_FCST_ACT_MW",3,3,535.89995,"ACTUAL",5
"112","2019-02-20",16,0,"2019-02-20T23:00:00-00:00","2019-02-21T00:00:00-00:00","ZP26","Solar","Renewable Forecast Actual Generation","RENEW_FCST_ACT_MW",3,3,409.69468,"ACTUAL",5
"113","2019-02-20",17,0,"2019-02-21T00:00:00-00:00","2019-02-21T01:00:00-00:00","ZP26","Solar","Renewable Forecast Actual Generation","RENEW_FCST_ACT_MW",3,3,156.20385,"ACTUAL",5
"114","2019-02-20",18,0,"2019-02-21T01:00:00-00:00","2019-02-21T02:00:00-00:00","ZP26","Solar","Renewable Forecast Actual Generation","RENEW_FCST_ACT_MW",3,3,22.27162,"ACTUAL",5
"115","2019-02-20",19,0,"2019-02-21T02:00:00-00:00","2019-02-21T03:00:00-00:00","ZP26","Solar","Renewable Forecast Actual Generation","RENEW_FCST_ACT_MW",3,3,-4.18713,"ACTUAL",5
"116","2019-02-20",20,0,"2019-02-21T03:00:00-00:00","2019-02-21T04:00:00-00:00","ZP26","Solar","Renewable Forecast Actual Generation","RENEW_FCST_ACT_MW",3,3,-4.1024,"ACTUAL",5
"117","2019-02-20",21,0,"2019-02-21T04:00:00-00:00","2019-02-21T05:00:00-00:00","ZP26","Solar","Renewable Forecast Actual Generation","RENEW_FCST_ACT_MW",3,3,-4.04717,"ACTUAL",5
"118","2019-02-20",22,0,"2019-02-21T05:00:00-00:00","2019-02-21T06:00:00-00:00","ZP26","Solar","Renewable Forecast Actual Generation","RENEW_FCST_ACT_MW",3,3,-4.05094,"ACTUAL",5
"119","2019-02-20",23,0,"2019-02-21T06:00:00-00:00","2019-02-21T07:00:00-00:00","ZP26","Solar","Renewable Forecast Actual Generation","RENEW_FCST_ACT_MW",3,3,-4.07735,"ACTUAL",5
"120","2019-02-20",2,0,"2019-02-20T09:00:00-00:00","2019-02-20T10:00:00-00:00","ZP26","Solar","Renewable Forecast Actual Generation","RENEW_FCST_ACT_MW",3,3,-4.20494,"ACTUAL",5
