"","OPR_DT","OPR_HR","OPR_INTERVAL","INTERVALSTARTTIME_GMT","INTERVALENDTIME_GMT","TRADING_HUB","RENEWABLE_TYPE","LABEL","XML_DATA_ITEM","MARKET_RUN_ID_POS","RENEW_POS","MW","MARKET_RUN_ID","GROUP"
"1","2019-01-24",1,0,"2019-01-24T08:00:00-00:00","2019-01-24T09:00:00-00:00","NP15","Solar","Renewable Forecast Actual Generation","RENEW_FCST_ACT_MW",3,3,-2.88646,"ACTUAL",1
"2","2019-01-24",2,0,"2019-01-24T09:00:00-00:00","2019-01-24T10:00:00-00:00","NP15","Solar","Renewable Forecast Actual Generation","RENEW_FCST_ACT_MW",3,3,-2.91198,"ACTUAL",1
"3","2019-01-24",3,0,"2019-01-24T10:00:00-00:00","2019-01-24T11:00:00-00:00","NP15","Solar","Renewable Forecast Actual Generation","RENEW_FCST_ACT_MW",3,3,-2.93069,"ACTUAL",1
"4","2019-01-24",4,0,"2019-01-24T11:00:00-00:00","2019-01-24T12:00:00-00:00","NP15","Solar","Renewable Forecast Actual Generation","RENEW_FCST_ACT_MW",3,3,-2.91956,"ACTUAL",1
"5","2019-01-24",5,0,"2019-01-24T12:00:00-00:00","2019-01-24T13:00:00-00:00","NP15","Solar","Renewable Forecast Actual Generation","RENEW_FCST_ACT_MW",3,3,-3.33657,"ACTUAL",1
"6","2019-01-24",6,0,"2019-01-24T13:00:00-00:00","2019-01-24T14:00:00-00:00","NP15","Solar","Renewable Forecast Actual Generation","RENEW_FCST_ACT_MW",3,3,-3.34023,"ACTUAL",1
"7","2019-01-24",7,0,"2019-01-24T14:00:00-00:00","2019-01-24T15:00:00-00:00","NP15","Solar","Renewable Forecast Actual Generation","RENEW_FCST_ACT_MW",3,3,-3.40138,"ACTUAL",1
"8","2019-01-24",8,0,"2019-01-24T15:00:00-00:00","2019-01-24T16:00:00-00:00","NP15","Solar","Renewable Forecast Actual Generation","RENEW_FCST_ACT_MW",3,3,79.35009,"ACTUAL",1
"9","2019-01-24",9,0,"2019-01-24T16:00:00-00:00","2019-01-24T17:00:00-00:00","NP15","Solar","Renewable Forecast Actual Generation","RENEW_FCST_ACT_MW",3,3,658.9742,"ACTUAL",1
"10","2019-01-24",10,0,"2019-01-24T17:00:00-00:00","2019-01-24T18:00:00-00:00","NP15","Solar","Renewable Forecast Actual Generation","RENEW_FCST_ACT_MW",3,3,1020.51108,"ACTUAL",1
"11","2019-01-24",11,0,"2019-01-24T18:00:00-00:00","2019-01-24T19:00:00-00:00","NP15","Solar","Renewable Forecast Actual Generation","RENEW_FCST_ACT_MW",3,3,1066.70109,"ACTUAL",1
"12","2019-01-24",12,0,"2019-01-24T19:00:00-00:00","2019-01-24T20:00:00-00:00","NP15","Solar","Renewable Forecast Actual Generation","RENEW_FCST_ACT_MW",3,3,1006.12912,"ACTUAL",1
"13","2019-01-24",13,0,"2019-01-24T20:00:00-00:00","2019-01-24T21:00:00-00:00","NP15","Solar","Renewable Forecast Actual Generation","RENEW_FCST_ACT_MW",3,3,990.46045,"ACTUAL",1
"14","2019-01-24",14,0,"2019-01-24T21:00:00-00:00","2019-01-24T22:00:00-00:00","NP15","Solar","Renewable Forecast Actual Generation","RENEW_FCST_ACT_MW",3,3,1042.98754,"ACTUAL",1
"15","2019-01-24",15,0,"2019-01-24T22:00:00-00:00","2019-01-24T23:00:00-00:00","NP15","Solar","Renewable Forecast Actual Generation","RENEW_FCST_ACT_MW",3,3,1075.60203,"ACTUAL",1
"16","2019-01-24",16,0,"2019-01-24T23:00:00-00:00","2019-01-25T00:00:00-00:00","NP15","Solar","Renewable Forecast Actual Generation","RENEW_FCST_ACT_MW",3,3,932.64699,"ACTUAL",1
"17","2019-01-24",17,0,"2019-01-25T00:00:00-00:00","2019-01-25T01:00:00-00:00","NP15","Solar","Renewable Forecast Actual Generation","RENEW_FCST_ACT_MW",3,3,319.96486,"ACTUAL",1
"18","2019-01-24",18,0,"2019-01-25T01:00:00-00:00","2019-01-25T02:00:00-00:00","NP15","Solar","Renewable Forecast Actual Generation","RENEW_FCST_ACT_MW",3,3,1.4553,"ACTUAL",1
"19","2019-01-24",19,0,"2019-01-25T02:00:00-00:00","2019-01-25T03:00:00-00:00","NP15","Solar","Renewable Forecast Actual Generation","RENEW_FCST_ACT_MW",3,3,-2.51147,"ACTUAL",1
"20","2019-01-24",20,0,"2019-01-25T03:00:00-00:00","2019-01-25T04:00:00-00:00","NP15","Solar","Renewable Forecast Actual Generation","RENEW_FCST_ACT_MW",3,3,-2.59146,"ACTUAL",1
"21","2019-01-24",21,0,"2019-01-25T04:00:00-00:00","2019-01-25T05:00:00-00:00","NP15","Solar","Renewable Forecast Actual Generation","RENEW_FCST_ACT_MW",3,3,-2.67206,"ACTUAL",1
"22","2019-01-24",22,0,"2019-01-25T05:00:00-00:00","2019-01-25T06:00:00-00:00","NP15","Solar","Renewable Forecast Actual Generation","RENEW_FCST_ACT_MW",3,3,-2.68056,"ACTUAL",1
"23","2019-01-24",23,0,"2019-01-25T06:00:00-00:00","2019-01-25T07:00:00-00:00","NP15","Solar","Renewable Forecast Actual Generation","RENEW_FCST_ACT_MW",3,3,-2.69843,"ACTUAL",1
"24","2019-01-24",24,0,"2019-01-25T07:00:00-00:00","2019-01-25T08:00:00-00:00","NP15","Solar","Renewable Forecast Actual Generation","RENEW_FCST_ACT_MW",3,3,-2.69715,"ACTUAL",1
"25","2019-01-24",1,0,"2019-01-24T08:00:00-00:00","2019-01-24T09:00:00-00:00","NP15","Wind","Renewable Forecast Actual Generation","RENEW_FCST_ACT_MW",3,1,83.36428,"ACTUAL",2
"26","2019-01-24",24,0,"2019-01-25T07:00:00-00:00","2019-01-25T08:00:00-00:00","NP15","Wind","Renewable Forecast Actual Generation","RENEW_FCST_ACT_MW",3,1,34.36643,"ACTUAL",2
"27","2019-01-24",3,0,"2019-01-24T10:00:00-00:00","2019-01-24T11:00:00-00:00","NP15","Wind","Renewable Forecast Actual Generation","RENEW_FCST_ACT_MW",3,1,74.12339,"ACTUAL",2
"28","2019-01-24",4,0,"2019-01-24T11:00:00-00:00","2019-01-24T12:00:00-00:00","NP15","Wind","Renewable Forecast Actual Generation","RENEW_FCST_ACT_MW",3,1,80.28043,"ACTUAL",2
"29","2019-01-24",5,0,"2019-01-24T12:00:00-00:00","2019-01-24T13:00:00-00:00","NP15","Wind","Renewable Forecast Actual Generation","RENEW_FCST_ACT_MW",3,1,82.44734,"ACTUAL",2
"30","2019-01-24",6,0,"2019-01-24T13:00:00-00:00","2019-01-24T14:00:00-00:00","NP15","Wind","Renewable Forecast Actual Generation","RENEW_FCST_ACT_MW",3,1,92.81983,"ACTUAL",2
"31","2019-01-24",7,0,"2019-01-24T14:00:00-00:00","2019-01-24T15:00:00-00:00","NP15","Wind","Renewable Forecast Actual Generation","RENEW_FCST_ACT_MW",3,1,90.69752,"ACTUAL",2
"32","2019-01-24",8,0,"2019-01-24T15:00:00-00:00","2019-01-24T16:00:00-00:00","NP15","Wind","Renewable Forecast Actual Generation","RENEW_FCST_ACT_MW",3,1,109.04147,"ACTUAL",2
"33","2019-01-24",9,0,"2019-01-24T16:00:00-00:00","2019-01-24T17:00:00-00:00","NP15","Wind","Renewable Forecast Actual Generation","RENEW_FCST_ACT_MW",3,1,97.39407,"ACTUAL",2
"34","2019-01-24",10,0,"2019-01-24T17:00:00-00:00","2019-01-24T18:00:00-00:00","NP15","Wind","Renewable Forecast Actual Generation","RENEW_FCST_ACT_MW",3,1,116.2642,"ACTUAL",2
"35","2019-01-24",11,0,"2019-01-24T18:00:00-00:00","2019-01-24T19:00:00-00:00","NP15","Wind","Renewable Forecast Actual Generation","RENEW_FCST_ACT_MW",3,1,265.49439,"ACTUAL",2
"36","2019-01-24",12,0,"2019-01-24T19:00:00-00:00","2019-01-24T20:00:00-00:00","NP15","Wind","Renewable Forecast Actual Generation","RENEW_FCST_ACT_MW",3,1,339.1257,"ACTUAL",2
"37","2019-01-24",13,0,"2019-01-24T20:00:00-00:00","2019-01-24T21:00:00-00:00","NP15","Wind","Renewable Forecast Actual Generation","RENEW_FCST_ACT_MW",3,1,228.83088,"ACTUAL",2
"38","2019-01-24",14,0,"2019-01-24T21:00:00-00:00","2019-01-24T22:00:00-00:00","NP15","Wind","Renewable Forecast Actual Generation","RENEW_FCST_ACT_MW",3,1,86.11405,"ACTUAL",2
"39","2019-01-24",15,0,"2019-01-24T22:00:00-00:00","2019-01-24T23:00:00-00:00","NP15","Wind","Renewable Forecast Actual Generation","RENEW_FCST_ACT_MW",3,1,78.23143,"ACTUAL",2
"40","2019-01-24",16,0,"2019-01-24T23:00:00-00:00","2019-01-25T00:00:00-00:00","NP15","Wind","Renewable Forecast Actual Generation","RENEW_FCST_ACT_MW",3,1,72.56048,"ACTUAL",2
"41","2019-01-24",17,0,"2019-01-25T00:00:00-00:00","2019-01-25T01:00:00-00:00","NP15","Wind","Renewable Forecast Actual Generation","RENEW_FCST_ACT_MW",3,1,52.04627,"ACTUAL",2
"42","2019-01-24",18,0,"2019-01-25T01:00:00-00:00","2019-01-25T02:00:00-00:00","NP15","Wind","Renewable Forecast Actual Generation","RENEW_FCST_ACT_MW",3,1,55.28694,"ACTUAL",2
"43","2019-01-24",19,0,"2019-01-25T02:00:00-00:00","2019-01-25T03:00:00-00:00","NP15","Wind","Renewable Forecast Actual Generation","RENEW_FCST_ACT_MW",3,1,72.15494,"ACTUAL",2
"44","2019-01-24",20,0,"2019-01-25T03:00:00-00:00","2019-01-25T04:00:00-00:00","NP15","Wind","Renewable Forecast Actual Generation","RENEW_FCST_ACT_MW",3,1,81.5868,"ACTUAL",2
"45","2019-01-24",21,0,"2019-01-25T04:00:00-00:00","2019-01-25T05:00:00-00:00","NP15","Wind","Renewable Forecast Actual Generation","RENEW_FCST_ACT_MW",3,1,58.17907,"ACTUAL",2
"46","2019-01-24",22,0,"2019-01-25T05:00:00-00:00","2019-01-25T06:00:00-00:00","NP15","Wind","Renewable Forecast Actual Generation","RENEW_FCST_ACT_MW",3,1,36.39374,"ACTUAL",2
"47","2019-01-24",23,0,"2019-01-25T06:00:00-00:00","2019-01-25T07:00:00-00:00","NP15","Wind","Renewable Forecast Actual Generation","RENEW_FCST_ACT_MW",3,1,40.59832,"ACTUAL",2
"48","2019-01-24",2,0,"2019-01-24T09:00:00-00:00","2019-01-24T10:00:00-00:00","NP15","Wind","Renewable Forecast Actual Generation","RENEW_FCST_ACT_MW",3,1,76.32917,"ACTUAL",2
"49","2019-01-24",24,0,"2019-01-25T07:00:00-00:00","2019-01-25T08:00:00-00:00","SP15","Solar","Renewable Forecast Actual Generation","RENEW_FCST_ACT_MW",3,3,-8.80139,"ACTUAL",3
"50","2019-01-24",2,0,"2019-01-24T09:00:00-00:00","2019-01-24T10:00:00-00:00","SP15","Solar","Renewable Forecast Actual Generation","RENEW_FCST_ACT_MW",3,3,-9.28383,"ACTUAL",3
"51","2019-01-24",23,0,"2019-01-25T06:00:00-00:00","2019-01-25T07:00:00-00:00","SP15","Solar","Renewable Forecast Actual Generation","RENEW_FCST_ACT_MW",3,3,-7.42005,"ACTUAL",3
"52","2019-01-24",6,0,"2019-01-24T13:00:00-00:00","2019-01-24T14:00:00-00:00","SP15","Solar","Renewable Forecast Actual Generation","RENEW_FCST_ACT_MW",3,3,-8.62719,"ACTUAL",3
"53","2019-01-24",22,0,"2019-01-25T05:00:00-00:00","2019-01-25T06:00:00-00:00","SP15","Solar","Renewable Forecast Actual Generation","RENEW_FCST_ACT_MW",3,3,-6.763,"ACTUAL",3
"54","2019-01-24",11,0,"2019-01-24T18:00:00-00:00","2019-01-24T19:00:00-00:00","SP15","Solar","Renewable Forecast Actual Generation","RENEW_FCST_ACT_MW",3,3,5591.55585,"ACTUAL",3
"55","2019-01-24",21,0,"2019-01-25T04:00:00-00:00","2019-01-25T05:00:00-00:00","SP15","Solar","Renewable Forecast Actual Generation","RENEW_FCST_ACT_MW",3,3,-7.2026,"ACTUAL",3
"56","2019-01-24",3,0,"2019-01-24T10:00:00-00:00","2019-01-24T11:00:00-00:00","SP15","Solar","Renewable Forecast Actual Generation","RENEW_FCST_ACT_MW",3,3,-9.66489,"ACTUAL",3
"57","2019-01-24",20,0,"2019-01-25T03:00:00-00:00","2019-01-25T04:00:00-00:00","SP15","Solar","Renewable Forecast Actual Generation","RENEW_FCST_ACT_MW",3,3,-7.46196,"ACTUAL",3
"58","2019-01-24",10,0,"2019-01-24T17:00:00-00:00","2019-01-24T18:00:00-00:00","SP15","Solar","Renewable Forecast Actual Generation","RENEW_FCST_ACT_MW",3,3,5308.71274,"ACTUAL",3
"59","2019-01-24",19,0,"2019-01-25T02:00:00-00:00","2019-01-25T03:00:00-00:00","SP15","Solar","Renewable Forecast Actual Generation","RENEW_FCST_ACT_MW",3,3,-6.65537,"ACTUAL",3
"60","2019-01-24",5,0,"2019-01-24T12:00:00-00:00","2019-01-24T13:00:00-00:00","SP15","Solar","Renewable Forecast Actual Generation","RENEW_FCST_ACT_MW",3,3,-8.2426,"ACTUAL",3
"61","2019-01-24",18,0,"2019-01-25T01:00:00-00:00","2019-01-25T02:00:00-00:00","SP15","Solar","Renewable Forecast Actual Generation","RENEW_FCST_ACT_MW",3,3,72.00096,"ACTUAL",3
"62","2019-01-24",9,0,"2019-01-24T16:00:00-00:00","2019-01-24T17:00:00-00:00","SP15","Solar","Renewable Forecast Actual Generation","RENEW_FCST_ACT_MW",3,3,3820.37183,"ACTUAL",3
"63","2019-01-24",17,0,"2019-01-25T00:00:00-00:00","2019-01-25T01:00:00-00:00","SP15","Solar","Renewable Forecast Actual Generation","RENEW_FCST_ACT_MW",3,3,1196.80284,"ACTUAL",3
"64","2019-01-24",1,0,"2019-01-24T08:00:00-00:00","2019-01-24T09:00:00-00:00","SP15","Solar","Renewable Forecast Actual Generation","RENEW_FCST_ACT_MW",3,3,-8.43092,"ACTUAL",3
"65","2019-01-24",16,0,"2019-01-24T23:00:00-00:00","2019-01-25T00:00:00-00:00","SP15","Solar","Renewable Forecast Actual Generation","RENEW_FCST_ACT_MW",3,3,3850.21465,"ACTUAL",3
"66","2019-01-24",8,0,"2019-01-24T15:00:00-00:00","2019-01-24T16:00:00-00:00","SP15","Solar","Renewable Forecast Actual Generation","RENEW_FCST_ACT_MW",3,3,1071.92783,"ACTUAL",3
"67","2019-01-24",15,0,"2019-01-24T22:00:00-00:00","2019-01-24T23:00:00-00:00","SP15","Solar","Renewable Forecast Actual Generation","RENEW_FCST_ACT_MW",3,3,5150.10397,"ACTUAL",3
"68","2019-01-24",4,0,"2019-01-24T11:00:00-00:00","2019-01-24T12:00:00-00:00","SP15","Solar","Renewable Forecast Actual Generation","RENEW_FCST_ACT_MW",3,3,-8.54822,"ACTUAL",3
"69","2019-01-24",14,0,"2019-01-24T21:00:00-00:00","2019-01-24T22:00:00-00:00","SP15","Solar","Renewable Forecast Actual Generation","RENEW_FCST_ACT_MW",3,3,5441.72677,"ACTUAL",3
"70","2019-01-24",7,0,"2019-01-24T14:00:00-00:00","2019-01-24T15:00:00-00:00","SP15","Solar","Renewable Forecast Actual Generation","RENEW_FCST_ACT_MW",3,3,5.77171,"ACTUAL",3
"71","2019-01-24",13,0,"2019-01-24T20:00:00-00:00","2019-01-24T21:00:00-00:00","SP15","Solar","Renewable Forecast Actual Generation","RENEW_FCST_ACT_MW",3,3,5583.1515,"ACTUAL",3
"72","2019-01-24",12,0,"2019-01-24T19:00:00-00:00","2019-01-24T20:00:00-00:00","SP15","Solar","Renewable Forecast Actual Generation","RENEW_FCST_ACT_MW",3,3,5551.51952,"ACTUAL",3
"73","2019-01-24",23,0,"2019-01-25T06:00:00-00:00","2019-01-25T07:00:00-00:00","SP15","Wind","Renewable Forecast Actual Generation","RENEW_FCST_ACT_MW",3,1,301.24252,"ACTUAL",4
"74","2019-01-24",22,0,"2019-01-25T05:00:00-00:00","2019-01-25T06:00:00-00:00","SP15","Wind","Renewable Forecast Actual Generation","RENEW_FCST_ACT_MW",3,1,246.33874,"ACTUAL",4
"75","2019-01-24",21,0,"2019-01-25T04:00:00-00:00","2019-01-25T05:00:00-00:00","SP15","Wind","Renewable Forecast Actual Generation","RENEW_FCST_ACT_MW",3,1,221.92606,"ACTUAL",4
"76","2019-01-24",20,0,"2019-01-25T03:00:00-00:00","2019-01-25T04:00:00-00:00","SP15","Wind","Renewable Forecast Actual Generation","RENEW_FCST_ACT_MW",3,1,220.18897,"ACTUAL",4
"77","2019-01-24",19,0,"2019-01-25T02:00:00-00:00","2019-01-25T03:00:00-00:00","SP15","Wind","Renewable Forecast Actual Generation","RENEW_FCST_ACT_MW",3,1,183.51088,"ACTUAL",4
"78","2019-01-24",18,0,"2019-01-25T01:00:00-00:00","2019-01-25T02:00:00-00:00","SP15","Wind","Renewable Forecast Actual Generation","RENEW_FCST_ACT_MW",3,1,172.80879,"ACTUAL",4
"79","2019-01-24",17,0,"2019-01-25T00:00:00-00:00","2019-01-25T01:00:00-00:00","SP15","Wind","Renewable Forecast Actual Generation","RENEW_FCST_ACT_MW",3,1,186.39118,"ACTUAL",4
"80","2019-01-24",16,0,"2019-01-24T23:00:00-00:00","2019-01-25T00:00:00-00:00","SP15","Wind","Renewable Forecast Actual Generation","RENEW_FCST_ACT_MW",3,1,276.46635,"ACTUAL",4
"81","2019-01-24",15,0,"2019-01-24T22:00:00-00:00","2019-01-24T23:00:00-00:00","SP15","Wind","Renewable Forecast Actual Generation","RENEW_FCST_ACT_MW",3,1,367.05379,"ACTUAL",4
"82","2019-01-24",14,0,"2019-01-24T21:00:00-00:00","2019-01-24T22:00:00-00:00","SP15","Wind","Renewable Forecast Actual Generation","RENEW_FCST_ACT_MW",3,1,436.03223,"ACTUAL",4
"83","2019-01-24",13,0,"2019-01-24T20:00:00-00:00","2019-01-24T21:00:00-00:00","SP15","Wind","Renewable Forecast Actual Generation","RENEW_FCST_ACT_MW",3,1,458.38704,"ACTUAL",4
"84","2019-01-24",12,0,"2019-01-24T19:00:00-00:00","2019-01-24T20:00:00-00:00","SP15","Wind","Renewable Forecast Actual Generation","RENEW_FCST_ACT_MW",3,1,487.76243,"ACTUAL",4
"85","2019-01-24",11,0,"2019-01-24T18:00:00-00:00","2019-01-24T19:00:00-00:00","SP15","Wind","Renewable Forecast Actual Generation","RENEW_FCST_ACT_MW",3,1,464.68015,"ACTUAL",4
"86","2019-01-24",10,0,"2019-01-24T17:00:00-00:00","2019-01-24T18:00:00-00:00","SP15","Wind","Renewable Forecast Actual Generation","RENEW_FCST_ACT_MW",3,1,409.20227,"ACTUAL",4
"87","2019-01-24",9,0,"2019-01-24T16:00:00-00:00","2019-01-24T17:00:00-00:00","SP15","Wind","Renewable Forecast Actual Generation","RENEW_FCST_ACT_MW",3,1,363.25067,"ACTUAL",4
"88","2019-01-24",8,0,"2019-01-24T15:00:00-00:00","2019-01-24T16:00:00-00:00","SP15","Wind","Renewable Forecast Actual Generation","RENEW_FCST_ACT_MW",3,1,340.69434,"ACTUAL",4
"89","2019-01-24",7,0,"2019-01-24T14:00:00-00:00","2019-01-24T15:00:00-00:00","SP15","Wind","Renewable Forecast Actual Generation","RENEW_FCST_ACT_MW",3,1,352.04744,"ACTUAL",4
"90","2019-01-24",6,0,"2019-01-24T13:00:00-00:00","2019-01-24T14:00:00-00:00","SP15","Wind","Renewable Forecast Actual Generation","RENEW_FCST_ACT_MW",3,1,333.76139,"ACTUAL",4
"91","2019-01-24",5,0,"2019-01-24T12:00:00-00:00","2019-01-24T13:00:00-00:00","SP15","Wind","Renewable Forecast Actual Generation","RENEW_FCST_ACT_MW",3,1,335.07775,"ACTUAL",4
"92","2019-01-24",4,0,"2019-01-24T11:00:00-00:00","2019-01-24T12:00:00-00:00","SP15","Wind","Renewable Forecast Actual Generation","RENEW_FCST_ACT_MW",3,1,308.79458,"ACTUAL",4
"93","2019-01-24",3,0,"2019-01-24T10:00:00-00:00","2019-01-24T11:00:00-00:00","SP15","Wind","Renewable Forecast Actual Generation","RENEW_FCST_ACT_MW",3,1,253.91926,"ACTUAL",4
"94","2019-01-24",2,0,"2019-01-24T09:00:00-00:00","2019-01-24T10:00:00-00:00","SP15","Wind","Renewable Forecast Actual Generation","RENEW_FCST_ACT_MW",3,1,128.79515,"ACTUAL",4
"95","2019-01-24",24,0,"2019-01-25T07:00:00-00:00","2019-01-25T08:00:00-00:00","SP15","Wind","Renewable Forecast Actual Generation","RENEW_FCST_ACT_MW",3,1,335.73224,"ACTUAL",4
"96","2019-01-24",1,0,"2019-01-24T08:00:00-00:00","2019-01-24T09:00:00-00:00","SP15","Wind","Renewable Forecast Actual Generation","RENEW_FCST_ACT_MW",3,1,103.83569,"ACTUAL",4
"97","2019-01-24",1,0,"2019-01-24T08:00:00-00:00","2019-01-24T09:00:00-00:00","ZP26","Solar","Renewable Forecast Actual Generation","RENEW_FCST_ACT_MW",3,3,-4.32272,"ACTUAL",5
"98","2019-01-24",24,0,"2019-01-25T07:00:00-00:00","2019-01-25T08:00:00-00:00","ZP26","Solar","Renewable Forecast Actual Generation","RENEW_FCST_ACT_MW",3,3,-3.76696,"ACTUAL",5
"99","2019-01-24",3,0,"2019-01-24T10:00:00-00:00","2019-01-24T11:00:00-00:00","ZP26","Solar","Renewable Forecast Actual Generation","RENEW_FCST_ACT_MW",3,3,-4.33259,"ACTUAL",5
"100","2019-01-24",4,0,"2019-01-24T11:00:00-00:00","2019-01-24T12:00:00-00:00","ZP26","Solar","Renewable Forecast Actual Generation","RENEW_FCST_ACT_MW",3,3,-4.79635,"ACTUAL",5
"101","2019-01-24",5,0,"2019-01-24T12:00:00-00:00","2019-01-24T13:00:00-00:00","ZP26","Solar","Renewable Forecast Actual Generation","RENEW_FCST_ACT_MW",3,3,-4.80006,"ACTUAL",5
"102","2019-01-24",6,0,"2019-01-24T13:00:00-00:00","2019-01-24T14:00:00-00:00","ZP26","Solar","Renewable Forecast Actual Generation","RENEW_FCST_ACT_MW",3,3,-4.79186,"ACTUAL",5
"103","2019-01-24",7,0,"2019-01-24T14:00:00-00:00","2019-01-24T15:00:00-00:00","ZP26","Solar","Renewable Forecast Actual Generation","RENEW_FCST_ACT_MW",3,3,-4.7044,"ACTUAL",5
"104","2019-01-24",8,0,"2019-01-24T15:00:00-00:00","2019-01-24T16:00:00-00:00","ZP26","Solar","Renewable Forecast Actual Generation","RENEW_FCST_ACT_MW",3,3,111.65599,"ACTUAL",5
"105","2019-01-24",9,0,"2019-01-24T16:00:00-00:00","2019-01-24T17:00:00-00:00","ZP26","Solar","Renewable Forecast Actual Generation","RENEW_FCST_ACT_MW",3,3,677.38438,"ACTUAL",5
"106","2019-01-24",10,0,"2019-01-24T17:00:00-00:00","2019-01-24T18:00:00-00:00","ZP26","Solar","Renewable Forecast Actual Generation","RENEW_FCST_ACT_MW",3,3,1144.46536,"ACTUAL",5
"107","2019-01-24",11,0,"2019-01-24T18:00:00-00:00","2019-01-24T19:00:00-00:00","ZP26","Solar","Renewable Forecast Actual Generation","RENEW_FCST_ACT_MW",3,3,1275.67687,"ACTUAL",5
"108","2019-01-24",12,0,"2019-01-24T19:00:00-00:00","2019-01-24T20:00:00-00:00","ZP26","Solar","Renewable Forecast Actual Generation","RENEW_FCST_ACT_MW",3,3,1311.83633,"ACTUAL",5
"109","2019-01-24",13,0,"2019-01-24T20:00:00-00:00","2019-01-24T21:00:00-00:00","ZP26","Solar","Renewable Forecast Actual Generation","RENEW_FCST_ACT_MW",3,3,1310.83901,"ACTUAL",5
"110","2019-01-24",14,0,"2019-01-24T21:00:00-00:00","2019-01-24T22:00:00-00:00","ZP26","Solar","Renewable Forecast Actual Generation","RENEW_FCST_ACT_MW",3,3,1310.29701,"ACTUAL",5
"111","2019-01-24",15,0,"2019-01-24T22:00:00-00:00","2019-01-24T23:00:00-00:00","ZP26","Solar","Renewable Forecast Actual Generation","RENEW_FCST_ACT_MW",3,3,1251.6657,"ACTUAL",5
"112","2019-01-24",16,0,"2019-01-24T23:00:00-00:00","2019-01-25T00:00:00-00:00","ZP26","Solar","Renewable Forecast Actual Generation","RENEW_FCST_ACT_MW",3,3,981.18911,"ACTUAL",5
"113","2019-01-24",17,0,"2019-01-25T00:00:00-00:00","2019-01-25T01:00:00-00:00","ZP26","Solar","Renewable Forecast Actual Generation","RENEW_FCST_ACT_MW",3,3,334.93861,"ACTUAL",5
"114","2019-01-24",18,0,"2019-01-25T01:00:00-00:00","2019-01-25T02:00:00-00:00","ZP26","Solar","Renewable Forecast Actual Generation","RENEW_FCST_ACT_MW",3,3,3.22881,"ACTUAL",5
"115","2019-01-24",19,0,"2019-01-25T02:00:00-00:00","2019-01-25T03:00:00-00:00","ZP26","Solar","Renewable Forecast Actual Generation","RENEW_FCST_ACT_MW",3,3,-3.75931,"ACTUAL",5
"116","2019-01-24",20,0,"2019-01-25T03:00:00-00:00","2019-01-25T04:00:00-00:00","ZP26","Solar","Renewable Forecast Actual Generation","RENEW_FCST_ACT_MW",3,3,-3.73925,"ACTUAL",5
"117","2019-01-24",21,0,"2019-01-25T04:00:00-00:00","2019-01-25T05:00:00-00:00","ZP26","Solar","Renewable Forecast Actual Generation","RENEW_FCST_ACT_MW",3,3,-3.7504,"ACTUAL",5
"118","2019-01-24",22,0,"2019-01-25T05:00:00-00:00","2019-01-25T06:00:00-00:00","ZP26","Solar","Renewable Forecast Actual Generation","RENEW_FCST_ACT_MW",3,3,-3.76103,"ACTUAL",5
"119","2019-01-24",23,0,"2019-01-25T06:00:00-00:00","2019-01-25T07:00:00-00:00","ZP26","Solar","Renewable Forecast Actual Generation","RENEW_FCST_ACT_MW",3,3,-3.77456,"ACTUAL",5
"120","2019-01-24",2,0,"2019-01-24T09:00:00-00:00","2019-01-24T10:00:00-00:00","ZP26","Solar","Renewable Forecast Actual Generation","RENEW_FCST_ACT_MW",3,3,-4.37744,"ACTUAL",5
