"","OPR_DT","OPR_HR","OPR_INTERVAL","INTERVALSTARTTIME_GMT","INTERVALENDTIME_GMT","TRADING_HUB","RENEWABLE_TYPE","LABEL","XML_DATA_ITEM","MARKET_RUN_ID_POS","RENEW_POS","MW","MARKET_RUN_ID","GROUP"
"1","2019-07-06",2,0,"2019-07-06T08:00:00-00:00","2019-07-06T09:00:00-00:00","NP15","Solar","Renewable Forecast Actual Generation","RENEW_FCST_ACT_MW",3,3,-2.78144,"ACTUAL",1
"2","2019-07-06",3,0,"2019-07-06T09:00:00-00:00","2019-07-06T10:00:00-00:00","NP15","Solar","Renewable Forecast Actual Generation","RENEW_FCST_ACT_MW",3,3,-2.76824,"ACTUAL",1
"3","2019-07-06",4,0,"2019-07-06T10:00:00-00:00","2019-07-06T11:00:00-00:00","NP15","Solar","Renewable Forecast Actual Generation","RENEW_FCST_ACT_MW",3,3,-2.78781,"ACTUAL",1
"4","2019-07-06",5,0,"2019-07-06T11:00:00-00:00","2019-07-06T12:00:00-00:00","NP15","Solar","Renewable Forecast Actual Generation","RENEW_FCST_ACT_MW",3,3,-2.77435,"ACTUAL",1
"5","2019-07-06",6,0,"2019-07-06T12:00:00-00:00","2019-07-06T13:00:00-00:00","NP15","Solar","Renewable Forecast Actual Generation","RENEW_FCST_ACT_MW",3,3,-2.2139,"ACTUAL",1
"6","2019-07-06",7,0,"2019-07-06T13:00:00-00:00","2019-07-06T14:00:00-00:00","NP15","Solar","Renewable Forecast Actual Generation","RENEW_FCST_ACT_MW",3,3,192.97353,"ACTUAL",1
"7","2019-07-06",8,0,"2019-07-06T14:00:00-00:00","2019-07-06T15:00:00-00:00","NP15","Solar","Renewable Forecast Actual Generation","RENEW_FCST_ACT_MW",3,3,847.36883,"ACTUAL",1
"8","2019-07-06",9,0,"2019-07-06T15:00:00-00:00","2019-07-06T16:00:00-00:00","NP15","Solar","Renewable Forecast Actual Generation","RENEW_FCST_ACT_MW",3,3,1229.70936,"ACTUAL",1
"9","2019-07-06",10,0,"2019-07-06T16:00:00-00:00","2019-07-06T17:00:00-00:00","NP15","Solar","Renewable Forecast Actual Generation","RENEW_FCST_ACT_MW",3,3,1297.09057,"ACTUAL",1
"10","2019-07-06",11,0,"2019-07-06T17:00:00-00:00","2019-07-06T18:00:00-00:00","NP15","Solar","Renewable Forecast Actual Generation","RENEW_FCST_ACT_MW",3,3,1330.72251,"ACTUAL",1
"11","2019-07-06",12,0,"2019-07-06T18:00:00-00:00","2019-07-06T19:00:00-00:00","NP15","Solar","Renewable Forecast Actual Generation","RENEW_FCST_ACT_MW",3,3,1354.79384,"ACTUAL",1
"12","2019-07-06",13,0,"2019-07-06T19:00:00-00:00","2019-07-06T20:00:00-00:00","NP15","Solar","Renewable Forecast Actual Generation","RENEW_FCST_ACT_MW",3,3,1347.12251,"ACTUAL",1
"13","2019-07-06",14,0,"2019-07-06T20:00:00-00:00","2019-07-06T21:00:00-00:00","NP15","Solar","Renewable Forecast Actual Generation","RENEW_FCST_ACT_MW",3,3,1372.02692,"ACTUAL",1
"14","2019-07-06",15,0,"2019-07-06T21:00:00-00:00","2019-07-06T22:00:00-00:00","NP15","Solar","Renewable Forecast Actual Generation","RENEW_FCST_ACT_MW",3,3,1355.68616,"ACTUAL",1
"15","2019-07-06",16,0,"2019-07-06T22:00:00-00:00","2019-07-06T23:00:00-00:00","NP15","Solar","Renewable Forecast Actual Generation","RENEW_FCST_ACT_MW",3,3,1344.92688,"ACTUAL",1
"16","2019-07-06",17,0,"2019-07-06T23:00:00-00:00","2019-07-07T00:00:00-00:00","NP15","Solar","Renewable Forecast Actual Generation","RENEW_FCST_ACT_MW",3,3,1300.64675,"ACTUAL",1
"17","2019-07-06",18,0,"2019-07-07T00:00:00-00:00","2019-07-07T01:00:00-00:00","NP15","Solar","Renewable Forecast Actual Generation","RENEW_FCST_ACT_MW",3,3,1162.70275,"ACTUAL",1
"18","2019-07-06",19,0,"2019-07-07T01:00:00-00:00","2019-07-07T02:00:00-00:00","NP15","Solar","Renewable Forecast Actual Generation","RENEW_FCST_ACT_MW",3,3,766.30984,"ACTUAL",1
"19","2019-07-06",20,0,"2019-07-07T02:00:00-00:00","2019-07-07T03:00:00-00:00","NP15","Solar","Renewable Forecast Actual Generation","RENEW_FCST_ACT_MW",3,3,234.79041,"ACTUAL",1
"20","2019-07-06",21,0,"2019-07-07T03:00:00-00:00","2019-07-07T04:00:00-00:00","NP15","Solar","Renewable Forecast Actual Generation","RENEW_FCST_ACT_MW",3,3,5.07318,"ACTUAL",1
"21","2019-07-06",22,0,"2019-07-07T04:00:00-00:00","2019-07-07T05:00:00-00:00","NP15","Solar","Renewable Forecast Actual Generation","RENEW_FCST_ACT_MW",3,3,-1.68694,"ACTUAL",1
"22","2019-07-06",23,0,"2019-07-07T05:00:00-00:00","2019-07-07T06:00:00-00:00","NP15","Solar","Renewable Forecast Actual Generation","RENEW_FCST_ACT_MW",3,3,-1.67103,"ACTUAL",1
"23","2019-07-06",24,0,"2019-07-07T06:00:00-00:00","2019-07-07T07:00:00-00:00","NP15","Solar","Renewable Forecast Actual Generation","RENEW_FCST_ACT_MW",3,3,-1.64654,"ACTUAL",1
"24","2019-07-06",18,0,"2019-07-07T00:00:00-00:00","2019-07-07T01:00:00-00:00","NP15","Wind","Renewable Forecast Actual Generation","RENEW_FCST_ACT_MW",3,1,770.4014,"ACTUAL",2
"25","2019-07-06",6,0,"2019-07-06T12:00:00-00:00","2019-07-06T13:00:00-00:00","NP15","Wind","Renewable Forecast Actual Generation","RENEW_FCST_ACT_MW",3,1,893.82621,"ACTUAL",2
"26","2019-07-06",17,0,"2019-07-06T23:00:00-00:00","2019-07-07T00:00:00-00:00","NP15","Wind","Renewable Forecast Actual Generation","RENEW_FCST_ACT_MW",3,1,607.34706,"ACTUAL",2
"27","2019-07-06",16,0,"2019-07-06T22:00:00-00:00","2019-07-06T23:00:00-00:00","NP15","Wind","Renewable Forecast Actual Generation","RENEW_FCST_ACT_MW",3,1,489.6834,"ACTUAL",2
"28","2019-07-06",15,0,"2019-07-06T21:00:00-00:00","2019-07-06T22:00:00-00:00","NP15","Wind","Renewable Forecast Actual Generation","RENEW_FCST_ACT_MW",3,1,385.92877,"ACTUAL",2
"29","2019-07-06",14,0,"2019-07-06T20:00:00-00:00","2019-07-06T21:00:00-00:00","NP15","Wind","Renewable Forecast Actual Generation","RENEW_FCST_ACT_MW",3,1,264.77556,"ACTUAL",2
"30","2019-07-06",13,0,"2019-07-06T19:00:00-00:00","2019-07-06T20:00:00-00:00","NP15","Wind","Renewable Forecast Actual Generation","RENEW_FCST_ACT_MW",3,1,250.20671,"ACTUAL",2
"31","2019-07-06",12,0,"2019-07-06T18:00:00-00:00","2019-07-06T19:00:00-00:00","NP15","Wind","Renewable Forecast Actual Generation","RENEW_FCST_ACT_MW",3,1,290.73346,"ACTUAL",2
"32","2019-07-06",11,0,"2019-07-06T17:00:00-00:00","2019-07-06T18:00:00-00:00","NP15","Wind","Renewable Forecast Actual Generation","RENEW_FCST_ACT_MW",3,1,315.76552,"ACTUAL",2
"33","2019-07-06",10,0,"2019-07-06T16:00:00-00:00","2019-07-06T17:00:00-00:00","NP15","Wind","Renewable Forecast Actual Generation","RENEW_FCST_ACT_MW",3,1,459.66977,"ACTUAL",2
"34","2019-07-06",9,0,"2019-07-06T15:00:00-00:00","2019-07-06T16:00:00-00:00","NP15","Wind","Renewable Forecast Actual Generation","RENEW_FCST_ACT_MW",3,1,485.62568,"ACTUAL",2
"35","2019-07-06",8,0,"2019-07-06T14:00:00-00:00","2019-07-06T15:00:00-00:00","NP15","Wind","Renewable Forecast Actual Generation","RENEW_FCST_ACT_MW",3,1,640.69291,"ACTUAL",2
"36","2019-07-06",7,0,"2019-07-06T13:00:00-00:00","2019-07-06T14:00:00-00:00","NP15","Wind","Renewable Forecast Actual Generation","RENEW_FCST_ACT_MW",3,1,799.38314,"ACTUAL",2
"37","2019-07-06",5,0,"2019-07-06T11:00:00-00:00","2019-07-06T12:00:00-00:00","NP15","Wind","Renewable Forecast Actual Generation","RENEW_FCST_ACT_MW",3,1,957.33384,"ACTUAL",2
"38","2019-07-06",4,0,"2019-07-06T10:00:00-00:00","2019-07-06T11:00:00-00:00","NP15","Wind","Renewable Forecast Actual Generation","RENEW_FCST_ACT_MW",3,1,969.48685,"ACTUAL",2
"39","2019-07-06",3,0,"2019-07-06T09:00:00-00:00","2019-07-06T10:00:00-00:00","NP15","Wind","Renewable Forecast Actual Generation","RENEW_FCST_ACT_MW",3,1,1120.86619,"ACTUAL",2
"40","2019-07-06",2,0,"2019-07-06T08:00:00-00:00","2019-07-06T09:00:00-00:00","NP15","Wind","Renewable Forecast Actual Generation","RENEW_FCST_ACT_MW",3,1,1223.41797,"ACTUAL",2
"41","2019-07-06",24,0,"2019-07-07T06:00:00-00:00","2019-07-07T07:00:00-00:00","NP15","Wind","Renewable Forecast Actual Generation","RENEW_FCST_ACT_MW",3,1,1264.331,"ACTUAL",2
"42","2019-07-06",23,0,"2019-07-07T05:00:00-00:00","2019-07-07T06:00:00-00:00","NP15","Wind","Renewable Forecast Actual Generation","RENEW_FCST_ACT_MW",3,1,1296.66643,"ACTUAL",2
"43","2019-07-06",22,0,"2019-07-07T04:00:00-00:00","2019-07-07T05:00:00-00:00","NP15","Wind","Renewable Forecast Actual Generation","RENEW_FCST_ACT_MW",3,1,1223.7919,"ACTUAL",2
"44","2019-07-06",21,0,"2019-07-07T03:00:00-00:00","2019-07-07T04:00:00-00:00","NP15","Wind","Renewable Forecast Actual Generation","RENEW_FCST_ACT_MW",3,1,1044.86619,"ACTUAL",2
"45","2019-07-06",20,0,"2019-07-07T02:00:00-00:00","2019-07-07T03:00:00-00:00","NP15","Wind","Renewable Forecast Actual Generation","RENEW_FCST_ACT_MW",3,1,865.14773,"ACTUAL",2
"46","2019-07-06",19,0,"2019-07-07T01:00:00-00:00","2019-07-07T02:00:00-00:00","NP15","Wind","Renewable Forecast Actual Generation","RENEW_FCST_ACT_MW",3,1,694.44904,"ACTUAL",2
"47","2019-07-06",6,0,"2019-07-06T12:00:00-00:00","2019-07-06T13:00:00-00:00","SP15","Solar","Renewable Forecast Actual Generation","RENEW_FCST_ACT_MW",3,3,3.93215,"ACTUAL",3
"48","2019-07-06",18,0,"2019-07-07T00:00:00-00:00","2019-07-07T01:00:00-00:00","SP15","Solar","Renewable Forecast Actual Generation","RENEW_FCST_ACT_MW",3,3,5469.10865,"ACTUAL",3
"49","2019-07-06",5,0,"2019-07-06T11:00:00-00:00","2019-07-06T12:00:00-00:00","SP15","Solar","Renewable Forecast Actual Generation","RENEW_FCST_ACT_MW",3,3,-5.90184,"ACTUAL",3
"50","2019-07-06",11,0,"2019-07-06T17:00:00-00:00","2019-07-06T18:00:00-00:00","SP15","Solar","Renewable Forecast Actual Generation","RENEW_FCST_ACT_MW",3,3,7134.89795,"ACTUAL",3
"51","2019-07-06",4,0,"2019-07-06T10:00:00-00:00","2019-07-06T11:00:00-00:00","SP15","Solar","Renewable Forecast Actual Generation","RENEW_FCST_ACT_MW",3,3,-5.50018,"ACTUAL",3
"52","2019-07-06",15,0,"2019-07-06T21:00:00-00:00","2019-07-06T22:00:00-00:00","SP15","Solar","Renewable Forecast Actual Generation","RENEW_FCST_ACT_MW",3,3,7336.173,"ACTUAL",3
"53","2019-07-06",3,0,"2019-07-06T09:00:00-00:00","2019-07-06T10:00:00-00:00","SP15","Solar","Renewable Forecast Actual Generation","RENEW_FCST_ACT_MW",3,3,-4.70844,"ACTUAL",3
"54","2019-07-06",10,0,"2019-07-06T16:00:00-00:00","2019-07-06T17:00:00-00:00","SP15","Solar","Renewable Forecast Actual Generation","RENEW_FCST_ACT_MW",3,3,6662.54605,"ACTUAL",3
"55","2019-07-06",2,0,"2019-07-06T08:00:00-00:00","2019-07-06T09:00:00-00:00","SP15","Solar","Renewable Forecast Actual Generation","RENEW_FCST_ACT_MW",3,3,-4.38627,"ACTUAL",3
"56","2019-07-06",13,0,"2019-07-06T19:00:00-00:00","2019-07-06T20:00:00-00:00","SP15","Solar","Renewable Forecast Actual Generation","RENEW_FCST_ACT_MW",3,3,7470.47612,"ACTUAL",3
"57","2019-07-06",24,0,"2019-07-07T06:00:00-00:00","2019-07-07T07:00:00-00:00","SP15","Solar","Renewable Forecast Actual Generation","RENEW_FCST_ACT_MW",3,3,-0.39061,"ACTUAL",3
"58","2019-07-06",9,0,"2019-07-06T15:00:00-00:00","2019-07-06T16:00:00-00:00","SP15","Solar","Renewable Forecast Actual Generation","RENEW_FCST_ACT_MW",3,3,5770.07533,"ACTUAL",3
"59","2019-07-06",23,0,"2019-07-07T05:00:00-00:00","2019-07-07T06:00:00-00:00","SP15","Solar","Renewable Forecast Actual Generation","RENEW_FCST_ACT_MW",3,3,-0.1039,"ACTUAL",3
"60","2019-07-06",16,0,"2019-07-06T22:00:00-00:00","2019-07-06T23:00:00-00:00","SP15","Solar","Renewable Forecast Actual Generation","RENEW_FCST_ACT_MW",3,3,7012.04354,"ACTUAL",3
"61","2019-07-06",22,0,"2019-07-07T04:00:00-00:00","2019-07-07T05:00:00-00:00","SP15","Solar","Renewable Forecast Actual Generation","RENEW_FCST_ACT_MW",3,3,3.11128,"ACTUAL",3
"62","2019-07-06",8,0,"2019-07-06T14:00:00-00:00","2019-07-06T15:00:00-00:00","SP15","Solar","Renewable Forecast Actual Generation","RENEW_FCST_ACT_MW",3,3,3804.64273,"ACTUAL",3
"63","2019-07-06",21,0,"2019-07-07T03:00:00-00:00","2019-07-07T04:00:00-00:00","SP15","Solar","Renewable Forecast Actual Generation","RENEW_FCST_ACT_MW",3,3,13.17355,"ACTUAL",3
"64","2019-07-06",12,0,"2019-07-06T18:00:00-00:00","2019-07-06T19:00:00-00:00","SP15","Solar","Renewable Forecast Actual Generation","RENEW_FCST_ACT_MW",3,3,7403.06632,"ACTUAL",3
"65","2019-07-06",20,0,"2019-07-07T02:00:00-00:00","2019-07-07T03:00:00-00:00","SP15","Solar","Renewable Forecast Actual Generation","RENEW_FCST_ACT_MW",3,3,697.09408,"ACTUAL",3
"66","2019-07-06",7,0,"2019-07-06T13:00:00-00:00","2019-07-06T14:00:00-00:00","SP15","Solar","Renewable Forecast Actual Generation","RENEW_FCST_ACT_MW",3,3,1029.00892,"ACTUAL",3
"67","2019-07-06",19,0,"2019-07-07T01:00:00-00:00","2019-07-07T02:00:00-00:00","SP15","Solar","Renewable Forecast Actual Generation","RENEW_FCST_ACT_MW",3,3,3266.0589,"ACTUAL",3
"68","2019-07-06",14,0,"2019-07-06T20:00:00-00:00","2019-07-06T21:00:00-00:00","SP15","Solar","Renewable Forecast Actual Generation","RENEW_FCST_ACT_MW",3,3,7451.69691,"ACTUAL",3
"69","2019-07-06",17,0,"2019-07-06T23:00:00-00:00","2019-07-07T00:00:00-00:00","SP15","Solar","Renewable Forecast Actual Generation","RENEW_FCST_ACT_MW",3,3,6469.28631,"ACTUAL",3
"70","2019-07-06",18,0,"2019-07-07T00:00:00-00:00","2019-07-07T01:00:00-00:00","SP15","Wind","Renewable Forecast Actual Generation","RENEW_FCST_ACT_MW",3,1,1197.79871,"ACTUAL",4
"71","2019-07-06",19,0,"2019-07-07T01:00:00-00:00","2019-07-07T02:00:00-00:00","SP15","Wind","Renewable Forecast Actual Generation","RENEW_FCST_ACT_MW",3,1,1602.1202,"ACTUAL",4
"72","2019-07-06",20,0,"2019-07-07T02:00:00-00:00","2019-07-07T03:00:00-00:00","SP15","Wind","Renewable Forecast Actual Generation","RENEW_FCST_ACT_MW",3,1,1842.8318,"ACTUAL",4
"73","2019-07-06",21,0,"2019-07-07T03:00:00-00:00","2019-07-07T04:00:00-00:00","SP15","Wind","Renewable Forecast Actual Generation","RENEW_FCST_ACT_MW",3,1,1856.48489,"ACTUAL",4
"74","2019-07-06",22,0,"2019-07-07T04:00:00-00:00","2019-07-07T05:00:00-00:00","SP15","Wind","Renewable Forecast Actual Generation","RENEW_FCST_ACT_MW",3,1,1870.61381,"ACTUAL",4
"75","2019-07-06",23,0,"2019-07-07T05:00:00-00:00","2019-07-07T06:00:00-00:00","SP15","Wind","Renewable Forecast Actual Generation","RENEW_FCST_ACT_MW",3,1,2129.91866,"ACTUAL",4
"76","2019-07-06",24,0,"2019-07-07T06:00:00-00:00","2019-07-07T07:00:00-00:00","SP15","Wind","Renewable Forecast Actual Generation","RENEW_FCST_ACT_MW",3,1,2306.90268,"ACTUAL",4
"77","2019-07-06",2,0,"2019-07-06T08:00:00-00:00","2019-07-06T09:00:00-00:00","SP15","Wind","Renewable Forecast Actual Generation","RENEW_FCST_ACT_MW",3,1,2450.28535,"ACTUAL",4
"78","2019-07-06",3,0,"2019-07-06T09:00:00-00:00","2019-07-06T10:00:00-00:00","SP15","Wind","Renewable Forecast Actual Generation","RENEW_FCST_ACT_MW",3,1,2313.36372,"ACTUAL",4
"79","2019-07-06",4,0,"2019-07-06T10:00:00-00:00","2019-07-06T11:00:00-00:00","SP15","Wind","Renewable Forecast Actual Generation","RENEW_FCST_ACT_MW",3,1,2108.71678,"ACTUAL",4
"80","2019-07-06",5,0,"2019-07-06T11:00:00-00:00","2019-07-06T12:00:00-00:00","SP15","Wind","Renewable Forecast Actual Generation","RENEW_FCST_ACT_MW",3,1,1723.2736,"ACTUAL",4
"81","2019-07-06",6,0,"2019-07-06T12:00:00-00:00","2019-07-06T13:00:00-00:00","SP15","Wind","Renewable Forecast Actual Generation","RENEW_FCST_ACT_MW",3,1,1599.84497,"ACTUAL",4
"82","2019-07-06",7,0,"2019-07-06T13:00:00-00:00","2019-07-06T14:00:00-00:00","SP15","Wind","Renewable Forecast Actual Generation","RENEW_FCST_ACT_MW",3,1,1365.44302,"ACTUAL",4
"83","2019-07-06",8,0,"2019-07-06T14:00:00-00:00","2019-07-06T15:00:00-00:00","SP15","Wind","Renewable Forecast Actual Generation","RENEW_FCST_ACT_MW",3,1,853.42782,"ACTUAL",4
"84","2019-07-06",9,0,"2019-07-06T15:00:00-00:00","2019-07-06T16:00:00-00:00","SP15","Wind","Renewable Forecast Actual Generation","RENEW_FCST_ACT_MW",3,1,378.93866,"ACTUAL",4
"85","2019-07-06",10,0,"2019-07-06T16:00:00-00:00","2019-07-06T17:00:00-00:00","SP15","Wind","Renewable Forecast Actual Generation","RENEW_FCST_ACT_MW",3,1,139.33507,"ACTUAL",4
"86","2019-07-06",11,0,"2019-07-06T17:00:00-00:00","2019-07-06T18:00:00-00:00","SP15","Wind","Renewable Forecast Actual Generation","RENEW_FCST_ACT_MW",3,1,128.86702,"ACTUAL",4
"87","2019-07-06",12,0,"2019-07-06T18:00:00-00:00","2019-07-06T19:00:00-00:00","SP15","Wind","Renewable Forecast Actual Generation","RENEW_FCST_ACT_MW",3,1,175.64892,"ACTUAL",4
"88","2019-07-06",13,0,"2019-07-06T19:00:00-00:00","2019-07-06T20:00:00-00:00","SP15","Wind","Renewable Forecast Actual Generation","RENEW_FCST_ACT_MW",3,1,278.68251,"ACTUAL",4
"89","2019-07-06",14,0,"2019-07-06T20:00:00-00:00","2019-07-06T21:00:00-00:00","SP15","Wind","Renewable Forecast Actual Generation","RENEW_FCST_ACT_MW",3,1,296.8612,"ACTUAL",4
"90","2019-07-06",15,0,"2019-07-06T21:00:00-00:00","2019-07-06T22:00:00-00:00","SP15","Wind","Renewable Forecast Actual Generation","RENEW_FCST_ACT_MW",3,1,290.77952,"ACTUAL",4
"91","2019-07-06",16,0,"2019-07-06T22:00:00-00:00","2019-07-06T23:00:00-00:00","SP15","Wind","Renewable Forecast Actual Generation","RENEW_FCST_ACT_MW",3,1,445.37056,"ACTUAL",4
"92","2019-07-06",17,0,"2019-07-06T23:00:00-00:00","2019-07-07T00:00:00-00:00","SP15","Wind","Renewable Forecast Actual Generation","RENEW_FCST_ACT_MW",3,1,866.28479,"ACTUAL",4
"93","2019-07-06",18,0,"2019-07-07T00:00:00-00:00","2019-07-07T01:00:00-00:00","ZP26","Solar","Renewable Forecast Actual Generation","RENEW_FCST_ACT_MW",3,3,1248.31292,"ACTUAL",5
"94","2019-07-06",17,0,"2019-07-06T23:00:00-00:00","2019-07-07T00:00:00-00:00","ZP26","Solar","Renewable Forecast Actual Generation","RENEW_FCST_ACT_MW",3,3,1502.12959,"ACTUAL",5
"95","2019-07-06",20,0,"2019-07-07T02:00:00-00:00","2019-07-07T03:00:00-00:00","ZP26","Solar","Renewable Forecast Actual Generation","RENEW_FCST_ACT_MW",3,3,193.48926,"ACTUAL",5
"96","2019-07-06",21,0,"2019-07-07T03:00:00-00:00","2019-07-07T04:00:00-00:00","ZP26","Solar","Renewable Forecast Actual Generation","RENEW_FCST_ACT_MW",3,3,-2.86547,"ACTUAL",5
"97","2019-07-06",22,0,"2019-07-07T04:00:00-00:00","2019-07-07T05:00:00-00:00","ZP26","Solar","Renewable Forecast Actual Generation","RENEW_FCST_ACT_MW",3,3,-5.4964,"ACTUAL",5
"98","2019-07-06",23,0,"2019-07-07T05:00:00-00:00","2019-07-07T06:00:00-00:00","ZP26","Solar","Renewable Forecast Actual Generation","RENEW_FCST_ACT_MW",3,3,-5.47774,"ACTUAL",5
"99","2019-07-06",24,0,"2019-07-07T06:00:00-00:00","2019-07-07T07:00:00-00:00","ZP26","Solar","Renewable Forecast Actual Generation","RENEW_FCST_ACT_MW",3,3,-5.39195,"ACTUAL",5
"100","2019-07-06",2,0,"2019-07-06T08:00:00-00:00","2019-07-06T09:00:00-00:00","ZP26","Solar","Renewable Forecast Actual Generation","RENEW_FCST_ACT_MW",3,3,-5.43938,"ACTUAL",5
"101","2019-07-06",3,0,"2019-07-06T09:00:00-00:00","2019-07-06T10:00:00-00:00","ZP26","Solar","Renewable Forecast Actual Generation","RENEW_FCST_ACT_MW",3,3,-5.45037,"ACTUAL",5
"102","2019-07-06",4,0,"2019-07-06T10:00:00-00:00","2019-07-06T11:00:00-00:00","ZP26","Solar","Renewable Forecast Actual Generation","RENEW_FCST_ACT_MW",3,3,-5.43081,"ACTUAL",5
"103","2019-07-06",5,0,"2019-07-06T11:00:00-00:00","2019-07-06T12:00:00-00:00","ZP26","Solar","Renewable Forecast Actual Generation","RENEW_FCST_ACT_MW",3,3,-5.46266,"ACTUAL",5
"104","2019-07-06",6,0,"2019-07-06T12:00:00-00:00","2019-07-06T13:00:00-00:00","ZP26","Solar","Renewable Forecast Actual Generation","RENEW_FCST_ACT_MW",3,3,-5.291,"ACTUAL",5
"105","2019-07-06",7,0,"2019-07-06T13:00:00-00:00","2019-07-06T14:00:00-00:00","ZP26","Solar","Renewable Forecast Actual Generation","RENEW_FCST_ACT_MW",3,3,160.24011,"ACTUAL",5
"106","2019-07-06",8,0,"2019-07-06T14:00:00-00:00","2019-07-06T15:00:00-00:00","ZP26","Solar","Renewable Forecast Actual Generation","RENEW_FCST_ACT_MW",3,3,750.44038,"ACTUAL",5
"107","2019-07-06",9,0,"2019-07-06T15:00:00-00:00","2019-07-06T16:00:00-00:00","ZP26","Solar","Renewable Forecast Actual Generation","RENEW_FCST_ACT_MW",3,3,1259.48888,"ACTUAL",5
"108","2019-07-06",10,0,"2019-07-06T16:00:00-00:00","2019-07-06T17:00:00-00:00","ZP26","Solar","Renewable Forecast Actual Generation","RENEW_FCST_ACT_MW",3,3,1510.74146,"ACTUAL",5
"109","2019-07-06",11,0,"2019-07-06T17:00:00-00:00","2019-07-06T18:00:00-00:00","ZP26","Solar","Renewable Forecast Actual Generation","RENEW_FCST_ACT_MW",3,3,1645.01642,"ACTUAL",5
"110","2019-07-06",12,0,"2019-07-06T18:00:00-00:00","2019-07-06T19:00:00-00:00","ZP26","Solar","Renewable Forecast Actual Generation","RENEW_FCST_ACT_MW",3,3,1723.13645,"ACTUAL",5
"111","2019-07-06",13,0,"2019-07-06T19:00:00-00:00","2019-07-06T20:00:00-00:00","ZP26","Solar","Renewable Forecast Actual Generation","RENEW_FCST_ACT_MW",3,3,1740.62576,"ACTUAL",5
"112","2019-07-06",14,0,"2019-07-06T20:00:00-00:00","2019-07-06T21:00:00-00:00","ZP26","Solar","Renewable Forecast Actual Generation","RENEW_FCST_ACT_MW",3,3,1735.8654,"ACTUAL",5
"113","2019-07-06",15,0,"2019-07-06T21:00:00-00:00","2019-07-06T22:00:00-00:00","ZP26","Solar","Renewable Forecast Actual Generation","RENEW_FCST_ACT_MW",3,3,1720.28471,"ACTUAL",5
"114","2019-07-06",16,0,"2019-07-06T22:00:00-00:00","2019-07-06T23:00:00-00:00","ZP26","Solar","Renewable Forecast Actual Generation","RENEW_FCST_ACT_MW",3,3,1645.7874,"ACTUAL",5
"115","2019-07-06",19,0,"2019-07-07T01:00:00-00:00","2019-07-07T02:00:00-00:00","ZP26","Solar","Renewable Forecast Actual Generation","RENEW_FCST_ACT_MW",3,3,758.30075,"ACTUAL",5
"116","2019-07-07",1,0,"2019-07-07T07:00:00-00:00","2019-07-07T08:00:00-00:00","NP15","Solar","Renewable Forecast Actual Generation","RENEW_FCST_ACT_MW",3,3,-1.92812,"ACTUAL",6
"117","2019-07-07",1,0,"2019-07-07T07:00:00-00:00","2019-07-07T08:00:00-00:00","NP15","Wind","Renewable Forecast Actual Generation","RENEW_FCST_ACT_MW",3,1,1223.43383,"ACTUAL",7
"118","2019-07-07",1,0,"2019-07-07T07:00:00-00:00","2019-07-07T08:00:00-00:00","SP15","Solar","Renewable Forecast Actual Generation","RENEW_FCST_ACT_MW",3,3,0.39432,"ACTUAL",8
"119","2019-07-07",1,0,"2019-07-07T07:00:00-00:00","2019-07-07T08:00:00-00:00","SP15","Wind","Renewable Forecast Actual Generation","RENEW_FCST_ACT_MW",3,1,2243.21742,"ACTUAL",9
"120","2019-07-07",1,0,"2019-07-07T07:00:00-00:00","2019-07-07T08:00:00-00:00","ZP26","Solar","Renewable Forecast Actual Generation","RENEW_FCST_ACT_MW",3,3,-5.41855,"ACTUAL",10
