"","OPR_DT","OPR_HR","OPR_INTERVAL","INTERVALSTARTTIME_GMT","INTERVALENDTIME_GMT","TRADING_HUB","RENEWABLE_TYPE","LABEL","XML_DATA_ITEM","MARKET_RUN_ID_POS","RENEW_POS","MW","MARKET_RUN_ID","GROUP"
"1","2019-09-20",2,0,"2019-09-20T08:00:00-00:00","2019-09-20T09:00:00-00:00","NP15","Solar","Renewable Forecast Actual Generation","RENEW_FCST_ACT_MW",3,3,-2.14106,"ACTUAL",1
"2","2019-09-20",3,0,"2019-09-20T09:00:00-00:00","2019-09-20T10:00:00-00:00","NP15","Solar","Renewable Forecast Actual Generation","RENEW_FCST_ACT_MW",3,3,-2.15255,"ACTUAL",1
"3","2019-09-20",4,0,"2019-09-20T10:00:00-00:00","2019-09-20T11:00:00-00:00","NP15","Solar","Renewable Forecast Actual Generation","RENEW_FCST_ACT_MW",3,3,-2.13897,"ACTUAL",1
"4","2019-09-20",5,0,"2019-09-20T11:00:00-00:00","2019-09-20T12:00:00-00:00","NP15","Solar","Renewable Forecast Actual Generation","RENEW_FCST_ACT_MW",3,3,-2.17277,"ACTUAL",1
"5","2019-09-20",6,0,"2019-09-20T12:00:00-00:00","2019-09-20T13:00:00-00:00","NP15","Solar","Renewable Forecast Actual Generation","RENEW_FCST_ACT_MW",3,3,-2.3991,"ACTUAL",1
"6","2019-09-20",7,0,"2019-09-20T13:00:00-00:00","2019-09-20T14:00:00-00:00","NP15","Solar","Renewable Forecast Actual Generation","RENEW_FCST_ACT_MW",3,3,-0.73428,"ACTUAL",1
"7","2019-09-20",8,0,"2019-09-20T14:00:00-00:00","2019-09-20T15:00:00-00:00","NP15","Solar","Renewable Forecast Actual Generation","RENEW_FCST_ACT_MW",3,3,276.74175,"ACTUAL",1
"8","2019-09-20",9,0,"2019-09-20T15:00:00-00:00","2019-09-20T16:00:00-00:00","NP15","Solar","Renewable Forecast Actual Generation","RENEW_FCST_ACT_MW",3,3,975.81035,"ACTUAL",1
"9","2019-09-20",10,0,"2019-09-20T16:00:00-00:00","2019-09-20T17:00:00-00:00","NP15","Solar","Renewable Forecast Actual Generation","RENEW_FCST_ACT_MW",3,3,1231.24502,"ACTUAL",1
"10","2019-09-20",11,0,"2019-09-20T17:00:00-00:00","2019-09-20T18:00:00-00:00","NP15","Solar","Renewable Forecast Actual Generation","RENEW_FCST_ACT_MW",3,3,1294.00842,"ACTUAL",1
"11","2019-09-20",12,0,"2019-09-20T18:00:00-00:00","2019-09-20T19:00:00-00:00","NP15","Solar","Renewable Forecast Actual Generation","RENEW_FCST_ACT_MW",3,3,1290.583,"ACTUAL",1
"12","2019-09-20",13,0,"2019-09-20T19:00:00-00:00","2019-09-20T20:00:00-00:00","NP15","Solar","Renewable Forecast Actual Generation","RENEW_FCST_ACT_MW",3,3,1181.74746,"ACTUAL",1
"13","2019-09-20",14,0,"2019-09-20T20:00:00-00:00","2019-09-20T21:00:00-00:00","NP15","Solar","Renewable Forecast Actual Generation","RENEW_FCST_ACT_MW",3,3,1259.52826,"ACTUAL",1
"14","2019-09-20",15,0,"2019-09-20T21:00:00-00:00","2019-09-20T22:00:00-00:00","NP15","Solar","Renewable Forecast Actual Generation","RENEW_FCST_ACT_MW",3,3,1277.82687,"ACTUAL",1
"15","2019-09-20",16,0,"2019-09-20T22:00:00-00:00","2019-09-20T23:00:00-00:00","NP15","Solar","Renewable Forecast Actual Generation","RENEW_FCST_ACT_MW",3,3,1286.7214,"ACTUAL",1
"16","2019-09-20",17,0,"2019-09-20T23:00:00-00:00","2019-09-21T00:00:00-00:00","NP15","Solar","Renewable Forecast Actual Generation","RENEW_FCST_ACT_MW",3,3,1210.73093,"ACTUAL",1
"17","2019-09-20",18,0,"2019-09-21T00:00:00-00:00","2019-09-21T01:00:00-00:00","NP15","Solar","Renewable Forecast Actual Generation","RENEW_FCST_ACT_MW",3,3,829.09094,"ACTUAL",1
"18","2019-09-20",19,0,"2019-09-21T01:00:00-00:00","2019-09-21T02:00:00-00:00","NP15","Solar","Renewable Forecast Actual Generation","RENEW_FCST_ACT_MW",3,3,144.70733,"ACTUAL",1
"19","2019-09-20",20,0,"2019-09-21T02:00:00-00:00","2019-09-21T03:00:00-00:00","NP15","Solar","Renewable Forecast Actual Generation","RENEW_FCST_ACT_MW",3,3,-2.72283,"ACTUAL",1
"20","2019-09-20",21,0,"2019-09-21T03:00:00-00:00","2019-09-21T04:00:00-00:00","NP15","Solar","Renewable Forecast Actual Generation","RENEW_FCST_ACT_MW",3,3,-2.61029,"ACTUAL",1
"21","2019-09-20",22,0,"2019-09-21T04:00:00-00:00","2019-09-21T05:00:00-00:00","NP15","Solar","Renewable Forecast Actual Generation","RENEW_FCST_ACT_MW",3,3,-2.57571,"ACTUAL",1
"22","2019-09-20",23,0,"2019-09-21T05:00:00-00:00","2019-09-21T06:00:00-00:00","NP15","Solar","Renewable Forecast Actual Generation","RENEW_FCST_ACT_MW",3,3,-2.57544,"ACTUAL",1
"23","2019-09-20",24,0,"2019-09-21T06:00:00-00:00","2019-09-21T07:00:00-00:00","NP15","Solar","Renewable Forecast Actual Generation","RENEW_FCST_ACT_MW",3,3,-2.5776,"ACTUAL",1
"24","2019-09-20",18,0,"2019-09-21T00:00:00-00:00","2019-09-21T01:00:00-00:00","NP15","Wind","Renewable Forecast Actual Generation","RENEW_FCST_ACT_MW",3,1,104.52352,"ACTUAL",2
"25","2019-09-20",6,0,"2019-09-20T12:00:00-00:00","2019-09-20T13:00:00-00:00","NP15","Wind","Renewable Forecast Actual Generation","RENEW_FCST_ACT_MW",3,1,85.79007,"ACTUAL",2
"26","2019-09-20",17,0,"2019-09-20T23:00:00-00:00","2019-09-21T00:00:00-00:00","NP15","Wind","Renewable Forecast Actual Generation","RENEW_FCST_ACT_MW",3,1,114.35322,"ACTUAL",2
"27","2019-09-20",16,0,"2019-09-20T22:00:00-00:00","2019-09-20T23:00:00-00:00","NP15","Wind","Renewable Forecast Actual Generation","RENEW_FCST_ACT_MW",3,1,167.93599,"ACTUAL",2
"28","2019-09-20",15,0,"2019-09-20T21:00:00-00:00","2019-09-20T22:00:00-00:00","NP15","Wind","Renewable Forecast Actual Generation","RENEW_FCST_ACT_MW",3,1,147.50934,"ACTUAL",2
"29","2019-09-20",14,0,"2019-09-20T20:00:00-00:00","2019-09-20T21:00:00-00:00","NP15","Wind","Renewable Forecast Actual Generation","RENEW_FCST_ACT_MW",3,1,118.64382,"ACTUAL",2
"30","2019-09-20",13,0,"2019-09-20T19:00:00-00:00","2019-09-20T20:00:00-00:00","NP15","Wind","Renewable Forecast Actual Generation","RENEW_FCST_ACT_MW",3,1,126.31446,"ACTUAL",2
"31","2019-09-20",12,0,"2019-09-20T18:00:00-00:00","2019-09-20T19:00:00-00:00","NP15","Wind","Renewable Forecast Actual Generation","RENEW_FCST_ACT_MW",3,1,193.71266,"ACTUAL",2
"32","2019-09-20",11,0,"2019-09-20T17:00:00-00:00","2019-09-20T18:00:00-00:00","NP15","Wind","Renewable Forecast Actual Generation","RENEW_FCST_ACT_MW",3,1,276.38664,"ACTUAL",2
"33","2019-09-20",10,0,"2019-09-20T16:00:00-00:00","2019-09-20T17:00:00-00:00","NP15","Wind","Renewable Forecast Actual Generation","RENEW_FCST_ACT_MW",3,1,269.04109,"ACTUAL",2
"34","2019-09-20",9,0,"2019-09-20T15:00:00-00:00","2019-09-20T16:00:00-00:00","NP15","Wind","Renewable Forecast Actual Generation","RENEW_FCST_ACT_MW",3,1,130.4861,"ACTUAL",2
"35","2019-09-20",8,0,"2019-09-20T14:00:00-00:00","2019-09-20T15:00:00-00:00","NP15","Wind","Renewable Forecast Actual Generation","RENEW_FCST_ACT_MW",3,1,85.9372,"ACTUAL",2
"36","2019-09-20",7,0,"2019-09-20T13:00:00-00:00","2019-09-20T14:00:00-00:00","NP15","Wind","Renewable Forecast Actual Generation","RENEW_FCST_ACT_MW",3,1,75.0188,"ACTUAL",2
"37","2019-09-20",5,0,"2019-09-20T11:00:00-00:00","2019-09-20T12:00:00-00:00","NP15","Wind","Renewable Forecast Actual Generation","RENEW_FCST_ACT_MW",3,1,125.80358,"ACTUAL",2
"38","2019-09-20",4,0,"2019-09-20T10:00:00-00:00","2019-09-20T11:00:00-00:00","NP15","Wind","Renewable Forecast Actual Generation","RENEW_FCST_ACT_MW",3,1,181.65889,"ACTUAL",2
"39","2019-09-20",3,0,"2019-09-20T09:00:00-00:00","2019-09-20T10:00:00-00:00","NP15","Wind","Renewable Forecast Actual Generation","RENEW_FCST_ACT_MW",3,1,160.24637,"ACTUAL",2
"40","2019-09-20",2,0,"2019-09-20T08:00:00-00:00","2019-09-20T09:00:00-00:00","NP15","Wind","Renewable Forecast Actual Generation","RENEW_FCST_ACT_MW",3,1,244.45332,"ACTUAL",2
"41","2019-09-20",24,0,"2019-09-21T06:00:00-00:00","2019-09-21T07:00:00-00:00","NP15","Wind","Renewable Forecast Actual Generation","RENEW_FCST_ACT_MW",3,1,191.22874,"ACTUAL",2
"42","2019-09-20",23,0,"2019-09-21T05:00:00-00:00","2019-09-21T06:00:00-00:00","NP15","Wind","Renewable Forecast Actual Generation","RENEW_FCST_ACT_MW",3,1,118.04235,"ACTUAL",2
"43","2019-09-20",22,0,"2019-09-21T04:00:00-00:00","2019-09-21T05:00:00-00:00","NP15","Wind","Renewable Forecast Actual Generation","RENEW_FCST_ACT_MW",3,1,105.07563,"ACTUAL",2
"44","2019-09-20",21,0,"2019-09-21T03:00:00-00:00","2019-09-21T04:00:00-00:00","NP15","Wind","Renewable Forecast Actual Generation","RENEW_FCST_ACT_MW",3,1,165.05009,"ACTUAL",2
"45","2019-09-20",20,0,"2019-09-21T02:00:00-00:00","2019-09-21T03:00:00-00:00","NP15","Wind","Renewable Forecast Actual Generation","RENEW_FCST_ACT_MW",3,1,154.17835,"ACTUAL",2
"46","2019-09-20",19,0,"2019-09-21T01:00:00-00:00","2019-09-21T02:00:00-00:00","NP15","Wind","Renewable Forecast Actual Generation","RENEW_FCST_ACT_MW",3,1,67.5425,"ACTUAL",2
"47","2019-09-20",6,0,"2019-09-20T12:00:00-00:00","2019-09-20T13:00:00-00:00","SP15","Solar","Renewable Forecast Actual Generation","RENEW_FCST_ACT_MW",3,3,-10.31988,"ACTUAL",3
"48","2019-09-20",18,0,"2019-09-21T00:00:00-00:00","2019-09-21T01:00:00-00:00","SP15","Solar","Renewable Forecast Actual Generation","RENEW_FCST_ACT_MW",3,3,3350.50462,"ACTUAL",3
"49","2019-09-20",5,0,"2019-09-20T11:00:00-00:00","2019-09-20T12:00:00-00:00","SP15","Solar","Renewable Forecast Actual Generation","RENEW_FCST_ACT_MW",3,3,-12.40736,"ACTUAL",3
"50","2019-09-20",11,0,"2019-09-20T17:00:00-00:00","2019-09-20T18:00:00-00:00","SP15","Solar","Renewable Forecast Actual Generation","RENEW_FCST_ACT_MW",3,3,7017.74148,"ACTUAL",3
"51","2019-09-20",4,0,"2019-09-20T10:00:00-00:00","2019-09-20T11:00:00-00:00","SP15","Solar","Renewable Forecast Actual Generation","RENEW_FCST_ACT_MW",3,3,-11.43544,"ACTUAL",3
"52","2019-09-20",15,0,"2019-09-20T21:00:00-00:00","2019-09-20T22:00:00-00:00","SP15","Solar","Renewable Forecast Actual Generation","RENEW_FCST_ACT_MW",3,3,7230.02311,"ACTUAL",3
"53","2019-09-20",3,0,"2019-09-20T09:00:00-00:00","2019-09-20T10:00:00-00:00","SP15","Solar","Renewable Forecast Actual Generation","RENEW_FCST_ACT_MW",3,3,-10.06935,"ACTUAL",3
"54","2019-09-20",10,0,"2019-09-20T16:00:00-00:00","2019-09-20T17:00:00-00:00","SP15","Solar","Renewable Forecast Actual Generation","RENEW_FCST_ACT_MW",3,3,6454.78786,"ACTUAL",3
"55","2019-09-20",2,0,"2019-09-20T08:00:00-00:00","2019-09-20T09:00:00-00:00","SP15","Solar","Renewable Forecast Actual Generation","RENEW_FCST_ACT_MW",3,3,-10.19339,"ACTUAL",3
"56","2019-09-20",13,0,"2019-09-20T19:00:00-00:00","2019-09-20T20:00:00-00:00","SP15","Solar","Renewable Forecast Actual Generation","RENEW_FCST_ACT_MW",3,3,7170.20728,"ACTUAL",3
"57","2019-09-20",24,0,"2019-09-21T06:00:00-00:00","2019-09-21T07:00:00-00:00","SP15","Solar","Renewable Forecast Actual Generation","RENEW_FCST_ACT_MW",3,3,-12.20827,"ACTUAL",3
"58","2019-09-20",9,0,"2019-09-20T15:00:00-00:00","2019-09-20T16:00:00-00:00","SP15","Solar","Renewable Forecast Actual Generation","RENEW_FCST_ACT_MW",3,3,5195.92891,"ACTUAL",3
"59","2019-09-20",23,0,"2019-09-21T05:00:00-00:00","2019-09-21T06:00:00-00:00","SP15","Solar","Renewable Forecast Actual Generation","RENEW_FCST_ACT_MW",3,3,-8.42148,"ACTUAL",3
"60","2019-09-20",16,0,"2019-09-20T22:00:00-00:00","2019-09-20T23:00:00-00:00","SP15","Solar","Renewable Forecast Actual Generation","RENEW_FCST_ACT_MW",3,3,6854.45377,"ACTUAL",3
"61","2019-09-20",22,0,"2019-09-21T04:00:00-00:00","2019-09-21T05:00:00-00:00","SP15","Solar","Renewable Forecast Actual Generation","RENEW_FCST_ACT_MW",3,3,-6.20876,"ACTUAL",3
"62","2019-09-20",8,0,"2019-09-20T14:00:00-00:00","2019-09-20T15:00:00-00:00","SP15","Solar","Renewable Forecast Actual Generation","RENEW_FCST_ACT_MW",3,3,1933.45866,"ACTUAL",3
"63","2019-09-20",21,0,"2019-09-21T03:00:00-00:00","2019-09-21T04:00:00-00:00","SP15","Solar","Renewable Forecast Actual Generation","RENEW_FCST_ACT_MW",3,3,-4.03395,"ACTUAL",3
"64","2019-09-20",12,0,"2019-09-20T18:00:00-00:00","2019-09-20T19:00:00-00:00","SP15","Solar","Renewable Forecast Actual Generation","RENEW_FCST_ACT_MW",3,3,6883.7035,"ACTUAL",3
"65","2019-09-20",20,0,"2019-09-21T02:00:00-00:00","2019-09-21T03:00:00-00:00","SP15","Solar","Renewable Forecast Actual Generation","RENEW_FCST_ACT_MW",3,3,5.16709,"ACTUAL",3
"66","2019-09-20",7,0,"2019-09-20T13:00:00-00:00","2019-09-20T14:00:00-00:00","SP15","Solar","Renewable Forecast Actual Generation","RENEW_FCST_ACT_MW",3,3,62.52466,"ACTUAL",3
"67","2019-09-20",19,0,"2019-09-21T01:00:00-00:00","2019-09-21T02:00:00-00:00","SP15","Solar","Renewable Forecast Actual Generation","RENEW_FCST_ACT_MW",3,3,473.74174,"ACTUAL",3
"68","2019-09-20",14,0,"2019-09-20T20:00:00-00:00","2019-09-20T21:00:00-00:00","SP15","Solar","Renewable Forecast Actual Generation","RENEW_FCST_ACT_MW",3,3,7300.45478,"ACTUAL",3
"69","2019-09-20",17,0,"2019-09-20T23:00:00-00:00","2019-09-21T00:00:00-00:00","SP15","Solar","Renewable Forecast Actual Generation","RENEW_FCST_ACT_MW",3,3,5913.30815,"ACTUAL",3
"70","2019-09-20",18,0,"2019-09-21T00:00:00-00:00","2019-09-21T01:00:00-00:00","SP15","Wind","Renewable Forecast Actual Generation","RENEW_FCST_ACT_MW",3,1,664.33467,"ACTUAL",4
"71","2019-09-20",19,0,"2019-09-21T01:00:00-00:00","2019-09-21T02:00:00-00:00","SP15","Wind","Renewable Forecast Actual Generation","RENEW_FCST_ACT_MW",3,1,932.51576,"ACTUAL",4
"72","2019-09-20",20,0,"2019-09-21T02:00:00-00:00","2019-09-21T03:00:00-00:00","SP15","Wind","Renewable Forecast Actual Generation","RENEW_FCST_ACT_MW",3,1,1099.22848,"ACTUAL",4
"73","2019-09-20",21,0,"2019-09-21T03:00:00-00:00","2019-09-21T04:00:00-00:00","SP15","Wind","Renewable Forecast Actual Generation","RENEW_FCST_ACT_MW",3,1,1031.17478,"ACTUAL",4
"74","2019-09-20",22,0,"2019-09-21T04:00:00-00:00","2019-09-21T05:00:00-00:00","SP15","Wind","Renewable Forecast Actual Generation","RENEW_FCST_ACT_MW",3,1,986.00137,"ACTUAL",4
"75","2019-09-20",23,0,"2019-09-21T05:00:00-00:00","2019-09-21T06:00:00-00:00","SP15","Wind","Renewable Forecast Actual Generation","RENEW_FCST_ACT_MW",3,1,1005.93658,"ACTUAL",4
"76","2019-09-20",24,0,"2019-09-21T06:00:00-00:00","2019-09-21T07:00:00-00:00","SP15","Wind","Renewable Forecast Actual Generation","RENEW_FCST_ACT_MW",3,1,821.98437,"ACTUAL",4
"77","2019-09-20",2,0,"2019-09-20T08:00:00-00:00","2019-09-20T09:00:00-00:00","SP15","Wind","Renewable Forecast Actual Generation","RENEW_FCST_ACT_MW",3,1,2880.80249,"ACTUAL",4
"78","2019-09-20",3,0,"2019-09-20T09:00:00-00:00","2019-09-20T10:00:00-00:00","SP15","Wind","Renewable Forecast Actual Generation","RENEW_FCST_ACT_MW",3,1,2734.48569,"ACTUAL",4
"79","2019-09-20",4,0,"2019-09-20T10:00:00-00:00","2019-09-20T11:00:00-00:00","SP15","Wind","Renewable Forecast Actual Generation","RENEW_FCST_ACT_MW",3,1,2467.74364,"ACTUAL",4
"80","2019-09-20",5,0,"2019-09-20T11:00:00-00:00","2019-09-20T12:00:00-00:00","SP15","Wind","Renewable Forecast Actual Generation","RENEW_FCST_ACT_MW",3,1,1889.99047,"ACTUAL",4
"81","2019-09-20",6,0,"2019-09-20T12:00:00-00:00","2019-09-20T13:00:00-00:00","SP15","Wind","Renewable Forecast Actual Generation","RENEW_FCST_ACT_MW",3,1,1378.93809,"ACTUAL",4
"82","2019-09-20",7,0,"2019-09-20T13:00:00-00:00","2019-09-20T14:00:00-00:00","SP15","Wind","Renewable Forecast Actual Generation","RENEW_FCST_ACT_MW",3,1,1138.58911,"ACTUAL",4
"83","2019-09-20",8,0,"2019-09-20T14:00:00-00:00","2019-09-20T15:00:00-00:00","SP15","Wind","Renewable Forecast Actual Generation","RENEW_FCST_ACT_MW",3,1,739.88042,"ACTUAL",4
"84","2019-09-20",9,0,"2019-09-20T15:00:00-00:00","2019-09-20T16:00:00-00:00","SP15","Wind","Renewable Forecast Actual Generation","RENEW_FCST_ACT_MW",3,1,484.92731,"ACTUAL",4
"85","2019-09-20",10,0,"2019-09-20T16:00:00-00:00","2019-09-20T17:00:00-00:00","SP15","Wind","Renewable Forecast Actual Generation","RENEW_FCST_ACT_MW",3,1,209.67739,"ACTUAL",4
"86","2019-09-20",11,0,"2019-09-20T17:00:00-00:00","2019-09-20T18:00:00-00:00","SP15","Wind","Renewable Forecast Actual Generation","RENEW_FCST_ACT_MW",3,1,129.06781,"ACTUAL",4
"87","2019-09-20",12,0,"2019-09-20T18:00:00-00:00","2019-09-20T19:00:00-00:00","SP15","Wind","Renewable Forecast Actual Generation","RENEW_FCST_ACT_MW",3,1,159.9006,"ACTUAL",4
"88","2019-09-20",13,0,"2019-09-20T19:00:00-00:00","2019-09-20T20:00:00-00:00","SP15","Wind","Renewable Forecast Actual Generation","RENEW_FCST_ACT_MW",3,1,139.06367,"ACTUAL",4
"89","2019-09-20",14,0,"2019-09-20T20:00:00-00:00","2019-09-20T21:00:00-00:00","SP15","Wind","Renewable Forecast Actual Generation","RENEW_FCST_ACT_MW",3,1,128.23174,"ACTUAL",4
"90","2019-09-20",15,0,"2019-09-20T21:00:00-00:00","2019-09-20T22:00:00-00:00","SP15","Wind","Renewable Forecast Actual Generation","RENEW_FCST_ACT_MW",3,1,142.6067,"ACTUAL",4
"91","2019-09-20",16,0,"2019-09-20T22:00:00-00:00","2019-09-20T23:00:00-00:00","SP15","Wind","Renewable Forecast Actual Generation","RENEW_FCST_ACT_MW",3,1,201.45044,"ACTUAL",4
"92","2019-09-20",17,0,"2019-09-20T23:00:00-00:00","2019-09-21T00:00:00-00:00","SP15","Wind","Renewable Forecast Actual Generation","RENEW_FCST_ACT_MW",3,1,338.88343,"ACTUAL",4
"93","2019-09-20",18,0,"2019-09-21T00:00:00-00:00","2019-09-21T01:00:00-00:00","ZP26","Solar","Renewable Forecast Actual Generation","RENEW_FCST_ACT_MW",3,3,808.78615,"ACTUAL",5
"94","2019-09-20",17,0,"2019-09-20T23:00:00-00:00","2019-09-21T00:00:00-00:00","ZP26","Solar","Renewable Forecast Actual Generation","RENEW_FCST_ACT_MW",3,3,1320.99058,"ACTUAL",5
"95","2019-09-20",20,0,"2019-09-21T02:00:00-00:00","2019-09-21T03:00:00-00:00","ZP26","Solar","Renewable Forecast Actual Generation","RENEW_FCST_ACT_MW",3,3,5.30606,"ACTUAL",5
"96","2019-09-20",21,0,"2019-09-21T03:00:00-00:00","2019-09-21T04:00:00-00:00","ZP26","Solar","Renewable Forecast Actual Generation","RENEW_FCST_ACT_MW",3,3,5.74784,"ACTUAL",5
"97","2019-09-20",22,0,"2019-09-21T04:00:00-00:00","2019-09-21T05:00:00-00:00","ZP26","Solar","Renewable Forecast Actual Generation","RENEW_FCST_ACT_MW",3,3,5.80977,"ACTUAL",5
"98","2019-09-20",23,0,"2019-09-21T05:00:00-00:00","2019-09-21T06:00:00-00:00","ZP26","Solar","Renewable Forecast Actual Generation","RENEW_FCST_ACT_MW",3,3,5.87442,"ACTUAL",5
"99","2019-09-20",24,0,"2019-09-21T06:00:00-00:00","2019-09-21T07:00:00-00:00","ZP26","Solar","Renewable Forecast Actual Generation","RENEW_FCST_ACT_MW",3,3,5.83238,"ACTUAL",5
"100","2019-09-20",2,0,"2019-09-20T08:00:00-00:00","2019-09-20T09:00:00-00:00","ZP26","Solar","Renewable Forecast Actual Generation","RENEW_FCST_ACT_MW",3,3,6.45415,"ACTUAL",5
"101","2019-09-20",3,0,"2019-09-20T09:00:00-00:00","2019-09-20T10:00:00-00:00","ZP26","Solar","Renewable Forecast Actual Generation","RENEW_FCST_ACT_MW",3,3,6.44245,"ACTUAL",5
"102","2019-09-20",4,0,"2019-09-20T10:00:00-00:00","2019-09-20T11:00:00-00:00","ZP26","Solar","Renewable Forecast Actual Generation","RENEW_FCST_ACT_MW",3,3,6.42044,"ACTUAL",5
"103","2019-09-20",5,0,"2019-09-20T11:00:00-00:00","2019-09-20T12:00:00-00:00","ZP26","Solar","Renewable Forecast Actual Generation","RENEW_FCST_ACT_MW",3,3,6.2375,"ACTUAL",5
"104","2019-09-20",6,0,"2019-09-20T12:00:00-00:00","2019-09-20T13:00:00-00:00","ZP26","Solar","Renewable Forecast Actual Generation","RENEW_FCST_ACT_MW",3,3,6.26456,"ACTUAL",5
"105","2019-09-20",7,0,"2019-09-20T13:00:00-00:00","2019-09-20T14:00:00-00:00","ZP26","Solar","Renewable Forecast Actual Generation","RENEW_FCST_ACT_MW",3,3,8.17045,"ACTUAL",5
"106","2019-09-20",8,0,"2019-09-20T14:00:00-00:00","2019-09-20T15:00:00-00:00","ZP26","Solar","Renewable Forecast Actual Generation","RENEW_FCST_ACT_MW",3,3,258.33954,"ACTUAL",5
"107","2019-09-20",9,0,"2019-09-20T15:00:00-00:00","2019-09-20T16:00:00-00:00","ZP26","Solar","Renewable Forecast Actual Generation","RENEW_FCST_ACT_MW",3,3,844.99541,"ACTUAL",5
"108","2019-09-20",10,0,"2019-09-20T16:00:00-00:00","2019-09-20T17:00:00-00:00","ZP26","Solar","Renewable Forecast Actual Generation","RENEW_FCST_ACT_MW",3,3,1271.62458,"ACTUAL",5
"109","2019-09-20",11,0,"2019-09-20T17:00:00-00:00","2019-09-20T18:00:00-00:00","ZP26","Solar","Renewable Forecast Actual Generation","RENEW_FCST_ACT_MW",3,3,1543.70429,"ACTUAL",5
"110","2019-09-20",12,0,"2019-09-20T18:00:00-00:00","2019-09-20T19:00:00-00:00","ZP26","Solar","Renewable Forecast Actual Generation","RENEW_FCST_ACT_MW",3,3,1598.7006,"ACTUAL",5
"111","2019-09-20",13,0,"2019-09-20T19:00:00-00:00","2019-09-20T20:00:00-00:00","ZP26","Solar","Renewable Forecast Actual Generation","RENEW_FCST_ACT_MW",3,3,1541.30122,"ACTUAL",5
"112","2019-09-20",14,0,"2019-09-20T20:00:00-00:00","2019-09-20T21:00:00-00:00","ZP26","Solar","Renewable Forecast Actual Generation","RENEW_FCST_ACT_MW",3,3,1583.82655,"ACTUAL",5
"113","2019-09-20",15,0,"2019-09-20T21:00:00-00:00","2019-09-20T22:00:00-00:00","ZP26","Solar","Renewable Forecast Actual Generation","RENEW_FCST_ACT_MW",3,3,1601.94036,"ACTUAL",5
"114","2019-09-20",16,0,"2019-09-20T22:00:00-00:00","2019-09-20T23:00:00-00:00","ZP26","Solar","Renewable Forecast Actual Generation","RENEW_FCST_ACT_MW",3,3,1516.7446,"ACTUAL",5
"115","2019-09-20",19,0,"2019-09-21T01:00:00-00:00","2019-09-21T02:00:00-00:00","ZP26","Solar","Renewable Forecast Actual Generation","RENEW_FCST_ACT_MW",3,3,150.53031,"ACTUAL",5
"116","2019-09-21",1,0,"2019-09-21T07:00:00-00:00","2019-09-21T08:00:00-00:00","NP15","Solar","Renewable Forecast Actual Generation","RENEW_FCST_ACT_MW",3,3,-2.59832,"ACTUAL",6
"117","2019-09-21",1,0,"2019-09-21T07:00:00-00:00","2019-09-21T08:00:00-00:00","NP15","Wind","Renewable Forecast Actual Generation","RENEW_FCST_ACT_MW",3,1,236.29886,"ACTUAL",7
"118","2019-09-21",1,0,"2019-09-21T07:00:00-00:00","2019-09-21T08:00:00-00:00","SP15","Solar","Renewable Forecast Actual Generation","RENEW_FCST_ACT_MW",3,3,-11.63574,"ACTUAL",8
"119","2019-09-21",1,0,"2019-09-21T07:00:00-00:00","2019-09-21T08:00:00-00:00","SP15","Wind","Renewable Forecast Actual Generation","RENEW_FCST_ACT_MW",3,1,667.25822,"ACTUAL",9
"120","2019-09-21",1,0,"2019-09-21T07:00:00-00:00","2019-09-21T08:00:00-00:00","ZP26","Solar","Renewable Forecast Actual Generation","RENEW_FCST_ACT_MW",3,3,5.81374,"ACTUAL",10
