"","OPR_DT","OPR_HR","OPR_INTERVAL","INTERVALSTARTTIME_GMT","INTERVALENDTIME_GMT","TRADING_HUB","RENEWABLE_TYPE","LABEL","XML_DATA_ITEM","MARKET_RUN_ID_POS","RENEW_POS","MW","MARKET_RUN_ID","GROUP"
"1","2019-06-23",2,0,"2019-06-23T08:00:00-00:00","2019-06-23T09:00:00-00:00","NP15","Solar","Renewable Forecast Actual Generation","RENEW_FCST_ACT_MW",3,3,0.08984,"ACTUAL",1
"2","2019-06-23",3,0,"2019-06-23T09:00:00-00:00","2019-06-23T10:00:00-00:00","NP15","Solar","Renewable Forecast Actual Generation","RENEW_FCST_ACT_MW",3,3,0.04827,"ACTUAL",1
"3","2019-06-23",4,0,"2019-06-23T10:00:00-00:00","2019-06-23T11:00:00-00:00","NP15","Solar","Renewable Forecast Actual Generation","RENEW_FCST_ACT_MW",3,3,0.02549,"ACTUAL",1
"4","2019-06-23",5,0,"2019-06-23T11:00:00-00:00","2019-06-23T12:00:00-00:00","NP15","Solar","Renewable Forecast Actual Generation","RENEW_FCST_ACT_MW",3,3,0.08682,"ACTUAL",1
"5","2019-06-23",6,0,"2019-06-23T12:00:00-00:00","2019-06-23T13:00:00-00:00","NP15","Solar","Renewable Forecast Actual Generation","RENEW_FCST_ACT_MW",3,3,1.46017,"ACTUAL",1
"6","2019-06-23",7,0,"2019-06-23T13:00:00-00:00","2019-06-23T14:00:00-00:00","NP15","Solar","Renewable Forecast Actual Generation","RENEW_FCST_ACT_MW",3,3,256.23255,"ACTUAL",1
"7","2019-06-23",8,0,"2019-06-23T14:00:00-00:00","2019-06-23T15:00:00-00:00","NP15","Solar","Renewable Forecast Actual Generation","RENEW_FCST_ACT_MW",3,3,934.36771,"ACTUAL",1
"8","2019-06-23",9,0,"2019-06-23T15:00:00-00:00","2019-06-23T16:00:00-00:00","NP15","Solar","Renewable Forecast Actual Generation","RENEW_FCST_ACT_MW",3,3,1249.62453,"ACTUAL",1
"9","2019-06-23",10,0,"2019-06-23T16:00:00-00:00","2019-06-23T17:00:00-00:00","NP15","Solar","Renewable Forecast Actual Generation","RENEW_FCST_ACT_MW",3,3,1332.74405,"ACTUAL",1
"10","2019-06-23",11,0,"2019-06-23T17:00:00-00:00","2019-06-23T18:00:00-00:00","NP15","Solar","Renewable Forecast Actual Generation","RENEW_FCST_ACT_MW",3,3,1360.73276,"ACTUAL",1
"11","2019-06-23",12,0,"2019-06-23T18:00:00-00:00","2019-06-23T19:00:00-00:00","NP15","Solar","Renewable Forecast Actual Generation","RENEW_FCST_ACT_MW",3,3,1378.89723,"ACTUAL",1
"12","2019-06-23",13,0,"2019-06-23T19:00:00-00:00","2019-06-23T20:00:00-00:00","NP15","Solar","Renewable Forecast Actual Generation","RENEW_FCST_ACT_MW",3,3,1384.5415,"ACTUAL",1
"13","2019-06-23",14,0,"2019-06-23T20:00:00-00:00","2019-06-23T21:00:00-00:00","NP15","Solar","Renewable Forecast Actual Generation","RENEW_FCST_ACT_MW",3,3,1385.06185,"ACTUAL",1
"14","2019-06-23",15,0,"2019-06-23T21:00:00-00:00","2019-06-23T22:00:00-00:00","NP15","Solar","Renewable Forecast Actual Generation","RENEW_FCST_ACT_MW",3,3,1377.62189,"ACTUAL",1
"15","2019-06-23",16,0,"2019-06-23T22:00:00-00:00","2019-06-23T23:00:00-00:00","NP15","Solar","Renewable Forecast Actual Generation","RENEW_FCST_ACT_MW",3,3,1364.8963,"ACTUAL",1
"16","2019-06-23",17,0,"2019-06-23T23:00:00-00:00","2019-06-24T00:00:00-00:00","NP15","Solar","Renewable Forecast Actual Generation","RENEW_FCST_ACT_MW",3,3,1334.67507,"ACTUAL",1
"17","2019-06-23",18,0,"2019-06-24T00:00:00-00:00","2019-06-24T01:00:00-00:00","NP15","Solar","Renewable Forecast Actual Generation","RENEW_FCST_ACT_MW",3,3,1236.12929,"ACTUAL",1
"18","2019-06-23",19,0,"2019-06-24T01:00:00-00:00","2019-06-24T02:00:00-00:00","NP15","Solar","Renewable Forecast Actual Generation","RENEW_FCST_ACT_MW",3,3,928.31604,"ACTUAL",1
"19","2019-06-23",20,0,"2019-06-24T02:00:00-00:00","2019-06-24T03:00:00-00:00","NP15","Solar","Renewable Forecast Actual Generation","RENEW_FCST_ACT_MW",3,3,302.47398,"ACTUAL",1
"20","2019-06-23",21,0,"2019-06-24T03:00:00-00:00","2019-06-24T04:00:00-00:00","NP15","Solar","Renewable Forecast Actual Generation","RENEW_FCST_ACT_MW",3,3,5.48763,"ACTUAL",1
"21","2019-06-23",22,0,"2019-06-24T04:00:00-00:00","2019-06-24T05:00:00-00:00","NP15","Solar","Renewable Forecast Actual Generation","RENEW_FCST_ACT_MW",3,3,-0.13751,"ACTUAL",1
"22","2019-06-23",23,0,"2019-06-24T05:00:00-00:00","2019-06-24T06:00:00-00:00","NP15","Solar","Renewable Forecast Actual Generation","RENEW_FCST_ACT_MW",3,3,-0.099,"ACTUAL",1
"23","2019-06-23",24,0,"2019-06-24T06:00:00-00:00","2019-06-24T07:00:00-00:00","NP15","Solar","Renewable Forecast Actual Generation","RENEW_FCST_ACT_MW",3,3,-0.09015,"ACTUAL",1
"24","2019-06-23",18,0,"2019-06-24T00:00:00-00:00","2019-06-24T01:00:00-00:00","NP15","Wind","Renewable Forecast Actual Generation","RENEW_FCST_ACT_MW",3,1,455.99358,"ACTUAL",2
"25","2019-06-23",6,0,"2019-06-23T12:00:00-00:00","2019-06-23T13:00:00-00:00","NP15","Wind","Renewable Forecast Actual Generation","RENEW_FCST_ACT_MW",3,1,221.50499,"ACTUAL",2
"26","2019-06-23",17,0,"2019-06-23T23:00:00-00:00","2019-06-24T00:00:00-00:00","NP15","Wind","Renewable Forecast Actual Generation","RENEW_FCST_ACT_MW",3,1,250.6049,"ACTUAL",2
"27","2019-06-23",16,0,"2019-06-23T22:00:00-00:00","2019-06-23T23:00:00-00:00","NP15","Wind","Renewable Forecast Actual Generation","RENEW_FCST_ACT_MW",3,1,140.79237,"ACTUAL",2
"28","2019-06-23",15,0,"2019-06-23T21:00:00-00:00","2019-06-23T22:00:00-00:00","NP15","Wind","Renewable Forecast Actual Generation","RENEW_FCST_ACT_MW",3,1,31.95997,"ACTUAL",2
"29","2019-06-23",14,0,"2019-06-23T20:00:00-00:00","2019-06-23T21:00:00-00:00","NP15","Wind","Renewable Forecast Actual Generation","RENEW_FCST_ACT_MW",3,1,16.48067,"ACTUAL",2
"30","2019-06-23",13,0,"2019-06-23T19:00:00-00:00","2019-06-23T20:00:00-00:00","NP15","Wind","Renewable Forecast Actual Generation","RENEW_FCST_ACT_MW",3,1,25.9366,"ACTUAL",2
"31","2019-06-23",12,0,"2019-06-23T18:00:00-00:00","2019-06-23T19:00:00-00:00","NP15","Wind","Renewable Forecast Actual Generation","RENEW_FCST_ACT_MW",3,1,34.27575,"ACTUAL",2
"32","2019-06-23",11,0,"2019-06-23T17:00:00-00:00","2019-06-23T18:00:00-00:00","NP15","Wind","Renewable Forecast Actual Generation","RENEW_FCST_ACT_MW",3,1,29.98745,"ACTUAL",2
"33","2019-06-23",10,0,"2019-06-23T16:00:00-00:00","2019-06-23T17:00:00-00:00","NP15","Wind","Renewable Forecast Actual Generation","RENEW_FCST_ACT_MW",3,1,21.78337,"ACTUAL",2
"34","2019-06-23",9,0,"2019-06-23T15:00:00-00:00","2019-06-23T16:00:00-00:00","NP15","Wind","Renewable Forecast Actual Generation","RENEW_FCST_ACT_MW",3,1,23.41029,"ACTUAL",2
"35","2019-06-23",8,0,"2019-06-23T14:00:00-00:00","2019-06-23T15:00:00-00:00","NP15","Wind","Renewable Forecast Actual Generation","RENEW_FCST_ACT_MW",3,1,49.68331,"ACTUAL",2
"36","2019-06-23",7,0,"2019-06-23T13:00:00-00:00","2019-06-23T14:00:00-00:00","NP15","Wind","Renewable Forecast Actual Generation","RENEW_FCST_ACT_MW",3,1,135.14638,"ACTUAL",2
"37","2019-06-23",5,0,"2019-06-23T11:00:00-00:00","2019-06-23T12:00:00-00:00","NP15","Wind","Renewable Forecast Actual Generation","RENEW_FCST_ACT_MW",3,1,315.70164,"ACTUAL",2
"38","2019-06-23",4,0,"2019-06-23T10:00:00-00:00","2019-06-23T11:00:00-00:00","NP15","Wind","Renewable Forecast Actual Generation","RENEW_FCST_ACT_MW",3,1,462.41356,"ACTUAL",2
"39","2019-06-23",3,0,"2019-06-23T09:00:00-00:00","2019-06-23T10:00:00-00:00","NP15","Wind","Renewable Forecast Actual Generation","RENEW_FCST_ACT_MW",3,1,579.6306,"ACTUAL",2
"40","2019-06-23",2,0,"2019-06-23T08:00:00-00:00","2019-06-23T09:00:00-00:00","NP15","Wind","Renewable Forecast Actual Generation","RENEW_FCST_ACT_MW",3,1,518.50853,"ACTUAL",2
"41","2019-06-23",24,0,"2019-06-24T06:00:00-00:00","2019-06-24T07:00:00-00:00","NP15","Wind","Renewable Forecast Actual Generation","RENEW_FCST_ACT_MW",3,1,1055.85072,"ACTUAL",2
"42","2019-06-23",23,0,"2019-06-24T05:00:00-00:00","2019-06-24T06:00:00-00:00","NP15","Wind","Renewable Forecast Actual Generation","RENEW_FCST_ACT_MW",3,1,868.55329,"ACTUAL",2
"43","2019-06-23",22,0,"2019-06-24T04:00:00-00:00","2019-06-24T05:00:00-00:00","NP15","Wind","Renewable Forecast Actual Generation","RENEW_FCST_ACT_MW",3,1,730.79577,"ACTUAL",2
"44","2019-06-23",21,0,"2019-06-24T03:00:00-00:00","2019-06-24T04:00:00-00:00","NP15","Wind","Renewable Forecast Actual Generation","RENEW_FCST_ACT_MW",3,1,643.42114,"ACTUAL",2
"45","2019-06-23",20,0,"2019-06-24T02:00:00-00:00","2019-06-24T03:00:00-00:00","NP15","Wind","Renewable Forecast Actual Generation","RENEW_FCST_ACT_MW",3,1,577.31393,"ACTUAL",2
"46","2019-06-23",19,0,"2019-06-24T01:00:00-00:00","2019-06-24T02:00:00-00:00","NP15","Wind","Renewable Forecast Actual Generation","RENEW_FCST_ACT_MW",3,1,560.52967,"ACTUAL",2
"47","2019-06-23",6,0,"2019-06-23T12:00:00-00:00","2019-06-23T13:00:00-00:00","SP15","Solar","Renewable Forecast Actual Generation","RENEW_FCST_ACT_MW",3,3,22.84821,"ACTUAL",3
"48","2019-06-23",18,0,"2019-06-24T00:00:00-00:00","2019-06-24T01:00:00-00:00","SP15","Solar","Renewable Forecast Actual Generation","RENEW_FCST_ACT_MW",3,3,5562.21696,"ACTUAL",3
"49","2019-06-23",5,0,"2019-06-23T11:00:00-00:00","2019-06-23T12:00:00-00:00","SP15","Solar","Renewable Forecast Actual Generation","RENEW_FCST_ACT_MW",3,3,-2.63579,"ACTUAL",3
"50","2019-06-23",11,0,"2019-06-23T17:00:00-00:00","2019-06-23T18:00:00-00:00","SP15","Solar","Renewable Forecast Actual Generation","RENEW_FCST_ACT_MW",3,3,7113.76306,"ACTUAL",3
"51","2019-06-23",4,0,"2019-06-23T10:00:00-00:00","2019-06-23T11:00:00-00:00","SP15","Solar","Renewable Forecast Actual Generation","RENEW_FCST_ACT_MW",3,3,-1.714,"ACTUAL",3
"52","2019-06-23",15,0,"2019-06-23T21:00:00-00:00","2019-06-23T22:00:00-00:00","SP15","Solar","Renewable Forecast Actual Generation","RENEW_FCST_ACT_MW",3,3,7329.63402,"ACTUAL",3
"53","2019-06-23",3,0,"2019-06-23T09:00:00-00:00","2019-06-23T10:00:00-00:00","SP15","Solar","Renewable Forecast Actual Generation","RENEW_FCST_ACT_MW",3,3,-0.59033,"ACTUAL",3
"54","2019-06-23",10,0,"2019-06-23T16:00:00-00:00","2019-06-23T17:00:00-00:00","SP15","Solar","Renewable Forecast Actual Generation","RENEW_FCST_ACT_MW",3,3,6683.23093,"ACTUAL",3
"55","2019-06-23",2,0,"2019-06-23T08:00:00-00:00","2019-06-23T09:00:00-00:00","SP15","Solar","Renewable Forecast Actual Generation","RENEW_FCST_ACT_MW",3,3,-1.24678,"ACTUAL",3
"56","2019-06-23",13,0,"2019-06-23T19:00:00-00:00","2019-06-23T20:00:00-00:00","SP15","Solar","Renewable Forecast Actual Generation","RENEW_FCST_ACT_MW",3,3,7383.20279,"ACTUAL",3
"57","2019-06-23",24,0,"2019-06-24T06:00:00-00:00","2019-06-24T07:00:00-00:00","SP15","Solar","Renewable Forecast Actual Generation","RENEW_FCST_ACT_MW",3,3,-1.87632,"ACTUAL",3
"58","2019-06-23",9,0,"2019-06-23T15:00:00-00:00","2019-06-23T16:00:00-00:00","SP15","Solar","Renewable Forecast Actual Generation","RENEW_FCST_ACT_MW",3,3,5948.73692,"ACTUAL",3
"59","2019-06-23",23,0,"2019-06-24T05:00:00-00:00","2019-06-24T06:00:00-00:00","SP15","Solar","Renewable Forecast Actual Generation","RENEW_FCST_ACT_MW",3,3,-2.68658,"ACTUAL",3
"60","2019-06-23",16,0,"2019-06-23T22:00:00-00:00","2019-06-23T23:00:00-00:00","SP15","Solar","Renewable Forecast Actual Generation","RENEW_FCST_ACT_MW",3,3,7026.23584,"ACTUAL",3
"61","2019-06-23",22,0,"2019-06-24T04:00:00-00:00","2019-06-24T05:00:00-00:00","SP15","Solar","Renewable Forecast Actual Generation","RENEW_FCST_ACT_MW",3,3,2.05516,"ACTUAL",3
"62","2019-06-23",8,0,"2019-06-23T14:00:00-00:00","2019-06-23T15:00:00-00:00","SP15","Solar","Renewable Forecast Actual Generation","RENEW_FCST_ACT_MW",3,3,4144.18255,"ACTUAL",3
"63","2019-06-23",21,0,"2019-06-24T03:00:00-00:00","2019-06-24T04:00:00-00:00","SP15","Solar","Renewable Forecast Actual Generation","RENEW_FCST_ACT_MW",3,3,17.99691,"ACTUAL",3
"64","2019-06-23",12,0,"2019-06-23T18:00:00-00:00","2019-06-23T19:00:00-00:00","SP15","Solar","Renewable Forecast Actual Generation","RENEW_FCST_ACT_MW",3,3,7332.27086,"ACTUAL",3
"65","2019-06-23",20,0,"2019-06-24T02:00:00-00:00","2019-06-24T03:00:00-00:00","SP15","Solar","Renewable Forecast Actual Generation","RENEW_FCST_ACT_MW",3,3,750.99429,"ACTUAL",3
"66","2019-06-23",7,0,"2019-06-23T13:00:00-00:00","2019-06-23T14:00:00-00:00","SP15","Solar","Renewable Forecast Actual Generation","RENEW_FCST_ACT_MW",3,3,1274.6755,"ACTUAL",3
"67","2019-06-23",19,0,"2019-06-24T01:00:00-00:00","2019-06-24T02:00:00-00:00","SP15","Solar","Renewable Forecast Actual Generation","RENEW_FCST_ACT_MW",3,3,3370.9378,"ACTUAL",3
"68","2019-06-23",14,0,"2019-06-23T20:00:00-00:00","2019-06-23T21:00:00-00:00","SP15","Solar","Renewable Forecast Actual Generation","RENEW_FCST_ACT_MW",3,3,7426.33136,"ACTUAL",3
"69","2019-06-23",17,0,"2019-06-23T23:00:00-00:00","2019-06-24T00:00:00-00:00","SP15","Solar","Renewable Forecast Actual Generation","RENEW_FCST_ACT_MW",3,3,6516.02452,"ACTUAL",3
"70","2019-06-23",18,0,"2019-06-24T00:00:00-00:00","2019-06-24T01:00:00-00:00","SP15","Wind","Renewable Forecast Actual Generation","RENEW_FCST_ACT_MW",3,1,1311.14179,"ACTUAL",4
"71","2019-06-23",19,0,"2019-06-24T01:00:00-00:00","2019-06-24T02:00:00-00:00","SP15","Wind","Renewable Forecast Actual Generation","RENEW_FCST_ACT_MW",3,1,1445.67114,"ACTUAL",4
"72","2019-06-23",20,0,"2019-06-24T02:00:00-00:00","2019-06-24T03:00:00-00:00","SP15","Wind","Renewable Forecast Actual Generation","RENEW_FCST_ACT_MW",3,1,1379.16178,"ACTUAL",4
"73","2019-06-23",21,0,"2019-06-24T03:00:00-00:00","2019-06-24T04:00:00-00:00","SP15","Wind","Renewable Forecast Actual Generation","RENEW_FCST_ACT_MW",3,1,1335.1184,"ACTUAL",4
"74","2019-06-23",22,0,"2019-06-24T04:00:00-00:00","2019-06-24T05:00:00-00:00","SP15","Wind","Renewable Forecast Actual Generation","RENEW_FCST_ACT_MW",3,1,1457.22836,"ACTUAL",4
"75","2019-06-23",23,0,"2019-06-24T05:00:00-00:00","2019-06-24T06:00:00-00:00","SP15","Wind","Renewable Forecast Actual Generation","RENEW_FCST_ACT_MW",3,1,1548.01094,"ACTUAL",4
"76","2019-06-23",24,0,"2019-06-24T06:00:00-00:00","2019-06-24T07:00:00-00:00","SP15","Wind","Renewable Forecast Actual Generation","RENEW_FCST_ACT_MW",3,1,1861.09129,"ACTUAL",4
"77","2019-06-23",2,0,"2019-06-23T08:00:00-00:00","2019-06-23T09:00:00-00:00","SP15","Wind","Renewable Forecast Actual Generation","RENEW_FCST_ACT_MW",3,1,1098.77121,"ACTUAL",4
"78","2019-06-23",3,0,"2019-06-23T09:00:00-00:00","2019-06-23T10:00:00-00:00","SP15","Wind","Renewable Forecast Actual Generation","RENEW_FCST_ACT_MW",3,1,864.64336,"ACTUAL",4
"79","2019-06-23",4,0,"2019-06-23T10:00:00-00:00","2019-06-23T11:00:00-00:00","SP15","Wind","Renewable Forecast Actual Generation","RENEW_FCST_ACT_MW",3,1,699.60388,"ACTUAL",4
"80","2019-06-23",5,0,"2019-06-23T11:00:00-00:00","2019-06-23T12:00:00-00:00","SP15","Wind","Renewable Forecast Actual Generation","RENEW_FCST_ACT_MW",3,1,685.26424,"ACTUAL",4
"81","2019-06-23",6,0,"2019-06-23T12:00:00-00:00","2019-06-23T13:00:00-00:00","SP15","Wind","Renewable Forecast Actual Generation","RENEW_FCST_ACT_MW",3,1,671.53188,"ACTUAL",4
"82","2019-06-23",7,0,"2019-06-23T13:00:00-00:00","2019-06-23T14:00:00-00:00","SP15","Wind","Renewable Forecast Actual Generation","RENEW_FCST_ACT_MW",3,1,551.06515,"ACTUAL",4
"83","2019-06-23",8,0,"2019-06-23T14:00:00-00:00","2019-06-23T15:00:00-00:00","SP15","Wind","Renewable Forecast Actual Generation","RENEW_FCST_ACT_MW",3,1,291.89214,"ACTUAL",4
"84","2019-06-23",9,0,"2019-06-23T15:00:00-00:00","2019-06-23T16:00:00-00:00","SP15","Wind","Renewable Forecast Actual Generation","RENEW_FCST_ACT_MW",3,1,164.19344,"ACTUAL",4
"85","2019-06-23",10,0,"2019-06-23T16:00:00-00:00","2019-06-23T17:00:00-00:00","SP15","Wind","Renewable Forecast Actual Generation","RENEW_FCST_ACT_MW",3,1,153.48042,"ACTUAL",4
"86","2019-06-23",11,0,"2019-06-23T17:00:00-00:00","2019-06-23T18:00:00-00:00","SP15","Wind","Renewable Forecast Actual Generation","RENEW_FCST_ACT_MW",3,1,156.15191,"ACTUAL",4
"87","2019-06-23",12,0,"2019-06-23T18:00:00-00:00","2019-06-23T19:00:00-00:00","SP15","Wind","Renewable Forecast Actual Generation","RENEW_FCST_ACT_MW",3,1,166.76276,"ACTUAL",4
"88","2019-06-23",13,0,"2019-06-23T19:00:00-00:00","2019-06-23T20:00:00-00:00","SP15","Wind","Renewable Forecast Actual Generation","RENEW_FCST_ACT_MW",3,1,171.8506,"ACTUAL",4
"89","2019-06-23",14,0,"2019-06-23T20:00:00-00:00","2019-06-23T21:00:00-00:00","SP15","Wind","Renewable Forecast Actual Generation","RENEW_FCST_ACT_MW",3,1,200.33682,"ACTUAL",4
"90","2019-06-23",15,0,"2019-06-23T21:00:00-00:00","2019-06-23T22:00:00-00:00","SP15","Wind","Renewable Forecast Actual Generation","RENEW_FCST_ACT_MW",3,1,336.19921,"ACTUAL",4
"91","2019-06-23",16,0,"2019-06-23T22:00:00-00:00","2019-06-23T23:00:00-00:00","SP15","Wind","Renewable Forecast Actual Generation","RENEW_FCST_ACT_MW",3,1,587.79946,"ACTUAL",4
"92","2019-06-23",17,0,"2019-06-23T23:00:00-00:00","2019-06-24T00:00:00-00:00","SP15","Wind","Renewable Forecast Actual Generation","RENEW_FCST_ACT_MW",3,1,945.2395,"ACTUAL",4
"93","2019-06-23",18,0,"2019-06-24T00:00:00-00:00","2019-06-24T01:00:00-00:00","ZP26","Solar","Renewable Forecast Actual Generation","RENEW_FCST_ACT_MW",3,3,1101.6591,"ACTUAL",5
"94","2019-06-23",17,0,"2019-06-23T23:00:00-00:00","2019-06-24T00:00:00-00:00","ZP26","Solar","Renewable Forecast Actual Generation","RENEW_FCST_ACT_MW",3,3,1311.96885,"ACTUAL",5
"95","2019-06-23",20,0,"2019-06-24T02:00:00-00:00","2019-06-24T03:00:00-00:00","ZP26","Solar","Renewable Forecast Actual Generation","RENEW_FCST_ACT_MW",3,3,185.64447,"ACTUAL",5
"96","2019-06-23",21,0,"2019-06-24T03:00:00-00:00","2019-06-24T04:00:00-00:00","ZP26","Solar","Renewable Forecast Actual Generation","RENEW_FCST_ACT_MW",3,3,-2.97403,"ACTUAL",5
"97","2019-06-23",22,0,"2019-06-24T04:00:00-00:00","2019-06-24T05:00:00-00:00","ZP26","Solar","Renewable Forecast Actual Generation","RENEW_FCST_ACT_MW",3,3,-4.94662,"ACTUAL",5
"98","2019-06-23",23,0,"2019-06-24T05:00:00-00:00","2019-06-24T06:00:00-00:00","ZP26","Solar","Renewable Forecast Actual Generation","RENEW_FCST_ACT_MW",3,3,-4.81659,"ACTUAL",5
"99","2019-06-23",24,0,"2019-06-24T06:00:00-00:00","2019-06-24T07:00:00-00:00","ZP26","Solar","Renewable Forecast Actual Generation","RENEW_FCST_ACT_MW",3,3,-4.80427,"ACTUAL",5
"100","2019-06-23",2,0,"2019-06-23T08:00:00-00:00","2019-06-23T09:00:00-00:00","ZP26","Solar","Renewable Forecast Actual Generation","RENEW_FCST_ACT_MW",3,3,-4.69999,"ACTUAL",5
"101","2019-06-23",3,0,"2019-06-23T09:00:00-00:00","2019-06-23T10:00:00-00:00","ZP26","Solar","Renewable Forecast Actual Generation","RENEW_FCST_ACT_MW",3,3,-4.67967,"ACTUAL",5
"102","2019-06-23",4,0,"2019-06-23T10:00:00-00:00","2019-06-23T11:00:00-00:00","ZP26","Solar","Renewable Forecast Actual Generation","RENEW_FCST_ACT_MW",3,3,-4.66712,"ACTUAL",5
"103","2019-06-23",5,0,"2019-06-23T11:00:00-00:00","2019-06-23T12:00:00-00:00","ZP26","Solar","Renewable Forecast Actual Generation","RENEW_FCST_ACT_MW",3,3,-4.79019,"ACTUAL",5
"104","2019-06-23",6,0,"2019-06-23T12:00:00-00:00","2019-06-23T13:00:00-00:00","ZP26","Solar","Renewable Forecast Actual Generation","RENEW_FCST_ACT_MW",3,3,-4.13716,"ACTUAL",5
"105","2019-06-23",7,0,"2019-06-23T13:00:00-00:00","2019-06-23T14:00:00-00:00","ZP26","Solar","Renewable Forecast Actual Generation","RENEW_FCST_ACT_MW",3,3,169.12485,"ACTUAL",5
"106","2019-06-23",8,0,"2019-06-23T14:00:00-00:00","2019-06-23T15:00:00-00:00","ZP26","Solar","Renewable Forecast Actual Generation","RENEW_FCST_ACT_MW",3,3,672.83147,"ACTUAL",5
"107","2019-06-23",9,0,"2019-06-23T15:00:00-00:00","2019-06-23T16:00:00-00:00","ZP26","Solar","Renewable Forecast Actual Generation","RENEW_FCST_ACT_MW",3,3,1080.92502,"ACTUAL",5
"108","2019-06-23",10,0,"2019-06-23T16:00:00-00:00","2019-06-23T17:00:00-00:00","ZP26","Solar","Renewable Forecast Actual Generation","RENEW_FCST_ACT_MW",3,3,1288.37108,"ACTUAL",5
"109","2019-06-23",11,0,"2019-06-23T17:00:00-00:00","2019-06-23T18:00:00-00:00","ZP26","Solar","Renewable Forecast Actual Generation","RENEW_FCST_ACT_MW",3,3,1407.44648,"ACTUAL",5
"110","2019-06-23",12,0,"2019-06-23T18:00:00-00:00","2019-06-23T19:00:00-00:00","ZP26","Solar","Renewable Forecast Actual Generation","RENEW_FCST_ACT_MW",3,3,1507.51538,"ACTUAL",5
"111","2019-06-23",13,0,"2019-06-23T19:00:00-00:00","2019-06-23T20:00:00-00:00","ZP26","Solar","Renewable Forecast Actual Generation","RENEW_FCST_ACT_MW",3,3,1524.09933,"ACTUAL",5
"112","2019-06-23",14,0,"2019-06-23T20:00:00-00:00","2019-06-23T21:00:00-00:00","ZP26","Solar","Renewable Forecast Actual Generation","RENEW_FCST_ACT_MW",3,3,1528.8475,"ACTUAL",5
"113","2019-06-23",15,0,"2019-06-23T21:00:00-00:00","2019-06-23T22:00:00-00:00","ZP26","Solar","Renewable Forecast Actual Generation","RENEW_FCST_ACT_MW",3,3,1512.16101,"ACTUAL",5
"114","2019-06-23",16,0,"2019-06-23T22:00:00-00:00","2019-06-23T23:00:00-00:00","ZP26","Solar","Renewable Forecast Actual Generation","RENEW_FCST_ACT_MW",3,3,1436.12654,"ACTUAL",5
"115","2019-06-23",19,0,"2019-06-24T01:00:00-00:00","2019-06-24T02:00:00-00:00","ZP26","Solar","Renewable Forecast Actual Generation","RENEW_FCST_ACT_MW",3,3,696.51267,"ACTUAL",5
"116","2019-06-24",1,0,"2019-06-24T07:00:00-00:00","2019-06-24T08:00:00-00:00","NP15","Solar","Renewable Forecast Actual Generation","RENEW_FCST_ACT_MW",3,3,-0.21312,"ACTUAL",6
"117","2019-06-24",1,0,"2019-06-24T07:00:00-00:00","2019-06-24T08:00:00-00:00","NP15","Wind","Renewable Forecast Actual Generation","RENEW_FCST_ACT_MW",3,1,1117.09207,"ACTUAL",7
"118","2019-06-24",1,0,"2019-06-24T07:00:00-00:00","2019-06-24T08:00:00-00:00","SP15","Solar","Renewable Forecast Actual Generation","RENEW_FCST_ACT_MW",3,3,-1.48824,"ACTUAL",8
"119","2019-06-24",1,0,"2019-06-24T07:00:00-00:00","2019-06-24T08:00:00-00:00","SP15","Wind","Renewable Forecast Actual Generation","RENEW_FCST_ACT_MW",3,1,1982.79232,"ACTUAL",9
"120","2019-06-24",1,0,"2019-06-24T07:00:00-00:00","2019-06-24T08:00:00-00:00","ZP26","Solar","Renewable Forecast Actual Generation","RENEW_FCST_ACT_MW",3,3,-4.89465,"ACTUAL",10
