"","OPR_DT","OPR_HR","OPR_INTERVAL","INTERVALSTARTTIME_GMT","INTERVALENDTIME_GMT","TRADING_HUB","RENEWABLE_TYPE","LABEL","XML_DATA_ITEM","MARKET_RUN_ID_POS","RENEW_POS","MW","MARKET_RUN_ID","GROUP"
"1","2019-12-30",1,0,"2019-12-30T08:00:00-00:00","2019-12-30T09:00:00-00:00","NP15","Solar","Renewable Forecast Actual Generation","RENEW_FCST_ACT_MW",3,3,-3.48802,"ACTUAL",1
"2","2019-12-30",2,0,"2019-12-30T09:00:00-00:00","2019-12-30T10:00:00-00:00","NP15","Solar","Renewable Forecast Actual Generation","RENEW_FCST_ACT_MW",3,3,-3.50323,"ACTUAL",1
"3","2019-12-30",3,0,"2019-12-30T10:00:00-00:00","2019-12-30T11:00:00-00:00","NP15","Solar","Renewable Forecast Actual Generation","RENEW_FCST_ACT_MW",3,3,-3.52901,"ACTUAL",1
"4","2019-12-30",4,0,"2019-12-30T11:00:00-00:00","2019-12-30T12:00:00-00:00","NP15","Solar","Renewable Forecast Actual Generation","RENEW_FCST_ACT_MW",3,3,-3.5206,"ACTUAL",1
"5","2019-12-30",5,0,"2019-12-30T12:00:00-00:00","2019-12-30T13:00:00-00:00","NP15","Solar","Renewable Forecast Actual Generation","RENEW_FCST_ACT_MW",3,3,-3.63625,"ACTUAL",1
"6","2019-12-30",6,0,"2019-12-30T13:00:00-00:00","2019-12-30T14:00:00-00:00","NP15","Solar","Renewable Forecast Actual Generation","RENEW_FCST_ACT_MW",3,3,-3.55185,"ACTUAL",1
"7","2019-12-30",7,0,"2019-12-30T14:00:00-00:00","2019-12-30T15:00:00-00:00","NP15","Solar","Renewable Forecast Actual Generation","RENEW_FCST_ACT_MW",3,3,-3.55696,"ACTUAL",1
"8","2019-12-30",8,0,"2019-12-30T15:00:00-00:00","2019-12-30T16:00:00-00:00","NP15","Solar","Renewable Forecast Actual Generation","RENEW_FCST_ACT_MW",3,3,36.26243,"ACTUAL",1
"9","2019-12-30",9,0,"2019-12-30T16:00:00-00:00","2019-12-30T17:00:00-00:00","NP15","Solar","Renewable Forecast Actual Generation","RENEW_FCST_ACT_MW",3,3,416.80476,"ACTUAL",1
"10","2019-12-30",10,0,"2019-12-30T17:00:00-00:00","2019-12-30T18:00:00-00:00","NP15","Solar","Renewable Forecast Actual Generation","RENEW_FCST_ACT_MW",3,3,809.26831,"ACTUAL",1
"11","2019-12-30",11,0,"2019-12-30T18:00:00-00:00","2019-12-30T19:00:00-00:00","NP15","Solar","Renewable Forecast Actual Generation","RENEW_FCST_ACT_MW",3,3,863.43529,"ACTUAL",1
"12","2019-12-30",12,0,"2019-12-30T19:00:00-00:00","2019-12-30T20:00:00-00:00","NP15","Solar","Renewable Forecast Actual Generation","RENEW_FCST_ACT_MW",3,3,858.46591,"ACTUAL",1
"13","2019-12-30",13,0,"2019-12-30T20:00:00-00:00","2019-12-30T21:00:00-00:00","NP15","Solar","Renewable Forecast Actual Generation","RENEW_FCST_ACT_MW",3,3,888.13598,"ACTUAL",1
"14","2019-12-30",14,0,"2019-12-30T21:00:00-00:00","2019-12-30T22:00:00-00:00","NP15","Solar","Renewable Forecast Actual Generation","RENEW_FCST_ACT_MW",3,3,962.71081,"ACTUAL",1
"15","2019-12-30",15,0,"2019-12-30T22:00:00-00:00","2019-12-30T23:00:00-00:00","NP15","Solar","Renewable Forecast Actual Generation","RENEW_FCST_ACT_MW",3,3,966.58501,"ACTUAL",1
"16","2019-12-30",16,0,"2019-12-30T23:00:00-00:00","2019-12-31T00:00:00-00:00","NP15","Solar","Renewable Forecast Actual Generation","RENEW_FCST_ACT_MW",3,3,638.65197,"ACTUAL",1
"17","2019-12-30",17,0,"2019-12-31T00:00:00-00:00","2019-12-31T01:00:00-00:00","NP15","Solar","Renewable Forecast Actual Generation","RENEW_FCST_ACT_MW",3,3,87.63522,"ACTUAL",1
"18","2019-12-30",18,0,"2019-12-31T01:00:00-00:00","2019-12-31T02:00:00-00:00","NP15","Solar","Renewable Forecast Actual Generation","RENEW_FCST_ACT_MW",3,3,-3.69529,"ACTUAL",1
"19","2019-12-30",19,0,"2019-12-31T02:00:00-00:00","2019-12-31T03:00:00-00:00","NP15","Solar","Renewable Forecast Actual Generation","RENEW_FCST_ACT_MW",3,3,-3.56403,"ACTUAL",1
"20","2019-12-30",20,0,"2019-12-31T03:00:00-00:00","2019-12-31T04:00:00-00:00","NP15","Solar","Renewable Forecast Actual Generation","RENEW_FCST_ACT_MW",3,3,-3.51404,"ACTUAL",1
"21","2019-12-30",21,0,"2019-12-31T04:00:00-00:00","2019-12-31T05:00:00-00:00","NP15","Solar","Renewable Forecast Actual Generation","RENEW_FCST_ACT_MW",3,3,-3.54223,"ACTUAL",1
"22","2019-12-30",22,0,"2019-12-31T05:00:00-00:00","2019-12-31T06:00:00-00:00","NP15","Solar","Renewable Forecast Actual Generation","RENEW_FCST_ACT_MW",3,3,-3.54202,"ACTUAL",1
"23","2019-12-30",23,0,"2019-12-31T06:00:00-00:00","2019-12-31T07:00:00-00:00","NP15","Solar","Renewable Forecast Actual Generation","RENEW_FCST_ACT_MW",3,3,-3.52905,"ACTUAL",1
"24","2019-12-30",24,0,"2019-12-31T07:00:00-00:00","2019-12-31T08:00:00-00:00","NP15","Solar","Renewable Forecast Actual Generation","RENEW_FCST_ACT_MW",3,3,-3.55051,"ACTUAL",1
"25","2019-12-30",1,0,"2019-12-30T08:00:00-00:00","2019-12-30T09:00:00-00:00","NP15","Wind","Renewable Forecast Actual Generation","RENEW_FCST_ACT_MW",3,1,385.45265,"ACTUAL",2
"26","2019-12-30",24,0,"2019-12-31T07:00:00-00:00","2019-12-31T08:00:00-00:00","NP15","Wind","Renewable Forecast Actual Generation","RENEW_FCST_ACT_MW",3,1,464.73794,"ACTUAL",2
"27","2019-12-30",3,0,"2019-12-30T10:00:00-00:00","2019-12-30T11:00:00-00:00","NP15","Wind","Renewable Forecast Actual Generation","RENEW_FCST_ACT_MW",3,1,508.9503,"ACTUAL",2
"28","2019-12-30",4,0,"2019-12-30T11:00:00-00:00","2019-12-30T12:00:00-00:00","NP15","Wind","Renewable Forecast Actual Generation","RENEW_FCST_ACT_MW",3,1,653.05952,"ACTUAL",2
"29","2019-12-30",5,0,"2019-12-30T12:00:00-00:00","2019-12-30T13:00:00-00:00","NP15","Wind","Renewable Forecast Actual Generation","RENEW_FCST_ACT_MW",3,1,430.97184,"ACTUAL",2
"30","2019-12-30",6,0,"2019-12-30T13:00:00-00:00","2019-12-30T14:00:00-00:00","NP15","Wind","Renewable Forecast Actual Generation","RENEW_FCST_ACT_MW",3,1,259.79436,"ACTUAL",2
"31","2019-12-30",7,0,"2019-12-30T14:00:00-00:00","2019-12-30T15:00:00-00:00","NP15","Wind","Renewable Forecast Actual Generation","RENEW_FCST_ACT_MW",3,1,143.87163,"ACTUAL",2
"32","2019-12-30",8,0,"2019-12-30T15:00:00-00:00","2019-12-30T16:00:00-00:00","NP15","Wind","Renewable Forecast Actual Generation","RENEW_FCST_ACT_MW",3,1,118.17775,"ACTUAL",2
"33","2019-12-30",9,0,"2019-12-30T16:00:00-00:00","2019-12-30T17:00:00-00:00","NP15","Wind","Renewable Forecast Actual Generation","RENEW_FCST_ACT_MW",3,1,93.14031,"ACTUAL",2
"34","2019-12-30",10,0,"2019-12-30T17:00:00-00:00","2019-12-30T18:00:00-00:00","NP15","Wind","Renewable Forecast Actual Generation","RENEW_FCST_ACT_MW",3,1,77.32135,"ACTUAL",2
"35","2019-12-30",11,0,"2019-12-30T18:00:00-00:00","2019-12-30T19:00:00-00:00","NP15","Wind","Renewable Forecast Actual Generation","RENEW_FCST_ACT_MW",3,1,125.10781,"ACTUAL",2
"36","2019-12-30",12,0,"2019-12-30T19:00:00-00:00","2019-12-30T20:00:00-00:00","NP15","Wind","Renewable Forecast Actual Generation","RENEW_FCST_ACT_MW",3,1,129.46641,"ACTUAL",2
"37","2019-12-30",13,0,"2019-12-30T20:00:00-00:00","2019-12-30T21:00:00-00:00","NP15","Wind","Renewable Forecast Actual Generation","RENEW_FCST_ACT_MW",3,1,120.30324,"ACTUAL",2
"38","2019-12-30",14,0,"2019-12-30T21:00:00-00:00","2019-12-30T22:00:00-00:00","NP15","Wind","Renewable Forecast Actual Generation","RENEW_FCST_ACT_MW",3,1,108.13625,"ACTUAL",2
"39","2019-12-30",15,0,"2019-12-30T22:00:00-00:00","2019-12-30T23:00:00-00:00","NP15","Wind","Renewable Forecast Actual Generation","RENEW_FCST_ACT_MW",3,1,118.61227,"ACTUAL",2
"40","2019-12-30",16,0,"2019-12-30T23:00:00-00:00","2019-12-31T00:00:00-00:00","NP15","Wind","Renewable Forecast Actual Generation","RENEW_FCST_ACT_MW",3,1,147.08678,"ACTUAL",2
"41","2019-12-30",17,0,"2019-12-31T00:00:00-00:00","2019-12-31T01:00:00-00:00","NP15","Wind","Renewable Forecast Actual Generation","RENEW_FCST_ACT_MW",3,1,187.93035,"ACTUAL",2
"42","2019-12-30",18,0,"2019-12-31T01:00:00-00:00","2019-12-31T02:00:00-00:00","NP15","Wind","Renewable Forecast Actual Generation","RENEW_FCST_ACT_MW",3,1,233.98049,"ACTUAL",2
"43","2019-12-30",19,0,"2019-12-31T02:00:00-00:00","2019-12-31T03:00:00-00:00","NP15","Wind","Renewable Forecast Actual Generation","RENEW_FCST_ACT_MW",3,1,215.69376,"ACTUAL",2
"44","2019-12-30",20,0,"2019-12-31T03:00:00-00:00","2019-12-31T04:00:00-00:00","NP15","Wind","Renewable Forecast Actual Generation","RENEW_FCST_ACT_MW",3,1,228.12509,"ACTUAL",2
"45","2019-12-30",21,0,"2019-12-31T04:00:00-00:00","2019-12-31T05:00:00-00:00","NP15","Wind","Renewable Forecast Actual Generation","RENEW_FCST_ACT_MW",3,1,368.47853,"ACTUAL",2
"46","2019-12-30",22,0,"2019-12-31T05:00:00-00:00","2019-12-31T06:00:00-00:00","NP15","Wind","Renewable Forecast Actual Generation","RENEW_FCST_ACT_MW",3,1,464.24103,"ACTUAL",2
"47","2019-12-30",23,0,"2019-12-31T06:00:00-00:00","2019-12-31T07:00:00-00:00","NP15","Wind","Renewable Forecast Actual Generation","RENEW_FCST_ACT_MW",3,1,483.92881,"ACTUAL",2
"48","2019-12-30",2,0,"2019-12-30T09:00:00-00:00","2019-12-30T10:00:00-00:00","NP15","Wind","Renewable Forecast Actual Generation","RENEW_FCST_ACT_MW",3,1,439.8792,"ACTUAL",2
"49","2019-12-30",24,0,"2019-12-31T07:00:00-00:00","2019-12-31T08:00:00-00:00","SP15","Solar","Renewable Forecast Actual Generation","RENEW_FCST_ACT_MW",3,3,-6.90326,"ACTUAL",3
"50","2019-12-30",2,0,"2019-12-30T09:00:00-00:00","2019-12-30T10:00:00-00:00","SP15","Solar","Renewable Forecast Actual Generation","RENEW_FCST_ACT_MW",3,3,10.19438,"ACTUAL",3
"51","2019-12-30",23,0,"2019-12-31T06:00:00-00:00","2019-12-31T07:00:00-00:00","SP15","Solar","Renewable Forecast Actual Generation","RENEW_FCST_ACT_MW",3,3,-6.78266,"ACTUAL",3
"52","2019-12-30",6,0,"2019-12-30T13:00:00-00:00","2019-12-30T14:00:00-00:00","SP15","Solar","Renewable Forecast Actual Generation","RENEW_FCST_ACT_MW",3,3,9.55825,"ACTUAL",3
"53","2019-12-30",22,0,"2019-12-31T05:00:00-00:00","2019-12-31T06:00:00-00:00","SP15","Solar","Renewable Forecast Actual Generation","RENEW_FCST_ACT_MW",3,3,-2.39911,"ACTUAL",3
"54","2019-12-30",11,0,"2019-12-30T18:00:00-00:00","2019-12-30T19:00:00-00:00","SP15","Solar","Renewable Forecast Actual Generation","RENEW_FCST_ACT_MW",3,3,2367.35164,"ACTUAL",3
"55","2019-12-30",21,0,"2019-12-31T04:00:00-00:00","2019-12-31T05:00:00-00:00","SP15","Solar","Renewable Forecast Actual Generation","RENEW_FCST_ACT_MW",3,3,-2.21644,"ACTUAL",3
"56","2019-12-30",3,0,"2019-12-30T10:00:00-00:00","2019-12-30T11:00:00-00:00","SP15","Solar","Renewable Forecast Actual Generation","RENEW_FCST_ACT_MW",3,3,10.16527,"ACTUAL",3
"57","2019-12-30",20,0,"2019-12-31T03:00:00-00:00","2019-12-31T04:00:00-00:00","SP15","Solar","Renewable Forecast Actual Generation","RENEW_FCST_ACT_MW",3,3,-4.11971,"ACTUAL",3
"58","2019-12-30",10,0,"2019-12-30T17:00:00-00:00","2019-12-30T18:00:00-00:00","SP15","Solar","Renewable Forecast Actual Generation","RENEW_FCST_ACT_MW",3,3,1401.68131,"ACTUAL",3
"59","2019-12-30",19,0,"2019-12-31T02:00:00-00:00","2019-12-31T03:00:00-00:00","SP15","Solar","Renewable Forecast Actual Generation","RENEW_FCST_ACT_MW",3,3,-3.97857,"ACTUAL",3
"60","2019-12-30",5,0,"2019-12-30T12:00:00-00:00","2019-12-30T13:00:00-00:00","SP15","Solar","Renewable Forecast Actual Generation","RENEW_FCST_ACT_MW",3,3,8.17512,"ACTUAL",3
"61","2019-12-30",18,0,"2019-12-31T01:00:00-00:00","2019-12-31T02:00:00-00:00","SP15","Solar","Renewable Forecast Actual Generation","RENEW_FCST_ACT_MW",3,3,-4.35901,"ACTUAL",3
"62","2019-12-30",9,0,"2019-12-30T16:00:00-00:00","2019-12-30T17:00:00-00:00","SP15","Solar","Renewable Forecast Actual Generation","RENEW_FCST_ACT_MW",3,3,846.80983,"ACTUAL",3
"63","2019-12-30",17,0,"2019-12-31T00:00:00-00:00","2019-12-31T01:00:00-00:00","SP15","Solar","Renewable Forecast Actual Generation","RENEW_FCST_ACT_MW",3,3,204.83545,"ACTUAL",3
"64","2019-12-30",1,0,"2019-12-30T08:00:00-00:00","2019-12-30T09:00:00-00:00","SP15","Solar","Renewable Forecast Actual Generation","RENEW_FCST_ACT_MW",3,3,11.02124,"ACTUAL",3
"65","2019-12-30",16,0,"2019-12-30T23:00:00-00:00","2019-12-31T00:00:00-00:00","SP15","Solar","Renewable Forecast Actual Generation","RENEW_FCST_ACT_MW",3,3,1517.122,"ACTUAL",3
"66","2019-12-30",8,0,"2019-12-30T15:00:00-00:00","2019-12-30T16:00:00-00:00","SP15","Solar","Renewable Forecast Actual Generation","RENEW_FCST_ACT_MW",3,3,239.09706,"ACTUAL",3
"67","2019-12-30",15,0,"2019-12-30T22:00:00-00:00","2019-12-30T23:00:00-00:00","SP15","Solar","Renewable Forecast Actual Generation","RENEW_FCST_ACT_MW",3,3,2547.39751,"ACTUAL",3
"68","2019-12-30",4,0,"2019-12-30T11:00:00-00:00","2019-12-30T12:00:00-00:00","SP15","Solar","Renewable Forecast Actual Generation","RENEW_FCST_ACT_MW",3,3,8.56287,"ACTUAL",3
"69","2019-12-30",14,0,"2019-12-30T21:00:00-00:00","2019-12-30T22:00:00-00:00","SP15","Solar","Renewable Forecast Actual Generation","RENEW_FCST_ACT_MW",3,3,2679.93023,"ACTUAL",3
"70","2019-12-30",7,0,"2019-12-30T14:00:00-00:00","2019-12-30T15:00:00-00:00","SP15","Solar","Renewable Forecast Actual Generation","RENEW_FCST_ACT_MW",3,3,12.08857,"ACTUAL",3
"71","2019-12-30",13,0,"2019-12-30T20:00:00-00:00","2019-12-30T21:00:00-00:00","SP15","Solar","Renewable Forecast Actual Generation","RENEW_FCST_ACT_MW",3,3,3397.086,"ACTUAL",3
"72","2019-12-30",12,0,"2019-12-30T19:00:00-00:00","2019-12-30T20:00:00-00:00","SP15","Solar","Renewable Forecast Actual Generation","RENEW_FCST_ACT_MW",3,3,3037.76676,"ACTUAL",3
"73","2019-12-30",23,0,"2019-12-31T06:00:00-00:00","2019-12-31T07:00:00-00:00","SP15","Wind","Renewable Forecast Actual Generation","RENEW_FCST_ACT_MW",3,1,504.28085,"ACTUAL",4
"74","2019-12-30",22,0,"2019-12-31T05:00:00-00:00","2019-12-31T06:00:00-00:00","SP15","Wind","Renewable Forecast Actual Generation","RENEW_FCST_ACT_MW",3,1,382.7387,"ACTUAL",4
"75","2019-12-30",21,0,"2019-12-31T04:00:00-00:00","2019-12-31T05:00:00-00:00","SP15","Wind","Renewable Forecast Actual Generation","RENEW_FCST_ACT_MW",3,1,378.41636,"ACTUAL",4
"76","2019-12-30",20,0,"2019-12-31T03:00:00-00:00","2019-12-31T04:00:00-00:00","SP15","Wind","Renewable Forecast Actual Generation","RENEW_FCST_ACT_MW",3,1,358.72488,"ACTUAL",4
"77","2019-12-30",19,0,"2019-12-31T02:00:00-00:00","2019-12-31T03:00:00-00:00","SP15","Wind","Renewable Forecast Actual Generation","RENEW_FCST_ACT_MW",3,1,399.10462,"ACTUAL",4
"78","2019-12-30",18,0,"2019-12-31T01:00:00-00:00","2019-12-31T02:00:00-00:00","SP15","Wind","Renewable Forecast Actual Generation","RENEW_FCST_ACT_MW",3,1,436.15976,"ACTUAL",4
"79","2019-12-30",17,0,"2019-12-31T00:00:00-00:00","2019-12-31T01:00:00-00:00","SP15","Wind","Renewable Forecast Actual Generation","RENEW_FCST_ACT_MW",3,1,382.28612,"ACTUAL",4
"80","2019-12-30",16,0,"2019-12-30T23:00:00-00:00","2019-12-31T00:00:00-00:00","SP15","Wind","Renewable Forecast Actual Generation","RENEW_FCST_ACT_MW",3,1,376.24752,"ACTUAL",4
"81","2019-12-30",15,0,"2019-12-30T22:00:00-00:00","2019-12-30T23:00:00-00:00","SP15","Wind","Renewable Forecast Actual Generation","RENEW_FCST_ACT_MW",3,1,346.94485,"ACTUAL",4
"82","2019-12-30",14,0,"2019-12-30T21:00:00-00:00","2019-12-30T22:00:00-00:00","SP15","Wind","Renewable Forecast Actual Generation","RENEW_FCST_ACT_MW",3,1,393.85717,"ACTUAL",4
"83","2019-12-30",13,0,"2019-12-30T20:00:00-00:00","2019-12-30T21:00:00-00:00","SP15","Wind","Renewable Forecast Actual Generation","RENEW_FCST_ACT_MW",3,1,388.4994,"ACTUAL",4
"84","2019-12-30",12,0,"2019-12-30T19:00:00-00:00","2019-12-30T20:00:00-00:00","SP15","Wind","Renewable Forecast Actual Generation","RENEW_FCST_ACT_MW",3,1,454.01542,"ACTUAL",4
"85","2019-12-30",11,0,"2019-12-30T18:00:00-00:00","2019-12-30T19:00:00-00:00","SP15","Wind","Renewable Forecast Actual Generation","RENEW_FCST_ACT_MW",3,1,446.15203,"ACTUAL",4
"86","2019-12-30",10,0,"2019-12-30T17:00:00-00:00","2019-12-30T18:00:00-00:00","SP15","Wind","Renewable Forecast Actual Generation","RENEW_FCST_ACT_MW",3,1,459.90181,"ACTUAL",4
"87","2019-12-30",9,0,"2019-12-30T16:00:00-00:00","2019-12-30T17:00:00-00:00","SP15","Wind","Renewable Forecast Actual Generation","RENEW_FCST_ACT_MW",3,1,419.34282,"ACTUAL",4
"88","2019-12-30",8,0,"2019-12-30T15:00:00-00:00","2019-12-30T16:00:00-00:00","SP15","Wind","Renewable Forecast Actual Generation","RENEW_FCST_ACT_MW",3,1,398.86982,"ACTUAL",4
"89","2019-12-30",7,0,"2019-12-30T14:00:00-00:00","2019-12-30T15:00:00-00:00","SP15","Wind","Renewable Forecast Actual Generation","RENEW_FCST_ACT_MW",3,1,450.10515,"ACTUAL",4
"90","2019-12-30",6,0,"2019-12-30T13:00:00-00:00","2019-12-30T14:00:00-00:00","SP15","Wind","Renewable Forecast Actual Generation","RENEW_FCST_ACT_MW",3,1,543.24225,"ACTUAL",4
"91","2019-12-30",5,0,"2019-12-30T12:00:00-00:00","2019-12-30T13:00:00-00:00","SP15","Wind","Renewable Forecast Actual Generation","RENEW_FCST_ACT_MW",3,1,447.5706,"ACTUAL",4
"92","2019-12-30",4,0,"2019-12-30T11:00:00-00:00","2019-12-30T12:00:00-00:00","SP15","Wind","Renewable Forecast Actual Generation","RENEW_FCST_ACT_MW",3,1,323.2679,"ACTUAL",4
"93","2019-12-30",3,0,"2019-12-30T10:00:00-00:00","2019-12-30T11:00:00-00:00","SP15","Wind","Renewable Forecast Actual Generation","RENEW_FCST_ACT_MW",3,1,220.77322,"ACTUAL",4
"94","2019-12-30",2,0,"2019-12-30T09:00:00-00:00","2019-12-30T10:00:00-00:00","SP15","Wind","Renewable Forecast Actual Generation","RENEW_FCST_ACT_MW",3,1,207.03297,"ACTUAL",4
"95","2019-12-30",24,0,"2019-12-31T07:00:00-00:00","2019-12-31T08:00:00-00:00","SP15","Wind","Renewable Forecast Actual Generation","RENEW_FCST_ACT_MW",3,1,594.33066,"ACTUAL",4
"96","2019-12-30",1,0,"2019-12-30T08:00:00-00:00","2019-12-30T09:00:00-00:00","SP15","Wind","Renewable Forecast Actual Generation","RENEW_FCST_ACT_MW",3,1,166.24944,"ACTUAL",4
"97","2019-12-30",1,0,"2019-12-30T08:00:00-00:00","2019-12-30T09:00:00-00:00","ZP26","Solar","Renewable Forecast Actual Generation","RENEW_FCST_ACT_MW",3,3,-5.73807,"ACTUAL",5
"98","2019-12-30",24,0,"2019-12-31T07:00:00-00:00","2019-12-31T08:00:00-00:00","ZP26","Solar","Renewable Forecast Actual Generation","RENEW_FCST_ACT_MW",3,3,-5.73582,"ACTUAL",5
"99","2019-12-30",3,0,"2019-12-30T10:00:00-00:00","2019-12-30T11:00:00-00:00","ZP26","Solar","Renewable Forecast Actual Generation","RENEW_FCST_ACT_MW",3,3,-6.67221,"ACTUAL",5
"100","2019-12-30",4,0,"2019-12-30T11:00:00-00:00","2019-12-30T12:00:00-00:00","ZP26","Solar","Renewable Forecast Actual Generation","RENEW_FCST_ACT_MW",3,3,-5.82029,"ACTUAL",5
"101","2019-12-30",5,0,"2019-12-30T12:00:00-00:00","2019-12-30T13:00:00-00:00","ZP26","Solar","Renewable Forecast Actual Generation","RENEW_FCST_ACT_MW",3,3,-5.81203,"ACTUAL",5
"102","2019-12-30",6,0,"2019-12-30T13:00:00-00:00","2019-12-30T14:00:00-00:00","ZP26","Solar","Renewable Forecast Actual Generation","RENEW_FCST_ACT_MW",3,3,-5.76112,"ACTUAL",5
"103","2019-12-30",7,0,"2019-12-30T14:00:00-00:00","2019-12-30T15:00:00-00:00","ZP26","Solar","Renewable Forecast Actual Generation","RENEW_FCST_ACT_MW",3,3,-5.83618,"ACTUAL",5
"104","2019-12-30",8,0,"2019-12-30T15:00:00-00:00","2019-12-30T16:00:00-00:00","ZP26","Solar","Renewable Forecast Actual Generation","RENEW_FCST_ACT_MW",3,3,12.5531,"ACTUAL",5
"105","2019-12-30",9,0,"2019-12-30T16:00:00-00:00","2019-12-30T17:00:00-00:00","ZP26","Solar","Renewable Forecast Actual Generation","RENEW_FCST_ACT_MW",3,3,182.50687,"ACTUAL",5
"106","2019-12-30",10,0,"2019-12-30T17:00:00-00:00","2019-12-30T18:00:00-00:00","ZP26","Solar","Renewable Forecast Actual Generation","RENEW_FCST_ACT_MW",3,3,473.10479,"ACTUAL",5
"107","2019-12-30",11,0,"2019-12-30T18:00:00-00:00","2019-12-30T19:00:00-00:00","ZP26","Solar","Renewable Forecast Actual Generation","RENEW_FCST_ACT_MW",3,3,803.97145,"ACTUAL",5
"108","2019-12-30",12,0,"2019-12-30T19:00:00-00:00","2019-12-30T20:00:00-00:00","ZP26","Solar","Renewable Forecast Actual Generation","RENEW_FCST_ACT_MW",3,3,1246.03098,"ACTUAL",5
"109","2019-12-30",13,0,"2019-12-30T20:00:00-00:00","2019-12-30T21:00:00-00:00","ZP26","Solar","Renewable Forecast Actual Generation","RENEW_FCST_ACT_MW",3,3,1297.10339,"ACTUAL",5
"110","2019-12-30",14,0,"2019-12-30T21:00:00-00:00","2019-12-30T22:00:00-00:00","ZP26","Solar","Renewable Forecast Actual Generation","RENEW_FCST_ACT_MW",3,3,1265.83258,"ACTUAL",5
"111","2019-12-30",15,0,"2019-12-30T22:00:00-00:00","2019-12-30T23:00:00-00:00","ZP26","Solar","Renewable Forecast Actual Generation","RENEW_FCST_ACT_MW",3,3,1168.84624,"ACTUAL",5
"112","2019-12-30",16,0,"2019-12-30T23:00:00-00:00","2019-12-31T00:00:00-00:00","ZP26","Solar","Renewable Forecast Actual Generation","RENEW_FCST_ACT_MW",3,3,674.98078,"ACTUAL",5
"113","2019-12-30",17,0,"2019-12-31T00:00:00-00:00","2019-12-31T01:00:00-00:00","ZP26","Solar","Renewable Forecast Actual Generation","RENEW_FCST_ACT_MW",3,3,110.94112,"ACTUAL",5
"114","2019-12-30",18,0,"2019-12-31T01:00:00-00:00","2019-12-31T02:00:00-00:00","ZP26","Solar","Renewable Forecast Actual Generation","RENEW_FCST_ACT_MW",3,3,-5.89223,"ACTUAL",5
"115","2019-12-30",19,0,"2019-12-31T02:00:00-00:00","2019-12-31T03:00:00-00:00","ZP26","Solar","Renewable Forecast Actual Generation","RENEW_FCST_ACT_MW",3,3,-5.66012,"ACTUAL",5
"116","2019-12-30",20,0,"2019-12-31T03:00:00-00:00","2019-12-31T04:00:00-00:00","ZP26","Solar","Renewable Forecast Actual Generation","RENEW_FCST_ACT_MW",3,3,-5.68735,"ACTUAL",5
"117","2019-12-30",21,0,"2019-12-31T04:00:00-00:00","2019-12-31T05:00:00-00:00","ZP26","Solar","Renewable Forecast Actual Generation","RENEW_FCST_ACT_MW",3,3,-5.70735,"ACTUAL",5
"118","2019-12-30",22,0,"2019-12-31T05:00:00-00:00","2019-12-31T06:00:00-00:00","ZP26","Solar","Renewable Forecast Actual Generation","RENEW_FCST_ACT_MW",3,3,-5.72523,"ACTUAL",5
"119","2019-12-30",23,0,"2019-12-31T06:00:00-00:00","2019-12-31T07:00:00-00:00","ZP26","Solar","Renewable Forecast Actual Generation","RENEW_FCST_ACT_MW",3,3,-5.73681,"ACTUAL",5
"120","2019-12-30",2,0,"2019-12-30T09:00:00-00:00","2019-12-30T10:00:00-00:00","ZP26","Solar","Renewable Forecast Actual Generation","RENEW_FCST_ACT_MW",3,3,-5.82262,"ACTUAL",5
