"","OPR_DT","OPR_HR","OPR_INTERVAL","INTERVALSTARTTIME_GMT","INTERVALENDTIME_GMT","TRADING_HUB","RENEWABLE_TYPE","LABEL","XML_DATA_ITEM","MARKET_RUN_ID_POS","RENEW_POS","MW","MARKET_RUN_ID","GROUP"
"1","2019-12-12",1,0,"2019-12-12T08:00:00-00:00","2019-12-12T09:00:00-00:00","NP15","Solar","Renewable Forecast Actual Generation","RENEW_FCST_ACT_MW",3,3,-3.43299,"ACTUAL",1
"2","2019-12-12",2,0,"2019-12-12T09:00:00-00:00","2019-12-12T10:00:00-00:00","NP15","Solar","Renewable Forecast Actual Generation","RENEW_FCST_ACT_MW",3,3,-3.45446,"ACTUAL",1
"3","2019-12-12",3,0,"2019-12-12T10:00:00-00:00","2019-12-12T11:00:00-00:00","NP15","Solar","Renewable Forecast Actual Generation","RENEW_FCST_ACT_MW",3,3,-3.47673,"ACTUAL",1
"4","2019-12-12",4,0,"2019-12-12T11:00:00-00:00","2019-12-12T12:00:00-00:00","NP15","Solar","Renewable Forecast Actual Generation","RENEW_FCST_ACT_MW",3,3,-3.46057,"ACTUAL",1
"5","2019-12-12",5,0,"2019-12-12T12:00:00-00:00","2019-12-12T13:00:00-00:00","NP15","Solar","Renewable Forecast Actual Generation","RENEW_FCST_ACT_MW",3,3,-3.42737,"ACTUAL",1
"6","2019-12-12",6,0,"2019-12-12T13:00:00-00:00","2019-12-12T14:00:00-00:00","NP15","Solar","Renewable Forecast Actual Generation","RENEW_FCST_ACT_MW",3,3,-3.40014,"ACTUAL",1
"7","2019-12-12",7,0,"2019-12-12T14:00:00-00:00","2019-12-12T15:00:00-00:00","NP15","Solar","Renewable Forecast Actual Generation","RENEW_FCST_ACT_MW",3,3,-3.48612,"ACTUAL",1
"8","2019-12-12",8,0,"2019-12-12T15:00:00-00:00","2019-12-12T16:00:00-00:00","NP15","Solar","Renewable Forecast Actual Generation","RENEW_FCST_ACT_MW",3,3,65.34545,"ACTUAL",1
"9","2019-12-12",9,0,"2019-12-12T16:00:00-00:00","2019-12-12T17:00:00-00:00","NP15","Solar","Renewable Forecast Actual Generation","RENEW_FCST_ACT_MW",3,3,375.77108,"ACTUAL",1
"10","2019-12-12",10,0,"2019-12-12T17:00:00-00:00","2019-12-12T18:00:00-00:00","NP15","Solar","Renewable Forecast Actual Generation","RENEW_FCST_ACT_MW",3,3,752.41854,"ACTUAL",1
"11","2019-12-12",11,0,"2019-12-12T18:00:00-00:00","2019-12-12T19:00:00-00:00","NP15","Solar","Renewable Forecast Actual Generation","RENEW_FCST_ACT_MW",3,3,796.66611,"ACTUAL",1
"12","2019-12-12",12,0,"2019-12-12T19:00:00-00:00","2019-12-12T20:00:00-00:00","NP15","Solar","Renewable Forecast Actual Generation","RENEW_FCST_ACT_MW",3,3,711.42575,"ACTUAL",1
"13","2019-12-12",13,0,"2019-12-12T20:00:00-00:00","2019-12-12T21:00:00-00:00","NP15","Solar","Renewable Forecast Actual Generation","RENEW_FCST_ACT_MW",3,3,718.69874,"ACTUAL",1
"14","2019-12-12",14,0,"2019-12-12T21:00:00-00:00","2019-12-12T22:00:00-00:00","NP15","Solar","Renewable Forecast Actual Generation","RENEW_FCST_ACT_MW",3,3,804.21027,"ACTUAL",1
"15","2019-12-12",15,0,"2019-12-12T22:00:00-00:00","2019-12-12T23:00:00-00:00","NP15","Solar","Renewable Forecast Actual Generation","RENEW_FCST_ACT_MW",3,3,723.52746,"ACTUAL",1
"16","2019-12-12",16,0,"2019-12-12T23:00:00-00:00","2019-12-13T00:00:00-00:00","NP15","Solar","Renewable Forecast Actual Generation","RENEW_FCST_ACT_MW",3,3,476.71251,"ACTUAL",1
"17","2019-12-12",17,0,"2019-12-13T00:00:00-00:00","2019-12-13T01:00:00-00:00","NP15","Solar","Renewable Forecast Actual Generation","RENEW_FCST_ACT_MW",3,3,60.65769,"ACTUAL",1
"18","2019-12-12",18,0,"2019-12-13T01:00:00-00:00","2019-12-13T02:00:00-00:00","NP15","Solar","Renewable Forecast Actual Generation","RENEW_FCST_ACT_MW",3,3,3.38196,"ACTUAL",1
"19","2019-12-12",19,0,"2019-12-13T02:00:00-00:00","2019-12-13T03:00:00-00:00","NP15","Solar","Renewable Forecast Actual Generation","RENEW_FCST_ACT_MW",3,3,3.53751,"ACTUAL",1
"20","2019-12-12",20,0,"2019-12-13T03:00:00-00:00","2019-12-13T04:00:00-00:00","NP15","Solar","Renewable Forecast Actual Generation","RENEW_FCST_ACT_MW",3,3,3.55545,"ACTUAL",1
"21","2019-12-12",21,0,"2019-12-13T04:00:00-00:00","2019-12-13T05:00:00-00:00","NP15","Solar","Renewable Forecast Actual Generation","RENEW_FCST_ACT_MW",3,3,3.52237,"ACTUAL",1
"22","2019-12-12",22,0,"2019-12-13T05:00:00-00:00","2019-12-13T06:00:00-00:00","NP15","Solar","Renewable Forecast Actual Generation","RENEW_FCST_ACT_MW",3,3,3.48491,"ACTUAL",1
"23","2019-12-12",23,0,"2019-12-13T06:00:00-00:00","2019-12-13T07:00:00-00:00","NP15","Solar","Renewable Forecast Actual Generation","RENEW_FCST_ACT_MW",3,3,3.49438,"ACTUAL",1
"24","2019-12-12",24,0,"2019-12-13T07:00:00-00:00","2019-12-13T08:00:00-00:00","NP15","Solar","Renewable Forecast Actual Generation","RENEW_FCST_ACT_MW",3,3,3.49094,"ACTUAL",1
"25","2019-12-12",1,0,"2019-12-12T08:00:00-00:00","2019-12-12T09:00:00-00:00","NP15","Wind","Renewable Forecast Actual Generation","RENEW_FCST_ACT_MW",3,1,137.60135,"ACTUAL",2
"26","2019-12-12",24,0,"2019-12-13T07:00:00-00:00","2019-12-13T08:00:00-00:00","NP15","Wind","Renewable Forecast Actual Generation","RENEW_FCST_ACT_MW",3,1,357.83431,"ACTUAL",2
"27","2019-12-12",3,0,"2019-12-12T10:00:00-00:00","2019-12-12T11:00:00-00:00","NP15","Wind","Renewable Forecast Actual Generation","RENEW_FCST_ACT_MW",3,1,154.23174,"ACTUAL",2
"28","2019-12-12",4,0,"2019-12-12T11:00:00-00:00","2019-12-12T12:00:00-00:00","NP15","Wind","Renewable Forecast Actual Generation","RENEW_FCST_ACT_MW",3,1,178.04394,"ACTUAL",2
"29","2019-12-12",5,0,"2019-12-12T12:00:00-00:00","2019-12-12T13:00:00-00:00","NP15","Wind","Renewable Forecast Actual Generation","RENEW_FCST_ACT_MW",3,1,202.82256,"ACTUAL",2
"30","2019-12-12",6,0,"2019-12-12T13:00:00-00:00","2019-12-12T14:00:00-00:00","NP15","Wind","Renewable Forecast Actual Generation","RENEW_FCST_ACT_MW",3,1,136.91988,"ACTUAL",2
"31","2019-12-12",7,0,"2019-12-12T14:00:00-00:00","2019-12-12T15:00:00-00:00","NP15","Wind","Renewable Forecast Actual Generation","RENEW_FCST_ACT_MW",3,1,139.22933,"ACTUAL",2
"32","2019-12-12",8,0,"2019-12-12T15:00:00-00:00","2019-12-12T16:00:00-00:00","NP15","Wind","Renewable Forecast Actual Generation","RENEW_FCST_ACT_MW",3,1,156.37876,"ACTUAL",2
"33","2019-12-12",9,0,"2019-12-12T16:00:00-00:00","2019-12-12T17:00:00-00:00","NP15","Wind","Renewable Forecast Actual Generation","RENEW_FCST_ACT_MW",3,1,140.95878,"ACTUAL",2
"34","2019-12-12",10,0,"2019-12-12T17:00:00-00:00","2019-12-12T18:00:00-00:00","NP15","Wind","Renewable Forecast Actual Generation","RENEW_FCST_ACT_MW",3,1,111.99597,"ACTUAL",2
"35","2019-12-12",11,0,"2019-12-12T18:00:00-00:00","2019-12-12T19:00:00-00:00","NP15","Wind","Renewable Forecast Actual Generation","RENEW_FCST_ACT_MW",3,1,92.57771,"ACTUAL",2
"36","2019-12-12",12,0,"2019-12-12T19:00:00-00:00","2019-12-12T20:00:00-00:00","NP15","Wind","Renewable Forecast Actual Generation","RENEW_FCST_ACT_MW",3,1,88.14431,"ACTUAL",2
"37","2019-12-12",13,0,"2019-12-12T20:00:00-00:00","2019-12-12T21:00:00-00:00","NP15","Wind","Renewable Forecast Actual Generation","RENEW_FCST_ACT_MW",3,1,90.05062,"ACTUAL",2
"38","2019-12-12",14,0,"2019-12-12T21:00:00-00:00","2019-12-12T22:00:00-00:00","NP15","Wind","Renewable Forecast Actual Generation","RENEW_FCST_ACT_MW",3,1,97.19807,"ACTUAL",2
"39","2019-12-12",15,0,"2019-12-12T22:00:00-00:00","2019-12-12T23:00:00-00:00","NP15","Wind","Renewable Forecast Actual Generation","RENEW_FCST_ACT_MW",3,1,103.91847,"ACTUAL",2
"40","2019-12-12",16,0,"2019-12-12T23:00:00-00:00","2019-12-13T00:00:00-00:00","NP15","Wind","Renewable Forecast Actual Generation","RENEW_FCST_ACT_MW",3,1,114.74689,"ACTUAL",2
"41","2019-12-12",17,0,"2019-12-13T00:00:00-00:00","2019-12-13T01:00:00-00:00","NP15","Wind","Renewable Forecast Actual Generation","RENEW_FCST_ACT_MW",3,1,89.51208,"ACTUAL",2
"42","2019-12-12",18,0,"2019-12-13T01:00:00-00:00","2019-12-13T02:00:00-00:00","NP15","Wind","Renewable Forecast Actual Generation","RENEW_FCST_ACT_MW",3,1,91.26169,"ACTUAL",2
"43","2019-12-12",19,0,"2019-12-13T02:00:00-00:00","2019-12-13T03:00:00-00:00","NP15","Wind","Renewable Forecast Actual Generation","RENEW_FCST_ACT_MW",3,1,92.31951,"ACTUAL",2
"44","2019-12-12",20,0,"2019-12-13T03:00:00-00:00","2019-12-13T04:00:00-00:00","NP15","Wind","Renewable Forecast Actual Generation","RENEW_FCST_ACT_MW",3,1,87.38569,"ACTUAL",2
"45","2019-12-12",21,0,"2019-12-13T04:00:00-00:00","2019-12-13T05:00:00-00:00","NP15","Wind","Renewable Forecast Actual Generation","RENEW_FCST_ACT_MW",3,1,112.21244,"ACTUAL",2
"46","2019-12-12",22,0,"2019-12-13T05:00:00-00:00","2019-12-13T06:00:00-00:00","NP15","Wind","Renewable Forecast Actual Generation","RENEW_FCST_ACT_MW",3,1,171.18033,"ACTUAL",2
"47","2019-12-12",23,0,"2019-12-13T06:00:00-00:00","2019-12-13T07:00:00-00:00","NP15","Wind","Renewable Forecast Actual Generation","RENEW_FCST_ACT_MW",3,1,317.02354,"ACTUAL",2
"48","2019-12-12",2,0,"2019-12-12T09:00:00-00:00","2019-12-12T10:00:00-00:00","NP15","Wind","Renewable Forecast Actual Generation","RENEW_FCST_ACT_MW",3,1,135.57804,"ACTUAL",2
"49","2019-12-12",24,0,"2019-12-13T07:00:00-00:00","2019-12-13T08:00:00-00:00","SP15","Solar","Renewable Forecast Actual Generation","RENEW_FCST_ACT_MW",3,3,27.07761,"ACTUAL",3
"50","2019-12-12",2,0,"2019-12-12T09:00:00-00:00","2019-12-12T10:00:00-00:00","SP15","Solar","Renewable Forecast Actual Generation","RENEW_FCST_ACT_MW",3,3,-10.20477,"ACTUAL",3
"51","2019-12-12",23,0,"2019-12-13T06:00:00-00:00","2019-12-13T07:00:00-00:00","SP15","Solar","Renewable Forecast Actual Generation","RENEW_FCST_ACT_MW",3,3,28.14463,"ACTUAL",3
"52","2019-12-12",6,0,"2019-12-12T13:00:00-00:00","2019-12-12T14:00:00-00:00","SP15","Solar","Renewable Forecast Actual Generation","RENEW_FCST_ACT_MW",3,3,-10.59807,"ACTUAL",3
"53","2019-12-12",22,0,"2019-12-13T05:00:00-00:00","2019-12-13T06:00:00-00:00","SP15","Solar","Renewable Forecast Actual Generation","RENEW_FCST_ACT_MW",3,3,30.49126,"ACTUAL",3
"54","2019-12-12",11,0,"2019-12-12T18:00:00-00:00","2019-12-12T19:00:00-00:00","SP15","Solar","Renewable Forecast Actual Generation","RENEW_FCST_ACT_MW",3,3,3897.56826,"ACTUAL",3
"55","2019-12-12",21,0,"2019-12-13T04:00:00-00:00","2019-12-13T05:00:00-00:00","SP15","Solar","Renewable Forecast Actual Generation","RENEW_FCST_ACT_MW",3,3,30.11078,"ACTUAL",3
"56","2019-12-12",3,0,"2019-12-12T10:00:00-00:00","2019-12-12T11:00:00-00:00","SP15","Solar","Renewable Forecast Actual Generation","RENEW_FCST_ACT_MW",3,3,-10.54819,"ACTUAL",3
"57","2019-12-12",20,0,"2019-12-13T03:00:00-00:00","2019-12-13T04:00:00-00:00","SP15","Solar","Renewable Forecast Actual Generation","RENEW_FCST_ACT_MW",3,3,30.08122,"ACTUAL",3
"58","2019-12-12",10,0,"2019-12-12T17:00:00-00:00","2019-12-12T18:00:00-00:00","SP15","Solar","Renewable Forecast Actual Generation","RENEW_FCST_ACT_MW",3,3,3448.13147,"ACTUAL",3
"59","2019-12-12",19,0,"2019-12-13T02:00:00-00:00","2019-12-13T03:00:00-00:00","SP15","Solar","Renewable Forecast Actual Generation","RENEW_FCST_ACT_MW",3,3,30.28784,"ACTUAL",3
"60","2019-12-12",5,0,"2019-12-12T12:00:00-00:00","2019-12-12T13:00:00-00:00","SP15","Solar","Renewable Forecast Actual Generation","RENEW_FCST_ACT_MW",3,3,-11.64782,"ACTUAL",3
"61","2019-12-12",18,0,"2019-12-13T01:00:00-00:00","2019-12-13T02:00:00-00:00","SP15","Solar","Renewable Forecast Actual Generation","RENEW_FCST_ACT_MW",3,3,29.9589,"ACTUAL",3
"62","2019-12-12",9,0,"2019-12-12T16:00:00-00:00","2019-12-12T17:00:00-00:00","SP15","Solar","Renewable Forecast Actual Generation","RENEW_FCST_ACT_MW",3,3,2413.96621,"ACTUAL",3
"63","2019-12-12",17,0,"2019-12-13T00:00:00-00:00","2019-12-13T01:00:00-00:00","SP15","Solar","Renewable Forecast Actual Generation","RENEW_FCST_ACT_MW",3,3,174.98393,"ACTUAL",3
"64","2019-12-12",1,0,"2019-12-12T08:00:00-00:00","2019-12-12T09:00:00-00:00","SP15","Solar","Renewable Forecast Actual Generation","RENEW_FCST_ACT_MW",3,3,-9.81157,"ACTUAL",3
"65","2019-12-12",16,0,"2019-12-12T23:00:00-00:00","2019-12-13T00:00:00-00:00","SP15","Solar","Renewable Forecast Actual Generation","RENEW_FCST_ACT_MW",3,3,1855.01402,"ACTUAL",3
"66","2019-12-12",8,0,"2019-12-12T15:00:00-00:00","2019-12-12T16:00:00-00:00","SP15","Solar","Renewable Forecast Actual Generation","RENEW_FCST_ACT_MW",3,3,686.64959,"ACTUAL",3
"67","2019-12-12",15,0,"2019-12-12T22:00:00-00:00","2019-12-12T23:00:00-00:00","SP15","Solar","Renewable Forecast Actual Generation","RENEW_FCST_ACT_MW",3,3,2968.83269,"ACTUAL",3
"68","2019-12-12",4,0,"2019-12-12T11:00:00-00:00","2019-12-12T12:00:00-00:00","SP15","Solar","Renewable Forecast Actual Generation","RENEW_FCST_ACT_MW",3,3,-11.44901,"ACTUAL",3
"69","2019-12-12",14,0,"2019-12-12T21:00:00-00:00","2019-12-12T22:00:00-00:00","SP15","Solar","Renewable Forecast Actual Generation","RENEW_FCST_ACT_MW",3,3,3616.55808,"ACTUAL",3
"70","2019-12-12",7,0,"2019-12-12T14:00:00-00:00","2019-12-12T15:00:00-00:00","SP15","Solar","Renewable Forecast Actual Generation","RENEW_FCST_ACT_MW",3,3,15.56099,"ACTUAL",3
"71","2019-12-12",13,0,"2019-12-12T20:00:00-00:00","2019-12-12T21:00:00-00:00","SP15","Solar","Renewable Forecast Actual Generation","RENEW_FCST_ACT_MW",3,3,3913.97278,"ACTUAL",3
"72","2019-12-12",12,0,"2019-12-12T19:00:00-00:00","2019-12-12T20:00:00-00:00","SP15","Solar","Renewable Forecast Actual Generation","RENEW_FCST_ACT_MW",3,3,4287.26682,"ACTUAL",3
"73","2019-12-12",23,0,"2019-12-13T06:00:00-00:00","2019-12-13T07:00:00-00:00","SP15","Wind","Renewable Forecast Actual Generation","RENEW_FCST_ACT_MW",3,1,1321.31388,"ACTUAL",4
"74","2019-12-12",22,0,"2019-12-13T05:00:00-00:00","2019-12-13T06:00:00-00:00","SP15","Wind","Renewable Forecast Actual Generation","RENEW_FCST_ACT_MW",3,1,1505.7189,"ACTUAL",4
"75","2019-12-12",21,0,"2019-12-13T04:00:00-00:00","2019-12-13T05:00:00-00:00","SP15","Wind","Renewable Forecast Actual Generation","RENEW_FCST_ACT_MW",3,1,1561.36243,"ACTUAL",4
"76","2019-12-12",20,0,"2019-12-13T03:00:00-00:00","2019-12-13T04:00:00-00:00","SP15","Wind","Renewable Forecast Actual Generation","RENEW_FCST_ACT_MW",3,1,1570.81829,"ACTUAL",4
"77","2019-12-12",19,0,"2019-12-13T02:00:00-00:00","2019-12-13T03:00:00-00:00","SP15","Wind","Renewable Forecast Actual Generation","RENEW_FCST_ACT_MW",3,1,1379.0228,"ACTUAL",4
"78","2019-12-12",18,0,"2019-12-13T01:00:00-00:00","2019-12-13T02:00:00-00:00","SP15","Wind","Renewable Forecast Actual Generation","RENEW_FCST_ACT_MW",3,1,1401.56701,"ACTUAL",4
"79","2019-12-12",17,0,"2019-12-13T00:00:00-00:00","2019-12-13T01:00:00-00:00","SP15","Wind","Renewable Forecast Actual Generation","RENEW_FCST_ACT_MW",3,1,1658.18912,"ACTUAL",4
"80","2019-12-12",16,0,"2019-12-12T23:00:00-00:00","2019-12-13T00:00:00-00:00","SP15","Wind","Renewable Forecast Actual Generation","RENEW_FCST_ACT_MW",3,1,1447.77932,"ACTUAL",4
"81","2019-12-12",15,0,"2019-12-12T22:00:00-00:00","2019-12-12T23:00:00-00:00","SP15","Wind","Renewable Forecast Actual Generation","RENEW_FCST_ACT_MW",3,1,1319.44663,"ACTUAL",4
"82","2019-12-12",14,0,"2019-12-12T21:00:00-00:00","2019-12-12T22:00:00-00:00","SP15","Wind","Renewable Forecast Actual Generation","RENEW_FCST_ACT_MW",3,1,1288.04533,"ACTUAL",4
"83","2019-12-12",13,0,"2019-12-12T20:00:00-00:00","2019-12-12T21:00:00-00:00","SP15","Wind","Renewable Forecast Actual Generation","RENEW_FCST_ACT_MW",3,1,1087.53203,"ACTUAL",4
"84","2019-12-12",12,0,"2019-12-12T19:00:00-00:00","2019-12-12T20:00:00-00:00","SP15","Wind","Renewable Forecast Actual Generation","RENEW_FCST_ACT_MW",3,1,860.3351,"ACTUAL",4
"85","2019-12-12",11,0,"2019-12-12T18:00:00-00:00","2019-12-12T19:00:00-00:00","SP15","Wind","Renewable Forecast Actual Generation","RENEW_FCST_ACT_MW",3,1,892.14137,"ACTUAL",4
"86","2019-12-12",10,0,"2019-12-12T17:00:00-00:00","2019-12-12T18:00:00-00:00","SP15","Wind","Renewable Forecast Actual Generation","RENEW_FCST_ACT_MW",3,1,870.96824,"ACTUAL",4
"87","2019-12-12",9,0,"2019-12-12T16:00:00-00:00","2019-12-12T17:00:00-00:00","SP15","Wind","Renewable Forecast Actual Generation","RENEW_FCST_ACT_MW",3,1,704.2424,"ACTUAL",4
"88","2019-12-12",8,0,"2019-12-12T15:00:00-00:00","2019-12-12T16:00:00-00:00","SP15","Wind","Renewable Forecast Actual Generation","RENEW_FCST_ACT_MW",3,1,712.42961,"ACTUAL",4
"89","2019-12-12",7,0,"2019-12-12T14:00:00-00:00","2019-12-12T15:00:00-00:00","SP15","Wind","Renewable Forecast Actual Generation","RENEW_FCST_ACT_MW",3,1,795.1977,"ACTUAL",4
"90","2019-12-12",6,0,"2019-12-12T13:00:00-00:00","2019-12-12T14:00:00-00:00","SP15","Wind","Renewable Forecast Actual Generation","RENEW_FCST_ACT_MW",3,1,811.98897,"ACTUAL",4
"91","2019-12-12",5,0,"2019-12-12T12:00:00-00:00","2019-12-12T13:00:00-00:00","SP15","Wind","Renewable Forecast Actual Generation","RENEW_FCST_ACT_MW",3,1,839.33599,"ACTUAL",4
"92","2019-12-12",4,0,"2019-12-12T11:00:00-00:00","2019-12-12T12:00:00-00:00","SP15","Wind","Renewable Forecast Actual Generation","RENEW_FCST_ACT_MW",3,1,856.76906,"ACTUAL",4
"93","2019-12-12",3,0,"2019-12-12T10:00:00-00:00","2019-12-12T11:00:00-00:00","SP15","Wind","Renewable Forecast Actual Generation","RENEW_FCST_ACT_MW",3,1,806.85172,"ACTUAL",4
"94","2019-12-12",2,0,"2019-12-12T09:00:00-00:00","2019-12-12T10:00:00-00:00","SP15","Wind","Renewable Forecast Actual Generation","RENEW_FCST_ACT_MW",3,1,769.99122,"ACTUAL",4
"95","2019-12-12",24,0,"2019-12-13T07:00:00-00:00","2019-12-13T08:00:00-00:00","SP15","Wind","Renewable Forecast Actual Generation","RENEW_FCST_ACT_MW",3,1,1313.01718,"ACTUAL",4
"96","2019-12-12",1,0,"2019-12-12T08:00:00-00:00","2019-12-12T09:00:00-00:00","SP15","Wind","Renewable Forecast Actual Generation","RENEW_FCST_ACT_MW",3,1,880.61873,"ACTUAL",4
"97","2019-12-12",1,0,"2019-12-12T08:00:00-00:00","2019-12-12T09:00:00-00:00","ZP26","Solar","Renewable Forecast Actual Generation","RENEW_FCST_ACT_MW",3,3,-5.44251,"ACTUAL",5
"98","2019-12-12",24,0,"2019-12-13T07:00:00-00:00","2019-12-13T08:00:00-00:00","ZP26","Solar","Renewable Forecast Actual Generation","RENEW_FCST_ACT_MW",3,3,-5.6655,"ACTUAL",5
"99","2019-12-12",3,0,"2019-12-12T10:00:00-00:00","2019-12-12T11:00:00-00:00","ZP26","Solar","Renewable Forecast Actual Generation","RENEW_FCST_ACT_MW",3,3,-6.23857,"ACTUAL",5
"100","2019-12-12",4,0,"2019-12-12T11:00:00-00:00","2019-12-12T12:00:00-00:00","ZP26","Solar","Renewable Forecast Actual Generation","RENEW_FCST_ACT_MW",3,3,-5.38652,"ACTUAL",5
"101","2019-12-12",5,0,"2019-12-12T12:00:00-00:00","2019-12-12T13:00:00-00:00","ZP26","Solar","Renewable Forecast Actual Generation","RENEW_FCST_ACT_MW",3,3,-5.34804,"ACTUAL",5
"102","2019-12-12",6,0,"2019-12-12T13:00:00-00:00","2019-12-12T14:00:00-00:00","ZP26","Solar","Renewable Forecast Actual Generation","RENEW_FCST_ACT_MW",3,3,-5.31468,"ACTUAL",5
"103","2019-12-12",7,0,"2019-12-12T14:00:00-00:00","2019-12-12T15:00:00-00:00","ZP26","Solar","Renewable Forecast Actual Generation","RENEW_FCST_ACT_MW",3,3,-5.04036,"ACTUAL",5
"104","2019-12-12",8,0,"2019-12-12T15:00:00-00:00","2019-12-12T16:00:00-00:00","ZP26","Solar","Renewable Forecast Actual Generation","RENEW_FCST_ACT_MW",3,3,96.79126,"ACTUAL",5
"105","2019-12-12",9,0,"2019-12-12T16:00:00-00:00","2019-12-12T17:00:00-00:00","ZP26","Solar","Renewable Forecast Actual Generation","RENEW_FCST_ACT_MW",3,3,510.212,"ACTUAL",5
"106","2019-12-12",10,0,"2019-12-12T17:00:00-00:00","2019-12-12T18:00:00-00:00","ZP26","Solar","Renewable Forecast Actual Generation","RENEW_FCST_ACT_MW",3,3,996.68798,"ACTUAL",5
"107","2019-12-12",11,0,"2019-12-12T18:00:00-00:00","2019-12-12T19:00:00-00:00","ZP26","Solar","Renewable Forecast Actual Generation","RENEW_FCST_ACT_MW",3,3,1154.34072,"ACTUAL",5
"108","2019-12-12",12,0,"2019-12-12T19:00:00-00:00","2019-12-12T20:00:00-00:00","ZP26","Solar","Renewable Forecast Actual Generation","RENEW_FCST_ACT_MW",3,3,1153.70399,"ACTUAL",5
"109","2019-12-12",13,0,"2019-12-12T20:00:00-00:00","2019-12-12T21:00:00-00:00","ZP26","Solar","Renewable Forecast Actual Generation","RENEW_FCST_ACT_MW",3,3,1191.76977,"ACTUAL",5
"110","2019-12-12",14,0,"2019-12-12T21:00:00-00:00","2019-12-12T22:00:00-00:00","ZP26","Solar","Renewable Forecast Actual Generation","RENEW_FCST_ACT_MW",3,3,1146.55333,"ACTUAL",5
"111","2019-12-12",15,0,"2019-12-12T22:00:00-00:00","2019-12-12T23:00:00-00:00","ZP26","Solar","Renewable Forecast Actual Generation","RENEW_FCST_ACT_MW",3,3,1109.82964,"ACTUAL",5
"112","2019-12-12",16,0,"2019-12-12T23:00:00-00:00","2019-12-13T00:00:00-00:00","ZP26","Solar","Renewable Forecast Actual Generation","RENEW_FCST_ACT_MW",3,3,654.91541,"ACTUAL",5
"113","2019-12-12",17,0,"2019-12-13T00:00:00-00:00","2019-12-13T01:00:00-00:00","ZP26","Solar","Renewable Forecast Actual Generation","RENEW_FCST_ACT_MW",3,3,83.88933,"ACTUAL",5
"114","2019-12-12",18,0,"2019-12-13T01:00:00-00:00","2019-12-13T02:00:00-00:00","ZP26","Solar","Renewable Forecast Actual Generation","RENEW_FCST_ACT_MW",3,3,-5.81596,"ACTUAL",5
"115","2019-12-12",19,0,"2019-12-13T02:00:00-00:00","2019-12-13T03:00:00-00:00","ZP26","Solar","Renewable Forecast Actual Generation","RENEW_FCST_ACT_MW",3,3,-5.67591,"ACTUAL",5
"116","2019-12-12",20,0,"2019-12-13T03:00:00-00:00","2019-12-13T04:00:00-00:00","ZP26","Solar","Renewable Forecast Actual Generation","RENEW_FCST_ACT_MW",3,3,-5.64899,"ACTUAL",5
"117","2019-12-12",21,0,"2019-12-13T04:00:00-00:00","2019-12-13T05:00:00-00:00","ZP26","Solar","Renewable Forecast Actual Generation","RENEW_FCST_ACT_MW",3,3,-5.67075,"ACTUAL",5
"118","2019-12-12",22,0,"2019-12-13T05:00:00-00:00","2019-12-13T06:00:00-00:00","ZP26","Solar","Renewable Forecast Actual Generation","RENEW_FCST_ACT_MW",3,3,-5.65024,"ACTUAL",5
"119","2019-12-12",23,0,"2019-12-13T06:00:00-00:00","2019-12-13T07:00:00-00:00","ZP26","Solar","Renewable Forecast Actual Generation","RENEW_FCST_ACT_MW",3,3,-5.66526,"ACTUAL",5
"120","2019-12-12",2,0,"2019-12-12T09:00:00-00:00","2019-12-12T10:00:00-00:00","ZP26","Solar","Renewable Forecast Actual Generation","RENEW_FCST_ACT_MW",3,3,-5.34635,"ACTUAL",5
