"","OPR_DT","OPR_HR","OPR_INTERVAL","INTERVALSTARTTIME_GMT","INTERVALENDTIME_GMT","TRADING_HUB","RENEWABLE_TYPE","LABEL","XML_DATA_ITEM","MARKET_RUN_ID_POS","RENEW_POS","MW","MARKET_RUN_ID","GROUP"
"1","2019-11-04",1,0,"2019-11-04T08:00:00-00:00","2019-11-04T09:00:00-00:00","NP15","Solar","Renewable Forecast Actual Generation","RENEW_FCST_ACT_MW",3,3,-3.4672,"ACTUAL",1
"2","2019-11-04",2,0,"2019-11-04T09:00:00-00:00","2019-11-04T10:00:00-00:00","NP15","Solar","Renewable Forecast Actual Generation","RENEW_FCST_ACT_MW",3,3,-3.49149,"ACTUAL",1
"3","2019-11-04",3,0,"2019-11-04T10:00:00-00:00","2019-11-04T11:00:00-00:00","NP15","Solar","Renewable Forecast Actual Generation","RENEW_FCST_ACT_MW",3,3,-3.50447,"ACTUAL",1
"4","2019-11-04",4,0,"2019-11-04T11:00:00-00:00","2019-11-04T12:00:00-00:00","NP15","Solar","Renewable Forecast Actual Generation","RENEW_FCST_ACT_MW",3,3,-3.50133,"ACTUAL",1
"5","2019-11-04",5,0,"2019-11-04T12:00:00-00:00","2019-11-04T13:00:00-00:00","NP15","Solar","Renewable Forecast Actual Generation","RENEW_FCST_ACT_MW",3,3,-3.48085,"ACTUAL",1
"6","2019-11-04",6,0,"2019-11-04T13:00:00-00:00","2019-11-04T14:00:00-00:00","NP15","Solar","Renewable Forecast Actual Generation","RENEW_FCST_ACT_MW",3,3,-3.51922,"ACTUAL",1
"7","2019-11-04",7,0,"2019-11-04T14:00:00-00:00","2019-11-04T15:00:00-00:00","NP15","Solar","Renewable Forecast Actual Generation","RENEW_FCST_ACT_MW",3,3,15.57465,"ACTUAL",1
"8","2019-11-04",8,0,"2019-11-04T15:00:00-00:00","2019-11-04T16:00:00-00:00","NP15","Solar","Renewable Forecast Actual Generation","RENEW_FCST_ACT_MW",3,3,405.84059,"ACTUAL",1
"9","2019-11-04",9,0,"2019-11-04T16:00:00-00:00","2019-11-04T17:00:00-00:00","NP15","Solar","Renewable Forecast Actual Generation","RENEW_FCST_ACT_MW",3,3,888.96832,"ACTUAL",1
"10","2019-11-04",10,0,"2019-11-04T17:00:00-00:00","2019-11-04T18:00:00-00:00","NP15","Solar","Renewable Forecast Actual Generation","RENEW_FCST_ACT_MW",3,3,945.90013,"ACTUAL",1
"11","2019-11-04",11,0,"2019-11-04T18:00:00-00:00","2019-11-04T19:00:00-00:00","NP15","Solar","Renewable Forecast Actual Generation","RENEW_FCST_ACT_MW",3,3,899.55863,"ACTUAL",1
"12","2019-11-04",12,0,"2019-11-04T19:00:00-00:00","2019-11-04T20:00:00-00:00","NP15","Solar","Renewable Forecast Actual Generation","RENEW_FCST_ACT_MW",3,3,863.94932,"ACTUAL",1
"13","2019-11-04",13,0,"2019-11-04T20:00:00-00:00","2019-11-04T21:00:00-00:00","NP15","Solar","Renewable Forecast Actual Generation","RENEW_FCST_ACT_MW",3,3,883.03639,"ACTUAL",1
"14","2019-11-04",14,0,"2019-11-04T21:00:00-00:00","2019-11-04T22:00:00-00:00","NP15","Solar","Renewable Forecast Actual Generation","RENEW_FCST_ACT_MW",3,3,927.90115,"ACTUAL",1
"15","2019-11-04",15,0,"2019-11-04T22:00:00-00:00","2019-11-04T23:00:00-00:00","NP15","Solar","Renewable Forecast Actual Generation","RENEW_FCST_ACT_MW",3,3,923.70245,"ACTUAL",1
"16","2019-11-04",16,0,"2019-11-04T23:00:00-00:00","2019-11-05T00:00:00-00:00","NP15","Solar","Renewable Forecast Actual Generation","RENEW_FCST_ACT_MW",3,3,653.22369,"ACTUAL",1
"17","2019-11-04",17,0,"2019-11-05T00:00:00-00:00","2019-11-05T01:00:00-00:00","NP15","Solar","Renewable Forecast Actual Generation","RENEW_FCST_ACT_MW",3,3,119.54186,"ACTUAL",1
"18","2019-11-04",18,0,"2019-11-05T01:00:00-00:00","2019-11-05T02:00:00-00:00","NP15","Solar","Renewable Forecast Actual Generation","RENEW_FCST_ACT_MW",3,3,-1.10555,"ACTUAL",1
"19","2019-11-04",19,0,"2019-11-05T02:00:00-00:00","2019-11-05T03:00:00-00:00","NP15","Solar","Renewable Forecast Actual Generation","RENEW_FCST_ACT_MW",3,3,-1.02868,"ACTUAL",1
"20","2019-11-04",20,0,"2019-11-05T03:00:00-00:00","2019-11-05T04:00:00-00:00","NP15","Solar","Renewable Forecast Actual Generation","RENEW_FCST_ACT_MW",3,3,-1.029,"ACTUAL",1
"21","2019-11-04",21,0,"2019-11-05T04:00:00-00:00","2019-11-05T05:00:00-00:00","NP15","Solar","Renewable Forecast Actual Generation","RENEW_FCST_ACT_MW",3,3,-1.03849,"ACTUAL",1
"22","2019-11-04",22,0,"2019-11-05T05:00:00-00:00","2019-11-05T06:00:00-00:00","NP15","Solar","Renewable Forecast Actual Generation","RENEW_FCST_ACT_MW",3,3,-1.03573,"ACTUAL",1
"23","2019-11-04",23,0,"2019-11-05T06:00:00-00:00","2019-11-05T07:00:00-00:00","NP15","Solar","Renewable Forecast Actual Generation","RENEW_FCST_ACT_MW",3,3,-1.05207,"ACTUAL",1
"24","2019-11-04",24,0,"2019-11-05T07:00:00-00:00","2019-11-05T08:00:00-00:00","NP15","Solar","Renewable Forecast Actual Generation","RENEW_FCST_ACT_MW",3,3,-1.06169,"ACTUAL",1
"25","2019-11-04",1,0,"2019-11-04T08:00:00-00:00","2019-11-04T09:00:00-00:00","NP15","Wind","Renewable Forecast Actual Generation","RENEW_FCST_ACT_MW",3,1,44.17889,"ACTUAL",2
"26","2019-11-04",24,0,"2019-11-05T07:00:00-00:00","2019-11-05T08:00:00-00:00","NP15","Wind","Renewable Forecast Actual Generation","RENEW_FCST_ACT_MW",3,1,35.93862,"ACTUAL",2
"27","2019-11-04",3,0,"2019-11-04T10:00:00-00:00","2019-11-04T11:00:00-00:00","NP15","Wind","Renewable Forecast Actual Generation","RENEW_FCST_ACT_MW",3,1,28.19632,"ACTUAL",2
"28","2019-11-04",4,0,"2019-11-04T11:00:00-00:00","2019-11-04T12:00:00-00:00","NP15","Wind","Renewable Forecast Actual Generation","RENEW_FCST_ACT_MW",3,1,26.0958,"ACTUAL",2
"29","2019-11-04",5,0,"2019-11-04T12:00:00-00:00","2019-11-04T13:00:00-00:00","NP15","Wind","Renewable Forecast Actual Generation","RENEW_FCST_ACT_MW",3,1,35.19541,"ACTUAL",2
"30","2019-11-04",6,0,"2019-11-04T13:00:00-00:00","2019-11-04T14:00:00-00:00","NP15","Wind","Renewable Forecast Actual Generation","RENEW_FCST_ACT_MW",3,1,47.80374,"ACTUAL",2
"31","2019-11-04",7,0,"2019-11-04T14:00:00-00:00","2019-11-04T15:00:00-00:00","NP15","Wind","Renewable Forecast Actual Generation","RENEW_FCST_ACT_MW",3,1,59.40633,"ACTUAL",2
"32","2019-11-04",8,0,"2019-11-04T15:00:00-00:00","2019-11-04T16:00:00-00:00","NP15","Wind","Renewable Forecast Actual Generation","RENEW_FCST_ACT_MW",3,1,54.73138,"ACTUAL",2
"33","2019-11-04",9,0,"2019-11-04T16:00:00-00:00","2019-11-04T17:00:00-00:00","NP15","Wind","Renewable Forecast Actual Generation","RENEW_FCST_ACT_MW",3,1,42.35017,"ACTUAL",2
"34","2019-11-04",10,0,"2019-11-04T17:00:00-00:00","2019-11-04T18:00:00-00:00","NP15","Wind","Renewable Forecast Actual Generation","RENEW_FCST_ACT_MW",3,1,39.9016,"ACTUAL",2
"35","2019-11-04",11,0,"2019-11-04T18:00:00-00:00","2019-11-04T19:00:00-00:00","NP15","Wind","Renewable Forecast Actual Generation","RENEW_FCST_ACT_MW",3,1,34.99231,"ACTUAL",2
"36","2019-11-04",12,0,"2019-11-04T19:00:00-00:00","2019-11-04T20:00:00-00:00","NP15","Wind","Renewable Forecast Actual Generation","RENEW_FCST_ACT_MW",3,1,33.63369,"ACTUAL",2
"37","2019-11-04",13,0,"2019-11-04T20:00:00-00:00","2019-11-04T21:00:00-00:00","NP15","Wind","Renewable Forecast Actual Generation","RENEW_FCST_ACT_MW",3,1,27.18335,"ACTUAL",2
"38","2019-11-04",14,0,"2019-11-04T21:00:00-00:00","2019-11-04T22:00:00-00:00","NP15","Wind","Renewable Forecast Actual Generation","RENEW_FCST_ACT_MW",3,1,15.82056,"ACTUAL",2
"39","2019-11-04",15,0,"2019-11-04T22:00:00-00:00","2019-11-04T23:00:00-00:00","NP15","Wind","Renewable Forecast Actual Generation","RENEW_FCST_ACT_MW",3,1,11.73349,"ACTUAL",2
"40","2019-11-04",16,0,"2019-11-04T23:00:00-00:00","2019-11-05T00:00:00-00:00","NP15","Wind","Renewable Forecast Actual Generation","RENEW_FCST_ACT_MW",3,1,15.45323,"ACTUAL",2
"41","2019-11-04",17,0,"2019-11-05T00:00:00-00:00","2019-11-05T01:00:00-00:00","NP15","Wind","Renewable Forecast Actual Generation","RENEW_FCST_ACT_MW",3,1,16.00835,"ACTUAL",2
"42","2019-11-04",18,0,"2019-11-05T01:00:00-00:00","2019-11-05T02:00:00-00:00","NP15","Wind","Renewable Forecast Actual Generation","RENEW_FCST_ACT_MW",3,1,18.01517,"ACTUAL",2
"43","2019-11-04",19,0,"2019-11-05T02:00:00-00:00","2019-11-05T03:00:00-00:00","NP15","Wind","Renewable Forecast Actual Generation","RENEW_FCST_ACT_MW",3,1,19.99011,"ACTUAL",2
"44","2019-11-04",20,0,"2019-11-05T03:00:00-00:00","2019-11-05T04:00:00-00:00","NP15","Wind","Renewable Forecast Actual Generation","RENEW_FCST_ACT_MW",3,1,26.99277,"ACTUAL",2
"45","2019-11-04",21,0,"2019-11-05T04:00:00-00:00","2019-11-05T05:00:00-00:00","NP15","Wind","Renewable Forecast Actual Generation","RENEW_FCST_ACT_MW",3,1,37.49248,"ACTUAL",2
"46","2019-11-04",22,0,"2019-11-05T05:00:00-00:00","2019-11-05T06:00:00-00:00","NP15","Wind","Renewable Forecast Actual Generation","RENEW_FCST_ACT_MW",3,1,32.88445,"ACTUAL",2
"47","2019-11-04",23,0,"2019-11-05T06:00:00-00:00","2019-11-05T07:00:00-00:00","NP15","Wind","Renewable Forecast Actual Generation","RENEW_FCST_ACT_MW",3,1,41.69278,"ACTUAL",2
"48","2019-11-04",2,0,"2019-11-04T09:00:00-00:00","2019-11-04T10:00:00-00:00","NP15","Wind","Renewable Forecast Actual Generation","RENEW_FCST_ACT_MW",3,1,22.65376,"ACTUAL",2
"49","2019-11-04",24,0,"2019-11-05T07:00:00-00:00","2019-11-05T08:00:00-00:00","SP15","Solar","Renewable Forecast Actual Generation","RENEW_FCST_ACT_MW",3,3,-20.49236,"ACTUAL",3
"50","2019-11-04",2,0,"2019-11-04T09:00:00-00:00","2019-11-04T10:00:00-00:00","SP15","Solar","Renewable Forecast Actual Generation","RENEW_FCST_ACT_MW",3,3,-18.734,"ACTUAL",3
"51","2019-11-04",23,0,"2019-11-05T06:00:00-00:00","2019-11-05T07:00:00-00:00","SP15","Solar","Renewable Forecast Actual Generation","RENEW_FCST_ACT_MW",3,3,-20.82437,"ACTUAL",3
"52","2019-11-04",6,0,"2019-11-04T13:00:00-00:00","2019-11-04T14:00:00-00:00","SP15","Solar","Renewable Forecast Actual Generation","RENEW_FCST_ACT_MW",3,3,-25.31618,"ACTUAL",3
"53","2019-11-04",22,0,"2019-11-05T05:00:00-00:00","2019-11-05T06:00:00-00:00","SP15","Solar","Renewable Forecast Actual Generation","RENEW_FCST_ACT_MW",3,3,-20.24423,"ACTUAL",3
"54","2019-11-04",11,0,"2019-11-04T18:00:00-00:00","2019-11-04T19:00:00-00:00","SP15","Solar","Renewable Forecast Actual Generation","RENEW_FCST_ACT_MW",3,3,5729.56795,"ACTUAL",3
"55","2019-11-04",21,0,"2019-11-05T04:00:00-00:00","2019-11-05T05:00:00-00:00","SP15","Solar","Renewable Forecast Actual Generation","RENEW_FCST_ACT_MW",3,3,-19.21799,"ACTUAL",3
"56","2019-11-04",3,0,"2019-11-04T10:00:00-00:00","2019-11-04T11:00:00-00:00","SP15","Solar","Renewable Forecast Actual Generation","RENEW_FCST_ACT_MW",3,3,-19.5032,"ACTUAL",3
"57","2019-11-04",20,0,"2019-11-05T03:00:00-00:00","2019-11-05T04:00:00-00:00","SP15","Solar","Renewable Forecast Actual Generation","RENEW_FCST_ACT_MW",3,3,-19.21449,"ACTUAL",3
"58","2019-11-04",10,0,"2019-11-04T17:00:00-00:00","2019-11-04T18:00:00-00:00","SP15","Solar","Renewable Forecast Actual Generation","RENEW_FCST_ACT_MW",3,3,5252.98517,"ACTUAL",3
"59","2019-11-04",19,0,"2019-11-05T02:00:00-00:00","2019-11-05T03:00:00-00:00","SP15","Solar","Renewable Forecast Actual Generation","RENEW_FCST_ACT_MW",3,3,-19.24122,"ACTUAL",3
"60","2019-11-04",5,0,"2019-11-04T12:00:00-00:00","2019-11-04T13:00:00-00:00","SP15","Solar","Renewable Forecast Actual Generation","RENEW_FCST_ACT_MW",3,3,-21.77231,"ACTUAL",3
"61","2019-11-04",18,0,"2019-11-05T01:00:00-00:00","2019-11-05T02:00:00-00:00","SP15","Solar","Renewable Forecast Actual Generation","RENEW_FCST_ACT_MW",3,3,-15.92756,"ACTUAL",3
"62","2019-11-04",9,0,"2019-11-04T16:00:00-00:00","2019-11-04T17:00:00-00:00","SP15","Solar","Renewable Forecast Actual Generation","RENEW_FCST_ACT_MW",3,3,4989.75052,"ACTUAL",3
"63","2019-11-04",17,0,"2019-11-05T00:00:00-00:00","2019-11-05T01:00:00-00:00","SP15","Solar","Renewable Forecast Actual Generation","RENEW_FCST_ACT_MW",3,3,573.86844,"ACTUAL",3
"64","2019-11-04",1,0,"2019-11-04T08:00:00-00:00","2019-11-04T09:00:00-00:00","SP15","Solar","Renewable Forecast Actual Generation","RENEW_FCST_ACT_MW",3,3,-19.02599,"ACTUAL",3
"65","2019-11-04",16,0,"2019-11-04T23:00:00-00:00","2019-11-05T00:00:00-00:00","SP15","Solar","Renewable Forecast Actual Generation","RENEW_FCST_ACT_MW",3,3,3406.60749,"ACTUAL",3
"66","2019-11-04",8,0,"2019-11-04T15:00:00-00:00","2019-11-04T16:00:00-00:00","SP15","Solar","Renewable Forecast Actual Generation","RENEW_FCST_ACT_MW",3,3,3036.6919,"ACTUAL",3
"67","2019-11-04",15,0,"2019-11-04T22:00:00-00:00","2019-11-04T23:00:00-00:00","SP15","Solar","Renewable Forecast Actual Generation","RENEW_FCST_ACT_MW",3,3,5419.18366,"ACTUAL",3
"68","2019-11-04",4,0,"2019-11-04T11:00:00-00:00","2019-11-04T12:00:00-00:00","SP15","Solar","Renewable Forecast Actual Generation","RENEW_FCST_ACT_MW",3,3,-20.99672,"ACTUAL",3
"69","2019-11-04",14,0,"2019-11-04T21:00:00-00:00","2019-11-04T22:00:00-00:00","SP15","Solar","Renewable Forecast Actual Generation","RENEW_FCST_ACT_MW",3,3,5780.68177,"ACTUAL",3
"70","2019-11-04",7,0,"2019-11-04T14:00:00-00:00","2019-11-04T15:00:00-00:00","SP15","Solar","Renewable Forecast Actual Generation","RENEW_FCST_ACT_MW",3,3,458.3727,"ACTUAL",3
"71","2019-11-04",13,0,"2019-11-04T20:00:00-00:00","2019-11-04T21:00:00-00:00","SP15","Solar","Renewable Forecast Actual Generation","RENEW_FCST_ACT_MW",3,3,5774.74876,"ACTUAL",3
"72","2019-11-04",12,0,"2019-11-04T19:00:00-00:00","2019-11-04T20:00:00-00:00","SP15","Solar","Renewable Forecast Actual Generation","RENEW_FCST_ACT_MW",3,3,5716.44565,"ACTUAL",3
"73","2019-11-04",23,0,"2019-11-05T06:00:00-00:00","2019-11-05T07:00:00-00:00","SP15","Wind","Renewable Forecast Actual Generation","RENEW_FCST_ACT_MW",3,1,72.51349,"ACTUAL",4
"74","2019-11-04",22,0,"2019-11-05T05:00:00-00:00","2019-11-05T06:00:00-00:00","SP15","Wind","Renewable Forecast Actual Generation","RENEW_FCST_ACT_MW",3,1,66.88082,"ACTUAL",4
"75","2019-11-04",21,0,"2019-11-05T04:00:00-00:00","2019-11-05T05:00:00-00:00","SP15","Wind","Renewable Forecast Actual Generation","RENEW_FCST_ACT_MW",3,1,59.04636,"ACTUAL",4
"76","2019-11-04",20,0,"2019-11-05T03:00:00-00:00","2019-11-05T04:00:00-00:00","SP15","Wind","Renewable Forecast Actual Generation","RENEW_FCST_ACT_MW",3,1,52.8023,"ACTUAL",4
"77","2019-11-04",19,0,"2019-11-05T02:00:00-00:00","2019-11-05T03:00:00-00:00","SP15","Wind","Renewable Forecast Actual Generation","RENEW_FCST_ACT_MW",3,1,51.46543,"ACTUAL",4
"78","2019-11-04",18,0,"2019-11-05T01:00:00-00:00","2019-11-05T02:00:00-00:00","SP15","Wind","Renewable Forecast Actual Generation","RENEW_FCST_ACT_MW",3,1,53.42624,"ACTUAL",4
"79","2019-11-04",17,0,"2019-11-05T00:00:00-00:00","2019-11-05T01:00:00-00:00","SP15","Wind","Renewable Forecast Actual Generation","RENEW_FCST_ACT_MW",3,1,55.90218,"ACTUAL",4
"80","2019-11-04",16,0,"2019-11-04T23:00:00-00:00","2019-11-05T00:00:00-00:00","SP15","Wind","Renewable Forecast Actual Generation","RENEW_FCST_ACT_MW",3,1,62.41461,"ACTUAL",4
"81","2019-11-04",15,0,"2019-11-04T22:00:00-00:00","2019-11-04T23:00:00-00:00","SP15","Wind","Renewable Forecast Actual Generation","RENEW_FCST_ACT_MW",3,1,72.35434,"ACTUAL",4
"82","2019-11-04",14,0,"2019-11-04T21:00:00-00:00","2019-11-04T22:00:00-00:00","SP15","Wind","Renewable Forecast Actual Generation","RENEW_FCST_ACT_MW",3,1,89.66519,"ACTUAL",4
"83","2019-11-04",13,0,"2019-11-04T20:00:00-00:00","2019-11-04T21:00:00-00:00","SP15","Wind","Renewable Forecast Actual Generation","RENEW_FCST_ACT_MW",3,1,96.52567,"ACTUAL",4
"84","2019-11-04",12,0,"2019-11-04T19:00:00-00:00","2019-11-04T20:00:00-00:00","SP15","Wind","Renewable Forecast Actual Generation","RENEW_FCST_ACT_MW",3,1,91.03243,"ACTUAL",4
"85","2019-11-04",11,0,"2019-11-04T18:00:00-00:00","2019-11-04T19:00:00-00:00","SP15","Wind","Renewable Forecast Actual Generation","RENEW_FCST_ACT_MW",3,1,82.45995,"ACTUAL",4
"86","2019-11-04",10,0,"2019-11-04T17:00:00-00:00","2019-11-04T18:00:00-00:00","SP15","Wind","Renewable Forecast Actual Generation","RENEW_FCST_ACT_MW",3,1,76.59732,"ACTUAL",4
"87","2019-11-04",9,0,"2019-11-04T16:00:00-00:00","2019-11-04T17:00:00-00:00","SP15","Wind","Renewable Forecast Actual Generation","RENEW_FCST_ACT_MW",3,1,62.17488,"ACTUAL",4
"88","2019-11-04",8,0,"2019-11-04T15:00:00-00:00","2019-11-04T16:00:00-00:00","SP15","Wind","Renewable Forecast Actual Generation","RENEW_FCST_ACT_MW",3,1,60.13312,"ACTUAL",4
"89","2019-11-04",7,0,"2019-11-04T14:00:00-00:00","2019-11-04T15:00:00-00:00","SP15","Wind","Renewable Forecast Actual Generation","RENEW_FCST_ACT_MW",3,1,67.05132,"ACTUAL",4
"90","2019-11-04",6,0,"2019-11-04T13:00:00-00:00","2019-11-04T14:00:00-00:00","SP15","Wind","Renewable Forecast Actual Generation","RENEW_FCST_ACT_MW",3,1,68.49924,"ACTUAL",4
"91","2019-11-04",5,0,"2019-11-04T12:00:00-00:00","2019-11-04T13:00:00-00:00","SP15","Wind","Renewable Forecast Actual Generation","RENEW_FCST_ACT_MW",3,1,75.30272,"ACTUAL",4
"92","2019-11-04",4,0,"2019-11-04T11:00:00-00:00","2019-11-04T12:00:00-00:00","SP15","Wind","Renewable Forecast Actual Generation","RENEW_FCST_ACT_MW",3,1,73.00863,"ACTUAL",4
"93","2019-11-04",3,0,"2019-11-04T10:00:00-00:00","2019-11-04T11:00:00-00:00","SP15","Wind","Renewable Forecast Actual Generation","RENEW_FCST_ACT_MW",3,1,80.02529,"ACTUAL",4
"94","2019-11-04",2,0,"2019-11-04T09:00:00-00:00","2019-11-04T10:00:00-00:00","SP15","Wind","Renewable Forecast Actual Generation","RENEW_FCST_ACT_MW",3,1,76.32447,"ACTUAL",4
"95","2019-11-04",24,0,"2019-11-05T07:00:00-00:00","2019-11-05T08:00:00-00:00","SP15","Wind","Renewable Forecast Actual Generation","RENEW_FCST_ACT_MW",3,1,64.82088,"ACTUAL",4
"96","2019-11-04",1,0,"2019-11-04T08:00:00-00:00","2019-11-04T09:00:00-00:00","SP15","Wind","Renewable Forecast Actual Generation","RENEW_FCST_ACT_MW",3,1,69.62152,"ACTUAL",4
"97","2019-11-04",1,0,"2019-11-04T08:00:00-00:00","2019-11-04T09:00:00-00:00","ZP26","Solar","Renewable Forecast Actual Generation","RENEW_FCST_ACT_MW",3,3,-5.82633,"ACTUAL",5
"98","2019-11-04",24,0,"2019-11-05T07:00:00-00:00","2019-11-05T08:00:00-00:00","ZP26","Solar","Renewable Forecast Actual Generation","RENEW_FCST_ACT_MW",3,3,-5.73778,"ACTUAL",5
"99","2019-11-04",3,0,"2019-11-04T10:00:00-00:00","2019-11-04T11:00:00-00:00","ZP26","Solar","Renewable Forecast Actual Generation","RENEW_FCST_ACT_MW",3,3,-6.70573,"ACTUAL",5
"100","2019-11-04",4,0,"2019-11-04T11:00:00-00:00","2019-11-04T12:00:00-00:00","ZP26","Solar","Renewable Forecast Actual Generation","RENEW_FCST_ACT_MW",3,3,-5.7822,"ACTUAL",5
"101","2019-11-04",5,0,"2019-11-04T12:00:00-00:00","2019-11-04T13:00:00-00:00","ZP26","Solar","Renewable Forecast Actual Generation","RENEW_FCST_ACT_MW",3,3,-5.68831,"ACTUAL",5
"102","2019-11-04",6,0,"2019-11-04T13:00:00-00:00","2019-11-04T14:00:00-00:00","ZP26","Solar","Renewable Forecast Actual Generation","RENEW_FCST_ACT_MW",3,3,-5.83546,"ACTUAL",5
"103","2019-11-04",7,0,"2019-11-04T14:00:00-00:00","2019-11-04T15:00:00-00:00","ZP26","Solar","Renewable Forecast Actual Generation","RENEW_FCST_ACT_MW",3,3,31.38056,"ACTUAL",5
"104","2019-11-04",8,0,"2019-11-04T15:00:00-00:00","2019-11-04T16:00:00-00:00","ZP26","Solar","Renewable Forecast Actual Generation","RENEW_FCST_ACT_MW",3,3,518.64437,"ACTUAL",5
"105","2019-11-04",9,0,"2019-11-04T16:00:00-00:00","2019-11-04T17:00:00-00:00","ZP26","Solar","Renewable Forecast Actual Generation","RENEW_FCST_ACT_MW",3,3,1114.84775,"ACTUAL",5
"106","2019-11-04",10,0,"2019-11-04T17:00:00-00:00","2019-11-04T18:00:00-00:00","ZP26","Solar","Renewable Forecast Actual Generation","RENEW_FCST_ACT_MW",3,3,1296.66151,"ACTUAL",5
"107","2019-11-04",11,0,"2019-11-04T18:00:00-00:00","2019-11-04T19:00:00-00:00","ZP26","Solar","Renewable Forecast Actual Generation","RENEW_FCST_ACT_MW",3,3,1326.74552,"ACTUAL",5
"108","2019-11-04",12,0,"2019-11-04T19:00:00-00:00","2019-11-04T20:00:00-00:00","ZP26","Solar","Renewable Forecast Actual Generation","RENEW_FCST_ACT_MW",3,3,1325.44412,"ACTUAL",5
"109","2019-11-04",13,0,"2019-11-04T20:00:00-00:00","2019-11-04T21:00:00-00:00","ZP26","Solar","Renewable Forecast Actual Generation","RENEW_FCST_ACT_MW",3,3,1325.26941,"ACTUAL",5
"110","2019-11-04",14,0,"2019-11-04T21:00:00-00:00","2019-11-04T22:00:00-00:00","ZP26","Solar","Renewable Forecast Actual Generation","RENEW_FCST_ACT_MW",3,3,1307.05993,"ACTUAL",5
"111","2019-11-04",15,0,"2019-11-04T22:00:00-00:00","2019-11-04T23:00:00-00:00","ZP26","Solar","Renewable Forecast Actual Generation","RENEW_FCST_ACT_MW",3,3,1197.16135,"ACTUAL",5
"112","2019-11-04",16,0,"2019-11-04T23:00:00-00:00","2019-11-05T00:00:00-00:00","ZP26","Solar","Renewable Forecast Actual Generation","RENEW_FCST_ACT_MW",3,3,777.08644,"ACTUAL",5
"113","2019-11-04",17,0,"2019-11-05T00:00:00-00:00","2019-11-05T01:00:00-00:00","ZP26","Solar","Renewable Forecast Actual Generation","RENEW_FCST_ACT_MW",3,3,151.27582,"ACTUAL",5
"114","2019-11-04",18,0,"2019-11-05T01:00:00-00:00","2019-11-05T02:00:00-00:00","ZP26","Solar","Renewable Forecast Actual Generation","RENEW_FCST_ACT_MW",3,3,-5.95045,"ACTUAL",5
"115","2019-11-04",19,0,"2019-11-05T02:00:00-00:00","2019-11-05T03:00:00-00:00","ZP26","Solar","Renewable Forecast Actual Generation","RENEW_FCST_ACT_MW",3,3,-5.63891,"ACTUAL",5
"116","2019-11-04",20,0,"2019-11-05T03:00:00-00:00","2019-11-05T04:00:00-00:00","ZP26","Solar","Renewable Forecast Actual Generation","RENEW_FCST_ACT_MW",3,3,-5.64727,"ACTUAL",5
"117","2019-11-04",21,0,"2019-11-05T04:00:00-00:00","2019-11-05T05:00:00-00:00","ZP26","Solar","Renewable Forecast Actual Generation","RENEW_FCST_ACT_MW",3,3,-5.6326,"ACTUAL",5
"118","2019-11-04",22,0,"2019-11-05T05:00:00-00:00","2019-11-05T06:00:00-00:00","ZP26","Solar","Renewable Forecast Actual Generation","RENEW_FCST_ACT_MW",3,3,-5.64476,"ACTUAL",5
"119","2019-11-04",23,0,"2019-11-05T06:00:00-00:00","2019-11-05T07:00:00-00:00","ZP26","Solar","Renewable Forecast Actual Generation","RENEW_FCST_ACT_MW",3,3,-5.74603,"ACTUAL",5
"120","2019-11-04",2,0,"2019-11-04T09:00:00-00:00","2019-11-04T10:00:00-00:00","ZP26","Solar","Renewable Forecast Actual Generation","RENEW_FCST_ACT_MW",3,3,-5.75762,"ACTUAL",5
