"","OPR_DT","OPR_HR","OPR_INTERVAL","INTERVALSTARTTIME_GMT","INTERVALENDTIME_GMT","TRADING_HUB","RENEWABLE_TYPE","LABEL","XML_DATA_ITEM","MARKET_RUN_ID_POS","RENEW_POS","MW","MARKET_RUN_ID","GROUP"
"1","2019-01-12",1,0,"2019-01-12T08:00:00-00:00","2019-01-12T09:00:00-00:00","NP15","Solar","Renewable Forecast Actual Generation","RENEW_FCST_ACT_MW",3,3,-3.22743,"ACTUAL",1
"2","2019-01-12",2,0,"2019-01-12T09:00:00-00:00","2019-01-12T10:00:00-00:00","NP15","Solar","Renewable Forecast Actual Generation","RENEW_FCST_ACT_MW",3,3,-3.22686,"ACTUAL",1
"3","2019-01-12",3,0,"2019-01-12T10:00:00-00:00","2019-01-12T11:00:00-00:00","NP15","Solar","Renewable Forecast Actual Generation","RENEW_FCST_ACT_MW",3,3,-3.24131,"ACTUAL",1
"4","2019-01-12",4,0,"2019-01-12T11:00:00-00:00","2019-01-12T12:00:00-00:00","NP15","Solar","Renewable Forecast Actual Generation","RENEW_FCST_ACT_MW",3,3,-3.25633,"ACTUAL",1
"5","2019-01-12",5,0,"2019-01-12T12:00:00-00:00","2019-01-12T13:00:00-00:00","NP15","Solar","Renewable Forecast Actual Generation","RENEW_FCST_ACT_MW",3,3,-3.23425,"ACTUAL",1
"6","2019-01-12",6,0,"2019-01-12T13:00:00-00:00","2019-01-12T14:00:00-00:00","NP15","Solar","Renewable Forecast Actual Generation","RENEW_FCST_ACT_MW",3,3,-3.22733,"ACTUAL",1
"7","2019-01-12",7,0,"2019-01-12T14:00:00-00:00","2019-01-12T15:00:00-00:00","NP15","Solar","Renewable Forecast Actual Generation","RENEW_FCST_ACT_MW",3,3,-3.22301,"ACTUAL",1
"8","2019-01-12",8,0,"2019-01-12T15:00:00-00:00","2019-01-12T16:00:00-00:00","NP15","Solar","Renewable Forecast Actual Generation","RENEW_FCST_ACT_MW",3,3,13.9443,"ACTUAL",1
"9","2019-01-12",9,0,"2019-01-12T16:00:00-00:00","2019-01-12T17:00:00-00:00","NP15","Solar","Renewable Forecast Actual Generation","RENEW_FCST_ACT_MW",3,3,161.61546,"ACTUAL",1
"10","2019-01-12",10,0,"2019-01-12T17:00:00-00:00","2019-01-12T18:00:00-00:00","NP15","Solar","Renewable Forecast Actual Generation","RENEW_FCST_ACT_MW",3,3,336.383,"ACTUAL",1
"11","2019-01-12",11,0,"2019-01-12T18:00:00-00:00","2019-01-12T19:00:00-00:00","NP15","Solar","Renewable Forecast Actual Generation","RENEW_FCST_ACT_MW",3,3,424.36244,"ACTUAL",1
"12","2019-01-12",12,0,"2019-01-12T19:00:00-00:00","2019-01-12T20:00:00-00:00","NP15","Solar","Renewable Forecast Actual Generation","RENEW_FCST_ACT_MW",3,3,733.5698,"ACTUAL",1
"13","2019-01-12",13,0,"2019-01-12T20:00:00-00:00","2019-01-12T21:00:00-00:00","NP15","Solar","Renewable Forecast Actual Generation","RENEW_FCST_ACT_MW",3,3,832.40535,"ACTUAL",1
"14","2019-01-12",14,0,"2019-01-12T21:00:00-00:00","2019-01-12T22:00:00-00:00","NP15","Solar","Renewable Forecast Actual Generation","RENEW_FCST_ACT_MW",3,3,910.10609,"ACTUAL",1
"15","2019-01-12",15,0,"2019-01-12T22:00:00-00:00","2019-01-12T23:00:00-00:00","NP15","Solar","Renewable Forecast Actual Generation","RENEW_FCST_ACT_MW",3,3,868.14414,"ACTUAL",1
"16","2019-01-12",16,0,"2019-01-12T23:00:00-00:00","2019-01-13T00:00:00-00:00","NP15","Solar","Renewable Forecast Actual Generation","RENEW_FCST_ACT_MW",3,3,769.15649,"ACTUAL",1
"17","2019-01-12",17,0,"2019-01-13T00:00:00-00:00","2019-01-13T01:00:00-00:00","NP15","Solar","Renewable Forecast Actual Generation","RENEW_FCST_ACT_MW",3,3,243.64775,"ACTUAL",1
"18","2019-01-12",18,0,"2019-01-13T01:00:00-00:00","2019-01-13T02:00:00-00:00","NP15","Solar","Renewable Forecast Actual Generation","RENEW_FCST_ACT_MW",3,3,65.76293,"ACTUAL",1
"19","2019-01-12",19,0,"2019-01-13T02:00:00-00:00","2019-01-13T03:00:00-00:00","NP15","Solar","Renewable Forecast Actual Generation","RENEW_FCST_ACT_MW",3,3,8.54701,"ACTUAL",1
"20","2019-01-12",20,0,"2019-01-13T03:00:00-00:00","2019-01-13T04:00:00-00:00","NP15","Solar","Renewable Forecast Actual Generation","RENEW_FCST_ACT_MW",3,3,-2.66762,"ACTUAL",1
"21","2019-01-12",21,0,"2019-01-13T04:00:00-00:00","2019-01-13T05:00:00-00:00","NP15","Solar","Renewable Forecast Actual Generation","RENEW_FCST_ACT_MW",3,3,-2.67646,"ACTUAL",1
"22","2019-01-12",22,0,"2019-01-13T05:00:00-00:00","2019-01-13T06:00:00-00:00","NP15","Solar","Renewable Forecast Actual Generation","RENEW_FCST_ACT_MW",3,3,-2.68407,"ACTUAL",1
"23","2019-01-12",23,0,"2019-01-13T06:00:00-00:00","2019-01-13T07:00:00-00:00","NP15","Solar","Renewable Forecast Actual Generation","RENEW_FCST_ACT_MW",3,3,-2.67445,"ACTUAL",1
"24","2019-01-12",24,0,"2019-01-13T07:00:00-00:00","2019-01-13T08:00:00-00:00","NP15","Solar","Renewable Forecast Actual Generation","RENEW_FCST_ACT_MW",3,3,-2.67896,"ACTUAL",1
"25","2019-01-12",1,0,"2019-01-12T08:00:00-00:00","2019-01-12T09:00:00-00:00","NP15","Wind","Renewable Forecast Actual Generation","RENEW_FCST_ACT_MW",3,1,91.08248,"ACTUAL",2
"26","2019-01-12",24,0,"2019-01-13T07:00:00-00:00","2019-01-13T08:00:00-00:00","NP15","Wind","Renewable Forecast Actual Generation","RENEW_FCST_ACT_MW",3,1,27.38988,"ACTUAL",2
"27","2019-01-12",3,0,"2019-01-12T10:00:00-00:00","2019-01-12T11:00:00-00:00","NP15","Wind","Renewable Forecast Actual Generation","RENEW_FCST_ACT_MW",3,1,64.92867,"ACTUAL",2
"28","2019-01-12",4,0,"2019-01-12T11:00:00-00:00","2019-01-12T12:00:00-00:00","NP15","Wind","Renewable Forecast Actual Generation","RENEW_FCST_ACT_MW",3,1,39.94045,"ACTUAL",2
"29","2019-01-12",5,0,"2019-01-12T12:00:00-00:00","2019-01-12T13:00:00-00:00","NP15","Wind","Renewable Forecast Actual Generation","RENEW_FCST_ACT_MW",3,1,36.8584,"ACTUAL",2
"30","2019-01-12",6,0,"2019-01-12T13:00:00-00:00","2019-01-12T14:00:00-00:00","NP15","Wind","Renewable Forecast Actual Generation","RENEW_FCST_ACT_MW",3,1,23.14387,"ACTUAL",2
"31","2019-01-12",7,0,"2019-01-12T14:00:00-00:00","2019-01-12T15:00:00-00:00","NP15","Wind","Renewable Forecast Actual Generation","RENEW_FCST_ACT_MW",3,1,11.17883,"ACTUAL",2
"32","2019-01-12",8,0,"2019-01-12T15:00:00-00:00","2019-01-12T16:00:00-00:00","NP15","Wind","Renewable Forecast Actual Generation","RENEW_FCST_ACT_MW",3,1,23.99763,"ACTUAL",2
"33","2019-01-12",9,0,"2019-01-12T16:00:00-00:00","2019-01-12T17:00:00-00:00","NP15","Wind","Renewable Forecast Actual Generation","RENEW_FCST_ACT_MW",3,1,38.09652,"ACTUAL",2
"34","2019-01-12",10,0,"2019-01-12T17:00:00-00:00","2019-01-12T18:00:00-00:00","NP15","Wind","Renewable Forecast Actual Generation","RENEW_FCST_ACT_MW",3,1,24.35697,"ACTUAL",2
"35","2019-01-12",11,0,"2019-01-12T18:00:00-00:00","2019-01-12T19:00:00-00:00","NP15","Wind","Renewable Forecast Actual Generation","RENEW_FCST_ACT_MW",3,1,38.66623,"ACTUAL",2
"36","2019-01-12",12,0,"2019-01-12T19:00:00-00:00","2019-01-12T20:00:00-00:00","NP15","Wind","Renewable Forecast Actual Generation","RENEW_FCST_ACT_MW",3,1,53.70214,"ACTUAL",2
"37","2019-01-12",13,0,"2019-01-12T20:00:00-00:00","2019-01-12T21:00:00-00:00","NP15","Wind","Renewable Forecast Actual Generation","RENEW_FCST_ACT_MW",3,1,35.19302,"ACTUAL",2
"38","2019-01-12",14,0,"2019-01-12T21:00:00-00:00","2019-01-12T22:00:00-00:00","NP15","Wind","Renewable Forecast Actual Generation","RENEW_FCST_ACT_MW",3,1,29.74057,"ACTUAL",2
"39","2019-01-12",15,0,"2019-01-12T22:00:00-00:00","2019-01-12T23:00:00-00:00","NP15","Wind","Renewable Forecast Actual Generation","RENEW_FCST_ACT_MW",3,1,43.89396,"ACTUAL",2
"40","2019-01-12",16,0,"2019-01-12T23:00:00-00:00","2019-01-13T00:00:00-00:00","NP15","Wind","Renewable Forecast Actual Generation","RENEW_FCST_ACT_MW",3,1,60.5169,"ACTUAL",2
"41","2019-01-12",17,0,"2019-01-13T00:00:00-00:00","2019-01-13T01:00:00-00:00","NP15","Wind","Renewable Forecast Actual Generation","RENEW_FCST_ACT_MW",3,1,45.87236,"ACTUAL",2
"42","2019-01-12",18,0,"2019-01-13T01:00:00-00:00","2019-01-13T02:00:00-00:00","NP15","Wind","Renewable Forecast Actual Generation","RENEW_FCST_ACT_MW",3,1,59.33168,"ACTUAL",2
"43","2019-01-12",19,0,"2019-01-13T02:00:00-00:00","2019-01-13T03:00:00-00:00","NP15","Wind","Renewable Forecast Actual Generation","RENEW_FCST_ACT_MW",3,1,32.82896,"ACTUAL",2
"44","2019-01-12",20,0,"2019-01-13T03:00:00-00:00","2019-01-13T04:00:00-00:00","NP15","Wind","Renewable Forecast Actual Generation","RENEW_FCST_ACT_MW",3,1,25.37293,"ACTUAL",2
"45","2019-01-12",21,0,"2019-01-13T04:00:00-00:00","2019-01-13T05:00:00-00:00","NP15","Wind","Renewable Forecast Actual Generation","RENEW_FCST_ACT_MW",3,1,42.57718,"ACTUAL",2
"46","2019-01-12",22,0,"2019-01-13T05:00:00-00:00","2019-01-13T06:00:00-00:00","NP15","Wind","Renewable Forecast Actual Generation","RENEW_FCST_ACT_MW",3,1,15.99026,"ACTUAL",2
"47","2019-01-12",23,0,"2019-01-13T06:00:00-00:00","2019-01-13T07:00:00-00:00","NP15","Wind","Renewable Forecast Actual Generation","RENEW_FCST_ACT_MW",3,1,21.25951,"ACTUAL",2
"48","2019-01-12",2,0,"2019-01-12T09:00:00-00:00","2019-01-12T10:00:00-00:00","NP15","Wind","Renewable Forecast Actual Generation","RENEW_FCST_ACT_MW",3,1,46.87566,"ACTUAL",2
"49","2019-01-12",24,0,"2019-01-13T07:00:00-00:00","2019-01-13T08:00:00-00:00","SP15","Solar","Renewable Forecast Actual Generation","RENEW_FCST_ACT_MW",3,3,-7.70241,"ACTUAL",3
"50","2019-01-12",2,0,"2019-01-12T09:00:00-00:00","2019-01-12T10:00:00-00:00","SP15","Solar","Renewable Forecast Actual Generation","RENEW_FCST_ACT_MW",3,3,-7.46516,"ACTUAL",3
"51","2019-01-12",23,0,"2019-01-13T06:00:00-00:00","2019-01-13T07:00:00-00:00","SP15","Solar","Renewable Forecast Actual Generation","RENEW_FCST_ACT_MW",3,3,-7.36062,"ACTUAL",3
"52","2019-01-12",6,0,"2019-01-12T13:00:00-00:00","2019-01-12T14:00:00-00:00","SP15","Solar","Renewable Forecast Actual Generation","RENEW_FCST_ACT_MW",3,3,-7.38975,"ACTUAL",3
"53","2019-01-12",22,0,"2019-01-13T05:00:00-00:00","2019-01-13T06:00:00-00:00","SP15","Solar","Renewable Forecast Actual Generation","RENEW_FCST_ACT_MW",3,3,-5.67846,"ACTUAL",3
"54","2019-01-12",11,0,"2019-01-12T18:00:00-00:00","2019-01-12T19:00:00-00:00","SP15","Solar","Renewable Forecast Actual Generation","RENEW_FCST_ACT_MW",3,3,2445.55473,"ACTUAL",3
"55","2019-01-12",21,0,"2019-01-13T04:00:00-00:00","2019-01-13T05:00:00-00:00","SP15","Solar","Renewable Forecast Actual Generation","RENEW_FCST_ACT_MW",3,3,-5.97617,"ACTUAL",3
"56","2019-01-12",3,0,"2019-01-12T10:00:00-00:00","2019-01-12T11:00:00-00:00","SP15","Solar","Renewable Forecast Actual Generation","RENEW_FCST_ACT_MW",3,3,-7.61633,"ACTUAL",3
"57","2019-01-12",20,0,"2019-01-13T03:00:00-00:00","2019-01-13T04:00:00-00:00","SP15","Solar","Renewable Forecast Actual Generation","RENEW_FCST_ACT_MW",3,3,-6.15064,"ACTUAL",3
"58","2019-01-12",10,0,"2019-01-12T17:00:00-00:00","2019-01-12T18:00:00-00:00","SP15","Solar","Renewable Forecast Actual Generation","RENEW_FCST_ACT_MW",3,3,1812.093,"ACTUAL",3
"59","2019-01-12",19,0,"2019-01-13T02:00:00-00:00","2019-01-13T03:00:00-00:00","SP15","Solar","Renewable Forecast Actual Generation","RENEW_FCST_ACT_MW",3,3,-6.1227,"ACTUAL",3
"60","2019-01-12",5,0,"2019-01-12T12:00:00-00:00","2019-01-12T13:00:00-00:00","SP15","Solar","Renewable Forecast Actual Generation","RENEW_FCST_ACT_MW",3,3,-7.59446,"ACTUAL",3
"61","2019-01-12",18,0,"2019-01-13T01:00:00-00:00","2019-01-13T02:00:00-00:00","SP15","Solar","Renewable Forecast Actual Generation","RENEW_FCST_ACT_MW",3,3,-7.18472,"ACTUAL",3
"62","2019-01-12",9,0,"2019-01-12T16:00:00-00:00","2019-01-12T17:00:00-00:00","SP15","Solar","Renewable Forecast Actual Generation","RENEW_FCST_ACT_MW",3,3,837.65411,"ACTUAL",3
"63","2019-01-12",17,0,"2019-01-13T00:00:00-00:00","2019-01-13T01:00:00-00:00","SP15","Solar","Renewable Forecast Actual Generation","RENEW_FCST_ACT_MW",3,3,87.60931,"ACTUAL",3
"64","2019-01-12",1,0,"2019-01-12T08:00:00-00:00","2019-01-12T09:00:00-00:00","SP15","Solar","Renewable Forecast Actual Generation","RENEW_FCST_ACT_MW",3,3,-7.63633,"ACTUAL",3
"65","2019-01-12",16,0,"2019-01-12T23:00:00-00:00","2019-01-13T00:00:00-00:00","SP15","Solar","Renewable Forecast Actual Generation","RENEW_FCST_ACT_MW",3,3,680.14574,"ACTUAL",3
"66","2019-01-12",8,0,"2019-01-12T15:00:00-00:00","2019-01-12T16:00:00-00:00","SP15","Solar","Renewable Forecast Actual Generation","RENEW_FCST_ACT_MW",3,3,258.38621,"ACTUAL",3
"67","2019-01-12",15,0,"2019-01-12T22:00:00-00:00","2019-01-12T23:00:00-00:00","SP15","Solar","Renewable Forecast Actual Generation","RENEW_FCST_ACT_MW",3,3,1347.78243,"ACTUAL",3
"68","2019-01-12",4,0,"2019-01-12T11:00:00-00:00","2019-01-12T12:00:00-00:00","SP15","Solar","Renewable Forecast Actual Generation","RENEW_FCST_ACT_MW",3,3,-7.15837,"ACTUAL",3
"69","2019-01-12",14,0,"2019-01-12T21:00:00-00:00","2019-01-12T22:00:00-00:00","SP15","Solar","Renewable Forecast Actual Generation","RENEW_FCST_ACT_MW",3,3,1783.58445,"ACTUAL",3
"70","2019-01-12",7,0,"2019-01-12T14:00:00-00:00","2019-01-12T15:00:00-00:00","SP15","Solar","Renewable Forecast Actual Generation","RENEW_FCST_ACT_MW",3,3,-0.88427,"ACTUAL",3
"71","2019-01-12",13,0,"2019-01-12T20:00:00-00:00","2019-01-12T21:00:00-00:00","SP15","Solar","Renewable Forecast Actual Generation","RENEW_FCST_ACT_MW",3,3,2121.59782,"ACTUAL",3
"72","2019-01-12",12,0,"2019-01-12T19:00:00-00:00","2019-01-12T20:00:00-00:00","SP15","Solar","Renewable Forecast Actual Generation","RENEW_FCST_ACT_MW",3,3,2384.66212,"ACTUAL",3
"73","2019-01-12",23,0,"2019-01-13T06:00:00-00:00","2019-01-13T07:00:00-00:00","SP15","Wind","Renewable Forecast Actual Generation","RENEW_FCST_ACT_MW",3,1,154.61701,"ACTUAL",4
"74","2019-01-12",22,0,"2019-01-13T05:00:00-00:00","2019-01-13T06:00:00-00:00","SP15","Wind","Renewable Forecast Actual Generation","RENEW_FCST_ACT_MW",3,1,200.9874,"ACTUAL",4
"75","2019-01-12",21,0,"2019-01-13T04:00:00-00:00","2019-01-13T05:00:00-00:00","SP15","Wind","Renewable Forecast Actual Generation","RENEW_FCST_ACT_MW",3,1,259.49578,"ACTUAL",4
"76","2019-01-12",20,0,"2019-01-13T03:00:00-00:00","2019-01-13T04:00:00-00:00","SP15","Wind","Renewable Forecast Actual Generation","RENEW_FCST_ACT_MW",3,1,394.41812,"ACTUAL",4
"77","2019-01-12",19,0,"2019-01-13T02:00:00-00:00","2019-01-13T03:00:00-00:00","SP15","Wind","Renewable Forecast Actual Generation","RENEW_FCST_ACT_MW",3,1,525.08779,"ACTUAL",4
"78","2019-01-12",18,0,"2019-01-13T01:00:00-00:00","2019-01-13T02:00:00-00:00","SP15","Wind","Renewable Forecast Actual Generation","RENEW_FCST_ACT_MW",3,1,505.69246,"ACTUAL",4
"79","2019-01-12",17,0,"2019-01-13T00:00:00-00:00","2019-01-13T01:00:00-00:00","SP15","Wind","Renewable Forecast Actual Generation","RENEW_FCST_ACT_MW",3,1,563.02391,"ACTUAL",4
"80","2019-01-12",16,0,"2019-01-12T23:00:00-00:00","2019-01-13T00:00:00-00:00","SP15","Wind","Renewable Forecast Actual Generation","RENEW_FCST_ACT_MW",3,1,680.58861,"ACTUAL",4
"81","2019-01-12",15,0,"2019-01-12T22:00:00-00:00","2019-01-12T23:00:00-00:00","SP15","Wind","Renewable Forecast Actual Generation","RENEW_FCST_ACT_MW",3,1,638.20781,"ACTUAL",4
"82","2019-01-12",14,0,"2019-01-12T21:00:00-00:00","2019-01-12T22:00:00-00:00","SP15","Wind","Renewable Forecast Actual Generation","RENEW_FCST_ACT_MW",3,1,616.33699,"ACTUAL",4
"83","2019-01-12",13,0,"2019-01-12T20:00:00-00:00","2019-01-12T21:00:00-00:00","SP15","Wind","Renewable Forecast Actual Generation","RENEW_FCST_ACT_MW",3,1,345.87843,"ACTUAL",4
"84","2019-01-12",12,0,"2019-01-12T19:00:00-00:00","2019-01-12T20:00:00-00:00","SP15","Wind","Renewable Forecast Actual Generation","RENEW_FCST_ACT_MW",3,1,271.41707,"ACTUAL",4
"85","2019-01-12",11,0,"2019-01-12T18:00:00-00:00","2019-01-12T19:00:00-00:00","SP15","Wind","Renewable Forecast Actual Generation","RENEW_FCST_ACT_MW",3,1,277.67553,"ACTUAL",4
"86","2019-01-12",10,0,"2019-01-12T17:00:00-00:00","2019-01-12T18:00:00-00:00","SP15","Wind","Renewable Forecast Actual Generation","RENEW_FCST_ACT_MW",3,1,308.8109,"ACTUAL",4
"87","2019-01-12",9,0,"2019-01-12T16:00:00-00:00","2019-01-12T17:00:00-00:00","SP15","Wind","Renewable Forecast Actual Generation","RENEW_FCST_ACT_MW",3,1,363.69943,"ACTUAL",4
"88","2019-01-12",8,0,"2019-01-12T15:00:00-00:00","2019-01-12T16:00:00-00:00","SP15","Wind","Renewable Forecast Actual Generation","RENEW_FCST_ACT_MW",3,1,362.18795,"ACTUAL",4
"89","2019-01-12",7,0,"2019-01-12T14:00:00-00:00","2019-01-12T15:00:00-00:00","SP15","Wind","Renewable Forecast Actual Generation","RENEW_FCST_ACT_MW",3,1,297.12752,"ACTUAL",4
"90","2019-01-12",6,0,"2019-01-12T13:00:00-00:00","2019-01-12T14:00:00-00:00","SP15","Wind","Renewable Forecast Actual Generation","RENEW_FCST_ACT_MW",3,1,332.97172,"ACTUAL",4
"91","2019-01-12",5,0,"2019-01-12T12:00:00-00:00","2019-01-12T13:00:00-00:00","SP15","Wind","Renewable Forecast Actual Generation","RENEW_FCST_ACT_MW",3,1,432.86935,"ACTUAL",4
"92","2019-01-12",4,0,"2019-01-12T11:00:00-00:00","2019-01-12T12:00:00-00:00","SP15","Wind","Renewable Forecast Actual Generation","RENEW_FCST_ACT_MW",3,1,472.67012,"ACTUAL",4
"93","2019-01-12",3,0,"2019-01-12T10:00:00-00:00","2019-01-12T11:00:00-00:00","SP15","Wind","Renewable Forecast Actual Generation","RENEW_FCST_ACT_MW",3,1,498.87958,"ACTUAL",4
"94","2019-01-12",2,0,"2019-01-12T09:00:00-00:00","2019-01-12T10:00:00-00:00","SP15","Wind","Renewable Forecast Actual Generation","RENEW_FCST_ACT_MW",3,1,839.4242,"ACTUAL",4
"95","2019-01-12",24,0,"2019-01-13T07:00:00-00:00","2019-01-13T08:00:00-00:00","SP15","Wind","Renewable Forecast Actual Generation","RENEW_FCST_ACT_MW",3,1,199.78951,"ACTUAL",4
"96","2019-01-12",1,0,"2019-01-12T08:00:00-00:00","2019-01-12T09:00:00-00:00","SP15","Wind","Renewable Forecast Actual Generation","RENEW_FCST_ACT_MW",3,1,1009.13192,"ACTUAL",4
"97","2019-01-12",1,0,"2019-01-12T08:00:00-00:00","2019-01-12T09:00:00-00:00","ZP26","Solar","Renewable Forecast Actual Generation","RENEW_FCST_ACT_MW",3,3,-4.9634,"ACTUAL",5
"98","2019-01-12",24,0,"2019-01-13T07:00:00-00:00","2019-01-13T08:00:00-00:00","ZP26","Solar","Renewable Forecast Actual Generation","RENEW_FCST_ACT_MW",3,3,-4.88441,"ACTUAL",5
"99","2019-01-12",3,0,"2019-01-12T10:00:00-00:00","2019-01-12T11:00:00-00:00","ZP26","Solar","Renewable Forecast Actual Generation","RENEW_FCST_ACT_MW",3,3,-4.96955,"ACTUAL",5
"100","2019-01-12",4,0,"2019-01-12T11:00:00-00:00","2019-01-12T12:00:00-00:00","ZP26","Solar","Renewable Forecast Actual Generation","RENEW_FCST_ACT_MW",3,3,-5.45083,"ACTUAL",5
"101","2019-01-12",5,0,"2019-01-12T12:00:00-00:00","2019-01-12T13:00:00-00:00","ZP26","Solar","Renewable Forecast Actual Generation","RENEW_FCST_ACT_MW",3,3,-5.35852,"ACTUAL",5
"102","2019-01-12",6,0,"2019-01-12T13:00:00-00:00","2019-01-12T14:00:00-00:00","ZP26","Solar","Renewable Forecast Actual Generation","RENEW_FCST_ACT_MW",3,3,-5.35146,"ACTUAL",5
"103","2019-01-12",7,0,"2019-01-12T14:00:00-00:00","2019-01-12T15:00:00-00:00","ZP26","Solar","Renewable Forecast Actual Generation","RENEW_FCST_ACT_MW",3,3,-5.35589,"ACTUAL",5
"104","2019-01-12",8,0,"2019-01-12T15:00:00-00:00","2019-01-12T16:00:00-00:00","ZP26","Solar","Renewable Forecast Actual Generation","RENEW_FCST_ACT_MW",3,3,28.24916,"ACTUAL",5
"105","2019-01-12",9,0,"2019-01-12T16:00:00-00:00","2019-01-12T17:00:00-00:00","ZP26","Solar","Renewable Forecast Actual Generation","RENEW_FCST_ACT_MW",3,3,289.90385,"ACTUAL",5
"106","2019-01-12",10,0,"2019-01-12T17:00:00-00:00","2019-01-12T18:00:00-00:00","ZP26","Solar","Renewable Forecast Actual Generation","RENEW_FCST_ACT_MW",3,3,724.8025,"ACTUAL",5
"107","2019-01-12",11,0,"2019-01-12T18:00:00-00:00","2019-01-12T19:00:00-00:00","ZP26","Solar","Renewable Forecast Actual Generation","RENEW_FCST_ACT_MW",3,3,1045.64074,"ACTUAL",5
"108","2019-01-12",12,0,"2019-01-12T19:00:00-00:00","2019-01-12T20:00:00-00:00","ZP26","Solar","Renewable Forecast Actual Generation","RENEW_FCST_ACT_MW",3,3,1128.52374,"ACTUAL",5
"109","2019-01-12",13,0,"2019-01-12T20:00:00-00:00","2019-01-12T21:00:00-00:00","ZP26","Solar","Renewable Forecast Actual Generation","RENEW_FCST_ACT_MW",3,3,1119.48418,"ACTUAL",5
"110","2019-01-12",14,0,"2019-01-12T21:00:00-00:00","2019-01-12T22:00:00-00:00","ZP26","Solar","Renewable Forecast Actual Generation","RENEW_FCST_ACT_MW",3,3,816.9789,"ACTUAL",5
"111","2019-01-12",15,0,"2019-01-12T22:00:00-00:00","2019-01-12T23:00:00-00:00","ZP26","Solar","Renewable Forecast Actual Generation","RENEW_FCST_ACT_MW",3,3,860.19952,"ACTUAL",5
"112","2019-01-12",16,0,"2019-01-12T23:00:00-00:00","2019-01-13T00:00:00-00:00","ZP26","Solar","Renewable Forecast Actual Generation","RENEW_FCST_ACT_MW",3,3,550.89236,"ACTUAL",5
"113","2019-01-12",17,0,"2019-01-13T00:00:00-00:00","2019-01-13T01:00:00-00:00","ZP26","Solar","Renewable Forecast Actual Generation","RENEW_FCST_ACT_MW",3,3,116.68446,"ACTUAL",5
"114","2019-01-12",18,0,"2019-01-13T01:00:00-00:00","2019-01-13T02:00:00-00:00","ZP26","Solar","Renewable Forecast Actual Generation","RENEW_FCST_ACT_MW",3,3,-4.77364,"ACTUAL",5
"115","2019-01-12",19,0,"2019-01-13T02:00:00-00:00","2019-01-13T03:00:00-00:00","ZP26","Solar","Renewable Forecast Actual Generation","RENEW_FCST_ACT_MW",3,3,-4.89541,"ACTUAL",5
"116","2019-01-12",20,0,"2019-01-13T03:00:00-00:00","2019-01-13T04:00:00-00:00","ZP26","Solar","Renewable Forecast Actual Generation","RENEW_FCST_ACT_MW",3,3,-4.86975,"ACTUAL",5
"117","2019-01-12",21,0,"2019-01-13T04:00:00-00:00","2019-01-13T05:00:00-00:00","ZP26","Solar","Renewable Forecast Actual Generation","RENEW_FCST_ACT_MW",3,3,-4.86189,"ACTUAL",5
"118","2019-01-12",22,0,"2019-01-13T05:00:00-00:00","2019-01-13T06:00:00-00:00","ZP26","Solar","Renewable Forecast Actual Generation","RENEW_FCST_ACT_MW",3,3,-4.86753,"ACTUAL",5
"119","2019-01-12",23,0,"2019-01-13T06:00:00-00:00","2019-01-13T07:00:00-00:00","ZP26","Solar","Renewable Forecast Actual Generation","RENEW_FCST_ACT_MW",3,3,-4.86264,"ACTUAL",5
"120","2019-01-12",2,0,"2019-01-12T09:00:00-00:00","2019-01-12T10:00:00-00:00","ZP26","Solar","Renewable Forecast Actual Generation","RENEW_FCST_ACT_MW",3,3,-4.96188,"ACTUAL",5
