"","OPR_DT","OPR_HR","OPR_INTERVAL","INTERVALSTARTTIME_GMT","INTERVALENDTIME_GMT","TRADING_HUB","RENEWABLE_TYPE","LABEL","XML_DATA_ITEM","MARKET_RUN_ID_POS","RENEW_POS","MW","MARKET_RUN_ID","GROUP"
"1","2019-10-22",2,0,"2019-10-22T08:00:00-00:00","2019-10-22T09:00:00-00:00","NP15","Solar","Renewable Forecast Actual Generation","RENEW_FCST_ACT_MW",3,3,-3.4983,"ACTUAL",1
"2","2019-10-22",3,0,"2019-10-22T09:00:00-00:00","2019-10-22T10:00:00-00:00","NP15","Solar","Renewable Forecast Actual Generation","RENEW_FCST_ACT_MW",3,3,-3.5283,"ACTUAL",1
"3","2019-10-22",4,0,"2019-10-22T10:00:00-00:00","2019-10-22T11:00:00-00:00","NP15","Solar","Renewable Forecast Actual Generation","RENEW_FCST_ACT_MW",3,3,-3.53666,"ACTUAL",1
"4","2019-10-22",5,0,"2019-10-22T11:00:00-00:00","2019-10-22T12:00:00-00:00","NP15","Solar","Renewable Forecast Actual Generation","RENEW_FCST_ACT_MW",3,3,-3.51921,"ACTUAL",1
"5","2019-10-22",6,0,"2019-10-22T12:00:00-00:00","2019-10-22T13:00:00-00:00","NP15","Solar","Renewable Forecast Actual Generation","RENEW_FCST_ACT_MW",3,3,-3.47754,"ACTUAL",1
"6","2019-10-22",7,0,"2019-10-22T13:00:00-00:00","2019-10-22T14:00:00-00:00","NP15","Solar","Renewable Forecast Actual Generation","RENEW_FCST_ACT_MW",3,3,-3.50103,"ACTUAL",1
"7","2019-10-22",8,0,"2019-10-22T14:00:00-00:00","2019-10-22T15:00:00-00:00","NP15","Solar","Renewable Forecast Actual Generation","RENEW_FCST_ACT_MW",3,3,55.24534,"ACTUAL",1
"8","2019-10-22",9,0,"2019-10-22T15:00:00-00:00","2019-10-22T16:00:00-00:00","NP15","Solar","Renewable Forecast Actual Generation","RENEW_FCST_ACT_MW",3,3,593.65035,"ACTUAL",1
"9","2019-10-22",10,0,"2019-10-22T16:00:00-00:00","2019-10-22T17:00:00-00:00","NP15","Solar","Renewable Forecast Actual Generation","RENEW_FCST_ACT_MW",3,3,1002.07239,"ACTUAL",1
"10","2019-10-22",11,0,"2019-10-22T17:00:00-00:00","2019-10-22T18:00:00-00:00","NP15","Solar","Renewable Forecast Actual Generation","RENEW_FCST_ACT_MW",3,3,1048.48755,"ACTUAL",1
"11","2019-10-22",12,0,"2019-10-22T18:00:00-00:00","2019-10-22T19:00:00-00:00","NP15","Solar","Renewable Forecast Actual Generation","RENEW_FCST_ACT_MW",3,3,1015.12731,"ACTUAL",1
"12","2019-10-22",13,0,"2019-10-22T19:00:00-00:00","2019-10-22T20:00:00-00:00","NP15","Solar","Renewable Forecast Actual Generation","RENEW_FCST_ACT_MW",3,3,985.98114,"ACTUAL",1
"13","2019-10-22",14,0,"2019-10-22T20:00:00-00:00","2019-10-22T21:00:00-00:00","NP15","Solar","Renewable Forecast Actual Generation","RENEW_FCST_ACT_MW",3,3,999.81411,"ACTUAL",1
"14","2019-10-22",15,0,"2019-10-22T21:00:00-00:00","2019-10-22T22:00:00-00:00","NP15","Solar","Renewable Forecast Actual Generation","RENEW_FCST_ACT_MW",3,3,1040.85528,"ACTUAL",1
"15","2019-10-22",16,0,"2019-10-22T22:00:00-00:00","2019-10-22T23:00:00-00:00","NP15","Solar","Renewable Forecast Actual Generation","RENEW_FCST_ACT_MW",3,3,1046.85967,"ACTUAL",1
"16","2019-10-22",17,0,"2019-10-22T23:00:00-00:00","2019-10-23T00:00:00-00:00","NP15","Solar","Renewable Forecast Actual Generation","RENEW_FCST_ACT_MW",3,3,861.63222,"ACTUAL",1
"17","2019-10-22",18,0,"2019-10-23T00:00:00-00:00","2019-10-23T01:00:00-00:00","NP15","Solar","Renewable Forecast Actual Generation","RENEW_FCST_ACT_MW",3,3,237.53642,"ACTUAL",1
"18","2019-10-22",19,0,"2019-10-23T01:00:00-00:00","2019-10-23T02:00:00-00:00","NP15","Solar","Renewable Forecast Actual Generation","RENEW_FCST_ACT_MW",3,3,-1.42662,"ACTUAL",1
"19","2019-10-22",20,0,"2019-10-23T02:00:00-00:00","2019-10-23T03:00:00-00:00","NP15","Solar","Renewable Forecast Actual Generation","RENEW_FCST_ACT_MW",3,3,-3.47886,"ACTUAL",1
"20","2019-10-22",21,0,"2019-10-23T03:00:00-00:00","2019-10-23T04:00:00-00:00","NP15","Solar","Renewable Forecast Actual Generation","RENEW_FCST_ACT_MW",3,3,-3.4538,"ACTUAL",1
"21","2019-10-22",22,0,"2019-10-23T04:00:00-00:00","2019-10-23T05:00:00-00:00","NP15","Solar","Renewable Forecast Actual Generation","RENEW_FCST_ACT_MW",3,3,-3.4735,"ACTUAL",1
"22","2019-10-22",23,0,"2019-10-23T05:00:00-00:00","2019-10-23T06:00:00-00:00","NP15","Solar","Renewable Forecast Actual Generation","RENEW_FCST_ACT_MW",3,3,-3.50576,"ACTUAL",1
"23","2019-10-22",24,0,"2019-10-23T06:00:00-00:00","2019-10-23T07:00:00-00:00","NP15","Solar","Renewable Forecast Actual Generation","RENEW_FCST_ACT_MW",3,3,-3.49806,"ACTUAL",1
"24","2019-10-22",18,0,"2019-10-23T00:00:00-00:00","2019-10-23T01:00:00-00:00","NP15","Wind","Renewable Forecast Actual Generation","RENEW_FCST_ACT_MW",3,1,37.49713,"ACTUAL",2
"25","2019-10-22",6,0,"2019-10-22T12:00:00-00:00","2019-10-22T13:00:00-00:00","NP15","Wind","Renewable Forecast Actual Generation","RENEW_FCST_ACT_MW",3,1,372.38794,"ACTUAL",2
"26","2019-10-22",17,0,"2019-10-22T23:00:00-00:00","2019-10-23T00:00:00-00:00","NP15","Wind","Renewable Forecast Actual Generation","RENEW_FCST_ACT_MW",3,1,55.09808,"ACTUAL",2
"27","2019-10-22",16,0,"2019-10-22T22:00:00-00:00","2019-10-22T23:00:00-00:00","NP15","Wind","Renewable Forecast Actual Generation","RENEW_FCST_ACT_MW",3,1,89.37834,"ACTUAL",2
"28","2019-10-22",15,0,"2019-10-22T21:00:00-00:00","2019-10-22T22:00:00-00:00","NP15","Wind","Renewable Forecast Actual Generation","RENEW_FCST_ACT_MW",3,1,131.31246,"ACTUAL",2
"29","2019-10-22",14,0,"2019-10-22T20:00:00-00:00","2019-10-22T21:00:00-00:00","NP15","Wind","Renewable Forecast Actual Generation","RENEW_FCST_ACT_MW",3,1,153.07614,"ACTUAL",2
"30","2019-10-22",13,0,"2019-10-22T19:00:00-00:00","2019-10-22T20:00:00-00:00","NP15","Wind","Renewable Forecast Actual Generation","RENEW_FCST_ACT_MW",3,1,201.31927,"ACTUAL",2
"31","2019-10-22",12,0,"2019-10-22T18:00:00-00:00","2019-10-22T19:00:00-00:00","NP15","Wind","Renewable Forecast Actual Generation","RENEW_FCST_ACT_MW",3,1,201.36195,"ACTUAL",2
"32","2019-10-22",11,0,"2019-10-22T17:00:00-00:00","2019-10-22T18:00:00-00:00","NP15","Wind","Renewable Forecast Actual Generation","RENEW_FCST_ACT_MW",3,1,176.68896,"ACTUAL",2
"33","2019-10-22",10,0,"2019-10-22T16:00:00-00:00","2019-10-22T17:00:00-00:00","NP15","Wind","Renewable Forecast Actual Generation","RENEW_FCST_ACT_MW",3,1,175.08239,"ACTUAL",2
"34","2019-10-22",9,0,"2019-10-22T15:00:00-00:00","2019-10-22T16:00:00-00:00","NP15","Wind","Renewable Forecast Actual Generation","RENEW_FCST_ACT_MW",3,1,176.09587,"ACTUAL",2
"35","2019-10-22",8,0,"2019-10-22T14:00:00-00:00","2019-10-22T15:00:00-00:00","NP15","Wind","Renewable Forecast Actual Generation","RENEW_FCST_ACT_MW",3,1,157.50891,"ACTUAL",2
"36","2019-10-22",7,0,"2019-10-22T13:00:00-00:00","2019-10-22T14:00:00-00:00","NP15","Wind","Renewable Forecast Actual Generation","RENEW_FCST_ACT_MW",3,1,169.25421,"ACTUAL",2
"37","2019-10-22",5,0,"2019-10-22T11:00:00-00:00","2019-10-22T12:00:00-00:00","NP15","Wind","Renewable Forecast Actual Generation","RENEW_FCST_ACT_MW",3,1,478.32262,"ACTUAL",2
"38","2019-10-22",4,0,"2019-10-22T10:00:00-00:00","2019-10-22T11:00:00-00:00","NP15","Wind","Renewable Forecast Actual Generation","RENEW_FCST_ACT_MW",3,1,210.86053,"ACTUAL",2
"39","2019-10-22",3,0,"2019-10-22T09:00:00-00:00","2019-10-22T10:00:00-00:00","NP15","Wind","Renewable Forecast Actual Generation","RENEW_FCST_ACT_MW",3,1,124.2613,"ACTUAL",2
"40","2019-10-22",2,0,"2019-10-22T08:00:00-00:00","2019-10-22T09:00:00-00:00","NP15","Wind","Renewable Forecast Actual Generation","RENEW_FCST_ACT_MW",3,1,83.55044,"ACTUAL",2
"41","2019-10-22",24,0,"2019-10-23T06:00:00-00:00","2019-10-23T07:00:00-00:00","NP15","Wind","Renewable Forecast Actual Generation","RENEW_FCST_ACT_MW",3,1,125.05396,"ACTUAL",2
"42","2019-10-22",23,0,"2019-10-23T05:00:00-00:00","2019-10-23T06:00:00-00:00","NP15","Wind","Renewable Forecast Actual Generation","RENEW_FCST_ACT_MW",3,1,86.42739,"ACTUAL",2
"43","2019-10-22",22,0,"2019-10-23T04:00:00-00:00","2019-10-23T05:00:00-00:00","NP15","Wind","Renewable Forecast Actual Generation","RENEW_FCST_ACT_MW",3,1,71.07862,"ACTUAL",2
"44","2019-10-22",21,0,"2019-10-23T03:00:00-00:00","2019-10-23T04:00:00-00:00","NP15","Wind","Renewable Forecast Actual Generation","RENEW_FCST_ACT_MW",3,1,75.32274,"ACTUAL",2
"45","2019-10-22",20,0,"2019-10-23T02:00:00-00:00","2019-10-23T03:00:00-00:00","NP15","Wind","Renewable Forecast Actual Generation","RENEW_FCST_ACT_MW",3,1,82.60139,"ACTUAL",2
"46","2019-10-22",19,0,"2019-10-23T01:00:00-00:00","2019-10-23T02:00:00-00:00","NP15","Wind","Renewable Forecast Actual Generation","RENEW_FCST_ACT_MW",3,1,76.41316,"ACTUAL",2
"47","2019-10-22",6,0,"2019-10-22T12:00:00-00:00","2019-10-22T13:00:00-00:00","SP15","Solar","Renewable Forecast Actual Generation","RENEW_FCST_ACT_MW",3,3,-10.60472,"ACTUAL",3
"48","2019-10-22",18,0,"2019-10-23T00:00:00-00:00","2019-10-23T01:00:00-00:00","SP15","Solar","Renewable Forecast Actual Generation","RENEW_FCST_ACT_MW",3,3,1111.21102,"ACTUAL",3
"49","2019-10-22",5,0,"2019-10-22T11:00:00-00:00","2019-10-22T12:00:00-00:00","SP15","Solar","Renewable Forecast Actual Generation","RENEW_FCST_ACT_MW",3,3,-9.32255,"ACTUAL",3
"50","2019-10-22",11,0,"2019-10-22T17:00:00-00:00","2019-10-22T18:00:00-00:00","SP15","Solar","Renewable Forecast Actual Generation","RENEW_FCST_ACT_MW",3,3,6239.93599,"ACTUAL",3
"51","2019-10-22",4,0,"2019-10-22T10:00:00-00:00","2019-10-22T11:00:00-00:00","SP15","Solar","Renewable Forecast Actual Generation","RENEW_FCST_ACT_MW",3,3,-8.53502,"ACTUAL",3
"52","2019-10-22",15,0,"2019-10-22T21:00:00-00:00","2019-10-22T22:00:00-00:00","SP15","Solar","Renewable Forecast Actual Generation","RENEW_FCST_ACT_MW",3,3,5852.80852,"ACTUAL",3
"53","2019-10-22",3,0,"2019-10-22T09:00:00-00:00","2019-10-22T10:00:00-00:00","SP15","Solar","Renewable Forecast Actual Generation","RENEW_FCST_ACT_MW",3,3,-7.59893,"ACTUAL",3
"54","2019-10-22",10,0,"2019-10-22T16:00:00-00:00","2019-10-22T17:00:00-00:00","SP15","Solar","Renewable Forecast Actual Generation","RENEW_FCST_ACT_MW",3,3,5749.0758,"ACTUAL",3
"55","2019-10-22",2,0,"2019-10-22T08:00:00-00:00","2019-10-22T09:00:00-00:00","SP15","Solar","Renewable Forecast Actual Generation","RENEW_FCST_ACT_MW",3,3,-7.73832,"ACTUAL",3
"56","2019-10-22",13,0,"2019-10-22T19:00:00-00:00","2019-10-22T20:00:00-00:00","SP15","Solar","Renewable Forecast Actual Generation","RENEW_FCST_ACT_MW",3,3,6120.45168,"ACTUAL",3
"57","2019-10-22",24,0,"2019-10-23T06:00:00-00:00","2019-10-23T07:00:00-00:00","SP15","Solar","Renewable Forecast Actual Generation","RENEW_FCST_ACT_MW",3,3,-7.41142,"ACTUAL",3
"58","2019-10-22",9,0,"2019-10-22T15:00:00-00:00","2019-10-22T16:00:00-00:00","SP15","Solar","Renewable Forecast Actual Generation","RENEW_FCST_ACT_MW",3,3,3775.97245,"ACTUAL",3
"59","2019-10-22",23,0,"2019-10-23T05:00:00-00:00","2019-10-23T06:00:00-00:00","SP15","Solar","Renewable Forecast Actual Generation","RENEW_FCST_ACT_MW",3,3,-7.0991,"ACTUAL",3
"60","2019-10-22",16,0,"2019-10-22T22:00:00-00:00","2019-10-22T23:00:00-00:00","SP15","Solar","Renewable Forecast Actual Generation","RENEW_FCST_ACT_MW",3,3,5854.21099,"ACTUAL",3
"61","2019-10-22",22,0,"2019-10-23T04:00:00-00:00","2019-10-23T05:00:00-00:00","SP15","Solar","Renewable Forecast Actual Generation","RENEW_FCST_ACT_MW",3,3,-6.92763,"ACTUAL",3
"62","2019-10-22",8,0,"2019-10-22T14:00:00-00:00","2019-10-22T15:00:00-00:00","SP15","Solar","Renewable Forecast Actual Generation","RENEW_FCST_ACT_MW",3,3,828.85405,"ACTUAL",3
"63","2019-10-22",21,0,"2019-10-23T03:00:00-00:00","2019-10-23T04:00:00-00:00","SP15","Solar","Renewable Forecast Actual Generation","RENEW_FCST_ACT_MW",3,3,-6.3761,"ACTUAL",3
"64","2019-10-22",12,0,"2019-10-22T18:00:00-00:00","2019-10-22T19:00:00-00:00","SP15","Solar","Renewable Forecast Actual Generation","RENEW_FCST_ACT_MW",3,3,6356.34717,"ACTUAL",3
"65","2019-10-22",20,0,"2019-10-23T02:00:00-00:00","2019-10-23T03:00:00-00:00","SP15","Solar","Renewable Forecast Actual Generation","RENEW_FCST_ACT_MW",3,3,-6.85763,"ACTUAL",3
"66","2019-10-22",7,0,"2019-10-22T13:00:00-00:00","2019-10-22T14:00:00-00:00","SP15","Solar","Renewable Forecast Actual Generation","RENEW_FCST_ACT_MW",3,3,-9.45981,"ACTUAL",3
"67","2019-10-22",19,0,"2019-10-23T01:00:00-00:00","2019-10-23T02:00:00-00:00","SP15","Solar","Renewable Forecast Actual Generation","RENEW_FCST_ACT_MW",3,3,38.39352,"ACTUAL",3
"68","2019-10-22",14,0,"2019-10-22T20:00:00-00:00","2019-10-22T21:00:00-00:00","SP15","Solar","Renewable Forecast Actual Generation","RENEW_FCST_ACT_MW",3,3,5747.46455,"ACTUAL",3
"69","2019-10-22",17,0,"2019-10-22T23:00:00-00:00","2019-10-23T00:00:00-00:00","SP15","Solar","Renewable Forecast Actual Generation","RENEW_FCST_ACT_MW",3,3,4129.32891,"ACTUAL",3
"70","2019-10-22",18,0,"2019-10-23T00:00:00-00:00","2019-10-23T01:00:00-00:00","SP15","Wind","Renewable Forecast Actual Generation","RENEW_FCST_ACT_MW",3,1,284.87065,"ACTUAL",4
"71","2019-10-22",19,0,"2019-10-23T01:00:00-00:00","2019-10-23T02:00:00-00:00","SP15","Wind","Renewable Forecast Actual Generation","RENEW_FCST_ACT_MW",3,1,306.28316,"ACTUAL",4
"72","2019-10-22",20,0,"2019-10-23T02:00:00-00:00","2019-10-23T03:00:00-00:00","SP15","Wind","Renewable Forecast Actual Generation","RENEW_FCST_ACT_MW",3,1,259.45861,"ACTUAL",4
"73","2019-10-22",21,0,"2019-10-23T03:00:00-00:00","2019-10-23T04:00:00-00:00","SP15","Wind","Renewable Forecast Actual Generation","RENEW_FCST_ACT_MW",3,1,213.59348,"ACTUAL",4
"74","2019-10-22",22,0,"2019-10-23T04:00:00-00:00","2019-10-23T05:00:00-00:00","SP15","Wind","Renewable Forecast Actual Generation","RENEW_FCST_ACT_MW",3,1,179.26798,"ACTUAL",4
"75","2019-10-22",23,0,"2019-10-23T05:00:00-00:00","2019-10-23T06:00:00-00:00","SP15","Wind","Renewable Forecast Actual Generation","RENEW_FCST_ACT_MW",3,1,196.63886,"ACTUAL",4
"76","2019-10-22",24,0,"2019-10-23T06:00:00-00:00","2019-10-23T07:00:00-00:00","SP15","Wind","Renewable Forecast Actual Generation","RENEW_FCST_ACT_MW",3,1,157.3537,"ACTUAL",4
"77","2019-10-22",2,0,"2019-10-22T08:00:00-00:00","2019-10-22T09:00:00-00:00","SP15","Wind","Renewable Forecast Actual Generation","RENEW_FCST_ACT_MW",3,1,171.0972,"ACTUAL",4
"78","2019-10-22",3,0,"2019-10-22T09:00:00-00:00","2019-10-22T10:00:00-00:00","SP15","Wind","Renewable Forecast Actual Generation","RENEW_FCST_ACT_MW",3,1,220.68706,"ACTUAL",4
"79","2019-10-22",4,0,"2019-10-22T10:00:00-00:00","2019-10-22T11:00:00-00:00","SP15","Wind","Renewable Forecast Actual Generation","RENEW_FCST_ACT_MW",3,1,300.59519,"ACTUAL",4
"80","2019-10-22",5,0,"2019-10-22T11:00:00-00:00","2019-10-22T12:00:00-00:00","SP15","Wind","Renewable Forecast Actual Generation","RENEW_FCST_ACT_MW",3,1,308.90681,"ACTUAL",4
"81","2019-10-22",6,0,"2019-10-22T12:00:00-00:00","2019-10-22T13:00:00-00:00","SP15","Wind","Renewable Forecast Actual Generation","RENEW_FCST_ACT_MW",3,1,337.93324,"ACTUAL",4
"82","2019-10-22",7,0,"2019-10-22T13:00:00-00:00","2019-10-22T14:00:00-00:00","SP15","Wind","Renewable Forecast Actual Generation","RENEW_FCST_ACT_MW",3,1,333.99129,"ACTUAL",4
"83","2019-10-22",8,0,"2019-10-22T14:00:00-00:00","2019-10-22T15:00:00-00:00","SP15","Wind","Renewable Forecast Actual Generation","RENEW_FCST_ACT_MW",3,1,312.94284,"ACTUAL",4
"84","2019-10-22",9,0,"2019-10-22T15:00:00-00:00","2019-10-22T16:00:00-00:00","SP15","Wind","Renewable Forecast Actual Generation","RENEW_FCST_ACT_MW",3,1,275.34014,"ACTUAL",4
"85","2019-10-22",10,0,"2019-10-22T16:00:00-00:00","2019-10-22T17:00:00-00:00","SP15","Wind","Renewable Forecast Actual Generation","RENEW_FCST_ACT_MW",3,1,251.28677,"ACTUAL",4
"86","2019-10-22",11,0,"2019-10-22T17:00:00-00:00","2019-10-22T18:00:00-00:00","SP15","Wind","Renewable Forecast Actual Generation","RENEW_FCST_ACT_MW",3,1,235.85833,"ACTUAL",4
"87","2019-10-22",12,0,"2019-10-22T18:00:00-00:00","2019-10-22T19:00:00-00:00","SP15","Wind","Renewable Forecast Actual Generation","RENEW_FCST_ACT_MW",3,1,209.70215,"ACTUAL",4
"88","2019-10-22",13,0,"2019-10-22T19:00:00-00:00","2019-10-22T20:00:00-00:00","SP15","Wind","Renewable Forecast Actual Generation","RENEW_FCST_ACT_MW",3,1,175.85819,"ACTUAL",4
"89","2019-10-22",14,0,"2019-10-22T20:00:00-00:00","2019-10-22T21:00:00-00:00","SP15","Wind","Renewable Forecast Actual Generation","RENEW_FCST_ACT_MW",3,1,125.14855,"ACTUAL",4
"90","2019-10-22",15,0,"2019-10-22T21:00:00-00:00","2019-10-22T22:00:00-00:00","SP15","Wind","Renewable Forecast Actual Generation","RENEW_FCST_ACT_MW",3,1,118.30797,"ACTUAL",4
"91","2019-10-22",16,0,"2019-10-22T22:00:00-00:00","2019-10-22T23:00:00-00:00","SP15","Wind","Renewable Forecast Actual Generation","RENEW_FCST_ACT_MW",3,1,139.6817,"ACTUAL",4
"92","2019-10-22",17,0,"2019-10-22T23:00:00-00:00","2019-10-23T00:00:00-00:00","SP15","Wind","Renewable Forecast Actual Generation","RENEW_FCST_ACT_MW",3,1,163.26757,"ACTUAL",4
"93","2019-10-22",18,0,"2019-10-23T00:00:00-00:00","2019-10-23T01:00:00-00:00","ZP26","Solar","Renewable Forecast Actual Generation","RENEW_FCST_ACT_MW",3,3,289.99626,"ACTUAL",5
"94","2019-10-22",17,0,"2019-10-22T23:00:00-00:00","2019-10-23T00:00:00-00:00","ZP26","Solar","Renewable Forecast Actual Generation","RENEW_FCST_ACT_MW",3,3,957.06755,"ACTUAL",5
"95","2019-10-22",20,0,"2019-10-23T02:00:00-00:00","2019-10-23T03:00:00-00:00","ZP26","Solar","Renewable Forecast Actual Generation","RENEW_FCST_ACT_MW",3,3,-5.56963,"ACTUAL",5
"96","2019-10-22",21,0,"2019-10-23T03:00:00-00:00","2019-10-23T04:00:00-00:00","ZP26","Solar","Renewable Forecast Actual Generation","RENEW_FCST_ACT_MW",3,3,-5.56181,"ACTUAL",5
"97","2019-10-22",22,0,"2019-10-23T04:00:00-00:00","2019-10-23T05:00:00-00:00","ZP26","Solar","Renewable Forecast Actual Generation","RENEW_FCST_ACT_MW",3,3,-5.47876,"ACTUAL",5
"98","2019-10-22",23,0,"2019-10-23T05:00:00-00:00","2019-10-23T06:00:00-00:00","ZP26","Solar","Renewable Forecast Actual Generation","RENEW_FCST_ACT_MW",3,3,-5.46439,"ACTUAL",5
"99","2019-10-22",24,0,"2019-10-23T06:00:00-00:00","2019-10-23T07:00:00-00:00","ZP26","Solar","Renewable Forecast Actual Generation","RENEW_FCST_ACT_MW",3,3,-5.44854,"ACTUAL",5
"100","2019-10-22",2,0,"2019-10-22T08:00:00-00:00","2019-10-22T09:00:00-00:00","ZP26","Solar","Renewable Forecast Actual Generation","RENEW_FCST_ACT_MW",3,3,-5.50902,"ACTUAL",5
"101","2019-10-22",3,0,"2019-10-22T09:00:00-00:00","2019-10-22T10:00:00-00:00","ZP26","Solar","Renewable Forecast Actual Generation","RENEW_FCST_ACT_MW",3,3,-5.62354,"ACTUAL",5
"102","2019-10-22",4,0,"2019-10-22T10:00:00-00:00","2019-10-22T11:00:00-00:00","ZP26","Solar","Renewable Forecast Actual Generation","RENEW_FCST_ACT_MW",3,3,-5.6742,"ACTUAL",5
"103","2019-10-22",5,0,"2019-10-22T11:00:00-00:00","2019-10-22T12:00:00-00:00","ZP26","Solar","Renewable Forecast Actual Generation","RENEW_FCST_ACT_MW",3,3,-5.66496,"ACTUAL",5
"104","2019-10-22",6,0,"2019-10-22T12:00:00-00:00","2019-10-22T13:00:00-00:00","ZP26","Solar","Renewable Forecast Actual Generation","RENEW_FCST_ACT_MW",3,3,-5.60109,"ACTUAL",5
"105","2019-10-22",7,0,"2019-10-22T13:00:00-00:00","2019-10-22T14:00:00-00:00","ZP26","Solar","Renewable Forecast Actual Generation","RENEW_FCST_ACT_MW",3,3,-5.63424,"ACTUAL",5
"106","2019-10-22",8,0,"2019-10-22T14:00:00-00:00","2019-10-22T15:00:00-00:00","ZP26","Solar","Renewable Forecast Actual Generation","RENEW_FCST_ACT_MW",3,3,87.12962,"ACTUAL",5
"107","2019-10-22",9,0,"2019-10-22T15:00:00-00:00","2019-10-22T16:00:00-00:00","ZP26","Solar","Renewable Forecast Actual Generation","RENEW_FCST_ACT_MW",3,3,699.08743,"ACTUAL",5
"108","2019-10-22",10,0,"2019-10-22T16:00:00-00:00","2019-10-22T17:00:00-00:00","ZP26","Solar","Renewable Forecast Actual Generation","RENEW_FCST_ACT_MW",3,3,1216.27008,"ACTUAL",5
"109","2019-10-22",11,0,"2019-10-22T17:00:00-00:00","2019-10-22T18:00:00-00:00","ZP26","Solar","Renewable Forecast Actual Generation","RENEW_FCST_ACT_MW",3,3,1374.2521,"ACTUAL",5
"110","2019-10-22",12,0,"2019-10-22T18:00:00-00:00","2019-10-22T19:00:00-00:00","ZP26","Solar","Renewable Forecast Actual Generation","RENEW_FCST_ACT_MW",3,3,1400.38416,"ACTUAL",5
"111","2019-10-22",13,0,"2019-10-22T19:00:00-00:00","2019-10-22T20:00:00-00:00","ZP26","Solar","Renewable Forecast Actual Generation","RENEW_FCST_ACT_MW",3,3,1413.28927,"ACTUAL",5
"112","2019-10-22",14,0,"2019-10-22T20:00:00-00:00","2019-10-22T21:00:00-00:00","ZP26","Solar","Renewable Forecast Actual Generation","RENEW_FCST_ACT_MW",3,3,1412.03371,"ACTUAL",5
"113","2019-10-22",15,0,"2019-10-22T21:00:00-00:00","2019-10-22T22:00:00-00:00","ZP26","Solar","Renewable Forecast Actual Generation","RENEW_FCST_ACT_MW",3,3,1388.63715,"ACTUAL",5
"114","2019-10-22",16,0,"2019-10-22T22:00:00-00:00","2019-10-22T23:00:00-00:00","ZP26","Solar","Renewable Forecast Actual Generation","RENEW_FCST_ACT_MW",3,3,1294.48668,"ACTUAL",5
"115","2019-10-22",19,0,"2019-10-23T01:00:00-00:00","2019-10-23T02:00:00-00:00","ZP26","Solar","Renewable Forecast Actual Generation","RENEW_FCST_ACT_MW",3,3,-3.1355,"ACTUAL",5
"116","2019-10-23",1,0,"2019-10-23T07:00:00-00:00","2019-10-23T08:00:00-00:00","NP15","Solar","Renewable Forecast Actual Generation","RENEW_FCST_ACT_MW",3,3,-3.52362,"ACTUAL",6
"117","2019-10-23",1,0,"2019-10-23T07:00:00-00:00","2019-10-23T08:00:00-00:00","NP15","Wind","Renewable Forecast Actual Generation","RENEW_FCST_ACT_MW",3,1,180.80004,"ACTUAL",7
"118","2019-10-23",1,0,"2019-10-23T07:00:00-00:00","2019-10-23T08:00:00-00:00","SP15","Solar","Renewable Forecast Actual Generation","RENEW_FCST_ACT_MW",3,3,-7.04592,"ACTUAL",8
"119","2019-10-23",1,0,"2019-10-23T07:00:00-00:00","2019-10-23T08:00:00-00:00","SP15","Wind","Renewable Forecast Actual Generation","RENEW_FCST_ACT_MW",3,1,97.96245,"ACTUAL",9
"120","2019-10-23",1,0,"2019-10-23T07:00:00-00:00","2019-10-23T08:00:00-00:00","ZP26","Solar","Renewable Forecast Actual Generation","RENEW_FCST_ACT_MW",3,3,-5.46753,"ACTUAL",10
