"","OPR_DT","OPR_HR","OPR_INTERVAL","INTERVALSTARTTIME_GMT","INTERVALENDTIME_GMT","TRADING_HUB","RENEWABLE_TYPE","LABEL","XML_DATA_ITEM","MARKET_RUN_ID_POS","RENEW_POS","MW","MARKET_RUN_ID","GROUP"
"1","2019-01-20",1,0,"2019-01-20T08:00:00-00:00","2019-01-20T09:00:00-00:00","NP15","Solar","Renewable Forecast Actual Generation","RENEW_FCST_ACT_MW",3,3,-3.44879,"ACTUAL",1
"2","2019-01-20",2,0,"2019-01-20T09:00:00-00:00","2019-01-20T10:00:00-00:00","NP15","Solar","Renewable Forecast Actual Generation","RENEW_FCST_ACT_MW",3,3,-3.4583,"ACTUAL",1
"3","2019-01-20",3,0,"2019-01-20T10:00:00-00:00","2019-01-20T11:00:00-00:00","NP15","Solar","Renewable Forecast Actual Generation","RENEW_FCST_ACT_MW",3,3,-3.50332,"ACTUAL",1
"4","2019-01-20",4,0,"2019-01-20T11:00:00-00:00","2019-01-20T12:00:00-00:00","NP15","Solar","Renewable Forecast Actual Generation","RENEW_FCST_ACT_MW",3,3,-3.49114,"ACTUAL",1
"5","2019-01-20",5,0,"2019-01-20T12:00:00-00:00","2019-01-20T13:00:00-00:00","NP15","Solar","Renewable Forecast Actual Generation","RENEW_FCST_ACT_MW",3,3,-3.48906,"ACTUAL",1
"6","2019-01-20",6,0,"2019-01-20T13:00:00-00:00","2019-01-20T14:00:00-00:00","NP15","Solar","Renewable Forecast Actual Generation","RENEW_FCST_ACT_MW",3,3,-3.48824,"ACTUAL",1
"7","2019-01-20",7,0,"2019-01-20T14:00:00-00:00","2019-01-20T15:00:00-00:00","NP15","Solar","Renewable Forecast Actual Generation","RENEW_FCST_ACT_MW",3,3,-3.54269,"ACTUAL",1
"8","2019-01-20",8,0,"2019-01-20T15:00:00-00:00","2019-01-20T16:00:00-00:00","NP15","Solar","Renewable Forecast Actual Generation","RENEW_FCST_ACT_MW",3,3,11.35637,"ACTUAL",1
"9","2019-01-20",9,0,"2019-01-20T16:00:00-00:00","2019-01-20T17:00:00-00:00","NP15","Solar","Renewable Forecast Actual Generation","RENEW_FCST_ACT_MW",3,3,99.81359,"ACTUAL",1
"10","2019-01-20",10,0,"2019-01-20T17:00:00-00:00","2019-01-20T18:00:00-00:00","NP15","Solar","Renewable Forecast Actual Generation","RENEW_FCST_ACT_MW",3,3,211.13637,"ACTUAL",1
"11","2019-01-20",11,0,"2019-01-20T18:00:00-00:00","2019-01-20T19:00:00-00:00","NP15","Solar","Renewable Forecast Actual Generation","RENEW_FCST_ACT_MW",3,3,389.86759,"ACTUAL",1
"12","2019-01-20",12,0,"2019-01-20T19:00:00-00:00","2019-01-20T20:00:00-00:00","NP15","Solar","Renewable Forecast Actual Generation","RENEW_FCST_ACT_MW",3,3,613.6755,"ACTUAL",1
"13","2019-01-20",13,0,"2019-01-20T20:00:00-00:00","2019-01-20T21:00:00-00:00","NP15","Solar","Renewable Forecast Actual Generation","RENEW_FCST_ACT_MW",3,3,794.88738,"ACTUAL",1
"14","2019-01-20",14,0,"2019-01-20T21:00:00-00:00","2019-01-20T22:00:00-00:00","NP15","Solar","Renewable Forecast Actual Generation","RENEW_FCST_ACT_MW",3,3,737.15759,"ACTUAL",1
"15","2019-01-20",15,0,"2019-01-20T22:00:00-00:00","2019-01-20T23:00:00-00:00","NP15","Solar","Renewable Forecast Actual Generation","RENEW_FCST_ACT_MW",3,3,581.84633,"ACTUAL",1
"16","2019-01-20",16,0,"2019-01-20T23:00:00-00:00","2019-01-21T00:00:00-00:00","NP15","Solar","Renewable Forecast Actual Generation","RENEW_FCST_ACT_MW",3,3,555.57563,"ACTUAL",1
"17","2019-01-20",17,0,"2019-01-21T00:00:00-00:00","2019-01-21T01:00:00-00:00","NP15","Solar","Renewable Forecast Actual Generation","RENEW_FCST_ACT_MW",3,3,178.03624,"ACTUAL",1
"18","2019-01-20",18,0,"2019-01-21T01:00:00-00:00","2019-01-21T02:00:00-00:00","NP15","Solar","Renewable Forecast Actual Generation","RENEW_FCST_ACT_MW",3,3,-2.03624,"ACTUAL",1
"19","2019-01-20",19,0,"2019-01-21T02:00:00-00:00","2019-01-21T03:00:00-00:00","NP15","Solar","Renewable Forecast Actual Generation","RENEW_FCST_ACT_MW",3,3,-3.02711,"ACTUAL",1
"20","2019-01-20",20,0,"2019-01-21T03:00:00-00:00","2019-01-21T04:00:00-00:00","NP15","Solar","Renewable Forecast Actual Generation","RENEW_FCST_ACT_MW",3,3,-3.032,"ACTUAL",1
"21","2019-01-20",21,0,"2019-01-21T04:00:00-00:00","2019-01-21T05:00:00-00:00","NP15","Solar","Renewable Forecast Actual Generation","RENEW_FCST_ACT_MW",3,3,-3.02679,"ACTUAL",1
"22","2019-01-20",22,0,"2019-01-21T05:00:00-00:00","2019-01-21T06:00:00-00:00","NP15","Solar","Renewable Forecast Actual Generation","RENEW_FCST_ACT_MW",3,3,-3.00459,"ACTUAL",1
"23","2019-01-20",23,0,"2019-01-21T06:00:00-00:00","2019-01-21T07:00:00-00:00","NP15","Solar","Renewable Forecast Actual Generation","RENEW_FCST_ACT_MW",3,3,-3.04279,"ACTUAL",1
"24","2019-01-20",24,0,"2019-01-21T07:00:00-00:00","2019-01-21T08:00:00-00:00","NP15","Solar","Renewable Forecast Actual Generation","RENEW_FCST_ACT_MW",3,3,-3.01959,"ACTUAL",1
"25","2019-01-20",1,0,"2019-01-20T08:00:00-00:00","2019-01-20T09:00:00-00:00","NP15","Wind","Renewable Forecast Actual Generation","RENEW_FCST_ACT_MW",3,1,113.67118,"ACTUAL",2
"26","2019-01-20",24,0,"2019-01-21T07:00:00-00:00","2019-01-21T08:00:00-00:00","NP15","Wind","Renewable Forecast Actual Generation","RENEW_FCST_ACT_MW",3,1,1117.32395,"ACTUAL",2
"27","2019-01-20",3,0,"2019-01-20T10:00:00-00:00","2019-01-20T11:00:00-00:00","NP15","Wind","Renewable Forecast Actual Generation","RENEW_FCST_ACT_MW",3,1,136.31482,"ACTUAL",2
"28","2019-01-20",4,0,"2019-01-20T11:00:00-00:00","2019-01-20T12:00:00-00:00","NP15","Wind","Renewable Forecast Actual Generation","RENEW_FCST_ACT_MW",3,1,117.22157,"ACTUAL",2
"29","2019-01-20",5,0,"2019-01-20T12:00:00-00:00","2019-01-20T13:00:00-00:00","NP15","Wind","Renewable Forecast Actual Generation","RENEW_FCST_ACT_MW",3,1,143.93338,"ACTUAL",2
"30","2019-01-20",6,0,"2019-01-20T13:00:00-00:00","2019-01-20T14:00:00-00:00","NP15","Wind","Renewable Forecast Actual Generation","RENEW_FCST_ACT_MW",3,1,198.5758,"ACTUAL",2
"31","2019-01-20",7,0,"2019-01-20T14:00:00-00:00","2019-01-20T15:00:00-00:00","NP15","Wind","Renewable Forecast Actual Generation","RENEW_FCST_ACT_MW",3,1,241.7672,"ACTUAL",2
"32","2019-01-20",8,0,"2019-01-20T15:00:00-00:00","2019-01-20T16:00:00-00:00","NP15","Wind","Renewable Forecast Actual Generation","RENEW_FCST_ACT_MW",3,1,291.65883,"ACTUAL",2
"33","2019-01-20",9,0,"2019-01-20T16:00:00-00:00","2019-01-20T17:00:00-00:00","NP15","Wind","Renewable Forecast Actual Generation","RENEW_FCST_ACT_MW",3,1,201.6694,"ACTUAL",2
"34","2019-01-20",10,0,"2019-01-20T17:00:00-00:00","2019-01-20T18:00:00-00:00","NP15","Wind","Renewable Forecast Actual Generation","RENEW_FCST_ACT_MW",3,1,256.70425,"ACTUAL",2
"35","2019-01-20",11,0,"2019-01-20T18:00:00-00:00","2019-01-20T19:00:00-00:00","NP15","Wind","Renewable Forecast Actual Generation","RENEW_FCST_ACT_MW",3,1,430.86061,"ACTUAL",2
"36","2019-01-20",12,0,"2019-01-20T19:00:00-00:00","2019-01-20T20:00:00-00:00","NP15","Wind","Renewable Forecast Actual Generation","RENEW_FCST_ACT_MW",3,1,652.10241,"ACTUAL",2
"37","2019-01-20",13,0,"2019-01-20T20:00:00-00:00","2019-01-20T21:00:00-00:00","NP15","Wind","Renewable Forecast Actual Generation","RENEW_FCST_ACT_MW",3,1,896.50848,"ACTUAL",2
"38","2019-01-20",14,0,"2019-01-20T21:00:00-00:00","2019-01-20T22:00:00-00:00","NP15","Wind","Renewable Forecast Actual Generation","RENEW_FCST_ACT_MW",3,1,935.11514,"ACTUAL",2
"39","2019-01-20",15,0,"2019-01-20T22:00:00-00:00","2019-01-20T23:00:00-00:00","NP15","Wind","Renewable Forecast Actual Generation","RENEW_FCST_ACT_MW",3,1,1017.09289,"ACTUAL",2
"40","2019-01-20",16,0,"2019-01-20T23:00:00-00:00","2019-01-21T00:00:00-00:00","NP15","Wind","Renewable Forecast Actual Generation","RENEW_FCST_ACT_MW",3,1,1169.94574,"ACTUAL",2
"41","2019-01-20",17,0,"2019-01-21T00:00:00-00:00","2019-01-21T01:00:00-00:00","NP15","Wind","Renewable Forecast Actual Generation","RENEW_FCST_ACT_MW",3,1,1204.61431,"ACTUAL",2
"42","2019-01-20",18,0,"2019-01-21T01:00:00-00:00","2019-01-21T02:00:00-00:00","NP15","Wind","Renewable Forecast Actual Generation","RENEW_FCST_ACT_MW",3,1,1307.9884,"ACTUAL",2
"43","2019-01-20",19,0,"2019-01-21T02:00:00-00:00","2019-01-21T03:00:00-00:00","NP15","Wind","Renewable Forecast Actual Generation","RENEW_FCST_ACT_MW",3,1,1344.25966,"ACTUAL",2
"44","2019-01-20",20,0,"2019-01-21T03:00:00-00:00","2019-01-21T04:00:00-00:00","NP15","Wind","Renewable Forecast Actual Generation","RENEW_FCST_ACT_MW",3,1,1008.21546,"ACTUAL",2
"45","2019-01-20",21,0,"2019-01-21T04:00:00-00:00","2019-01-21T05:00:00-00:00","NP15","Wind","Renewable Forecast Actual Generation","RENEW_FCST_ACT_MW",3,1,885.84869,"ACTUAL",2
"46","2019-01-20",22,0,"2019-01-21T05:00:00-00:00","2019-01-21T06:00:00-00:00","NP15","Wind","Renewable Forecast Actual Generation","RENEW_FCST_ACT_MW",3,1,1052.32166,"ACTUAL",2
"47","2019-01-20",23,0,"2019-01-21T06:00:00-00:00","2019-01-21T07:00:00-00:00","NP15","Wind","Renewable Forecast Actual Generation","RENEW_FCST_ACT_MW",3,1,878.95575,"ACTUAL",2
"48","2019-01-20",2,0,"2019-01-20T09:00:00-00:00","2019-01-20T10:00:00-00:00","NP15","Wind","Renewable Forecast Actual Generation","RENEW_FCST_ACT_MW",3,1,139.34865,"ACTUAL",2
"49","2019-01-20",24,0,"2019-01-21T07:00:00-00:00","2019-01-21T08:00:00-00:00","SP15","Solar","Renewable Forecast Actual Generation","RENEW_FCST_ACT_MW",3,3,-4.80888,"ACTUAL",3
"50","2019-01-20",2,0,"2019-01-20T09:00:00-00:00","2019-01-20T10:00:00-00:00","SP15","Solar","Renewable Forecast Actual Generation","RENEW_FCST_ACT_MW",3,3,-5.42542,"ACTUAL",3
"51","2019-01-20",23,0,"2019-01-21T06:00:00-00:00","2019-01-21T07:00:00-00:00","SP15","Solar","Renewable Forecast Actual Generation","RENEW_FCST_ACT_MW",3,3,-4.30958,"ACTUAL",3
"52","2019-01-20",6,0,"2019-01-20T13:00:00-00:00","2019-01-20T14:00:00-00:00","SP15","Solar","Renewable Forecast Actual Generation","RENEW_FCST_ACT_MW",3,3,-6.04323,"ACTUAL",3
"53","2019-01-20",22,0,"2019-01-21T05:00:00-00:00","2019-01-21T06:00:00-00:00","SP15","Solar","Renewable Forecast Actual Generation","RENEW_FCST_ACT_MW",3,3,-4.39706,"ACTUAL",3
"54","2019-01-20",11,0,"2019-01-20T18:00:00-00:00","2019-01-20T19:00:00-00:00","SP15","Solar","Renewable Forecast Actual Generation","RENEW_FCST_ACT_MW",3,3,3741.76122,"ACTUAL",3
"55","2019-01-20",21,0,"2019-01-21T04:00:00-00:00","2019-01-21T05:00:00-00:00","SP15","Solar","Renewable Forecast Actual Generation","RENEW_FCST_ACT_MW",3,3,-4.09078,"ACTUAL",3
"56","2019-01-20",3,0,"2019-01-20T10:00:00-00:00","2019-01-20T11:00:00-00:00","SP15","Solar","Renewable Forecast Actual Generation","RENEW_FCST_ACT_MW",3,3,-5.62212,"ACTUAL",3
"57","2019-01-20",20,0,"2019-01-21T03:00:00-00:00","2019-01-21T04:00:00-00:00","SP15","Solar","Renewable Forecast Actual Generation","RENEW_FCST_ACT_MW",3,3,-4.4092,"ACTUAL",3
"58","2019-01-20",10,0,"2019-01-20T17:00:00-00:00","2019-01-20T18:00:00-00:00","SP15","Solar","Renewable Forecast Actual Generation","RENEW_FCST_ACT_MW",3,3,3253.81461,"ACTUAL",3
"59","2019-01-20",19,0,"2019-01-21T02:00:00-00:00","2019-01-21T03:00:00-00:00","SP15","Solar","Renewable Forecast Actual Generation","RENEW_FCST_ACT_MW",3,3,-4.1926,"ACTUAL",3
"60","2019-01-20",5,0,"2019-01-20T12:00:00-00:00","2019-01-20T13:00:00-00:00","SP15","Solar","Renewable Forecast Actual Generation","RENEW_FCST_ACT_MW",3,3,-6.26073,"ACTUAL",3
"61","2019-01-20",18,0,"2019-01-21T01:00:00-00:00","2019-01-21T02:00:00-00:00","SP15","Solar","Renewable Forecast Actual Generation","RENEW_FCST_ACT_MW",3,3,-5.75003,"ACTUAL",3
"62","2019-01-20",9,0,"2019-01-20T16:00:00-00:00","2019-01-20T17:00:00-00:00","SP15","Solar","Renewable Forecast Actual Generation","RENEW_FCST_ACT_MW",3,3,2338.395,"ACTUAL",3
"63","2019-01-20",17,0,"2019-01-21T00:00:00-00:00","2019-01-21T01:00:00-00:00","SP15","Solar","Renewable Forecast Actual Generation","RENEW_FCST_ACT_MW",3,3,309.57096,"ACTUAL",3
"64","2019-01-20",1,0,"2019-01-20T08:00:00-00:00","2019-01-20T09:00:00-00:00","SP15","Solar","Renewable Forecast Actual Generation","RENEW_FCST_ACT_MW",3,3,-5.59726,"ACTUAL",3
"65","2019-01-20",16,0,"2019-01-20T23:00:00-00:00","2019-01-21T00:00:00-00:00","SP15","Solar","Renewable Forecast Actual Generation","RENEW_FCST_ACT_MW",3,3,1259.59672,"ACTUAL",3
"66","2019-01-20",8,0,"2019-01-20T15:00:00-00:00","2019-01-20T16:00:00-00:00","SP15","Solar","Renewable Forecast Actual Generation","RENEW_FCST_ACT_MW",3,3,734.20173,"ACTUAL",3
"67","2019-01-20",15,0,"2019-01-20T22:00:00-00:00","2019-01-20T23:00:00-00:00","SP15","Solar","Renewable Forecast Actual Generation","RENEW_FCST_ACT_MW",3,3,2220.28723,"ACTUAL",3
"68","2019-01-20",4,0,"2019-01-20T11:00:00-00:00","2019-01-20T12:00:00-00:00","SP15","Solar","Renewable Forecast Actual Generation","RENEW_FCST_ACT_MW",3,3,-5.89959,"ACTUAL",3
"69","2019-01-20",14,0,"2019-01-20T21:00:00-00:00","2019-01-20T22:00:00-00:00","SP15","Solar","Renewable Forecast Actual Generation","RENEW_FCST_ACT_MW",3,3,3578.62352,"ACTUAL",3
"70","2019-01-20",7,0,"2019-01-20T14:00:00-00:00","2019-01-20T15:00:00-00:00","SP15","Solar","Renewable Forecast Actual Generation","RENEW_FCST_ACT_MW",3,3,8.06721,"ACTUAL",3
"71","2019-01-20",13,0,"2019-01-20T20:00:00-00:00","2019-01-20T21:00:00-00:00","SP15","Solar","Renewable Forecast Actual Generation","RENEW_FCST_ACT_MW",3,3,4280.42972,"ACTUAL",3
"72","2019-01-20",12,0,"2019-01-20T19:00:00-00:00","2019-01-20T20:00:00-00:00","SP15","Solar","Renewable Forecast Actual Generation","RENEW_FCST_ACT_MW",3,3,3921.48276,"ACTUAL",3
"73","2019-01-20",23,0,"2019-01-21T06:00:00-00:00","2019-01-21T07:00:00-00:00","SP15","Wind","Renewable Forecast Actual Generation","RENEW_FCST_ACT_MW",3,1,1795.22463,"ACTUAL",4
"74","2019-01-20",22,0,"2019-01-21T05:00:00-00:00","2019-01-21T06:00:00-00:00","SP15","Wind","Renewable Forecast Actual Generation","RENEW_FCST_ACT_MW",3,1,2012.45077,"ACTUAL",4
"75","2019-01-20",21,0,"2019-01-21T04:00:00-00:00","2019-01-21T05:00:00-00:00","SP15","Wind","Renewable Forecast Actual Generation","RENEW_FCST_ACT_MW",3,1,1998.10625,"ACTUAL",4
"76","2019-01-20",20,0,"2019-01-21T03:00:00-00:00","2019-01-21T04:00:00-00:00","SP15","Wind","Renewable Forecast Actual Generation","RENEW_FCST_ACT_MW",3,1,1913.39105,"ACTUAL",4
"77","2019-01-20",19,0,"2019-01-21T02:00:00-00:00","2019-01-21T03:00:00-00:00","SP15","Wind","Renewable Forecast Actual Generation","RENEW_FCST_ACT_MW",3,1,1511.69247,"ACTUAL",4
"78","2019-01-20",18,0,"2019-01-21T01:00:00-00:00","2019-01-21T02:00:00-00:00","SP15","Wind","Renewable Forecast Actual Generation","RENEW_FCST_ACT_MW",3,1,1153.17679,"ACTUAL",4
"79","2019-01-20",17,0,"2019-01-21T00:00:00-00:00","2019-01-21T01:00:00-00:00","SP15","Wind","Renewable Forecast Actual Generation","RENEW_FCST_ACT_MW",3,1,826.61066,"ACTUAL",4
"80","2019-01-20",16,0,"2019-01-20T23:00:00-00:00","2019-01-21T00:00:00-00:00","SP15","Wind","Renewable Forecast Actual Generation","RENEW_FCST_ACT_MW",3,1,906.13376,"ACTUAL",4
"81","2019-01-20",15,0,"2019-01-20T22:00:00-00:00","2019-01-20T23:00:00-00:00","SP15","Wind","Renewable Forecast Actual Generation","RENEW_FCST_ACT_MW",3,1,1312.27378,"ACTUAL",4
"82","2019-01-20",14,0,"2019-01-20T21:00:00-00:00","2019-01-20T22:00:00-00:00","SP15","Wind","Renewable Forecast Actual Generation","RENEW_FCST_ACT_MW",3,1,1497.49341,"ACTUAL",4
"83","2019-01-20",13,0,"2019-01-20T20:00:00-00:00","2019-01-20T21:00:00-00:00","SP15","Wind","Renewable Forecast Actual Generation","RENEW_FCST_ACT_MW",3,1,551.36509,"ACTUAL",4
"84","2019-01-20",12,0,"2019-01-20T19:00:00-00:00","2019-01-20T20:00:00-00:00","SP15","Wind","Renewable Forecast Actual Generation","RENEW_FCST_ACT_MW",3,1,554.32399,"ACTUAL",4
"85","2019-01-20",11,0,"2019-01-20T18:00:00-00:00","2019-01-20T19:00:00-00:00","SP15","Wind","Renewable Forecast Actual Generation","RENEW_FCST_ACT_MW",3,1,697.06791,"ACTUAL",4
"86","2019-01-20",10,0,"2019-01-20T17:00:00-00:00","2019-01-20T18:00:00-00:00","SP15","Wind","Renewable Forecast Actual Generation","RENEW_FCST_ACT_MW",3,1,695.90552,"ACTUAL",4
"87","2019-01-20",9,0,"2019-01-20T16:00:00-00:00","2019-01-20T17:00:00-00:00","SP15","Wind","Renewable Forecast Actual Generation","RENEW_FCST_ACT_MW",3,1,549.68886,"ACTUAL",4
"88","2019-01-20",8,0,"2019-01-20T15:00:00-00:00","2019-01-20T16:00:00-00:00","SP15","Wind","Renewable Forecast Actual Generation","RENEW_FCST_ACT_MW",3,1,284.56302,"ACTUAL",4
"89","2019-01-20",7,0,"2019-01-20T14:00:00-00:00","2019-01-20T15:00:00-00:00","SP15","Wind","Renewable Forecast Actual Generation","RENEW_FCST_ACT_MW",3,1,261.70889,"ACTUAL",4
"90","2019-01-20",6,0,"2019-01-20T13:00:00-00:00","2019-01-20T14:00:00-00:00","SP15","Wind","Renewable Forecast Actual Generation","RENEW_FCST_ACT_MW",3,1,68.69274,"ACTUAL",4
"91","2019-01-20",5,0,"2019-01-20T12:00:00-00:00","2019-01-20T13:00:00-00:00","SP15","Wind","Renewable Forecast Actual Generation","RENEW_FCST_ACT_MW",3,1,73.01242,"ACTUAL",4
"92","2019-01-20",4,0,"2019-01-20T11:00:00-00:00","2019-01-20T12:00:00-00:00","SP15","Wind","Renewable Forecast Actual Generation","RENEW_FCST_ACT_MW",3,1,67.28391,"ACTUAL",4
"93","2019-01-20",3,0,"2019-01-20T10:00:00-00:00","2019-01-20T11:00:00-00:00","SP15","Wind","Renewable Forecast Actual Generation","RENEW_FCST_ACT_MW",3,1,75.46584,"ACTUAL",4
"94","2019-01-20",2,0,"2019-01-20T09:00:00-00:00","2019-01-20T10:00:00-00:00","SP15","Wind","Renewable Forecast Actual Generation","RENEW_FCST_ACT_MW",3,1,80.13462,"ACTUAL",4
"95","2019-01-20",24,0,"2019-01-21T07:00:00-00:00","2019-01-21T08:00:00-00:00","SP15","Wind","Renewable Forecast Actual Generation","RENEW_FCST_ACT_MW",3,1,2139.28665,"ACTUAL",4
"96","2019-01-20",1,0,"2019-01-20T08:00:00-00:00","2019-01-20T09:00:00-00:00","SP15","Wind","Renewable Forecast Actual Generation","RENEW_FCST_ACT_MW",3,1,99.22538,"ACTUAL",4
"97","2019-01-20",1,0,"2019-01-20T08:00:00-00:00","2019-01-20T09:00:00-00:00","ZP26","Solar","Renewable Forecast Actual Generation","RENEW_FCST_ACT_MW",3,3,-4.6893,"ACTUAL",5
"98","2019-01-20",24,0,"2019-01-21T07:00:00-00:00","2019-01-21T08:00:00-00:00","ZP26","Solar","Renewable Forecast Actual Generation","RENEW_FCST_ACT_MW",3,3,-4.81256,"ACTUAL",5
"99","2019-01-20",3,0,"2019-01-20T10:00:00-00:00","2019-01-20T11:00:00-00:00","ZP26","Solar","Renewable Forecast Actual Generation","RENEW_FCST_ACT_MW",3,3,-4.71146,"ACTUAL",5
"100","2019-01-20",4,0,"2019-01-20T11:00:00-00:00","2019-01-20T12:00:00-00:00","ZP26","Solar","Renewable Forecast Actual Generation","RENEW_FCST_ACT_MW",3,3,-5.09856,"ACTUAL",5
"101","2019-01-20",5,0,"2019-01-20T12:00:00-00:00","2019-01-20T13:00:00-00:00","ZP26","Solar","Renewable Forecast Actual Generation","RENEW_FCST_ACT_MW",3,3,-5.12266,"ACTUAL",5
"102","2019-01-20",6,0,"2019-01-20T13:00:00-00:00","2019-01-20T14:00:00-00:00","ZP26","Solar","Renewable Forecast Actual Generation","RENEW_FCST_ACT_MW",3,3,-5.08347,"ACTUAL",5
"103","2019-01-20",7,0,"2019-01-20T14:00:00-00:00","2019-01-20T15:00:00-00:00","ZP26","Solar","Renewable Forecast Actual Generation","RENEW_FCST_ACT_MW",3,3,-5.2076,"ACTUAL",5
"104","2019-01-20",8,0,"2019-01-20T15:00:00-00:00","2019-01-20T16:00:00-00:00","ZP26","Solar","Renewable Forecast Actual Generation","RENEW_FCST_ACT_MW",3,3,48.71168,"ACTUAL",5
"105","2019-01-20",9,0,"2019-01-20T16:00:00-00:00","2019-01-20T17:00:00-00:00","ZP26","Solar","Renewable Forecast Actual Generation","RENEW_FCST_ACT_MW",3,3,217.91877,"ACTUAL",5
"106","2019-01-20",10,0,"2019-01-20T17:00:00-00:00","2019-01-20T18:00:00-00:00","ZP26","Solar","Renewable Forecast Actual Generation","RENEW_FCST_ACT_MW",3,3,397.02212,"ACTUAL",5
"107","2019-01-20",11,0,"2019-01-20T18:00:00-00:00","2019-01-20T19:00:00-00:00","ZP26","Solar","Renewable Forecast Actual Generation","RENEW_FCST_ACT_MW",3,3,490.04493,"ACTUAL",5
"108","2019-01-20",12,0,"2019-01-20T19:00:00-00:00","2019-01-20T20:00:00-00:00","ZP26","Solar","Renewable Forecast Actual Generation","RENEW_FCST_ACT_MW",3,3,569.87018,"ACTUAL",5
"109","2019-01-20",13,0,"2019-01-20T20:00:00-00:00","2019-01-20T21:00:00-00:00","ZP26","Solar","Renewable Forecast Actual Generation","RENEW_FCST_ACT_MW",3,3,615.33545,"ACTUAL",5
"110","2019-01-20",14,0,"2019-01-20T21:00:00-00:00","2019-01-20T22:00:00-00:00","ZP26","Solar","Renewable Forecast Actual Generation","RENEW_FCST_ACT_MW",3,3,645.0947,"ACTUAL",5
"111","2019-01-20",15,0,"2019-01-20T22:00:00-00:00","2019-01-20T23:00:00-00:00","ZP26","Solar","Renewable Forecast Actual Generation","RENEW_FCST_ACT_MW",3,3,719.48162,"ACTUAL",5
"112","2019-01-20",16,0,"2019-01-20T23:00:00-00:00","2019-01-21T00:00:00-00:00","ZP26","Solar","Renewable Forecast Actual Generation","RENEW_FCST_ACT_MW",3,3,576.197,"ACTUAL",5
"113","2019-01-20",17,0,"2019-01-21T00:00:00-00:00","2019-01-21T01:00:00-00:00","ZP26","Solar","Renewable Forecast Actual Generation","RENEW_FCST_ACT_MW",3,3,199.11617,"ACTUAL",5
"114","2019-01-20",18,0,"2019-01-21T01:00:00-00:00","2019-01-21T02:00:00-00:00","ZP26","Solar","Renewable Forecast Actual Generation","RENEW_FCST_ACT_MW",3,3,-3.55918,"ACTUAL",5
"115","2019-01-20",19,0,"2019-01-21T02:00:00-00:00","2019-01-21T03:00:00-00:00","ZP26","Solar","Renewable Forecast Actual Generation","RENEW_FCST_ACT_MW",3,3,-4.84141,"ACTUAL",5
"116","2019-01-20",20,0,"2019-01-21T03:00:00-00:00","2019-01-21T04:00:00-00:00","ZP26","Solar","Renewable Forecast Actual Generation","RENEW_FCST_ACT_MW",3,3,-4.82571,"ACTUAL",5
"117","2019-01-20",21,0,"2019-01-21T04:00:00-00:00","2019-01-21T05:00:00-00:00","ZP26","Solar","Renewable Forecast Actual Generation","RENEW_FCST_ACT_MW",3,3,-4.82326,"ACTUAL",5
"118","2019-01-20",22,0,"2019-01-21T05:00:00-00:00","2019-01-21T06:00:00-00:00","ZP26","Solar","Renewable Forecast Actual Generation","RENEW_FCST_ACT_MW",3,3,-4.8088,"ACTUAL",5
"119","2019-01-20",23,0,"2019-01-21T06:00:00-00:00","2019-01-21T07:00:00-00:00","ZP26","Solar","Renewable Forecast Actual Generation","RENEW_FCST_ACT_MW",3,3,-4.80024,"ACTUAL",5
"120","2019-01-20",2,0,"2019-01-20T09:00:00-00:00","2019-01-20T10:00:00-00:00","ZP26","Solar","Renewable Forecast Actual Generation","RENEW_FCST_ACT_MW",3,3,-4.69062,"ACTUAL",5
