"","OPR_DT","OPR_HR","OPR_INTERVAL","INTERVALSTARTTIME_GMT","INTERVALENDTIME_GMT","TRADING_HUB","RENEWABLE_TYPE","LABEL","XML_DATA_ITEM","MARKET_RUN_ID_POS","RENEW_POS","MW","MARKET_RUN_ID","GROUP"
"1","2019-10-03",2,0,"2019-10-03T08:00:00-00:00","2019-10-03T09:00:00-00:00","NP15","Solar","Renewable Forecast Actual Generation","RENEW_FCST_ACT_MW",3,3,-3.17418,"ACTUAL",1
"2","2019-10-03",3,0,"2019-10-03T09:00:00-00:00","2019-10-03T10:00:00-00:00","NP15","Solar","Renewable Forecast Actual Generation","RENEW_FCST_ACT_MW",3,3,-3.19627,"ACTUAL",1
"3","2019-10-03",4,0,"2019-10-03T10:00:00-00:00","2019-10-03T11:00:00-00:00","NP15","Solar","Renewable Forecast Actual Generation","RENEW_FCST_ACT_MW",3,3,-3.20561,"ACTUAL",1
"4","2019-10-03",5,0,"2019-10-03T11:00:00-00:00","2019-10-03T12:00:00-00:00","NP15","Solar","Renewable Forecast Actual Generation","RENEW_FCST_ACT_MW",3,3,-3.68104,"ACTUAL",1
"5","2019-10-03",6,0,"2019-10-03T12:00:00-00:00","2019-10-03T13:00:00-00:00","NP15","Solar","Renewable Forecast Actual Generation","RENEW_FCST_ACT_MW",3,3,-3.42409,"ACTUAL",1
"6","2019-10-03",7,0,"2019-10-03T13:00:00-00:00","2019-10-03T14:00:00-00:00","NP15","Solar","Renewable Forecast Actual Generation","RENEW_FCST_ACT_MW",3,3,-3.20039,"ACTUAL",1
"7","2019-10-03",8,0,"2019-10-03T14:00:00-00:00","2019-10-03T15:00:00-00:00","NP15","Solar","Renewable Forecast Actual Generation","RENEW_FCST_ACT_MW",3,3,174.45779,"ACTUAL",1
"8","2019-10-03",9,0,"2019-10-03T15:00:00-00:00","2019-10-03T16:00:00-00:00","NP15","Solar","Renewable Forecast Actual Generation","RENEW_FCST_ACT_MW",3,3,864.71162,"ACTUAL",1
"9","2019-10-03",10,0,"2019-10-03T16:00:00-00:00","2019-10-03T17:00:00-00:00","NP15","Solar","Renewable Forecast Actual Generation","RENEW_FCST_ACT_MW",3,3,1166.39227,"ACTUAL",1
"10","2019-10-03",11,0,"2019-10-03T17:00:00-00:00","2019-10-03T18:00:00-00:00","NP15","Solar","Renewable Forecast Actual Generation","RENEW_FCST_ACT_MW",3,3,1189.56305,"ACTUAL",1
"11","2019-10-03",12,0,"2019-10-03T18:00:00-00:00","2019-10-03T19:00:00-00:00","NP15","Solar","Renewable Forecast Actual Generation","RENEW_FCST_ACT_MW",3,3,1162.80375,"ACTUAL",1
"12","2019-10-03",13,0,"2019-10-03T19:00:00-00:00","2019-10-03T20:00:00-00:00","NP15","Solar","Renewable Forecast Actual Generation","RENEW_FCST_ACT_MW",3,3,1130.17789,"ACTUAL",1
"13","2019-10-03",14,0,"2019-10-03T20:00:00-00:00","2019-10-03T21:00:00-00:00","NP15","Solar","Renewable Forecast Actual Generation","RENEW_FCST_ACT_MW",3,3,1138.98035,"ACTUAL",1
"14","2019-10-03",15,0,"2019-10-03T21:00:00-00:00","2019-10-03T22:00:00-00:00","NP15","Solar","Renewable Forecast Actual Generation","RENEW_FCST_ACT_MW",3,3,1163.89126,"ACTUAL",1
"15","2019-10-03",16,0,"2019-10-03T22:00:00-00:00","2019-10-03T23:00:00-00:00","NP15","Solar","Renewable Forecast Actual Generation","RENEW_FCST_ACT_MW",3,3,1177.79342,"ACTUAL",1
"16","2019-10-03",17,0,"2019-10-03T23:00:00-00:00","2019-10-04T00:00:00-00:00","NP15","Solar","Renewable Forecast Actual Generation","RENEW_FCST_ACT_MW",3,3,1060.18806,"ACTUAL",1
"17","2019-10-03",18,0,"2019-10-04T00:00:00-00:00","2019-10-04T01:00:00-00:00","NP15","Solar","Renewable Forecast Actual Generation","RENEW_FCST_ACT_MW",3,3,551.8107,"ACTUAL",1
"18","2019-10-03",19,0,"2019-10-04T01:00:00-00:00","2019-10-04T02:00:00-00:00","NP15","Solar","Renewable Forecast Actual Generation","RENEW_FCST_ACT_MW",3,3,35.89599,"ACTUAL",1
"19","2019-10-03",20,0,"2019-10-04T02:00:00-00:00","2019-10-04T03:00:00-00:00","NP15","Solar","Renewable Forecast Actual Generation","RENEW_FCST_ACT_MW",3,3,-3.07676,"ACTUAL",1
"20","2019-10-03",21,0,"2019-10-04T03:00:00-00:00","2019-10-04T04:00:00-00:00","NP15","Solar","Renewable Forecast Actual Generation","RENEW_FCST_ACT_MW",3,3,-1.96106,"ACTUAL",1
"21","2019-10-03",22,0,"2019-10-04T04:00:00-00:00","2019-10-04T05:00:00-00:00","NP15","Solar","Renewable Forecast Actual Generation","RENEW_FCST_ACT_MW",3,3,-1.95485,"ACTUAL",1
"22","2019-10-03",23,0,"2019-10-04T05:00:00-00:00","2019-10-04T06:00:00-00:00","NP15","Solar","Renewable Forecast Actual Generation","RENEW_FCST_ACT_MW",3,3,-1.99314,"ACTUAL",1
"23","2019-10-03",24,0,"2019-10-04T06:00:00-00:00","2019-10-04T07:00:00-00:00","NP15","Solar","Renewable Forecast Actual Generation","RENEW_FCST_ACT_MW",3,3,-2.04303,"ACTUAL",1
"24","2019-10-03",18,0,"2019-10-04T00:00:00-00:00","2019-10-04T01:00:00-00:00","NP15","Wind","Renewable Forecast Actual Generation","RENEW_FCST_ACT_MW",3,1,635.38211,"ACTUAL",2
"25","2019-10-03",6,0,"2019-10-03T12:00:00-00:00","2019-10-03T13:00:00-00:00","NP15","Wind","Renewable Forecast Actual Generation","RENEW_FCST_ACT_MW",3,1,454.6646,"ACTUAL",2
"26","2019-10-03",17,0,"2019-10-03T23:00:00-00:00","2019-10-04T00:00:00-00:00","NP15","Wind","Renewable Forecast Actual Generation","RENEW_FCST_ACT_MW",3,1,595.02494,"ACTUAL",2
"27","2019-10-03",16,0,"2019-10-03T22:00:00-00:00","2019-10-03T23:00:00-00:00","NP15","Wind","Renewable Forecast Actual Generation","RENEW_FCST_ACT_MW",3,1,566.3129,"ACTUAL",2
"28","2019-10-03",15,0,"2019-10-03T21:00:00-00:00","2019-10-03T22:00:00-00:00","NP15","Wind","Renewable Forecast Actual Generation","RENEW_FCST_ACT_MW",3,1,436.17639,"ACTUAL",2
"29","2019-10-03",14,0,"2019-10-03T20:00:00-00:00","2019-10-03T21:00:00-00:00","NP15","Wind","Renewable Forecast Actual Generation","RENEW_FCST_ACT_MW",3,1,288.02228,"ACTUAL",2
"30","2019-10-03",13,0,"2019-10-03T19:00:00-00:00","2019-10-03T20:00:00-00:00","NP15","Wind","Renewable Forecast Actual Generation","RENEW_FCST_ACT_MW",3,1,204.8516,"ACTUAL",2
"31","2019-10-03",12,0,"2019-10-03T18:00:00-00:00","2019-10-03T19:00:00-00:00","NP15","Wind","Renewable Forecast Actual Generation","RENEW_FCST_ACT_MW",3,1,170.22392,"ACTUAL",2
"32","2019-10-03",11,0,"2019-10-03T17:00:00-00:00","2019-10-03T18:00:00-00:00","NP15","Wind","Renewable Forecast Actual Generation","RENEW_FCST_ACT_MW",3,1,156.87993,"ACTUAL",2
"33","2019-10-03",10,0,"2019-10-03T16:00:00-00:00","2019-10-03T17:00:00-00:00","NP15","Wind","Renewable Forecast Actual Generation","RENEW_FCST_ACT_MW",3,1,189.39303,"ACTUAL",2
"34","2019-10-03",9,0,"2019-10-03T15:00:00-00:00","2019-10-03T16:00:00-00:00","NP15","Wind","Renewable Forecast Actual Generation","RENEW_FCST_ACT_MW",3,1,271.52839,"ACTUAL",2
"35","2019-10-03",8,0,"2019-10-03T14:00:00-00:00","2019-10-03T15:00:00-00:00","NP15","Wind","Renewable Forecast Actual Generation","RENEW_FCST_ACT_MW",3,1,443.83447,"ACTUAL",2
"36","2019-10-03",7,0,"2019-10-03T13:00:00-00:00","2019-10-03T14:00:00-00:00","NP15","Wind","Renewable Forecast Actual Generation","RENEW_FCST_ACT_MW",3,1,454.56225,"ACTUAL",2
"37","2019-10-03",5,0,"2019-10-03T11:00:00-00:00","2019-10-03T12:00:00-00:00","NP15","Wind","Renewable Forecast Actual Generation","RENEW_FCST_ACT_MW",3,1,461.61978,"ACTUAL",2
"38","2019-10-03",4,0,"2019-10-03T10:00:00-00:00","2019-10-03T11:00:00-00:00","NP15","Wind","Renewable Forecast Actual Generation","RENEW_FCST_ACT_MW",3,1,447.92045,"ACTUAL",2
"39","2019-10-03",3,0,"2019-10-03T09:00:00-00:00","2019-10-03T10:00:00-00:00","NP15","Wind","Renewable Forecast Actual Generation","RENEW_FCST_ACT_MW",3,1,386.44761,"ACTUAL",2
"40","2019-10-03",2,0,"2019-10-03T08:00:00-00:00","2019-10-03T09:00:00-00:00","NP15","Wind","Renewable Forecast Actual Generation","RENEW_FCST_ACT_MW",3,1,432.25003,"ACTUAL",2
"41","2019-10-03",24,0,"2019-10-04T06:00:00-00:00","2019-10-04T07:00:00-00:00","NP15","Wind","Renewable Forecast Actual Generation","RENEW_FCST_ACT_MW",3,1,1103.11975,"ACTUAL",2
"42","2019-10-03",23,0,"2019-10-04T05:00:00-00:00","2019-10-04T06:00:00-00:00","NP15","Wind","Renewable Forecast Actual Generation","RENEW_FCST_ACT_MW",3,1,990.27971,"ACTUAL",2
"43","2019-10-03",22,0,"2019-10-04T04:00:00-00:00","2019-10-04T05:00:00-00:00","NP15","Wind","Renewable Forecast Actual Generation","RENEW_FCST_ACT_MW",3,1,802.28446,"ACTUAL",2
"44","2019-10-03",21,0,"2019-10-04T03:00:00-00:00","2019-10-04T04:00:00-00:00","NP15","Wind","Renewable Forecast Actual Generation","RENEW_FCST_ACT_MW",3,1,701.54225,"ACTUAL",2
"45","2019-10-03",20,0,"2019-10-04T02:00:00-00:00","2019-10-04T03:00:00-00:00","NP15","Wind","Renewable Forecast Actual Generation","RENEW_FCST_ACT_MW",3,1,664.15746,"ACTUAL",2
"46","2019-10-03",19,0,"2019-10-04T01:00:00-00:00","2019-10-04T02:00:00-00:00","NP15","Wind","Renewable Forecast Actual Generation","RENEW_FCST_ACT_MW",3,1,599.60035,"ACTUAL",2
"47","2019-10-03",6,0,"2019-10-03T12:00:00-00:00","2019-10-03T13:00:00-00:00","SP15","Solar","Renewable Forecast Actual Generation","RENEW_FCST_ACT_MW",3,3,-13.10217,"ACTUAL",3
"48","2019-10-03",18,0,"2019-10-04T00:00:00-00:00","2019-10-04T01:00:00-00:00","SP15","Solar","Renewable Forecast Actual Generation","RENEW_FCST_ACT_MW",3,3,2382.12187,"ACTUAL",3
"49","2019-10-03",5,0,"2019-10-03T11:00:00-00:00","2019-10-03T12:00:00-00:00","SP15","Solar","Renewable Forecast Actual Generation","RENEW_FCST_ACT_MW",3,3,-13.99657,"ACTUAL",3
"50","2019-10-03",11,0,"2019-10-03T17:00:00-00:00","2019-10-03T18:00:00-00:00","SP15","Solar","Renewable Forecast Actual Generation","RENEW_FCST_ACT_MW",3,3,6572.42019,"ACTUAL",3
"51","2019-10-03",4,0,"2019-10-03T10:00:00-00:00","2019-10-03T11:00:00-00:00","SP15","Solar","Renewable Forecast Actual Generation","RENEW_FCST_ACT_MW",3,3,-11.55501,"ACTUAL",3
"52","2019-10-03",15,0,"2019-10-03T21:00:00-00:00","2019-10-03T22:00:00-00:00","SP15","Solar","Renewable Forecast Actual Generation","RENEW_FCST_ACT_MW",3,3,7068.1824,"ACTUAL",3
"53","2019-10-03",3,0,"2019-10-03T09:00:00-00:00","2019-10-03T10:00:00-00:00","SP15","Solar","Renewable Forecast Actual Generation","RENEW_FCST_ACT_MW",3,3,-10.45268,"ACTUAL",3
"54","2019-10-03",10,0,"2019-10-03T16:00:00-00:00","2019-10-03T17:00:00-00:00","SP15","Solar","Renewable Forecast Actual Generation","RENEW_FCST_ACT_MW",3,3,6213.07457,"ACTUAL",3
"55","2019-10-03",2,0,"2019-10-03T08:00:00-00:00","2019-10-03T09:00:00-00:00","SP15","Solar","Renewable Forecast Actual Generation","RENEW_FCST_ACT_MW",3,3,-10.45972,"ACTUAL",3
"56","2019-10-03",13,0,"2019-10-03T19:00:00-00:00","2019-10-03T20:00:00-00:00","SP15","Solar","Renewable Forecast Actual Generation","RENEW_FCST_ACT_MW",3,3,6748.45114,"ACTUAL",3
"57","2019-10-03",24,0,"2019-10-04T06:00:00-00:00","2019-10-04T07:00:00-00:00","SP15","Solar","Renewable Forecast Actual Generation","RENEW_FCST_ACT_MW",3,3,-9.82334,"ACTUAL",3
"58","2019-10-03",9,0,"2019-10-03T15:00:00-00:00","2019-10-03T16:00:00-00:00","SP15","Solar","Renewable Forecast Actual Generation","RENEW_FCST_ACT_MW",3,3,4670.00549,"ACTUAL",3
"59","2019-10-03",23,0,"2019-10-04T05:00:00-00:00","2019-10-04T06:00:00-00:00","SP15","Solar","Renewable Forecast Actual Generation","RENEW_FCST_ACT_MW",3,3,-8.88623,"ACTUAL",3
"60","2019-10-03",16,0,"2019-10-03T22:00:00-00:00","2019-10-03T23:00:00-00:00","SP15","Solar","Renewable Forecast Actual Generation","RENEW_FCST_ACT_MW",3,3,6667.32192,"ACTUAL",3
"61","2019-10-03",22,0,"2019-10-04T04:00:00-00:00","2019-10-04T05:00:00-00:00","SP15","Solar","Renewable Forecast Actual Generation","RENEW_FCST_ACT_MW",3,3,48.91046,"ACTUAL",3
"62","2019-10-03",8,0,"2019-10-03T14:00:00-00:00","2019-10-03T15:00:00-00:00","SP15","Solar","Renewable Forecast Actual Generation","RENEW_FCST_ACT_MW",3,3,1509.36151,"ACTUAL",3
"63","2019-10-03",21,0,"2019-10-04T03:00:00-00:00","2019-10-04T04:00:00-00:00","SP15","Solar","Renewable Forecast Actual Generation","RENEW_FCST_ACT_MW",3,3,70.99552,"ACTUAL",3
"64","2019-10-03",12,0,"2019-10-03T18:00:00-00:00","2019-10-03T19:00:00-00:00","SP15","Solar","Renewable Forecast Actual Generation","RENEW_FCST_ACT_MW",3,3,6436.54045,"ACTUAL",3
"65","2019-10-03",20,0,"2019-10-04T02:00:00-00:00","2019-10-04T03:00:00-00:00","SP15","Solar","Renewable Forecast Actual Generation","RENEW_FCST_ACT_MW",3,3,-1.17381,"ACTUAL",3
"66","2019-10-03",7,0,"2019-10-03T13:00:00-00:00","2019-10-03T14:00:00-00:00","SP15","Solar","Renewable Forecast Actual Generation","RENEW_FCST_ACT_MW",3,3,17.81259,"ACTUAL",3
"67","2019-10-03",19,0,"2019-10-04T01:00:00-00:00","2019-10-04T02:00:00-00:00","SP15","Solar","Renewable Forecast Actual Generation","RENEW_FCST_ACT_MW",3,3,158.09993,"ACTUAL",3
"68","2019-10-03",14,0,"2019-10-03T20:00:00-00:00","2019-10-03T21:00:00-00:00","SP15","Solar","Renewable Forecast Actual Generation","RENEW_FCST_ACT_MW",3,3,7130.59764,"ACTUAL",3
"69","2019-10-03",17,0,"2019-10-03T23:00:00-00:00","2019-10-04T00:00:00-00:00","SP15","Solar","Renewable Forecast Actual Generation","RENEW_FCST_ACT_MW",3,3,5433.3326,"ACTUAL",3
"70","2019-10-03",18,0,"2019-10-04T00:00:00-00:00","2019-10-04T01:00:00-00:00","SP15","Wind","Renewable Forecast Actual Generation","RENEW_FCST_ACT_MW",3,1,1558.07559,"ACTUAL",4
"71","2019-10-03",19,0,"2019-10-04T01:00:00-00:00","2019-10-04T02:00:00-00:00","SP15","Wind","Renewable Forecast Actual Generation","RENEW_FCST_ACT_MW",3,1,1611.46791,"ACTUAL",4
"72","2019-10-03",20,0,"2019-10-04T02:00:00-00:00","2019-10-04T03:00:00-00:00","SP15","Wind","Renewable Forecast Actual Generation","RENEW_FCST_ACT_MW",3,1,2001.61088,"ACTUAL",4
"73","2019-10-03",21,0,"2019-10-04T03:00:00-00:00","2019-10-04T04:00:00-00:00","SP15","Wind","Renewable Forecast Actual Generation","RENEW_FCST_ACT_MW",3,1,1972.36959,"ACTUAL",4
"74","2019-10-03",22,0,"2019-10-04T04:00:00-00:00","2019-10-04T05:00:00-00:00","SP15","Wind","Renewable Forecast Actual Generation","RENEW_FCST_ACT_MW",3,1,1977.69789,"ACTUAL",4
"75","2019-10-03",23,0,"2019-10-04T05:00:00-00:00","2019-10-04T06:00:00-00:00","SP15","Wind","Renewable Forecast Actual Generation","RENEW_FCST_ACT_MW",3,1,2184.20432,"ACTUAL",4
"76","2019-10-03",24,0,"2019-10-04T06:00:00-00:00","2019-10-04T07:00:00-00:00","SP15","Wind","Renewable Forecast Actual Generation","RENEW_FCST_ACT_MW",3,1,2374.82193,"ACTUAL",4
"77","2019-10-03",2,0,"2019-10-03T08:00:00-00:00","2019-10-03T09:00:00-00:00","SP15","Wind","Renewable Forecast Actual Generation","RENEW_FCST_ACT_MW",3,1,151.95969,"ACTUAL",4
"78","2019-10-03",3,0,"2019-10-03T09:00:00-00:00","2019-10-03T10:00:00-00:00","SP15","Wind","Renewable Forecast Actual Generation","RENEW_FCST_ACT_MW",3,1,100.98221,"ACTUAL",4
"79","2019-10-03",4,0,"2019-10-03T10:00:00-00:00","2019-10-03T11:00:00-00:00","SP15","Wind","Renewable Forecast Actual Generation","RENEW_FCST_ACT_MW",3,1,154.1162,"ACTUAL",4
"80","2019-10-03",5,0,"2019-10-03T11:00:00-00:00","2019-10-03T12:00:00-00:00","SP15","Wind","Renewable Forecast Actual Generation","RENEW_FCST_ACT_MW",3,1,239.87411,"ACTUAL",4
"81","2019-10-03",6,0,"2019-10-03T12:00:00-00:00","2019-10-03T13:00:00-00:00","SP15","Wind","Renewable Forecast Actual Generation","RENEW_FCST_ACT_MW",3,1,265.17267,"ACTUAL",4
"82","2019-10-03",7,0,"2019-10-03T13:00:00-00:00","2019-10-03T14:00:00-00:00","SP15","Wind","Renewable Forecast Actual Generation","RENEW_FCST_ACT_MW",3,1,256.74406,"ACTUAL",4
"83","2019-10-03",8,0,"2019-10-03T14:00:00-00:00","2019-10-03T15:00:00-00:00","SP15","Wind","Renewable Forecast Actual Generation","RENEW_FCST_ACT_MW",3,1,235.75534,"ACTUAL",4
"84","2019-10-03",9,0,"2019-10-03T15:00:00-00:00","2019-10-03T16:00:00-00:00","SP15","Wind","Renewable Forecast Actual Generation","RENEW_FCST_ACT_MW",3,1,160.09534,"ACTUAL",4
"85","2019-10-03",10,0,"2019-10-03T16:00:00-00:00","2019-10-03T17:00:00-00:00","SP15","Wind","Renewable Forecast Actual Generation","RENEW_FCST_ACT_MW",3,1,137.48556,"ACTUAL",4
"86","2019-10-03",11,0,"2019-10-03T17:00:00-00:00","2019-10-03T18:00:00-00:00","SP15","Wind","Renewable Forecast Actual Generation","RENEW_FCST_ACT_MW",3,1,141.52958,"ACTUAL",4
"87","2019-10-03",12,0,"2019-10-03T18:00:00-00:00","2019-10-03T19:00:00-00:00","SP15","Wind","Renewable Forecast Actual Generation","RENEW_FCST_ACT_MW",3,1,191.15679,"ACTUAL",4
"88","2019-10-03",13,0,"2019-10-03T19:00:00-00:00","2019-10-03T20:00:00-00:00","SP15","Wind","Renewable Forecast Actual Generation","RENEW_FCST_ACT_MW",3,1,270.19589,"ACTUAL",4
"89","2019-10-03",14,0,"2019-10-03T20:00:00-00:00","2019-10-03T21:00:00-00:00","SP15","Wind","Renewable Forecast Actual Generation","RENEW_FCST_ACT_MW",3,1,416.86511,"ACTUAL",4
"90","2019-10-03",15,0,"2019-10-03T21:00:00-00:00","2019-10-03T22:00:00-00:00","SP15","Wind","Renewable Forecast Actual Generation","RENEW_FCST_ACT_MW",3,1,836.75689,"ACTUAL",4
"91","2019-10-03",16,0,"2019-10-03T22:00:00-00:00","2019-10-03T23:00:00-00:00","SP15","Wind","Renewable Forecast Actual Generation","RENEW_FCST_ACT_MW",3,1,1165.16305,"ACTUAL",4
"92","2019-10-03",17,0,"2019-10-03T23:00:00-00:00","2019-10-04T00:00:00-00:00","SP15","Wind","Renewable Forecast Actual Generation","RENEW_FCST_ACT_MW",3,1,1492.95988,"ACTUAL",4
"93","2019-10-03",18,0,"2019-10-04T00:00:00-00:00","2019-10-04T01:00:00-00:00","ZP26","Solar","Renewable Forecast Actual Generation","RENEW_FCST_ACT_MW",3,3,577.92533,"ACTUAL",5
"94","2019-10-03",17,0,"2019-10-03T23:00:00-00:00","2019-10-04T00:00:00-00:00","ZP26","Solar","Renewable Forecast Actual Generation","RENEW_FCST_ACT_MW",3,3,1198.52865,"ACTUAL",5
"95","2019-10-03",20,0,"2019-10-04T02:00:00-00:00","2019-10-04T03:00:00-00:00","ZP26","Solar","Renewable Forecast Actual Generation","RENEW_FCST_ACT_MW",3,3,-5.33676,"ACTUAL",5
"96","2019-10-03",21,0,"2019-10-04T03:00:00-00:00","2019-10-04T04:00:00-00:00","ZP26","Solar","Renewable Forecast Actual Generation","RENEW_FCST_ACT_MW",3,3,-5.22384,"ACTUAL",5
"97","2019-10-03",22,0,"2019-10-04T04:00:00-00:00","2019-10-04T05:00:00-00:00","ZP26","Solar","Renewable Forecast Actual Generation","RENEW_FCST_ACT_MW",3,3,-5.20373,"ACTUAL",5
"98","2019-10-03",23,0,"2019-10-04T05:00:00-00:00","2019-10-04T06:00:00-00:00","ZP26","Solar","Renewable Forecast Actual Generation","RENEW_FCST_ACT_MW",3,3,-5.2557,"ACTUAL",5
"99","2019-10-03",24,0,"2019-10-04T06:00:00-00:00","2019-10-04T07:00:00-00:00","ZP26","Solar","Renewable Forecast Actual Generation","RENEW_FCST_ACT_MW",3,3,-5.30723,"ACTUAL",5
"100","2019-10-03",2,0,"2019-10-03T08:00:00-00:00","2019-10-03T09:00:00-00:00","ZP26","Solar","Renewable Forecast Actual Generation","RENEW_FCST_ACT_MW",3,3,-5.14393,"ACTUAL",5
"101","2019-10-03",3,0,"2019-10-03T09:00:00-00:00","2019-10-03T10:00:00-00:00","ZP26","Solar","Renewable Forecast Actual Generation","RENEW_FCST_ACT_MW",3,3,-5.16515,"ACTUAL",5
"102","2019-10-03",4,0,"2019-10-03T10:00:00-00:00","2019-10-03T11:00:00-00:00","ZP26","Solar","Renewable Forecast Actual Generation","RENEW_FCST_ACT_MW",3,3,-5.17446,"ACTUAL",5
"103","2019-10-03",5,0,"2019-10-03T11:00:00-00:00","2019-10-03T12:00:00-00:00","ZP26","Solar","Renewable Forecast Actual Generation","RENEW_FCST_ACT_MW",3,3,-5.20453,"ACTUAL",5
"104","2019-10-03",6,0,"2019-10-03T12:00:00-00:00","2019-10-03T13:00:00-00:00","ZP26","Solar","Renewable Forecast Actual Generation","RENEW_FCST_ACT_MW",3,3,-5.1517,"ACTUAL",5
"105","2019-10-03",7,0,"2019-10-03T13:00:00-00:00","2019-10-03T14:00:00-00:00","ZP26","Solar","Renewable Forecast Actual Generation","RENEW_FCST_ACT_MW",3,3,-4.99521,"ACTUAL",5
"106","2019-10-03",8,0,"2019-10-03T14:00:00-00:00","2019-10-03T15:00:00-00:00","ZP26","Solar","Renewable Forecast Actual Generation","RENEW_FCST_ACT_MW",3,3,142.88767,"ACTUAL",5
"107","2019-10-03",9,0,"2019-10-03T15:00:00-00:00","2019-10-03T16:00:00-00:00","ZP26","Solar","Renewable Forecast Actual Generation","RENEW_FCST_ACT_MW",3,3,675.0786,"ACTUAL",5
"108","2019-10-03",10,0,"2019-10-03T16:00:00-00:00","2019-10-03T17:00:00-00:00","ZP26","Solar","Renewable Forecast Actual Generation","RENEW_FCST_ACT_MW",3,3,1366.28594,"ACTUAL",5
"109","2019-10-03",11,0,"2019-10-03T17:00:00-00:00","2019-10-03T18:00:00-00:00","ZP26","Solar","Renewable Forecast Actual Generation","RENEW_FCST_ACT_MW",3,3,1524.74182,"ACTUAL",5
"110","2019-10-03",12,0,"2019-10-03T18:00:00-00:00","2019-10-03T19:00:00-00:00","ZP26","Solar","Renewable Forecast Actual Generation","RENEW_FCST_ACT_MW",3,3,1563.08412,"ACTUAL",5
"111","2019-10-03",13,0,"2019-10-03T19:00:00-00:00","2019-10-03T20:00:00-00:00","ZP26","Solar","Renewable Forecast Actual Generation","RENEW_FCST_ACT_MW",3,3,1559.09563,"ACTUAL",5
"112","2019-10-03",14,0,"2019-10-03T20:00:00-00:00","2019-10-03T21:00:00-00:00","ZP26","Solar","Renewable Forecast Actual Generation","RENEW_FCST_ACT_MW",3,3,1560.26155,"ACTUAL",5
"113","2019-10-03",15,0,"2019-10-03T21:00:00-00:00","2019-10-03T22:00:00-00:00","ZP26","Solar","Renewable Forecast Actual Generation","RENEW_FCST_ACT_MW",3,3,1548.97606,"ACTUAL",5
"114","2019-10-03",16,0,"2019-10-03T22:00:00-00:00","2019-10-03T23:00:00-00:00","ZP26","Solar","Renewable Forecast Actual Generation","RENEW_FCST_ACT_MW",3,3,1453.10784,"ACTUAL",5
"115","2019-10-03",19,0,"2019-10-04T01:00:00-00:00","2019-10-04T02:00:00-00:00","ZP26","Solar","Renewable Forecast Actual Generation","RENEW_FCST_ACT_MW",3,3,52.97059,"ACTUAL",5
"116","2019-10-04",1,0,"2019-10-04T07:00:00-00:00","2019-10-04T08:00:00-00:00","NP15","Solar","Renewable Forecast Actual Generation","RENEW_FCST_ACT_MW",3,3,-2.05785,"ACTUAL",6
"117","2019-10-04",1,0,"2019-10-04T07:00:00-00:00","2019-10-04T08:00:00-00:00","NP15","Wind","Renewable Forecast Actual Generation","RENEW_FCST_ACT_MW",3,1,1046.55777,"ACTUAL",7
"118","2019-10-04",1,0,"2019-10-04T07:00:00-00:00","2019-10-04T08:00:00-00:00","SP15","Solar","Renewable Forecast Actual Generation","RENEW_FCST_ACT_MW",3,3,-9.21787,"ACTUAL",8
"119","2019-10-04",1,0,"2019-10-04T07:00:00-00:00","2019-10-04T08:00:00-00:00","SP15","Wind","Renewable Forecast Actual Generation","RENEW_FCST_ACT_MW",3,1,2402.44009,"ACTUAL",9
"120","2019-10-04",1,0,"2019-10-04T07:00:00-00:00","2019-10-04T08:00:00-00:00","ZP26","Solar","Renewable Forecast Actual Generation","RENEW_FCST_ACT_MW",3,3,-5.28421,"ACTUAL",10
