"","OPR_DT","OPR_HR","OPR_INTERVAL","INTERVALSTARTTIME_GMT","INTERVALENDTIME_GMT","TRADING_HUB","RENEWABLE_TYPE","LABEL","XML_DATA_ITEM","MARKET_RUN_ID_POS","RENEW_POS","MW","MARKET_RUN_ID","GROUP"
"1","2019-10-15",2,0,"2019-10-15T08:00:00-00:00","2019-10-15T09:00:00-00:00","NP15","Solar","Renewable Forecast Actual Generation","RENEW_FCST_ACT_MW",3,3,-2.99312,"ACTUAL",1
"2","2019-10-15",3,0,"2019-10-15T09:00:00-00:00","2019-10-15T10:00:00-00:00","NP15","Solar","Renewable Forecast Actual Generation","RENEW_FCST_ACT_MW",3,3,-2.99375,"ACTUAL",1
"3","2019-10-15",4,0,"2019-10-15T10:00:00-00:00","2019-10-15T11:00:00-00:00","NP15","Solar","Renewable Forecast Actual Generation","RENEW_FCST_ACT_MW",3,3,-3.01352,"ACTUAL",1
"4","2019-10-15",5,0,"2019-10-15T11:00:00-00:00","2019-10-15T12:00:00-00:00","NP15","Solar","Renewable Forecast Actual Generation","RENEW_FCST_ACT_MW",3,3,-3.17983,"ACTUAL",1
"5","2019-10-15",6,0,"2019-10-15T12:00:00-00:00","2019-10-15T13:00:00-00:00","NP15","Solar","Renewable Forecast Actual Generation","RENEW_FCST_ACT_MW",3,3,-3.22052,"ACTUAL",1
"6","2019-10-15",7,0,"2019-10-15T13:00:00-00:00","2019-10-15T14:00:00-00:00","NP15","Solar","Renewable Forecast Actual Generation","RENEW_FCST_ACT_MW",3,3,-3.30855,"ACTUAL",1
"7","2019-10-15",8,0,"2019-10-15T14:00:00-00:00","2019-10-15T15:00:00-00:00","NP15","Solar","Renewable Forecast Actual Generation","RENEW_FCST_ACT_MW",3,3,80.16134,"ACTUAL",1
"8","2019-10-15",9,0,"2019-10-15T15:00:00-00:00","2019-10-15T16:00:00-00:00","NP15","Solar","Renewable Forecast Actual Generation","RENEW_FCST_ACT_MW",3,3,658.83904,"ACTUAL",1
"9","2019-10-15",10,0,"2019-10-15T16:00:00-00:00","2019-10-15T17:00:00-00:00","NP15","Solar","Renewable Forecast Actual Generation","RENEW_FCST_ACT_MW",3,3,1042.77268,"ACTUAL",1
"10","2019-10-15",11,0,"2019-10-15T17:00:00-00:00","2019-10-15T18:00:00-00:00","NP15","Solar","Renewable Forecast Actual Generation","RENEW_FCST_ACT_MW",3,3,1086.7255,"ACTUAL",1
"11","2019-10-15",12,0,"2019-10-15T18:00:00-00:00","2019-10-15T19:00:00-00:00","NP15","Solar","Renewable Forecast Actual Generation","RENEW_FCST_ACT_MW",3,3,1054.62573,"ACTUAL",1
"12","2019-10-15",13,0,"2019-10-15T19:00:00-00:00","2019-10-15T20:00:00-00:00","NP15","Solar","Renewable Forecast Actual Generation","RENEW_FCST_ACT_MW",3,3,1031.13673,"ACTUAL",1
"13","2019-10-15",14,0,"2019-10-15T20:00:00-00:00","2019-10-15T21:00:00-00:00","NP15","Solar","Renewable Forecast Actual Generation","RENEW_FCST_ACT_MW",3,3,1041.94371,"ACTUAL",1
"14","2019-10-15",15,0,"2019-10-15T21:00:00-00:00","2019-10-15T22:00:00-00:00","NP15","Solar","Renewable Forecast Actual Generation","RENEW_FCST_ACT_MW",3,3,1073.6087,"ACTUAL",1
"15","2019-10-15",16,0,"2019-10-15T22:00:00-00:00","2019-10-15T23:00:00-00:00","NP15","Solar","Renewable Forecast Actual Generation","RENEW_FCST_ACT_MW",3,3,1077.59858,"ACTUAL",1
"16","2019-10-15",17,0,"2019-10-15T23:00:00-00:00","2019-10-16T00:00:00-00:00","NP15","Solar","Renewable Forecast Actual Generation","RENEW_FCST_ACT_MW",3,3,915.29945,"ACTUAL",1
"17","2019-10-15",18,0,"2019-10-16T00:00:00-00:00","2019-10-16T01:00:00-00:00","NP15","Solar","Renewable Forecast Actual Generation","RENEW_FCST_ACT_MW",3,3,339.11775,"ACTUAL",1
"18","2019-10-15",19,0,"2019-10-16T01:00:00-00:00","2019-10-16T02:00:00-00:00","NP15","Solar","Renewable Forecast Actual Generation","RENEW_FCST_ACT_MW",3,3,4.24056,"ACTUAL",1
"19","2019-10-15",20,0,"2019-10-16T02:00:00-00:00","2019-10-16T03:00:00-00:00","NP15","Solar","Renewable Forecast Actual Generation","RENEW_FCST_ACT_MW",3,3,-3.2471,"ACTUAL",1
"20","2019-10-15",21,0,"2019-10-16T03:00:00-00:00","2019-10-16T04:00:00-00:00","NP15","Solar","Renewable Forecast Actual Generation","RENEW_FCST_ACT_MW",3,3,-3.23406,"ACTUAL",1
"21","2019-10-15",22,0,"2019-10-16T04:00:00-00:00","2019-10-16T05:00:00-00:00","NP15","Solar","Renewable Forecast Actual Generation","RENEW_FCST_ACT_MW",3,3,-3.22862,"ACTUAL",1
"22","2019-10-15",23,0,"2019-10-16T05:00:00-00:00","2019-10-16T06:00:00-00:00","NP15","Solar","Renewable Forecast Actual Generation","RENEW_FCST_ACT_MW",3,3,-3.24764,"ACTUAL",1
"23","2019-10-15",24,0,"2019-10-16T06:00:00-00:00","2019-10-16T07:00:00-00:00","NP15","Solar","Renewable Forecast Actual Generation","RENEW_FCST_ACT_MW",3,3,-3.24383,"ACTUAL",1
"24","2019-10-15",18,0,"2019-10-16T00:00:00-00:00","2019-10-16T01:00:00-00:00","NP15","Wind","Renewable Forecast Actual Generation","RENEW_FCST_ACT_MW",3,1,14.36318,"ACTUAL",2
"25","2019-10-15",6,0,"2019-10-15T12:00:00-00:00","2019-10-15T13:00:00-00:00","NP15","Wind","Renewable Forecast Actual Generation","RENEW_FCST_ACT_MW",3,1,123.48571,"ACTUAL",2
"26","2019-10-15",17,0,"2019-10-15T23:00:00-00:00","2019-10-16T00:00:00-00:00","NP15","Wind","Renewable Forecast Actual Generation","RENEW_FCST_ACT_MW",3,1,7.12295,"ACTUAL",2
"27","2019-10-15",16,0,"2019-10-15T22:00:00-00:00","2019-10-15T23:00:00-00:00","NP15","Wind","Renewable Forecast Actual Generation","RENEW_FCST_ACT_MW",3,1,11.13861,"ACTUAL",2
"28","2019-10-15",15,0,"2019-10-15T21:00:00-00:00","2019-10-15T22:00:00-00:00","NP15","Wind","Renewable Forecast Actual Generation","RENEW_FCST_ACT_MW",3,1,12.33059,"ACTUAL",2
"29","2019-10-15",14,0,"2019-10-15T20:00:00-00:00","2019-10-15T21:00:00-00:00","NP15","Wind","Renewable Forecast Actual Generation","RENEW_FCST_ACT_MW",3,1,15.90263,"ACTUAL",2
"30","2019-10-15",13,0,"2019-10-15T19:00:00-00:00","2019-10-15T20:00:00-00:00","NP15","Wind","Renewable Forecast Actual Generation","RENEW_FCST_ACT_MW",3,1,29.59867,"ACTUAL",2
"31","2019-10-15",12,0,"2019-10-15T18:00:00-00:00","2019-10-15T19:00:00-00:00","NP15","Wind","Renewable Forecast Actual Generation","RENEW_FCST_ACT_MW",3,1,24.16065,"ACTUAL",2
"32","2019-10-15",11,0,"2019-10-15T17:00:00-00:00","2019-10-15T18:00:00-00:00","NP15","Wind","Renewable Forecast Actual Generation","RENEW_FCST_ACT_MW",3,1,28.22353,"ACTUAL",2
"33","2019-10-15",10,0,"2019-10-15T16:00:00-00:00","2019-10-15T17:00:00-00:00","NP15","Wind","Renewable Forecast Actual Generation","RENEW_FCST_ACT_MW",3,1,62.07815,"ACTUAL",2
"34","2019-10-15",9,0,"2019-10-15T15:00:00-00:00","2019-10-15T16:00:00-00:00","NP15","Wind","Renewable Forecast Actual Generation","RENEW_FCST_ACT_MW",3,1,131.92881,"ACTUAL",2
"35","2019-10-15",8,0,"2019-10-15T14:00:00-00:00","2019-10-15T15:00:00-00:00","NP15","Wind","Renewable Forecast Actual Generation","RENEW_FCST_ACT_MW",3,1,137.10958,"ACTUAL",2
"36","2019-10-15",7,0,"2019-10-15T13:00:00-00:00","2019-10-15T14:00:00-00:00","NP15","Wind","Renewable Forecast Actual Generation","RENEW_FCST_ACT_MW",3,1,90.97454,"ACTUAL",2
"37","2019-10-15",5,0,"2019-10-15T11:00:00-00:00","2019-10-15T12:00:00-00:00","NP15","Wind","Renewable Forecast Actual Generation","RENEW_FCST_ACT_MW",3,1,170.77136,"ACTUAL",2
"38","2019-10-15",4,0,"2019-10-15T10:00:00-00:00","2019-10-15T11:00:00-00:00","NP15","Wind","Renewable Forecast Actual Generation","RENEW_FCST_ACT_MW",3,1,136.11231,"ACTUAL",2
"39","2019-10-15",3,0,"2019-10-15T09:00:00-00:00","2019-10-15T10:00:00-00:00","NP15","Wind","Renewable Forecast Actual Generation","RENEW_FCST_ACT_MW",3,1,230.56338,"ACTUAL",2
"40","2019-10-15",2,0,"2019-10-15T08:00:00-00:00","2019-10-15T09:00:00-00:00","NP15","Wind","Renewable Forecast Actual Generation","RENEW_FCST_ACT_MW",3,1,280.71714,"ACTUAL",2
"41","2019-10-15",24,0,"2019-10-16T06:00:00-00:00","2019-10-16T07:00:00-00:00","NP15","Wind","Renewable Forecast Actual Generation","RENEW_FCST_ACT_MW",3,1,179.86673,"ACTUAL",2
"42","2019-10-15",23,0,"2019-10-16T05:00:00-00:00","2019-10-16T06:00:00-00:00","NP15","Wind","Renewable Forecast Actual Generation","RENEW_FCST_ACT_MW",3,1,132.22585,"ACTUAL",2
"43","2019-10-15",22,0,"2019-10-16T04:00:00-00:00","2019-10-16T05:00:00-00:00","NP15","Wind","Renewable Forecast Actual Generation","RENEW_FCST_ACT_MW",3,1,128.4745,"ACTUAL",2
"44","2019-10-15",21,0,"2019-10-16T03:00:00-00:00","2019-10-16T04:00:00-00:00","NP15","Wind","Renewable Forecast Actual Generation","RENEW_FCST_ACT_MW",3,1,116.33937,"ACTUAL",2
"45","2019-10-15",20,0,"2019-10-16T02:00:00-00:00","2019-10-16T03:00:00-00:00","NP15","Wind","Renewable Forecast Actual Generation","RENEW_FCST_ACT_MW",3,1,42.4577,"ACTUAL",2
"46","2019-10-15",19,0,"2019-10-16T01:00:00-00:00","2019-10-16T02:00:00-00:00","NP15","Wind","Renewable Forecast Actual Generation","RENEW_FCST_ACT_MW",3,1,18.19103,"ACTUAL",2
"47","2019-10-15",6,0,"2019-10-15T12:00:00-00:00","2019-10-15T13:00:00-00:00","SP15","Solar","Renewable Forecast Actual Generation","RENEW_FCST_ACT_MW",3,3,-23.5271,"ACTUAL",3
"48","2019-10-15",18,0,"2019-10-16T00:00:00-00:00","2019-10-16T01:00:00-00:00","SP15","Solar","Renewable Forecast Actual Generation","RENEW_FCST_ACT_MW",3,3,1526.50745,"ACTUAL",3
"49","2019-10-15",5,0,"2019-10-15T11:00:00-00:00","2019-10-15T12:00:00-00:00","SP15","Solar","Renewable Forecast Actual Generation","RENEW_FCST_ACT_MW",3,3,-20.84033,"ACTUAL",3
"50","2019-10-15",11,0,"2019-10-15T17:00:00-00:00","2019-10-15T18:00:00-00:00","SP15","Solar","Renewable Forecast Actual Generation","RENEW_FCST_ACT_MW",3,3,6504.22349,"ACTUAL",3
"51","2019-10-15",4,0,"2019-10-15T10:00:00-00:00","2019-10-15T11:00:00-00:00","SP15","Solar","Renewable Forecast Actual Generation","RENEW_FCST_ACT_MW",3,3,-19.08737,"ACTUAL",3
"52","2019-10-15",15,0,"2019-10-15T21:00:00-00:00","2019-10-15T22:00:00-00:00","SP15","Solar","Renewable Forecast Actual Generation","RENEW_FCST_ACT_MW",3,3,6482.82219,"ACTUAL",3
"53","2019-10-15",3,0,"2019-10-15T09:00:00-00:00","2019-10-15T10:00:00-00:00","SP15","Solar","Renewable Forecast Actual Generation","RENEW_FCST_ACT_MW",3,3,-19.65447,"ACTUAL",3
"54","2019-10-15",10,0,"2019-10-15T16:00:00-00:00","2019-10-15T17:00:00-00:00","SP15","Solar","Renewable Forecast Actual Generation","RENEW_FCST_ACT_MW",3,3,6168.4283,"ACTUAL",3
"55","2019-10-15",2,0,"2019-10-15T08:00:00-00:00","2019-10-15T09:00:00-00:00","SP15","Solar","Renewable Forecast Actual Generation","RENEW_FCST_ACT_MW",3,3,-18.1565,"ACTUAL",3
"56","2019-10-15",13,0,"2019-10-15T19:00:00-00:00","2019-10-15T20:00:00-00:00","SP15","Solar","Renewable Forecast Actual Generation","RENEW_FCST_ACT_MW",3,3,6728.04195,"ACTUAL",3
"57","2019-10-15",24,0,"2019-10-16T06:00:00-00:00","2019-10-16T07:00:00-00:00","SP15","Solar","Renewable Forecast Actual Generation","RENEW_FCST_ACT_MW",3,3,-17.61526,"ACTUAL",3
"58","2019-10-15",9,0,"2019-10-15T15:00:00-00:00","2019-10-15T16:00:00-00:00","SP15","Solar","Renewable Forecast Actual Generation","RENEW_FCST_ACT_MW",3,3,4083.48781,"ACTUAL",3
"59","2019-10-15",23,0,"2019-10-16T05:00:00-00:00","2019-10-16T06:00:00-00:00","SP15","Solar","Renewable Forecast Actual Generation","RENEW_FCST_ACT_MW",3,3,-23.96998,"ACTUAL",3
"60","2019-10-15",16,0,"2019-10-15T22:00:00-00:00","2019-10-15T23:00:00-00:00","SP15","Solar","Renewable Forecast Actual Generation","RENEW_FCST_ACT_MW",3,3,6186.60491,"ACTUAL",3
"61","2019-10-15",22,0,"2019-10-16T04:00:00-00:00","2019-10-16T05:00:00-00:00","SP15","Solar","Renewable Forecast Actual Generation","RENEW_FCST_ACT_MW",3,3,-26.46576,"ACTUAL",3
"62","2019-10-15",8,0,"2019-10-15T14:00:00-00:00","2019-10-15T15:00:00-00:00","SP15","Solar","Renewable Forecast Actual Generation","RENEW_FCST_ACT_MW",3,3,1007.22703,"ACTUAL",3
"63","2019-10-15",21,0,"2019-10-16T03:00:00-00:00","2019-10-16T04:00:00-00:00","SP15","Solar","Renewable Forecast Actual Generation","RENEW_FCST_ACT_MW",3,3,-18.99809,"ACTUAL",3
"64","2019-10-15",12,0,"2019-10-15T18:00:00-00:00","2019-10-15T19:00:00-00:00","SP15","Solar","Renewable Forecast Actual Generation","RENEW_FCST_ACT_MW",3,3,6459.27594,"ACTUAL",3
"65","2019-10-15",20,0,"2019-10-16T02:00:00-00:00","2019-10-16T03:00:00-00:00","SP15","Solar","Renewable Forecast Actual Generation","RENEW_FCST_ACT_MW",3,3,-20.40089,"ACTUAL",3
"66","2019-10-15",7,0,"2019-10-15T13:00:00-00:00","2019-10-15T14:00:00-00:00","SP15","Solar","Renewable Forecast Actual Generation","RENEW_FCST_ACT_MW",3,3,-17.06556,"ACTUAL",3
"67","2019-10-15",19,0,"2019-10-16T01:00:00-00:00","2019-10-16T02:00:00-00:00","SP15","Solar","Renewable Forecast Actual Generation","RENEW_FCST_ACT_MW",3,3,31.27425,"ACTUAL",3
"68","2019-10-15",14,0,"2019-10-15T20:00:00-00:00","2019-10-15T21:00:00-00:00","SP15","Solar","Renewable Forecast Actual Generation","RENEW_FCST_ACT_MW",3,3,6797.79719,"ACTUAL",3
"69","2019-10-15",17,0,"2019-10-15T23:00:00-00:00","2019-10-16T00:00:00-00:00","SP15","Solar","Renewable Forecast Actual Generation","RENEW_FCST_ACT_MW",3,3,4547.23447,"ACTUAL",3
"70","2019-10-15",18,0,"2019-10-16T00:00:00-00:00","2019-10-16T01:00:00-00:00","SP15","Wind","Renewable Forecast Actual Generation","RENEW_FCST_ACT_MW",3,1,164.23457,"ACTUAL",4
"71","2019-10-15",19,0,"2019-10-16T01:00:00-00:00","2019-10-16T02:00:00-00:00","SP15","Wind","Renewable Forecast Actual Generation","RENEW_FCST_ACT_MW",3,1,123.33281,"ACTUAL",4
"72","2019-10-15",20,0,"2019-10-16T02:00:00-00:00","2019-10-16T03:00:00-00:00","SP15","Wind","Renewable Forecast Actual Generation","RENEW_FCST_ACT_MW",3,1,131.24955,"ACTUAL",4
"73","2019-10-15",21,0,"2019-10-16T03:00:00-00:00","2019-10-16T04:00:00-00:00","SP15","Wind","Renewable Forecast Actual Generation","RENEW_FCST_ACT_MW",3,1,149.45759,"ACTUAL",4
"74","2019-10-15",22,0,"2019-10-16T04:00:00-00:00","2019-10-16T05:00:00-00:00","SP15","Wind","Renewable Forecast Actual Generation","RENEW_FCST_ACT_MW",3,1,182.94473,"ACTUAL",4
"75","2019-10-15",23,0,"2019-10-16T05:00:00-00:00","2019-10-16T06:00:00-00:00","SP15","Wind","Renewable Forecast Actual Generation","RENEW_FCST_ACT_MW",3,1,162.79796,"ACTUAL",4
"76","2019-10-15",24,0,"2019-10-16T06:00:00-00:00","2019-10-16T07:00:00-00:00","SP15","Wind","Renewable Forecast Actual Generation","RENEW_FCST_ACT_MW",3,1,144.00779,"ACTUAL",4
"77","2019-10-15",2,0,"2019-10-15T08:00:00-00:00","2019-10-15T09:00:00-00:00","SP15","Wind","Renewable Forecast Actual Generation","RENEW_FCST_ACT_MW",3,1,263.13714,"ACTUAL",4
"78","2019-10-15",3,0,"2019-10-15T09:00:00-00:00","2019-10-15T10:00:00-00:00","SP15","Wind","Renewable Forecast Actual Generation","RENEW_FCST_ACT_MW",3,1,200.58396,"ACTUAL",4
"79","2019-10-15",4,0,"2019-10-15T10:00:00-00:00","2019-10-15T11:00:00-00:00","SP15","Wind","Renewable Forecast Actual Generation","RENEW_FCST_ACT_MW",3,1,157.54595,"ACTUAL",4
"80","2019-10-15",5,0,"2019-10-15T11:00:00-00:00","2019-10-15T12:00:00-00:00","SP15","Wind","Renewable Forecast Actual Generation","RENEW_FCST_ACT_MW",3,1,150.8429,"ACTUAL",4
"81","2019-10-15",6,0,"2019-10-15T12:00:00-00:00","2019-10-15T13:00:00-00:00","SP15","Wind","Renewable Forecast Actual Generation","RENEW_FCST_ACT_MW",3,1,178.458,"ACTUAL",4
"82","2019-10-15",7,0,"2019-10-15T13:00:00-00:00","2019-10-15T14:00:00-00:00","SP15","Wind","Renewable Forecast Actual Generation","RENEW_FCST_ACT_MW",3,1,185.52895,"ACTUAL",4
"83","2019-10-15",8,0,"2019-10-15T14:00:00-00:00","2019-10-15T15:00:00-00:00","SP15","Wind","Renewable Forecast Actual Generation","RENEW_FCST_ACT_MW",3,1,172.08235,"ACTUAL",4
"84","2019-10-15",9,0,"2019-10-15T15:00:00-00:00","2019-10-15T16:00:00-00:00","SP15","Wind","Renewable Forecast Actual Generation","RENEW_FCST_ACT_MW",3,1,187.60545,"ACTUAL",4
"85","2019-10-15",10,0,"2019-10-15T16:00:00-00:00","2019-10-15T17:00:00-00:00","SP15","Wind","Renewable Forecast Actual Generation","RENEW_FCST_ACT_MW",3,1,218.03546,"ACTUAL",4
"86","2019-10-15",11,0,"2019-10-15T17:00:00-00:00","2019-10-15T18:00:00-00:00","SP15","Wind","Renewable Forecast Actual Generation","RENEW_FCST_ACT_MW",3,1,264.15599,"ACTUAL",4
"87","2019-10-15",12,0,"2019-10-15T18:00:00-00:00","2019-10-15T19:00:00-00:00","SP15","Wind","Renewable Forecast Actual Generation","RENEW_FCST_ACT_MW",3,1,318.00731,"ACTUAL",4
"88","2019-10-15",13,0,"2019-10-15T19:00:00-00:00","2019-10-15T20:00:00-00:00","SP15","Wind","Renewable Forecast Actual Generation","RENEW_FCST_ACT_MW",3,1,329.38575,"ACTUAL",4
"89","2019-10-15",14,0,"2019-10-15T20:00:00-00:00","2019-10-15T21:00:00-00:00","SP15","Wind","Renewable Forecast Actual Generation","RENEW_FCST_ACT_MW",3,1,353.68474,"ACTUAL",4
"90","2019-10-15",15,0,"2019-10-15T21:00:00-00:00","2019-10-15T22:00:00-00:00","SP15","Wind","Renewable Forecast Actual Generation","RENEW_FCST_ACT_MW",3,1,334.47813,"ACTUAL",4
"91","2019-10-15",16,0,"2019-10-15T22:00:00-00:00","2019-10-15T23:00:00-00:00","SP15","Wind","Renewable Forecast Actual Generation","RENEW_FCST_ACT_MW",3,1,258.4843,"ACTUAL",4
"92","2019-10-15",17,0,"2019-10-15T23:00:00-00:00","2019-10-16T00:00:00-00:00","SP15","Wind","Renewable Forecast Actual Generation","RENEW_FCST_ACT_MW",3,1,212.50869,"ACTUAL",4
"93","2019-10-15",18,0,"2019-10-16T00:00:00-00:00","2019-10-16T01:00:00-00:00","ZP26","Solar","Renewable Forecast Actual Generation","RENEW_FCST_ACT_MW",3,3,370.22103,"ACTUAL",5
"94","2019-10-15",17,0,"2019-10-15T23:00:00-00:00","2019-10-16T00:00:00-00:00","ZP26","Solar","Renewable Forecast Actual Generation","RENEW_FCST_ACT_MW",3,3,1046.80602,"ACTUAL",5
"95","2019-10-15",20,0,"2019-10-16T02:00:00-00:00","2019-10-16T03:00:00-00:00","ZP26","Solar","Renewable Forecast Actual Generation","RENEW_FCST_ACT_MW",3,3,-5.67602,"ACTUAL",5
"96","2019-10-15",21,0,"2019-10-16T03:00:00-00:00","2019-10-16T04:00:00-00:00","ZP26","Solar","Renewable Forecast Actual Generation","RENEW_FCST_ACT_MW",3,3,-5.63506,"ACTUAL",5
"97","2019-10-15",22,0,"2019-10-16T04:00:00-00:00","2019-10-16T05:00:00-00:00","ZP26","Solar","Renewable Forecast Actual Generation","RENEW_FCST_ACT_MW",3,3,-5.5989,"ACTUAL",5
"98","2019-10-15",23,0,"2019-10-16T05:00:00-00:00","2019-10-16T06:00:00-00:00","ZP26","Solar","Renewable Forecast Actual Generation","RENEW_FCST_ACT_MW",3,3,-5.58877,"ACTUAL",5
"99","2019-10-15",24,0,"2019-10-16T06:00:00-00:00","2019-10-16T07:00:00-00:00","ZP26","Solar","Renewable Forecast Actual Generation","RENEW_FCST_ACT_MW",3,3,-5.57038,"ACTUAL",5
"100","2019-10-15",2,0,"2019-10-15T08:00:00-00:00","2019-10-15T09:00:00-00:00","ZP26","Solar","Renewable Forecast Actual Generation","RENEW_FCST_ACT_MW",3,3,-4.61083,"ACTUAL",5
"101","2019-10-15",3,0,"2019-10-15T09:00:00-00:00","2019-10-15T10:00:00-00:00","ZP26","Solar","Renewable Forecast Actual Generation","RENEW_FCST_ACT_MW",3,3,-4.61722,"ACTUAL",5
"102","2019-10-15",4,0,"2019-10-15T10:00:00-00:00","2019-10-15T11:00:00-00:00","ZP26","Solar","Renewable Forecast Actual Generation","RENEW_FCST_ACT_MW",3,3,-5.55335,"ACTUAL",5
"103","2019-10-15",5,0,"2019-10-15T11:00:00-00:00","2019-10-15T12:00:00-00:00","ZP26","Solar","Renewable Forecast Actual Generation","RENEW_FCST_ACT_MW",3,3,-4.63954,"ACTUAL",5
"104","2019-10-15",6,0,"2019-10-15T12:00:00-00:00","2019-10-15T13:00:00-00:00","ZP26","Solar","Renewable Forecast Actual Generation","RENEW_FCST_ACT_MW",3,3,-4.56002,"ACTUAL",5
"105","2019-10-15",7,0,"2019-10-15T13:00:00-00:00","2019-10-15T14:00:00-00:00","ZP26","Solar","Renewable Forecast Actual Generation","RENEW_FCST_ACT_MW",3,3,-4.64238,"ACTUAL",5
"106","2019-10-15",8,0,"2019-10-15T14:00:00-00:00","2019-10-15T15:00:00-00:00","ZP26","Solar","Renewable Forecast Actual Generation","RENEW_FCST_ACT_MW",3,3,109.90947,"ACTUAL",5
"107","2019-10-15",9,0,"2019-10-15T15:00:00-00:00","2019-10-15T16:00:00-00:00","ZP26","Solar","Renewable Forecast Actual Generation","RENEW_FCST_ACT_MW",3,3,729.85996,"ACTUAL",5
"108","2019-10-15",10,0,"2019-10-15T16:00:00-00:00","2019-10-15T17:00:00-00:00","ZP26","Solar","Renewable Forecast Actual Generation","RENEW_FCST_ACT_MW",3,3,1242.99415,"ACTUAL",5
"109","2019-10-15",11,0,"2019-10-15T17:00:00-00:00","2019-10-15T18:00:00-00:00","ZP26","Solar","Renewable Forecast Actual Generation","RENEW_FCST_ACT_MW",3,3,1410.99283,"ACTUAL",5
"110","2019-10-15",12,0,"2019-10-15T18:00:00-00:00","2019-10-15T19:00:00-00:00","ZP26","Solar","Renewable Forecast Actual Generation","RENEW_FCST_ACT_MW",3,3,1466.21706,"ACTUAL",5
"111","2019-10-15",13,0,"2019-10-15T19:00:00-00:00","2019-10-15T20:00:00-00:00","ZP26","Solar","Renewable Forecast Actual Generation","RENEW_FCST_ACT_MW",3,3,1469.0601,"ACTUAL",5
"112","2019-10-15",14,0,"2019-10-15T20:00:00-00:00","2019-10-15T21:00:00-00:00","ZP26","Solar","Renewable Forecast Actual Generation","RENEW_FCST_ACT_MW",3,3,1483.49281,"ACTUAL",5
"113","2019-10-15",15,0,"2019-10-15T21:00:00-00:00","2019-10-15T22:00:00-00:00","ZP26","Solar","Renewable Forecast Actual Generation","RENEW_FCST_ACT_MW",3,3,1466.41554,"ACTUAL",5
"114","2019-10-15",16,0,"2019-10-15T22:00:00-00:00","2019-10-15T23:00:00-00:00","ZP26","Solar","Renewable Forecast Actual Generation","RENEW_FCST_ACT_MW",3,3,1372.48507,"ACTUAL",5
"115","2019-10-15",19,0,"2019-10-16T01:00:00-00:00","2019-10-16T02:00:00-00:00","ZP26","Solar","Renewable Forecast Actual Generation","RENEW_FCST_ACT_MW",3,3,1.60309,"ACTUAL",5
"116","2019-10-16",1,0,"2019-10-16T07:00:00-00:00","2019-10-16T08:00:00-00:00","NP15","Solar","Renewable Forecast Actual Generation","RENEW_FCST_ACT_MW",3,3,-3.25336,"ACTUAL",6
"117","2019-10-16",1,0,"2019-10-16T07:00:00-00:00","2019-10-16T08:00:00-00:00","NP15","Wind","Renewable Forecast Actual Generation","RENEW_FCST_ACT_MW",3,1,186.09277,"ACTUAL",7
"118","2019-10-16",1,0,"2019-10-16T07:00:00-00:00","2019-10-16T08:00:00-00:00","SP15","Solar","Renewable Forecast Actual Generation","RENEW_FCST_ACT_MW",3,3,-17.19082,"ACTUAL",8
"119","2019-10-16",1,0,"2019-10-16T07:00:00-00:00","2019-10-16T08:00:00-00:00","SP15","Wind","Renewable Forecast Actual Generation","RENEW_FCST_ACT_MW",3,1,122.10937,"ACTUAL",9
"120","2019-10-16",1,0,"2019-10-16T07:00:00-00:00","2019-10-16T08:00:00-00:00","ZP26","Solar","Renewable Forecast Actual Generation","RENEW_FCST_ACT_MW",3,3,-5.59842,"ACTUAL",10
