"","OPR_DT","OPR_HR","OPR_INTERVAL","INTERVALSTARTTIME_GMT","INTERVALENDTIME_GMT","TRADING_HUB","RENEWABLE_TYPE","LABEL","XML_DATA_ITEM","MARKET_RUN_ID_POS","RENEW_POS","MW","MARKET_RUN_ID","GROUP"
"1","2019-07-30",2,0,"2019-07-30T08:00:00-00:00","2019-07-30T09:00:00-00:00","NP15","Solar","Renewable Forecast Actual Generation","RENEW_FCST_ACT_MW",3,3,22.71426,"ACTUAL",1
"2","2019-07-30",3,0,"2019-07-30T09:00:00-00:00","2019-07-30T10:00:00-00:00","NP15","Solar","Renewable Forecast Actual Generation","RENEW_FCST_ACT_MW",3,3,22.69423,"ACTUAL",1
"3","2019-07-30",4,0,"2019-07-30T10:00:00-00:00","2019-07-30T11:00:00-00:00","NP15","Solar","Renewable Forecast Actual Generation","RENEW_FCST_ACT_MW",3,3,22.66229,"ACTUAL",1
"4","2019-07-30",5,0,"2019-07-30T11:00:00-00:00","2019-07-30T12:00:00-00:00","NP15","Solar","Renewable Forecast Actual Generation","RENEW_FCST_ACT_MW",3,3,22.68079,"ACTUAL",1
"5","2019-07-30",6,0,"2019-07-30T12:00:00-00:00","2019-07-30T13:00:00-00:00","NP15","Solar","Renewable Forecast Actual Generation","RENEW_FCST_ACT_MW",3,3,22.65749,"ACTUAL",1
"6","2019-07-30",7,0,"2019-07-30T13:00:00-00:00","2019-07-30T14:00:00-00:00","NP15","Solar","Renewable Forecast Actual Generation","RENEW_FCST_ACT_MW",3,3,201.65661,"ACTUAL",1
"7","2019-07-30",8,0,"2019-07-30T14:00:00-00:00","2019-07-30T15:00:00-00:00","NP15","Solar","Renewable Forecast Actual Generation","RENEW_FCST_ACT_MW",3,3,767.33151,"ACTUAL",1
"8","2019-07-30",9,0,"2019-07-30T15:00:00-00:00","2019-07-30T16:00:00-00:00","NP15","Solar","Renewable Forecast Actual Generation","RENEW_FCST_ACT_MW",3,3,1198.28788,"ACTUAL",1
"9","2019-07-30",10,0,"2019-07-30T16:00:00-00:00","2019-07-30T17:00:00-00:00","NP15","Solar","Renewable Forecast Actual Generation","RENEW_FCST_ACT_MW",3,3,1330.9932,"ACTUAL",1
"10","2019-07-30",11,0,"2019-07-30T17:00:00-00:00","2019-07-30T18:00:00-00:00","NP15","Solar","Renewable Forecast Actual Generation","RENEW_FCST_ACT_MW",3,3,1364.00905,"ACTUAL",1
"11","2019-07-30",12,0,"2019-07-30T18:00:00-00:00","2019-07-30T19:00:00-00:00","NP15","Solar","Renewable Forecast Actual Generation","RENEW_FCST_ACT_MW",3,3,1373.94628,"ACTUAL",1
"12","2019-07-30",13,0,"2019-07-30T19:00:00-00:00","2019-07-30T20:00:00-00:00","NP15","Solar","Renewable Forecast Actual Generation","RENEW_FCST_ACT_MW",3,3,1372.34079,"ACTUAL",1
"13","2019-07-30",14,0,"2019-07-30T20:00:00-00:00","2019-07-30T21:00:00-00:00","NP15","Solar","Renewable Forecast Actual Generation","RENEW_FCST_ACT_MW",3,3,1363.62789,"ACTUAL",1
"14","2019-07-30",15,0,"2019-07-30T21:00:00-00:00","2019-07-30T22:00:00-00:00","NP15","Solar","Renewable Forecast Actual Generation","RENEW_FCST_ACT_MW",3,3,1349.23322,"ACTUAL",1
"15","2019-07-30",16,0,"2019-07-30T22:00:00-00:00","2019-07-30T23:00:00-00:00","NP15","Solar","Renewable Forecast Actual Generation","RENEW_FCST_ACT_MW",3,3,1335.56856,"ACTUAL",1
"16","2019-07-30",17,0,"2019-07-30T23:00:00-00:00","2019-07-31T00:00:00-00:00","NP15","Solar","Renewable Forecast Actual Generation","RENEW_FCST_ACT_MW",3,3,1297.22889,"ACTUAL",1
"17","2019-07-30",18,0,"2019-07-31T00:00:00-00:00","2019-07-31T01:00:00-00:00","NP15","Solar","Renewable Forecast Actual Generation","RENEW_FCST_ACT_MW",3,3,1189.87989,"ACTUAL",1
"18","2019-07-30",19,0,"2019-07-31T01:00:00-00:00","2019-07-31T02:00:00-00:00","NP15","Solar","Renewable Forecast Actual Generation","RENEW_FCST_ACT_MW",3,3,828.63352,"ACTUAL",1
"19","2019-07-30",20,0,"2019-07-31T02:00:00-00:00","2019-07-31T03:00:00-00:00","NP15","Solar","Renewable Forecast Actual Generation","RENEW_FCST_ACT_MW",3,3,175.60235,"ACTUAL",1
"20","2019-07-30",21,0,"2019-07-31T03:00:00-00:00","2019-07-31T04:00:00-00:00","NP15","Solar","Renewable Forecast Actual Generation","RENEW_FCST_ACT_MW",3,3,39.31722,"ACTUAL",1
"21","2019-07-30",22,0,"2019-07-31T04:00:00-00:00","2019-07-31T05:00:00-00:00","NP15","Solar","Renewable Forecast Actual Generation","RENEW_FCST_ACT_MW",3,3,38.9809,"ACTUAL",1
"22","2019-07-30",23,0,"2019-07-31T05:00:00-00:00","2019-07-31T06:00:00-00:00","NP15","Solar","Renewable Forecast Actual Generation","RENEW_FCST_ACT_MW",3,3,38.98631,"ACTUAL",1
"23","2019-07-30",24,0,"2019-07-31T06:00:00-00:00","2019-07-31T07:00:00-00:00","NP15","Solar","Renewable Forecast Actual Generation","RENEW_FCST_ACT_MW",3,3,39.02472,"ACTUAL",1
"24","2019-07-30",18,0,"2019-07-31T00:00:00-00:00","2019-07-31T01:00:00-00:00","NP15","Wind","Renewable Forecast Actual Generation","RENEW_FCST_ACT_MW",3,1,690.47568,"ACTUAL",2
"25","2019-07-30",6,0,"2019-07-30T12:00:00-00:00","2019-07-30T13:00:00-00:00","NP15","Wind","Renewable Forecast Actual Generation","RENEW_FCST_ACT_MW",3,1,1215.69664,"ACTUAL",2
"26","2019-07-30",17,0,"2019-07-30T23:00:00-00:00","2019-07-31T00:00:00-00:00","NP15","Wind","Renewable Forecast Actual Generation","RENEW_FCST_ACT_MW",3,1,697.77576,"ACTUAL",2
"27","2019-07-30",16,0,"2019-07-30T22:00:00-00:00","2019-07-30T23:00:00-00:00","NP15","Wind","Renewable Forecast Actual Generation","RENEW_FCST_ACT_MW",3,1,682.6799,"ACTUAL",2
"28","2019-07-30",15,0,"2019-07-30T21:00:00-00:00","2019-07-30T22:00:00-00:00","NP15","Wind","Renewable Forecast Actual Generation","RENEW_FCST_ACT_MW",3,1,647.37877,"ACTUAL",2
"29","2019-07-30",14,0,"2019-07-30T20:00:00-00:00","2019-07-30T21:00:00-00:00","NP15","Wind","Renewable Forecast Actual Generation","RENEW_FCST_ACT_MW",3,1,615.44432,"ACTUAL",2
"30","2019-07-30",13,0,"2019-07-30T19:00:00-00:00","2019-07-30T20:00:00-00:00","NP15","Wind","Renewable Forecast Actual Generation","RENEW_FCST_ACT_MW",3,1,544.50758,"ACTUAL",2
"31","2019-07-30",12,0,"2019-07-30T18:00:00-00:00","2019-07-30T19:00:00-00:00","NP15","Wind","Renewable Forecast Actual Generation","RENEW_FCST_ACT_MW",3,1,572.01081,"ACTUAL",2
"32","2019-07-30",11,0,"2019-07-30T17:00:00-00:00","2019-07-30T18:00:00-00:00","NP15","Wind","Renewable Forecast Actual Generation","RENEW_FCST_ACT_MW",3,1,669.28005,"ACTUAL",2
"33","2019-07-30",10,0,"2019-07-30T16:00:00-00:00","2019-07-30T17:00:00-00:00","NP15","Wind","Renewable Forecast Actual Generation","RENEW_FCST_ACT_MW",3,1,814.0367,"ACTUAL",2
"34","2019-07-30",9,0,"2019-07-30T15:00:00-00:00","2019-07-30T16:00:00-00:00","NP15","Wind","Renewable Forecast Actual Generation","RENEW_FCST_ACT_MW",3,1,918.49386,"ACTUAL",2
"35","2019-07-30",8,0,"2019-07-30T14:00:00-00:00","2019-07-30T15:00:00-00:00","NP15","Wind","Renewable Forecast Actual Generation","RENEW_FCST_ACT_MW",3,1,957.03002,"ACTUAL",2
"36","2019-07-30",7,0,"2019-07-30T13:00:00-00:00","2019-07-30T14:00:00-00:00","NP15","Wind","Renewable Forecast Actual Generation","RENEW_FCST_ACT_MW",3,1,1165.24581,"ACTUAL",2
"37","2019-07-30",5,0,"2019-07-30T11:00:00-00:00","2019-07-30T12:00:00-00:00","NP15","Wind","Renewable Forecast Actual Generation","RENEW_FCST_ACT_MW",3,1,1109.70525,"ACTUAL",2
"38","2019-07-30",4,0,"2019-07-30T10:00:00-00:00","2019-07-30T11:00:00-00:00","NP15","Wind","Renewable Forecast Actual Generation","RENEW_FCST_ACT_MW",3,1,990.45417,"ACTUAL",2
"39","2019-07-30",3,0,"2019-07-30T09:00:00-00:00","2019-07-30T10:00:00-00:00","NP15","Wind","Renewable Forecast Actual Generation","RENEW_FCST_ACT_MW",3,1,927.88998,"ACTUAL",2
"40","2019-07-30",2,0,"2019-07-30T08:00:00-00:00","2019-07-30T09:00:00-00:00","NP15","Wind","Renewable Forecast Actual Generation","RENEW_FCST_ACT_MW",3,1,879.78934,"ACTUAL",2
"41","2019-07-30",24,0,"2019-07-31T06:00:00-00:00","2019-07-31T07:00:00-00:00","NP15","Wind","Renewable Forecast Actual Generation","RENEW_FCST_ACT_MW",3,1,911.89426,"ACTUAL",2
"42","2019-07-30",23,0,"2019-07-31T05:00:00-00:00","2019-07-31T06:00:00-00:00","NP15","Wind","Renewable Forecast Actual Generation","RENEW_FCST_ACT_MW",3,1,951.142,"ACTUAL",2
"43","2019-07-30",22,0,"2019-07-31T04:00:00-00:00","2019-07-31T05:00:00-00:00","NP15","Wind","Renewable Forecast Actual Generation","RENEW_FCST_ACT_MW",3,1,896.93437,"ACTUAL",2
"44","2019-07-30",21,0,"2019-07-31T03:00:00-00:00","2019-07-31T04:00:00-00:00","NP15","Wind","Renewable Forecast Actual Generation","RENEW_FCST_ACT_MW",3,1,939.36529,"ACTUAL",2
"45","2019-07-30",20,0,"2019-07-31T02:00:00-00:00","2019-07-31T03:00:00-00:00","NP15","Wind","Renewable Forecast Actual Generation","RENEW_FCST_ACT_MW",3,1,938.49058,"ACTUAL",2
"46","2019-07-30",19,0,"2019-07-31T01:00:00-00:00","2019-07-31T02:00:00-00:00","NP15","Wind","Renewable Forecast Actual Generation","RENEW_FCST_ACT_MW",3,1,803.92915,"ACTUAL",2
"47","2019-07-30",6,0,"2019-07-30T12:00:00-00:00","2019-07-30T13:00:00-00:00","SP15","Solar","Renewable Forecast Actual Generation","RENEW_FCST_ACT_MW",3,3,-2.63239,"ACTUAL",3
"48","2019-07-30",18,0,"2019-07-31T00:00:00-00:00","2019-07-31T01:00:00-00:00","SP15","Solar","Renewable Forecast Actual Generation","RENEW_FCST_ACT_MW",3,3,3275.7002,"ACTUAL",3
"49","2019-07-30",5,0,"2019-07-30T11:00:00-00:00","2019-07-30T12:00:00-00:00","SP15","Solar","Renewable Forecast Actual Generation","RENEW_FCST_ACT_MW",3,3,-6.03278,"ACTUAL",3
"50","2019-07-30",11,0,"2019-07-30T17:00:00-00:00","2019-07-30T18:00:00-00:00","SP15","Solar","Renewable Forecast Actual Generation","RENEW_FCST_ACT_MW",3,3,5911.21783,"ACTUAL",3
"51","2019-07-30",4,0,"2019-07-30T10:00:00-00:00","2019-07-30T11:00:00-00:00","SP15","Solar","Renewable Forecast Actual Generation","RENEW_FCST_ACT_MW",3,3,-5.49226,"ACTUAL",3
"52","2019-07-30",15,0,"2019-07-30T21:00:00-00:00","2019-07-30T22:00:00-00:00","SP15","Solar","Renewable Forecast Actual Generation","RENEW_FCST_ACT_MW",3,3,5605.08891,"ACTUAL",3
"53","2019-07-30",3,0,"2019-07-30T09:00:00-00:00","2019-07-30T10:00:00-00:00","SP15","Solar","Renewable Forecast Actual Generation","RENEW_FCST_ACT_MW",3,3,-5.24673,"ACTUAL",3
"54","2019-07-30",10,0,"2019-07-30T16:00:00-00:00","2019-07-30T17:00:00-00:00","SP15","Solar","Renewable Forecast Actual Generation","RENEW_FCST_ACT_MW",3,3,5392.4873,"ACTUAL",3
"55","2019-07-30",2,0,"2019-07-30T08:00:00-00:00","2019-07-30T09:00:00-00:00","SP15","Solar","Renewable Forecast Actual Generation","RENEW_FCST_ACT_MW",3,3,-3.44651,"ACTUAL",3
"56","2019-07-30",13,0,"2019-07-30T19:00:00-00:00","2019-07-30T20:00:00-00:00","SP15","Solar","Renewable Forecast Actual Generation","RENEW_FCST_ACT_MW",3,3,6430.04559,"ACTUAL",3
"57","2019-07-30",24,0,"2019-07-31T06:00:00-00:00","2019-07-31T07:00:00-00:00","SP15","Solar","Renewable Forecast Actual Generation","RENEW_FCST_ACT_MW",3,3,-4.92937,"ACTUAL",3
"58","2019-07-30",9,0,"2019-07-30T15:00:00-00:00","2019-07-30T16:00:00-00:00","SP15","Solar","Renewable Forecast Actual Generation","RENEW_FCST_ACT_MW",3,3,4223.54901,"ACTUAL",3
"59","2019-07-30",23,0,"2019-07-31T05:00:00-00:00","2019-07-31T06:00:00-00:00","SP15","Solar","Renewable Forecast Actual Generation","RENEW_FCST_ACT_MW",3,3,-5.23428,"ACTUAL",3
"60","2019-07-30",16,0,"2019-07-30T22:00:00-00:00","2019-07-30T23:00:00-00:00","SP15","Solar","Renewable Forecast Actual Generation","RENEW_FCST_ACT_MW",3,3,4825.98775,"ACTUAL",3
"61","2019-07-30",22,0,"2019-07-31T04:00:00-00:00","2019-07-31T05:00:00-00:00","SP15","Solar","Renewable Forecast Actual Generation","RENEW_FCST_ACT_MW",3,3,11.37708,"ACTUAL",3
"62","2019-07-30",8,0,"2019-07-30T14:00:00-00:00","2019-07-30T15:00:00-00:00","SP15","Solar","Renewable Forecast Actual Generation","RENEW_FCST_ACT_MW",3,3,2922.10368,"ACTUAL",3
"63","2019-07-30",21,0,"2019-07-31T03:00:00-00:00","2019-07-31T04:00:00-00:00","SP15","Solar","Renewable Forecast Actual Generation","RENEW_FCST_ACT_MW",3,3,10.59901,"ACTUAL",3
"64","2019-07-30",12,0,"2019-07-30T18:00:00-00:00","2019-07-30T19:00:00-00:00","SP15","Solar","Renewable Forecast Actual Generation","RENEW_FCST_ACT_MW",3,3,6097.51978,"ACTUAL",3
"65","2019-07-30",20,0,"2019-07-31T02:00:00-00:00","2019-07-31T03:00:00-00:00","SP15","Solar","Renewable Forecast Actual Generation","RENEW_FCST_ACT_MW",3,3,142.34219,"ACTUAL",3
"66","2019-07-30",7,0,"2019-07-30T13:00:00-00:00","2019-07-30T14:00:00-00:00","SP15","Solar","Renewable Forecast Actual Generation","RENEW_FCST_ACT_MW",3,3,1259.06194,"ACTUAL",3
"67","2019-07-30",19,0,"2019-07-31T01:00:00-00:00","2019-07-31T02:00:00-00:00","SP15","Solar","Renewable Forecast Actual Generation","RENEW_FCST_ACT_MW",3,3,1837.06943,"ACTUAL",3
"68","2019-07-30",14,0,"2019-07-30T20:00:00-00:00","2019-07-30T21:00:00-00:00","SP15","Solar","Renewable Forecast Actual Generation","RENEW_FCST_ACT_MW",3,3,5809.04719,"ACTUAL",3
"69","2019-07-30",17,0,"2019-07-30T23:00:00-00:00","2019-07-31T00:00:00-00:00","SP15","Solar","Renewable Forecast Actual Generation","RENEW_FCST_ACT_MW",3,3,4145.7308,"ACTUAL",3
"70","2019-07-30",18,0,"2019-07-31T00:00:00-00:00","2019-07-31T01:00:00-00:00","SP15","Wind","Renewable Forecast Actual Generation","RENEW_FCST_ACT_MW",3,1,1905.81021,"ACTUAL",4
"71","2019-07-30",19,0,"2019-07-31T01:00:00-00:00","2019-07-31T02:00:00-00:00","SP15","Wind","Renewable Forecast Actual Generation","RENEW_FCST_ACT_MW",3,1,1984.10098,"ACTUAL",4
"72","2019-07-30",20,0,"2019-07-31T02:00:00-00:00","2019-07-31T03:00:00-00:00","SP15","Wind","Renewable Forecast Actual Generation","RENEW_FCST_ACT_MW",3,1,2069.39487,"ACTUAL",4
"73","2019-07-30",21,0,"2019-07-31T03:00:00-00:00","2019-07-31T04:00:00-00:00","SP15","Wind","Renewable Forecast Actual Generation","RENEW_FCST_ACT_MW",3,1,2044.81647,"ACTUAL",4
"74","2019-07-30",22,0,"2019-07-31T04:00:00-00:00","2019-07-31T05:00:00-00:00","SP15","Wind","Renewable Forecast Actual Generation","RENEW_FCST_ACT_MW",3,1,1905.05388,"ACTUAL",4
"75","2019-07-30",23,0,"2019-07-31T05:00:00-00:00","2019-07-31T06:00:00-00:00","SP15","Wind","Renewable Forecast Actual Generation","RENEW_FCST_ACT_MW",3,1,1656.00094,"ACTUAL",4
"76","2019-07-30",24,0,"2019-07-31T06:00:00-00:00","2019-07-31T07:00:00-00:00","SP15","Wind","Renewable Forecast Actual Generation","RENEW_FCST_ACT_MW",3,1,1633.20169,"ACTUAL",4
"77","2019-07-30",2,0,"2019-07-30T08:00:00-00:00","2019-07-30T09:00:00-00:00","SP15","Wind","Renewable Forecast Actual Generation","RENEW_FCST_ACT_MW",3,1,2086.27433,"ACTUAL",4
"78","2019-07-30",3,0,"2019-07-30T09:00:00-00:00","2019-07-30T10:00:00-00:00","SP15","Wind","Renewable Forecast Actual Generation","RENEW_FCST_ACT_MW",3,1,1915.71429,"ACTUAL",4
"79","2019-07-30",4,0,"2019-07-30T10:00:00-00:00","2019-07-30T11:00:00-00:00","SP15","Wind","Renewable Forecast Actual Generation","RENEW_FCST_ACT_MW",3,1,1873.32067,"ACTUAL",4
"80","2019-07-30",5,0,"2019-07-30T11:00:00-00:00","2019-07-30T12:00:00-00:00","SP15","Wind","Renewable Forecast Actual Generation","RENEW_FCST_ACT_MW",3,1,1710.69487,"ACTUAL",4
"81","2019-07-30",6,0,"2019-07-30T12:00:00-00:00","2019-07-30T13:00:00-00:00","SP15","Wind","Renewable Forecast Actual Generation","RENEW_FCST_ACT_MW",3,1,1409.26022,"ACTUAL",4
"82","2019-07-30",7,0,"2019-07-30T13:00:00-00:00","2019-07-30T14:00:00-00:00","SP15","Wind","Renewable Forecast Actual Generation","RENEW_FCST_ACT_MW",3,1,1201.6997,"ACTUAL",4
"83","2019-07-30",8,0,"2019-07-30T14:00:00-00:00","2019-07-30T15:00:00-00:00","SP15","Wind","Renewable Forecast Actual Generation","RENEW_FCST_ACT_MW",3,1,1044.23983,"ACTUAL",4
"84","2019-07-30",9,0,"2019-07-30T15:00:00-00:00","2019-07-30T16:00:00-00:00","SP15","Wind","Renewable Forecast Actual Generation","RENEW_FCST_ACT_MW",3,1,856.81356,"ACTUAL",4
"85","2019-07-30",10,0,"2019-07-30T16:00:00-00:00","2019-07-30T17:00:00-00:00","SP15","Wind","Renewable Forecast Actual Generation","RENEW_FCST_ACT_MW",3,1,568.05408,"ACTUAL",4
"86","2019-07-30",11,0,"2019-07-30T17:00:00-00:00","2019-07-30T18:00:00-00:00","SP15","Wind","Renewable Forecast Actual Generation","RENEW_FCST_ACT_MW",3,1,388.99087,"ACTUAL",4
"87","2019-07-30",12,0,"2019-07-30T18:00:00-00:00","2019-07-30T19:00:00-00:00","SP15","Wind","Renewable Forecast Actual Generation","RENEW_FCST_ACT_MW",3,1,230.93867,"ACTUAL",4
"88","2019-07-30",13,0,"2019-07-30T19:00:00-00:00","2019-07-30T20:00:00-00:00","SP15","Wind","Renewable Forecast Actual Generation","RENEW_FCST_ACT_MW",3,1,219.27611,"ACTUAL",4
"89","2019-07-30",14,0,"2019-07-30T20:00:00-00:00","2019-07-30T21:00:00-00:00","SP15","Wind","Renewable Forecast Actual Generation","RENEW_FCST_ACT_MW",3,1,514.88802,"ACTUAL",4
"90","2019-07-30",15,0,"2019-07-30T21:00:00-00:00","2019-07-30T22:00:00-00:00","SP15","Wind","Renewable Forecast Actual Generation","RENEW_FCST_ACT_MW",3,1,815.91963,"ACTUAL",4
"91","2019-07-30",16,0,"2019-07-30T22:00:00-00:00","2019-07-30T23:00:00-00:00","SP15","Wind","Renewable Forecast Actual Generation","RENEW_FCST_ACT_MW",3,1,1232.82574,"ACTUAL",4
"92","2019-07-30",17,0,"2019-07-30T23:00:00-00:00","2019-07-31T00:00:00-00:00","SP15","Wind","Renewable Forecast Actual Generation","RENEW_FCST_ACT_MW",3,1,1603.12952,"ACTUAL",4
"93","2019-07-30",18,0,"2019-07-31T00:00:00-00:00","2019-07-31T01:00:00-00:00","ZP26","Solar","Renewable Forecast Actual Generation","RENEW_FCST_ACT_MW",3,3,1225.55734,"ACTUAL",5
"94","2019-07-30",17,0,"2019-07-30T23:00:00-00:00","2019-07-31T00:00:00-00:00","ZP26","Solar","Renewable Forecast Actual Generation","RENEW_FCST_ACT_MW",3,3,1478.3589,"ACTUAL",5
"95","2019-07-30",20,0,"2019-07-31T02:00:00-00:00","2019-07-31T03:00:00-00:00","ZP26","Solar","Renewable Forecast Actual Generation","RENEW_FCST_ACT_MW",3,3,57.48726,"ACTUAL",5
"96","2019-07-30",21,0,"2019-07-31T03:00:00-00:00","2019-07-31T04:00:00-00:00","ZP26","Solar","Renewable Forecast Actual Generation","RENEW_FCST_ACT_MW",3,3,9.66388,"ACTUAL",5
"97","2019-07-30",22,0,"2019-07-31T04:00:00-00:00","2019-07-31T05:00:00-00:00","ZP26","Solar","Renewable Forecast Actual Generation","RENEW_FCST_ACT_MW",3,3,9.55942,"ACTUAL",5
"98","2019-07-30",23,0,"2019-07-31T05:00:00-00:00","2019-07-31T06:00:00-00:00","ZP26","Solar","Renewable Forecast Actual Generation","RENEW_FCST_ACT_MW",3,3,-5.39046,"ACTUAL",5
"99","2019-07-30",24,0,"2019-07-31T06:00:00-00:00","2019-07-31T07:00:00-00:00","ZP26","Solar","Renewable Forecast Actual Generation","RENEW_FCST_ACT_MW",3,3,-5.38472,"ACTUAL",5
"100","2019-07-30",2,0,"2019-07-30T08:00:00-00:00","2019-07-30T09:00:00-00:00","ZP26","Solar","Renewable Forecast Actual Generation","RENEW_FCST_ACT_MW",3,3,9.62436,"ACTUAL",5
"101","2019-07-30",3,0,"2019-07-30T09:00:00-00:00","2019-07-30T10:00:00-00:00","ZP26","Solar","Renewable Forecast Actual Generation","RENEW_FCST_ACT_MW",3,3,9.59148,"ACTUAL",5
"102","2019-07-30",4,0,"2019-07-30T10:00:00-00:00","2019-07-30T11:00:00-00:00","ZP26","Solar","Renewable Forecast Actual Generation","RENEW_FCST_ACT_MW",3,3,9.53212,"ACTUAL",5
"103","2019-07-30",5,0,"2019-07-30T11:00:00-00:00","2019-07-30T12:00:00-00:00","ZP26","Solar","Renewable Forecast Actual Generation","RENEW_FCST_ACT_MW",3,3,9.56001,"ACTUAL",5
"104","2019-07-30",6,0,"2019-07-30T12:00:00-00:00","2019-07-30T13:00:00-00:00","ZP26","Solar","Renewable Forecast Actual Generation","RENEW_FCST_ACT_MW",3,3,9.3965,"ACTUAL",5
"105","2019-07-30",7,0,"2019-07-30T13:00:00-00:00","2019-07-30T14:00:00-00:00","ZP26","Solar","Renewable Forecast Actual Generation","RENEW_FCST_ACT_MW",3,3,292.31703,"ACTUAL",5
"106","2019-07-30",8,0,"2019-07-30T14:00:00-00:00","2019-07-30T15:00:00-00:00","ZP26","Solar","Renewable Forecast Actual Generation","RENEW_FCST_ACT_MW",3,3,883.53664,"ACTUAL",5
"107","2019-07-30",9,0,"2019-07-30T15:00:00-00:00","2019-07-30T16:00:00-00:00","ZP26","Solar","Renewable Forecast Actual Generation","RENEW_FCST_ACT_MW",3,3,1326.58167,"ACTUAL",5
"108","2019-07-30",10,0,"2019-07-30T16:00:00-00:00","2019-07-30T17:00:00-00:00","ZP26","Solar","Renewable Forecast Actual Generation","RENEW_FCST_ACT_MW",3,3,1560.18693,"ACTUAL",5
"109","2019-07-30",11,0,"2019-07-30T17:00:00-00:00","2019-07-30T18:00:00-00:00","ZP26","Solar","Renewable Forecast Actual Generation","RENEW_FCST_ACT_MW",3,3,1658.56841,"ACTUAL",5
"110","2019-07-30",12,0,"2019-07-30T18:00:00-00:00","2019-07-30T19:00:00-00:00","ZP26","Solar","Renewable Forecast Actual Generation","RENEW_FCST_ACT_MW",3,3,1692.18885,"ACTUAL",5
"111","2019-07-30",13,0,"2019-07-30T19:00:00-00:00","2019-07-30T20:00:00-00:00","ZP26","Solar","Renewable Forecast Actual Generation","RENEW_FCST_ACT_MW",3,3,1704.10493,"ACTUAL",5
"112","2019-07-30",14,0,"2019-07-30T20:00:00-00:00","2019-07-30T21:00:00-00:00","ZP26","Solar","Renewable Forecast Actual Generation","RENEW_FCST_ACT_MW",3,3,1719.60038,"ACTUAL",5
"113","2019-07-30",15,0,"2019-07-30T21:00:00-00:00","2019-07-30T22:00:00-00:00","ZP26","Solar","Renewable Forecast Actual Generation","RENEW_FCST_ACT_MW",3,3,1674.0753,"ACTUAL",5
"114","2019-07-30",16,0,"2019-07-30T22:00:00-00:00","2019-07-30T23:00:00-00:00","ZP26","Solar","Renewable Forecast Actual Generation","RENEW_FCST_ACT_MW",3,3,1570.24039,"ACTUAL",5
"115","2019-07-30",19,0,"2019-07-31T01:00:00-00:00","2019-07-31T02:00:00-00:00","ZP26","Solar","Renewable Forecast Actual Generation","RENEW_FCST_ACT_MW",3,3,743.0143,"ACTUAL",5
"116","2019-07-31",1,0,"2019-07-31T07:00:00-00:00","2019-07-31T08:00:00-00:00","NP15","Solar","Renewable Forecast Actual Generation","RENEW_FCST_ACT_MW",3,3,39.04965,"ACTUAL",6
"117","2019-07-31",1,0,"2019-07-31T07:00:00-00:00","2019-07-31T08:00:00-00:00","NP15","Wind","Renewable Forecast Actual Generation","RENEW_FCST_ACT_MW",3,1,896.80223,"ACTUAL",7
"118","2019-07-31",1,0,"2019-07-31T07:00:00-00:00","2019-07-31T08:00:00-00:00","SP15","Solar","Renewable Forecast Actual Generation","RENEW_FCST_ACT_MW",3,3,-4.49966,"ACTUAL",8
"119","2019-07-31",1,0,"2019-07-31T07:00:00-00:00","2019-07-31T08:00:00-00:00","SP15","Wind","Renewable Forecast Actual Generation","RENEW_FCST_ACT_MW",3,1,1584.7911,"ACTUAL",9
"120","2019-07-31",1,0,"2019-07-31T07:00:00-00:00","2019-07-31T08:00:00-00:00","ZP26","Solar","Renewable Forecast Actual Generation","RENEW_FCST_ACT_MW",3,3,-5.35359,"ACTUAL",10
