"","OPR_DT","OPR_HR","OPR_INTERVAL","INTERVALSTARTTIME_GMT","INTERVALENDTIME_GMT","TRADING_HUB","RENEWABLE_TYPE","LABEL","XML_DATA_ITEM","MARKET_RUN_ID_POS","RENEW_POS","MW","MARKET_RUN_ID","GROUP"
"1","2019-06-22",2,0,"2019-06-22T08:00:00-00:00","2019-06-22T09:00:00-00:00","NP15","Solar","Renewable Forecast Actual Generation","RENEW_FCST_ACT_MW",3,3,-0.07656,"ACTUAL",1
"2","2019-06-22",3,0,"2019-06-22T09:00:00-00:00","2019-06-22T10:00:00-00:00","NP15","Solar","Renewable Forecast Actual Generation","RENEW_FCST_ACT_MW",3,3,-0.08709,"ACTUAL",1
"3","2019-06-22",4,0,"2019-06-22T10:00:00-00:00","2019-06-22T11:00:00-00:00","NP15","Solar","Renewable Forecast Actual Generation","RENEW_FCST_ACT_MW",3,3,-0.08826,"ACTUAL",1
"4","2019-06-22",5,0,"2019-06-22T11:00:00-00:00","2019-06-22T12:00:00-00:00","NP15","Solar","Renewable Forecast Actual Generation","RENEW_FCST_ACT_MW",3,3,-0.07476,"ACTUAL",1
"5","2019-06-22",6,0,"2019-06-22T12:00:00-00:00","2019-06-22T13:00:00-00:00","NP15","Solar","Renewable Forecast Actual Generation","RENEW_FCST_ACT_MW",3,3,1.61302,"ACTUAL",1
"6","2019-06-22",7,0,"2019-06-22T13:00:00-00:00","2019-06-22T14:00:00-00:00","NP15","Solar","Renewable Forecast Actual Generation","RENEW_FCST_ACT_MW",3,3,262.73197,"ACTUAL",1
"7","2019-06-22",8,0,"2019-06-22T14:00:00-00:00","2019-06-22T15:00:00-00:00","NP15","Solar","Renewable Forecast Actual Generation","RENEW_FCST_ACT_MW",3,3,947.35759,"ACTUAL",1
"8","2019-06-22",9,0,"2019-06-22T15:00:00-00:00","2019-06-22T16:00:00-00:00","NP15","Solar","Renewable Forecast Actual Generation","RENEW_FCST_ACT_MW",3,3,1266.40746,"ACTUAL",1
"9","2019-06-22",10,0,"2019-06-22T16:00:00-00:00","2019-06-22T17:00:00-00:00","NP15","Solar","Renewable Forecast Actual Generation","RENEW_FCST_ACT_MW",3,3,1354.30347,"ACTUAL",1
"10","2019-06-22",11,0,"2019-06-22T17:00:00-00:00","2019-06-22T18:00:00-00:00","NP15","Solar","Renewable Forecast Actual Generation","RENEW_FCST_ACT_MW",3,3,1384.72109,"ACTUAL",1
"11","2019-06-22",12,0,"2019-06-22T18:00:00-00:00","2019-06-22T19:00:00-00:00","NP15","Solar","Renewable Forecast Actual Generation","RENEW_FCST_ACT_MW",3,3,1400.78894,"ACTUAL",1
"12","2019-06-22",13,0,"2019-06-22T19:00:00-00:00","2019-06-22T20:00:00-00:00","NP15","Solar","Renewable Forecast Actual Generation","RENEW_FCST_ACT_MW",3,3,1407.83964,"ACTUAL",1
"13","2019-06-22",14,0,"2019-06-22T20:00:00-00:00","2019-06-22T21:00:00-00:00","NP15","Solar","Renewable Forecast Actual Generation","RENEW_FCST_ACT_MW",3,3,1407.98376,"ACTUAL",1
"14","2019-06-22",15,0,"2019-06-22T21:00:00-00:00","2019-06-22T22:00:00-00:00","NP15","Solar","Renewable Forecast Actual Generation","RENEW_FCST_ACT_MW",3,3,1395.11207,"ACTUAL",1
"15","2019-06-22",16,0,"2019-06-22T22:00:00-00:00","2019-06-22T23:00:00-00:00","NP15","Solar","Renewable Forecast Actual Generation","RENEW_FCST_ACT_MW",3,3,1391.80096,"ACTUAL",1
"16","2019-06-22",17,0,"2019-06-22T23:00:00-00:00","2019-06-23T00:00:00-00:00","NP15","Solar","Renewable Forecast Actual Generation","RENEW_FCST_ACT_MW",3,3,1363.90459,"ACTUAL",1
"17","2019-06-22",18,0,"2019-06-23T00:00:00-00:00","2019-06-23T01:00:00-00:00","NP15","Solar","Renewable Forecast Actual Generation","RENEW_FCST_ACT_MW",3,3,1273.45096,"ACTUAL",1
"18","2019-06-22",19,0,"2019-06-23T01:00:00-00:00","2019-06-23T02:00:00-00:00","NP15","Solar","Renewable Forecast Actual Generation","RENEW_FCST_ACT_MW",3,3,958.64797,"ACTUAL",1
"19","2019-06-22",20,0,"2019-06-23T02:00:00-00:00","2019-06-23T03:00:00-00:00","NP15","Solar","Renewable Forecast Actual Generation","RENEW_FCST_ACT_MW",3,3,308.29165,"ACTUAL",1
"20","2019-06-22",21,0,"2019-06-23T03:00:00-00:00","2019-06-23T04:00:00-00:00","NP15","Solar","Renewable Forecast Actual Generation","RENEW_FCST_ACT_MW",3,3,6.46661,"ACTUAL",1
"21","2019-06-22",22,0,"2019-06-23T04:00:00-00:00","2019-06-23T05:00:00-00:00","NP15","Solar","Renewable Forecast Actual Generation","RENEW_FCST_ACT_MW",3,3,0.32792,"ACTUAL",1
"22","2019-06-22",23,0,"2019-06-23T05:00:00-00:00","2019-06-23T06:00:00-00:00","NP15","Solar","Renewable Forecast Actual Generation","RENEW_FCST_ACT_MW",3,3,0.34792,"ACTUAL",1
"23","2019-06-22",24,0,"2019-06-23T06:00:00-00:00","2019-06-23T07:00:00-00:00","NP15","Solar","Renewable Forecast Actual Generation","RENEW_FCST_ACT_MW",3,3,0.38073,"ACTUAL",1
"24","2019-06-22",18,0,"2019-06-23T00:00:00-00:00","2019-06-23T01:00:00-00:00","NP15","Wind","Renewable Forecast Actual Generation","RENEW_FCST_ACT_MW",3,1,561.5797,"ACTUAL",2
"25","2019-06-22",6,0,"2019-06-22T12:00:00-00:00","2019-06-22T13:00:00-00:00","NP15","Wind","Renewable Forecast Actual Generation","RENEW_FCST_ACT_MW",3,1,299.06095,"ACTUAL",2
"26","2019-06-22",17,0,"2019-06-22T23:00:00-00:00","2019-06-23T00:00:00-00:00","NP15","Wind","Renewable Forecast Actual Generation","RENEW_FCST_ACT_MW",3,1,256.97491,"ACTUAL",2
"27","2019-06-22",16,0,"2019-06-22T22:00:00-00:00","2019-06-22T23:00:00-00:00","NP15","Wind","Renewable Forecast Actual Generation","RENEW_FCST_ACT_MW",3,1,454.13918,"ACTUAL",2
"28","2019-06-22",15,0,"2019-06-22T21:00:00-00:00","2019-06-22T22:00:00-00:00","NP15","Wind","Renewable Forecast Actual Generation","RENEW_FCST_ACT_MW",3,1,584.79697,"ACTUAL",2
"29","2019-06-22",14,0,"2019-06-22T20:00:00-00:00","2019-06-22T21:00:00-00:00","NP15","Wind","Renewable Forecast Actual Generation","RENEW_FCST_ACT_MW",3,1,731.89523,"ACTUAL",2
"30","2019-06-22",13,0,"2019-06-22T19:00:00-00:00","2019-06-22T20:00:00-00:00","NP15","Wind","Renewable Forecast Actual Generation","RENEW_FCST_ACT_MW",3,1,821.55132,"ACTUAL",2
"31","2019-06-22",12,0,"2019-06-22T18:00:00-00:00","2019-06-22T19:00:00-00:00","NP15","Wind","Renewable Forecast Actual Generation","RENEW_FCST_ACT_MW",3,1,726.00895,"ACTUAL",2
"32","2019-06-22",11,0,"2019-06-22T17:00:00-00:00","2019-06-22T18:00:00-00:00","NP15","Wind","Renewable Forecast Actual Generation","RENEW_FCST_ACT_MW",3,1,873.92814,"ACTUAL",2
"33","2019-06-22",10,0,"2019-06-22T16:00:00-00:00","2019-06-22T17:00:00-00:00","NP15","Wind","Renewable Forecast Actual Generation","RENEW_FCST_ACT_MW",3,1,645.6281,"ACTUAL",2
"34","2019-06-22",9,0,"2019-06-22T15:00:00-00:00","2019-06-22T16:00:00-00:00","NP15","Wind","Renewable Forecast Actual Generation","RENEW_FCST_ACT_MW",3,1,364.78963,"ACTUAL",2
"35","2019-06-22",8,0,"2019-06-22T14:00:00-00:00","2019-06-22T15:00:00-00:00","NP15","Wind","Renewable Forecast Actual Generation","RENEW_FCST_ACT_MW",3,1,351.18461,"ACTUAL",2
"36","2019-06-22",7,0,"2019-06-22T13:00:00-00:00","2019-06-22T14:00:00-00:00","NP15","Wind","Renewable Forecast Actual Generation","RENEW_FCST_ACT_MW",3,1,360.82808,"ACTUAL",2
"37","2019-06-22",5,0,"2019-06-22T11:00:00-00:00","2019-06-22T12:00:00-00:00","NP15","Wind","Renewable Forecast Actual Generation","RENEW_FCST_ACT_MW",3,1,338.02735,"ACTUAL",2
"38","2019-06-22",4,0,"2019-06-22T10:00:00-00:00","2019-06-22T11:00:00-00:00","NP15","Wind","Renewable Forecast Actual Generation","RENEW_FCST_ACT_MW",3,1,399.07911,"ACTUAL",2
"39","2019-06-22",3,0,"2019-06-22T09:00:00-00:00","2019-06-22T10:00:00-00:00","NP15","Wind","Renewable Forecast Actual Generation","RENEW_FCST_ACT_MW",3,1,501.77511,"ACTUAL",2
"40","2019-06-22",2,0,"2019-06-22T08:00:00-00:00","2019-06-22T09:00:00-00:00","NP15","Wind","Renewable Forecast Actual Generation","RENEW_FCST_ACT_MW",3,1,699.26846,"ACTUAL",2
"41","2019-06-22",24,0,"2019-06-23T06:00:00-00:00","2019-06-23T07:00:00-00:00","NP15","Wind","Renewable Forecast Actual Generation","RENEW_FCST_ACT_MW",3,1,458.32067,"ACTUAL",2
"42","2019-06-22",23,0,"2019-06-23T05:00:00-00:00","2019-06-23T06:00:00-00:00","NP15","Wind","Renewable Forecast Actual Generation","RENEW_FCST_ACT_MW",3,1,469.59595,"ACTUAL",2
"43","2019-06-22",22,0,"2019-06-23T04:00:00-00:00","2019-06-23T05:00:00-00:00","NP15","Wind","Renewable Forecast Actual Generation","RENEW_FCST_ACT_MW",3,1,491.49526,"ACTUAL",2
"44","2019-06-22",21,0,"2019-06-23T03:00:00-00:00","2019-06-23T04:00:00-00:00","NP15","Wind","Renewable Forecast Actual Generation","RENEW_FCST_ACT_MW",3,1,573.3395,"ACTUAL",2
"45","2019-06-22",20,0,"2019-06-23T02:00:00-00:00","2019-06-23T03:00:00-00:00","NP15","Wind","Renewable Forecast Actual Generation","RENEW_FCST_ACT_MW",3,1,519.8706,"ACTUAL",2
"46","2019-06-22",19,0,"2019-06-23T01:00:00-00:00","2019-06-23T02:00:00-00:00","NP15","Wind","Renewable Forecast Actual Generation","RENEW_FCST_ACT_MW",3,1,563.11446,"ACTUAL",2
"47","2019-06-22",6,0,"2019-06-22T12:00:00-00:00","2019-06-22T13:00:00-00:00","SP15","Solar","Renewable Forecast Actual Generation","RENEW_FCST_ACT_MW",3,3,19.62723,"ACTUAL",3
"48","2019-06-22",18,0,"2019-06-23T00:00:00-00:00","2019-06-23T01:00:00-00:00","SP15","Solar","Renewable Forecast Actual Generation","RENEW_FCST_ACT_MW",3,3,5475.63676,"ACTUAL",3
"49","2019-06-22",5,0,"2019-06-22T11:00:00-00:00","2019-06-22T12:00:00-00:00","SP15","Solar","Renewable Forecast Actual Generation","RENEW_FCST_ACT_MW",3,3,-2.95109,"ACTUAL",3
"50","2019-06-22",11,0,"2019-06-22T17:00:00-00:00","2019-06-22T18:00:00-00:00","SP15","Solar","Renewable Forecast Actual Generation","RENEW_FCST_ACT_MW",3,3,7145.05587,"ACTUAL",3
"51","2019-06-22",4,0,"2019-06-22T10:00:00-00:00","2019-06-22T11:00:00-00:00","SP15","Solar","Renewable Forecast Actual Generation","RENEW_FCST_ACT_MW",3,3,-1.7531,"ACTUAL",3
"52","2019-06-22",15,0,"2019-06-22T21:00:00-00:00","2019-06-22T22:00:00-00:00","SP15","Solar","Renewable Forecast Actual Generation","RENEW_FCST_ACT_MW",3,3,7330.673,"ACTUAL",3
"53","2019-06-22",3,0,"2019-06-22T09:00:00-00:00","2019-06-22T10:00:00-00:00","SP15","Solar","Renewable Forecast Actual Generation","RENEW_FCST_ACT_MW",3,3,-2.14656,"ACTUAL",3
"54","2019-06-22",10,0,"2019-06-22T16:00:00-00:00","2019-06-22T17:00:00-00:00","SP15","Solar","Renewable Forecast Actual Generation","RENEW_FCST_ACT_MW",3,3,6665.83128,"ACTUAL",3
"55","2019-06-22",2,0,"2019-06-22T08:00:00-00:00","2019-06-22T09:00:00-00:00","SP15","Solar","Renewable Forecast Actual Generation","RENEW_FCST_ACT_MW",3,3,-4.0208,"ACTUAL",3
"56","2019-06-22",13,0,"2019-06-22T19:00:00-00:00","2019-06-22T20:00:00-00:00","SP15","Solar","Renewable Forecast Actual Generation","RENEW_FCST_ACT_MW",3,3,7442.48284,"ACTUAL",3
"57","2019-06-22",24,0,"2019-06-23T06:00:00-00:00","2019-06-23T07:00:00-00:00","SP15","Solar","Renewable Forecast Actual Generation","RENEW_FCST_ACT_MW",3,3,-1.90599,"ACTUAL",3
"58","2019-06-22",9,0,"2019-06-22T15:00:00-00:00","2019-06-22T16:00:00-00:00","SP15","Solar","Renewable Forecast Actual Generation","RENEW_FCST_ACT_MW",3,3,5861.70276,"ACTUAL",3
"59","2019-06-22",23,0,"2019-06-23T05:00:00-00:00","2019-06-23T06:00:00-00:00","SP15","Solar","Renewable Forecast Actual Generation","RENEW_FCST_ACT_MW",3,3,-1.91649,"ACTUAL",3
"60","2019-06-22",16,0,"2019-06-22T22:00:00-00:00","2019-06-22T23:00:00-00:00","SP15","Solar","Renewable Forecast Actual Generation","RENEW_FCST_ACT_MW",3,3,7036.28801,"ACTUAL",3
"61","2019-06-22",22,0,"2019-06-23T04:00:00-00:00","2019-06-23T05:00:00-00:00","SP15","Solar","Renewable Forecast Actual Generation","RENEW_FCST_ACT_MW",3,3,1.81164,"ACTUAL",3
"62","2019-06-22",8,0,"2019-06-22T14:00:00-00:00","2019-06-22T15:00:00-00:00","SP15","Solar","Renewable Forecast Actual Generation","RENEW_FCST_ACT_MW",3,3,4007.89638,"ACTUAL",3
"63","2019-06-22",21,0,"2019-06-23T03:00:00-00:00","2019-06-23T04:00:00-00:00","SP15","Solar","Renewable Forecast Actual Generation","RENEW_FCST_ACT_MW",3,3,14.69939,"ACTUAL",3
"64","2019-06-22",12,0,"2019-06-22T18:00:00-00:00","2019-06-22T19:00:00-00:00","SP15","Solar","Renewable Forecast Actual Generation","RENEW_FCST_ACT_MW",3,3,7386.22182,"ACTUAL",3
"65","2019-06-22",20,0,"2019-06-23T02:00:00-00:00","2019-06-23T03:00:00-00:00","SP15","Solar","Renewable Forecast Actual Generation","RENEW_FCST_ACT_MW",3,3,727.67944,"ACTUAL",3
"66","2019-06-22",7,0,"2019-06-22T13:00:00-00:00","2019-06-22T14:00:00-00:00","SP15","Solar","Renewable Forecast Actual Generation","RENEW_FCST_ACT_MW",3,3,1225.56737,"ACTUAL",3
"67","2019-06-22",19,0,"2019-06-23T01:00:00-00:00","2019-06-23T02:00:00-00:00","SP15","Solar","Renewable Forecast Actual Generation","RENEW_FCST_ACT_MW",3,3,3282.78319,"ACTUAL",3
"68","2019-06-22",14,0,"2019-06-22T20:00:00-00:00","2019-06-22T21:00:00-00:00","SP15","Solar","Renewable Forecast Actual Generation","RENEW_FCST_ACT_MW",3,3,7432.48994,"ACTUAL",3
"69","2019-06-22",17,0,"2019-06-22T23:00:00-00:00","2019-06-23T00:00:00-00:00","SP15","Solar","Renewable Forecast Actual Generation","RENEW_FCST_ACT_MW",3,3,6504.29368,"ACTUAL",3
"70","2019-06-22",18,0,"2019-06-23T00:00:00-00:00","2019-06-23T01:00:00-00:00","SP15","Wind","Renewable Forecast Actual Generation","RENEW_FCST_ACT_MW",3,1,1046.51129,"ACTUAL",4
"71","2019-06-22",19,0,"2019-06-23T01:00:00-00:00","2019-06-23T02:00:00-00:00","SP15","Wind","Renewable Forecast Actual Generation","RENEW_FCST_ACT_MW",3,1,1456.71928,"ACTUAL",4
"72","2019-06-22",20,0,"2019-06-23T02:00:00-00:00","2019-06-23T03:00:00-00:00","SP15","Wind","Renewable Forecast Actual Generation","RENEW_FCST_ACT_MW",3,1,1826.33404,"ACTUAL",4
"73","2019-06-22",21,0,"2019-06-23T03:00:00-00:00","2019-06-23T04:00:00-00:00","SP15","Wind","Renewable Forecast Actual Generation","RENEW_FCST_ACT_MW",3,1,2046.03143,"ACTUAL",4
"74","2019-06-22",22,0,"2019-06-23T04:00:00-00:00","2019-06-23T05:00:00-00:00","SP15","Wind","Renewable Forecast Actual Generation","RENEW_FCST_ACT_MW",3,1,1949.19632,"ACTUAL",4
"75","2019-06-22",23,0,"2019-06-23T05:00:00-00:00","2019-06-23T06:00:00-00:00","SP15","Wind","Renewable Forecast Actual Generation","RENEW_FCST_ACT_MW",3,1,2014.11836,"ACTUAL",4
"76","2019-06-22",24,0,"2019-06-23T06:00:00-00:00","2019-06-23T07:00:00-00:00","SP15","Wind","Renewable Forecast Actual Generation","RENEW_FCST_ACT_MW",3,1,1798.88427,"ACTUAL",4
"77","2019-06-22",2,0,"2019-06-22T08:00:00-00:00","2019-06-22T09:00:00-00:00","SP15","Wind","Renewable Forecast Actual Generation","RENEW_FCST_ACT_MW",3,1,3179.59173,"ACTUAL",4
"78","2019-06-22",3,0,"2019-06-22T09:00:00-00:00","2019-06-22T10:00:00-00:00","SP15","Wind","Renewable Forecast Actual Generation","RENEW_FCST_ACT_MW",3,1,3096.26956,"ACTUAL",4
"79","2019-06-22",4,0,"2019-06-22T10:00:00-00:00","2019-06-22T11:00:00-00:00","SP15","Wind","Renewable Forecast Actual Generation","RENEW_FCST_ACT_MW",3,1,2823.02758,"ACTUAL",4
"80","2019-06-22",5,0,"2019-06-22T11:00:00-00:00","2019-06-22T12:00:00-00:00","SP15","Wind","Renewable Forecast Actual Generation","RENEW_FCST_ACT_MW",3,1,2437.19463,"ACTUAL",4
"81","2019-06-22",6,0,"2019-06-22T12:00:00-00:00","2019-06-22T13:00:00-00:00","SP15","Wind","Renewable Forecast Actual Generation","RENEW_FCST_ACT_MW",3,1,2061.55418,"ACTUAL",4
"82","2019-06-22",7,0,"2019-06-22T13:00:00-00:00","2019-06-22T14:00:00-00:00","SP15","Wind","Renewable Forecast Actual Generation","RENEW_FCST_ACT_MW",3,1,1450.56172,"ACTUAL",4
"83","2019-06-22",8,0,"2019-06-22T14:00:00-00:00","2019-06-22T15:00:00-00:00","SP15","Wind","Renewable Forecast Actual Generation","RENEW_FCST_ACT_MW",3,1,896.76931,"ACTUAL",4
"84","2019-06-22",9,0,"2019-06-22T15:00:00-00:00","2019-06-22T16:00:00-00:00","SP15","Wind","Renewable Forecast Actual Generation","RENEW_FCST_ACT_MW",3,1,643.4672,"ACTUAL",4
"85","2019-06-22",10,0,"2019-06-22T16:00:00-00:00","2019-06-22T17:00:00-00:00","SP15","Wind","Renewable Forecast Actual Generation","RENEW_FCST_ACT_MW",3,1,738.05128,"ACTUAL",4
"86","2019-06-22",11,0,"2019-06-22T17:00:00-00:00","2019-06-22T18:00:00-00:00","SP15","Wind","Renewable Forecast Actual Generation","RENEW_FCST_ACT_MW",3,1,781.36379,"ACTUAL",4
"87","2019-06-22",12,0,"2019-06-22T18:00:00-00:00","2019-06-22T19:00:00-00:00","SP15","Wind","Renewable Forecast Actual Generation","RENEW_FCST_ACT_MW",3,1,653.16079,"ACTUAL",4
"88","2019-06-22",13,0,"2019-06-22T19:00:00-00:00","2019-06-22T20:00:00-00:00","SP15","Wind","Renewable Forecast Actual Generation","RENEW_FCST_ACT_MW",3,1,482.15146,"ACTUAL",4
"89","2019-06-22",14,0,"2019-06-22T20:00:00-00:00","2019-06-22T21:00:00-00:00","SP15","Wind","Renewable Forecast Actual Generation","RENEW_FCST_ACT_MW",3,1,376.03591,"ACTUAL",4
"90","2019-06-22",15,0,"2019-06-22T21:00:00-00:00","2019-06-22T22:00:00-00:00","SP15","Wind","Renewable Forecast Actual Generation","RENEW_FCST_ACT_MW",3,1,404.25856,"ACTUAL",4
"91","2019-06-22",16,0,"2019-06-22T22:00:00-00:00","2019-06-22T23:00:00-00:00","SP15","Wind","Renewable Forecast Actual Generation","RENEW_FCST_ACT_MW",3,1,465.27549,"ACTUAL",4
"92","2019-06-22",17,0,"2019-06-22T23:00:00-00:00","2019-06-23T00:00:00-00:00","SP15","Wind","Renewable Forecast Actual Generation","RENEW_FCST_ACT_MW",3,1,608.66995,"ACTUAL",4
"93","2019-06-22",18,0,"2019-06-23T00:00:00-00:00","2019-06-23T01:00:00-00:00","ZP26","Solar","Renewable Forecast Actual Generation","RENEW_FCST_ACT_MW",3,3,1126.55791,"ACTUAL",5
"94","2019-06-22",17,0,"2019-06-22T23:00:00-00:00","2019-06-23T00:00:00-00:00","ZP26","Solar","Renewable Forecast Actual Generation","RENEW_FCST_ACT_MW",3,3,1336.96863,"ACTUAL",5
"95","2019-06-22",20,0,"2019-06-23T02:00:00-00:00","2019-06-23T03:00:00-00:00","ZP26","Solar","Renewable Forecast Actual Generation","RENEW_FCST_ACT_MW",3,3,187.08275,"ACTUAL",5
"96","2019-06-22",21,0,"2019-06-23T03:00:00-00:00","2019-06-23T04:00:00-00:00","ZP26","Solar","Renewable Forecast Actual Generation","RENEW_FCST_ACT_MW",3,3,-2.65067,"ACTUAL",5
"97","2019-06-22",22,0,"2019-06-23T04:00:00-00:00","2019-06-23T05:00:00-00:00","ZP26","Solar","Renewable Forecast Actual Generation","RENEW_FCST_ACT_MW",3,3,-4.83288,"ACTUAL",5
"98","2019-06-22",23,0,"2019-06-23T05:00:00-00:00","2019-06-23T06:00:00-00:00","ZP26","Solar","Renewable Forecast Actual Generation","RENEW_FCST_ACT_MW",3,3,-4.69467,"ACTUAL",5
"99","2019-06-22",24,0,"2019-06-23T06:00:00-00:00","2019-06-23T07:00:00-00:00","ZP26","Solar","Renewable Forecast Actual Generation","RENEW_FCST_ACT_MW",3,3,-4.68322,"ACTUAL",5
"100","2019-06-22",2,0,"2019-06-22T08:00:00-00:00","2019-06-22T09:00:00-00:00","ZP26","Solar","Renewable Forecast Actual Generation","RENEW_FCST_ACT_MW",3,3,-4.71684,"ACTUAL",5
"101","2019-06-22",3,0,"2019-06-22T09:00:00-00:00","2019-06-22T10:00:00-00:00","ZP26","Solar","Renewable Forecast Actual Generation","RENEW_FCST_ACT_MW",3,3,-4.68905,"ACTUAL",5
"102","2019-06-22",4,0,"2019-06-22T10:00:00-00:00","2019-06-22T11:00:00-00:00","ZP26","Solar","Renewable Forecast Actual Generation","RENEW_FCST_ACT_MW",3,3,-4.69484,"ACTUAL",5
"103","2019-06-22",5,0,"2019-06-22T11:00:00-00:00","2019-06-22T12:00:00-00:00","ZP26","Solar","Renewable Forecast Actual Generation","RENEW_FCST_ACT_MW",3,3,-4.89965,"ACTUAL",5
"104","2019-06-22",6,0,"2019-06-22T12:00:00-00:00","2019-06-22T13:00:00-00:00","ZP26","Solar","Renewable Forecast Actual Generation","RENEW_FCST_ACT_MW",3,3,-3.91525,"ACTUAL",5
"105","2019-06-22",7,0,"2019-06-22T13:00:00-00:00","2019-06-22T14:00:00-00:00","ZP26","Solar","Renewable Forecast Actual Generation","RENEW_FCST_ACT_MW",3,3,177.75763,"ACTUAL",5
"106","2019-06-22",8,0,"2019-06-22T14:00:00-00:00","2019-06-22T15:00:00-00:00","ZP26","Solar","Renewable Forecast Actual Generation","RENEW_FCST_ACT_MW",3,3,703.55668,"ACTUAL",5
"107","2019-06-22",9,0,"2019-06-22T15:00:00-00:00","2019-06-22T16:00:00-00:00","ZP26","Solar","Renewable Forecast Actual Generation","RENEW_FCST_ACT_MW",3,3,1119.68926,"ACTUAL",5
"108","2019-06-22",10,0,"2019-06-22T16:00:00-00:00","2019-06-22T17:00:00-00:00","ZP26","Solar","Renewable Forecast Actual Generation","RENEW_FCST_ACT_MW",3,3,1325.05527,"ACTUAL",5
"109","2019-06-22",11,0,"2019-06-22T17:00:00-00:00","2019-06-22T18:00:00-00:00","ZP26","Solar","Renewable Forecast Actual Generation","RENEW_FCST_ACT_MW",3,3,1446.18598,"ACTUAL",5
"110","2019-06-22",12,0,"2019-06-22T18:00:00-00:00","2019-06-22T19:00:00-00:00","ZP26","Solar","Renewable Forecast Actual Generation","RENEW_FCST_ACT_MW",3,3,1519.58883,"ACTUAL",5
"111","2019-06-22",13,0,"2019-06-22T19:00:00-00:00","2019-06-22T20:00:00-00:00","ZP26","Solar","Renewable Forecast Actual Generation","RENEW_FCST_ACT_MW",3,3,1531.03989,"ACTUAL",5
"112","2019-06-22",14,0,"2019-06-22T20:00:00-00:00","2019-06-22T21:00:00-00:00","ZP26","Solar","Renewable Forecast Actual Generation","RENEW_FCST_ACT_MW",3,3,1534.6982,"ACTUAL",5
"113","2019-06-22",15,0,"2019-06-22T21:00:00-00:00","2019-06-22T22:00:00-00:00","ZP26","Solar","Renewable Forecast Actual Generation","RENEW_FCST_ACT_MW",3,3,1529.04493,"ACTUAL",5
"114","2019-06-22",16,0,"2019-06-22T22:00:00-00:00","2019-06-22T23:00:00-00:00","ZP26","Solar","Renewable Forecast Actual Generation","RENEW_FCST_ACT_MW",3,3,1457.90898,"ACTUAL",5
"115","2019-06-22",19,0,"2019-06-23T01:00:00-00:00","2019-06-23T02:00:00-00:00","ZP26","Solar","Renewable Forecast Actual Generation","RENEW_FCST_ACT_MW",3,3,708.12317,"ACTUAL",5
"116","2019-06-23",1,0,"2019-06-23T07:00:00-00:00","2019-06-23T08:00:00-00:00","NP15","Solar","Renewable Forecast Actual Generation","RENEW_FCST_ACT_MW",3,3,0.15698,"ACTUAL",6
"117","2019-06-23",1,0,"2019-06-23T07:00:00-00:00","2019-06-23T08:00:00-00:00","NP15","Wind","Renewable Forecast Actual Generation","RENEW_FCST_ACT_MW",3,1,395.59749,"ACTUAL",7
"118","2019-06-23",1,0,"2019-06-23T07:00:00-00:00","2019-06-23T08:00:00-00:00","SP15","Solar","Renewable Forecast Actual Generation","RENEW_FCST_ACT_MW",3,3,-1.70075,"ACTUAL",8
"119","2019-06-23",1,0,"2019-06-23T07:00:00-00:00","2019-06-23T08:00:00-00:00","SP15","Wind","Renewable Forecast Actual Generation","RENEW_FCST_ACT_MW",3,1,1414.56731,"ACTUAL",9
"120","2019-06-23",1,0,"2019-06-23T07:00:00-00:00","2019-06-23T08:00:00-00:00","ZP26","Solar","Renewable Forecast Actual Generation","RENEW_FCST_ACT_MW",3,3,-4.70026,"ACTUAL",10
