"","OPR_DT","OPR_HR","OPR_INTERVAL","INTERVALSTARTTIME_GMT","INTERVALENDTIME_GMT","TRADING_HUB","RENEWABLE_TYPE","LABEL","XML_DATA_ITEM","MARKET_RUN_ID_POS","RENEW_POS","MW","MARKET_RUN_ID","GROUP"
"1","2019-11-13",1,0,"2019-11-13T08:00:00-00:00","2019-11-13T09:00:00-00:00","NP15","Solar","Renewable Forecast Actual Generation","RENEW_FCST_ACT_MW",3,3,-2.97784,"ACTUAL",1
"2","2019-11-13",2,0,"2019-11-13T09:00:00-00:00","2019-11-13T10:00:00-00:00","NP15","Solar","Renewable Forecast Actual Generation","RENEW_FCST_ACT_MW",3,3,-2.99712,"ACTUAL",1
"3","2019-11-13",3,0,"2019-11-13T10:00:00-00:00","2019-11-13T11:00:00-00:00","NP15","Solar","Renewable Forecast Actual Generation","RENEW_FCST_ACT_MW",3,3,-3.02734,"ACTUAL",1
"4","2019-11-13",4,0,"2019-11-13T11:00:00-00:00","2019-11-13T12:00:00-00:00","NP15","Solar","Renewable Forecast Actual Generation","RENEW_FCST_ACT_MW",3,3,-3.01755,"ACTUAL",1
"5","2019-11-13",5,0,"2019-11-13T12:00:00-00:00","2019-11-13T13:00:00-00:00","NP15","Solar","Renewable Forecast Actual Generation","RENEW_FCST_ACT_MW",3,3,-2.99423,"ACTUAL",1
"6","2019-11-13",6,0,"2019-11-13T13:00:00-00:00","2019-11-13T14:00:00-00:00","NP15","Solar","Renewable Forecast Actual Generation","RENEW_FCST_ACT_MW",3,3,-2.9518,"ACTUAL",1
"7","2019-11-13",7,0,"2019-11-13T14:00:00-00:00","2019-11-13T15:00:00-00:00","NP15","Solar","Renewable Forecast Actual Generation","RENEW_FCST_ACT_MW",3,3,2.8387,"ACTUAL",1
"8","2019-11-13",8,0,"2019-11-13T15:00:00-00:00","2019-11-13T16:00:00-00:00","NP15","Solar","Renewable Forecast Actual Generation","RENEW_FCST_ACT_MW",3,3,130.19292,"ACTUAL",1
"9","2019-11-13",9,0,"2019-11-13T16:00:00-00:00","2019-11-13T17:00:00-00:00","NP15","Solar","Renewable Forecast Actual Generation","RENEW_FCST_ACT_MW",3,3,350.50458,"ACTUAL",1
"10","2019-11-13",10,0,"2019-11-13T17:00:00-00:00","2019-11-13T18:00:00-00:00","NP15","Solar","Renewable Forecast Actual Generation","RENEW_FCST_ACT_MW",3,3,513.41505,"ACTUAL",1
"11","2019-11-13",11,0,"2019-11-13T18:00:00-00:00","2019-11-13T19:00:00-00:00","NP15","Solar","Renewable Forecast Actual Generation","RENEW_FCST_ACT_MW",3,3,735.28214,"ACTUAL",1
"12","2019-11-13",12,0,"2019-11-13T19:00:00-00:00","2019-11-13T20:00:00-00:00","NP15","Solar","Renewable Forecast Actual Generation","RENEW_FCST_ACT_MW",3,3,698.51762,"ACTUAL",1
"13","2019-11-13",13,0,"2019-11-13T20:00:00-00:00","2019-11-13T21:00:00-00:00","NP15","Solar","Renewable Forecast Actual Generation","RENEW_FCST_ACT_MW",3,3,688.54207,"ACTUAL",1
"14","2019-11-13",14,0,"2019-11-13T21:00:00-00:00","2019-11-13T22:00:00-00:00","NP15","Solar","Renewable Forecast Actual Generation","RENEW_FCST_ACT_MW",3,3,497.12172,"ACTUAL",1
"15","2019-11-13",15,0,"2019-11-13T22:00:00-00:00","2019-11-13T23:00:00-00:00","NP15","Solar","Renewable Forecast Actual Generation","RENEW_FCST_ACT_MW",3,3,312.37656,"ACTUAL",1
"16","2019-11-13",16,0,"2019-11-13T23:00:00-00:00","2019-11-14T00:00:00-00:00","NP15","Solar","Renewable Forecast Actual Generation","RENEW_FCST_ACT_MW",3,3,267.832,"ACTUAL",1
"17","2019-11-13",17,0,"2019-11-14T00:00:00-00:00","2019-11-14T01:00:00-00:00","NP15","Solar","Renewable Forecast Actual Generation","RENEW_FCST_ACT_MW",3,3,10.8862,"ACTUAL",1
"18","2019-11-13",18,0,"2019-11-14T01:00:00-00:00","2019-11-14T02:00:00-00:00","NP15","Solar","Renewable Forecast Actual Generation","RENEW_FCST_ACT_MW",3,3,-23.99611,"ACTUAL",1
"19","2019-11-13",19,0,"2019-11-14T02:00:00-00:00","2019-11-14T03:00:00-00:00","NP15","Solar","Renewable Forecast Actual Generation","RENEW_FCST_ACT_MW",3,3,-3.05191,"ACTUAL",1
"20","2019-11-13",20,0,"2019-11-14T03:00:00-00:00","2019-11-14T04:00:00-00:00","NP15","Solar","Renewable Forecast Actual Generation","RENEW_FCST_ACT_MW",3,3,-4.8181,"ACTUAL",1
"21","2019-11-13",21,0,"2019-11-14T04:00:00-00:00","2019-11-14T05:00:00-00:00","NP15","Solar","Renewable Forecast Actual Generation","RENEW_FCST_ACT_MW",3,3,-3.19659,"ACTUAL",1
"22","2019-11-13",22,0,"2019-11-14T05:00:00-00:00","2019-11-14T06:00:00-00:00","NP15","Solar","Renewable Forecast Actual Generation","RENEW_FCST_ACT_MW",3,3,-3.2065,"ACTUAL",1
"23","2019-11-13",23,0,"2019-11-14T06:00:00-00:00","2019-11-14T07:00:00-00:00","NP15","Solar","Renewable Forecast Actual Generation","RENEW_FCST_ACT_MW",3,3,-3.23564,"ACTUAL",1
"24","2019-11-13",24,0,"2019-11-14T07:00:00-00:00","2019-11-14T08:00:00-00:00","NP15","Solar","Renewable Forecast Actual Generation","RENEW_FCST_ACT_MW",3,3,-3.19854,"ACTUAL",1
"25","2019-11-13",1,0,"2019-11-13T08:00:00-00:00","2019-11-13T09:00:00-00:00","NP15","Wind","Renewable Forecast Actual Generation","RENEW_FCST_ACT_MW",3,1,-7.01963,"ACTUAL",2
"26","2019-11-13",24,0,"2019-11-14T07:00:00-00:00","2019-11-14T08:00:00-00:00","NP15","Wind","Renewable Forecast Actual Generation","RENEW_FCST_ACT_MW",3,1,892.23264,"ACTUAL",2
"27","2019-11-13",3,0,"2019-11-13T10:00:00-00:00","2019-11-13T11:00:00-00:00","NP15","Wind","Renewable Forecast Actual Generation","RENEW_FCST_ACT_MW",3,1,-6.87124,"ACTUAL",2
"28","2019-11-13",4,0,"2019-11-13T11:00:00-00:00","2019-11-13T12:00:00-00:00","NP15","Wind","Renewable Forecast Actual Generation","RENEW_FCST_ACT_MW",3,1,-6.47034,"ACTUAL",2
"29","2019-11-13",5,0,"2019-11-13T12:00:00-00:00","2019-11-13T13:00:00-00:00","NP15","Wind","Renewable Forecast Actual Generation","RENEW_FCST_ACT_MW",3,1,-6.15421,"ACTUAL",2
"30","2019-11-13",6,0,"2019-11-13T13:00:00-00:00","2019-11-13T14:00:00-00:00","NP15","Wind","Renewable Forecast Actual Generation","RENEW_FCST_ACT_MW",3,1,-6.43802,"ACTUAL",2
"31","2019-11-13",7,0,"2019-11-13T14:00:00-00:00","2019-11-13T15:00:00-00:00","NP15","Wind","Renewable Forecast Actual Generation","RENEW_FCST_ACT_MW",3,1,-0.90949,"ACTUAL",2
"32","2019-11-13",8,0,"2019-11-13T15:00:00-00:00","2019-11-13T16:00:00-00:00","NP15","Wind","Renewable Forecast Actual Generation","RENEW_FCST_ACT_MW",3,1,1.31746,"ACTUAL",2
"33","2019-11-13",9,0,"2019-11-13T16:00:00-00:00","2019-11-13T17:00:00-00:00","NP15","Wind","Renewable Forecast Actual Generation","RENEW_FCST_ACT_MW",3,1,0.21212,"ACTUAL",2
"34","2019-11-13",10,0,"2019-11-13T17:00:00-00:00","2019-11-13T18:00:00-00:00","NP15","Wind","Renewable Forecast Actual Generation","RENEW_FCST_ACT_MW",3,1,-1.88988,"ACTUAL",2
"35","2019-11-13",11,0,"2019-11-13T18:00:00-00:00","2019-11-13T19:00:00-00:00","NP15","Wind","Renewable Forecast Actual Generation","RENEW_FCST_ACT_MW",3,1,-6.01514,"ACTUAL",2
"36","2019-11-13",12,0,"2019-11-13T19:00:00-00:00","2019-11-13T20:00:00-00:00","NP15","Wind","Renewable Forecast Actual Generation","RENEW_FCST_ACT_MW",3,1,-5.64439,"ACTUAL",2
"37","2019-11-13",13,0,"2019-11-13T20:00:00-00:00","2019-11-13T21:00:00-00:00","NP15","Wind","Renewable Forecast Actual Generation","RENEW_FCST_ACT_MW",3,1,-5.22357,"ACTUAL",2
"38","2019-11-13",14,0,"2019-11-13T21:00:00-00:00","2019-11-13T22:00:00-00:00","NP15","Wind","Renewable Forecast Actual Generation","RENEW_FCST_ACT_MW",3,1,-0.80451,"ACTUAL",2
"39","2019-11-13",15,0,"2019-11-13T22:00:00-00:00","2019-11-13T23:00:00-00:00","NP15","Wind","Renewable Forecast Actual Generation","RENEW_FCST_ACT_MW",3,1,1.20165,"ACTUAL",2
"40","2019-11-13",16,0,"2019-11-13T23:00:00-00:00","2019-11-14T00:00:00-00:00","NP15","Wind","Renewable Forecast Actual Generation","RENEW_FCST_ACT_MW",3,1,-2.98258,"ACTUAL",2
"41","2019-11-13",17,0,"2019-11-14T00:00:00-00:00","2019-11-14T01:00:00-00:00","NP15","Wind","Renewable Forecast Actual Generation","RENEW_FCST_ACT_MW",3,1,0.54421,"ACTUAL",2
"42","2019-11-13",18,0,"2019-11-14T01:00:00-00:00","2019-11-14T02:00:00-00:00","NP15","Wind","Renewable Forecast Actual Generation","RENEW_FCST_ACT_MW",3,1,-4.73967,"ACTUAL",2
"43","2019-11-13",19,0,"2019-11-14T02:00:00-00:00","2019-11-14T03:00:00-00:00","NP15","Wind","Renewable Forecast Actual Generation","RENEW_FCST_ACT_MW",3,1,7.64637,"ACTUAL",2
"44","2019-11-13",20,0,"2019-11-14T03:00:00-00:00","2019-11-14T04:00:00-00:00","NP15","Wind","Renewable Forecast Actual Generation","RENEW_FCST_ACT_MW",3,1,59.20643,"ACTUAL",2
"45","2019-11-13",21,0,"2019-11-14T04:00:00-00:00","2019-11-14T05:00:00-00:00","NP15","Wind","Renewable Forecast Actual Generation","RENEW_FCST_ACT_MW",3,1,127.35064,"ACTUAL",2
"46","2019-11-13",22,0,"2019-11-14T05:00:00-00:00","2019-11-14T06:00:00-00:00","NP15","Wind","Renewable Forecast Actual Generation","RENEW_FCST_ACT_MW",3,1,332.02861,"ACTUAL",2
"47","2019-11-13",23,0,"2019-11-14T06:00:00-00:00","2019-11-14T07:00:00-00:00","NP15","Wind","Renewable Forecast Actual Generation","RENEW_FCST_ACT_MW",3,1,887.23979,"ACTUAL",2
"48","2019-11-13",2,0,"2019-11-13T09:00:00-00:00","2019-11-13T10:00:00-00:00","NP15","Wind","Renewable Forecast Actual Generation","RENEW_FCST_ACT_MW",3,1,-7.53268,"ACTUAL",2
"49","2019-11-13",24,0,"2019-11-14T07:00:00-00:00","2019-11-14T08:00:00-00:00","SP15","Solar","Renewable Forecast Actual Generation","RENEW_FCST_ACT_MW",3,3,-24.08452,"ACTUAL",3
"50","2019-11-13",2,0,"2019-11-13T09:00:00-00:00","2019-11-13T10:00:00-00:00","SP15","Solar","Renewable Forecast Actual Generation","RENEW_FCST_ACT_MW",3,3,-10.35063,"ACTUAL",3
"51","2019-11-13",23,0,"2019-11-14T06:00:00-00:00","2019-11-14T07:00:00-00:00","SP15","Solar","Renewable Forecast Actual Generation","RENEW_FCST_ACT_MW",3,3,-23.36476,"ACTUAL",3
"52","2019-11-13",6,0,"2019-11-13T13:00:00-00:00","2019-11-13T14:00:00-00:00","SP15","Solar","Renewable Forecast Actual Generation","RENEW_FCST_ACT_MW",3,3,-13.96524,"ACTUAL",3
"53","2019-11-13",22,0,"2019-11-14T05:00:00-00:00","2019-11-14T06:00:00-00:00","SP15","Solar","Renewable Forecast Actual Generation","RENEW_FCST_ACT_MW",3,3,-22.85651,"ACTUAL",3
"54","2019-11-13",11,0,"2019-11-13T18:00:00-00:00","2019-11-13T19:00:00-00:00","SP15","Solar","Renewable Forecast Actual Generation","RENEW_FCST_ACT_MW",3,3,4717.13057,"ACTUAL",3
"55","2019-11-13",21,0,"2019-11-14T04:00:00-00:00","2019-11-14T05:00:00-00:00","SP15","Solar","Renewable Forecast Actual Generation","RENEW_FCST_ACT_MW",3,3,-23.19974,"ACTUAL",3
"56","2019-11-13",3,0,"2019-11-13T10:00:00-00:00","2019-11-13T11:00:00-00:00","SP15","Solar","Renewable Forecast Actual Generation","RENEW_FCST_ACT_MW",3,3,-11.73187,"ACTUAL",3
"57","2019-11-13",20,0,"2019-11-14T03:00:00-00:00","2019-11-14T04:00:00-00:00","SP15","Solar","Renewable Forecast Actual Generation","RENEW_FCST_ACT_MW",3,3,-23.04846,"ACTUAL",3
"58","2019-11-13",10,0,"2019-11-13T17:00:00-00:00","2019-11-13T18:00:00-00:00","SP15","Solar","Renewable Forecast Actual Generation","RENEW_FCST_ACT_MW",3,3,4612.45319,"ACTUAL",3
"59","2019-11-13",19,0,"2019-11-14T02:00:00-00:00","2019-11-14T03:00:00-00:00","SP15","Solar","Renewable Forecast Actual Generation","RENEW_FCST_ACT_MW",3,3,-22.99108,"ACTUAL",3
"60","2019-11-13",5,0,"2019-11-13T12:00:00-00:00","2019-11-13T13:00:00-00:00","SP15","Solar","Renewable Forecast Actual Generation","RENEW_FCST_ACT_MW",3,3,-12.8362,"ACTUAL",3
"61","2019-11-13",18,0,"2019-11-14T01:00:00-00:00","2019-11-14T02:00:00-00:00","SP15","Solar","Renewable Forecast Actual Generation","RENEW_FCST_ACT_MW",3,3,-23.21828,"ACTUAL",3
"62","2019-11-13",9,0,"2019-11-13T16:00:00-00:00","2019-11-13T17:00:00-00:00","SP15","Solar","Renewable Forecast Actual Generation","RENEW_FCST_ACT_MW",3,3,4736.47868,"ACTUAL",3
"63","2019-11-13",17,0,"2019-11-14T00:00:00-00:00","2019-11-14T01:00:00-00:00","SP15","Solar","Renewable Forecast Actual Generation","RENEW_FCST_ACT_MW",3,3,238.19481,"ACTUAL",3
"64","2019-11-13",1,0,"2019-11-13T08:00:00-00:00","2019-11-13T09:00:00-00:00","SP15","Solar","Renewable Forecast Actual Generation","RENEW_FCST_ACT_MW",3,3,-10.93957,"ACTUAL",3
"65","2019-11-13",16,0,"2019-11-13T23:00:00-00:00","2019-11-14T00:00:00-00:00","SP15","Solar","Renewable Forecast Actual Generation","RENEW_FCST_ACT_MW",3,3,1476.43563,"ACTUAL",3
"66","2019-11-13",8,0,"2019-11-13T15:00:00-00:00","2019-11-13T16:00:00-00:00","SP15","Solar","Renewable Forecast Actual Generation","RENEW_FCST_ACT_MW",3,3,2234.85814,"ACTUAL",3
"67","2019-11-13",15,0,"2019-11-13T22:00:00-00:00","2019-11-13T23:00:00-00:00","SP15","Solar","Renewable Forecast Actual Generation","RENEW_FCST_ACT_MW",3,3,3196.50211,"ACTUAL",3
"68","2019-11-13",4,0,"2019-11-13T11:00:00-00:00","2019-11-13T12:00:00-00:00","SP15","Solar","Renewable Forecast Actual Generation","RENEW_FCST_ACT_MW",3,3,-11.78417,"ACTUAL",3
"69","2019-11-13",14,0,"2019-11-13T21:00:00-00:00","2019-11-13T22:00:00-00:00","SP15","Solar","Renewable Forecast Actual Generation","RENEW_FCST_ACT_MW",3,3,4743.55748,"ACTUAL",3
"70","2019-11-13",7,0,"2019-11-13T14:00:00-00:00","2019-11-13T15:00:00-00:00","SP15","Solar","Renewable Forecast Actual Generation","RENEW_FCST_ACT_MW",3,3,295.56108,"ACTUAL",3
"71","2019-11-13",13,0,"2019-11-13T20:00:00-00:00","2019-11-13T21:00:00-00:00","SP15","Solar","Renewable Forecast Actual Generation","RENEW_FCST_ACT_MW",3,3,5010.67402,"ACTUAL",3
"72","2019-11-13",12,0,"2019-11-13T19:00:00-00:00","2019-11-13T20:00:00-00:00","SP15","Solar","Renewable Forecast Actual Generation","RENEW_FCST_ACT_MW",3,3,5378.54272,"ACTUAL",3
"73","2019-11-13",23,0,"2019-11-14T06:00:00-00:00","2019-11-14T07:00:00-00:00","SP15","Wind","Renewable Forecast Actual Generation","RENEW_FCST_ACT_MW",3,1,692.12059,"ACTUAL",4
"74","2019-11-13",22,0,"2019-11-14T05:00:00-00:00","2019-11-14T06:00:00-00:00","SP15","Wind","Renewable Forecast Actual Generation","RENEW_FCST_ACT_MW",3,1,667.70287,"ACTUAL",4
"75","2019-11-13",21,0,"2019-11-14T04:00:00-00:00","2019-11-14T05:00:00-00:00","SP15","Wind","Renewable Forecast Actual Generation","RENEW_FCST_ACT_MW",3,1,515.02881,"ACTUAL",4
"76","2019-11-13",20,0,"2019-11-14T03:00:00-00:00","2019-11-14T04:00:00-00:00","SP15","Wind","Renewable Forecast Actual Generation","RENEW_FCST_ACT_MW",3,1,481.77929,"ACTUAL",4
"77","2019-11-13",19,0,"2019-11-14T02:00:00-00:00","2019-11-14T03:00:00-00:00","SP15","Wind","Renewable Forecast Actual Generation","RENEW_FCST_ACT_MW",3,1,359.10759,"ACTUAL",4
"78","2019-11-13",18,0,"2019-11-14T01:00:00-00:00","2019-11-14T02:00:00-00:00","SP15","Wind","Renewable Forecast Actual Generation","RENEW_FCST_ACT_MW",3,1,279.73103,"ACTUAL",4
"79","2019-11-13",17,0,"2019-11-14T00:00:00-00:00","2019-11-14T01:00:00-00:00","SP15","Wind","Renewable Forecast Actual Generation","RENEW_FCST_ACT_MW",3,1,200.84421,"ACTUAL",4
"80","2019-11-13",16,0,"2019-11-13T23:00:00-00:00","2019-11-14T00:00:00-00:00","SP15","Wind","Renewable Forecast Actual Generation","RENEW_FCST_ACT_MW",3,1,172.92196,"ACTUAL",4
"81","2019-11-13",15,0,"2019-11-13T22:00:00-00:00","2019-11-13T23:00:00-00:00","SP15","Wind","Renewable Forecast Actual Generation","RENEW_FCST_ACT_MW",3,1,128.97695,"ACTUAL",4
"82","2019-11-13",14,0,"2019-11-13T21:00:00-00:00","2019-11-13T22:00:00-00:00","SP15","Wind","Renewable Forecast Actual Generation","RENEW_FCST_ACT_MW",3,1,102.2414,"ACTUAL",4
"83","2019-11-13",13,0,"2019-11-13T20:00:00-00:00","2019-11-13T21:00:00-00:00","SP15","Wind","Renewable Forecast Actual Generation","RENEW_FCST_ACT_MW",3,1,98.73912,"ACTUAL",4
"84","2019-11-13",12,0,"2019-11-13T19:00:00-00:00","2019-11-13T20:00:00-00:00","SP15","Wind","Renewable Forecast Actual Generation","RENEW_FCST_ACT_MW",3,1,81.04164,"ACTUAL",4
"85","2019-11-13",11,0,"2019-11-13T18:00:00-00:00","2019-11-13T19:00:00-00:00","SP15","Wind","Renewable Forecast Actual Generation","RENEW_FCST_ACT_MW",3,1,55.22138,"ACTUAL",4
"86","2019-11-13",10,0,"2019-11-13T17:00:00-00:00","2019-11-13T18:00:00-00:00","SP15","Wind","Renewable Forecast Actual Generation","RENEW_FCST_ACT_MW",3,1,49.21419,"ACTUAL",4
"87","2019-11-13",9,0,"2019-11-13T16:00:00-00:00","2019-11-13T17:00:00-00:00","SP15","Wind","Renewable Forecast Actual Generation","RENEW_FCST_ACT_MW",3,1,55.57317,"ACTUAL",4
"88","2019-11-13",8,0,"2019-11-13T15:00:00-00:00","2019-11-13T16:00:00-00:00","SP15","Wind","Renewable Forecast Actual Generation","RENEW_FCST_ACT_MW",3,1,81.74824,"ACTUAL",4
"89","2019-11-13",7,0,"2019-11-13T14:00:00-00:00","2019-11-13T15:00:00-00:00","SP15","Wind","Renewable Forecast Actual Generation","RENEW_FCST_ACT_MW",3,1,139.17086,"ACTUAL",4
"90","2019-11-13",6,0,"2019-11-13T13:00:00-00:00","2019-11-13T14:00:00-00:00","SP15","Wind","Renewable Forecast Actual Generation","RENEW_FCST_ACT_MW",3,1,190.99204,"ACTUAL",4
"91","2019-11-13",5,0,"2019-11-13T12:00:00-00:00","2019-11-13T13:00:00-00:00","SP15","Wind","Renewable Forecast Actual Generation","RENEW_FCST_ACT_MW",3,1,193.59181,"ACTUAL",4
"92","2019-11-13",4,0,"2019-11-13T11:00:00-00:00","2019-11-13T12:00:00-00:00","SP15","Wind","Renewable Forecast Actual Generation","RENEW_FCST_ACT_MW",3,1,173.63348,"ACTUAL",4
"93","2019-11-13",3,0,"2019-11-13T10:00:00-00:00","2019-11-13T11:00:00-00:00","SP15","Wind","Renewable Forecast Actual Generation","RENEW_FCST_ACT_MW",3,1,186.70984,"ACTUAL",4
"94","2019-11-13",2,0,"2019-11-13T09:00:00-00:00","2019-11-13T10:00:00-00:00","SP15","Wind","Renewable Forecast Actual Generation","RENEW_FCST_ACT_MW",3,1,153.4106,"ACTUAL",4
"95","2019-11-13",24,0,"2019-11-14T07:00:00-00:00","2019-11-14T08:00:00-00:00","SP15","Wind","Renewable Forecast Actual Generation","RENEW_FCST_ACT_MW",3,1,542.8815,"ACTUAL",4
"96","2019-11-13",1,0,"2019-11-13T08:00:00-00:00","2019-11-13T09:00:00-00:00","SP15","Wind","Renewable Forecast Actual Generation","RENEW_FCST_ACT_MW",3,1,106.18831,"ACTUAL",4
"97","2019-11-13",1,0,"2019-11-13T08:00:00-00:00","2019-11-13T09:00:00-00:00","ZP26","Solar","Renewable Forecast Actual Generation","RENEW_FCST_ACT_MW",3,3,-5.76268,"ACTUAL",5
"98","2019-11-13",24,0,"2019-11-14T07:00:00-00:00","2019-11-14T08:00:00-00:00","ZP26","Solar","Renewable Forecast Actual Generation","RENEW_FCST_ACT_MW",3,3,-5.64596,"ACTUAL",5
"99","2019-11-13",3,0,"2019-11-13T10:00:00-00:00","2019-11-13T11:00:00-00:00","ZP26","Solar","Renewable Forecast Actual Generation","RENEW_FCST_ACT_MW",3,3,-5.78065,"ACTUAL",5
"100","2019-11-13",4,0,"2019-11-13T11:00:00-00:00","2019-11-13T12:00:00-00:00","ZP26","Solar","Renewable Forecast Actual Generation","RENEW_FCST_ACT_MW",3,3,-5.72873,"ACTUAL",5
"101","2019-11-13",5,0,"2019-11-13T12:00:00-00:00","2019-11-13T13:00:00-00:00","ZP26","Solar","Renewable Forecast Actual Generation","RENEW_FCST_ACT_MW",3,3,-5.70015,"ACTUAL",5
"102","2019-11-13",6,0,"2019-11-13T13:00:00-00:00","2019-11-13T14:00:00-00:00","ZP26","Solar","Renewable Forecast Actual Generation","RENEW_FCST_ACT_MW",3,3,-5.66822,"ACTUAL",5
"103","2019-11-13",7,0,"2019-11-13T14:00:00-00:00","2019-11-13T15:00:00-00:00","ZP26","Solar","Renewable Forecast Actual Generation","RENEW_FCST_ACT_MW",3,3,6.55006,"ACTUAL",5
"104","2019-11-13",8,0,"2019-11-13T15:00:00-00:00","2019-11-13T16:00:00-00:00","ZP26","Solar","Renewable Forecast Actual Generation","RENEW_FCST_ACT_MW",3,3,170.30141,"ACTUAL",5
"105","2019-11-13",9,0,"2019-11-13T16:00:00-00:00","2019-11-13T17:00:00-00:00","ZP26","Solar","Renewable Forecast Actual Generation","RENEW_FCST_ACT_MW",3,3,519.85326,"ACTUAL",5
"106","2019-11-13",10,0,"2019-11-13T17:00:00-00:00","2019-11-13T18:00:00-00:00","ZP26","Solar","Renewable Forecast Actual Generation","RENEW_FCST_ACT_MW",3,3,1009.13159,"ACTUAL",5
"107","2019-11-13",11,0,"2019-11-13T18:00:00-00:00","2019-11-13T19:00:00-00:00","ZP26","Solar","Renewable Forecast Actual Generation","RENEW_FCST_ACT_MW",3,3,1144.70398,"ACTUAL",5
"108","2019-11-13",12,0,"2019-11-13T19:00:00-00:00","2019-11-13T20:00:00-00:00","ZP26","Solar","Renewable Forecast Actual Generation","RENEW_FCST_ACT_MW",3,3,1213.06798,"ACTUAL",5
"109","2019-11-13",13,0,"2019-11-13T20:00:00-00:00","2019-11-13T21:00:00-00:00","ZP26","Solar","Renewable Forecast Actual Generation","RENEW_FCST_ACT_MW",3,3,1127.05802,"ACTUAL",5
"110","2019-11-13",14,0,"2019-11-13T21:00:00-00:00","2019-11-13T22:00:00-00:00","ZP26","Solar","Renewable Forecast Actual Generation","RENEW_FCST_ACT_MW",3,3,908.10637,"ACTUAL",5
"111","2019-11-13",15,0,"2019-11-13T22:00:00-00:00","2019-11-13T23:00:00-00:00","ZP26","Solar","Renewable Forecast Actual Generation","RENEW_FCST_ACT_MW",3,3,837.92747,"ACTUAL",5
"112","2019-11-13",16,0,"2019-11-13T23:00:00-00:00","2019-11-14T00:00:00-00:00","ZP26","Solar","Renewable Forecast Actual Generation","RENEW_FCST_ACT_MW",3,3,509.40217,"ACTUAL",5
"113","2019-11-13",17,0,"2019-11-14T00:00:00-00:00","2019-11-14T01:00:00-00:00","ZP26","Solar","Renewable Forecast Actual Generation","RENEW_FCST_ACT_MW",3,3,57.58477,"ACTUAL",5
"114","2019-11-13",18,0,"2019-11-14T01:00:00-00:00","2019-11-14T02:00:00-00:00","ZP26","Solar","Renewable Forecast Actual Generation","RENEW_FCST_ACT_MW",3,3,-5.85026,"ACTUAL",5
"115","2019-11-13",19,0,"2019-11-14T02:00:00-00:00","2019-11-14T03:00:00-00:00","ZP26","Solar","Renewable Forecast Actual Generation","RENEW_FCST_ACT_MW",3,3,-5.70242,"ACTUAL",5
"116","2019-11-13",20,0,"2019-11-14T03:00:00-00:00","2019-11-14T04:00:00-00:00","ZP26","Solar","Renewable Forecast Actual Generation","RENEW_FCST_ACT_MW",3,3,-5.60648,"ACTUAL",5
"117","2019-11-13",21,0,"2019-11-14T04:00:00-00:00","2019-11-14T05:00:00-00:00","ZP26","Solar","Renewable Forecast Actual Generation","RENEW_FCST_ACT_MW",3,3,-5.63981,"ACTUAL",5
"118","2019-11-13",22,0,"2019-11-14T05:00:00-00:00","2019-11-14T06:00:00-00:00","ZP26","Solar","Renewable Forecast Actual Generation","RENEW_FCST_ACT_MW",3,3,-5.70332,"ACTUAL",5
"119","2019-11-13",23,0,"2019-11-14T06:00:00-00:00","2019-11-14T07:00:00-00:00","ZP26","Solar","Renewable Forecast Actual Generation","RENEW_FCST_ACT_MW",3,3,-5.65821,"ACTUAL",5
"120","2019-11-13",2,0,"2019-11-13T09:00:00-00:00","2019-11-13T10:00:00-00:00","ZP26","Solar","Renewable Forecast Actual Generation","RENEW_FCST_ACT_MW",3,3,-5.76489,"ACTUAL",5
