"","OPR_DT","OPR_HR","OPR_INTERVAL","INTERVALSTARTTIME_GMT","INTERVALENDTIME_GMT","TRADING_HUB","RENEWABLE_TYPE","LABEL","XML_DATA_ITEM","MARKET_RUN_ID_POS","RENEW_POS","MW","MARKET_RUN_ID","GROUP"
"1","2019-12-25",1,0,"2019-12-25T08:00:00-00:00","2019-12-25T09:00:00-00:00","NP15","Solar","Renewable Forecast Actual Generation","RENEW_FCST_ACT_MW",3,3,-3.55588,"ACTUAL",1
"2","2019-12-25",2,0,"2019-12-25T09:00:00-00:00","2019-12-25T10:00:00-00:00","NP15","Solar","Renewable Forecast Actual Generation","RENEW_FCST_ACT_MW",3,3,-3.50911,"ACTUAL",1
"3","2019-12-25",3,0,"2019-12-25T10:00:00-00:00","2019-12-25T11:00:00-00:00","NP15","Solar","Renewable Forecast Actual Generation","RENEW_FCST_ACT_MW",3,3,-3.54374,"ACTUAL",1
"4","2019-12-25",4,0,"2019-12-25T11:00:00-00:00","2019-12-25T12:00:00-00:00","NP15","Solar","Renewable Forecast Actual Generation","RENEW_FCST_ACT_MW",3,3,-3.57225,"ACTUAL",1
"5","2019-12-25",5,0,"2019-12-25T12:00:00-00:00","2019-12-25T13:00:00-00:00","NP15","Solar","Renewable Forecast Actual Generation","RENEW_FCST_ACT_MW",3,3,-3.55635,"ACTUAL",1
"6","2019-12-25",6,0,"2019-12-25T13:00:00-00:00","2019-12-25T14:00:00-00:00","NP15","Solar","Renewable Forecast Actual Generation","RENEW_FCST_ACT_MW",3,3,-3.5118,"ACTUAL",1
"7","2019-12-25",7,0,"2019-12-25T14:00:00-00:00","2019-12-25T15:00:00-00:00","NP15","Solar","Renewable Forecast Actual Generation","RENEW_FCST_ACT_MW",3,3,-3.62764,"ACTUAL",1
"8","2019-12-25",8,0,"2019-12-25T15:00:00-00:00","2019-12-25T16:00:00-00:00","NP15","Solar","Renewable Forecast Actual Generation","RENEW_FCST_ACT_MW",3,3,13.24015,"ACTUAL",1
"9","2019-12-25",9,0,"2019-12-25T16:00:00-00:00","2019-12-25T17:00:00-00:00","NP15","Solar","Renewable Forecast Actual Generation","RENEW_FCST_ACT_MW",3,3,330.90969,"ACTUAL",1
"10","2019-12-25",10,0,"2019-12-25T17:00:00-00:00","2019-12-25T18:00:00-00:00","NP15","Solar","Renewable Forecast Actual Generation","RENEW_FCST_ACT_MW",3,3,718.1881,"ACTUAL",1
"11","2019-12-25",11,0,"2019-12-25T18:00:00-00:00","2019-12-25T19:00:00-00:00","NP15","Solar","Renewable Forecast Actual Generation","RENEW_FCST_ACT_MW",3,3,702.19273,"ACTUAL",1
"12","2019-12-25",12,0,"2019-12-25T19:00:00-00:00","2019-12-25T20:00:00-00:00","NP15","Solar","Renewable Forecast Actual Generation","RENEW_FCST_ACT_MW",3,3,545.74655,"ACTUAL",1
"13","2019-12-25",13,0,"2019-12-25T20:00:00-00:00","2019-12-25T21:00:00-00:00","NP15","Solar","Renewable Forecast Actual Generation","RENEW_FCST_ACT_MW",3,3,504.52903,"ACTUAL",1
"14","2019-12-25",14,0,"2019-12-25T21:00:00-00:00","2019-12-25T22:00:00-00:00","NP15","Solar","Renewable Forecast Actual Generation","RENEW_FCST_ACT_MW",3,3,334.39513,"ACTUAL",1
"15","2019-12-25",15,0,"2019-12-25T22:00:00-00:00","2019-12-25T23:00:00-00:00","NP15","Solar","Renewable Forecast Actual Generation","RENEW_FCST_ACT_MW",3,3,165.36048,"ACTUAL",1
"16","2019-12-25",16,0,"2019-12-25T23:00:00-00:00","2019-12-26T00:00:00-00:00","NP15","Solar","Renewable Forecast Actual Generation","RENEW_FCST_ACT_MW",3,3,69.93861,"ACTUAL",1
"17","2019-12-25",17,0,"2019-12-26T00:00:00-00:00","2019-12-26T01:00:00-00:00","NP15","Solar","Renewable Forecast Actual Generation","RENEW_FCST_ACT_MW",3,3,4.08636,"ACTUAL",1
"18","2019-12-25",18,0,"2019-12-26T01:00:00-00:00","2019-12-26T02:00:00-00:00","NP15","Solar","Renewable Forecast Actual Generation","RENEW_FCST_ACT_MW",3,3,-3.60019,"ACTUAL",1
"19","2019-12-25",19,0,"2019-12-26T02:00:00-00:00","2019-12-26T03:00:00-00:00","NP15","Solar","Renewable Forecast Actual Generation","RENEW_FCST_ACT_MW",3,3,-3.49842,"ACTUAL",1
"20","2019-12-25",20,0,"2019-12-26T03:00:00-00:00","2019-12-26T04:00:00-00:00","NP15","Solar","Renewable Forecast Actual Generation","RENEW_FCST_ACT_MW",3,3,-3.50149,"ACTUAL",1
"21","2019-12-25",21,0,"2019-12-26T04:00:00-00:00","2019-12-26T05:00:00-00:00","NP15","Solar","Renewable Forecast Actual Generation","RENEW_FCST_ACT_MW",3,3,-3.55794,"ACTUAL",1
"22","2019-12-25",22,0,"2019-12-26T05:00:00-00:00","2019-12-26T06:00:00-00:00","NP15","Solar","Renewable Forecast Actual Generation","RENEW_FCST_ACT_MW",3,3,-3.56919,"ACTUAL",1
"23","2019-12-25",23,0,"2019-12-26T06:00:00-00:00","2019-12-26T07:00:00-00:00","NP15","Solar","Renewable Forecast Actual Generation","RENEW_FCST_ACT_MW",3,3,-3.56028,"ACTUAL",1
"24","2019-12-25",24,0,"2019-12-26T07:00:00-00:00","2019-12-26T08:00:00-00:00","NP15","Solar","Renewable Forecast Actual Generation","RENEW_FCST_ACT_MW",3,3,-3.56417,"ACTUAL",1
"25","2019-12-25",1,0,"2019-12-25T08:00:00-00:00","2019-12-25T09:00:00-00:00","NP15","Wind","Renewable Forecast Actual Generation","RENEW_FCST_ACT_MW",3,1,55.81483,"ACTUAL",2
"26","2019-12-25",24,0,"2019-12-26T07:00:00-00:00","2019-12-26T08:00:00-00:00","NP15","Wind","Renewable Forecast Actual Generation","RENEW_FCST_ACT_MW",3,1,1052.96188,"ACTUAL",2
"27","2019-12-25",3,0,"2019-12-25T10:00:00-00:00","2019-12-25T11:00:00-00:00","NP15","Wind","Renewable Forecast Actual Generation","RENEW_FCST_ACT_MW",3,1,24.89942,"ACTUAL",2
"28","2019-12-25",4,0,"2019-12-25T11:00:00-00:00","2019-12-25T12:00:00-00:00","NP15","Wind","Renewable Forecast Actual Generation","RENEW_FCST_ACT_MW",3,1,85.07746,"ACTUAL",2
"29","2019-12-25",5,0,"2019-12-25T12:00:00-00:00","2019-12-25T13:00:00-00:00","NP15","Wind","Renewable Forecast Actual Generation","RENEW_FCST_ACT_MW",3,1,83.05615,"ACTUAL",2
"30","2019-12-25",6,0,"2019-12-25T13:00:00-00:00","2019-12-25T14:00:00-00:00","NP15","Wind","Renewable Forecast Actual Generation","RENEW_FCST_ACT_MW",3,1,-1.53879,"ACTUAL",2
"31","2019-12-25",7,0,"2019-12-25T14:00:00-00:00","2019-12-25T15:00:00-00:00","NP15","Wind","Renewable Forecast Actual Generation","RENEW_FCST_ACT_MW",3,1,40.74899,"ACTUAL",2
"32","2019-12-25",8,0,"2019-12-25T15:00:00-00:00","2019-12-25T16:00:00-00:00","NP15","Wind","Renewable Forecast Actual Generation","RENEW_FCST_ACT_MW",3,1,73.91233,"ACTUAL",2
"33","2019-12-25",9,0,"2019-12-25T16:00:00-00:00","2019-12-25T17:00:00-00:00","NP15","Wind","Renewable Forecast Actual Generation","RENEW_FCST_ACT_MW",3,1,84.3973,"ACTUAL",2
"34","2019-12-25",10,0,"2019-12-25T17:00:00-00:00","2019-12-25T18:00:00-00:00","NP15","Wind","Renewable Forecast Actual Generation","RENEW_FCST_ACT_MW",3,1,140.06641,"ACTUAL",2
"35","2019-12-25",11,0,"2019-12-25T18:00:00-00:00","2019-12-25T19:00:00-00:00","NP15","Wind","Renewable Forecast Actual Generation","RENEW_FCST_ACT_MW",3,1,304.91057,"ACTUAL",2
"36","2019-12-25",12,0,"2019-12-25T19:00:00-00:00","2019-12-25T20:00:00-00:00","NP15","Wind","Renewable Forecast Actual Generation","RENEW_FCST_ACT_MW",3,1,383.35519,"ACTUAL",2
"37","2019-12-25",13,0,"2019-12-25T20:00:00-00:00","2019-12-25T21:00:00-00:00","NP15","Wind","Renewable Forecast Actual Generation","RENEW_FCST_ACT_MW",3,1,487.92037,"ACTUAL",2
"38","2019-12-25",14,0,"2019-12-25T21:00:00-00:00","2019-12-25T22:00:00-00:00","NP15","Wind","Renewable Forecast Actual Generation","RENEW_FCST_ACT_MW",3,1,572.4506,"ACTUAL",2
"39","2019-12-25",15,0,"2019-12-25T22:00:00-00:00","2019-12-25T23:00:00-00:00","NP15","Wind","Renewable Forecast Actual Generation","RENEW_FCST_ACT_MW",3,1,522.60947,"ACTUAL",2
"40","2019-12-25",16,0,"2019-12-25T23:00:00-00:00","2019-12-26T00:00:00-00:00","NP15","Wind","Renewable Forecast Actual Generation","RENEW_FCST_ACT_MW",3,1,436.95115,"ACTUAL",2
"41","2019-12-25",17,0,"2019-12-26T00:00:00-00:00","2019-12-26T01:00:00-00:00","NP15","Wind","Renewable Forecast Actual Generation","RENEW_FCST_ACT_MW",3,1,264.82146,"ACTUAL",2
"42","2019-12-25",18,0,"2019-12-26T01:00:00-00:00","2019-12-26T02:00:00-00:00","NP15","Wind","Renewable Forecast Actual Generation","RENEW_FCST_ACT_MW",3,1,381.89903,"ACTUAL",2
"43","2019-12-25",19,0,"2019-12-26T02:00:00-00:00","2019-12-26T03:00:00-00:00","NP15","Wind","Renewable Forecast Actual Generation","RENEW_FCST_ACT_MW",3,1,730.72898,"ACTUAL",2
"44","2019-12-25",20,0,"2019-12-26T03:00:00-00:00","2019-12-26T04:00:00-00:00","NP15","Wind","Renewable Forecast Actual Generation","RENEW_FCST_ACT_MW",3,1,704.23716,"ACTUAL",2
"45","2019-12-25",21,0,"2019-12-26T04:00:00-00:00","2019-12-26T05:00:00-00:00","NP15","Wind","Renewable Forecast Actual Generation","RENEW_FCST_ACT_MW",3,1,823.33715,"ACTUAL",2
"46","2019-12-25",22,0,"2019-12-26T05:00:00-00:00","2019-12-26T06:00:00-00:00","NP15","Wind","Renewable Forecast Actual Generation","RENEW_FCST_ACT_MW",3,1,1060.45316,"ACTUAL",2
"47","2019-12-25",23,0,"2019-12-26T06:00:00-00:00","2019-12-26T07:00:00-00:00","NP15","Wind","Renewable Forecast Actual Generation","RENEW_FCST_ACT_MW",3,1,1082.76143,"ACTUAL",2
"48","2019-12-25",2,0,"2019-12-25T09:00:00-00:00","2019-12-25T10:00:00-00:00","NP15","Wind","Renewable Forecast Actual Generation","RENEW_FCST_ACT_MW",3,1,25.67542,"ACTUAL",2
"49","2019-12-25",24,0,"2019-12-26T07:00:00-00:00","2019-12-26T08:00:00-00:00","SP15","Solar","Renewable Forecast Actual Generation","RENEW_FCST_ACT_MW",3,3,-11.50739,"ACTUAL",3
"50","2019-12-25",2,0,"2019-12-25T09:00:00-00:00","2019-12-25T10:00:00-00:00","SP15","Solar","Renewable Forecast Actual Generation","RENEW_FCST_ACT_MW",3,3,-9.31852,"ACTUAL",3
"51","2019-12-25",23,0,"2019-12-26T06:00:00-00:00","2019-12-26T07:00:00-00:00","SP15","Solar","Renewable Forecast Actual Generation","RENEW_FCST_ACT_MW",3,3,-8.76071,"ACTUAL",3
"52","2019-12-25",6,0,"2019-12-25T13:00:00-00:00","2019-12-25T14:00:00-00:00","SP15","Solar","Renewable Forecast Actual Generation","RENEW_FCST_ACT_MW",3,3,-11.99254,"ACTUAL",3
"53","2019-12-25",22,0,"2019-12-26T05:00:00-00:00","2019-12-26T06:00:00-00:00","SP15","Solar","Renewable Forecast Actual Generation","RENEW_FCST_ACT_MW",3,3,-5.03614,"ACTUAL",3
"54","2019-12-25",11,0,"2019-12-25T18:00:00-00:00","2019-12-25T19:00:00-00:00","SP15","Solar","Renewable Forecast Actual Generation","RENEW_FCST_ACT_MW",3,3,3771.89648,"ACTUAL",3
"55","2019-12-25",21,0,"2019-12-26T04:00:00-00:00","2019-12-26T05:00:00-00:00","SP15","Solar","Renewable Forecast Actual Generation","RENEW_FCST_ACT_MW",3,3,-4.99412,"ACTUAL",3
"56","2019-12-25",3,0,"2019-12-25T10:00:00-00:00","2019-12-25T11:00:00-00:00","SP15","Solar","Renewable Forecast Actual Generation","RENEW_FCST_ACT_MW",3,3,-9.87249,"ACTUAL",3
"57","2019-12-25",20,0,"2019-12-26T03:00:00-00:00","2019-12-26T04:00:00-00:00","SP15","Solar","Renewable Forecast Actual Generation","RENEW_FCST_ACT_MW",3,3,-4.92944,"ACTUAL",3
"58","2019-12-25",10,0,"2019-12-25T17:00:00-00:00","2019-12-25T18:00:00-00:00","SP15","Solar","Renewable Forecast Actual Generation","RENEW_FCST_ACT_MW",3,3,4045.616,"ACTUAL",3
"59","2019-12-25",19,0,"2019-12-26T02:00:00-00:00","2019-12-26T03:00:00-00:00","SP15","Solar","Renewable Forecast Actual Generation","RENEW_FCST_ACT_MW",3,3,-4.85893,"ACTUAL",3
"60","2019-12-25",5,0,"2019-12-25T12:00:00-00:00","2019-12-25T13:00:00-00:00","SP15","Solar","Renewable Forecast Actual Generation","RENEW_FCST_ACT_MW",3,3,-11.9181,"ACTUAL",3
"61","2019-12-25",18,0,"2019-12-26T01:00:00-00:00","2019-12-26T02:00:00-00:00","SP15","Solar","Renewable Forecast Actual Generation","RENEW_FCST_ACT_MW",3,3,-4.76527,"ACTUAL",3
"62","2019-12-25",9,0,"2019-12-25T16:00:00-00:00","2019-12-25T17:00:00-00:00","SP15","Solar","Renewable Forecast Actual Generation","RENEW_FCST_ACT_MW",3,3,2113.42087,"ACTUAL",3
"63","2019-12-25",17,0,"2019-12-26T00:00:00-00:00","2019-12-26T01:00:00-00:00","SP15","Solar","Renewable Forecast Actual Generation","RENEW_FCST_ACT_MW",3,3,158.12325,"ACTUAL",3
"64","2019-12-25",1,0,"2019-12-25T08:00:00-00:00","2019-12-25T09:00:00-00:00","SP15","Solar","Renewable Forecast Actual Generation","RENEW_FCST_ACT_MW",3,3,-9.43316,"ACTUAL",3
"65","2019-12-25",16,0,"2019-12-25T23:00:00-00:00","2019-12-26T00:00:00-00:00","SP15","Solar","Renewable Forecast Actual Generation","RENEW_FCST_ACT_MW",3,3,1223.30171,"ACTUAL",3
"66","2019-12-25",8,0,"2019-12-25T15:00:00-00:00","2019-12-25T16:00:00-00:00","SP15","Solar","Renewable Forecast Actual Generation","RENEW_FCST_ACT_MW",3,3,772.04255,"ACTUAL",3
"67","2019-12-25",15,0,"2019-12-25T22:00:00-00:00","2019-12-25T23:00:00-00:00","SP15","Solar","Renewable Forecast Actual Generation","RENEW_FCST_ACT_MW",3,3,2464.1649,"ACTUAL",3
"68","2019-12-25",4,0,"2019-12-25T11:00:00-00:00","2019-12-25T12:00:00-00:00","SP15","Solar","Renewable Forecast Actual Generation","RENEW_FCST_ACT_MW",3,3,-11.43976,"ACTUAL",3
"69","2019-12-25",14,0,"2019-12-25T21:00:00-00:00","2019-12-25T22:00:00-00:00","SP15","Solar","Renewable Forecast Actual Generation","RENEW_FCST_ACT_MW",3,3,3650.93151,"ACTUAL",3
"70","2019-12-25",7,0,"2019-12-25T14:00:00-00:00","2019-12-25T15:00:00-00:00","SP15","Solar","Renewable Forecast Actual Generation","RENEW_FCST_ACT_MW",3,3,-4.35137,"ACTUAL",3
"71","2019-12-25",13,0,"2019-12-25T20:00:00-00:00","2019-12-25T21:00:00-00:00","SP15","Solar","Renewable Forecast Actual Generation","RENEW_FCST_ACT_MW",3,3,3936.59793,"ACTUAL",3
"72","2019-12-25",12,0,"2019-12-25T19:00:00-00:00","2019-12-25T20:00:00-00:00","SP15","Solar","Renewable Forecast Actual Generation","RENEW_FCST_ACT_MW",3,3,3949.19304,"ACTUAL",3
"73","2019-12-25",23,0,"2019-12-26T06:00:00-00:00","2019-12-26T07:00:00-00:00","SP15","Wind","Renewable Forecast Actual Generation","RENEW_FCST_ACT_MW",3,1,1188.99667,"ACTUAL",4
"74","2019-12-25",22,0,"2019-12-26T05:00:00-00:00","2019-12-26T06:00:00-00:00","SP15","Wind","Renewable Forecast Actual Generation","RENEW_FCST_ACT_MW",3,1,980.82141,"ACTUAL",4
"75","2019-12-25",21,0,"2019-12-26T04:00:00-00:00","2019-12-26T05:00:00-00:00","SP15","Wind","Renewable Forecast Actual Generation","RENEW_FCST_ACT_MW",3,1,621.06033,"ACTUAL",4
"76","2019-12-25",20,0,"2019-12-26T03:00:00-00:00","2019-12-26T04:00:00-00:00","SP15","Wind","Renewable Forecast Actual Generation","RENEW_FCST_ACT_MW",3,1,436.80657,"ACTUAL",4
"77","2019-12-25",19,0,"2019-12-26T02:00:00-00:00","2019-12-26T03:00:00-00:00","SP15","Wind","Renewable Forecast Actual Generation","RENEW_FCST_ACT_MW",3,1,454.60597,"ACTUAL",4
"78","2019-12-25",18,0,"2019-12-26T01:00:00-00:00","2019-12-26T02:00:00-00:00","SP15","Wind","Renewable Forecast Actual Generation","RENEW_FCST_ACT_MW",3,1,462.70402,"ACTUAL",4
"79","2019-12-25",17,0,"2019-12-26T00:00:00-00:00","2019-12-26T01:00:00-00:00","SP15","Wind","Renewable Forecast Actual Generation","RENEW_FCST_ACT_MW",3,1,500.16292,"ACTUAL",4
"80","2019-12-25",16,0,"2019-12-25T23:00:00-00:00","2019-12-26T00:00:00-00:00","SP15","Wind","Renewable Forecast Actual Generation","RENEW_FCST_ACT_MW",3,1,588.35375,"ACTUAL",4
"81","2019-12-25",15,0,"2019-12-25T22:00:00-00:00","2019-12-25T23:00:00-00:00","SP15","Wind","Renewable Forecast Actual Generation","RENEW_FCST_ACT_MW",3,1,814.49916,"ACTUAL",4
"82","2019-12-25",14,0,"2019-12-25T21:00:00-00:00","2019-12-25T22:00:00-00:00","SP15","Wind","Renewable Forecast Actual Generation","RENEW_FCST_ACT_MW",3,1,861.20915,"ACTUAL",4
"83","2019-12-25",13,0,"2019-12-25T20:00:00-00:00","2019-12-25T21:00:00-00:00","SP15","Wind","Renewable Forecast Actual Generation","RENEW_FCST_ACT_MW",3,1,873.42084,"ACTUAL",4
"84","2019-12-25",12,0,"2019-12-25T19:00:00-00:00","2019-12-25T20:00:00-00:00","SP15","Wind","Renewable Forecast Actual Generation","RENEW_FCST_ACT_MW",3,1,1116.2446,"ACTUAL",4
"85","2019-12-25",11,0,"2019-12-25T18:00:00-00:00","2019-12-25T19:00:00-00:00","SP15","Wind","Renewable Forecast Actual Generation","RENEW_FCST_ACT_MW",3,1,1175.77486,"ACTUAL",4
"86","2019-12-25",10,0,"2019-12-25T17:00:00-00:00","2019-12-25T18:00:00-00:00","SP15","Wind","Renewable Forecast Actual Generation","RENEW_FCST_ACT_MW",3,1,1039.9082,"ACTUAL",4
"87","2019-12-25",9,0,"2019-12-25T16:00:00-00:00","2019-12-25T17:00:00-00:00","SP15","Wind","Renewable Forecast Actual Generation","RENEW_FCST_ACT_MW",3,1,1082.58968,"ACTUAL",4
"88","2019-12-25",8,0,"2019-12-25T15:00:00-00:00","2019-12-25T16:00:00-00:00","SP15","Wind","Renewable Forecast Actual Generation","RENEW_FCST_ACT_MW",3,1,1209.51921,"ACTUAL",4
"89","2019-12-25",7,0,"2019-12-25T14:00:00-00:00","2019-12-25T15:00:00-00:00","SP15","Wind","Renewable Forecast Actual Generation","RENEW_FCST_ACT_MW",3,1,1333.74854,"ACTUAL",4
"90","2019-12-25",6,0,"2019-12-25T13:00:00-00:00","2019-12-25T14:00:00-00:00","SP15","Wind","Renewable Forecast Actual Generation","RENEW_FCST_ACT_MW",3,1,1302.89269,"ACTUAL",4
"91","2019-12-25",5,0,"2019-12-25T12:00:00-00:00","2019-12-25T13:00:00-00:00","SP15","Wind","Renewable Forecast Actual Generation","RENEW_FCST_ACT_MW",3,1,1280.0937,"ACTUAL",4
"92","2019-12-25",4,0,"2019-12-25T11:00:00-00:00","2019-12-25T12:00:00-00:00","SP15","Wind","Renewable Forecast Actual Generation","RENEW_FCST_ACT_MW",3,1,1369.98102,"ACTUAL",4
"93","2019-12-25",3,0,"2019-12-25T10:00:00-00:00","2019-12-25T11:00:00-00:00","SP15","Wind","Renewable Forecast Actual Generation","RENEW_FCST_ACT_MW",3,1,1206.03905,"ACTUAL",4
"94","2019-12-25",2,0,"2019-12-25T09:00:00-00:00","2019-12-25T10:00:00-00:00","SP15","Wind","Renewable Forecast Actual Generation","RENEW_FCST_ACT_MW",3,1,1334.6555,"ACTUAL",4
"95","2019-12-25",24,0,"2019-12-26T07:00:00-00:00","2019-12-26T08:00:00-00:00","SP15","Wind","Renewable Forecast Actual Generation","RENEW_FCST_ACT_MW",3,1,954.37051,"ACTUAL",4
"96","2019-12-25",1,0,"2019-12-25T08:00:00-00:00","2019-12-25T09:00:00-00:00","SP15","Wind","Renewable Forecast Actual Generation","RENEW_FCST_ACT_MW",3,1,1668.05895,"ACTUAL",4
"97","2019-12-25",1,0,"2019-12-25T08:00:00-00:00","2019-12-25T09:00:00-00:00","ZP26","Solar","Renewable Forecast Actual Generation","RENEW_FCST_ACT_MW",3,3,-5.75935,"ACTUAL",5
"98","2019-12-25",24,0,"2019-12-26T07:00:00-00:00","2019-12-26T08:00:00-00:00","ZP26","Solar","Renewable Forecast Actual Generation","RENEW_FCST_ACT_MW",3,3,-5.77925,"ACTUAL",5
"99","2019-12-25",3,0,"2019-12-25T10:00:00-00:00","2019-12-25T11:00:00-00:00","ZP26","Solar","Renewable Forecast Actual Generation","RENEW_FCST_ACT_MW",3,3,-6.58937,"ACTUAL",5
"100","2019-12-25",4,0,"2019-12-25T11:00:00-00:00","2019-12-25T12:00:00-00:00","ZP26","Solar","Renewable Forecast Actual Generation","RENEW_FCST_ACT_MW",3,3,-5.7766,"ACTUAL",5
"101","2019-12-25",5,0,"2019-12-25T12:00:00-00:00","2019-12-25T13:00:00-00:00","ZP26","Solar","Renewable Forecast Actual Generation","RENEW_FCST_ACT_MW",3,3,-5.74183,"ACTUAL",5
"102","2019-12-25",6,0,"2019-12-25T13:00:00-00:00","2019-12-25T14:00:00-00:00","ZP26","Solar","Renewable Forecast Actual Generation","RENEW_FCST_ACT_MW",3,3,-5.79656,"ACTUAL",5
"103","2019-12-25",7,0,"2019-12-25T14:00:00-00:00","2019-12-25T15:00:00-00:00","ZP26","Solar","Renewable Forecast Actual Generation","RENEW_FCST_ACT_MW",3,3,-5.8265,"ACTUAL",5
"104","2019-12-25",8,0,"2019-12-25T15:00:00-00:00","2019-12-25T16:00:00-00:00","ZP26","Solar","Renewable Forecast Actual Generation","RENEW_FCST_ACT_MW",3,3,41.8551,"ACTUAL",5
"105","2019-12-25",9,0,"2019-12-25T16:00:00-00:00","2019-12-25T17:00:00-00:00","ZP26","Solar","Renewable Forecast Actual Generation","RENEW_FCST_ACT_MW",3,3,446.4991,"ACTUAL",5
"106","2019-12-25",10,0,"2019-12-25T17:00:00-00:00","2019-12-25T18:00:00-00:00","ZP26","Solar","Renewable Forecast Actual Generation","RENEW_FCST_ACT_MW",3,3,1013.9235,"ACTUAL",5
"107","2019-12-25",11,0,"2019-12-25T18:00:00-00:00","2019-12-25T19:00:00-00:00","ZP26","Solar","Renewable Forecast Actual Generation","RENEW_FCST_ACT_MW",3,3,1108.44283,"ACTUAL",5
"108","2019-12-25",12,0,"2019-12-25T19:00:00-00:00","2019-12-25T20:00:00-00:00","ZP26","Solar","Renewable Forecast Actual Generation","RENEW_FCST_ACT_MW",3,3,981.3865,"ACTUAL",5
"109","2019-12-25",13,0,"2019-12-25T20:00:00-00:00","2019-12-25T21:00:00-00:00","ZP26","Solar","Renewable Forecast Actual Generation","RENEW_FCST_ACT_MW",3,3,743.99329,"ACTUAL",5
"110","2019-12-25",14,0,"2019-12-25T21:00:00-00:00","2019-12-25T22:00:00-00:00","ZP26","Solar","Renewable Forecast Actual Generation","RENEW_FCST_ACT_MW",3,3,383.71187,"ACTUAL",5
"111","2019-12-25",15,0,"2019-12-25T22:00:00-00:00","2019-12-25T23:00:00-00:00","ZP26","Solar","Renewable Forecast Actual Generation","RENEW_FCST_ACT_MW",3,3,170.42067,"ACTUAL",5
"112","2019-12-25",16,0,"2019-12-25T23:00:00-00:00","2019-12-26T00:00:00-00:00","ZP26","Solar","Renewable Forecast Actual Generation","RENEW_FCST_ACT_MW",3,3,74.88482,"ACTUAL",5
"113","2019-12-25",17,0,"2019-12-26T00:00:00-00:00","2019-12-26T01:00:00-00:00","ZP26","Solar","Renewable Forecast Actual Generation","RENEW_FCST_ACT_MW",3,3,11.08585,"ACTUAL",5
"114","2019-12-25",18,0,"2019-12-26T01:00:00-00:00","2019-12-26T02:00:00-00:00","ZP26","Solar","Renewable Forecast Actual Generation","RENEW_FCST_ACT_MW",3,3,-5.85046,"ACTUAL",5
"115","2019-12-25",19,0,"2019-12-26T02:00:00-00:00","2019-12-26T03:00:00-00:00","ZP26","Solar","Renewable Forecast Actual Generation","RENEW_FCST_ACT_MW",3,3,-5.73327,"ACTUAL",5
"116","2019-12-25",20,0,"2019-12-26T03:00:00-00:00","2019-12-26T04:00:00-00:00","ZP26","Solar","Renewable Forecast Actual Generation","RENEW_FCST_ACT_MW",3,3,-5.73222,"ACTUAL",5
"117","2019-12-25",21,0,"2019-12-26T04:00:00-00:00","2019-12-26T05:00:00-00:00","ZP26","Solar","Renewable Forecast Actual Generation","RENEW_FCST_ACT_MW",3,3,-5.74684,"ACTUAL",5
"118","2019-12-25",22,0,"2019-12-26T05:00:00-00:00","2019-12-26T06:00:00-00:00","ZP26","Solar","Renewable Forecast Actual Generation","RENEW_FCST_ACT_MW",3,3,-5.77362,"ACTUAL",5
"119","2019-12-25",23,0,"2019-12-26T06:00:00-00:00","2019-12-26T07:00:00-00:00","ZP26","Solar","Renewable Forecast Actual Generation","RENEW_FCST_ACT_MW",3,3,-5.7796,"ACTUAL",5
"120","2019-12-25",2,0,"2019-12-25T09:00:00-00:00","2019-12-25T10:00:00-00:00","ZP26","Solar","Renewable Forecast Actual Generation","RENEW_FCST_ACT_MW",3,3,-5.72981,"ACTUAL",5
