"","OPR_DT","OPR_HR","OPR_INTERVAL","INTERVALSTARTTIME_GMT","INTERVALENDTIME_GMT","TRADING_HUB","RENEWABLE_TYPE","LABEL","XML_DATA_ITEM","MARKET_RUN_ID_POS","RENEW_POS","MW","MARKET_RUN_ID","GROUP"
"1","2019-07-10",2,0,"2019-07-10T08:00:00-00:00","2019-07-10T09:00:00-00:00","NP15","Solar","Renewable Forecast Actual Generation","RENEW_FCST_ACT_MW",3,3,-3.50616,"ACTUAL",1
"2","2019-07-10",3,0,"2019-07-10T09:00:00-00:00","2019-07-10T10:00:00-00:00","NP15","Solar","Renewable Forecast Actual Generation","RENEW_FCST_ACT_MW",3,3,-3.49641,"ACTUAL",1
"3","2019-07-10",4,0,"2019-07-10T10:00:00-00:00","2019-07-10T11:00:00-00:00","NP15","Solar","Renewable Forecast Actual Generation","RENEW_FCST_ACT_MW",3,3,-3.48814,"ACTUAL",1
"4","2019-07-10",5,0,"2019-07-10T11:00:00-00:00","2019-07-10T12:00:00-00:00","NP15","Solar","Renewable Forecast Actual Generation","RENEW_FCST_ACT_MW",3,3,-3.48501,"ACTUAL",1
"5","2019-07-10",6,0,"2019-07-10T12:00:00-00:00","2019-07-10T13:00:00-00:00","NP15","Solar","Renewable Forecast Actual Generation","RENEW_FCST_ACT_MW",3,3,-3.16509,"ACTUAL",1
"6","2019-07-10",7,0,"2019-07-10T13:00:00-00:00","2019-07-10T14:00:00-00:00","NP15","Solar","Renewable Forecast Actual Generation","RENEW_FCST_ACT_MW",3,3,177.82883,"ACTUAL",1
"7","2019-07-10",8,0,"2019-07-10T14:00:00-00:00","2019-07-10T15:00:00-00:00","NP15","Solar","Renewable Forecast Actual Generation","RENEW_FCST_ACT_MW",3,3,840.32581,"ACTUAL",1
"8","2019-07-10",9,0,"2019-07-10T15:00:00-00:00","2019-07-10T16:00:00-00:00","NP15","Solar","Renewable Forecast Actual Generation","RENEW_FCST_ACT_MW",3,3,1214.52767,"ACTUAL",1
"9","2019-07-10",10,0,"2019-07-10T16:00:00-00:00","2019-07-10T17:00:00-00:00","NP15","Solar","Renewable Forecast Actual Generation","RENEW_FCST_ACT_MW",3,3,1328.84839,"ACTUAL",1
"10","2019-07-10",11,0,"2019-07-10T17:00:00-00:00","2019-07-10T18:00:00-00:00","NP15","Solar","Renewable Forecast Actual Generation","RENEW_FCST_ACT_MW",3,3,1371.52693,"ACTUAL",1
"11","2019-07-10",12,0,"2019-07-10T18:00:00-00:00","2019-07-10T19:00:00-00:00","NP15","Solar","Renewable Forecast Actual Generation","RENEW_FCST_ACT_MW",3,3,1360.42176,"ACTUAL",1
"12","2019-07-10",13,0,"2019-07-10T19:00:00-00:00","2019-07-10T20:00:00-00:00","NP15","Solar","Renewable Forecast Actual Generation","RENEW_FCST_ACT_MW",3,3,1360.71745,"ACTUAL",1
"13","2019-07-10",14,0,"2019-07-10T20:00:00-00:00","2019-07-10T21:00:00-00:00","NP15","Solar","Renewable Forecast Actual Generation","RENEW_FCST_ACT_MW",3,3,1382.74521,"ACTUAL",1
"14","2019-07-10",15,0,"2019-07-10T21:00:00-00:00","2019-07-10T22:00:00-00:00","NP15","Solar","Renewable Forecast Actual Generation","RENEW_FCST_ACT_MW",3,3,1355.33827,"ACTUAL",1
"15","2019-07-10",16,0,"2019-07-10T22:00:00-00:00","2019-07-10T23:00:00-00:00","NP15","Solar","Renewable Forecast Actual Generation","RENEW_FCST_ACT_MW",3,3,1361.80813,"ACTUAL",1
"16","2019-07-10",17,0,"2019-07-10T23:00:00-00:00","2019-07-11T00:00:00-00:00","NP15","Solar","Renewable Forecast Actual Generation","RENEW_FCST_ACT_MW",3,3,1324.95119,"ACTUAL",1
"17","2019-07-10",18,0,"2019-07-11T00:00:00-00:00","2019-07-11T01:00:00-00:00","NP15","Solar","Renewable Forecast Actual Generation","RENEW_FCST_ACT_MW",3,3,1216.771,"ACTUAL",1
"18","2019-07-10",19,0,"2019-07-11T01:00:00-00:00","2019-07-11T02:00:00-00:00","NP15","Solar","Renewable Forecast Actual Generation","RENEW_FCST_ACT_MW",3,3,906.61137,"ACTUAL",1
"19","2019-07-10",20,0,"2019-07-11T02:00:00-00:00","2019-07-11T03:00:00-00:00","NP15","Solar","Renewable Forecast Actual Generation","RENEW_FCST_ACT_MW",3,3,277.61029,"ACTUAL",1
"20","2019-07-10",21,0,"2019-07-11T03:00:00-00:00","2019-07-11T04:00:00-00:00","NP15","Solar","Renewable Forecast Actual Generation","RENEW_FCST_ACT_MW",3,3,1.58999,"ACTUAL",1
"21","2019-07-10",22,0,"2019-07-11T04:00:00-00:00","2019-07-11T05:00:00-00:00","NP15","Solar","Renewable Forecast Actual Generation","RENEW_FCST_ACT_MW",3,3,-2.61056,"ACTUAL",1
"22","2019-07-10",23,0,"2019-07-11T05:00:00-00:00","2019-07-11T06:00:00-00:00","NP15","Solar","Renewable Forecast Actual Generation","RENEW_FCST_ACT_MW",3,3,-2.80238,"ACTUAL",1
"23","2019-07-10",24,0,"2019-07-11T06:00:00-00:00","2019-07-11T07:00:00-00:00","NP15","Solar","Renewable Forecast Actual Generation","RENEW_FCST_ACT_MW",3,3,-3.52913,"ACTUAL",1
"24","2019-07-10",18,0,"2019-07-11T00:00:00-00:00","2019-07-11T01:00:00-00:00","NP15","Wind","Renewable Forecast Actual Generation","RENEW_FCST_ACT_MW",3,1,798.57504,"ACTUAL",2
"25","2019-07-10",6,0,"2019-07-10T12:00:00-00:00","2019-07-10T13:00:00-00:00","NP15","Wind","Renewable Forecast Actual Generation","RENEW_FCST_ACT_MW",3,1,1123.19945,"ACTUAL",2
"26","2019-07-10",17,0,"2019-07-10T23:00:00-00:00","2019-07-11T00:00:00-00:00","NP15","Wind","Renewable Forecast Actual Generation","RENEW_FCST_ACT_MW",3,1,720.32081,"ACTUAL",2
"27","2019-07-10",16,0,"2019-07-10T22:00:00-00:00","2019-07-10T23:00:00-00:00","NP15","Wind","Renewable Forecast Actual Generation","RENEW_FCST_ACT_MW",3,1,657.41686,"ACTUAL",2
"28","2019-07-10",15,0,"2019-07-10T21:00:00-00:00","2019-07-10T22:00:00-00:00","NP15","Wind","Renewable Forecast Actual Generation","RENEW_FCST_ACT_MW",3,1,618.80405,"ACTUAL",2
"29","2019-07-10",14,0,"2019-07-10T20:00:00-00:00","2019-07-10T21:00:00-00:00","NP15","Wind","Renewable Forecast Actual Generation","RENEW_FCST_ACT_MW",3,1,588.97796,"ACTUAL",2
"30","2019-07-10",13,0,"2019-07-10T19:00:00-00:00","2019-07-10T20:00:00-00:00","NP15","Wind","Renewable Forecast Actual Generation","RENEW_FCST_ACT_MW",3,1,597.32565,"ACTUAL",2
"31","2019-07-10",12,0,"2019-07-10T18:00:00-00:00","2019-07-10T19:00:00-00:00","NP15","Wind","Renewable Forecast Actual Generation","RENEW_FCST_ACT_MW",3,1,657.30903,"ACTUAL",2
"32","2019-07-10",11,0,"2019-07-10T17:00:00-00:00","2019-07-10T18:00:00-00:00","NP15","Wind","Renewable Forecast Actual Generation","RENEW_FCST_ACT_MW",3,1,810.17016,"ACTUAL",2
"33","2019-07-10",10,0,"2019-07-10T16:00:00-00:00","2019-07-10T17:00:00-00:00","NP15","Wind","Renewable Forecast Actual Generation","RENEW_FCST_ACT_MW",3,1,966.4766,"ACTUAL",2
"34","2019-07-10",9,0,"2019-07-10T15:00:00-00:00","2019-07-10T16:00:00-00:00","NP15","Wind","Renewable Forecast Actual Generation","RENEW_FCST_ACT_MW",3,1,1014.89895,"ACTUAL",2
"35","2019-07-10",8,0,"2019-07-10T14:00:00-00:00","2019-07-10T15:00:00-00:00","NP15","Wind","Renewable Forecast Actual Generation","RENEW_FCST_ACT_MW",3,1,1107.55798,"ACTUAL",2
"36","2019-07-10",7,0,"2019-07-10T13:00:00-00:00","2019-07-10T14:00:00-00:00","NP15","Wind","Renewable Forecast Actual Generation","RENEW_FCST_ACT_MW",3,1,1158.5001,"ACTUAL",2
"37","2019-07-10",5,0,"2019-07-10T11:00:00-00:00","2019-07-10T12:00:00-00:00","NP15","Wind","Renewable Forecast Actual Generation","RENEW_FCST_ACT_MW",3,1,1090.48968,"ACTUAL",2
"38","2019-07-10",4,0,"2019-07-10T10:00:00-00:00","2019-07-10T11:00:00-00:00","NP15","Wind","Renewable Forecast Actual Generation","RENEW_FCST_ACT_MW",3,1,1040.25062,"ACTUAL",2
"39","2019-07-10",3,0,"2019-07-10T09:00:00-00:00","2019-07-10T10:00:00-00:00","NP15","Wind","Renewable Forecast Actual Generation","RENEW_FCST_ACT_MW",3,1,1039.25865,"ACTUAL",2
"40","2019-07-10",2,0,"2019-07-10T08:00:00-00:00","2019-07-10T09:00:00-00:00","NP15","Wind","Renewable Forecast Actual Generation","RENEW_FCST_ACT_MW",3,1,1116.80738,"ACTUAL",2
"41","2019-07-10",24,0,"2019-07-11T06:00:00-00:00","2019-07-11T07:00:00-00:00","NP15","Wind","Renewable Forecast Actual Generation","RENEW_FCST_ACT_MW",3,1,1077.90995,"ACTUAL",2
"42","2019-07-10",23,0,"2019-07-11T05:00:00-00:00","2019-07-11T06:00:00-00:00","NP15","Wind","Renewable Forecast Actual Generation","RENEW_FCST_ACT_MW",3,1,948.90179,"ACTUAL",2
"43","2019-07-10",22,0,"2019-07-11T04:00:00-00:00","2019-07-11T05:00:00-00:00","NP15","Wind","Renewable Forecast Actual Generation","RENEW_FCST_ACT_MW",3,1,854.27038,"ACTUAL",2
"44","2019-07-10",21,0,"2019-07-11T03:00:00-00:00","2019-07-11T04:00:00-00:00","NP15","Wind","Renewable Forecast Actual Generation","RENEW_FCST_ACT_MW",3,1,1059.84966,"ACTUAL",2
"45","2019-07-10",20,0,"2019-07-11T02:00:00-00:00","2019-07-11T03:00:00-00:00","NP15","Wind","Renewable Forecast Actual Generation","RENEW_FCST_ACT_MW",3,1,1065.51416,"ACTUAL",2
"46","2019-07-10",19,0,"2019-07-11T01:00:00-00:00","2019-07-11T02:00:00-00:00","NP15","Wind","Renewable Forecast Actual Generation","RENEW_FCST_ACT_MW",3,1,947.99045,"ACTUAL",2
"47","2019-07-10",6,0,"2019-07-10T12:00:00-00:00","2019-07-10T13:00:00-00:00","SP15","Solar","Renewable Forecast Actual Generation","RENEW_FCST_ACT_MW",3,3,0.50873,"ACTUAL",3
"48","2019-07-10",18,0,"2019-07-11T00:00:00-00:00","2019-07-11T01:00:00-00:00","SP15","Solar","Renewable Forecast Actual Generation","RENEW_FCST_ACT_MW",3,3,5370.10139,"ACTUAL",3
"49","2019-07-10",5,0,"2019-07-10T11:00:00-00:00","2019-07-10T12:00:00-00:00","SP15","Solar","Renewable Forecast Actual Generation","RENEW_FCST_ACT_MW",3,3,-5.79283,"ACTUAL",3
"50","2019-07-10",11,0,"2019-07-10T17:00:00-00:00","2019-07-10T18:00:00-00:00","SP15","Solar","Renewable Forecast Actual Generation","RENEW_FCST_ACT_MW",3,3,7082.07902,"ACTUAL",3
"51","2019-07-10",4,0,"2019-07-10T10:00:00-00:00","2019-07-10T11:00:00-00:00","SP15","Solar","Renewable Forecast Actual Generation","RENEW_FCST_ACT_MW",3,3,-5.79617,"ACTUAL",3
"52","2019-07-10",15,0,"2019-07-10T21:00:00-00:00","2019-07-10T22:00:00-00:00","SP15","Solar","Renewable Forecast Actual Generation","RENEW_FCST_ACT_MW",3,3,7199.09037,"ACTUAL",3
"53","2019-07-10",3,0,"2019-07-10T09:00:00-00:00","2019-07-10T10:00:00-00:00","SP15","Solar","Renewable Forecast Actual Generation","RENEW_FCST_ACT_MW",3,3,-4.46875,"ACTUAL",3
"54","2019-07-10",10,0,"2019-07-10T16:00:00-00:00","2019-07-10T17:00:00-00:00","SP15","Solar","Renewable Forecast Actual Generation","RENEW_FCST_ACT_MW",3,3,6665.98652,"ACTUAL",3
"55","2019-07-10",2,0,"2019-07-10T08:00:00-00:00","2019-07-10T09:00:00-00:00","SP15","Solar","Renewable Forecast Actual Generation","RENEW_FCST_ACT_MW",3,3,-5.79394,"ACTUAL",3
"56","2019-07-10",13,0,"2019-07-10T19:00:00-00:00","2019-07-10T20:00:00-00:00","SP15","Solar","Renewable Forecast Actual Generation","RENEW_FCST_ACT_MW",3,3,7409.93148,"ACTUAL",3
"57","2019-07-10",24,0,"2019-07-11T06:00:00-00:00","2019-07-11T07:00:00-00:00","SP15","Solar","Renewable Forecast Actual Generation","RENEW_FCST_ACT_MW",3,3,-4.9123,"ACTUAL",3
"58","2019-07-10",9,0,"2019-07-10T15:00:00-00:00","2019-07-10T16:00:00-00:00","SP15","Solar","Renewable Forecast Actual Generation","RENEW_FCST_ACT_MW",3,3,5874.12609,"ACTUAL",3
"59","2019-07-10",23,0,"2019-07-11T05:00:00-00:00","2019-07-11T06:00:00-00:00","SP15","Solar","Renewable Forecast Actual Generation","RENEW_FCST_ACT_MW",3,3,-5.23179,"ACTUAL",3
"60","2019-07-10",16,0,"2019-07-10T22:00:00-00:00","2019-07-10T23:00:00-00:00","SP15","Solar","Renewable Forecast Actual Generation","RENEW_FCST_ACT_MW",3,3,6938.28337,"ACTUAL",3
"61","2019-07-10",22,0,"2019-07-11T04:00:00-00:00","2019-07-11T05:00:00-00:00","SP15","Solar","Renewable Forecast Actual Generation","RENEW_FCST_ACT_MW",3,3,-6.13947,"ACTUAL",3
"62","2019-07-10",8,0,"2019-07-10T14:00:00-00:00","2019-07-10T15:00:00-00:00","SP15","Solar","Renewable Forecast Actual Generation","RENEW_FCST_ACT_MW",3,3,3859.55006,"ACTUAL",3
"63","2019-07-10",21,0,"2019-07-11T03:00:00-00:00","2019-07-11T04:00:00-00:00","SP15","Solar","Renewable Forecast Actual Generation","RENEW_FCST_ACT_MW",3,3,0.7203,"ACTUAL",3
"64","2019-07-10",12,0,"2019-07-10T18:00:00-00:00","2019-07-10T19:00:00-00:00","SP15","Solar","Renewable Forecast Actual Generation","RENEW_FCST_ACT_MW",3,3,7326.09493,"ACTUAL",3
"65","2019-07-10",20,0,"2019-07-11T02:00:00-00:00","2019-07-11T03:00:00-00:00","SP15","Solar","Renewable Forecast Actual Generation","RENEW_FCST_ACT_MW",3,3,599.53613,"ACTUAL",3
"66","2019-07-10",7,0,"2019-07-10T13:00:00-00:00","2019-07-10T14:00:00-00:00","SP15","Solar","Renewable Forecast Actual Generation","RENEW_FCST_ACT_MW",3,3,1007.84666,"ACTUAL",3
"67","2019-07-10",19,0,"2019-07-11T01:00:00-00:00","2019-07-11T02:00:00-00:00","SP15","Solar","Renewable Forecast Actual Generation","RENEW_FCST_ACT_MW",3,3,3161.09975,"ACTUAL",3
"68","2019-07-10",14,0,"2019-07-10T20:00:00-00:00","2019-07-10T21:00:00-00:00","SP15","Solar","Renewable Forecast Actual Generation","RENEW_FCST_ACT_MW",3,3,7398.81627,"ACTUAL",3
"69","2019-07-10",17,0,"2019-07-10T23:00:00-00:00","2019-07-11T00:00:00-00:00","SP15","Solar","Renewable Forecast Actual Generation","RENEW_FCST_ACT_MW",3,3,6282.21584,"ACTUAL",3
"70","2019-07-10",18,0,"2019-07-11T00:00:00-00:00","2019-07-11T01:00:00-00:00","SP15","Wind","Renewable Forecast Actual Generation","RENEW_FCST_ACT_MW",3,1,1399.9695,"ACTUAL",4
"71","2019-07-10",19,0,"2019-07-11T01:00:00-00:00","2019-07-11T02:00:00-00:00","SP15","Wind","Renewable Forecast Actual Generation","RENEW_FCST_ACT_MW",3,1,1739.31753,"ACTUAL",4
"72","2019-07-10",20,0,"2019-07-11T02:00:00-00:00","2019-07-11T03:00:00-00:00","SP15","Wind","Renewable Forecast Actual Generation","RENEW_FCST_ACT_MW",3,1,2060.14151,"ACTUAL",4
"73","2019-07-10",21,0,"2019-07-11T03:00:00-00:00","2019-07-11T04:00:00-00:00","SP15","Wind","Renewable Forecast Actual Generation","RENEW_FCST_ACT_MW",3,1,2438.73878,"ACTUAL",4
"74","2019-07-10",22,0,"2019-07-11T04:00:00-00:00","2019-07-11T05:00:00-00:00","SP15","Wind","Renewable Forecast Actual Generation","RENEW_FCST_ACT_MW",3,1,2457.72814,"ACTUAL",4
"75","2019-07-10",23,0,"2019-07-11T05:00:00-00:00","2019-07-11T06:00:00-00:00","SP15","Wind","Renewable Forecast Actual Generation","RENEW_FCST_ACT_MW",3,1,2291.06691,"ACTUAL",4
"76","2019-07-10",24,0,"2019-07-11T06:00:00-00:00","2019-07-11T07:00:00-00:00","SP15","Wind","Renewable Forecast Actual Generation","RENEW_FCST_ACT_MW",3,1,2001.39085,"ACTUAL",4
"77","2019-07-10",2,0,"2019-07-10T08:00:00-00:00","2019-07-10T09:00:00-00:00","SP15","Wind","Renewable Forecast Actual Generation","RENEW_FCST_ACT_MW",3,1,1933.79477,"ACTUAL",4
"78","2019-07-10",3,0,"2019-07-10T09:00:00-00:00","2019-07-10T10:00:00-00:00","SP15","Wind","Renewable Forecast Actual Generation","RENEW_FCST_ACT_MW",3,1,1803.05086,"ACTUAL",4
"79","2019-07-10",4,0,"2019-07-10T10:00:00-00:00","2019-07-10T11:00:00-00:00","SP15","Wind","Renewable Forecast Actual Generation","RENEW_FCST_ACT_MW",3,1,1580.08613,"ACTUAL",4
"80","2019-07-10",5,0,"2019-07-10T11:00:00-00:00","2019-07-10T12:00:00-00:00","SP15","Wind","Renewable Forecast Actual Generation","RENEW_FCST_ACT_MW",3,1,1443.74479,"ACTUAL",4
"81","2019-07-10",6,0,"2019-07-10T12:00:00-00:00","2019-07-10T13:00:00-00:00","SP15","Wind","Renewable Forecast Actual Generation","RENEW_FCST_ACT_MW",3,1,1247.81356,"ACTUAL",4
"82","2019-07-10",7,0,"2019-07-10T13:00:00-00:00","2019-07-10T14:00:00-00:00","SP15","Wind","Renewable Forecast Actual Generation","RENEW_FCST_ACT_MW",3,1,1007.56376,"ACTUAL",4
"83","2019-07-10",8,0,"2019-07-10T14:00:00-00:00","2019-07-10T15:00:00-00:00","SP15","Wind","Renewable Forecast Actual Generation","RENEW_FCST_ACT_MW",3,1,623.42287,"ACTUAL",4
"84","2019-07-10",9,0,"2019-07-10T15:00:00-00:00","2019-07-10T16:00:00-00:00","SP15","Wind","Renewable Forecast Actual Generation","RENEW_FCST_ACT_MW",3,1,375.84342,"ACTUAL",4
"85","2019-07-10",10,0,"2019-07-10T16:00:00-00:00","2019-07-10T17:00:00-00:00","SP15","Wind","Renewable Forecast Actual Generation","RENEW_FCST_ACT_MW",3,1,303.83259,"ACTUAL",4
"86","2019-07-10",11,0,"2019-07-10T17:00:00-00:00","2019-07-10T18:00:00-00:00","SP15","Wind","Renewable Forecast Actual Generation","RENEW_FCST_ACT_MW",3,1,265.70675,"ACTUAL",4
"87","2019-07-10",12,0,"2019-07-10T18:00:00-00:00","2019-07-10T19:00:00-00:00","SP15","Wind","Renewable Forecast Actual Generation","RENEW_FCST_ACT_MW",3,1,195.655,"ACTUAL",4
"88","2019-07-10",13,0,"2019-07-10T19:00:00-00:00","2019-07-10T20:00:00-00:00","SP15","Wind","Renewable Forecast Actual Generation","RENEW_FCST_ACT_MW",3,1,176.37051,"ACTUAL",4
"89","2019-07-10",14,0,"2019-07-10T20:00:00-00:00","2019-07-10T21:00:00-00:00","SP15","Wind","Renewable Forecast Actual Generation","RENEW_FCST_ACT_MW",3,1,205.66513,"ACTUAL",4
"90","2019-07-10",15,0,"2019-07-10T21:00:00-00:00","2019-07-10T22:00:00-00:00","SP15","Wind","Renewable Forecast Actual Generation","RENEW_FCST_ACT_MW",3,1,325.39133,"ACTUAL",4
"91","2019-07-10",16,0,"2019-07-10T22:00:00-00:00","2019-07-10T23:00:00-00:00","SP15","Wind","Renewable Forecast Actual Generation","RENEW_FCST_ACT_MW",3,1,493.03285,"ACTUAL",4
"92","2019-07-10",17,0,"2019-07-10T23:00:00-00:00","2019-07-11T00:00:00-00:00","SP15","Wind","Renewable Forecast Actual Generation","RENEW_FCST_ACT_MW",3,1,921.72817,"ACTUAL",4
"93","2019-07-10",18,0,"2019-07-11T00:00:00-00:00","2019-07-11T01:00:00-00:00","ZP26","Solar","Renewable Forecast Actual Generation","RENEW_FCST_ACT_MW",3,3,1288.98949,"ACTUAL",5
"94","2019-07-10",17,0,"2019-07-10T23:00:00-00:00","2019-07-11T00:00:00-00:00","ZP26","Solar","Renewable Forecast Actual Generation","RENEW_FCST_ACT_MW",3,3,1518.42189,"ACTUAL",5
"95","2019-07-10",20,0,"2019-07-11T02:00:00-00:00","2019-07-11T03:00:00-00:00","ZP26","Solar","Renewable Forecast Actual Generation","RENEW_FCST_ACT_MW",3,3,198.07827,"ACTUAL",5
"96","2019-07-10",21,0,"2019-07-11T03:00:00-00:00","2019-07-11T04:00:00-00:00","ZP26","Solar","Renewable Forecast Actual Generation","RENEW_FCST_ACT_MW",3,3,-3.74821,"ACTUAL",5
"97","2019-07-10",22,0,"2019-07-11T04:00:00-00:00","2019-07-11T05:00:00-00:00","ZP26","Solar","Renewable Forecast Actual Generation","RENEW_FCST_ACT_MW",3,3,-5.34595,"ACTUAL",5
"98","2019-07-10",23,0,"2019-07-11T05:00:00-00:00","2019-07-11T06:00:00-00:00","ZP26","Solar","Renewable Forecast Actual Generation","RENEW_FCST_ACT_MW",3,3,-5.313,"ACTUAL",5
"99","2019-07-10",24,0,"2019-07-11T06:00:00-00:00","2019-07-11T07:00:00-00:00","ZP26","Solar","Renewable Forecast Actual Generation","RENEW_FCST_ACT_MW",3,3,-5.22132,"ACTUAL",5
"100","2019-07-10",2,0,"2019-07-10T08:00:00-00:00","2019-07-10T09:00:00-00:00","ZP26","Solar","Renewable Forecast Actual Generation","RENEW_FCST_ACT_MW",3,3,-5.33275,"ACTUAL",5
"101","2019-07-10",3,0,"2019-07-10T09:00:00-00:00","2019-07-10T10:00:00-00:00","ZP26","Solar","Renewable Forecast Actual Generation","RENEW_FCST_ACT_MW",3,3,-5.35984,"ACTUAL",5
"102","2019-07-10",4,0,"2019-07-10T10:00:00-00:00","2019-07-10T11:00:00-00:00","ZP26","Solar","Renewable Forecast Actual Generation","RENEW_FCST_ACT_MW",3,3,-5.36471,"ACTUAL",5
"103","2019-07-10",5,0,"2019-07-10T11:00:00-00:00","2019-07-10T12:00:00-00:00","ZP26","Solar","Renewable Forecast Actual Generation","RENEW_FCST_ACT_MW",3,3,-5.33478,"ACTUAL",5
"104","2019-07-10",6,0,"2019-07-10T12:00:00-00:00","2019-07-10T13:00:00-00:00","ZP26","Solar","Renewable Forecast Actual Generation","RENEW_FCST_ACT_MW",3,3,-5.27743,"ACTUAL",5
"105","2019-07-10",7,0,"2019-07-10T13:00:00-00:00","2019-07-10T14:00:00-00:00","ZP26","Solar","Renewable Forecast Actual Generation","RENEW_FCST_ACT_MW",3,3,148.19232,"ACTUAL",5
"106","2019-07-10",8,0,"2019-07-10T14:00:00-00:00","2019-07-10T15:00:00-00:00","ZP26","Solar","Renewable Forecast Actual Generation","RENEW_FCST_ACT_MW",3,3,740.89441,"ACTUAL",5
"107","2019-07-10",9,0,"2019-07-10T15:00:00-00:00","2019-07-10T16:00:00-00:00","ZP26","Solar","Renewable Forecast Actual Generation","RENEW_FCST_ACT_MW",3,3,1274.31162,"ACTUAL",5
"108","2019-07-10",10,0,"2019-07-10T16:00:00-00:00","2019-07-10T17:00:00-00:00","ZP26","Solar","Renewable Forecast Actual Generation","RENEW_FCST_ACT_MW",3,3,1531.56788,"ACTUAL",5
"109","2019-07-10",11,0,"2019-07-10T17:00:00-00:00","2019-07-10T18:00:00-00:00","ZP26","Solar","Renewable Forecast Actual Generation","RENEW_FCST_ACT_MW",3,3,1662.84554,"ACTUAL",5
"110","2019-07-10",12,0,"2019-07-10T18:00:00-00:00","2019-07-10T19:00:00-00:00","ZP26","Solar","Renewable Forecast Actual Generation","RENEW_FCST_ACT_MW",3,3,1737.42672,"ACTUAL",5
"111","2019-07-10",13,0,"2019-07-10T19:00:00-00:00","2019-07-10T20:00:00-00:00","ZP26","Solar","Renewable Forecast Actual Generation","RENEW_FCST_ACT_MW",3,3,1757.26054,"ACTUAL",5
"112","2019-07-10",14,0,"2019-07-10T20:00:00-00:00","2019-07-10T21:00:00-00:00","ZP26","Solar","Renewable Forecast Actual Generation","RENEW_FCST_ACT_MW",3,3,1753.2384,"ACTUAL",5
"113","2019-07-10",15,0,"2019-07-10T21:00:00-00:00","2019-07-10T22:00:00-00:00","ZP26","Solar","Renewable Forecast Actual Generation","RENEW_FCST_ACT_MW",3,3,1741.96547,"ACTUAL",5
"114","2019-07-10",16,0,"2019-07-10T22:00:00-00:00","2019-07-10T23:00:00-00:00","ZP26","Solar","Renewable Forecast Actual Generation","RENEW_FCST_ACT_MW",3,3,1666.12635,"ACTUAL",5
"115","2019-07-10",19,0,"2019-07-11T01:00:00-00:00","2019-07-11T02:00:00-00:00","ZP26","Solar","Renewable Forecast Actual Generation","RENEW_FCST_ACT_MW",3,3,806.58637,"ACTUAL",5
"116","2019-07-11",1,0,"2019-07-11T07:00:00-00:00","2019-07-11T08:00:00-00:00","NP15","Solar","Renewable Forecast Actual Generation","RENEW_FCST_ACT_MW",3,3,-3.55387,"ACTUAL",6
"117","2019-07-11",1,0,"2019-07-11T07:00:00-00:00","2019-07-11T08:00:00-00:00","NP15","Wind","Renewable Forecast Actual Generation","RENEW_FCST_ACT_MW",3,1,1097.4217,"ACTUAL",7
"118","2019-07-11",1,0,"2019-07-11T07:00:00-00:00","2019-07-11T08:00:00-00:00","SP15","Solar","Renewable Forecast Actual Generation","RENEW_FCST_ACT_MW",3,3,-3.97948,"ACTUAL",8
"119","2019-07-11",1,0,"2019-07-11T07:00:00-00:00","2019-07-11T08:00:00-00:00","SP15","Wind","Renewable Forecast Actual Generation","RENEW_FCST_ACT_MW",3,1,2104.96866,"ACTUAL",9
"120","2019-07-11",1,0,"2019-07-11T07:00:00-00:00","2019-07-11T08:00:00-00:00","ZP26","Solar","Renewable Forecast Actual Generation","RENEW_FCST_ACT_MW",3,3,-5.25584,"ACTUAL",10
