"","OPR_DT","OPR_HR","OPR_INTERVAL","INTERVALSTARTTIME_GMT","INTERVALENDTIME_GMT","TRADING_HUB","RENEWABLE_TYPE","LABEL","XML_DATA_ITEM","MARKET_RUN_ID_POS","RENEW_POS","MW","MARKET_RUN_ID","GROUP"
"1","2019-01-08",1,0,"2019-01-08T08:00:00-00:00","2019-01-08T09:00:00-00:00","NP15","Solar","Renewable Forecast Actual Generation","RENEW_FCST_ACT_MW",3,3,-3.469,"ACTUAL",1
"2","2019-01-08",2,0,"2019-01-08T09:00:00-00:00","2019-01-08T10:00:00-00:00","NP15","Solar","Renewable Forecast Actual Generation","RENEW_FCST_ACT_MW",3,3,-3.47338,"ACTUAL",1
"3","2019-01-08",3,0,"2019-01-08T10:00:00-00:00","2019-01-08T11:00:00-00:00","NP15","Solar","Renewable Forecast Actual Generation","RENEW_FCST_ACT_MW",3,3,-3.47439,"ACTUAL",1
"4","2019-01-08",4,0,"2019-01-08T11:00:00-00:00","2019-01-08T12:00:00-00:00","NP15","Solar","Renewable Forecast Actual Generation","RENEW_FCST_ACT_MW",3,3,-3.47001,"ACTUAL",1
"5","2019-01-08",5,0,"2019-01-08T12:00:00-00:00","2019-01-08T13:00:00-00:00","NP15","Solar","Renewable Forecast Actual Generation","RENEW_FCST_ACT_MW",3,3,-3.45875,"ACTUAL",1
"6","2019-01-08",6,0,"2019-01-08T13:00:00-00:00","2019-01-08T14:00:00-00:00","NP15","Solar","Renewable Forecast Actual Generation","RENEW_FCST_ACT_MW",3,3,-3.46577,"ACTUAL",1
"7","2019-01-08",7,0,"2019-01-08T14:00:00-00:00","2019-01-08T15:00:00-00:00","NP15","Solar","Renewable Forecast Actual Generation","RENEW_FCST_ACT_MW",3,3,-3.48458,"ACTUAL",1
"8","2019-01-08",8,0,"2019-01-08T15:00:00-00:00","2019-01-08T16:00:00-00:00","NP15","Solar","Renewable Forecast Actual Generation","RENEW_FCST_ACT_MW",3,3,13.88353,"ACTUAL",1
"9","2019-01-08",9,0,"2019-01-08T16:00:00-00:00","2019-01-08T17:00:00-00:00","NP15","Solar","Renewable Forecast Actual Generation","RENEW_FCST_ACT_MW",3,3,167.86273,"ACTUAL",1
"10","2019-01-08",10,0,"2019-01-08T17:00:00-00:00","2019-01-08T18:00:00-00:00","NP15","Solar","Renewable Forecast Actual Generation","RENEW_FCST_ACT_MW",3,3,369.26292,"ACTUAL",1
"11","2019-01-08",11,0,"2019-01-08T18:00:00-00:00","2019-01-08T19:00:00-00:00","NP15","Solar","Renewable Forecast Actual Generation","RENEW_FCST_ACT_MW",3,3,486.20531,"ACTUAL",1
"12","2019-01-08",12,0,"2019-01-08T19:00:00-00:00","2019-01-08T20:00:00-00:00","NP15","Solar","Renewable Forecast Actual Generation","RENEW_FCST_ACT_MW",3,3,578.33948,"ACTUAL",1
"13","2019-01-08",13,0,"2019-01-08T20:00:00-00:00","2019-01-08T21:00:00-00:00","NP15","Solar","Renewable Forecast Actual Generation","RENEW_FCST_ACT_MW",3,3,538.13419,"ACTUAL",1
"14","2019-01-08",14,0,"2019-01-08T21:00:00-00:00","2019-01-08T22:00:00-00:00","NP15","Solar","Renewable Forecast Actual Generation","RENEW_FCST_ACT_MW",3,3,465.4701,"ACTUAL",1
"15","2019-01-08",15,0,"2019-01-08T22:00:00-00:00","2019-01-08T23:00:00-00:00","NP15","Solar","Renewable Forecast Actual Generation","RENEW_FCST_ACT_MW",3,3,317.14952,"ACTUAL",1
"16","2019-01-08",16,0,"2019-01-08T23:00:00-00:00","2019-01-09T00:00:00-00:00","NP15","Solar","Renewable Forecast Actual Generation","RENEW_FCST_ACT_MW",3,3,191.79763,"ACTUAL",1
"17","2019-01-08",17,0,"2019-01-09T00:00:00-00:00","2019-01-09T01:00:00-00:00","NP15","Solar","Renewable Forecast Actual Generation","RENEW_FCST_ACT_MW",3,3,70.03105,"ACTUAL",1
"18","2019-01-08",18,0,"2019-01-09T01:00:00-00:00","2019-01-09T02:00:00-00:00","NP15","Solar","Renewable Forecast Actual Generation","RENEW_FCST_ACT_MW",3,3,-2.90646,"ACTUAL",1
"19","2019-01-08",19,0,"2019-01-09T02:00:00-00:00","2019-01-09T03:00:00-00:00","NP15","Solar","Renewable Forecast Actual Generation","RENEW_FCST_ACT_MW",3,3,-2.86828,"ACTUAL",1
"20","2019-01-08",20,0,"2019-01-09T03:00:00-00:00","2019-01-09T04:00:00-00:00","NP15","Solar","Renewable Forecast Actual Generation","RENEW_FCST_ACT_MW",3,3,-2.85606,"ACTUAL",1
"21","2019-01-08",21,0,"2019-01-09T04:00:00-00:00","2019-01-09T05:00:00-00:00","NP15","Solar","Renewable Forecast Actual Generation","RENEW_FCST_ACT_MW",3,3,-2.86636,"ACTUAL",1
"22","2019-01-08",22,0,"2019-01-09T05:00:00-00:00","2019-01-09T06:00:00-00:00","NP15","Solar","Renewable Forecast Actual Generation","RENEW_FCST_ACT_MW",3,3,-2.87318,"ACTUAL",1
"23","2019-01-08",23,0,"2019-01-09T06:00:00-00:00","2019-01-09T07:00:00-00:00","NP15","Solar","Renewable Forecast Actual Generation","RENEW_FCST_ACT_MW",3,3,-2.91113,"ACTUAL",1
"24","2019-01-08",24,0,"2019-01-09T07:00:00-00:00","2019-01-09T08:00:00-00:00","NP15","Solar","Renewable Forecast Actual Generation","RENEW_FCST_ACT_MW",3,3,-2.89254,"ACTUAL",1
"25","2019-01-08",1,0,"2019-01-08T08:00:00-00:00","2019-01-08T09:00:00-00:00","NP15","Wind","Renewable Forecast Actual Generation","RENEW_FCST_ACT_MW",3,1,80.33608,"ACTUAL",2
"26","2019-01-08",24,0,"2019-01-09T07:00:00-00:00","2019-01-09T08:00:00-00:00","NP15","Wind","Renewable Forecast Actual Generation","RENEW_FCST_ACT_MW",3,1,440.4285,"ACTUAL",2
"27","2019-01-08",3,0,"2019-01-08T10:00:00-00:00","2019-01-08T11:00:00-00:00","NP15","Wind","Renewable Forecast Actual Generation","RENEW_FCST_ACT_MW",3,1,89.23147,"ACTUAL",2
"28","2019-01-08",4,0,"2019-01-08T11:00:00-00:00","2019-01-08T12:00:00-00:00","NP15","Wind","Renewable Forecast Actual Generation","RENEW_FCST_ACT_MW",3,1,89.21799,"ACTUAL",2
"29","2019-01-08",5,0,"2019-01-08T12:00:00-00:00","2019-01-08T13:00:00-00:00","NP15","Wind","Renewable Forecast Actual Generation","RENEW_FCST_ACT_MW",3,1,33.96648,"ACTUAL",2
"30","2019-01-08",6,0,"2019-01-08T13:00:00-00:00","2019-01-08T14:00:00-00:00","NP15","Wind","Renewable Forecast Actual Generation","RENEW_FCST_ACT_MW",3,1,28.94114,"ACTUAL",2
"31","2019-01-08",7,0,"2019-01-08T14:00:00-00:00","2019-01-08T15:00:00-00:00","NP15","Wind","Renewable Forecast Actual Generation","RENEW_FCST_ACT_MW",3,1,3.1445,"ACTUAL",2
"32","2019-01-08",8,0,"2019-01-08T15:00:00-00:00","2019-01-08T16:00:00-00:00","NP15","Wind","Renewable Forecast Actual Generation","RENEW_FCST_ACT_MW",3,1,8.96234,"ACTUAL",2
"33","2019-01-08",9,0,"2019-01-08T16:00:00-00:00","2019-01-08T17:00:00-00:00","NP15","Wind","Renewable Forecast Actual Generation","RENEW_FCST_ACT_MW",3,1,6.67475,"ACTUAL",2
"34","2019-01-08",10,0,"2019-01-08T17:00:00-00:00","2019-01-08T18:00:00-00:00","NP15","Wind","Renewable Forecast Actual Generation","RENEW_FCST_ACT_MW",3,1,32.93514,"ACTUAL",2
"35","2019-01-08",11,0,"2019-01-08T18:00:00-00:00","2019-01-08T19:00:00-00:00","NP15","Wind","Renewable Forecast Actual Generation","RENEW_FCST_ACT_MW",3,1,33.79193,"ACTUAL",2
"36","2019-01-08",12,0,"2019-01-08T19:00:00-00:00","2019-01-08T20:00:00-00:00","NP15","Wind","Renewable Forecast Actual Generation","RENEW_FCST_ACT_MW",3,1,82.55392,"ACTUAL",2
"37","2019-01-08",13,0,"2019-01-08T20:00:00-00:00","2019-01-08T21:00:00-00:00","NP15","Wind","Renewable Forecast Actual Generation","RENEW_FCST_ACT_MW",3,1,89.30532,"ACTUAL",2
"38","2019-01-08",14,0,"2019-01-08T21:00:00-00:00","2019-01-08T22:00:00-00:00","NP15","Wind","Renewable Forecast Actual Generation","RENEW_FCST_ACT_MW",3,1,76.71311,"ACTUAL",2
"39","2019-01-08",15,0,"2019-01-08T22:00:00-00:00","2019-01-08T23:00:00-00:00","NP15","Wind","Renewable Forecast Actual Generation","RENEW_FCST_ACT_MW",3,1,271.09792,"ACTUAL",2
"40","2019-01-08",16,0,"2019-01-08T23:00:00-00:00","2019-01-09T00:00:00-00:00","NP15","Wind","Renewable Forecast Actual Generation","RENEW_FCST_ACT_MW",3,1,109.78745,"ACTUAL",2
"41","2019-01-08",17,0,"2019-01-09T00:00:00-00:00","2019-01-09T01:00:00-00:00","NP15","Wind","Renewable Forecast Actual Generation","RENEW_FCST_ACT_MW",3,1,50.57005,"ACTUAL",2
"42","2019-01-08",18,0,"2019-01-09T01:00:00-00:00","2019-01-09T02:00:00-00:00","NP15","Wind","Renewable Forecast Actual Generation","RENEW_FCST_ACT_MW",3,1,54.87108,"ACTUAL",2
"43","2019-01-08",19,0,"2019-01-09T02:00:00-00:00","2019-01-09T03:00:00-00:00","NP15","Wind","Renewable Forecast Actual Generation","RENEW_FCST_ACT_MW",3,1,92.76487,"ACTUAL",2
"44","2019-01-08",20,0,"2019-01-09T03:00:00-00:00","2019-01-09T04:00:00-00:00","NP15","Wind","Renewable Forecast Actual Generation","RENEW_FCST_ACT_MW",3,1,169.91324,"ACTUAL",2
"45","2019-01-08",21,0,"2019-01-09T04:00:00-00:00","2019-01-09T05:00:00-00:00","NP15","Wind","Renewable Forecast Actual Generation","RENEW_FCST_ACT_MW",3,1,140.95213,"ACTUAL",2
"46","2019-01-08",22,0,"2019-01-09T05:00:00-00:00","2019-01-09T06:00:00-00:00","NP15","Wind","Renewable Forecast Actual Generation","RENEW_FCST_ACT_MW",3,1,238.53195,"ACTUAL",2
"47","2019-01-08",23,0,"2019-01-09T06:00:00-00:00","2019-01-09T07:00:00-00:00","NP15","Wind","Renewable Forecast Actual Generation","RENEW_FCST_ACT_MW",3,1,291.72868,"ACTUAL",2
"48","2019-01-08",2,0,"2019-01-08T09:00:00-00:00","2019-01-08T10:00:00-00:00","NP15","Wind","Renewable Forecast Actual Generation","RENEW_FCST_ACT_MW",3,1,85.72621,"ACTUAL",2
"49","2019-01-08",24,0,"2019-01-09T07:00:00-00:00","2019-01-09T08:00:00-00:00","SP15","Solar","Renewable Forecast Actual Generation","RENEW_FCST_ACT_MW",3,3,-20.06522,"ACTUAL",3
"50","2019-01-08",2,0,"2019-01-08T09:00:00-00:00","2019-01-08T10:00:00-00:00","SP15","Solar","Renewable Forecast Actual Generation","RENEW_FCST_ACT_MW",3,3,-20.89925,"ACTUAL",3
"51","2019-01-08",23,0,"2019-01-09T06:00:00-00:00","2019-01-09T07:00:00-00:00","SP15","Solar","Renewable Forecast Actual Generation","RENEW_FCST_ACT_MW",3,3,-20.25583,"ACTUAL",3
"52","2019-01-08",6,0,"2019-01-08T13:00:00-00:00","2019-01-08T14:00:00-00:00","SP15","Solar","Renewable Forecast Actual Generation","RENEW_FCST_ACT_MW",3,3,-22.10876,"ACTUAL",3
"53","2019-01-08",22,0,"2019-01-09T05:00:00-00:00","2019-01-09T06:00:00-00:00","SP15","Solar","Renewable Forecast Actual Generation","RENEW_FCST_ACT_MW",3,3,-19.84887,"ACTUAL",3
"54","2019-01-08",11,0,"2019-01-08T18:00:00-00:00","2019-01-08T19:00:00-00:00","SP15","Solar","Renewable Forecast Actual Generation","RENEW_FCST_ACT_MW",3,3,4119.00485,"ACTUAL",3
"55","2019-01-08",21,0,"2019-01-09T04:00:00-00:00","2019-01-09T05:00:00-00:00","SP15","Solar","Renewable Forecast Actual Generation","RENEW_FCST_ACT_MW",3,3,-20.45994,"ACTUAL",3
"56","2019-01-08",3,0,"2019-01-08T10:00:00-00:00","2019-01-08T11:00:00-00:00","SP15","Solar","Renewable Forecast Actual Generation","RENEW_FCST_ACT_MW",3,3,-21.57686,"ACTUAL",3
"57","2019-01-08",20,0,"2019-01-09T03:00:00-00:00","2019-01-09T04:00:00-00:00","SP15","Solar","Renewable Forecast Actual Generation","RENEW_FCST_ACT_MW",3,3,-20.96673,"ACTUAL",3
"58","2019-01-08",10,0,"2019-01-08T17:00:00-00:00","2019-01-08T18:00:00-00:00","SP15","Solar","Renewable Forecast Actual Generation","RENEW_FCST_ACT_MW",3,3,3592.05981,"ACTUAL",3
"59","2019-01-08",19,0,"2019-01-09T02:00:00-00:00","2019-01-09T03:00:00-00:00","SP15","Solar","Renewable Forecast Actual Generation","RENEW_FCST_ACT_MW",3,3,-20.9701,"ACTUAL",3
"60","2019-01-08",5,0,"2019-01-08T12:00:00-00:00","2019-01-08T13:00:00-00:00","SP15","Solar","Renewable Forecast Actual Generation","RENEW_FCST_ACT_MW",3,3,-20.85024,"ACTUAL",3
"61","2019-01-08",18,0,"2019-01-09T01:00:00-00:00","2019-01-09T02:00:00-00:00","SP15","Solar","Renewable Forecast Actual Generation","RENEW_FCST_ACT_MW",3,3,-22.17802,"ACTUAL",3
"62","2019-01-08",9,0,"2019-01-08T16:00:00-00:00","2019-01-08T17:00:00-00:00","SP15","Solar","Renewable Forecast Actual Generation","RENEW_FCST_ACT_MW",3,3,2321.87096,"ACTUAL",3
"63","2019-01-08",17,0,"2019-01-09T00:00:00-00:00","2019-01-09T01:00:00-00:00","SP15","Solar","Renewable Forecast Actual Generation","RENEW_FCST_ACT_MW",3,3,250.21455,"ACTUAL",3
"64","2019-01-08",1,0,"2019-01-08T08:00:00-00:00","2019-01-08T09:00:00-00:00","SP15","Solar","Renewable Forecast Actual Generation","RENEW_FCST_ACT_MW",3,3,-19.98572,"ACTUAL",3
"65","2019-01-08",16,0,"2019-01-08T23:00:00-00:00","2019-01-09T00:00:00-00:00","SP15","Solar","Renewable Forecast Actual Generation","RENEW_FCST_ACT_MW",3,3,1729.61115,"ACTUAL",3
"66","2019-01-08",8,0,"2019-01-08T15:00:00-00:00","2019-01-08T16:00:00-00:00","SP15","Solar","Renewable Forecast Actual Generation","RENEW_FCST_ACT_MW",3,3,696.7062,"ACTUAL",3
"67","2019-01-08",15,0,"2019-01-08T22:00:00-00:00","2019-01-08T23:00:00-00:00","SP15","Solar","Renewable Forecast Actual Generation","RENEW_FCST_ACT_MW",3,3,3339.77788,"ACTUAL",3
"68","2019-01-08",4,0,"2019-01-08T11:00:00-00:00","2019-01-08T12:00:00-00:00","SP15","Solar","Renewable Forecast Actual Generation","RENEW_FCST_ACT_MW",3,3,-21.12684,"ACTUAL",3
"69","2019-01-08",14,0,"2019-01-08T21:00:00-00:00","2019-01-08T22:00:00-00:00","SP15","Solar","Renewable Forecast Actual Generation","RENEW_FCST_ACT_MW",3,3,3982.18383,"ACTUAL",3
"70","2019-01-08",7,0,"2019-01-08T14:00:00-00:00","2019-01-08T15:00:00-00:00","SP15","Solar","Renewable Forecast Actual Generation","RENEW_FCST_ACT_MW",3,3,-15.57545,"ACTUAL",3
"71","2019-01-08",13,0,"2019-01-08T20:00:00-00:00","2019-01-08T21:00:00-00:00","SP15","Solar","Renewable Forecast Actual Generation","RENEW_FCST_ACT_MW",3,3,4166.33939,"ACTUAL",3
"72","2019-01-08",12,0,"2019-01-08T19:00:00-00:00","2019-01-08T20:00:00-00:00","SP15","Solar","Renewable Forecast Actual Generation","RENEW_FCST_ACT_MW",3,3,4092.59891,"ACTUAL",3
"73","2019-01-08",23,0,"2019-01-09T06:00:00-00:00","2019-01-09T07:00:00-00:00","SP15","Wind","Renewable Forecast Actual Generation","RENEW_FCST_ACT_MW",3,1,215.27338,"ACTUAL",4
"74","2019-01-08",22,0,"2019-01-09T05:00:00-00:00","2019-01-09T06:00:00-00:00","SP15","Wind","Renewable Forecast Actual Generation","RENEW_FCST_ACT_MW",3,1,173.60557,"ACTUAL",4
"75","2019-01-08",21,0,"2019-01-09T04:00:00-00:00","2019-01-09T05:00:00-00:00","SP15","Wind","Renewable Forecast Actual Generation","RENEW_FCST_ACT_MW",3,1,186.70441,"ACTUAL",4
"76","2019-01-08",20,0,"2019-01-09T03:00:00-00:00","2019-01-09T04:00:00-00:00","SP15","Wind","Renewable Forecast Actual Generation","RENEW_FCST_ACT_MW",3,1,193.1583,"ACTUAL",4
"77","2019-01-08",19,0,"2019-01-09T02:00:00-00:00","2019-01-09T03:00:00-00:00","SP15","Wind","Renewable Forecast Actual Generation","RENEW_FCST_ACT_MW",3,1,289.08308,"ACTUAL",4
"78","2019-01-08",18,0,"2019-01-09T01:00:00-00:00","2019-01-09T02:00:00-00:00","SP15","Wind","Renewable Forecast Actual Generation","RENEW_FCST_ACT_MW",3,1,200.79601,"ACTUAL",4
"79","2019-01-08",17,0,"2019-01-09T00:00:00-00:00","2019-01-09T01:00:00-00:00","SP15","Wind","Renewable Forecast Actual Generation","RENEW_FCST_ACT_MW",3,1,141.20635,"ACTUAL",4
"80","2019-01-08",16,0,"2019-01-08T23:00:00-00:00","2019-01-09T00:00:00-00:00","SP15","Wind","Renewable Forecast Actual Generation","RENEW_FCST_ACT_MW",3,1,235.20886,"ACTUAL",4
"81","2019-01-08",15,0,"2019-01-08T22:00:00-00:00","2019-01-08T23:00:00-00:00","SP15","Wind","Renewable Forecast Actual Generation","RENEW_FCST_ACT_MW",3,1,256.65794,"ACTUAL",4
"82","2019-01-08",14,0,"2019-01-08T21:00:00-00:00","2019-01-08T22:00:00-00:00","SP15","Wind","Renewable Forecast Actual Generation","RENEW_FCST_ACT_MW",3,1,252.37312,"ACTUAL",4
"83","2019-01-08",13,0,"2019-01-08T20:00:00-00:00","2019-01-08T21:00:00-00:00","SP15","Wind","Renewable Forecast Actual Generation","RENEW_FCST_ACT_MW",3,1,291.13096,"ACTUAL",4
"84","2019-01-08",12,0,"2019-01-08T19:00:00-00:00","2019-01-08T20:00:00-00:00","SP15","Wind","Renewable Forecast Actual Generation","RENEW_FCST_ACT_MW",3,1,287.8421,"ACTUAL",4
"85","2019-01-08",11,0,"2019-01-08T18:00:00-00:00","2019-01-08T19:00:00-00:00","SP15","Wind","Renewable Forecast Actual Generation","RENEW_FCST_ACT_MW",3,1,261.9675,"ACTUAL",4
"86","2019-01-08",10,0,"2019-01-08T17:00:00-00:00","2019-01-08T18:00:00-00:00","SP15","Wind","Renewable Forecast Actual Generation","RENEW_FCST_ACT_MW",3,1,220.30764,"ACTUAL",4
"87","2019-01-08",9,0,"2019-01-08T16:00:00-00:00","2019-01-08T17:00:00-00:00","SP15","Wind","Renewable Forecast Actual Generation","RENEW_FCST_ACT_MW",3,1,243.14712,"ACTUAL",4
"88","2019-01-08",8,0,"2019-01-08T15:00:00-00:00","2019-01-08T16:00:00-00:00","SP15","Wind","Renewable Forecast Actual Generation","RENEW_FCST_ACT_MW",3,1,310.0695,"ACTUAL",4
"89","2019-01-08",7,0,"2019-01-08T14:00:00-00:00","2019-01-08T15:00:00-00:00","SP15","Wind","Renewable Forecast Actual Generation","RENEW_FCST_ACT_MW",3,1,406.40297,"ACTUAL",4
"90","2019-01-08",6,0,"2019-01-08T13:00:00-00:00","2019-01-08T14:00:00-00:00","SP15","Wind","Renewable Forecast Actual Generation","RENEW_FCST_ACT_MW",3,1,499.46958,"ACTUAL",4
"91","2019-01-08",5,0,"2019-01-08T12:00:00-00:00","2019-01-08T13:00:00-00:00","SP15","Wind","Renewable Forecast Actual Generation","RENEW_FCST_ACT_MW",3,1,491.29104,"ACTUAL",4
"92","2019-01-08",4,0,"2019-01-08T11:00:00-00:00","2019-01-08T12:00:00-00:00","SP15","Wind","Renewable Forecast Actual Generation","RENEW_FCST_ACT_MW",3,1,389.17436,"ACTUAL",4
"93","2019-01-08",3,0,"2019-01-08T10:00:00-00:00","2019-01-08T11:00:00-00:00","SP15","Wind","Renewable Forecast Actual Generation","RENEW_FCST_ACT_MW",3,1,293.73972,"ACTUAL",4
"94","2019-01-08",2,0,"2019-01-08T09:00:00-00:00","2019-01-08T10:00:00-00:00","SP15","Wind","Renewable Forecast Actual Generation","RENEW_FCST_ACT_MW",3,1,311.97972,"ACTUAL",4
"95","2019-01-08",24,0,"2019-01-09T07:00:00-00:00","2019-01-09T08:00:00-00:00","SP15","Wind","Renewable Forecast Actual Generation","RENEW_FCST_ACT_MW",3,1,146.50192,"ACTUAL",4
"96","2019-01-08",1,0,"2019-01-08T08:00:00-00:00","2019-01-08T09:00:00-00:00","SP15","Wind","Renewable Forecast Actual Generation","RENEW_FCST_ACT_MW",3,1,307.25067,"ACTUAL",4
"97","2019-01-08",1,0,"2019-01-08T08:00:00-00:00","2019-01-08T09:00:00-00:00","ZP26","Solar","Renewable Forecast Actual Generation","RENEW_FCST_ACT_MW",3,3,-4.83658,"ACTUAL",5
"98","2019-01-08",24,0,"2019-01-09T07:00:00-00:00","2019-01-09T08:00:00-00:00","ZP26","Solar","Renewable Forecast Actual Generation","RENEW_FCST_ACT_MW",3,3,-4.9034,"ACTUAL",5
"99","2019-01-08",3,0,"2019-01-08T10:00:00-00:00","2019-01-08T11:00:00-00:00","ZP26","Solar","Renewable Forecast Actual Generation","RENEW_FCST_ACT_MW",3,3,-4.85827,"ACTUAL",5
"100","2019-01-08",4,0,"2019-01-08T11:00:00-00:00","2019-01-08T12:00:00-00:00","ZP26","Solar","Renewable Forecast Actual Generation","RENEW_FCST_ACT_MW",3,3,-5.21458,"ACTUAL",5
"101","2019-01-08",5,0,"2019-01-08T12:00:00-00:00","2019-01-08T13:00:00-00:00","ZP26","Solar","Renewable Forecast Actual Generation","RENEW_FCST_ACT_MW",3,3,-5.17288,"ACTUAL",5
"102","2019-01-08",6,0,"2019-01-08T13:00:00-00:00","2019-01-08T14:00:00-00:00","ZP26","Solar","Renewable Forecast Actual Generation","RENEW_FCST_ACT_MW",3,3,-5.16194,"ACTUAL",5
"103","2019-01-08",7,0,"2019-01-08T14:00:00-00:00","2019-01-08T15:00:00-00:00","ZP26","Solar","Renewable Forecast Actual Generation","RENEW_FCST_ACT_MW",3,3,-5.22909,"ACTUAL",5
"104","2019-01-08",8,0,"2019-01-08T15:00:00-00:00","2019-01-08T16:00:00-00:00","ZP26","Solar","Renewable Forecast Actual Generation","RENEW_FCST_ACT_MW",3,3,22.81582,"ACTUAL",5
"105","2019-01-08",9,0,"2019-01-08T16:00:00-00:00","2019-01-08T17:00:00-00:00","ZP26","Solar","Renewable Forecast Actual Generation","RENEW_FCST_ACT_MW",3,3,225.10938,"ACTUAL",5
"106","2019-01-08",10,0,"2019-01-08T17:00:00-00:00","2019-01-08T18:00:00-00:00","ZP26","Solar","Renewable Forecast Actual Generation","RENEW_FCST_ACT_MW",3,3,670.30881,"ACTUAL",5
"107","2019-01-08",11,0,"2019-01-08T18:00:00-00:00","2019-01-08T19:00:00-00:00","ZP26","Solar","Renewable Forecast Actual Generation","RENEW_FCST_ACT_MW",3,3,874.281,"ACTUAL",5
"108","2019-01-08",12,0,"2019-01-08T19:00:00-00:00","2019-01-08T20:00:00-00:00","ZP26","Solar","Renewable Forecast Actual Generation","RENEW_FCST_ACT_MW",3,3,926.39851,"ACTUAL",5
"109","2019-01-08",13,0,"2019-01-08T20:00:00-00:00","2019-01-08T21:00:00-00:00","ZP26","Solar","Renewable Forecast Actual Generation","RENEW_FCST_ACT_MW",3,3,750.85879,"ACTUAL",5
"110","2019-01-08",14,0,"2019-01-08T21:00:00-00:00","2019-01-08T22:00:00-00:00","ZP26","Solar","Renewable Forecast Actual Generation","RENEW_FCST_ACT_MW",3,3,681.40162,"ACTUAL",5
"111","2019-01-08",15,0,"2019-01-08T22:00:00-00:00","2019-01-08T23:00:00-00:00","ZP26","Solar","Renewable Forecast Actual Generation","RENEW_FCST_ACT_MW",3,3,685.72121,"ACTUAL",5
"112","2019-01-08",16,0,"2019-01-08T23:00:00-00:00","2019-01-09T00:00:00-00:00","ZP26","Solar","Renewable Forecast Actual Generation","RENEW_FCST_ACT_MW",3,3,364.6888,"ACTUAL",5
"113","2019-01-08",17,0,"2019-01-09T00:00:00-00:00","2019-01-09T01:00:00-00:00","ZP26","Solar","Renewable Forecast Actual Generation","RENEW_FCST_ACT_MW",3,3,89.42658,"ACTUAL",5
"114","2019-01-08",18,0,"2019-01-09T01:00:00-00:00","2019-01-09T02:00:00-00:00","ZP26","Solar","Renewable Forecast Actual Generation","RENEW_FCST_ACT_MW",3,3,-4.5471,"ACTUAL",5
"115","2019-01-08",19,0,"2019-01-09T02:00:00-00:00","2019-01-09T03:00:00-00:00","ZP26","Solar","Renewable Forecast Actual Generation","RENEW_FCST_ACT_MW",3,3,-4.44174,"ACTUAL",5
"116","2019-01-08",20,0,"2019-01-09T03:00:00-00:00","2019-01-09T04:00:00-00:00","ZP26","Solar","Renewable Forecast Actual Generation","RENEW_FCST_ACT_MW",3,3,-4.50608,"ACTUAL",5
"117","2019-01-08",21,0,"2019-01-09T04:00:00-00:00","2019-01-09T05:00:00-00:00","ZP26","Solar","Renewable Forecast Actual Generation","RENEW_FCST_ACT_MW",3,3,-4.87842,"ACTUAL",5
"118","2019-01-08",22,0,"2019-01-09T05:00:00-00:00","2019-01-09T06:00:00-00:00","ZP26","Solar","Renewable Forecast Actual Generation","RENEW_FCST_ACT_MW",3,3,-4.86539,"ACTUAL",5
"119","2019-01-08",23,0,"2019-01-09T06:00:00-00:00","2019-01-09T07:00:00-00:00","ZP26","Solar","Renewable Forecast Actual Generation","RENEW_FCST_ACT_MW",3,3,-4.88023,"ACTUAL",5
"120","2019-01-08",2,0,"2019-01-08T09:00:00-00:00","2019-01-08T10:00:00-00:00","ZP26","Solar","Renewable Forecast Actual Generation","RENEW_FCST_ACT_MW",3,3,-4.83098,"ACTUAL",5
