"","OPR_DT","OPR_HR","OPR_INTERVAL","INTERVALSTARTTIME_GMT","INTERVALENDTIME_GMT","TRADING_HUB","RENEWABLE_TYPE","LABEL","XML_DATA_ITEM","MARKET_RUN_ID_POS","RENEW_POS","MW","MARKET_RUN_ID","GROUP"
"1","2019-05-27",2,0,"2019-05-27T08:00:00-00:00","2019-05-27T09:00:00-00:00","NP15","Solar","Renewable Forecast Actual Generation","RENEW_FCST_ACT_MW",3,3,-3.24189,"ACTUAL",1
"2","2019-05-27",3,0,"2019-05-27T09:00:00-00:00","2019-05-27T10:00:00-00:00","NP15","Solar","Renewable Forecast Actual Generation","RENEW_FCST_ACT_MW",3,3,-3.23061,"ACTUAL",1
"3","2019-05-27",4,0,"2019-05-27T10:00:00-00:00","2019-05-27T11:00:00-00:00","NP15","Solar","Renewable Forecast Actual Generation","RENEW_FCST_ACT_MW",3,3,-3.23355,"ACTUAL",1
"4","2019-05-27",5,0,"2019-05-27T11:00:00-00:00","2019-05-27T12:00:00-00:00","NP15","Solar","Renewable Forecast Actual Generation","RENEW_FCST_ACT_MW",3,3,-3.23148,"ACTUAL",1
"5","2019-05-27",6,0,"2019-05-27T12:00:00-00:00","2019-05-27T13:00:00-00:00","NP15","Solar","Renewable Forecast Actual Generation","RENEW_FCST_ACT_MW",3,3,-1.97779,"ACTUAL",1
"6","2019-05-27",7,0,"2019-05-27T13:00:00-00:00","2019-05-27T14:00:00-00:00","NP15","Solar","Renewable Forecast Actual Generation","RENEW_FCST_ACT_MW",3,3,232.26098,"ACTUAL",1
"7","2019-05-27",8,0,"2019-05-27T14:00:00-00:00","2019-05-27T15:00:00-00:00","NP15","Solar","Renewable Forecast Actual Generation","RENEW_FCST_ACT_MW",3,3,741.41036,"ACTUAL",1
"8","2019-05-27",9,0,"2019-05-27T15:00:00-00:00","2019-05-27T16:00:00-00:00","NP15","Solar","Renewable Forecast Actual Generation","RENEW_FCST_ACT_MW",3,3,745.9657,"ACTUAL",1
"9","2019-05-27",10,0,"2019-05-27T16:00:00-00:00","2019-05-27T17:00:00-00:00","NP15","Solar","Renewable Forecast Actual Generation","RENEW_FCST_ACT_MW",3,3,660.55652,"ACTUAL",1
"10","2019-05-27",11,0,"2019-05-27T17:00:00-00:00","2019-05-27T18:00:00-00:00","NP15","Solar","Renewable Forecast Actual Generation","RENEW_FCST_ACT_MW",3,3,917.14967,"ACTUAL",1
"11","2019-05-27",12,0,"2019-05-27T18:00:00-00:00","2019-05-27T19:00:00-00:00","NP15","Solar","Renewable Forecast Actual Generation","RENEW_FCST_ACT_MW",3,3,1114.05517,"ACTUAL",1
"12","2019-05-27",13,0,"2019-05-27T19:00:00-00:00","2019-05-27T20:00:00-00:00","NP15","Solar","Renewable Forecast Actual Generation","RENEW_FCST_ACT_MW",3,3,1078.4726,"ACTUAL",1
"13","2019-05-27",14,0,"2019-05-27T20:00:00-00:00","2019-05-27T21:00:00-00:00","NP15","Solar","Renewable Forecast Actual Generation","RENEW_FCST_ACT_MW",3,3,1020.10634,"ACTUAL",1
"14","2019-05-27",15,0,"2019-05-27T21:00:00-00:00","2019-05-27T22:00:00-00:00","NP15","Solar","Renewable Forecast Actual Generation","RENEW_FCST_ACT_MW",3,3,796.60182,"ACTUAL",1
"15","2019-05-27",16,0,"2019-05-27T22:00:00-00:00","2019-05-27T23:00:00-00:00","NP15","Solar","Renewable Forecast Actual Generation","RENEW_FCST_ACT_MW",3,3,741.84044,"ACTUAL",1
"16","2019-05-27",17,0,"2019-05-27T23:00:00-00:00","2019-05-28T00:00:00-00:00","NP15","Solar","Renewable Forecast Actual Generation","RENEW_FCST_ACT_MW",3,3,434.26869,"ACTUAL",1
"17","2019-05-27",18,0,"2019-05-28T00:00:00-00:00","2019-05-28T01:00:00-00:00","NP15","Solar","Renewable Forecast Actual Generation","RENEW_FCST_ACT_MW",3,3,273.12707,"ACTUAL",1
"18","2019-05-27",19,0,"2019-05-28T01:00:00-00:00","2019-05-28T02:00:00-00:00","NP15","Solar","Renewable Forecast Actual Generation","RENEW_FCST_ACT_MW",3,3,146.0871,"ACTUAL",1
"19","2019-05-27",20,0,"2019-05-28T02:00:00-00:00","2019-05-28T03:00:00-00:00","NP15","Solar","Renewable Forecast Actual Generation","RENEW_FCST_ACT_MW",3,3,60.43496,"ACTUAL",1
"20","2019-05-27",21,0,"2019-05-28T03:00:00-00:00","2019-05-28T04:00:00-00:00","NP15","Solar","Renewable Forecast Actual Generation","RENEW_FCST_ACT_MW",3,3,-2.75734,"ACTUAL",1
"21","2019-05-27",22,0,"2019-05-28T04:00:00-00:00","2019-05-28T05:00:00-00:00","NP15","Solar","Renewable Forecast Actual Generation","RENEW_FCST_ACT_MW",3,3,-2.81719,"ACTUAL",1
"22","2019-05-27",23,0,"2019-05-28T05:00:00-00:00","2019-05-28T06:00:00-00:00","NP15","Solar","Renewable Forecast Actual Generation","RENEW_FCST_ACT_MW",3,3,-2.83443,"ACTUAL",1
"23","2019-05-27",24,0,"2019-05-28T06:00:00-00:00","2019-05-28T07:00:00-00:00","NP15","Solar","Renewable Forecast Actual Generation","RENEW_FCST_ACT_MW",3,3,-2.81741,"ACTUAL",1
"24","2019-05-27",18,0,"2019-05-28T00:00:00-00:00","2019-05-28T01:00:00-00:00","NP15","Wind","Renewable Forecast Actual Generation","RENEW_FCST_ACT_MW",3,1,576.46423,"ACTUAL",2
"25","2019-05-27",6,0,"2019-05-27T12:00:00-00:00","2019-05-27T13:00:00-00:00","NP15","Wind","Renewable Forecast Actual Generation","RENEW_FCST_ACT_MW",3,1,132.36677,"ACTUAL",2
"26","2019-05-27",17,0,"2019-05-27T23:00:00-00:00","2019-05-28T00:00:00-00:00","NP15","Wind","Renewable Forecast Actual Generation","RENEW_FCST_ACT_MW",3,1,493.85052,"ACTUAL",2
"27","2019-05-27",16,0,"2019-05-27T22:00:00-00:00","2019-05-27T23:00:00-00:00","NP15","Wind","Renewable Forecast Actual Generation","RENEW_FCST_ACT_MW",3,1,372.52543,"ACTUAL",2
"28","2019-05-27",15,0,"2019-05-27T21:00:00-00:00","2019-05-27T22:00:00-00:00","NP15","Wind","Renewable Forecast Actual Generation","RENEW_FCST_ACT_MW",3,1,342.03107,"ACTUAL",2
"29","2019-05-27",14,0,"2019-05-27T20:00:00-00:00","2019-05-27T21:00:00-00:00","NP15","Wind","Renewable Forecast Actual Generation","RENEW_FCST_ACT_MW",3,1,385.84257,"ACTUAL",2
"30","2019-05-27",13,0,"2019-05-27T19:00:00-00:00","2019-05-27T20:00:00-00:00","NP15","Wind","Renewable Forecast Actual Generation","RENEW_FCST_ACT_MW",3,1,378.72809,"ACTUAL",2
"31","2019-05-27",12,0,"2019-05-27T18:00:00-00:00","2019-05-27T19:00:00-00:00","NP15","Wind","Renewable Forecast Actual Generation","RENEW_FCST_ACT_MW",3,1,164.70363,"ACTUAL",2
"32","2019-05-27",11,0,"2019-05-27T17:00:00-00:00","2019-05-27T18:00:00-00:00","NP15","Wind","Renewable Forecast Actual Generation","RENEW_FCST_ACT_MW",3,1,140.39645,"ACTUAL",2
"33","2019-05-27",10,0,"2019-05-27T16:00:00-00:00","2019-05-27T17:00:00-00:00","NP15","Wind","Renewable Forecast Actual Generation","RENEW_FCST_ACT_MW",3,1,271.06654,"ACTUAL",2
"34","2019-05-27",9,0,"2019-05-27T15:00:00-00:00","2019-05-27T16:00:00-00:00","NP15","Wind","Renewable Forecast Actual Generation","RENEW_FCST_ACT_MW",3,1,296.97503,"ACTUAL",2
"35","2019-05-27",8,0,"2019-05-27T14:00:00-00:00","2019-05-27T15:00:00-00:00","NP15","Wind","Renewable Forecast Actual Generation","RENEW_FCST_ACT_MW",3,1,240.69029,"ACTUAL",2
"36","2019-05-27",7,0,"2019-05-27T13:00:00-00:00","2019-05-27T14:00:00-00:00","NP15","Wind","Renewable Forecast Actual Generation","RENEW_FCST_ACT_MW",3,1,106.35456,"ACTUAL",2
"37","2019-05-27",5,0,"2019-05-27T11:00:00-00:00","2019-05-27T12:00:00-00:00","NP15","Wind","Renewable Forecast Actual Generation","RENEW_FCST_ACT_MW",3,1,236.01859,"ACTUAL",2
"38","2019-05-27",4,0,"2019-05-27T10:00:00-00:00","2019-05-27T11:00:00-00:00","NP15","Wind","Renewable Forecast Actual Generation","RENEW_FCST_ACT_MW",3,1,306.01106,"ACTUAL",2
"39","2019-05-27",3,0,"2019-05-27T09:00:00-00:00","2019-05-27T10:00:00-00:00","NP15","Wind","Renewable Forecast Actual Generation","RENEW_FCST_ACT_MW",3,1,334.0883,"ACTUAL",2
"40","2019-05-27",2,0,"2019-05-27T08:00:00-00:00","2019-05-27T09:00:00-00:00","NP15","Wind","Renewable Forecast Actual Generation","RENEW_FCST_ACT_MW",3,1,231.61804,"ACTUAL",2
"41","2019-05-27",24,0,"2019-05-28T06:00:00-00:00","2019-05-28T07:00:00-00:00","NP15","Wind","Renewable Forecast Actual Generation","RENEW_FCST_ACT_MW",3,1,484.71756,"ACTUAL",2
"42","2019-05-27",23,0,"2019-05-28T05:00:00-00:00","2019-05-28T06:00:00-00:00","NP15","Wind","Renewable Forecast Actual Generation","RENEW_FCST_ACT_MW",3,1,587.04958,"ACTUAL",2
"43","2019-05-27",22,0,"2019-05-28T04:00:00-00:00","2019-05-28T05:00:00-00:00","NP15","Wind","Renewable Forecast Actual Generation","RENEW_FCST_ACT_MW",3,1,534.26501,"ACTUAL",2
"44","2019-05-27",21,0,"2019-05-28T03:00:00-00:00","2019-05-28T04:00:00-00:00","NP15","Wind","Renewable Forecast Actual Generation","RENEW_FCST_ACT_MW",3,1,552.90633,"ACTUAL",2
"45","2019-05-27",20,0,"2019-05-28T02:00:00-00:00","2019-05-28T03:00:00-00:00","NP15","Wind","Renewable Forecast Actual Generation","RENEW_FCST_ACT_MW",3,1,703.67182,"ACTUAL",2
"46","2019-05-27",19,0,"2019-05-28T01:00:00-00:00","2019-05-28T02:00:00-00:00","NP15","Wind","Renewable Forecast Actual Generation","RENEW_FCST_ACT_MW",3,1,596.98391,"ACTUAL",2
"47","2019-05-27",6,0,"2019-05-27T12:00:00-00:00","2019-05-27T13:00:00-00:00","SP15","Solar","Renewable Forecast Actual Generation","RENEW_FCST_ACT_MW",3,3,5.06596,"ACTUAL",3
"48","2019-05-27",18,0,"2019-05-28T00:00:00-00:00","2019-05-28T01:00:00-00:00","SP15","Solar","Renewable Forecast Actual Generation","RENEW_FCST_ACT_MW",3,3,3675.12508,"ACTUAL",3
"49","2019-05-27",5,0,"2019-05-27T11:00:00-00:00","2019-05-27T12:00:00-00:00","SP15","Solar","Renewable Forecast Actual Generation","RENEW_FCST_ACT_MW",3,3,-12.14043,"ACTUAL",3
"50","2019-05-27",11,0,"2019-05-27T17:00:00-00:00","2019-05-27T18:00:00-00:00","SP15","Solar","Renewable Forecast Actual Generation","RENEW_FCST_ACT_MW",3,3,3965.78897,"ACTUAL",3
"51","2019-05-27",4,0,"2019-05-27T10:00:00-00:00","2019-05-27T11:00:00-00:00","SP15","Solar","Renewable Forecast Actual Generation","RENEW_FCST_ACT_MW",3,3,-10.08888,"ACTUAL",3
"52","2019-05-27",15,0,"2019-05-27T21:00:00-00:00","2019-05-27T22:00:00-00:00","SP15","Solar","Renewable Forecast Actual Generation","RENEW_FCST_ACT_MW",3,3,4132.84777,"ACTUAL",3
"53","2019-05-27",3,0,"2019-05-27T09:00:00-00:00","2019-05-27T10:00:00-00:00","SP15","Solar","Renewable Forecast Actual Generation","RENEW_FCST_ACT_MW",3,3,-9.40873,"ACTUAL",3
"54","2019-05-27",10,0,"2019-05-27T16:00:00-00:00","2019-05-27T17:00:00-00:00","SP15","Solar","Renewable Forecast Actual Generation","RENEW_FCST_ACT_MW",3,3,3883.55485,"ACTUAL",3
"55","2019-05-27",2,0,"2019-05-27T08:00:00-00:00","2019-05-27T09:00:00-00:00","SP15","Solar","Renewable Forecast Actual Generation","RENEW_FCST_ACT_MW",3,3,-9.20712,"ACTUAL",3
"56","2019-05-27",13,0,"2019-05-27T19:00:00-00:00","2019-05-27T20:00:00-00:00","SP15","Solar","Renewable Forecast Actual Generation","RENEW_FCST_ACT_MW",3,3,3764.03251,"ACTUAL",3
"57","2019-05-27",24,0,"2019-05-28T06:00:00-00:00","2019-05-28T07:00:00-00:00","SP15","Solar","Renewable Forecast Actual Generation","RENEW_FCST_ACT_MW",3,3,-12.1422,"ACTUAL",3
"58","2019-05-27",9,0,"2019-05-27T15:00:00-00:00","2019-05-27T16:00:00-00:00","SP15","Solar","Renewable Forecast Actual Generation","RENEW_FCST_ACT_MW",3,3,3366.59446,"ACTUAL",3
"59","2019-05-27",23,0,"2019-05-28T05:00:00-00:00","2019-05-28T06:00:00-00:00","SP15","Solar","Renewable Forecast Actual Generation","RENEW_FCST_ACT_MW",3,3,-12.20359,"ACTUAL",3
"60","2019-05-27",16,0,"2019-05-27T22:00:00-00:00","2019-05-27T23:00:00-00:00","SP15","Solar","Renewable Forecast Actual Generation","RENEW_FCST_ACT_MW",3,3,3916.13699,"ACTUAL",3
"61","2019-05-27",22,0,"2019-05-28T04:00:00-00:00","2019-05-28T05:00:00-00:00","SP15","Solar","Renewable Forecast Actual Generation","RENEW_FCST_ACT_MW",3,3,-12.35926,"ACTUAL",3
"62","2019-05-27",8,0,"2019-05-27T14:00:00-00:00","2019-05-27T15:00:00-00:00","SP15","Solar","Renewable Forecast Actual Generation","RENEW_FCST_ACT_MW",3,3,2971.32948,"ACTUAL",3
"63","2019-05-27",21,0,"2019-05-28T03:00:00-00:00","2019-05-28T04:00:00-00:00","SP15","Solar","Renewable Forecast Actual Generation","RENEW_FCST_ACT_MW",3,3,-12.27888,"ACTUAL",3
"64","2019-05-27",12,0,"2019-05-27T18:00:00-00:00","2019-05-27T19:00:00-00:00","SP15","Solar","Renewable Forecast Actual Generation","RENEW_FCST_ACT_MW",3,3,3902.78346,"ACTUAL",3
"65","2019-05-27",20,0,"2019-05-28T02:00:00-00:00","2019-05-28T03:00:00-00:00","SP15","Solar","Renewable Forecast Actual Generation","RENEW_FCST_ACT_MW",3,3,438.20072,"ACTUAL",3
"66","2019-05-27",7,0,"2019-05-27T13:00:00-00:00","2019-05-27T14:00:00-00:00","SP15","Solar","Renewable Forecast Actual Generation","RENEW_FCST_ACT_MW",3,3,1134.08599,"ACTUAL",3
"67","2019-05-27",19,0,"2019-05-28T01:00:00-00:00","2019-05-28T02:00:00-00:00","SP15","Solar","Renewable Forecast Actual Generation","RENEW_FCST_ACT_MW",3,3,2569.66026,"ACTUAL",3
"68","2019-05-27",14,0,"2019-05-27T20:00:00-00:00","2019-05-27T21:00:00-00:00","SP15","Solar","Renewable Forecast Actual Generation","RENEW_FCST_ACT_MW",3,3,4037.64287,"ACTUAL",3
"69","2019-05-27",17,0,"2019-05-27T23:00:00-00:00","2019-05-28T00:00:00-00:00","SP15","Solar","Renewable Forecast Actual Generation","RENEW_FCST_ACT_MW",3,3,3430.92989,"ACTUAL",3
"70","2019-05-27",18,0,"2019-05-28T00:00:00-00:00","2019-05-28T01:00:00-00:00","SP15","Wind","Renewable Forecast Actual Generation","RENEW_FCST_ACT_MW",3,1,3344.91445,"ACTUAL",4
"71","2019-05-27",19,0,"2019-05-28T01:00:00-00:00","2019-05-28T02:00:00-00:00","SP15","Wind","Renewable Forecast Actual Generation","RENEW_FCST_ACT_MW",3,1,3163.37759,"ACTUAL",4
"72","2019-05-27",20,0,"2019-05-28T02:00:00-00:00","2019-05-28T03:00:00-00:00","SP15","Wind","Renewable Forecast Actual Generation","RENEW_FCST_ACT_MW",3,1,3228.71687,"ACTUAL",4
"73","2019-05-27",21,0,"2019-05-28T03:00:00-00:00","2019-05-28T04:00:00-00:00","SP15","Wind","Renewable Forecast Actual Generation","RENEW_FCST_ACT_MW",3,1,3166.07618,"ACTUAL",4
"74","2019-05-27",22,0,"2019-05-28T04:00:00-00:00","2019-05-28T05:00:00-00:00","SP15","Wind","Renewable Forecast Actual Generation","RENEW_FCST_ACT_MW",3,1,3090.22763,"ACTUAL",4
"75","2019-05-27",23,0,"2019-05-28T05:00:00-00:00","2019-05-28T06:00:00-00:00","SP15","Wind","Renewable Forecast Actual Generation","RENEW_FCST_ACT_MW",3,1,2974.57275,"ACTUAL",4
"76","2019-05-27",24,0,"2019-05-28T06:00:00-00:00","2019-05-28T07:00:00-00:00","SP15","Wind","Renewable Forecast Actual Generation","RENEW_FCST_ACT_MW",3,1,2711.85866,"ACTUAL",4
"77","2019-05-27",2,0,"2019-05-27T08:00:00-00:00","2019-05-27T09:00:00-00:00","SP15","Wind","Renewable Forecast Actual Generation","RENEW_FCST_ACT_MW",3,1,2349.57833,"ACTUAL",4
"78","2019-05-27",3,0,"2019-05-27T09:00:00-00:00","2019-05-27T10:00:00-00:00","SP15","Wind","Renewable Forecast Actual Generation","RENEW_FCST_ACT_MW",3,1,2401.14436,"ACTUAL",4
"79","2019-05-27",4,0,"2019-05-27T10:00:00-00:00","2019-05-27T11:00:00-00:00","SP15","Wind","Renewable Forecast Actual Generation","RENEW_FCST_ACT_MW",3,1,2673.2736,"ACTUAL",4
"80","2019-05-27",5,0,"2019-05-27T11:00:00-00:00","2019-05-27T12:00:00-00:00","SP15","Wind","Renewable Forecast Actual Generation","RENEW_FCST_ACT_MW",3,1,2627.08404,"ACTUAL",4
"81","2019-05-27",6,0,"2019-05-27T12:00:00-00:00","2019-05-27T13:00:00-00:00","SP15","Wind","Renewable Forecast Actual Generation","RENEW_FCST_ACT_MW",3,1,2283.10259,"ACTUAL",4
"82","2019-05-27",7,0,"2019-05-27T13:00:00-00:00","2019-05-27T14:00:00-00:00","SP15","Wind","Renewable Forecast Actual Generation","RENEW_FCST_ACT_MW",3,1,2622.76296,"ACTUAL",4
"83","2019-05-27",8,0,"2019-05-27T14:00:00-00:00","2019-05-27T15:00:00-00:00","SP15","Wind","Renewable Forecast Actual Generation","RENEW_FCST_ACT_MW",3,1,2701.07956,"ACTUAL",4
"84","2019-05-27",9,0,"2019-05-27T15:00:00-00:00","2019-05-27T16:00:00-00:00","SP15","Wind","Renewable Forecast Actual Generation","RENEW_FCST_ACT_MW",3,1,2892.17249,"ACTUAL",4
"85","2019-05-27",10,0,"2019-05-27T16:00:00-00:00","2019-05-27T17:00:00-00:00","SP15","Wind","Renewable Forecast Actual Generation","RENEW_FCST_ACT_MW",3,1,2913.69031,"ACTUAL",4
"86","2019-05-27",11,0,"2019-05-27T17:00:00-00:00","2019-05-27T18:00:00-00:00","SP15","Wind","Renewable Forecast Actual Generation","RENEW_FCST_ACT_MW",3,1,2957.22317,"ACTUAL",4
"87","2019-05-27",12,0,"2019-05-27T18:00:00-00:00","2019-05-27T19:00:00-00:00","SP15","Wind","Renewable Forecast Actual Generation","RENEW_FCST_ACT_MW",3,1,2945.26358,"ACTUAL",4
"88","2019-05-27",13,0,"2019-05-27T19:00:00-00:00","2019-05-27T20:00:00-00:00","SP15","Wind","Renewable Forecast Actual Generation","RENEW_FCST_ACT_MW",3,1,3138.47304,"ACTUAL",4
"89","2019-05-27",14,0,"2019-05-27T20:00:00-00:00","2019-05-27T21:00:00-00:00","SP15","Wind","Renewable Forecast Actual Generation","RENEW_FCST_ACT_MW",3,1,3221.17172,"ACTUAL",4
"90","2019-05-27",15,0,"2019-05-27T21:00:00-00:00","2019-05-27T22:00:00-00:00","SP15","Wind","Renewable Forecast Actual Generation","RENEW_FCST_ACT_MW",3,1,3266.64104,"ACTUAL",4
"91","2019-05-27",16,0,"2019-05-27T22:00:00-00:00","2019-05-27T23:00:00-00:00","SP15","Wind","Renewable Forecast Actual Generation","RENEW_FCST_ACT_MW",3,1,3306.56088,"ACTUAL",4
"92","2019-05-27",17,0,"2019-05-27T23:00:00-00:00","2019-05-28T00:00:00-00:00","SP15","Wind","Renewable Forecast Actual Generation","RENEW_FCST_ACT_MW",3,1,3310.61308,"ACTUAL",4
"93","2019-05-27",18,0,"2019-05-28T00:00:00-00:00","2019-05-28T01:00:00-00:00","ZP26","Solar","Renewable Forecast Actual Generation","RENEW_FCST_ACT_MW",3,3,281.04891,"ACTUAL",5
"94","2019-05-27",17,0,"2019-05-27T23:00:00-00:00","2019-05-28T00:00:00-00:00","ZP26","Solar","Renewable Forecast Actual Generation","RENEW_FCST_ACT_MW",3,3,315.72166,"ACTUAL",5
"95","2019-05-27",20,0,"2019-05-28T02:00:00-00:00","2019-05-28T03:00:00-00:00","ZP26","Solar","Renewable Forecast Actual Generation","RENEW_FCST_ACT_MW",3,3,44.71483,"ACTUAL",5
"96","2019-05-27",21,0,"2019-05-28T03:00:00-00:00","2019-05-28T04:00:00-00:00","ZP26","Solar","Renewable Forecast Actual Generation","RENEW_FCST_ACT_MW",3,3,-5.21797,"ACTUAL",5
"97","2019-05-27",22,0,"2019-05-28T04:00:00-00:00","2019-05-28T05:00:00-00:00","ZP26","Solar","Renewable Forecast Actual Generation","RENEW_FCST_ACT_MW",3,3,-4.93116,"ACTUAL",5
"98","2019-05-27",23,0,"2019-05-28T05:00:00-00:00","2019-05-28T06:00:00-00:00","ZP26","Solar","Renewable Forecast Actual Generation","RENEW_FCST_ACT_MW",3,3,-4.98086,"ACTUAL",5
"99","2019-05-27",24,0,"2019-05-28T06:00:00-00:00","2019-05-28T07:00:00-00:00","ZP26","Solar","Renewable Forecast Actual Generation","RENEW_FCST_ACT_MW",3,3,-4.97931,"ACTUAL",5
"100","2019-05-27",2,0,"2019-05-27T08:00:00-00:00","2019-05-27T09:00:00-00:00","ZP26","Solar","Renewable Forecast Actual Generation","RENEW_FCST_ACT_MW",3,3,-5.0386,"ACTUAL",5
"101","2019-05-27",3,0,"2019-05-27T09:00:00-00:00","2019-05-27T10:00:00-00:00","ZP26","Solar","Renewable Forecast Actual Generation","RENEW_FCST_ACT_MW",3,3,-5.04445,"ACTUAL",5
"102","2019-05-27",4,0,"2019-05-27T10:00:00-00:00","2019-05-27T11:00:00-00:00","ZP26","Solar","Renewable Forecast Actual Generation","RENEW_FCST_ACT_MW",3,3,-5.06376,"ACTUAL",5
"103","2019-05-27",5,0,"2019-05-27T11:00:00-00:00","2019-05-27T12:00:00-00:00","ZP26","Solar","Renewable Forecast Actual Generation","RENEW_FCST_ACT_MW",3,3,-5.40377,"ACTUAL",5
"104","2019-05-27",6,0,"2019-05-27T12:00:00-00:00","2019-05-27T13:00:00-00:00","ZP26","Solar","Renewable Forecast Actual Generation","RENEW_FCST_ACT_MW",3,3,-4.93579,"ACTUAL",5
"105","2019-05-27",7,0,"2019-05-27T13:00:00-00:00","2019-05-27T14:00:00-00:00","ZP26","Solar","Renewable Forecast Actual Generation","RENEW_FCST_ACT_MW",3,3,153.59502,"ACTUAL",5
"106","2019-05-27",8,0,"2019-05-27T14:00:00-00:00","2019-05-27T15:00:00-00:00","ZP26","Solar","Renewable Forecast Actual Generation","RENEW_FCST_ACT_MW",3,3,611.99387,"ACTUAL",5
"107","2019-05-27",9,0,"2019-05-27T15:00:00-00:00","2019-05-27T16:00:00-00:00","ZP26","Solar","Renewable Forecast Actual Generation","RENEW_FCST_ACT_MW",3,3,640.77814,"ACTUAL",5
"108","2019-05-27",10,0,"2019-05-27T16:00:00-00:00","2019-05-27T17:00:00-00:00","ZP26","Solar","Renewable Forecast Actual Generation","RENEW_FCST_ACT_MW",3,3,459.1196,"ACTUAL",5
"109","2019-05-27",11,0,"2019-05-27T17:00:00-00:00","2019-05-27T18:00:00-00:00","ZP26","Solar","Renewable Forecast Actual Generation","RENEW_FCST_ACT_MW",3,3,451.21547,"ACTUAL",5
"110","2019-05-27",12,0,"2019-05-27T18:00:00-00:00","2019-05-27T19:00:00-00:00","ZP26","Solar","Renewable Forecast Actual Generation","RENEW_FCST_ACT_MW",3,3,448.45891,"ACTUAL",5
"111","2019-05-27",13,0,"2019-05-27T19:00:00-00:00","2019-05-27T20:00:00-00:00","ZP26","Solar","Renewable Forecast Actual Generation","RENEW_FCST_ACT_MW",3,3,425.68846,"ACTUAL",5
"112","2019-05-27",14,0,"2019-05-27T20:00:00-00:00","2019-05-27T21:00:00-00:00","ZP26","Solar","Renewable Forecast Actual Generation","RENEW_FCST_ACT_MW",3,3,375.9847,"ACTUAL",5
"113","2019-05-27",15,0,"2019-05-27T21:00:00-00:00","2019-05-27T22:00:00-00:00","ZP26","Solar","Renewable Forecast Actual Generation","RENEW_FCST_ACT_MW",3,3,373.55025,"ACTUAL",5
"114","2019-05-27",16,0,"2019-05-27T22:00:00-00:00","2019-05-27T23:00:00-00:00","ZP26","Solar","Renewable Forecast Actual Generation","RENEW_FCST_ACT_MW",3,3,341.57202,"ACTUAL",5
"115","2019-05-27",19,0,"2019-05-28T01:00:00-00:00","2019-05-28T02:00:00-00:00","ZP26","Solar","Renewable Forecast Actual Generation","RENEW_FCST_ACT_MW",3,3,200.53876,"ACTUAL",5
"116","2019-05-28",1,0,"2019-05-28T07:00:00-00:00","2019-05-28T08:00:00-00:00","NP15","Solar","Renewable Forecast Actual Generation","RENEW_FCST_ACT_MW",3,3,-3.04477,"ACTUAL",6
"117","2019-05-28",1,0,"2019-05-28T07:00:00-00:00","2019-05-28T08:00:00-00:00","NP15","Wind","Renewable Forecast Actual Generation","RENEW_FCST_ACT_MW",3,1,677.22735,"ACTUAL",7
"118","2019-05-28",1,0,"2019-05-28T07:00:00-00:00","2019-05-28T08:00:00-00:00","SP15","Solar","Renewable Forecast Actual Generation","RENEW_FCST_ACT_MW",3,3,-11.39678,"ACTUAL",8
"119","2019-05-28",1,0,"2019-05-28T07:00:00-00:00","2019-05-28T08:00:00-00:00","SP15","Wind","Renewable Forecast Actual Generation","RENEW_FCST_ACT_MW",3,1,2774.92313,"ACTUAL",9
"120","2019-05-28",1,0,"2019-05-28T07:00:00-00:00","2019-05-28T08:00:00-00:00","ZP26","Solar","Renewable Forecast Actual Generation","RENEW_FCST_ACT_MW",3,3,-4.98225,"ACTUAL",10
