"","OPR_DT","OPR_HR","OPR_INTERVAL","INTERVALSTARTTIME_GMT","INTERVALENDTIME_GMT","TRADING_HUB","RENEWABLE_TYPE","LABEL","XML_DATA_ITEM","MARKET_RUN_ID_POS","RENEW_POS","MW","MARKET_RUN_ID","GROUP"
"1","2019-07-04",2,0,"2019-07-04T08:00:00-00:00","2019-07-04T09:00:00-00:00","NP15","Solar","Renewable Forecast Actual Generation","RENEW_FCST_ACT_MW",3,3,5.46315,"ACTUAL",1
"2","2019-07-04",3,0,"2019-07-04T09:00:00-00:00","2019-07-04T10:00:00-00:00","NP15","Solar","Renewable Forecast Actual Generation","RENEW_FCST_ACT_MW",3,3,5.46181,"ACTUAL",1
"3","2019-07-04",4,0,"2019-07-04T10:00:00-00:00","2019-07-04T11:00:00-00:00","NP15","Solar","Renewable Forecast Actual Generation","RENEW_FCST_ACT_MW",3,3,5.43728,"ACTUAL",1
"4","2019-07-04",5,0,"2019-07-04T11:00:00-00:00","2019-07-04T12:00:00-00:00","NP15","Solar","Renewable Forecast Actual Generation","RENEW_FCST_ACT_MW",3,3,5.46492,"ACTUAL",1
"5","2019-07-04",6,0,"2019-07-04T12:00:00-00:00","2019-07-04T13:00:00-00:00","NP15","Solar","Renewable Forecast Actual Generation","RENEW_FCST_ACT_MW",3,3,6.23292,"ACTUAL",1
"6","2019-07-04",7,0,"2019-07-04T13:00:00-00:00","2019-07-04T14:00:00-00:00","NP15","Solar","Renewable Forecast Actual Generation","RENEW_FCST_ACT_MW",3,3,222.66191,"ACTUAL",1
"7","2019-07-04",8,0,"2019-07-04T14:00:00-00:00","2019-07-04T15:00:00-00:00","NP15","Solar","Renewable Forecast Actual Generation","RENEW_FCST_ACT_MW",3,3,898.7258,"ACTUAL",1
"8","2019-07-04",9,0,"2019-07-04T15:00:00-00:00","2019-07-04T16:00:00-00:00","NP15","Solar","Renewable Forecast Actual Generation","RENEW_FCST_ACT_MW",3,3,1246.39345,"ACTUAL",1
"9","2019-07-04",10,0,"2019-07-04T16:00:00-00:00","2019-07-04T17:00:00-00:00","NP15","Solar","Renewable Forecast Actual Generation","RENEW_FCST_ACT_MW",3,3,1334.96949,"ACTUAL",1
"10","2019-07-04",11,0,"2019-07-04T17:00:00-00:00","2019-07-04T18:00:00-00:00","NP15","Solar","Renewable Forecast Actual Generation","RENEW_FCST_ACT_MW",3,3,1356.07213,"ACTUAL",1
"11","2019-07-04",12,0,"2019-07-04T18:00:00-00:00","2019-07-04T19:00:00-00:00","NP15","Solar","Renewable Forecast Actual Generation","RENEW_FCST_ACT_MW",3,3,1352.85999,"ACTUAL",1
"12","2019-07-04",13,0,"2019-07-04T19:00:00-00:00","2019-07-04T20:00:00-00:00","NP15","Solar","Renewable Forecast Actual Generation","RENEW_FCST_ACT_MW",3,3,1370.46484,"ACTUAL",1
"13","2019-07-04",14,0,"2019-07-04T20:00:00-00:00","2019-07-04T21:00:00-00:00","NP15","Solar","Renewable Forecast Actual Generation","RENEW_FCST_ACT_MW",3,3,1361.32029,"ACTUAL",1
"14","2019-07-04",15,0,"2019-07-04T21:00:00-00:00","2019-07-04T22:00:00-00:00","NP15","Solar","Renewable Forecast Actual Generation","RENEW_FCST_ACT_MW",3,3,999.63983,"ACTUAL",1
"15","2019-07-04",16,0,"2019-07-04T22:00:00-00:00","2019-07-04T23:00:00-00:00","NP15","Solar","Renewable Forecast Actual Generation","RENEW_FCST_ACT_MW",3,3,1026.79873,"ACTUAL",1
"16","2019-07-04",17,0,"2019-07-04T23:00:00-00:00","2019-07-05T00:00:00-00:00","NP15","Solar","Renewable Forecast Actual Generation","RENEW_FCST_ACT_MW",3,3,1259.83457,"ACTUAL",1
"17","2019-07-04",18,0,"2019-07-05T00:00:00-00:00","2019-07-05T01:00:00-00:00","NP15","Solar","Renewable Forecast Actual Generation","RENEW_FCST_ACT_MW",3,3,1247.03956,"ACTUAL",1
"18","2019-07-04",19,0,"2019-07-05T01:00:00-00:00","2019-07-05T02:00:00-00:00","NP15","Solar","Renewable Forecast Actual Generation","RENEW_FCST_ACT_MW",3,3,932.0121,"ACTUAL",1
"19","2019-07-04",20,0,"2019-07-05T02:00:00-00:00","2019-07-05T03:00:00-00:00","NP15","Solar","Renewable Forecast Actual Generation","RENEW_FCST_ACT_MW",3,3,303.90859,"ACTUAL",1
"20","2019-07-04",21,0,"2019-07-05T03:00:00-00:00","2019-07-05T04:00:00-00:00","NP15","Solar","Renewable Forecast Actual Generation","RENEW_FCST_ACT_MW",3,3,9.88364,"ACTUAL",1
"21","2019-07-04",22,0,"2019-07-05T04:00:00-00:00","2019-07-05T05:00:00-00:00","NP15","Solar","Renewable Forecast Actual Generation","RENEW_FCST_ACT_MW",3,3,3.69736,"ACTUAL",1
"22","2019-07-04",23,0,"2019-07-05T05:00:00-00:00","2019-07-05T06:00:00-00:00","NP15","Solar","Renewable Forecast Actual Generation","RENEW_FCST_ACT_MW",3,3,3.74238,"ACTUAL",1
"23","2019-07-04",24,0,"2019-07-05T06:00:00-00:00","2019-07-05T07:00:00-00:00","NP15","Solar","Renewable Forecast Actual Generation","RENEW_FCST_ACT_MW",3,3,3.75659,"ACTUAL",1
"24","2019-07-04",18,0,"2019-07-05T00:00:00-00:00","2019-07-05T01:00:00-00:00","NP15","Wind","Renewable Forecast Actual Generation","RENEW_FCST_ACT_MW",3,1,589.66713,"ACTUAL",2
"25","2019-07-04",6,0,"2019-07-04T12:00:00-00:00","2019-07-04T13:00:00-00:00","NP15","Wind","Renewable Forecast Actual Generation","RENEW_FCST_ACT_MW",3,1,772.44582,"ACTUAL",2
"26","2019-07-04",17,0,"2019-07-04T23:00:00-00:00","2019-07-05T00:00:00-00:00","NP15","Wind","Renewable Forecast Actual Generation","RENEW_FCST_ACT_MW",3,1,391.9689,"ACTUAL",2
"27","2019-07-04",16,0,"2019-07-04T22:00:00-00:00","2019-07-04T23:00:00-00:00","NP15","Wind","Renewable Forecast Actual Generation","RENEW_FCST_ACT_MW",3,1,197.24677,"ACTUAL",2
"28","2019-07-04",15,0,"2019-07-04T21:00:00-00:00","2019-07-04T22:00:00-00:00","NP15","Wind","Renewable Forecast Actual Generation","RENEW_FCST_ACT_MW",3,1,81.21236,"ACTUAL",2
"29","2019-07-04",14,0,"2019-07-04T20:00:00-00:00","2019-07-04T21:00:00-00:00","NP15","Wind","Renewable Forecast Actual Generation","RENEW_FCST_ACT_MW",3,1,56.8641,"ACTUAL",2
"30","2019-07-04",13,0,"2019-07-04T19:00:00-00:00","2019-07-04T20:00:00-00:00","NP15","Wind","Renewable Forecast Actual Generation","RENEW_FCST_ACT_MW",3,1,74.38938,"ACTUAL",2
"31","2019-07-04",12,0,"2019-07-04T18:00:00-00:00","2019-07-04T19:00:00-00:00","NP15","Wind","Renewable Forecast Actual Generation","RENEW_FCST_ACT_MW",3,1,177.86385,"ACTUAL",2
"32","2019-07-04",11,0,"2019-07-04T17:00:00-00:00","2019-07-04T18:00:00-00:00","NP15","Wind","Renewable Forecast Actual Generation","RENEW_FCST_ACT_MW",3,1,322.66556,"ACTUAL",2
"33","2019-07-04",10,0,"2019-07-04T16:00:00-00:00","2019-07-04T17:00:00-00:00","NP15","Wind","Renewable Forecast Actual Generation","RENEW_FCST_ACT_MW",3,1,379.52103,"ACTUAL",2
"34","2019-07-04",9,0,"2019-07-04T15:00:00-00:00","2019-07-04T16:00:00-00:00","NP15","Wind","Renewable Forecast Actual Generation","RENEW_FCST_ACT_MW",3,1,438.57625,"ACTUAL",2
"35","2019-07-04",8,0,"2019-07-04T14:00:00-00:00","2019-07-04T15:00:00-00:00","NP15","Wind","Renewable Forecast Actual Generation","RENEW_FCST_ACT_MW",3,1,597.93188,"ACTUAL",2
"36","2019-07-04",7,0,"2019-07-04T13:00:00-00:00","2019-07-04T14:00:00-00:00","NP15","Wind","Renewable Forecast Actual Generation","RENEW_FCST_ACT_MW",3,1,690.67756,"ACTUAL",2
"37","2019-07-04",5,0,"2019-07-04T11:00:00-00:00","2019-07-04T12:00:00-00:00","NP15","Wind","Renewable Forecast Actual Generation","RENEW_FCST_ACT_MW",3,1,965.14218,"ACTUAL",2
"38","2019-07-04",4,0,"2019-07-04T10:00:00-00:00","2019-07-04T11:00:00-00:00","NP15","Wind","Renewable Forecast Actual Generation","RENEW_FCST_ACT_MW",3,1,995.61343,"ACTUAL",2
"39","2019-07-04",3,0,"2019-07-04T09:00:00-00:00","2019-07-04T10:00:00-00:00","NP15","Wind","Renewable Forecast Actual Generation","RENEW_FCST_ACT_MW",3,1,1030.46768,"ACTUAL",2
"40","2019-07-04",2,0,"2019-07-04T08:00:00-00:00","2019-07-04T09:00:00-00:00","NP15","Wind","Renewable Forecast Actual Generation","RENEW_FCST_ACT_MW",3,1,1024.51771,"ACTUAL",2
"41","2019-07-04",24,0,"2019-07-05T06:00:00-00:00","2019-07-05T07:00:00-00:00","NP15","Wind","Renewable Forecast Actual Generation","RENEW_FCST_ACT_MW",3,1,886.24178,"ACTUAL",2
"42","2019-07-04",23,0,"2019-07-05T05:00:00-00:00","2019-07-05T06:00:00-00:00","NP15","Wind","Renewable Forecast Actual Generation","RENEW_FCST_ACT_MW",3,1,871.73502,"ACTUAL",2
"43","2019-07-04",22,0,"2019-07-05T04:00:00-00:00","2019-07-05T05:00:00-00:00","NP15","Wind","Renewable Forecast Actual Generation","RENEW_FCST_ACT_MW",3,1,831.01451,"ACTUAL",2
"44","2019-07-04",21,0,"2019-07-05T03:00:00-00:00","2019-07-05T04:00:00-00:00","NP15","Wind","Renewable Forecast Actual Generation","RENEW_FCST_ACT_MW",3,1,827.83453,"ACTUAL",2
"45","2019-07-04",20,0,"2019-07-05T02:00:00-00:00","2019-07-05T03:00:00-00:00","NP15","Wind","Renewable Forecast Actual Generation","RENEW_FCST_ACT_MW",3,1,835.38598,"ACTUAL",2
"46","2019-07-04",19,0,"2019-07-05T01:00:00-00:00","2019-07-05T02:00:00-00:00","NP15","Wind","Renewable Forecast Actual Generation","RENEW_FCST_ACT_MW",3,1,695.0573,"ACTUAL",2
"47","2019-07-04",6,0,"2019-07-04T12:00:00-00:00","2019-07-04T13:00:00-00:00","SP15","Solar","Renewable Forecast Actual Generation","RENEW_FCST_ACT_MW",3,3,18.77135,"ACTUAL",3
"48","2019-07-04",18,0,"2019-07-05T00:00:00-00:00","2019-07-05T01:00:00-00:00","SP15","Solar","Renewable Forecast Actual Generation","RENEW_FCST_ACT_MW",3,3,5647.36824,"ACTUAL",3
"49","2019-07-04",5,0,"2019-07-04T11:00:00-00:00","2019-07-04T12:00:00-00:00","SP15","Solar","Renewable Forecast Actual Generation","RENEW_FCST_ACT_MW",3,3,6.30873,"ACTUAL",3
"50","2019-07-04",11,0,"2019-07-04T17:00:00-00:00","2019-07-04T18:00:00-00:00","SP15","Solar","Renewable Forecast Actual Generation","RENEW_FCST_ACT_MW",3,3,5971.62137,"ACTUAL",3
"51","2019-07-04",4,0,"2019-07-04T10:00:00-00:00","2019-07-04T11:00:00-00:00","SP15","Solar","Renewable Forecast Actual Generation","RENEW_FCST_ACT_MW",3,3,6.28206,"ACTUAL",3
"52","2019-07-04",15,0,"2019-07-04T21:00:00-00:00","2019-07-04T22:00:00-00:00","SP15","Solar","Renewable Forecast Actual Generation","RENEW_FCST_ACT_MW",3,3,7402.39232,"ACTUAL",3
"53","2019-07-04",3,0,"2019-07-04T09:00:00-00:00","2019-07-04T10:00:00-00:00","SP15","Solar","Renewable Forecast Actual Generation","RENEW_FCST_ACT_MW",3,3,6.43773,"ACTUAL",3
"54","2019-07-04",10,0,"2019-07-04T16:00:00-00:00","2019-07-04T17:00:00-00:00","SP15","Solar","Renewable Forecast Actual Generation","RENEW_FCST_ACT_MW",3,3,5599.31997,"ACTUAL",3
"55","2019-07-04",2,0,"2019-07-04T08:00:00-00:00","2019-07-04T09:00:00-00:00","SP15","Solar","Renewable Forecast Actual Generation","RENEW_FCST_ACT_MW",3,3,7.38981,"ACTUAL",3
"56","2019-07-04",13,0,"2019-07-04T19:00:00-00:00","2019-07-04T20:00:00-00:00","SP15","Solar","Renewable Forecast Actual Generation","RENEW_FCST_ACT_MW",3,3,7464.0294,"ACTUAL",3
"57","2019-07-04",24,0,"2019-07-05T06:00:00-00:00","2019-07-05T07:00:00-00:00","SP15","Solar","Renewable Forecast Actual Generation","RENEW_FCST_ACT_MW",3,3,6.08213,"ACTUAL",3
"58","2019-07-04",9,0,"2019-07-04T15:00:00-00:00","2019-07-04T16:00:00-00:00","SP15","Solar","Renewable Forecast Actual Generation","RENEW_FCST_ACT_MW",3,3,5336.74828,"ACTUAL",3
"59","2019-07-04",23,0,"2019-07-05T05:00:00-00:00","2019-07-05T06:00:00-00:00","SP15","Solar","Renewable Forecast Actual Generation","RENEW_FCST_ACT_MW",3,3,6.1692,"ACTUAL",3
"60","2019-07-04",16,0,"2019-07-04T22:00:00-00:00","2019-07-04T23:00:00-00:00","SP15","Solar","Renewable Forecast Actual Generation","RENEW_FCST_ACT_MW",3,3,7075.43294,"ACTUAL",3
"61","2019-07-04",22,0,"2019-07-05T04:00:00-00:00","2019-07-05T05:00:00-00:00","SP15","Solar","Renewable Forecast Actual Generation","RENEW_FCST_ACT_MW",3,3,5.73375,"ACTUAL",3
"62","2019-07-04",8,0,"2019-07-04T14:00:00-00:00","2019-07-04T15:00:00-00:00","SP15","Solar","Renewable Forecast Actual Generation","RENEW_FCST_ACT_MW",3,3,3922.29336,"ACTUAL",3
"63","2019-07-04",21,0,"2019-07-05T03:00:00-00:00","2019-07-05T04:00:00-00:00","SP15","Solar","Renewable Forecast Actual Generation","RENEW_FCST_ACT_MW",3,3,19.38495,"ACTUAL",3
"64","2019-07-04",12,0,"2019-07-04T18:00:00-00:00","2019-07-04T19:00:00-00:00","SP15","Solar","Renewable Forecast Actual Generation","RENEW_FCST_ACT_MW",3,3,6898.851,"ACTUAL",3
"65","2019-07-04",20,0,"2019-07-05T02:00:00-00:00","2019-07-05T03:00:00-00:00","SP15","Solar","Renewable Forecast Actual Generation","RENEW_FCST_ACT_MW",3,3,777.2936,"ACTUAL",3
"66","2019-07-04",7,0,"2019-07-04T13:00:00-00:00","2019-07-04T14:00:00-00:00","SP15","Solar","Renewable Forecast Actual Generation","RENEW_FCST_ACT_MW",3,3,1108.61445,"ACTUAL",3
"67","2019-07-04",19,0,"2019-07-05T01:00:00-00:00","2019-07-05T02:00:00-00:00","SP15","Solar","Renewable Forecast Actual Generation","RENEW_FCST_ACT_MW",3,3,3471.01029,"ACTUAL",3
"68","2019-07-04",14,0,"2019-07-04T20:00:00-00:00","2019-07-04T21:00:00-00:00","SP15","Solar","Renewable Forecast Actual Generation","RENEW_FCST_ACT_MW",3,3,7497.15718,"ACTUAL",3
"69","2019-07-04",17,0,"2019-07-04T23:00:00-00:00","2019-07-05T00:00:00-00:00","SP15","Solar","Renewable Forecast Actual Generation","RENEW_FCST_ACT_MW",3,3,6575.16248,"ACTUAL",3
"70","2019-07-04",18,0,"2019-07-05T00:00:00-00:00","2019-07-05T01:00:00-00:00","SP15","Wind","Renewable Forecast Actual Generation","RENEW_FCST_ACT_MW",3,1,3032.42331,"ACTUAL",4
"71","2019-07-04",19,0,"2019-07-05T01:00:00-00:00","2019-07-05T02:00:00-00:00","SP15","Wind","Renewable Forecast Actual Generation","RENEW_FCST_ACT_MW",3,1,3021.60455,"ACTUAL",4
"72","2019-07-04",20,0,"2019-07-05T02:00:00-00:00","2019-07-05T03:00:00-00:00","SP15","Wind","Renewable Forecast Actual Generation","RENEW_FCST_ACT_MW",3,1,2921.82503,"ACTUAL",4
"73","2019-07-04",21,0,"2019-07-05T03:00:00-00:00","2019-07-05T04:00:00-00:00","SP15","Wind","Renewable Forecast Actual Generation","RENEW_FCST_ACT_MW",3,1,3127.97565,"ACTUAL",4
"74","2019-07-04",22,0,"2019-07-05T04:00:00-00:00","2019-07-05T05:00:00-00:00","SP15","Wind","Renewable Forecast Actual Generation","RENEW_FCST_ACT_MW",3,1,3162.84818,"ACTUAL",4
"75","2019-07-04",23,0,"2019-07-05T05:00:00-00:00","2019-07-05T06:00:00-00:00","SP15","Wind","Renewable Forecast Actual Generation","RENEW_FCST_ACT_MW",3,1,2930.76662,"ACTUAL",4
"76","2019-07-04",24,0,"2019-07-05T06:00:00-00:00","2019-07-05T07:00:00-00:00","SP15","Wind","Renewable Forecast Actual Generation","RENEW_FCST_ACT_MW",3,1,2769.00845,"ACTUAL",4
"77","2019-07-04",2,0,"2019-07-04T08:00:00-00:00","2019-07-04T09:00:00-00:00","SP15","Wind","Renewable Forecast Actual Generation","RENEW_FCST_ACT_MW",3,1,2803.5737,"ACTUAL",4
"78","2019-07-04",3,0,"2019-07-04T09:00:00-00:00","2019-07-04T10:00:00-00:00","SP15","Wind","Renewable Forecast Actual Generation","RENEW_FCST_ACT_MW",3,1,2773.2228,"ACTUAL",4
"79","2019-07-04",4,0,"2019-07-04T10:00:00-00:00","2019-07-04T11:00:00-00:00","SP15","Wind","Renewable Forecast Actual Generation","RENEW_FCST_ACT_MW",3,1,2820.86872,"ACTUAL",4
"80","2019-07-04",5,0,"2019-07-04T11:00:00-00:00","2019-07-04T12:00:00-00:00","SP15","Wind","Renewable Forecast Actual Generation","RENEW_FCST_ACT_MW",3,1,2893.21167,"ACTUAL",4
"81","2019-07-04",6,0,"2019-07-04T12:00:00-00:00","2019-07-04T13:00:00-00:00","SP15","Wind","Renewable Forecast Actual Generation","RENEW_FCST_ACT_MW",3,1,2995.73853,"ACTUAL",4
"82","2019-07-04",7,0,"2019-07-04T13:00:00-00:00","2019-07-04T14:00:00-00:00","SP15","Wind","Renewable Forecast Actual Generation","RENEW_FCST_ACT_MW",3,1,2901.79216,"ACTUAL",4
"83","2019-07-04",8,0,"2019-07-04T14:00:00-00:00","2019-07-04T15:00:00-00:00","SP15","Wind","Renewable Forecast Actual Generation","RENEW_FCST_ACT_MW",3,1,2609.79048,"ACTUAL",4
"84","2019-07-04",9,0,"2019-07-04T15:00:00-00:00","2019-07-04T16:00:00-00:00","SP15","Wind","Renewable Forecast Actual Generation","RENEW_FCST_ACT_MW",3,1,2497.68544,"ACTUAL",4
"85","2019-07-04",10,0,"2019-07-04T16:00:00-00:00","2019-07-04T17:00:00-00:00","SP15","Wind","Renewable Forecast Actual Generation","RENEW_FCST_ACT_MW",3,1,2354.77917,"ACTUAL",4
"86","2019-07-04",11,0,"2019-07-04T17:00:00-00:00","2019-07-04T18:00:00-00:00","SP15","Wind","Renewable Forecast Actual Generation","RENEW_FCST_ACT_MW",3,1,2119.20062,"ACTUAL",4
"87","2019-07-04",12,0,"2019-07-04T18:00:00-00:00","2019-07-04T19:00:00-00:00","SP15","Wind","Renewable Forecast Actual Generation","RENEW_FCST_ACT_MW",3,1,1889.03308,"ACTUAL",4
"88","2019-07-04",13,0,"2019-07-04T19:00:00-00:00","2019-07-04T20:00:00-00:00","SP15","Wind","Renewable Forecast Actual Generation","RENEW_FCST_ACT_MW",3,1,1922.17093,"ACTUAL",4
"89","2019-07-04",14,0,"2019-07-04T20:00:00-00:00","2019-07-04T21:00:00-00:00","SP15","Wind","Renewable Forecast Actual Generation","RENEW_FCST_ACT_MW",3,1,2156.2927,"ACTUAL",4
"90","2019-07-04",15,0,"2019-07-04T21:00:00-00:00","2019-07-04T22:00:00-00:00","SP15","Wind","Renewable Forecast Actual Generation","RENEW_FCST_ACT_MW",3,1,2570.16075,"ACTUAL",4
"91","2019-07-04",16,0,"2019-07-04T22:00:00-00:00","2019-07-04T23:00:00-00:00","SP15","Wind","Renewable Forecast Actual Generation","RENEW_FCST_ACT_MW",3,1,2930.18263,"ACTUAL",4
"92","2019-07-04",17,0,"2019-07-04T23:00:00-00:00","2019-07-05T00:00:00-00:00","SP15","Wind","Renewable Forecast Actual Generation","RENEW_FCST_ACT_MW",3,1,3018.00662,"ACTUAL",4
"93","2019-07-04",18,0,"2019-07-05T00:00:00-00:00","2019-07-05T01:00:00-00:00","ZP26","Solar","Renewable Forecast Actual Generation","RENEW_FCST_ACT_MW",3,3,1298.01115,"ACTUAL",5
"94","2019-07-04",17,0,"2019-07-04T23:00:00-00:00","2019-07-05T00:00:00-00:00","ZP26","Solar","Renewable Forecast Actual Generation","RENEW_FCST_ACT_MW",3,3,1526.92468,"ACTUAL",5
"95","2019-07-04",20,0,"2019-07-05T02:00:00-00:00","2019-07-05T03:00:00-00:00","ZP26","Solar","Renewable Forecast Actual Generation","RENEW_FCST_ACT_MW",3,3,218.37878,"ACTUAL",5
"96","2019-07-04",21,0,"2019-07-05T03:00:00-00:00","2019-07-05T04:00:00-00:00","ZP26","Solar","Renewable Forecast Actual Generation","RENEW_FCST_ACT_MW",3,3,-3.03284,"ACTUAL",5
"97","2019-07-04",22,0,"2019-07-05T04:00:00-00:00","2019-07-05T05:00:00-00:00","ZP26","Solar","Renewable Forecast Actual Generation","RENEW_FCST_ACT_MW",3,3,-5.51053,"ACTUAL",5
"98","2019-07-04",23,0,"2019-07-05T05:00:00-00:00","2019-07-05T06:00:00-00:00","ZP26","Solar","Renewable Forecast Actual Generation","RENEW_FCST_ACT_MW",3,3,-5.38088,"ACTUAL",5
"99","2019-07-04",24,0,"2019-07-05T06:00:00-00:00","2019-07-05T07:00:00-00:00","ZP26","Solar","Renewable Forecast Actual Generation","RENEW_FCST_ACT_MW",3,3,-5.3599,"ACTUAL",5
"100","2019-07-04",2,0,"2019-07-04T08:00:00-00:00","2019-07-04T09:00:00-00:00","ZP26","Solar","Renewable Forecast Actual Generation","RENEW_FCST_ACT_MW",3,3,-5.36799,"ACTUAL",5
"101","2019-07-04",3,0,"2019-07-04T09:00:00-00:00","2019-07-04T10:00:00-00:00","ZP26","Solar","Renewable Forecast Actual Generation","RENEW_FCST_ACT_MW",3,3,-5.35859,"ACTUAL",5
"102","2019-07-04",4,0,"2019-07-04T10:00:00-00:00","2019-07-04T11:00:00-00:00","ZP26","Solar","Renewable Forecast Actual Generation","RENEW_FCST_ACT_MW",3,3,-5.33374,"ACTUAL",5
"103","2019-07-04",5,0,"2019-07-04T11:00:00-00:00","2019-07-04T12:00:00-00:00","ZP26","Solar","Renewable Forecast Actual Generation","RENEW_FCST_ACT_MW",3,3,-5.42753,"ACTUAL",5
"104","2019-07-04",6,0,"2019-07-04T12:00:00-00:00","2019-07-04T13:00:00-00:00","ZP26","Solar","Renewable Forecast Actual Generation","RENEW_FCST_ACT_MW",3,3,-5.1201,"ACTUAL",5
"105","2019-07-04",7,0,"2019-07-04T13:00:00-00:00","2019-07-04T14:00:00-00:00","ZP26","Solar","Renewable Forecast Actual Generation","RENEW_FCST_ACT_MW",3,3,174.21958,"ACTUAL",5
"106","2019-07-04",8,0,"2019-07-04T14:00:00-00:00","2019-07-04T15:00:00-00:00","ZP26","Solar","Renewable Forecast Actual Generation","RENEW_FCST_ACT_MW",3,3,783.04973,"ACTUAL",5
"107","2019-07-04",9,0,"2019-07-04T15:00:00-00:00","2019-07-04T16:00:00-00:00","ZP26","Solar","Renewable Forecast Actual Generation","RENEW_FCST_ACT_MW",3,3,1290.17694,"ACTUAL",5
"108","2019-07-04",10,0,"2019-07-04T16:00:00-00:00","2019-07-04T17:00:00-00:00","ZP26","Solar","Renewable Forecast Actual Generation","RENEW_FCST_ACT_MW",3,3,1518.60439,"ACTUAL",5
"109","2019-07-04",11,0,"2019-07-04T17:00:00-00:00","2019-07-04T18:00:00-00:00","ZP26","Solar","Renewable Forecast Actual Generation","RENEW_FCST_ACT_MW",3,3,1613.54034,"ACTUAL",5
"110","2019-07-04",12,0,"2019-07-04T18:00:00-00:00","2019-07-04T19:00:00-00:00","ZP26","Solar","Renewable Forecast Actual Generation","RENEW_FCST_ACT_MW",3,3,1675.66384,"ACTUAL",5
"111","2019-07-04",13,0,"2019-07-04T19:00:00-00:00","2019-07-04T20:00:00-00:00","ZP26","Solar","Renewable Forecast Actual Generation","RENEW_FCST_ACT_MW",3,3,1738.03201,"ACTUAL",5
"112","2019-07-04",14,0,"2019-07-04T20:00:00-00:00","2019-07-04T21:00:00-00:00","ZP26","Solar","Renewable Forecast Actual Generation","RENEW_FCST_ACT_MW",3,3,1740.79825,"ACTUAL",5
"113","2019-07-04",15,0,"2019-07-04T21:00:00-00:00","2019-07-04T22:00:00-00:00","ZP26","Solar","Renewable Forecast Actual Generation","RENEW_FCST_ACT_MW",3,3,1705.81724,"ACTUAL",5
"114","2019-07-04",16,0,"2019-07-04T22:00:00-00:00","2019-07-04T23:00:00-00:00","ZP26","Solar","Renewable Forecast Actual Generation","RENEW_FCST_ACT_MW",3,3,1648.68989,"ACTUAL",5
"115","2019-07-04",19,0,"2019-07-05T01:00:00-00:00","2019-07-05T02:00:00-00:00","ZP26","Solar","Renewable Forecast Actual Generation","RENEW_FCST_ACT_MW",3,3,819.65047,"ACTUAL",5
"116","2019-07-05",1,0,"2019-07-05T07:00:00-00:00","2019-07-05T08:00:00-00:00","NP15","Solar","Renewable Forecast Actual Generation","RENEW_FCST_ACT_MW",3,3,3.69855,"ACTUAL",6
"117","2019-07-05",1,0,"2019-07-05T07:00:00-00:00","2019-07-05T08:00:00-00:00","NP15","Wind","Renewable Forecast Actual Generation","RENEW_FCST_ACT_MW",3,1,958.58246,"ACTUAL",7
"118","2019-07-05",1,0,"2019-07-05T07:00:00-00:00","2019-07-05T08:00:00-00:00","SP15","Solar","Renewable Forecast Actual Generation","RENEW_FCST_ACT_MW",3,3,6.80809,"ACTUAL",8
"119","2019-07-05",1,0,"2019-07-05T07:00:00-00:00","2019-07-05T08:00:00-00:00","SP15","Wind","Renewable Forecast Actual Generation","RENEW_FCST_ACT_MW",3,1,2639.84714,"ACTUAL",9
"120","2019-07-05",1,0,"2019-07-05T07:00:00-00:00","2019-07-05T08:00:00-00:00","ZP26","Solar","Renewable Forecast Actual Generation","RENEW_FCST_ACT_MW",3,3,-5.34777,"ACTUAL",10
