"","OPR_DT","OPR_HR","OPR_INTERVAL","INTERVALSTARTTIME_GMT","INTERVALENDTIME_GMT","TRADING_HUB","RENEWABLE_TYPE","LABEL","XML_DATA_ITEM","MARKET_RUN_ID_POS","RENEW_POS","MW","MARKET_RUN_ID","GROUP"
"1","2019-03-07",1,0,"2019-03-07T08:00:00-00:00","2019-03-07T09:00:00-00:00","NP15","Solar","Renewable Forecast Actual Generation","RENEW_FCST_ACT_MW",3,3,-1.01711,"ACTUAL",1
"2","2019-03-07",2,0,"2019-03-07T09:00:00-00:00","2019-03-07T10:00:00-00:00","NP15","Solar","Renewable Forecast Actual Generation","RENEW_FCST_ACT_MW",3,3,-1.03304,"ACTUAL",1
"3","2019-03-07",3,0,"2019-03-07T10:00:00-00:00","2019-03-07T11:00:00-00:00","NP15","Solar","Renewable Forecast Actual Generation","RENEW_FCST_ACT_MW",3,3,-1.04825,"ACTUAL",1
"4","2019-03-07",4,0,"2019-03-07T11:00:00-00:00","2019-03-07T12:00:00-00:00","NP15","Solar","Renewable Forecast Actual Generation","RENEW_FCST_ACT_MW",3,3,-1.07849,"ACTUAL",1
"5","2019-03-07",5,0,"2019-03-07T12:00:00-00:00","2019-03-07T13:00:00-00:00","NP15","Solar","Renewable Forecast Actual Generation","RENEW_FCST_ACT_MW",3,3,-1.10128,"ACTUAL",1
"6","2019-03-07",6,0,"2019-03-07T13:00:00-00:00","2019-03-07T14:00:00-00:00","NP15","Solar","Renewable Forecast Actual Generation","RENEW_FCST_ACT_MW",3,3,-1.06983,"ACTUAL",1
"7","2019-03-07",7,0,"2019-03-07T14:00:00-00:00","2019-03-07T15:00:00-00:00","NP15","Solar","Renewable Forecast Actual Generation","RENEW_FCST_ACT_MW",3,3,31.20437,"ACTUAL",1
"8","2019-03-07",8,0,"2019-03-07T15:00:00-00:00","2019-03-07T16:00:00-00:00","NP15","Solar","Renewable Forecast Actual Generation","RENEW_FCST_ACT_MW",3,3,500.46758,"ACTUAL",1
"9","2019-03-07",9,0,"2019-03-07T16:00:00-00:00","2019-03-07T17:00:00-00:00","NP15","Solar","Renewable Forecast Actual Generation","RENEW_FCST_ACT_MW",3,3,1133.08333,"ACTUAL",1
"10","2019-03-07",10,0,"2019-03-07T17:00:00-00:00","2019-03-07T18:00:00-00:00","NP15","Solar","Renewable Forecast Actual Generation","RENEW_FCST_ACT_MW",3,3,1000.6333,"ACTUAL",1
"11","2019-03-07",11,0,"2019-03-07T18:00:00-00:00","2019-03-07T19:00:00-00:00","NP15","Solar","Renewable Forecast Actual Generation","RENEW_FCST_ACT_MW",3,3,949.98203,"ACTUAL",1
"12","2019-03-07",12,0,"2019-03-07T19:00:00-00:00","2019-03-07T20:00:00-00:00","NP15","Solar","Renewable Forecast Actual Generation","RENEW_FCST_ACT_MW",3,3,806.48912,"ACTUAL",1
"13","2019-03-07",13,0,"2019-03-07T20:00:00-00:00","2019-03-07T21:00:00-00:00","NP15","Solar","Renewable Forecast Actual Generation","RENEW_FCST_ACT_MW",3,3,722.76849,"ACTUAL",1
"14","2019-03-07",14,0,"2019-03-07T21:00:00-00:00","2019-03-07T22:00:00-00:00","NP15","Solar","Renewable Forecast Actual Generation","RENEW_FCST_ACT_MW",3,3,501.40309,"ACTUAL",1
"15","2019-03-07",15,0,"2019-03-07T22:00:00-00:00","2019-03-07T23:00:00-00:00","NP15","Solar","Renewable Forecast Actual Generation","RENEW_FCST_ACT_MW",3,3,259.65735,"ACTUAL",1
"16","2019-03-07",16,0,"2019-03-07T23:00:00-00:00","2019-03-08T00:00:00-00:00","NP15","Solar","Renewable Forecast Actual Generation","RENEW_FCST_ACT_MW",3,3,205.21736,"ACTUAL",1
"17","2019-03-07",17,0,"2019-03-08T00:00:00-00:00","2019-03-08T01:00:00-00:00","NP15","Solar","Renewable Forecast Actual Generation","RENEW_FCST_ACT_MW",3,3,151.52846,"ACTUAL",1
"18","2019-03-07",18,0,"2019-03-08T01:00:00-00:00","2019-03-08T02:00:00-00:00","NP15","Solar","Renewable Forecast Actual Generation","RENEW_FCST_ACT_MW",3,3,51.08428,"ACTUAL",1
"19","2019-03-07",19,0,"2019-03-08T02:00:00-00:00","2019-03-08T03:00:00-00:00","NP15","Solar","Renewable Forecast Actual Generation","RENEW_FCST_ACT_MW",3,3,-0.97651,"ACTUAL",1
"20","2019-03-07",20,0,"2019-03-08T03:00:00-00:00","2019-03-08T04:00:00-00:00","NP15","Solar","Renewable Forecast Actual Generation","RENEW_FCST_ACT_MW",3,3,-0.73613,"ACTUAL",1
"21","2019-03-07",21,0,"2019-03-08T04:00:00-00:00","2019-03-08T05:00:00-00:00","NP15","Solar","Renewable Forecast Actual Generation","RENEW_FCST_ACT_MW",3,3,-0.71579,"ACTUAL",1
"22","2019-03-07",22,0,"2019-03-08T05:00:00-00:00","2019-03-08T06:00:00-00:00","NP15","Solar","Renewable Forecast Actual Generation","RENEW_FCST_ACT_MW",3,3,-0.7456,"ACTUAL",1
"23","2019-03-07",23,0,"2019-03-08T06:00:00-00:00","2019-03-08T07:00:00-00:00","NP15","Solar","Renewable Forecast Actual Generation","RENEW_FCST_ACT_MW",3,3,-0.72977,"ACTUAL",1
"24","2019-03-07",24,0,"2019-03-08T07:00:00-00:00","2019-03-08T08:00:00-00:00","NP15","Solar","Renewable Forecast Actual Generation","RENEW_FCST_ACT_MW",3,3,-0.68908,"ACTUAL",1
"25","2019-03-07",1,0,"2019-03-07T08:00:00-00:00","2019-03-07T09:00:00-00:00","NP15","Wind","Renewable Forecast Actual Generation","RENEW_FCST_ACT_MW",3,1,406.60477,"ACTUAL",2
"26","2019-03-07",24,0,"2019-03-08T07:00:00-00:00","2019-03-08T08:00:00-00:00","NP15","Wind","Renewable Forecast Actual Generation","RENEW_FCST_ACT_MW",3,1,341.05004,"ACTUAL",2
"27","2019-03-07",3,0,"2019-03-07T10:00:00-00:00","2019-03-07T11:00:00-00:00","NP15","Wind","Renewable Forecast Actual Generation","RENEW_FCST_ACT_MW",3,1,394.29166,"ACTUAL",2
"28","2019-03-07",4,0,"2019-03-07T11:00:00-00:00","2019-03-07T12:00:00-00:00","NP15","Wind","Renewable Forecast Actual Generation","RENEW_FCST_ACT_MW",3,1,474.45795,"ACTUAL",2
"29","2019-03-07",5,0,"2019-03-07T12:00:00-00:00","2019-03-07T13:00:00-00:00","NP15","Wind","Renewable Forecast Actual Generation","RENEW_FCST_ACT_MW",3,1,363.53738,"ACTUAL",2
"30","2019-03-07",6,0,"2019-03-07T13:00:00-00:00","2019-03-07T14:00:00-00:00","NP15","Wind","Renewable Forecast Actual Generation","RENEW_FCST_ACT_MW",3,1,224.49437,"ACTUAL",2
"31","2019-03-07",7,0,"2019-03-07T14:00:00-00:00","2019-03-07T15:00:00-00:00","NP15","Wind","Renewable Forecast Actual Generation","RENEW_FCST_ACT_MW",3,1,195.07148,"ACTUAL",2
"32","2019-03-07",8,0,"2019-03-07T15:00:00-00:00","2019-03-07T16:00:00-00:00","NP15","Wind","Renewable Forecast Actual Generation","RENEW_FCST_ACT_MW",3,1,159.22883,"ACTUAL",2
"33","2019-03-07",9,0,"2019-03-07T16:00:00-00:00","2019-03-07T17:00:00-00:00","NP15","Wind","Renewable Forecast Actual Generation","RENEW_FCST_ACT_MW",3,1,151.36635,"ACTUAL",2
"34","2019-03-07",10,0,"2019-03-07T17:00:00-00:00","2019-03-07T18:00:00-00:00","NP15","Wind","Renewable Forecast Actual Generation","RENEW_FCST_ACT_MW",3,1,129.23272,"ACTUAL",2
"35","2019-03-07",11,0,"2019-03-07T18:00:00-00:00","2019-03-07T19:00:00-00:00","NP15","Wind","Renewable Forecast Actual Generation","RENEW_FCST_ACT_MW",3,1,193.47102,"ACTUAL",2
"36","2019-03-07",12,0,"2019-03-07T19:00:00-00:00","2019-03-07T20:00:00-00:00","NP15","Wind","Renewable Forecast Actual Generation","RENEW_FCST_ACT_MW",3,1,178.58519,"ACTUAL",2
"37","2019-03-07",13,0,"2019-03-07T20:00:00-00:00","2019-03-07T21:00:00-00:00","NP15","Wind","Renewable Forecast Actual Generation","RENEW_FCST_ACT_MW",3,1,183.79471,"ACTUAL",2
"38","2019-03-07",14,0,"2019-03-07T21:00:00-00:00","2019-03-07T22:00:00-00:00","NP15","Wind","Renewable Forecast Actual Generation","RENEW_FCST_ACT_MW",3,1,263.96133,"ACTUAL",2
"39","2019-03-07",15,0,"2019-03-07T22:00:00-00:00","2019-03-07T23:00:00-00:00","NP15","Wind","Renewable Forecast Actual Generation","RENEW_FCST_ACT_MW",3,1,276.03393,"ACTUAL",2
"40","2019-03-07",16,0,"2019-03-07T23:00:00-00:00","2019-03-08T00:00:00-00:00","NP15","Wind","Renewable Forecast Actual Generation","RENEW_FCST_ACT_MW",3,1,219.76681,"ACTUAL",2
"41","2019-03-07",17,0,"2019-03-08T00:00:00-00:00","2019-03-08T01:00:00-00:00","NP15","Wind","Renewable Forecast Actual Generation","RENEW_FCST_ACT_MW",3,1,332.7793,"ACTUAL",2
"42","2019-03-07",18,0,"2019-03-08T01:00:00-00:00","2019-03-08T02:00:00-00:00","NP15","Wind","Renewable Forecast Actual Generation","RENEW_FCST_ACT_MW",3,1,335.02037,"ACTUAL",2
"43","2019-03-07",19,0,"2019-03-08T02:00:00-00:00","2019-03-08T03:00:00-00:00","NP15","Wind","Renewable Forecast Actual Generation","RENEW_FCST_ACT_MW",3,1,241.65101,"ACTUAL",2
"44","2019-03-07",20,0,"2019-03-08T03:00:00-00:00","2019-03-08T04:00:00-00:00","NP15","Wind","Renewable Forecast Actual Generation","RENEW_FCST_ACT_MW",3,1,260.22172,"ACTUAL",2
"45","2019-03-07",21,0,"2019-03-08T04:00:00-00:00","2019-03-08T05:00:00-00:00","NP15","Wind","Renewable Forecast Actual Generation","RENEW_FCST_ACT_MW",3,1,318.41682,"ACTUAL",2
"46","2019-03-07",22,0,"2019-03-08T05:00:00-00:00","2019-03-08T06:00:00-00:00","NP15","Wind","Renewable Forecast Actual Generation","RENEW_FCST_ACT_MW",3,1,238.44844,"ACTUAL",2
"47","2019-03-07",23,0,"2019-03-08T06:00:00-00:00","2019-03-08T07:00:00-00:00","NP15","Wind","Renewable Forecast Actual Generation","RENEW_FCST_ACT_MW",3,1,340.85723,"ACTUAL",2
"48","2019-03-07",2,0,"2019-03-07T09:00:00-00:00","2019-03-07T10:00:00-00:00","NP15","Wind","Renewable Forecast Actual Generation","RENEW_FCST_ACT_MW",3,1,313.50804,"ACTUAL",2
"49","2019-03-07",24,0,"2019-03-08T07:00:00-00:00","2019-03-08T08:00:00-00:00","SP15","Solar","Renewable Forecast Actual Generation","RENEW_FCST_ACT_MW",3,3,-9.61759,"ACTUAL",3
"50","2019-03-07",2,0,"2019-03-07T09:00:00-00:00","2019-03-07T10:00:00-00:00","SP15","Solar","Renewable Forecast Actual Generation","RENEW_FCST_ACT_MW",3,3,-1.37579,"ACTUAL",3
"51","2019-03-07",23,0,"2019-03-08T06:00:00-00:00","2019-03-08T07:00:00-00:00","SP15","Solar","Renewable Forecast Actual Generation","RENEW_FCST_ACT_MW",3,3,-9.50978,"ACTUAL",3
"52","2019-03-07",6,0,"2019-03-07T13:00:00-00:00","2019-03-07T14:00:00-00:00","SP15","Solar","Renewable Forecast Actual Generation","RENEW_FCST_ACT_MW",3,3,-4.54497,"ACTUAL",3
"53","2019-03-07",22,0,"2019-03-08T05:00:00-00:00","2019-03-08T06:00:00-00:00","SP15","Solar","Renewable Forecast Actual Generation","RENEW_FCST_ACT_MW",3,3,-10.12666,"ACTUAL",3
"54","2019-03-07",11,0,"2019-03-07T18:00:00-00:00","2019-03-07T19:00:00-00:00","SP15","Solar","Renewable Forecast Actual Generation","RENEW_FCST_ACT_MW",3,3,5819.75341,"ACTUAL",3
"55","2019-03-07",21,0,"2019-03-08T04:00:00-00:00","2019-03-08T05:00:00-00:00","SP15","Solar","Renewable Forecast Actual Generation","RENEW_FCST_ACT_MW",3,3,-12.91164,"ACTUAL",3
"56","2019-03-07",3,0,"2019-03-07T10:00:00-00:00","2019-03-07T11:00:00-00:00","SP15","Solar","Renewable Forecast Actual Generation","RENEW_FCST_ACT_MW",3,3,-1.51658,"ACTUAL",3
"57","2019-03-07",20,0,"2019-03-08T03:00:00-00:00","2019-03-08T04:00:00-00:00","SP15","Solar","Renewable Forecast Actual Generation","RENEW_FCST_ACT_MW",3,3,-9.63798,"ACTUAL",3
"58","2019-03-07",10,0,"2019-03-07T17:00:00-00:00","2019-03-07T18:00:00-00:00","SP15","Solar","Renewable Forecast Actual Generation","RENEW_FCST_ACT_MW",3,3,5787.72688,"ACTUAL",3
"59","2019-03-07",19,0,"2019-03-08T02:00:00-00:00","2019-03-08T03:00:00-00:00","SP15","Solar","Renewable Forecast Actual Generation","RENEW_FCST_ACT_MW",3,3,-11.24091,"ACTUAL",3
"60","2019-03-07",5,0,"2019-03-07T12:00:00-00:00","2019-03-07T13:00:00-00:00","SP15","Solar","Renewable Forecast Actual Generation","RENEW_FCST_ACT_MW",3,3,-3.11107,"ACTUAL",3
"61","2019-03-07",18,0,"2019-03-08T01:00:00-00:00","2019-03-08T02:00:00-00:00","SP15","Solar","Renewable Forecast Actual Generation","RENEW_FCST_ACT_MW",3,3,328.50374,"ACTUAL",3
"62","2019-03-07",9,0,"2019-03-07T16:00:00-00:00","2019-03-07T17:00:00-00:00","SP15","Solar","Renewable Forecast Actual Generation","RENEW_FCST_ACT_MW",3,3,4860.76398,"ACTUAL",3
"63","2019-03-07",17,0,"2019-03-08T00:00:00-00:00","2019-03-08T01:00:00-00:00","SP15","Solar","Renewable Forecast Actual Generation","RENEW_FCST_ACT_MW",3,3,2394.20689,"ACTUAL",3
"64","2019-03-07",1,0,"2019-03-07T08:00:00-00:00","2019-03-07T09:00:00-00:00","SP15","Solar","Renewable Forecast Actual Generation","RENEW_FCST_ACT_MW",3,3,-1.38109,"ACTUAL",3
"65","2019-03-07",16,0,"2019-03-07T23:00:00-00:00","2019-03-08T00:00:00-00:00","SP15","Solar","Renewable Forecast Actual Generation","RENEW_FCST_ACT_MW",3,3,4164.78936,"ACTUAL",3
"66","2019-03-07",8,0,"2019-03-07T15:00:00-00:00","2019-03-07T16:00:00-00:00","SP15","Solar","Renewable Forecast Actual Generation","RENEW_FCST_ACT_MW",3,3,2714.30755,"ACTUAL",3
"67","2019-03-07",15,0,"2019-03-07T22:00:00-00:00","2019-03-07T23:00:00-00:00","SP15","Solar","Renewable Forecast Actual Generation","RENEW_FCST_ACT_MW",3,3,5062.84707,"ACTUAL",3
"68","2019-03-07",4,0,"2019-03-07T11:00:00-00:00","2019-03-07T12:00:00-00:00","SP15","Solar","Renewable Forecast Actual Generation","RENEW_FCST_ACT_MW",3,3,-2.41284,"ACTUAL",3
"69","2019-03-07",14,0,"2019-03-07T21:00:00-00:00","2019-03-07T22:00:00-00:00","SP15","Solar","Renewable Forecast Actual Generation","RENEW_FCST_ACT_MW",3,3,5481.53893,"ACTUAL",3
"70","2019-03-07",7,0,"2019-03-07T14:00:00-00:00","2019-03-07T15:00:00-00:00","SP15","Solar","Renewable Forecast Actual Generation","RENEW_FCST_ACT_MW",3,3,343.05256,"ACTUAL",3
"71","2019-03-07",13,0,"2019-03-07T20:00:00-00:00","2019-03-07T21:00:00-00:00","SP15","Solar","Renewable Forecast Actual Generation","RENEW_FCST_ACT_MW",3,3,5631.37964,"ACTUAL",3
"72","2019-03-07",12,0,"2019-03-07T19:00:00-00:00","2019-03-07T20:00:00-00:00","SP15","Solar","Renewable Forecast Actual Generation","RENEW_FCST_ACT_MW",3,3,5952.75105,"ACTUAL",3
"73","2019-03-07",23,0,"2019-03-08T06:00:00-00:00","2019-03-08T07:00:00-00:00","SP15","Wind","Renewable Forecast Actual Generation","RENEW_FCST_ACT_MW",3,1,1349.77693,"ACTUAL",4
"74","2019-03-07",22,0,"2019-03-08T05:00:00-00:00","2019-03-08T06:00:00-00:00","SP15","Wind","Renewable Forecast Actual Generation","RENEW_FCST_ACT_MW",3,1,1387.21987,"ACTUAL",4
"75","2019-03-07",21,0,"2019-03-08T04:00:00-00:00","2019-03-08T05:00:00-00:00","SP15","Wind","Renewable Forecast Actual Generation","RENEW_FCST_ACT_MW",3,1,1481.93606,"ACTUAL",4
"76","2019-03-07",20,0,"2019-03-08T03:00:00-00:00","2019-03-08T04:00:00-00:00","SP15","Wind","Renewable Forecast Actual Generation","RENEW_FCST_ACT_MW",3,1,1070.62603,"ACTUAL",4
"77","2019-03-07",19,0,"2019-03-08T02:00:00-00:00","2019-03-08T03:00:00-00:00","SP15","Wind","Renewable Forecast Actual Generation","RENEW_FCST_ACT_MW",3,1,970.03922,"ACTUAL",4
"78","2019-03-07",18,0,"2019-03-08T01:00:00-00:00","2019-03-08T02:00:00-00:00","SP15","Wind","Renewable Forecast Actual Generation","RENEW_FCST_ACT_MW",3,1,1130.92739,"ACTUAL",4
"79","2019-03-07",17,0,"2019-03-08T00:00:00-00:00","2019-03-08T01:00:00-00:00","SP15","Wind","Renewable Forecast Actual Generation","RENEW_FCST_ACT_MW",3,1,1234.08021,"ACTUAL",4
"80","2019-03-07",16,0,"2019-03-07T23:00:00-00:00","2019-03-08T00:00:00-00:00","SP15","Wind","Renewable Forecast Actual Generation","RENEW_FCST_ACT_MW",3,1,1278.73728,"ACTUAL",4
"81","2019-03-07",15,0,"2019-03-07T22:00:00-00:00","2019-03-07T23:00:00-00:00","SP15","Wind","Renewable Forecast Actual Generation","RENEW_FCST_ACT_MW",3,1,1525.36026,"ACTUAL",4
"82","2019-03-07",14,0,"2019-03-07T21:00:00-00:00","2019-03-07T22:00:00-00:00","SP15","Wind","Renewable Forecast Actual Generation","RENEW_FCST_ACT_MW",3,1,1415.31923,"ACTUAL",4
"83","2019-03-07",13,0,"2019-03-07T20:00:00-00:00","2019-03-07T21:00:00-00:00","SP15","Wind","Renewable Forecast Actual Generation","RENEW_FCST_ACT_MW",3,1,1370.81528,"ACTUAL",4
"84","2019-03-07",12,0,"2019-03-07T19:00:00-00:00","2019-03-07T20:00:00-00:00","SP15","Wind","Renewable Forecast Actual Generation","RENEW_FCST_ACT_MW",3,1,1224.92327,"ACTUAL",4
"85","2019-03-07",11,0,"2019-03-07T18:00:00-00:00","2019-03-07T19:00:00-00:00","SP15","Wind","Renewable Forecast Actual Generation","RENEW_FCST_ACT_MW",3,1,1085.03062,"ACTUAL",4
"86","2019-03-07",10,0,"2019-03-07T17:00:00-00:00","2019-03-07T18:00:00-00:00","SP15","Wind","Renewable Forecast Actual Generation","RENEW_FCST_ACT_MW",3,1,1153.14199,"ACTUAL",4
"87","2019-03-07",9,0,"2019-03-07T16:00:00-00:00","2019-03-07T17:00:00-00:00","SP15","Wind","Renewable Forecast Actual Generation","RENEW_FCST_ACT_MW",3,1,1305.0724,"ACTUAL",4
"88","2019-03-07",8,0,"2019-03-07T15:00:00-00:00","2019-03-07T16:00:00-00:00","SP15","Wind","Renewable Forecast Actual Generation","RENEW_FCST_ACT_MW",3,1,1348.119,"ACTUAL",4
"89","2019-03-07",7,0,"2019-03-07T14:00:00-00:00","2019-03-07T15:00:00-00:00","SP15","Wind","Renewable Forecast Actual Generation","RENEW_FCST_ACT_MW",3,1,1171.6088,"ACTUAL",4
"90","2019-03-07",6,0,"2019-03-07T13:00:00-00:00","2019-03-07T14:00:00-00:00","SP15","Wind","Renewable Forecast Actual Generation","RENEW_FCST_ACT_MW",3,1,1140.66151,"ACTUAL",4
"91","2019-03-07",5,0,"2019-03-07T12:00:00-00:00","2019-03-07T13:00:00-00:00","SP15","Wind","Renewable Forecast Actual Generation","RENEW_FCST_ACT_MW",3,1,1084.36513,"ACTUAL",4
"92","2019-03-07",4,0,"2019-03-07T11:00:00-00:00","2019-03-07T12:00:00-00:00","SP15","Wind","Renewable Forecast Actual Generation","RENEW_FCST_ACT_MW",3,1,1112.30091,"ACTUAL",4
"93","2019-03-07",3,0,"2019-03-07T10:00:00-00:00","2019-03-07T11:00:00-00:00","SP15","Wind","Renewable Forecast Actual Generation","RENEW_FCST_ACT_MW",3,1,1156.08149,"ACTUAL",4
"94","2019-03-07",2,0,"2019-03-07T09:00:00-00:00","2019-03-07T10:00:00-00:00","SP15","Wind","Renewable Forecast Actual Generation","RENEW_FCST_ACT_MW",3,1,1149.01188,"ACTUAL",4
"95","2019-03-07",24,0,"2019-03-08T07:00:00-00:00","2019-03-08T08:00:00-00:00","SP15","Wind","Renewable Forecast Actual Generation","RENEW_FCST_ACT_MW",3,1,1648.54973,"ACTUAL",4
"96","2019-03-07",1,0,"2019-03-07T08:00:00-00:00","2019-03-07T09:00:00-00:00","SP15","Wind","Renewable Forecast Actual Generation","RENEW_FCST_ACT_MW",3,1,1067.53077,"ACTUAL",4
"97","2019-03-07",1,0,"2019-03-07T08:00:00-00:00","2019-03-07T09:00:00-00:00","ZP26","Solar","Renewable Forecast Actual Generation","RENEW_FCST_ACT_MW",3,3,-3.70706,"ACTUAL",5
"98","2019-03-07",24,0,"2019-03-08T07:00:00-00:00","2019-03-08T08:00:00-00:00","ZP26","Solar","Renewable Forecast Actual Generation","RENEW_FCST_ACT_MW",3,3,-3.76855,"ACTUAL",5
"99","2019-03-07",3,0,"2019-03-07T10:00:00-00:00","2019-03-07T11:00:00-00:00","ZP26","Solar","Renewable Forecast Actual Generation","RENEW_FCST_ACT_MW",3,3,-3.76664,"ACTUAL",5
"100","2019-03-07",4,0,"2019-03-07T11:00:00-00:00","2019-03-07T12:00:00-00:00","ZP26","Solar","Renewable Forecast Actual Generation","RENEW_FCST_ACT_MW",3,3,-4.08728,"ACTUAL",5
"101","2019-03-07",5,0,"2019-03-07T12:00:00-00:00","2019-03-07T13:00:00-00:00","ZP26","Solar","Renewable Forecast Actual Generation","RENEW_FCST_ACT_MW",3,3,-4.04561,"ACTUAL",5
"102","2019-03-07",6,0,"2019-03-07T13:00:00-00:00","2019-03-07T14:00:00-00:00","ZP26","Solar","Renewable Forecast Actual Generation","RENEW_FCST_ACT_MW",3,3,-3.95991,"ACTUAL",5
"103","2019-03-07",7,0,"2019-03-07T14:00:00-00:00","2019-03-07T15:00:00-00:00","ZP26","Solar","Renewable Forecast Actual Generation","RENEW_FCST_ACT_MW",3,3,14.82991,"ACTUAL",5
"104","2019-03-07",8,0,"2019-03-07T15:00:00-00:00","2019-03-07T16:00:00-00:00","ZP26","Solar","Renewable Forecast Actual Generation","RENEW_FCST_ACT_MW",3,3,304.81186,"ACTUAL",5
"105","2019-03-07",9,0,"2019-03-07T16:00:00-00:00","2019-03-07T17:00:00-00:00","ZP26","Solar","Renewable Forecast Actual Generation","RENEW_FCST_ACT_MW",3,3,694.48962,"ACTUAL",5
"106","2019-03-07",10,0,"2019-03-07T17:00:00-00:00","2019-03-07T18:00:00-00:00","ZP26","Solar","Renewable Forecast Actual Generation","RENEW_FCST_ACT_MW",3,3,853.71239,"ACTUAL",5
"107","2019-03-07",11,0,"2019-03-07T18:00:00-00:00","2019-03-07T19:00:00-00:00","ZP26","Solar","Renewable Forecast Actual Generation","RENEW_FCST_ACT_MW",3,3,885.31526,"ACTUAL",5
"108","2019-03-07",12,0,"2019-03-07T19:00:00-00:00","2019-03-07T20:00:00-00:00","ZP26","Solar","Renewable Forecast Actual Generation","RENEW_FCST_ACT_MW",3,3,932.74666,"ACTUAL",5
"109","2019-03-07",13,0,"2019-03-07T20:00:00-00:00","2019-03-07T21:00:00-00:00","ZP26","Solar","Renewable Forecast Actual Generation","RENEW_FCST_ACT_MW",3,3,813.70205,"ACTUAL",5
"110","2019-03-07",14,0,"2019-03-07T21:00:00-00:00","2019-03-07T22:00:00-00:00","ZP26","Solar","Renewable Forecast Actual Generation","RENEW_FCST_ACT_MW",3,3,609.71726,"ACTUAL",5
"111","2019-03-07",15,0,"2019-03-07T22:00:00-00:00","2019-03-07T23:00:00-00:00","ZP26","Solar","Renewable Forecast Actual Generation","RENEW_FCST_ACT_MW",3,3,495.52193,"ACTUAL",5
"112","2019-03-07",16,0,"2019-03-07T23:00:00-00:00","2019-03-08T00:00:00-00:00","ZP26","Solar","Renewable Forecast Actual Generation","RENEW_FCST_ACT_MW",3,3,546.00446,"ACTUAL",5
"113","2019-03-07",17,0,"2019-03-08T00:00:00-00:00","2019-03-08T01:00:00-00:00","ZP26","Solar","Renewable Forecast Actual Generation","RENEW_FCST_ACT_MW",3,3,331.46346,"ACTUAL",5
"114","2019-03-07",18,0,"2019-03-08T01:00:00-00:00","2019-03-08T02:00:00-00:00","ZP26","Solar","Renewable Forecast Actual Generation","RENEW_FCST_ACT_MW",3,3,63.05912,"ACTUAL",5
"115","2019-03-07",19,0,"2019-03-08T02:00:00-00:00","2019-03-08T03:00:00-00:00","ZP26","Solar","Renewable Forecast Actual Generation","RENEW_FCST_ACT_MW",3,3,-3.80741,"ACTUAL",5
"116","2019-03-07",20,0,"2019-03-08T03:00:00-00:00","2019-03-08T04:00:00-00:00","ZP26","Solar","Renewable Forecast Actual Generation","RENEW_FCST_ACT_MW",3,3,-3.70928,"ACTUAL",5
"117","2019-03-07",21,0,"2019-03-08T04:00:00-00:00","2019-03-08T05:00:00-00:00","ZP26","Solar","Renewable Forecast Actual Generation","RENEW_FCST_ACT_MW",3,3,-3.67058,"ACTUAL",5
"118","2019-03-07",22,0,"2019-03-08T05:00:00-00:00","2019-03-08T06:00:00-00:00","ZP26","Solar","Renewable Forecast Actual Generation","RENEW_FCST_ACT_MW",3,3,-3.69064,"ACTUAL",5
"119","2019-03-07",23,0,"2019-03-08T06:00:00-00:00","2019-03-08T07:00:00-00:00","ZP26","Solar","Renewable Forecast Actual Generation","RENEW_FCST_ACT_MW",3,3,-3.81128,"ACTUAL",5
"120","2019-03-07",2,0,"2019-03-07T09:00:00-00:00","2019-03-07T10:00:00-00:00","ZP26","Solar","Renewable Forecast Actual Generation","RENEW_FCST_ACT_MW",3,3,-3.77508,"ACTUAL",5
