"","OPR_DT","OPR_HR","OPR_INTERVAL","INTERVALSTARTTIME_GMT","INTERVALENDTIME_GMT","TRADING_HUB","RENEWABLE_TYPE","LABEL","XML_DATA_ITEM","MARKET_RUN_ID_POS","RENEW_POS","MW","MARKET_RUN_ID","GROUP"
"1","2019-10-02",2,0,"2019-10-02T08:00:00-00:00","2019-10-02T09:00:00-00:00","NP15","Solar","Renewable Forecast Actual Generation","RENEW_FCST_ACT_MW",3,3,-3.07558,"ACTUAL",1
"2","2019-10-02",3,0,"2019-10-02T09:00:00-00:00","2019-10-02T10:00:00-00:00","NP15","Solar","Renewable Forecast Actual Generation","RENEW_FCST_ACT_MW",3,3,-3.07606,"ACTUAL",1
"3","2019-10-02",4,0,"2019-10-02T10:00:00-00:00","2019-10-02T11:00:00-00:00","NP15","Solar","Renewable Forecast Actual Generation","RENEW_FCST_ACT_MW",3,3,-3.10344,"ACTUAL",1
"4","2019-10-02",5,0,"2019-10-02T11:00:00-00:00","2019-10-02T12:00:00-00:00","NP15","Solar","Renewable Forecast Actual Generation","RENEW_FCST_ACT_MW",3,3,-3.35137,"ACTUAL",1
"5","2019-10-02",6,0,"2019-10-02T12:00:00-00:00","2019-10-02T13:00:00-00:00","NP15","Solar","Renewable Forecast Actual Generation","RENEW_FCST_ACT_MW",3,3,-3.32095,"ACTUAL",1
"6","2019-10-02",7,0,"2019-10-02T13:00:00-00:00","2019-10-02T14:00:00-00:00","NP15","Solar","Renewable Forecast Actual Generation","RENEW_FCST_ACT_MW",3,3,-3.05744,"ACTUAL",1
"7","2019-10-02",8,0,"2019-10-02T14:00:00-00:00","2019-10-02T15:00:00-00:00","NP15","Solar","Renewable Forecast Actual Generation","RENEW_FCST_ACT_MW",3,3,175.82767,"ACTUAL",1
"8","2019-10-02",9,0,"2019-10-02T15:00:00-00:00","2019-10-02T16:00:00-00:00","NP15","Solar","Renewable Forecast Actual Generation","RENEW_FCST_ACT_MW",3,3,889.54477,"ACTUAL",1
"9","2019-10-02",10,0,"2019-10-02T16:00:00-00:00","2019-10-02T17:00:00-00:00","NP15","Solar","Renewable Forecast Actual Generation","RENEW_FCST_ACT_MW",3,3,1197.06221,"ACTUAL",1
"10","2019-10-02",11,0,"2019-10-02T17:00:00-00:00","2019-10-02T18:00:00-00:00","NP15","Solar","Renewable Forecast Actual Generation","RENEW_FCST_ACT_MW",3,3,1211.12831,"ACTUAL",1
"11","2019-10-02",12,0,"2019-10-02T18:00:00-00:00","2019-10-02T19:00:00-00:00","NP15","Solar","Renewable Forecast Actual Generation","RENEW_FCST_ACT_MW",3,3,1194.76812,"ACTUAL",1
"12","2019-10-02",13,0,"2019-10-02T19:00:00-00:00","2019-10-02T20:00:00-00:00","NP15","Solar","Renewable Forecast Actual Generation","RENEW_FCST_ACT_MW",3,3,1164.06236,"ACTUAL",1
"13","2019-10-02",14,0,"2019-10-02T20:00:00-00:00","2019-10-02T21:00:00-00:00","NP15","Solar","Renewable Forecast Actual Generation","RENEW_FCST_ACT_MW",3,3,1172.27048,"ACTUAL",1
"14","2019-10-02",15,0,"2019-10-02T21:00:00-00:00","2019-10-02T22:00:00-00:00","NP15","Solar","Renewable Forecast Actual Generation","RENEW_FCST_ACT_MW",3,3,1191.15585,"ACTUAL",1
"15","2019-10-02",16,0,"2019-10-02T22:00:00-00:00","2019-10-02T23:00:00-00:00","NP15","Solar","Renewable Forecast Actual Generation","RENEW_FCST_ACT_MW",3,3,1200.87556,"ACTUAL",1
"16","2019-10-02",17,0,"2019-10-02T23:00:00-00:00","2019-10-03T00:00:00-00:00","NP15","Solar","Renewable Forecast Actual Generation","RENEW_FCST_ACT_MW",3,3,1086.42903,"ACTUAL",1
"17","2019-10-02",18,0,"2019-10-03T00:00:00-00:00","2019-10-03T01:00:00-00:00","NP15","Solar","Renewable Forecast Actual Generation","RENEW_FCST_ACT_MW",3,3,564.16583,"ACTUAL",1
"18","2019-10-02",19,0,"2019-10-03T01:00:00-00:00","2019-10-03T02:00:00-00:00","NP15","Solar","Renewable Forecast Actual Generation","RENEW_FCST_ACT_MW",3,3,40.75782,"ACTUAL",1
"19","2019-10-02",20,0,"2019-10-03T02:00:00-00:00","2019-10-03T03:00:00-00:00","NP15","Solar","Renewable Forecast Actual Generation","RENEW_FCST_ACT_MW",3,3,-3.2523,"ACTUAL",1
"20","2019-10-02",21,0,"2019-10-03T03:00:00-00:00","2019-10-03T04:00:00-00:00","NP15","Solar","Renewable Forecast Actual Generation","RENEW_FCST_ACT_MW",3,3,-3.15592,"ACTUAL",1
"21","2019-10-02",22,0,"2019-10-03T04:00:00-00:00","2019-10-03T05:00:00-00:00","NP15","Solar","Renewable Forecast Actual Generation","RENEW_FCST_ACT_MW",3,3,-3.1554,"ACTUAL",1
"22","2019-10-02",23,0,"2019-10-03T05:00:00-00:00","2019-10-03T06:00:00-00:00","NP15","Solar","Renewable Forecast Actual Generation","RENEW_FCST_ACT_MW",3,3,-3.17621,"ACTUAL",1
"23","2019-10-02",24,0,"2019-10-03T06:00:00-00:00","2019-10-03T07:00:00-00:00","NP15","Solar","Renewable Forecast Actual Generation","RENEW_FCST_ACT_MW",3,3,-3.18477,"ACTUAL",1
"24","2019-10-02",18,0,"2019-10-03T00:00:00-00:00","2019-10-03T01:00:00-00:00","NP15","Wind","Renewable Forecast Actual Generation","RENEW_FCST_ACT_MW",3,1,27.77721,"ACTUAL",2
"25","2019-10-02",6,0,"2019-10-02T12:00:00-00:00","2019-10-02T13:00:00-00:00","NP15","Wind","Renewable Forecast Actual Generation","RENEW_FCST_ACT_MW",3,1,65.98499,"ACTUAL",2
"26","2019-10-02",17,0,"2019-10-02T23:00:00-00:00","2019-10-03T00:00:00-00:00","NP15","Wind","Renewable Forecast Actual Generation","RENEW_FCST_ACT_MW",3,1,25.40616,"ACTUAL",2
"27","2019-10-02",16,0,"2019-10-02T22:00:00-00:00","2019-10-02T23:00:00-00:00","NP15","Wind","Renewable Forecast Actual Generation","RENEW_FCST_ACT_MW",3,1,32.42724,"ACTUAL",2
"28","2019-10-02",15,0,"2019-10-02T21:00:00-00:00","2019-10-02T22:00:00-00:00","NP15","Wind","Renewable Forecast Actual Generation","RENEW_FCST_ACT_MW",3,1,21.40749,"ACTUAL",2
"29","2019-10-02",14,0,"2019-10-02T20:00:00-00:00","2019-10-02T21:00:00-00:00","NP15","Wind","Renewable Forecast Actual Generation","RENEW_FCST_ACT_MW",3,1,14.79457,"ACTUAL",2
"30","2019-10-02",13,0,"2019-10-02T19:00:00-00:00","2019-10-02T20:00:00-00:00","NP15","Wind","Renewable Forecast Actual Generation","RENEW_FCST_ACT_MW",3,1,8.36111,"ACTUAL",2
"31","2019-10-02",12,0,"2019-10-02T18:00:00-00:00","2019-10-02T19:00:00-00:00","NP15","Wind","Renewable Forecast Actual Generation","RENEW_FCST_ACT_MW",3,1,2.5728,"ACTUAL",2
"32","2019-10-02",11,0,"2019-10-02T17:00:00-00:00","2019-10-02T18:00:00-00:00","NP15","Wind","Renewable Forecast Actual Generation","RENEW_FCST_ACT_MW",3,1,2.73649,"ACTUAL",2
"33","2019-10-02",10,0,"2019-10-02T16:00:00-00:00","2019-10-02T17:00:00-00:00","NP15","Wind","Renewable Forecast Actual Generation","RENEW_FCST_ACT_MW",3,1,-2.33206,"ACTUAL",2
"34","2019-10-02",9,0,"2019-10-02T15:00:00-00:00","2019-10-02T16:00:00-00:00","NP15","Wind","Renewable Forecast Actual Generation","RENEW_FCST_ACT_MW",3,1,-2.53115,"ACTUAL",2
"35","2019-10-02",8,0,"2019-10-02T14:00:00-00:00","2019-10-02T15:00:00-00:00","NP15","Wind","Renewable Forecast Actual Generation","RENEW_FCST_ACT_MW",3,1,9.58606,"ACTUAL",2
"36","2019-10-02",7,0,"2019-10-02T13:00:00-00:00","2019-10-02T14:00:00-00:00","NP15","Wind","Renewable Forecast Actual Generation","RENEW_FCST_ACT_MW",3,1,29.73307,"ACTUAL",2
"37","2019-10-02",5,0,"2019-10-02T11:00:00-00:00","2019-10-02T12:00:00-00:00","NP15","Wind","Renewable Forecast Actual Generation","RENEW_FCST_ACT_MW",3,1,68.75004,"ACTUAL",2
"38","2019-10-02",4,0,"2019-10-02T10:00:00-00:00","2019-10-02T11:00:00-00:00","NP15","Wind","Renewable Forecast Actual Generation","RENEW_FCST_ACT_MW",3,1,75.63075,"ACTUAL",2
"39","2019-10-02",3,0,"2019-10-02T09:00:00-00:00","2019-10-02T10:00:00-00:00","NP15","Wind","Renewable Forecast Actual Generation","RENEW_FCST_ACT_MW",3,1,96.32178,"ACTUAL",2
"40","2019-10-02",2,0,"2019-10-02T08:00:00-00:00","2019-10-02T09:00:00-00:00","NP15","Wind","Renewable Forecast Actual Generation","RENEW_FCST_ACT_MW",3,1,120.8557,"ACTUAL",2
"41","2019-10-02",24,0,"2019-10-03T06:00:00-00:00","2019-10-03T07:00:00-00:00","NP15","Wind","Renewable Forecast Actual Generation","RENEW_FCST_ACT_MW",3,1,492.00973,"ACTUAL",2
"42","2019-10-02",23,0,"2019-10-03T05:00:00-00:00","2019-10-03T06:00:00-00:00","NP15","Wind","Renewable Forecast Actual Generation","RENEW_FCST_ACT_MW",3,1,485.70028,"ACTUAL",2
"43","2019-10-02",22,0,"2019-10-03T04:00:00-00:00","2019-10-03T05:00:00-00:00","NP15","Wind","Renewable Forecast Actual Generation","RENEW_FCST_ACT_MW",3,1,374.99506,"ACTUAL",2
"44","2019-10-02",21,0,"2019-10-03T03:00:00-00:00","2019-10-03T04:00:00-00:00","NP15","Wind","Renewable Forecast Actual Generation","RENEW_FCST_ACT_MW",3,1,244.25438,"ACTUAL",2
"45","2019-10-02",20,0,"2019-10-03T02:00:00-00:00","2019-10-03T03:00:00-00:00","NP15","Wind","Renewable Forecast Actual Generation","RENEW_FCST_ACT_MW",3,1,176.51271,"ACTUAL",2
"46","2019-10-02",19,0,"2019-10-03T01:00:00-00:00","2019-10-03T02:00:00-00:00","NP15","Wind","Renewable Forecast Actual Generation","RENEW_FCST_ACT_MW",3,1,68.44831,"ACTUAL",2
"47","2019-10-02",6,0,"2019-10-02T12:00:00-00:00","2019-10-02T13:00:00-00:00","SP15","Solar","Renewable Forecast Actual Generation","RENEW_FCST_ACT_MW",3,3,4.25523,"ACTUAL",3
"48","2019-10-02",18,0,"2019-10-03T00:00:00-00:00","2019-10-03T01:00:00-00:00","SP15","Solar","Renewable Forecast Actual Generation","RENEW_FCST_ACT_MW",3,3,2559.48162,"ACTUAL",3
"49","2019-10-02",5,0,"2019-10-02T11:00:00-00:00","2019-10-02T12:00:00-00:00","SP15","Solar","Renewable Forecast Actual Generation","RENEW_FCST_ACT_MW",3,3,3.19184,"ACTUAL",3
"50","2019-10-02",11,0,"2019-10-02T17:00:00-00:00","2019-10-02T18:00:00-00:00","SP15","Solar","Renewable Forecast Actual Generation","RENEW_FCST_ACT_MW",3,3,7059.37458,"ACTUAL",3
"51","2019-10-02",4,0,"2019-10-02T10:00:00-00:00","2019-10-02T11:00:00-00:00","SP15","Solar","Renewable Forecast Actual Generation","RENEW_FCST_ACT_MW",3,3,-5.8548,"ACTUAL",3
"52","2019-10-02",15,0,"2019-10-02T21:00:00-00:00","2019-10-02T22:00:00-00:00","SP15","Solar","Renewable Forecast Actual Generation","RENEW_FCST_ACT_MW",3,3,7182.17048,"ACTUAL",3
"53","2019-10-02",3,0,"2019-10-02T09:00:00-00:00","2019-10-02T10:00:00-00:00","SP15","Solar","Renewable Forecast Actual Generation","RENEW_FCST_ACT_MW",3,3,-15.62475,"ACTUAL",3
"54","2019-10-02",10,0,"2019-10-02T16:00:00-00:00","2019-10-02T17:00:00-00:00","SP15","Solar","Renewable Forecast Actual Generation","RENEW_FCST_ACT_MW",3,3,6677.91907,"ACTUAL",3
"55","2019-10-02",2,0,"2019-10-02T08:00:00-00:00","2019-10-02T09:00:00-00:00","SP15","Solar","Renewable Forecast Actual Generation","RENEW_FCST_ACT_MW",3,3,-8.94471,"ACTUAL",3
"56","2019-10-02",13,0,"2019-10-02T19:00:00-00:00","2019-10-02T20:00:00-00:00","SP15","Solar","Renewable Forecast Actual Generation","RENEW_FCST_ACT_MW",3,3,7167.65774,"ACTUAL",3
"57","2019-10-02",24,0,"2019-10-03T06:00:00-00:00","2019-10-03T07:00:00-00:00","SP15","Solar","Renewable Forecast Actual Generation","RENEW_FCST_ACT_MW",3,3,-7.66973,"ACTUAL",3
"58","2019-10-02",9,0,"2019-10-02T15:00:00-00:00","2019-10-02T16:00:00-00:00","SP15","Solar","Renewable Forecast Actual Generation","RENEW_FCST_ACT_MW",3,3,5026.87852,"ACTUAL",3
"59","2019-10-02",23,0,"2019-10-03T05:00:00-00:00","2019-10-03T06:00:00-00:00","SP15","Solar","Renewable Forecast Actual Generation","RENEW_FCST_ACT_MW",3,3,-4.81656,"ACTUAL",3
"60","2019-10-02",16,0,"2019-10-02T22:00:00-00:00","2019-10-02T23:00:00-00:00","SP15","Solar","Renewable Forecast Actual Generation","RENEW_FCST_ACT_MW",3,3,6762.47955,"ACTUAL",3
"61","2019-10-02",22,0,"2019-10-03T04:00:00-00:00","2019-10-03T05:00:00-00:00","SP15","Solar","Renewable Forecast Actual Generation","RENEW_FCST_ACT_MW",3,3,-5.1766,"ACTUAL",3
"62","2019-10-02",8,0,"2019-10-02T14:00:00-00:00","2019-10-02T15:00:00-00:00","SP15","Solar","Renewable Forecast Actual Generation","RENEW_FCST_ACT_MW",3,3,1636.53707,"ACTUAL",3
"63","2019-10-02",21,0,"2019-10-03T03:00:00-00:00","2019-10-03T04:00:00-00:00","SP15","Solar","Renewable Forecast Actual Generation","RENEW_FCST_ACT_MW",3,3,-5.88688,"ACTUAL",3
"64","2019-10-02",12,0,"2019-10-02T18:00:00-00:00","2019-10-02T19:00:00-00:00","SP15","Solar","Renewable Forecast Actual Generation","RENEW_FCST_ACT_MW",3,3,7036.1598,"ACTUAL",3
"65","2019-10-02",20,0,"2019-10-03T02:00:00-00:00","2019-10-03T03:00:00-00:00","SP15","Solar","Renewable Forecast Actual Generation","RENEW_FCST_ACT_MW",3,3,1.05983,"ACTUAL",3
"66","2019-10-02",7,0,"2019-10-02T13:00:00-00:00","2019-10-02T14:00:00-00:00","SP15","Solar","Renewable Forecast Actual Generation","RENEW_FCST_ACT_MW",3,3,52.77725,"ACTUAL",3
"67","2019-10-02",19,0,"2019-10-03T01:00:00-00:00","2019-10-03T02:00:00-00:00","SP15","Solar","Renewable Forecast Actual Generation","RENEW_FCST_ACT_MW",3,3,205.98904,"ACTUAL",3
"68","2019-10-02",14,0,"2019-10-02T20:00:00-00:00","2019-10-02T21:00:00-00:00","SP15","Solar","Renewable Forecast Actual Generation","RENEW_FCST_ACT_MW",3,3,7089.07754,"ACTUAL",3
"69","2019-10-02",17,0,"2019-10-02T23:00:00-00:00","2019-10-03T00:00:00-00:00","SP15","Solar","Renewable Forecast Actual Generation","RENEW_FCST_ACT_MW",3,3,5591.35176,"ACTUAL",3
"70","2019-10-02",18,0,"2019-10-03T00:00:00-00:00","2019-10-03T01:00:00-00:00","SP15","Wind","Renewable Forecast Actual Generation","RENEW_FCST_ACT_MW",3,1,174.68287,"ACTUAL",4
"71","2019-10-02",19,0,"2019-10-03T01:00:00-00:00","2019-10-03T02:00:00-00:00","SP15","Wind","Renewable Forecast Actual Generation","RENEW_FCST_ACT_MW",3,1,165.85632,"ACTUAL",4
"72","2019-10-02",20,0,"2019-10-03T02:00:00-00:00","2019-10-03T03:00:00-00:00","SP15","Wind","Renewable Forecast Actual Generation","RENEW_FCST_ACT_MW",3,1,166.86337,"ACTUAL",4
"73","2019-10-02",21,0,"2019-10-03T03:00:00-00:00","2019-10-03T04:00:00-00:00","SP15","Wind","Renewable Forecast Actual Generation","RENEW_FCST_ACT_MW",3,1,172.62315,"ACTUAL",4
"74","2019-10-02",22,0,"2019-10-03T04:00:00-00:00","2019-10-03T05:00:00-00:00","SP15","Wind","Renewable Forecast Actual Generation","RENEW_FCST_ACT_MW",3,1,174.03233,"ACTUAL",4
"75","2019-10-02",23,0,"2019-10-03T05:00:00-00:00","2019-10-03T06:00:00-00:00","SP15","Wind","Renewable Forecast Actual Generation","RENEW_FCST_ACT_MW",3,1,176.18836,"ACTUAL",4
"76","2019-10-02",24,0,"2019-10-03T06:00:00-00:00","2019-10-03T07:00:00-00:00","SP15","Wind","Renewable Forecast Actual Generation","RENEW_FCST_ACT_MW",3,1,180.79028,"ACTUAL",4
"77","2019-10-02",2,0,"2019-10-02T08:00:00-00:00","2019-10-02T09:00:00-00:00","SP15","Wind","Renewable Forecast Actual Generation","RENEW_FCST_ACT_MW",3,1,569.29162,"ACTUAL",4
"78","2019-10-02",3,0,"2019-10-02T09:00:00-00:00","2019-10-02T10:00:00-00:00","SP15","Wind","Renewable Forecast Actual Generation","RENEW_FCST_ACT_MW",3,1,428.54042,"ACTUAL",4
"79","2019-10-02",4,0,"2019-10-02T10:00:00-00:00","2019-10-02T11:00:00-00:00","SP15","Wind","Renewable Forecast Actual Generation","RENEW_FCST_ACT_MW",3,1,349.64715,"ACTUAL",4
"80","2019-10-02",5,0,"2019-10-02T11:00:00-00:00","2019-10-02T12:00:00-00:00","SP15","Wind","Renewable Forecast Actual Generation","RENEW_FCST_ACT_MW",3,1,226.78101,"ACTUAL",4
"81","2019-10-02",6,0,"2019-10-02T12:00:00-00:00","2019-10-02T13:00:00-00:00","SP15","Wind","Renewable Forecast Actual Generation","RENEW_FCST_ACT_MW",3,1,208.87687,"ACTUAL",4
"82","2019-10-02",7,0,"2019-10-02T13:00:00-00:00","2019-10-02T14:00:00-00:00","SP15","Wind","Renewable Forecast Actual Generation","RENEW_FCST_ACT_MW",3,1,221.02461,"ACTUAL",4
"83","2019-10-02",8,0,"2019-10-02T14:00:00-00:00","2019-10-02T15:00:00-00:00","SP15","Wind","Renewable Forecast Actual Generation","RENEW_FCST_ACT_MW",3,1,253.60008,"ACTUAL",4
"84","2019-10-02",9,0,"2019-10-02T15:00:00-00:00","2019-10-02T16:00:00-00:00","SP15","Wind","Renewable Forecast Actual Generation","RENEW_FCST_ACT_MW",3,1,245.86272,"ACTUAL",4
"85","2019-10-02",10,0,"2019-10-02T16:00:00-00:00","2019-10-02T17:00:00-00:00","SP15","Wind","Renewable Forecast Actual Generation","RENEW_FCST_ACT_MW",3,1,311.41681,"ACTUAL",4
"86","2019-10-02",11,0,"2019-10-02T17:00:00-00:00","2019-10-02T18:00:00-00:00","SP15","Wind","Renewable Forecast Actual Generation","RENEW_FCST_ACT_MW",3,1,452.3143,"ACTUAL",4
"87","2019-10-02",12,0,"2019-10-02T18:00:00-00:00","2019-10-02T19:00:00-00:00","SP15","Wind","Renewable Forecast Actual Generation","RENEW_FCST_ACT_MW",3,1,555.03836,"ACTUAL",4
"88","2019-10-02",13,0,"2019-10-02T19:00:00-00:00","2019-10-02T20:00:00-00:00","SP15","Wind","Renewable Forecast Actual Generation","RENEW_FCST_ACT_MW",3,1,488.84383,"ACTUAL",4
"89","2019-10-02",14,0,"2019-10-02T20:00:00-00:00","2019-10-02T21:00:00-00:00","SP15","Wind","Renewable Forecast Actual Generation","RENEW_FCST_ACT_MW",3,1,391.19703,"ACTUAL",4
"90","2019-10-02",15,0,"2019-10-02T21:00:00-00:00","2019-10-02T22:00:00-00:00","SP15","Wind","Renewable Forecast Actual Generation","RENEW_FCST_ACT_MW",3,1,295.51294,"ACTUAL",4
"91","2019-10-02",16,0,"2019-10-02T22:00:00-00:00","2019-10-02T23:00:00-00:00","SP15","Wind","Renewable Forecast Actual Generation","RENEW_FCST_ACT_MW",3,1,221.8379,"ACTUAL",4
"92","2019-10-02",17,0,"2019-10-02T23:00:00-00:00","2019-10-03T00:00:00-00:00","SP15","Wind","Renewable Forecast Actual Generation","RENEW_FCST_ACT_MW",3,1,188.35708,"ACTUAL",4
"93","2019-10-02",18,0,"2019-10-03T00:00:00-00:00","2019-10-03T01:00:00-00:00","ZP26","Solar","Renewable Forecast Actual Generation","RENEW_FCST_ACT_MW",3,3,600.6307,"ACTUAL",5
"94","2019-10-02",17,0,"2019-10-02T23:00:00-00:00","2019-10-03T00:00:00-00:00","ZP26","Solar","Renewable Forecast Actual Generation","RENEW_FCST_ACT_MW",3,3,1237.26127,"ACTUAL",5
"95","2019-10-02",20,0,"2019-10-03T02:00:00-00:00","2019-10-03T03:00:00-00:00","ZP26","Solar","Renewable Forecast Actual Generation","RENEW_FCST_ACT_MW",3,3,-5.2848,"ACTUAL",5
"96","2019-10-02",21,0,"2019-10-03T03:00:00-00:00","2019-10-03T04:00:00-00:00","ZP26","Solar","Renewable Forecast Actual Generation","RENEW_FCST_ACT_MW",3,3,-5.15934,"ACTUAL",5
"97","2019-10-02",22,0,"2019-10-03T04:00:00-00:00","2019-10-03T05:00:00-00:00","ZP26","Solar","Renewable Forecast Actual Generation","RENEW_FCST_ACT_MW",3,3,-5.12803,"ACTUAL",5
"98","2019-10-02",23,0,"2019-10-03T05:00:00-00:00","2019-10-03T06:00:00-00:00","ZP26","Solar","Renewable Forecast Actual Generation","RENEW_FCST_ACT_MW",3,3,-5.15085,"ACTUAL",5
"99","2019-10-02",24,0,"2019-10-03T06:00:00-00:00","2019-10-03T07:00:00-00:00","ZP26","Solar","Renewable Forecast Actual Generation","RENEW_FCST_ACT_MW",3,3,-5.18891,"ACTUAL",5
"100","2019-10-02",2,0,"2019-10-02T08:00:00-00:00","2019-10-02T09:00:00-00:00","ZP26","Solar","Renewable Forecast Actual Generation","RENEW_FCST_ACT_MW",3,3,-5.2002,"ACTUAL",5
"101","2019-10-02",3,0,"2019-10-02T09:00:00-00:00","2019-10-02T10:00:00-00:00","ZP26","Solar","Renewable Forecast Actual Generation","RENEW_FCST_ACT_MW",3,3,-5.17587,"ACTUAL",5
"102","2019-10-02",4,0,"2019-10-02T10:00:00-00:00","2019-10-02T11:00:00-00:00","ZP26","Solar","Renewable Forecast Actual Generation","RENEW_FCST_ACT_MW",3,3,-5.1451,"ACTUAL",5
"103","2019-10-02",5,0,"2019-10-02T11:00:00-00:00","2019-10-02T12:00:00-00:00","ZP26","Solar","Renewable Forecast Actual Generation","RENEW_FCST_ACT_MW",3,3,-5.54632,"ACTUAL",5
"104","2019-10-02",6,0,"2019-10-02T12:00:00-00:00","2019-10-02T13:00:00-00:00","ZP26","Solar","Renewable Forecast Actual Generation","RENEW_FCST_ACT_MW",3,3,-5.51771,"ACTUAL",5
"105","2019-10-02",7,0,"2019-10-02T13:00:00-00:00","2019-10-02T14:00:00-00:00","ZP26","Solar","Renewable Forecast Actual Generation","RENEW_FCST_ACT_MW",3,3,-5.22701,"ACTUAL",5
"106","2019-10-02",8,0,"2019-10-02T14:00:00-00:00","2019-10-02T15:00:00-00:00","ZP26","Solar","Renewable Forecast Actual Generation","RENEW_FCST_ACT_MW",3,3,208.32549,"ACTUAL",5
"107","2019-10-02",9,0,"2019-10-02T15:00:00-00:00","2019-10-02T16:00:00-00:00","ZP26","Solar","Renewable Forecast Actual Generation","RENEW_FCST_ACT_MW",3,3,914.20228,"ACTUAL",5
"108","2019-10-02",10,0,"2019-10-02T16:00:00-00:00","2019-10-02T17:00:00-00:00","ZP26","Solar","Renewable Forecast Actual Generation","RENEW_FCST_ACT_MW",3,3,1392.7029,"ACTUAL",5
"109","2019-10-02",11,0,"2019-10-02T17:00:00-00:00","2019-10-02T18:00:00-00:00","ZP26","Solar","Renewable Forecast Actual Generation","RENEW_FCST_ACT_MW",3,3,1546.45954,"ACTUAL",5
"110","2019-10-02",12,0,"2019-10-02T18:00:00-00:00","2019-10-02T19:00:00-00:00","ZP26","Solar","Renewable Forecast Actual Generation","RENEW_FCST_ACT_MW",3,3,1580.27885,"ACTUAL",5
"111","2019-10-02",13,0,"2019-10-02T19:00:00-00:00","2019-10-02T20:00:00-00:00","ZP26","Solar","Renewable Forecast Actual Generation","RENEW_FCST_ACT_MW",3,3,1577.13754,"ACTUAL",5
"112","2019-10-02",14,0,"2019-10-02T20:00:00-00:00","2019-10-02T21:00:00-00:00","ZP26","Solar","Renewable Forecast Actual Generation","RENEW_FCST_ACT_MW",3,3,1593.52134,"ACTUAL",5
"113","2019-10-02",15,0,"2019-10-02T21:00:00-00:00","2019-10-02T22:00:00-00:00","ZP26","Solar","Renewable Forecast Actual Generation","RENEW_FCST_ACT_MW",3,3,1597.97607,"ACTUAL",5
"114","2019-10-02",16,0,"2019-10-02T22:00:00-00:00","2019-10-02T23:00:00-00:00","ZP26","Solar","Renewable Forecast Actual Generation","RENEW_FCST_ACT_MW",3,3,1513.31133,"ACTUAL",5
"115","2019-10-02",19,0,"2019-10-03T01:00:00-00:00","2019-10-03T02:00:00-00:00","ZP26","Solar","Renewable Forecast Actual Generation","RENEW_FCST_ACT_MW",3,3,51.9467,"ACTUAL",5
"116","2019-10-03",1,0,"2019-10-03T07:00:00-00:00","2019-10-03T08:00:00-00:00","NP15","Solar","Renewable Forecast Actual Generation","RENEW_FCST_ACT_MW",3,3,-3.19419,"ACTUAL",6
"117","2019-10-03",1,0,"2019-10-03T07:00:00-00:00","2019-10-03T08:00:00-00:00","NP15","Wind","Renewable Forecast Actual Generation","RENEW_FCST_ACT_MW",3,1,466.84869,"ACTUAL",7
"118","2019-10-03",1,0,"2019-10-03T07:00:00-00:00","2019-10-03T08:00:00-00:00","SP15","Solar","Renewable Forecast Actual Generation","RENEW_FCST_ACT_MW",3,3,-10.63118,"ACTUAL",8
"119","2019-10-03",1,0,"2019-10-03T07:00:00-00:00","2019-10-03T08:00:00-00:00","SP15","Wind","Renewable Forecast Actual Generation","RENEW_FCST_ACT_MW",3,1,179.07488,"ACTUAL",9
"120","2019-10-03",1,0,"2019-10-03T07:00:00-00:00","2019-10-03T08:00:00-00:00","ZP26","Solar","Renewable Forecast Actual Generation","RENEW_FCST_ACT_MW",3,3,-5.13071,"ACTUAL",10
