"","OPR_DT","OPR_HR","OPR_INTERVAL","INTERVALSTARTTIME_GMT","INTERVALENDTIME_GMT","TRADING_HUB","RENEWABLE_TYPE","LABEL","XML_DATA_ITEM","MARKET_RUN_ID_POS","RENEW_POS","MW","MARKET_RUN_ID","GROUP"
"1","2019-07-13",2,0,"2019-07-13T08:00:00-00:00","2019-07-13T09:00:00-00:00","NP15","Solar","Renewable Forecast Actual Generation","RENEW_FCST_ACT_MW",3,3,-3.49409,"ACTUAL",1
"2","2019-07-13",3,0,"2019-07-13T09:00:00-00:00","2019-07-13T10:00:00-00:00","NP15","Solar","Renewable Forecast Actual Generation","RENEW_FCST_ACT_MW",3,3,-3.48049,"ACTUAL",1
"3","2019-07-13",4,0,"2019-07-13T10:00:00-00:00","2019-07-13T11:00:00-00:00","NP15","Solar","Renewable Forecast Actual Generation","RENEW_FCST_ACT_MW",3,3,-3.49167,"ACTUAL",1
"4","2019-07-13",5,0,"2019-07-13T11:00:00-00:00","2019-07-13T12:00:00-00:00","NP15","Solar","Renewable Forecast Actual Generation","RENEW_FCST_ACT_MW",3,3,-3.5009,"ACTUAL",1
"5","2019-07-13",6,0,"2019-07-13T12:00:00-00:00","2019-07-13T13:00:00-00:00","NP15","Solar","Renewable Forecast Actual Generation","RENEW_FCST_ACT_MW",3,3,-3.28966,"ACTUAL",1
"6","2019-07-13",7,0,"2019-07-13T13:00:00-00:00","2019-07-13T14:00:00-00:00","NP15","Solar","Renewable Forecast Actual Generation","RENEW_FCST_ACT_MW",3,3,183.93702,"ACTUAL",1
"7","2019-07-13",8,0,"2019-07-13T14:00:00-00:00","2019-07-13T15:00:00-00:00","NP15","Solar","Renewable Forecast Actual Generation","RENEW_FCST_ACT_MW",3,3,873.95463,"ACTUAL",1
"8","2019-07-13",9,0,"2019-07-13T15:00:00-00:00","2019-07-13T16:00:00-00:00","NP15","Solar","Renewable Forecast Actual Generation","RENEW_FCST_ACT_MW",3,3,1262.90807,"ACTUAL",1
"9","2019-07-13",10,0,"2019-07-13T16:00:00-00:00","2019-07-13T17:00:00-00:00","NP15","Solar","Renewable Forecast Actual Generation","RENEW_FCST_ACT_MW",3,3,1357.69126,"ACTUAL",1
"10","2019-07-13",11,0,"2019-07-13T17:00:00-00:00","2019-07-13T18:00:00-00:00","NP15","Solar","Renewable Forecast Actual Generation","RENEW_FCST_ACT_MW",3,3,1387.05458,"ACTUAL",1
"11","2019-07-13",12,0,"2019-07-13T18:00:00-00:00","2019-07-13T19:00:00-00:00","NP15","Solar","Renewable Forecast Actual Generation","RENEW_FCST_ACT_MW",3,3,1400.05434,"ACTUAL",1
"12","2019-07-13",13,0,"2019-07-13T19:00:00-00:00","2019-07-13T20:00:00-00:00","NP15","Solar","Renewable Forecast Actual Generation","RENEW_FCST_ACT_MW",3,3,1396.51171,"ACTUAL",1
"13","2019-07-13",14,0,"2019-07-13T20:00:00-00:00","2019-07-13T21:00:00-00:00","NP15","Solar","Renewable Forecast Actual Generation","RENEW_FCST_ACT_MW",3,3,1389.49952,"ACTUAL",1
"14","2019-07-13",15,0,"2019-07-13T21:00:00-00:00","2019-07-13T22:00:00-00:00","NP15","Solar","Renewable Forecast Actual Generation","RENEW_FCST_ACT_MW",3,3,1376.05372,"ACTUAL",1
"15","2019-07-13",16,0,"2019-07-13T22:00:00-00:00","2019-07-13T23:00:00-00:00","NP15","Solar","Renewable Forecast Actual Generation","RENEW_FCST_ACT_MW",3,3,1364.63963,"ACTUAL",1
"16","2019-07-13",17,0,"2019-07-13T23:00:00-00:00","2019-07-14T00:00:00-00:00","NP15","Solar","Renewable Forecast Actual Generation","RENEW_FCST_ACT_MW",3,3,1335.51704,"ACTUAL",1
"17","2019-07-13",18,0,"2019-07-14T00:00:00-00:00","2019-07-14T01:00:00-00:00","NP15","Solar","Renewable Forecast Actual Generation","RENEW_FCST_ACT_MW",3,3,1232.90916,"ACTUAL",1
"18","2019-07-13",19,0,"2019-07-14T01:00:00-00:00","2019-07-14T02:00:00-00:00","NP15","Solar","Renewable Forecast Actual Generation","RENEW_FCST_ACT_MW",3,3,922.40812,"ACTUAL",1
"19","2019-07-13",20,0,"2019-07-14T02:00:00-00:00","2019-07-14T03:00:00-00:00","NP15","Solar","Renewable Forecast Actual Generation","RENEW_FCST_ACT_MW",3,3,284.69822,"ACTUAL",1
"20","2019-07-13",21,0,"2019-07-14T03:00:00-00:00","2019-07-14T04:00:00-00:00","NP15","Solar","Renewable Forecast Actual Generation","RENEW_FCST_ACT_MW",3,3,0.60493,"ACTUAL",1
"21","2019-07-13",22,0,"2019-07-14T04:00:00-00:00","2019-07-14T05:00:00-00:00","NP15","Solar","Renewable Forecast Actual Generation","RENEW_FCST_ACT_MW",3,3,-3.53377,"ACTUAL",1
"22","2019-07-13",23,0,"2019-07-14T05:00:00-00:00","2019-07-14T06:00:00-00:00","NP15","Solar","Renewable Forecast Actual Generation","RENEW_FCST_ACT_MW",3,3,-3.6065,"ACTUAL",1
"23","2019-07-13",24,0,"2019-07-14T06:00:00-00:00","2019-07-14T07:00:00-00:00","NP15","Solar","Renewable Forecast Actual Generation","RENEW_FCST_ACT_MW",3,3,-3.61906,"ACTUAL",1
"24","2019-07-13",18,0,"2019-07-14T00:00:00-00:00","2019-07-14T01:00:00-00:00","NP15","Wind","Renewable Forecast Actual Generation","RENEW_FCST_ACT_MW",3,1,584.8812,"ACTUAL",2
"25","2019-07-13",6,0,"2019-07-13T12:00:00-00:00","2019-07-13T13:00:00-00:00","NP15","Wind","Renewable Forecast Actual Generation","RENEW_FCST_ACT_MW",3,1,1086.28707,"ACTUAL",2
"26","2019-07-13",17,0,"2019-07-13T23:00:00-00:00","2019-07-14T00:00:00-00:00","NP15","Wind","Renewable Forecast Actual Generation","RENEW_FCST_ACT_MW",3,1,538.10574,"ACTUAL",2
"27","2019-07-13",16,0,"2019-07-13T22:00:00-00:00","2019-07-13T23:00:00-00:00","NP15","Wind","Renewable Forecast Actual Generation","RENEW_FCST_ACT_MW",3,1,528.35057,"ACTUAL",2
"28","2019-07-13",15,0,"2019-07-13T21:00:00-00:00","2019-07-13T22:00:00-00:00","NP15","Wind","Renewable Forecast Actual Generation","RENEW_FCST_ACT_MW",3,1,522.46199,"ACTUAL",2
"29","2019-07-13",14,0,"2019-07-13T20:00:00-00:00","2019-07-13T21:00:00-00:00","NP15","Wind","Renewable Forecast Actual Generation","RENEW_FCST_ACT_MW",3,1,424.90426,"ACTUAL",2
"30","2019-07-13",13,0,"2019-07-13T19:00:00-00:00","2019-07-13T20:00:00-00:00","NP15","Wind","Renewable Forecast Actual Generation","RENEW_FCST_ACT_MW",3,1,372.21328,"ACTUAL",2
"31","2019-07-13",12,0,"2019-07-13T18:00:00-00:00","2019-07-13T19:00:00-00:00","NP15","Wind","Renewable Forecast Actual Generation","RENEW_FCST_ACT_MW",3,1,397.67219,"ACTUAL",2
"32","2019-07-13",11,0,"2019-07-13T17:00:00-00:00","2019-07-13T18:00:00-00:00","NP15","Wind","Renewable Forecast Actual Generation","RENEW_FCST_ACT_MW",3,1,408.44388,"ACTUAL",2
"33","2019-07-13",10,0,"2019-07-13T16:00:00-00:00","2019-07-13T17:00:00-00:00","NP15","Wind","Renewable Forecast Actual Generation","RENEW_FCST_ACT_MW",3,1,502.99666,"ACTUAL",2
"34","2019-07-13",9,0,"2019-07-13T15:00:00-00:00","2019-07-13T16:00:00-00:00","NP15","Wind","Renewable Forecast Actual Generation","RENEW_FCST_ACT_MW",3,1,596.44429,"ACTUAL",2
"35","2019-07-13",8,0,"2019-07-13T14:00:00-00:00","2019-07-13T15:00:00-00:00","NP15","Wind","Renewable Forecast Actual Generation","RENEW_FCST_ACT_MW",3,1,748.83694,"ACTUAL",2
"36","2019-07-13",7,0,"2019-07-13T13:00:00-00:00","2019-07-13T14:00:00-00:00","NP15","Wind","Renewable Forecast Actual Generation","RENEW_FCST_ACT_MW",3,1,889.92503,"ACTUAL",2
"37","2019-07-13",5,0,"2019-07-13T11:00:00-00:00","2019-07-13T12:00:00-00:00","NP15","Wind","Renewable Forecast Actual Generation","RENEW_FCST_ACT_MW",3,1,1140.03748,"ACTUAL",2
"38","2019-07-13",4,0,"2019-07-13T10:00:00-00:00","2019-07-13T11:00:00-00:00","NP15","Wind","Renewable Forecast Actual Generation","RENEW_FCST_ACT_MW",3,1,1215.52811,"ACTUAL",2
"39","2019-07-13",3,0,"2019-07-13T09:00:00-00:00","2019-07-13T10:00:00-00:00","NP15","Wind","Renewable Forecast Actual Generation","RENEW_FCST_ACT_MW",3,1,1244.31106,"ACTUAL",2
"40","2019-07-13",2,0,"2019-07-13T08:00:00-00:00","2019-07-13T09:00:00-00:00","NP15","Wind","Renewable Forecast Actual Generation","RENEW_FCST_ACT_MW",3,1,1244.21876,"ACTUAL",2
"41","2019-07-13",24,0,"2019-07-14T06:00:00-00:00","2019-07-14T07:00:00-00:00","NP15","Wind","Renewable Forecast Actual Generation","RENEW_FCST_ACT_MW",3,1,1062.07995,"ACTUAL",2
"42","2019-07-13",23,0,"2019-07-14T05:00:00-00:00","2019-07-14T06:00:00-00:00","NP15","Wind","Renewable Forecast Actual Generation","RENEW_FCST_ACT_MW",3,1,1095.78566,"ACTUAL",2
"43","2019-07-13",22,0,"2019-07-14T04:00:00-00:00","2019-07-14T05:00:00-00:00","NP15","Wind","Renewable Forecast Actual Generation","RENEW_FCST_ACT_MW",3,1,1078.27,"ACTUAL",2
"44","2019-07-13",21,0,"2019-07-14T03:00:00-00:00","2019-07-14T04:00:00-00:00","NP15","Wind","Renewable Forecast Actual Generation","RENEW_FCST_ACT_MW",3,1,963.86552,"ACTUAL",2
"45","2019-07-13",20,0,"2019-07-14T02:00:00-00:00","2019-07-14T03:00:00-00:00","NP15","Wind","Renewable Forecast Actual Generation","RENEW_FCST_ACT_MW",3,1,825.96722,"ACTUAL",2
"46","2019-07-13",19,0,"2019-07-14T01:00:00-00:00","2019-07-14T02:00:00-00:00","NP15","Wind","Renewable Forecast Actual Generation","RENEW_FCST_ACT_MW",3,1,748.23496,"ACTUAL",2
"47","2019-07-13",6,0,"2019-07-13T12:00:00-00:00","2019-07-13T13:00:00-00:00","SP15","Solar","Renewable Forecast Actual Generation","RENEW_FCST_ACT_MW",3,3,-6.34831,"ACTUAL",3
"48","2019-07-13",18,0,"2019-07-14T00:00:00-00:00","2019-07-14T01:00:00-00:00","SP15","Solar","Renewable Forecast Actual Generation","RENEW_FCST_ACT_MW",3,3,4288.56722,"ACTUAL",3
"49","2019-07-13",5,0,"2019-07-13T11:00:00-00:00","2019-07-13T12:00:00-00:00","SP15","Solar","Renewable Forecast Actual Generation","RENEW_FCST_ACT_MW",3,3,-5.95712,"ACTUAL",3
"50","2019-07-13",11,0,"2019-07-13T17:00:00-00:00","2019-07-13T18:00:00-00:00","SP15","Solar","Renewable Forecast Actual Generation","RENEW_FCST_ACT_MW",3,3,6735.76488,"ACTUAL",3
"51","2019-07-13",4,0,"2019-07-13T10:00:00-00:00","2019-07-13T11:00:00-00:00","SP15","Solar","Renewable Forecast Actual Generation","RENEW_FCST_ACT_MW",3,3,-4.07917,"ACTUAL",3
"52","2019-07-13",15,0,"2019-07-13T21:00:00-00:00","2019-07-13T22:00:00-00:00","SP15","Solar","Renewable Forecast Actual Generation","RENEW_FCST_ACT_MW",3,3,6416.49944,"ACTUAL",3
"53","2019-07-13",3,0,"2019-07-13T09:00:00-00:00","2019-07-13T10:00:00-00:00","SP15","Solar","Renewable Forecast Actual Generation","RENEW_FCST_ACT_MW",3,3,-4.58543,"ACTUAL",3
"54","2019-07-13",10,0,"2019-07-13T16:00:00-00:00","2019-07-13T17:00:00-00:00","SP15","Solar","Renewable Forecast Actual Generation","RENEW_FCST_ACT_MW",3,3,6213.01193,"ACTUAL",3
"55","2019-07-13",2,0,"2019-07-13T08:00:00-00:00","2019-07-13T09:00:00-00:00","SP15","Solar","Renewable Forecast Actual Generation","RENEW_FCST_ACT_MW",3,3,-6.02786,"ACTUAL",3
"56","2019-07-13",13,0,"2019-07-13T19:00:00-00:00","2019-07-13T20:00:00-00:00","SP15","Solar","Renewable Forecast Actual Generation","RENEW_FCST_ACT_MW",3,3,6760.53511,"ACTUAL",3
"57","2019-07-13",24,0,"2019-07-14T06:00:00-00:00","2019-07-14T07:00:00-00:00","SP15","Solar","Renewable Forecast Actual Generation","RENEW_FCST_ACT_MW",3,3,-0.96478,"ACTUAL",3
"58","2019-07-13",9,0,"2019-07-13T15:00:00-00:00","2019-07-13T16:00:00-00:00","SP15","Solar","Renewable Forecast Actual Generation","RENEW_FCST_ACT_MW",3,3,5599.72592,"ACTUAL",3
"59","2019-07-13",23,0,"2019-07-14T05:00:00-00:00","2019-07-14T06:00:00-00:00","SP15","Solar","Renewable Forecast Actual Generation","RENEW_FCST_ACT_MW",3,3,-0.86101,"ACTUAL",3
"60","2019-07-13",16,0,"2019-07-13T22:00:00-00:00","2019-07-13T23:00:00-00:00","SP15","Solar","Renewable Forecast Actual Generation","RENEW_FCST_ACT_MW",3,3,6203.78387,"ACTUAL",3
"61","2019-07-13",22,0,"2019-07-14T04:00:00-00:00","2019-07-14T05:00:00-00:00","SP15","Solar","Renewable Forecast Actual Generation","RENEW_FCST_ACT_MW",3,3,-1.24545,"ACTUAL",3
"62","2019-07-13",8,0,"2019-07-13T14:00:00-00:00","2019-07-13T15:00:00-00:00","SP15","Solar","Renewable Forecast Actual Generation","RENEW_FCST_ACT_MW",3,3,3504.09703,"ACTUAL",3
"63","2019-07-13",21,0,"2019-07-14T03:00:00-00:00","2019-07-14T04:00:00-00:00","SP15","Solar","Renewable Forecast Actual Generation","RENEW_FCST_ACT_MW",3,3,-0.75236,"ACTUAL",3
"64","2019-07-13",12,0,"2019-07-13T18:00:00-00:00","2019-07-13T19:00:00-00:00","SP15","Solar","Renewable Forecast Actual Generation","RENEW_FCST_ACT_MW",3,3,6768.07208,"ACTUAL",3
"65","2019-07-13",20,0,"2019-07-14T02:00:00-00:00","2019-07-14T03:00:00-00:00","SP15","Solar","Renewable Forecast Actual Generation","RENEW_FCST_ACT_MW",3,3,575.92753,"ACTUAL",3
"66","2019-07-13",7,0,"2019-07-13T13:00:00-00:00","2019-07-13T14:00:00-00:00","SP15","Solar","Renewable Forecast Actual Generation","RENEW_FCST_ACT_MW",3,3,791.06228,"ACTUAL",3
"67","2019-07-13",19,0,"2019-07-14T01:00:00-00:00","2019-07-14T02:00:00-00:00","SP15","Solar","Renewable Forecast Actual Generation","RENEW_FCST_ACT_MW",3,3,2719.76344,"ACTUAL",3
"68","2019-07-13",14,0,"2019-07-13T20:00:00-00:00","2019-07-13T21:00:00-00:00","SP15","Solar","Renewable Forecast Actual Generation","RENEW_FCST_ACT_MW",3,3,6134.56108,"ACTUAL",3
"69","2019-07-13",17,0,"2019-07-13T23:00:00-00:00","2019-07-14T00:00:00-00:00","SP15","Solar","Renewable Forecast Actual Generation","RENEW_FCST_ACT_MW",3,3,5669.9059,"ACTUAL",3
"70","2019-07-13",18,0,"2019-07-14T00:00:00-00:00","2019-07-14T01:00:00-00:00","SP15","Wind","Renewable Forecast Actual Generation","RENEW_FCST_ACT_MW",3,1,734.63783,"ACTUAL",4
"71","2019-07-13",19,0,"2019-07-14T01:00:00-00:00","2019-07-14T02:00:00-00:00","SP15","Wind","Renewable Forecast Actual Generation","RENEW_FCST_ACT_MW",3,1,549.21148,"ACTUAL",4
"72","2019-07-13",20,0,"2019-07-14T02:00:00-00:00","2019-07-14T03:00:00-00:00","SP15","Wind","Renewable Forecast Actual Generation","RENEW_FCST_ACT_MW",3,1,567.14448,"ACTUAL",4
"73","2019-07-13",21,0,"2019-07-14T03:00:00-00:00","2019-07-14T04:00:00-00:00","SP15","Wind","Renewable Forecast Actual Generation","RENEW_FCST_ACT_MW",3,1,792.34409,"ACTUAL",4
"74","2019-07-13",22,0,"2019-07-14T04:00:00-00:00","2019-07-14T05:00:00-00:00","SP15","Wind","Renewable Forecast Actual Generation","RENEW_FCST_ACT_MW",3,1,983.58073,"ACTUAL",4
"75","2019-07-13",23,0,"2019-07-14T05:00:00-00:00","2019-07-14T06:00:00-00:00","SP15","Wind","Renewable Forecast Actual Generation","RENEW_FCST_ACT_MW",3,1,976.21271,"ACTUAL",4
"76","2019-07-13",24,0,"2019-07-14T06:00:00-00:00","2019-07-14T07:00:00-00:00","SP15","Wind","Renewable Forecast Actual Generation","RENEW_FCST_ACT_MW",3,1,860.23517,"ACTUAL",4
"77","2019-07-13",2,0,"2019-07-13T08:00:00-00:00","2019-07-13T09:00:00-00:00","SP15","Wind","Renewable Forecast Actual Generation","RENEW_FCST_ACT_MW",3,1,1876.69558,"ACTUAL",4
"78","2019-07-13",3,0,"2019-07-13T09:00:00-00:00","2019-07-13T10:00:00-00:00","SP15","Wind","Renewable Forecast Actual Generation","RENEW_FCST_ACT_MW",3,1,1813.5518,"ACTUAL",4
"79","2019-07-13",4,0,"2019-07-13T10:00:00-00:00","2019-07-13T11:00:00-00:00","SP15","Wind","Renewable Forecast Actual Generation","RENEW_FCST_ACT_MW",3,1,1628.97571,"ACTUAL",4
"80","2019-07-13",5,0,"2019-07-13T11:00:00-00:00","2019-07-13T12:00:00-00:00","SP15","Wind","Renewable Forecast Actual Generation","RENEW_FCST_ACT_MW",3,1,1493.76986,"ACTUAL",4
"81","2019-07-13",6,0,"2019-07-13T12:00:00-00:00","2019-07-13T13:00:00-00:00","SP15","Wind","Renewable Forecast Actual Generation","RENEW_FCST_ACT_MW",3,1,1127.07099,"ACTUAL",4
"82","2019-07-13",7,0,"2019-07-13T13:00:00-00:00","2019-07-13T14:00:00-00:00","SP15","Wind","Renewable Forecast Actual Generation","RENEW_FCST_ACT_MW",3,1,546.86546,"ACTUAL",4
"83","2019-07-13",8,0,"2019-07-13T14:00:00-00:00","2019-07-13T15:00:00-00:00","SP15","Wind","Renewable Forecast Actual Generation","RENEW_FCST_ACT_MW",3,1,279.23757,"ACTUAL",4
"84","2019-07-13",9,0,"2019-07-13T15:00:00-00:00","2019-07-13T16:00:00-00:00","SP15","Wind","Renewable Forecast Actual Generation","RENEW_FCST_ACT_MW",3,1,146.20096,"ACTUAL",4
"85","2019-07-13",10,0,"2019-07-13T16:00:00-00:00","2019-07-13T17:00:00-00:00","SP15","Wind","Renewable Forecast Actual Generation","RENEW_FCST_ACT_MW",3,1,69.53419,"ACTUAL",4
"86","2019-07-13",11,0,"2019-07-13T17:00:00-00:00","2019-07-13T18:00:00-00:00","SP15","Wind","Renewable Forecast Actual Generation","RENEW_FCST_ACT_MW",3,1,91.37588,"ACTUAL",4
"87","2019-07-13",12,0,"2019-07-13T18:00:00-00:00","2019-07-13T19:00:00-00:00","SP15","Wind","Renewable Forecast Actual Generation","RENEW_FCST_ACT_MW",3,1,206.37066,"ACTUAL",4
"88","2019-07-13",13,0,"2019-07-13T19:00:00-00:00","2019-07-13T20:00:00-00:00","SP15","Wind","Renewable Forecast Actual Generation","RENEW_FCST_ACT_MW",3,1,390.43384,"ACTUAL",4
"89","2019-07-13",14,0,"2019-07-13T20:00:00-00:00","2019-07-13T21:00:00-00:00","SP15","Wind","Renewable Forecast Actual Generation","RENEW_FCST_ACT_MW",3,1,667.71124,"ACTUAL",4
"90","2019-07-13",15,0,"2019-07-13T21:00:00-00:00","2019-07-13T22:00:00-00:00","SP15","Wind","Renewable Forecast Actual Generation","RENEW_FCST_ACT_MW",3,1,746.72869,"ACTUAL",4
"91","2019-07-13",16,0,"2019-07-13T22:00:00-00:00","2019-07-13T23:00:00-00:00","SP15","Wind","Renewable Forecast Actual Generation","RENEW_FCST_ACT_MW",3,1,750.05272,"ACTUAL",4
"92","2019-07-13",17,0,"2019-07-13T23:00:00-00:00","2019-07-14T00:00:00-00:00","SP15","Wind","Renewable Forecast Actual Generation","RENEW_FCST_ACT_MW",3,1,748.99371,"ACTUAL",4
"93","2019-07-13",18,0,"2019-07-14T00:00:00-00:00","2019-07-14T01:00:00-00:00","ZP26","Solar","Renewable Forecast Actual Generation","RENEW_FCST_ACT_MW",3,3,1220.18156,"ACTUAL",5
"94","2019-07-13",17,0,"2019-07-13T23:00:00-00:00","2019-07-14T00:00:00-00:00","ZP26","Solar","Renewable Forecast Actual Generation","RENEW_FCST_ACT_MW",3,3,1488.81276,"ACTUAL",5
"95","2019-07-13",20,0,"2019-07-14T02:00:00-00:00","2019-07-14T03:00:00-00:00","ZP26","Solar","Renewable Forecast Actual Generation","RENEW_FCST_ACT_MW",3,3,195.13322,"ACTUAL",5
"96","2019-07-13",21,0,"2019-07-14T03:00:00-00:00","2019-07-14T04:00:00-00:00","ZP26","Solar","Renewable Forecast Actual Generation","RENEW_FCST_ACT_MW",3,3,-4.35437,"ACTUAL",5
"97","2019-07-13",22,0,"2019-07-14T04:00:00-00:00","2019-07-14T05:00:00-00:00","ZP26","Solar","Renewable Forecast Actual Generation","RENEW_FCST_ACT_MW",3,3,-5.28757,"ACTUAL",5
"98","2019-07-13",23,0,"2019-07-14T05:00:00-00:00","2019-07-14T06:00:00-00:00","ZP26","Solar","Renewable Forecast Actual Generation","RENEW_FCST_ACT_MW",3,3,-5.24842,"ACTUAL",5
"99","2019-07-13",24,0,"2019-07-14T06:00:00-00:00","2019-07-14T07:00:00-00:00","ZP26","Solar","Renewable Forecast Actual Generation","RENEW_FCST_ACT_MW",3,3,-5.18016,"ACTUAL",5
"100","2019-07-13",2,0,"2019-07-13T08:00:00-00:00","2019-07-13T09:00:00-00:00","ZP26","Solar","Renewable Forecast Actual Generation","RENEW_FCST_ACT_MW",3,3,-4.15389,"ACTUAL",5
"101","2019-07-13",3,0,"2019-07-13T09:00:00-00:00","2019-07-13T10:00:00-00:00","ZP26","Solar","Renewable Forecast Actual Generation","RENEW_FCST_ACT_MW",3,3,-4.17811,"ACTUAL",5
"102","2019-07-13",4,0,"2019-07-13T10:00:00-00:00","2019-07-13T11:00:00-00:00","ZP26","Solar","Renewable Forecast Actual Generation","RENEW_FCST_ACT_MW",3,3,-4.19712,"ACTUAL",5
"103","2019-07-13",5,0,"2019-07-13T11:00:00-00:00","2019-07-13T12:00:00-00:00","ZP26","Solar","Renewable Forecast Actual Generation","RENEW_FCST_ACT_MW",3,3,-4.22037,"ACTUAL",5
"104","2019-07-13",6,0,"2019-07-13T12:00:00-00:00","2019-07-13T13:00:00-00:00","ZP26","Solar","Renewable Forecast Actual Generation","RENEW_FCST_ACT_MW",3,3,-4.31143,"ACTUAL",5
"105","2019-07-13",7,0,"2019-07-13T13:00:00-00:00","2019-07-13T14:00:00-00:00","ZP26","Solar","Renewable Forecast Actual Generation","RENEW_FCST_ACT_MW",3,3,139.07621,"ACTUAL",5
"106","2019-07-13",8,0,"2019-07-13T14:00:00-00:00","2019-07-13T15:00:00-00:00","ZP26","Solar","Renewable Forecast Actual Generation","RENEW_FCST_ACT_MW",3,3,713.98539,"ACTUAL",5
"107","2019-07-13",9,0,"2019-07-13T15:00:00-00:00","2019-07-13T16:00:00-00:00","ZP26","Solar","Renewable Forecast Actual Generation","RENEW_FCST_ACT_MW",3,3,1220.81078,"ACTUAL",5
"108","2019-07-13",10,0,"2019-07-13T16:00:00-00:00","2019-07-13T17:00:00-00:00","ZP26","Solar","Renewable Forecast Actual Generation","RENEW_FCST_ACT_MW",3,3,1469.80328,"ACTUAL",5
"109","2019-07-13",11,0,"2019-07-13T17:00:00-00:00","2019-07-13T18:00:00-00:00","ZP26","Solar","Renewable Forecast Actual Generation","RENEW_FCST_ACT_MW",3,3,1600.13361,"ACTUAL",5
"110","2019-07-13",12,0,"2019-07-13T18:00:00-00:00","2019-07-13T19:00:00-00:00","ZP26","Solar","Renewable Forecast Actual Generation","RENEW_FCST_ACT_MW",3,3,1683.26878,"ACTUAL",5
"111","2019-07-13",13,0,"2019-07-13T19:00:00-00:00","2019-07-13T20:00:00-00:00","ZP26","Solar","Renewable Forecast Actual Generation","RENEW_FCST_ACT_MW",3,3,1716.42804,"ACTUAL",5
"112","2019-07-13",14,0,"2019-07-13T20:00:00-00:00","2019-07-13T21:00:00-00:00","ZP26","Solar","Renewable Forecast Actual Generation","RENEW_FCST_ACT_MW",3,3,1719.29795,"ACTUAL",5
"113","2019-07-13",15,0,"2019-07-13T21:00:00-00:00","2019-07-13T22:00:00-00:00","ZP26","Solar","Renewable Forecast Actual Generation","RENEW_FCST_ACT_MW",3,3,1700.91267,"ACTUAL",5
"114","2019-07-13",16,0,"2019-07-13T22:00:00-00:00","2019-07-13T23:00:00-00:00","ZP26","Solar","Renewable Forecast Actual Generation","RENEW_FCST_ACT_MW",3,3,1626.16114,"ACTUAL",5
"115","2019-07-13",19,0,"2019-07-14T01:00:00-00:00","2019-07-14T02:00:00-00:00","ZP26","Solar","Renewable Forecast Actual Generation","RENEW_FCST_ACT_MW",3,3,789.12435,"ACTUAL",5
"116","2019-07-14",1,0,"2019-07-14T07:00:00-00:00","2019-07-14T08:00:00-00:00","NP15","Solar","Renewable Forecast Actual Generation","RENEW_FCST_ACT_MW",3,3,-3.54463,"ACTUAL",6
"117","2019-07-14",1,0,"2019-07-14T07:00:00-00:00","2019-07-14T08:00:00-00:00","NP15","Wind","Renewable Forecast Actual Generation","RENEW_FCST_ACT_MW",3,1,1019.9703,"ACTUAL",7
"118","2019-07-14",1,0,"2019-07-14T07:00:00-00:00","2019-07-14T08:00:00-00:00","SP15","Solar","Renewable Forecast Actual Generation","RENEW_FCST_ACT_MW",3,3,-0.87545,"ACTUAL",8
"119","2019-07-14",1,0,"2019-07-14T07:00:00-00:00","2019-07-14T08:00:00-00:00","SP15","Wind","Renewable Forecast Actual Generation","RENEW_FCST_ACT_MW",3,1,837.77811,"ACTUAL",9
"120","2019-07-14",1,0,"2019-07-14T07:00:00-00:00","2019-07-14T08:00:00-00:00","ZP26","Solar","Renewable Forecast Actual Generation","RENEW_FCST_ACT_MW",3,3,-5.3654,"ACTUAL",10
