"","OPR_DT","OPR_HR","OPR_INTERVAL","INTERVALSTARTTIME_GMT","INTERVALENDTIME_GMT","TRADING_HUB","RENEWABLE_TYPE","LABEL","XML_DATA_ITEM","MARKET_RUN_ID_POS","RENEW_POS","MW","MARKET_RUN_ID","GROUP"
"1","2019-04-25",2,0,"2019-04-25T08:00:00-00:00","2019-04-25T09:00:00-00:00","NP15","Solar","Renewable Forecast Actual Generation","RENEW_FCST_ACT_MW",3,3,-0.57381,"ACTUAL",1
"2","2019-04-25",3,0,"2019-04-25T09:00:00-00:00","2019-04-25T10:00:00-00:00","NP15","Solar","Renewable Forecast Actual Generation","RENEW_FCST_ACT_MW",3,3,-1.36792,"ACTUAL",1
"3","2019-04-25",4,0,"2019-04-25T10:00:00-00:00","2019-04-25T11:00:00-00:00","NP15","Solar","Renewable Forecast Actual Generation","RENEW_FCST_ACT_MW",3,3,-0.5951,"ACTUAL",1
"4","2019-04-25",5,0,"2019-04-25T11:00:00-00:00","2019-04-25T12:00:00-00:00","NP15","Solar","Renewable Forecast Actual Generation","RENEW_FCST_ACT_MW",3,3,-1.39218,"ACTUAL",1
"5","2019-04-25",6,0,"2019-04-25T12:00:00-00:00","2019-04-25T13:00:00-00:00","NP15","Solar","Renewable Forecast Actual Generation","RENEW_FCST_ACT_MW",3,3,-1.37745,"ACTUAL",1
"6","2019-04-25",7,0,"2019-04-25T13:00:00-00:00","2019-04-25T14:00:00-00:00","NP15","Solar","Renewable Forecast Actual Generation","RENEW_FCST_ACT_MW",3,3,63.2878,"ACTUAL",1
"7","2019-04-25",8,0,"2019-04-25T14:00:00-00:00","2019-04-25T15:00:00-00:00","NP15","Solar","Renewable Forecast Actual Generation","RENEW_FCST_ACT_MW",3,3,682.57533,"ACTUAL",1
"8","2019-04-25",9,0,"2019-04-25T15:00:00-00:00","2019-04-25T16:00:00-00:00","NP15","Solar","Renewable Forecast Actual Generation","RENEW_FCST_ACT_MW",3,3,1217.46443,"ACTUAL",1
"9","2019-04-25",10,0,"2019-04-25T16:00:00-00:00","2019-04-25T17:00:00-00:00","NP15","Solar","Renewable Forecast Actual Generation","RENEW_FCST_ACT_MW",3,3,1344.42161,"ACTUAL",1
"10","2019-04-25",11,0,"2019-04-25T17:00:00-00:00","2019-04-25T18:00:00-00:00","NP15","Solar","Renewable Forecast Actual Generation","RENEW_FCST_ACT_MW",3,3,1372.55618,"ACTUAL",1
"11","2019-04-25",12,0,"2019-04-25T18:00:00-00:00","2019-04-25T19:00:00-00:00","NP15","Solar","Renewable Forecast Actual Generation","RENEW_FCST_ACT_MW",3,3,1370.75298,"ACTUAL",1
"12","2019-04-25",13,0,"2019-04-25T19:00:00-00:00","2019-04-25T20:00:00-00:00","NP15","Solar","Renewable Forecast Actual Generation","RENEW_FCST_ACT_MW",3,3,1341.29757,"ACTUAL",1
"13","2019-04-25",14,0,"2019-04-25T20:00:00-00:00","2019-04-25T21:00:00-00:00","NP15","Solar","Renewable Forecast Actual Generation","RENEW_FCST_ACT_MW",3,3,1325.64014,"ACTUAL",1
"14","2019-04-25",15,0,"2019-04-25T21:00:00-00:00","2019-04-25T22:00:00-00:00","NP15","Solar","Renewable Forecast Actual Generation","RENEW_FCST_ACT_MW",3,3,1327.55254,"ACTUAL",1
"15","2019-04-25",16,0,"2019-04-25T22:00:00-00:00","2019-04-25T23:00:00-00:00","NP15","Solar","Renewable Forecast Actual Generation","RENEW_FCST_ACT_MW",3,3,1311.98621,"ACTUAL",1
"16","2019-04-25",17,0,"2019-04-25T23:00:00-00:00","2019-04-26T00:00:00-00:00","NP15","Solar","Renewable Forecast Actual Generation","RENEW_FCST_ACT_MW",3,3,1294.35046,"ACTUAL",1
"17","2019-04-25",18,0,"2019-04-26T00:00:00-00:00","2019-04-26T01:00:00-00:00","NP15","Solar","Renewable Forecast Actual Generation","RENEW_FCST_ACT_MW",3,3,1047.65304,"ACTUAL",1
"18","2019-04-25",19,0,"2019-04-26T01:00:00-00:00","2019-04-26T02:00:00-00:00","NP15","Solar","Renewable Forecast Actual Generation","RENEW_FCST_ACT_MW",3,3,560.85296,"ACTUAL",1
"19","2019-04-25",20,0,"2019-04-26T02:00:00-00:00","2019-04-26T03:00:00-00:00","NP15","Solar","Renewable Forecast Actual Generation","RENEW_FCST_ACT_MW",3,3,48.13656,"ACTUAL",1
"20","2019-04-25",21,0,"2019-04-26T03:00:00-00:00","2019-04-26T04:00:00-00:00","NP15","Solar","Renewable Forecast Actual Generation","RENEW_FCST_ACT_MW",3,3,-0.69466,"ACTUAL",1
"21","2019-04-25",22,0,"2019-04-26T04:00:00-00:00","2019-04-26T05:00:00-00:00","NP15","Solar","Renewable Forecast Actual Generation","RENEW_FCST_ACT_MW",3,3,-1.27533,"ACTUAL",1
"22","2019-04-25",23,0,"2019-04-26T05:00:00-00:00","2019-04-26T06:00:00-00:00","NP15","Solar","Renewable Forecast Actual Generation","RENEW_FCST_ACT_MW",3,3,-1.24257,"ACTUAL",1
"23","2019-04-25",24,0,"2019-04-26T06:00:00-00:00","2019-04-26T07:00:00-00:00","NP15","Solar","Renewable Forecast Actual Generation","RENEW_FCST_ACT_MW",3,3,-0.42553,"ACTUAL",1
"24","2019-04-25",18,0,"2019-04-26T00:00:00-00:00","2019-04-26T01:00:00-00:00","NP15","Wind","Renewable Forecast Actual Generation","RENEW_FCST_ACT_MW",3,1,777.7541,"ACTUAL",2
"25","2019-04-25",6,0,"2019-04-25T12:00:00-00:00","2019-04-25T13:00:00-00:00","NP15","Wind","Renewable Forecast Actual Generation","RENEW_FCST_ACT_MW",3,1,450.79914,"ACTUAL",2
"26","2019-04-25",17,0,"2019-04-25T23:00:00-00:00","2019-04-26T00:00:00-00:00","NP15","Wind","Renewable Forecast Actual Generation","RENEW_FCST_ACT_MW",3,1,674.6763,"ACTUAL",2
"27","2019-04-25",16,0,"2019-04-25T22:00:00-00:00","2019-04-25T23:00:00-00:00","NP15","Wind","Renewable Forecast Actual Generation","RENEW_FCST_ACT_MW",3,1,498.33006,"ACTUAL",2
"28","2019-04-25",15,0,"2019-04-25T21:00:00-00:00","2019-04-25T22:00:00-00:00","NP15","Wind","Renewable Forecast Actual Generation","RENEW_FCST_ACT_MW",3,1,328.18207,"ACTUAL",2
"29","2019-04-25",14,0,"2019-04-25T20:00:00-00:00","2019-04-25T21:00:00-00:00","NP15","Wind","Renewable Forecast Actual Generation","RENEW_FCST_ACT_MW",3,1,204.40121,"ACTUAL",2
"30","2019-04-25",13,0,"2019-04-25T19:00:00-00:00","2019-04-25T20:00:00-00:00","NP15","Wind","Renewable Forecast Actual Generation","RENEW_FCST_ACT_MW",3,1,139.99119,"ACTUAL",2
"31","2019-04-25",12,0,"2019-04-25T18:00:00-00:00","2019-04-25T19:00:00-00:00","NP15","Wind","Renewable Forecast Actual Generation","RENEW_FCST_ACT_MW",3,1,88.04479,"ACTUAL",2
"32","2019-04-25",11,0,"2019-04-25T17:00:00-00:00","2019-04-25T18:00:00-00:00","NP15","Wind","Renewable Forecast Actual Generation","RENEW_FCST_ACT_MW",3,1,85.84602,"ACTUAL",2
"33","2019-04-25",10,0,"2019-04-25T16:00:00-00:00","2019-04-25T17:00:00-00:00","NP15","Wind","Renewable Forecast Actual Generation","RENEW_FCST_ACT_MW",3,1,93.72968,"ACTUAL",2
"34","2019-04-25",9,0,"2019-04-25T15:00:00-00:00","2019-04-25T16:00:00-00:00","NP15","Wind","Renewable Forecast Actual Generation","RENEW_FCST_ACT_MW",3,1,180.32828,"ACTUAL",2
"35","2019-04-25",8,0,"2019-04-25T14:00:00-00:00","2019-04-25T15:00:00-00:00","NP15","Wind","Renewable Forecast Actual Generation","RENEW_FCST_ACT_MW",3,1,285.13318,"ACTUAL",2
"36","2019-04-25",7,0,"2019-04-25T13:00:00-00:00","2019-04-25T14:00:00-00:00","NP15","Wind","Renewable Forecast Actual Generation","RENEW_FCST_ACT_MW",3,1,369.43342,"ACTUAL",2
"37","2019-04-25",5,0,"2019-04-25T11:00:00-00:00","2019-04-25T12:00:00-00:00","NP15","Wind","Renewable Forecast Actual Generation","RENEW_FCST_ACT_MW",3,1,620.79394,"ACTUAL",2
"38","2019-04-25",4,0,"2019-04-25T10:00:00-00:00","2019-04-25T11:00:00-00:00","NP15","Wind","Renewable Forecast Actual Generation","RENEW_FCST_ACT_MW",3,1,626.80583,"ACTUAL",2
"39","2019-04-25",3,0,"2019-04-25T09:00:00-00:00","2019-04-25T10:00:00-00:00","NP15","Wind","Renewable Forecast Actual Generation","RENEW_FCST_ACT_MW",3,1,591.62359,"ACTUAL",2
"40","2019-04-25",2,0,"2019-04-25T08:00:00-00:00","2019-04-25T09:00:00-00:00","NP15","Wind","Renewable Forecast Actual Generation","RENEW_FCST_ACT_MW",3,1,576.30653,"ACTUAL",2
"41","2019-04-25",24,0,"2019-04-26T06:00:00-00:00","2019-04-26T07:00:00-00:00","NP15","Wind","Renewable Forecast Actual Generation","RENEW_FCST_ACT_MW",3,1,896.17432,"ACTUAL",2
"42","2019-04-25",23,0,"2019-04-26T05:00:00-00:00","2019-04-26T06:00:00-00:00","NP15","Wind","Renewable Forecast Actual Generation","RENEW_FCST_ACT_MW",3,1,955.20306,"ACTUAL",2
"43","2019-04-25",22,0,"2019-04-26T04:00:00-00:00","2019-04-26T05:00:00-00:00","NP15","Wind","Renewable Forecast Actual Generation","RENEW_FCST_ACT_MW",3,1,995.48476,"ACTUAL",2
"44","2019-04-25",21,0,"2019-04-26T03:00:00-00:00","2019-04-26T04:00:00-00:00","NP15","Wind","Renewable Forecast Actual Generation","RENEW_FCST_ACT_MW",3,1,909.77444,"ACTUAL",2
"45","2019-04-25",20,0,"2019-04-26T02:00:00-00:00","2019-04-26T03:00:00-00:00","NP15","Wind","Renewable Forecast Actual Generation","RENEW_FCST_ACT_MW",3,1,961.40293,"ACTUAL",2
"46","2019-04-25",19,0,"2019-04-26T01:00:00-00:00","2019-04-26T02:00:00-00:00","NP15","Wind","Renewable Forecast Actual Generation","RENEW_FCST_ACT_MW",3,1,886.8053,"ACTUAL",2
"47","2019-04-25",6,0,"2019-04-25T12:00:00-00:00","2019-04-25T13:00:00-00:00","SP15","Solar","Renewable Forecast Actual Generation","RENEW_FCST_ACT_MW",3,3,-33.56626,"ACTUAL",3
"48","2019-04-25",18,0,"2019-04-26T00:00:00-00:00","2019-04-26T01:00:00-00:00","SP15","Solar","Renewable Forecast Actual Generation","RENEW_FCST_ACT_MW",3,3,4597.7679,"ACTUAL",3
"49","2019-04-25",5,0,"2019-04-25T11:00:00-00:00","2019-04-25T12:00:00-00:00","SP15","Solar","Renewable Forecast Actual Generation","RENEW_FCST_ACT_MW",3,3,-29.34579,"ACTUAL",3
"50","2019-04-25",11,0,"2019-04-25T17:00:00-00:00","2019-04-25T18:00:00-00:00","SP15","Solar","Renewable Forecast Actual Generation","RENEW_FCST_ACT_MW",3,3,7047.69027,"ACTUAL",3
"51","2019-04-25",4,0,"2019-04-25T10:00:00-00:00","2019-04-25T11:00:00-00:00","SP15","Solar","Renewable Forecast Actual Generation","RENEW_FCST_ACT_MW",3,3,-29.2832,"ACTUAL",3
"52","2019-04-25",15,0,"2019-04-25T21:00:00-00:00","2019-04-25T22:00:00-00:00","SP15","Solar","Renewable Forecast Actual Generation","RENEW_FCST_ACT_MW",3,3,6598.72076,"ACTUAL",3
"53","2019-04-25",3,0,"2019-04-25T09:00:00-00:00","2019-04-25T10:00:00-00:00","SP15","Solar","Renewable Forecast Actual Generation","RENEW_FCST_ACT_MW",3,3,-30.63386,"ACTUAL",3
"54","2019-04-25",10,0,"2019-04-25T16:00:00-00:00","2019-04-25T17:00:00-00:00","SP15","Solar","Renewable Forecast Actual Generation","RENEW_FCST_ACT_MW",3,3,6597.0586,"ACTUAL",3
"55","2019-04-25",2,0,"2019-04-25T08:00:00-00:00","2019-04-25T09:00:00-00:00","SP15","Solar","Renewable Forecast Actual Generation","RENEW_FCST_ACT_MW",3,3,-31.57887,"ACTUAL",3
"56","2019-04-25",13,0,"2019-04-25T19:00:00-00:00","2019-04-25T20:00:00-00:00","SP15","Solar","Renewable Forecast Actual Generation","RENEW_FCST_ACT_MW",3,3,7341.95894,"ACTUAL",3
"57","2019-04-25",24,0,"2019-04-26T06:00:00-00:00","2019-04-26T07:00:00-00:00","SP15","Solar","Renewable Forecast Actual Generation","RENEW_FCST_ACT_MW",3,3,-31.96287,"ACTUAL",3
"58","2019-04-25",9,0,"2019-04-25T15:00:00-00:00","2019-04-25T16:00:00-00:00","SP15","Solar","Renewable Forecast Actual Generation","RENEW_FCST_ACT_MW",3,3,5630.61953,"ACTUAL",3
"59","2019-04-25",23,0,"2019-04-26T05:00:00-00:00","2019-04-26T06:00:00-00:00","SP15","Solar","Renewable Forecast Actual Generation","RENEW_FCST_ACT_MW",3,3,-31.68561,"ACTUAL",3
"60","2019-04-25",16,0,"2019-04-25T22:00:00-00:00","2019-04-25T23:00:00-00:00","SP15","Solar","Renewable Forecast Actual Generation","RENEW_FCST_ACT_MW",3,3,6441.99864,"ACTUAL",3
"61","2019-04-25",22,0,"2019-04-26T04:00:00-00:00","2019-04-26T05:00:00-00:00","SP15","Solar","Renewable Forecast Actual Generation","RENEW_FCST_ACT_MW",3,3,-30.94296,"ACTUAL",3
"62","2019-04-25",8,0,"2019-04-25T14:00:00-00:00","2019-04-25T15:00:00-00:00","SP15","Solar","Renewable Forecast Actual Generation","RENEW_FCST_ACT_MW",3,3,3069.33592,"ACTUAL",3
"63","2019-04-25",21,0,"2019-04-26T03:00:00-00:00","2019-04-26T04:00:00-00:00","SP15","Solar","Renewable Forecast Actual Generation","RENEW_FCST_ACT_MW",3,3,-31.20964,"ACTUAL",3
"64","2019-04-25",12,0,"2019-04-25T18:00:00-00:00","2019-04-25T19:00:00-00:00","SP15","Solar","Renewable Forecast Actual Generation","RENEW_FCST_ACT_MW",3,3,7278.33527,"ACTUAL",3
"65","2019-04-25",20,0,"2019-04-26T02:00:00-00:00","2019-04-26T03:00:00-00:00","SP15","Solar","Renewable Forecast Actual Generation","RENEW_FCST_ACT_MW",3,3,126.25083,"ACTUAL",3
"66","2019-04-25",7,0,"2019-04-25T13:00:00-00:00","2019-04-25T14:00:00-00:00","SP15","Solar","Renewable Forecast Actual Generation","RENEW_FCST_ACT_MW",3,3,427.70222,"ACTUAL",3
"67","2019-04-25",19,0,"2019-04-26T01:00:00-00:00","2019-04-26T02:00:00-00:00","SP15","Solar","Renewable Forecast Actual Generation","RENEW_FCST_ACT_MW",3,3,1714.06245,"ACTUAL",3
"68","2019-04-25",14,0,"2019-04-25T20:00:00-00:00","2019-04-25T21:00:00-00:00","SP15","Solar","Renewable Forecast Actual Generation","RENEW_FCST_ACT_MW",3,3,7084.76654,"ACTUAL",3
"69","2019-04-25",17,0,"2019-04-25T23:00:00-00:00","2019-04-26T00:00:00-00:00","SP15","Solar","Renewable Forecast Actual Generation","RENEW_FCST_ACT_MW",3,3,6052.31213,"ACTUAL",3
"70","2019-04-25",18,0,"2019-04-26T00:00:00-00:00","2019-04-26T01:00:00-00:00","SP15","Wind","Renewable Forecast Actual Generation","RENEW_FCST_ACT_MW",3,1,1758.54932,"ACTUAL",4
"71","2019-04-25",19,0,"2019-04-26T01:00:00-00:00","2019-04-26T02:00:00-00:00","SP15","Wind","Renewable Forecast Actual Generation","RENEW_FCST_ACT_MW",3,1,1788.44732,"ACTUAL",4
"72","2019-04-25",20,0,"2019-04-26T02:00:00-00:00","2019-04-26T03:00:00-00:00","SP15","Wind","Renewable Forecast Actual Generation","RENEW_FCST_ACT_MW",3,1,1792.56975,"ACTUAL",4
"73","2019-04-25",21,0,"2019-04-26T03:00:00-00:00","2019-04-26T04:00:00-00:00","SP15","Wind","Renewable Forecast Actual Generation","RENEW_FCST_ACT_MW",3,1,1813.66677,"ACTUAL",4
"74","2019-04-25",22,0,"2019-04-26T04:00:00-00:00","2019-04-26T05:00:00-00:00","SP15","Wind","Renewable Forecast Actual Generation","RENEW_FCST_ACT_MW",3,1,1825.43571,"ACTUAL",4
"75","2019-04-25",23,0,"2019-04-26T05:00:00-00:00","2019-04-26T06:00:00-00:00","SP15","Wind","Renewable Forecast Actual Generation","RENEW_FCST_ACT_MW",3,1,1938.12495,"ACTUAL",4
"76","2019-04-25",24,0,"2019-04-26T06:00:00-00:00","2019-04-26T07:00:00-00:00","SP15","Wind","Renewable Forecast Actual Generation","RENEW_FCST_ACT_MW",3,1,1809.33244,"ACTUAL",4
"77","2019-04-25",2,0,"2019-04-25T08:00:00-00:00","2019-04-25T09:00:00-00:00","SP15","Wind","Renewable Forecast Actual Generation","RENEW_FCST_ACT_MW",3,1,2169.92375,"ACTUAL",4
"78","2019-04-25",3,0,"2019-04-25T09:00:00-00:00","2019-04-25T10:00:00-00:00","SP15","Wind","Renewable Forecast Actual Generation","RENEW_FCST_ACT_MW",3,1,2098.67521,"ACTUAL",4
"79","2019-04-25",4,0,"2019-04-25T10:00:00-00:00","2019-04-25T11:00:00-00:00","SP15","Wind","Renewable Forecast Actual Generation","RENEW_FCST_ACT_MW",3,1,2025.79386,"ACTUAL",4
"80","2019-04-25",5,0,"2019-04-25T11:00:00-00:00","2019-04-25T12:00:00-00:00","SP15","Wind","Renewable Forecast Actual Generation","RENEW_FCST_ACT_MW",3,1,2048.49689,"ACTUAL",4
"81","2019-04-25",6,0,"2019-04-25T12:00:00-00:00","2019-04-25T13:00:00-00:00","SP15","Wind","Renewable Forecast Actual Generation","RENEW_FCST_ACT_MW",3,1,1891.50695,"ACTUAL",4
"82","2019-04-25",7,0,"2019-04-25T13:00:00-00:00","2019-04-25T14:00:00-00:00","SP15","Wind","Renewable Forecast Actual Generation","RENEW_FCST_ACT_MW",3,1,1577.81694,"ACTUAL",4
"83","2019-04-25",8,0,"2019-04-25T14:00:00-00:00","2019-04-25T15:00:00-00:00","SP15","Wind","Renewable Forecast Actual Generation","RENEW_FCST_ACT_MW",3,1,1091.4865,"ACTUAL",4
"84","2019-04-25",9,0,"2019-04-25T15:00:00-00:00","2019-04-25T16:00:00-00:00","SP15","Wind","Renewable Forecast Actual Generation","RENEW_FCST_ACT_MW",3,1,792.08428,"ACTUAL",4
"85","2019-04-25",10,0,"2019-04-25T16:00:00-00:00","2019-04-25T17:00:00-00:00","SP15","Wind","Renewable Forecast Actual Generation","RENEW_FCST_ACT_MW",3,1,606.76486,"ACTUAL",4
"86","2019-04-25",11,0,"2019-04-25T17:00:00-00:00","2019-04-25T18:00:00-00:00","SP15","Wind","Renewable Forecast Actual Generation","RENEW_FCST_ACT_MW",3,1,470.39853,"ACTUAL",4
"87","2019-04-25",12,0,"2019-04-25T18:00:00-00:00","2019-04-25T19:00:00-00:00","SP15","Wind","Renewable Forecast Actual Generation","RENEW_FCST_ACT_MW",3,1,353.51766,"ACTUAL",4
"88","2019-04-25",13,0,"2019-04-25T19:00:00-00:00","2019-04-25T20:00:00-00:00","SP15","Wind","Renewable Forecast Actual Generation","RENEW_FCST_ACT_MW",3,1,295.8874,"ACTUAL",4
"89","2019-04-25",14,0,"2019-04-25T20:00:00-00:00","2019-04-25T21:00:00-00:00","SP15","Wind","Renewable Forecast Actual Generation","RENEW_FCST_ACT_MW",3,1,345.1229,"ACTUAL",4
"90","2019-04-25",15,0,"2019-04-25T21:00:00-00:00","2019-04-25T22:00:00-00:00","SP15","Wind","Renewable Forecast Actual Generation","RENEW_FCST_ACT_MW",3,1,568.14951,"ACTUAL",4
"91","2019-04-25",16,0,"2019-04-25T22:00:00-00:00","2019-04-25T23:00:00-00:00","SP15","Wind","Renewable Forecast Actual Generation","RENEW_FCST_ACT_MW",3,1,968.4001,"ACTUAL",4
"92","2019-04-25",17,0,"2019-04-25T23:00:00-00:00","2019-04-26T00:00:00-00:00","SP15","Wind","Renewable Forecast Actual Generation","RENEW_FCST_ACT_MW",3,1,1527.13039,"ACTUAL",4
"93","2019-04-25",18,0,"2019-04-26T00:00:00-00:00","2019-04-26T01:00:00-00:00","ZP26","Solar","Renewable Forecast Actual Generation","RENEW_FCST_ACT_MW",3,3,938.7292,"ACTUAL",5
"94","2019-04-25",17,0,"2019-04-25T23:00:00-00:00","2019-04-26T00:00:00-00:00","ZP26","Solar","Renewable Forecast Actual Generation","RENEW_FCST_ACT_MW",3,3,1334.09134,"ACTUAL",5
"95","2019-04-25",20,0,"2019-04-26T02:00:00-00:00","2019-04-26T03:00:00-00:00","ZP26","Solar","Renewable Forecast Actual Generation","RENEW_FCST_ACT_MW",3,3,31.9787,"ACTUAL",5
"96","2019-04-25",21,0,"2019-04-26T03:00:00-00:00","2019-04-26T04:00:00-00:00","ZP26","Solar","Renewable Forecast Actual Generation","RENEW_FCST_ACT_MW",3,3,-5.47125,"ACTUAL",5
"97","2019-04-25",22,0,"2019-04-26T04:00:00-00:00","2019-04-26T05:00:00-00:00","ZP26","Solar","Renewable Forecast Actual Generation","RENEW_FCST_ACT_MW",3,3,-5.29254,"ACTUAL",5
"98","2019-04-25",23,0,"2019-04-26T05:00:00-00:00","2019-04-26T06:00:00-00:00","ZP26","Solar","Renewable Forecast Actual Generation","RENEW_FCST_ACT_MW",3,3,-5.22773,"ACTUAL",5
"99","2019-04-25",24,0,"2019-04-26T06:00:00-00:00","2019-04-26T07:00:00-00:00","ZP26","Solar","Renewable Forecast Actual Generation","RENEW_FCST_ACT_MW",3,3,-5.20743,"ACTUAL",5
"100","2019-04-25",2,0,"2019-04-25T08:00:00-00:00","2019-04-25T09:00:00-00:00","ZP26","Solar","Renewable Forecast Actual Generation","RENEW_FCST_ACT_MW",3,3,-5.24586,"ACTUAL",5
"101","2019-04-25",3,0,"2019-04-25T09:00:00-00:00","2019-04-25T10:00:00-00:00","ZP26","Solar","Renewable Forecast Actual Generation","RENEW_FCST_ACT_MW",3,3,-5.26978,"ACTUAL",5
"102","2019-04-25",4,0,"2019-04-25T10:00:00-00:00","2019-04-25T11:00:00-00:00","ZP26","Solar","Renewable Forecast Actual Generation","RENEW_FCST_ACT_MW",3,3,-5.25655,"ACTUAL",5
"103","2019-04-25",5,0,"2019-04-25T11:00:00-00:00","2019-04-25T12:00:00-00:00","ZP26","Solar","Renewable Forecast Actual Generation","RENEW_FCST_ACT_MW",3,3,-5.33494,"ACTUAL",5
"104","2019-04-25",6,0,"2019-04-25T12:00:00-00:00","2019-04-25T13:00:00-00:00","ZP26","Solar","Renewable Forecast Actual Generation","RENEW_FCST_ACT_MW",3,3,-5.34638,"ACTUAL",5
"105","2019-04-25",7,0,"2019-04-25T13:00:00-00:00","2019-04-25T14:00:00-00:00","ZP26","Solar","Renewable Forecast Actual Generation","RENEW_FCST_ACT_MW",3,3,47.08215,"ACTUAL",5
"106","2019-04-25",8,0,"2019-04-25T14:00:00-00:00","2019-04-25T15:00:00-00:00","ZP26","Solar","Renewable Forecast Actual Generation","RENEW_FCST_ACT_MW",3,3,552.31263,"ACTUAL",5
"107","2019-04-25",9,0,"2019-04-25T15:00:00-00:00","2019-04-25T16:00:00-00:00","ZP26","Solar","Renewable Forecast Actual Generation","RENEW_FCST_ACT_MW",3,3,1165.64402,"ACTUAL",5
"108","2019-04-25",10,0,"2019-04-25T16:00:00-00:00","2019-04-25T17:00:00-00:00","ZP26","Solar","Renewable Forecast Actual Generation","RENEW_FCST_ACT_MW",3,3,1468.64821,"ACTUAL",5
"109","2019-04-25",11,0,"2019-04-25T17:00:00-00:00","2019-04-25T18:00:00-00:00","ZP26","Solar","Renewable Forecast Actual Generation","RENEW_FCST_ACT_MW",3,3,1615.2451,"ACTUAL",5
"110","2019-04-25",12,0,"2019-04-25T18:00:00-00:00","2019-04-25T19:00:00-00:00","ZP26","Solar","Renewable Forecast Actual Generation","RENEW_FCST_ACT_MW",3,3,1680.64877,"ACTUAL",5
"111","2019-04-25",13,0,"2019-04-25T19:00:00-00:00","2019-04-25T20:00:00-00:00","ZP26","Solar","Renewable Forecast Actual Generation","RENEW_FCST_ACT_MW",3,3,1618.07718,"ACTUAL",5
"112","2019-04-25",14,0,"2019-04-25T20:00:00-00:00","2019-04-25T21:00:00-00:00","ZP26","Solar","Renewable Forecast Actual Generation","RENEW_FCST_ACT_MW",3,3,1558.98927,"ACTUAL",5
"113","2019-04-25",15,0,"2019-04-25T21:00:00-00:00","2019-04-25T22:00:00-00:00","ZP26","Solar","Renewable Forecast Actual Generation","RENEW_FCST_ACT_MW",3,3,1536.29484,"ACTUAL",5
"114","2019-04-25",16,0,"2019-04-25T22:00:00-00:00","2019-04-25T23:00:00-00:00","ZP26","Solar","Renewable Forecast Actual Generation","RENEW_FCST_ACT_MW",3,3,1451.31122,"ACTUAL",5
"115","2019-04-25",19,0,"2019-04-26T01:00:00-00:00","2019-04-26T02:00:00-00:00","ZP26","Solar","Renewable Forecast Actual Generation","RENEW_FCST_ACT_MW",3,3,376.94494,"ACTUAL",5
"116","2019-04-26",1,0,"2019-04-26T07:00:00-00:00","2019-04-26T08:00:00-00:00","NP15","Solar","Renewable Forecast Actual Generation","RENEW_FCST_ACT_MW",3,3,-1.29686,"ACTUAL",6
"117","2019-04-26",1,0,"2019-04-26T07:00:00-00:00","2019-04-26T08:00:00-00:00","NP15","Wind","Renewable Forecast Actual Generation","RENEW_FCST_ACT_MW",3,1,1014.92862,"ACTUAL",7
"118","2019-04-26",1,0,"2019-04-26T07:00:00-00:00","2019-04-26T08:00:00-00:00","SP15","Solar","Renewable Forecast Actual Generation","RENEW_FCST_ACT_MW",3,3,-31.20973,"ACTUAL",8
"119","2019-04-26",1,0,"2019-04-26T07:00:00-00:00","2019-04-26T08:00:00-00:00","SP15","Wind","Renewable Forecast Actual Generation","RENEW_FCST_ACT_MW",3,1,1710.66263,"ACTUAL",9
"120","2019-04-26",1,0,"2019-04-26T07:00:00-00:00","2019-04-26T08:00:00-00:00","ZP26","Solar","Renewable Forecast Actual Generation","RENEW_FCST_ACT_MW",3,3,-5.2318,"ACTUAL",10
