"","OPR_DT","OPR_HR","OPR_INTERVAL","INTERVALSTARTTIME_GMT","INTERVALENDTIME_GMT","TRADING_HUB","RENEWABLE_TYPE","LABEL","XML_DATA_ITEM","MARKET_RUN_ID_POS","RENEW_POS","MW","MARKET_RUN_ID","GROUP"
"1","2019-12-17",1,0,"2019-12-17T08:00:00-00:00","2019-12-17T09:00:00-00:00","NP15","Solar","Renewable Forecast Actual Generation","RENEW_FCST_ACT_MW",3,3,-3.56999,"ACTUAL",1
"2","2019-12-17",2,0,"2019-12-17T09:00:00-00:00","2019-12-17T10:00:00-00:00","NP15","Solar","Renewable Forecast Actual Generation","RENEW_FCST_ACT_MW",3,3,-3.58845,"ACTUAL",1
"3","2019-12-17",3,0,"2019-12-17T10:00:00-00:00","2019-12-17T11:00:00-00:00","NP15","Solar","Renewable Forecast Actual Generation","RENEW_FCST_ACT_MW",3,3,-3.60015,"ACTUAL",1
"4","2019-12-17",4,0,"2019-12-17T11:00:00-00:00","2019-12-17T12:00:00-00:00","NP15","Solar","Renewable Forecast Actual Generation","RENEW_FCST_ACT_MW",3,3,-3.63043,"ACTUAL",1
"5","2019-12-17",5,0,"2019-12-17T12:00:00-00:00","2019-12-17T13:00:00-00:00","NP15","Solar","Renewable Forecast Actual Generation","RENEW_FCST_ACT_MW",3,3,-3.603,"ACTUAL",1
"6","2019-12-17",6,0,"2019-12-17T13:00:00-00:00","2019-12-17T14:00:00-00:00","NP15","Solar","Renewable Forecast Actual Generation","RENEW_FCST_ACT_MW",3,3,-3.54906,"ACTUAL",1
"7","2019-12-17",7,0,"2019-12-17T14:00:00-00:00","2019-12-17T15:00:00-00:00","NP15","Solar","Renewable Forecast Actual Generation","RENEW_FCST_ACT_MW",3,3,-3.62078,"ACTUAL",1
"8","2019-12-17",8,0,"2019-12-17T15:00:00-00:00","2019-12-17T16:00:00-00:00","NP15","Solar","Renewable Forecast Actual Generation","RENEW_FCST_ACT_MW",3,3,35.48873,"ACTUAL",1
"9","2019-12-17",9,0,"2019-12-17T16:00:00-00:00","2019-12-17T17:00:00-00:00","NP15","Solar","Renewable Forecast Actual Generation","RENEW_FCST_ACT_MW",3,3,233.39119,"ACTUAL",1
"10","2019-12-17",10,0,"2019-12-17T17:00:00-00:00","2019-12-17T18:00:00-00:00","NP15","Solar","Renewable Forecast Actual Generation","RENEW_FCST_ACT_MW",3,3,382.52458,"ACTUAL",1
"11","2019-12-17",11,0,"2019-12-17T18:00:00-00:00","2019-12-17T19:00:00-00:00","NP15","Solar","Renewable Forecast Actual Generation","RENEW_FCST_ACT_MW",3,3,627.4974,"ACTUAL",1
"12","2019-12-17",12,0,"2019-12-17T19:00:00-00:00","2019-12-17T20:00:00-00:00","NP15","Solar","Renewable Forecast Actual Generation","RENEW_FCST_ACT_MW",3,3,711.65106,"ACTUAL",1
"13","2019-12-17",13,0,"2019-12-17T20:00:00-00:00","2019-12-17T21:00:00-00:00","NP15","Solar","Renewable Forecast Actual Generation","RENEW_FCST_ACT_MW",3,3,652.90029,"ACTUAL",1
"14","2019-12-17",14,0,"2019-12-17T21:00:00-00:00","2019-12-17T22:00:00-00:00","NP15","Solar","Renewable Forecast Actual Generation","RENEW_FCST_ACT_MW",3,3,403.91919,"ACTUAL",1
"15","2019-12-17",15,0,"2019-12-17T22:00:00-00:00","2019-12-17T23:00:00-00:00","NP15","Solar","Renewable Forecast Actual Generation","RENEW_FCST_ACT_MW",3,3,205.73386,"ACTUAL",1
"16","2019-12-17",16,0,"2019-12-17T23:00:00-00:00","2019-12-18T00:00:00-00:00","NP15","Solar","Renewable Forecast Actual Generation","RENEW_FCST_ACT_MW",3,3,103.68309,"ACTUAL",1
"17","2019-12-17",17,0,"2019-12-18T00:00:00-00:00","2019-12-18T01:00:00-00:00","NP15","Solar","Renewable Forecast Actual Generation","RENEW_FCST_ACT_MW",3,3,15.5489,"ACTUAL",1
"18","2019-12-17",18,0,"2019-12-18T01:00:00-00:00","2019-12-18T02:00:00-00:00","NP15","Solar","Renewable Forecast Actual Generation","RENEW_FCST_ACT_MW",3,3,-3.54611,"ACTUAL",1
"19","2019-12-17",19,0,"2019-12-18T02:00:00-00:00","2019-12-18T03:00:00-00:00","NP15","Solar","Renewable Forecast Actual Generation","RENEW_FCST_ACT_MW",3,3,-3.37437,"ACTUAL",1
"20","2019-12-17",20,0,"2019-12-18T03:00:00-00:00","2019-12-18T04:00:00-00:00","NP15","Solar","Renewable Forecast Actual Generation","RENEW_FCST_ACT_MW",3,3,-3.40556,"ACTUAL",1
"21","2019-12-17",21,0,"2019-12-18T04:00:00-00:00","2019-12-18T05:00:00-00:00","NP15","Solar","Renewable Forecast Actual Generation","RENEW_FCST_ACT_MW",3,3,-3.42536,"ACTUAL",1
"22","2019-12-17",22,0,"2019-12-18T05:00:00-00:00","2019-12-18T06:00:00-00:00","NP15","Solar","Renewable Forecast Actual Generation","RENEW_FCST_ACT_MW",3,3,-3.4129,"ACTUAL",1
"23","2019-12-17",23,0,"2019-12-18T06:00:00-00:00","2019-12-18T07:00:00-00:00","NP15","Solar","Renewable Forecast Actual Generation","RENEW_FCST_ACT_MW",3,3,-3.42634,"ACTUAL",1
"24","2019-12-17",24,0,"2019-12-18T07:00:00-00:00","2019-12-18T08:00:00-00:00","NP15","Solar","Renewable Forecast Actual Generation","RENEW_FCST_ACT_MW",3,3,-3.42514,"ACTUAL",1
"25","2019-12-17",1,0,"2019-12-17T08:00:00-00:00","2019-12-17T09:00:00-00:00","NP15","Wind","Renewable Forecast Actual Generation","RENEW_FCST_ACT_MW",3,1,103.08678,"ACTUAL",2
"26","2019-12-17",24,0,"2019-12-18T07:00:00-00:00","2019-12-18T08:00:00-00:00","NP15","Wind","Renewable Forecast Actual Generation","RENEW_FCST_ACT_MW",3,1,141.0228,"ACTUAL",2
"27","2019-12-17",3,0,"2019-12-17T10:00:00-00:00","2019-12-17T11:00:00-00:00","NP15","Wind","Renewable Forecast Actual Generation","RENEW_FCST_ACT_MW",3,1,67.96477,"ACTUAL",2
"28","2019-12-17",4,0,"2019-12-17T11:00:00-00:00","2019-12-17T12:00:00-00:00","NP15","Wind","Renewable Forecast Actual Generation","RENEW_FCST_ACT_MW",3,1,56.92071,"ACTUAL",2
"29","2019-12-17",5,0,"2019-12-17T12:00:00-00:00","2019-12-17T13:00:00-00:00","NP15","Wind","Renewable Forecast Actual Generation","RENEW_FCST_ACT_MW",3,1,72.75452,"ACTUAL",2
"30","2019-12-17",6,0,"2019-12-17T13:00:00-00:00","2019-12-17T14:00:00-00:00","NP15","Wind","Renewable Forecast Actual Generation","RENEW_FCST_ACT_MW",3,1,102.63366,"ACTUAL",2
"31","2019-12-17",7,0,"2019-12-17T14:00:00-00:00","2019-12-17T15:00:00-00:00","NP15","Wind","Renewable Forecast Actual Generation","RENEW_FCST_ACT_MW",3,1,102.35834,"ACTUAL",2
"32","2019-12-17",8,0,"2019-12-17T15:00:00-00:00","2019-12-17T16:00:00-00:00","NP15","Wind","Renewable Forecast Actual Generation","RENEW_FCST_ACT_MW",3,1,113.50707,"ACTUAL",2
"33","2019-12-17",9,0,"2019-12-17T16:00:00-00:00","2019-12-17T17:00:00-00:00","NP15","Wind","Renewable Forecast Actual Generation","RENEW_FCST_ACT_MW",3,1,93.49196,"ACTUAL",2
"34","2019-12-17",10,0,"2019-12-17T17:00:00-00:00","2019-12-17T18:00:00-00:00","NP15","Wind","Renewable Forecast Actual Generation","RENEW_FCST_ACT_MW",3,1,72.94078,"ACTUAL",2
"35","2019-12-17",11,0,"2019-12-17T18:00:00-00:00","2019-12-17T19:00:00-00:00","NP15","Wind","Renewable Forecast Actual Generation","RENEW_FCST_ACT_MW",3,1,99.57675,"ACTUAL",2
"36","2019-12-17",12,0,"2019-12-17T19:00:00-00:00","2019-12-17T20:00:00-00:00","NP15","Wind","Renewable Forecast Actual Generation","RENEW_FCST_ACT_MW",3,1,104.69927,"ACTUAL",2
"37","2019-12-17",13,0,"2019-12-17T20:00:00-00:00","2019-12-17T21:00:00-00:00","NP15","Wind","Renewable Forecast Actual Generation","RENEW_FCST_ACT_MW",3,1,122.88853,"ACTUAL",2
"38","2019-12-17",14,0,"2019-12-17T21:00:00-00:00","2019-12-17T22:00:00-00:00","NP15","Wind","Renewable Forecast Actual Generation","RENEW_FCST_ACT_MW",3,1,107.07291,"ACTUAL",2
"39","2019-12-17",15,0,"2019-12-17T22:00:00-00:00","2019-12-17T23:00:00-00:00","NP15","Wind","Renewable Forecast Actual Generation","RENEW_FCST_ACT_MW",3,1,99.4358,"ACTUAL",2
"40","2019-12-17",16,0,"2019-12-17T23:00:00-00:00","2019-12-18T00:00:00-00:00","NP15","Wind","Renewable Forecast Actual Generation","RENEW_FCST_ACT_MW",3,1,123.44362,"ACTUAL",2
"41","2019-12-17",17,0,"2019-12-18T00:00:00-00:00","2019-12-18T01:00:00-00:00","NP15","Wind","Renewable Forecast Actual Generation","RENEW_FCST_ACT_MW",3,1,110.60544,"ACTUAL",2
"42","2019-12-17",18,0,"2019-12-18T01:00:00-00:00","2019-12-18T02:00:00-00:00","NP15","Wind","Renewable Forecast Actual Generation","RENEW_FCST_ACT_MW",3,1,225.88472,"ACTUAL",2
"43","2019-12-17",19,0,"2019-12-18T02:00:00-00:00","2019-12-18T03:00:00-00:00","NP15","Wind","Renewable Forecast Actual Generation","RENEW_FCST_ACT_MW",3,1,106.15094,"ACTUAL",2
"44","2019-12-17",20,0,"2019-12-18T03:00:00-00:00","2019-12-18T04:00:00-00:00","NP15","Wind","Renewable Forecast Actual Generation","RENEW_FCST_ACT_MW",3,1,125.66329,"ACTUAL",2
"45","2019-12-17",21,0,"2019-12-18T04:00:00-00:00","2019-12-18T05:00:00-00:00","NP15","Wind","Renewable Forecast Actual Generation","RENEW_FCST_ACT_MW",3,1,140.7414,"ACTUAL",2
"46","2019-12-17",22,0,"2019-12-18T05:00:00-00:00","2019-12-18T06:00:00-00:00","NP15","Wind","Renewable Forecast Actual Generation","RENEW_FCST_ACT_MW",3,1,139.34796,"ACTUAL",2
"47","2019-12-17",23,0,"2019-12-18T06:00:00-00:00","2019-12-18T07:00:00-00:00","NP15","Wind","Renewable Forecast Actual Generation","RENEW_FCST_ACT_MW",3,1,158.57037,"ACTUAL",2
"48","2019-12-17",2,0,"2019-12-17T09:00:00-00:00","2019-12-17T10:00:00-00:00","NP15","Wind","Renewable Forecast Actual Generation","RENEW_FCST_ACT_MW",3,1,138.41269,"ACTUAL",2
"49","2019-12-17",24,0,"2019-12-18T07:00:00-00:00","2019-12-18T08:00:00-00:00","SP15","Solar","Renewable Forecast Actual Generation","RENEW_FCST_ACT_MW",3,3,2.78191,"ACTUAL",3
"50","2019-12-17",2,0,"2019-12-17T09:00:00-00:00","2019-12-17T10:00:00-00:00","SP15","Solar","Renewable Forecast Actual Generation","RENEW_FCST_ACT_MW",3,3,5.16938,"ACTUAL",3
"51","2019-12-17",23,0,"2019-12-18T06:00:00-00:00","2019-12-18T07:00:00-00:00","SP15","Solar","Renewable Forecast Actual Generation","RENEW_FCST_ACT_MW",3,3,4.70512,"ACTUAL",3
"52","2019-12-17",6,0,"2019-12-17T13:00:00-00:00","2019-12-17T14:00:00-00:00","SP15","Solar","Renewable Forecast Actual Generation","RENEW_FCST_ACT_MW",3,3,4.32331,"ACTUAL",3
"53","2019-12-17",22,0,"2019-12-18T05:00:00-00:00","2019-12-18T06:00:00-00:00","SP15","Solar","Renewable Forecast Actual Generation","RENEW_FCST_ACT_MW",3,3,6.89053,"ACTUAL",3
"54","2019-12-17",11,0,"2019-12-17T18:00:00-00:00","2019-12-17T19:00:00-00:00","SP15","Solar","Renewable Forecast Actual Generation","RENEW_FCST_ACT_MW",3,3,4537.19746,"ACTUAL",3
"55","2019-12-17",21,0,"2019-12-18T04:00:00-00:00","2019-12-18T05:00:00-00:00","SP15","Solar","Renewable Forecast Actual Generation","RENEW_FCST_ACT_MW",3,3,7.16868,"ACTUAL",3
"56","2019-12-17",3,0,"2019-12-17T10:00:00-00:00","2019-12-17T11:00:00-00:00","SP15","Solar","Renewable Forecast Actual Generation","RENEW_FCST_ACT_MW",3,3,4.9915,"ACTUAL",3
"57","2019-12-17",20,0,"2019-12-18T03:00:00-00:00","2019-12-18T04:00:00-00:00","SP15","Solar","Renewable Forecast Actual Generation","RENEW_FCST_ACT_MW",3,3,7.42322,"ACTUAL",3
"58","2019-12-17",10,0,"2019-12-17T17:00:00-00:00","2019-12-17T18:00:00-00:00","SP15","Solar","Renewable Forecast Actual Generation","RENEW_FCST_ACT_MW",3,3,4537.1398,"ACTUAL",3
"59","2019-12-17",19,0,"2019-12-18T02:00:00-00:00","2019-12-18T03:00:00-00:00","SP15","Solar","Renewable Forecast Actual Generation","RENEW_FCST_ACT_MW",3,3,7.45489,"ACTUAL",3
"60","2019-12-17",5,0,"2019-12-17T12:00:00-00:00","2019-12-17T13:00:00-00:00","SP15","Solar","Renewable Forecast Actual Generation","RENEW_FCST_ACT_MW",3,3,3.20646,"ACTUAL",3
"61","2019-12-17",18,0,"2019-12-18T01:00:00-00:00","2019-12-18T02:00:00-00:00","SP15","Solar","Renewable Forecast Actual Generation","RENEW_FCST_ACT_MW",3,3,7.31673,"ACTUAL",3
"62","2019-12-17",9,0,"2019-12-17T16:00:00-00:00","2019-12-17T17:00:00-00:00","SP15","Solar","Renewable Forecast Actual Generation","RENEW_FCST_ACT_MW",3,3,3100.02907,"ACTUAL",3
"63","2019-12-17",17,0,"2019-12-18T00:00:00-00:00","2019-12-18T01:00:00-00:00","SP15","Solar","Renewable Forecast Actual Generation","RENEW_FCST_ACT_MW",3,3,150.50715,"ACTUAL",3
"64","2019-12-17",1,0,"2019-12-17T08:00:00-00:00","2019-12-17T09:00:00-00:00","SP15","Solar","Renewable Forecast Actual Generation","RENEW_FCST_ACT_MW",3,3,5.1761,"ACTUAL",3
"65","2019-12-17",16,0,"2019-12-17T23:00:00-00:00","2019-12-18T00:00:00-00:00","SP15","Solar","Renewable Forecast Actual Generation","RENEW_FCST_ACT_MW",3,3,1456.97466,"ACTUAL",3
"66","2019-12-17",8,0,"2019-12-17T15:00:00-00:00","2019-12-17T16:00:00-00:00","SP15","Solar","Renewable Forecast Actual Generation","RENEW_FCST_ACT_MW",3,3,1056.85558,"ACTUAL",3
"67","2019-12-17",15,0,"2019-12-17T22:00:00-00:00","2019-12-17T23:00:00-00:00","SP15","Solar","Renewable Forecast Actual Generation","RENEW_FCST_ACT_MW",3,3,2845.60252,"ACTUAL",3
"68","2019-12-17",4,0,"2019-12-17T11:00:00-00:00","2019-12-17T12:00:00-00:00","SP15","Solar","Renewable Forecast Actual Generation","RENEW_FCST_ACT_MW",3,3,3.89785,"ACTUAL",3
"69","2019-12-17",14,0,"2019-12-17T21:00:00-00:00","2019-12-17T22:00:00-00:00","SP15","Solar","Renewable Forecast Actual Generation","RENEW_FCST_ACT_MW",3,3,3943.8986,"ACTUAL",3
"70","2019-12-17",7,0,"2019-12-17T14:00:00-00:00","2019-12-17T15:00:00-00:00","SP15","Solar","Renewable Forecast Actual Generation","RENEW_FCST_ACT_MW",3,3,29.98073,"ACTUAL",3
"71","2019-12-17",13,0,"2019-12-17T20:00:00-00:00","2019-12-17T21:00:00-00:00","SP15","Solar","Renewable Forecast Actual Generation","RENEW_FCST_ACT_MW",3,3,4345.1266,"ACTUAL",3
"72","2019-12-17",12,0,"2019-12-17T19:00:00-00:00","2019-12-17T20:00:00-00:00","SP15","Solar","Renewable Forecast Actual Generation","RENEW_FCST_ACT_MW",3,3,4544.18927,"ACTUAL",3
"73","2019-12-17",23,0,"2019-12-18T06:00:00-00:00","2019-12-18T07:00:00-00:00","SP15","Wind","Renewable Forecast Actual Generation","RENEW_FCST_ACT_MW",3,1,1167.44613,"ACTUAL",4
"74","2019-12-17",22,0,"2019-12-18T05:00:00-00:00","2019-12-18T06:00:00-00:00","SP15","Wind","Renewable Forecast Actual Generation","RENEW_FCST_ACT_MW",3,1,1213.56191,"ACTUAL",4
"75","2019-12-17",21,0,"2019-12-18T04:00:00-00:00","2019-12-18T05:00:00-00:00","SP15","Wind","Renewable Forecast Actual Generation","RENEW_FCST_ACT_MW",3,1,1254.57929,"ACTUAL",4
"76","2019-12-17",20,0,"2019-12-18T03:00:00-00:00","2019-12-18T04:00:00-00:00","SP15","Wind","Renewable Forecast Actual Generation","RENEW_FCST_ACT_MW",3,1,1171.00163,"ACTUAL",4
"77","2019-12-17",19,0,"2019-12-18T02:00:00-00:00","2019-12-18T03:00:00-00:00","SP15","Wind","Renewable Forecast Actual Generation","RENEW_FCST_ACT_MW",3,1,1237.60268,"ACTUAL",4
"78","2019-12-17",18,0,"2019-12-18T01:00:00-00:00","2019-12-18T02:00:00-00:00","SP15","Wind","Renewable Forecast Actual Generation","RENEW_FCST_ACT_MW",3,1,1121.94974,"ACTUAL",4
"79","2019-12-17",17,0,"2019-12-18T00:00:00-00:00","2019-12-18T01:00:00-00:00","SP15","Wind","Renewable Forecast Actual Generation","RENEW_FCST_ACT_MW",3,1,888.35484,"ACTUAL",4
"80","2019-12-17",16,0,"2019-12-17T23:00:00-00:00","2019-12-18T00:00:00-00:00","SP15","Wind","Renewable Forecast Actual Generation","RENEW_FCST_ACT_MW",3,1,1012.49605,"ACTUAL",4
"81","2019-12-17",15,0,"2019-12-17T22:00:00-00:00","2019-12-17T23:00:00-00:00","SP15","Wind","Renewable Forecast Actual Generation","RENEW_FCST_ACT_MW",3,1,1158.67786,"ACTUAL",4
"82","2019-12-17",14,0,"2019-12-17T21:00:00-00:00","2019-12-17T22:00:00-00:00","SP15","Wind","Renewable Forecast Actual Generation","RENEW_FCST_ACT_MW",3,1,1135.80931,"ACTUAL",4
"83","2019-12-17",13,0,"2019-12-17T20:00:00-00:00","2019-12-17T21:00:00-00:00","SP15","Wind","Renewable Forecast Actual Generation","RENEW_FCST_ACT_MW",3,1,946.81142,"ACTUAL",4
"84","2019-12-17",12,0,"2019-12-17T19:00:00-00:00","2019-12-17T20:00:00-00:00","SP15","Wind","Renewable Forecast Actual Generation","RENEW_FCST_ACT_MW",3,1,731.7506,"ACTUAL",4
"85","2019-12-17",11,0,"2019-12-17T18:00:00-00:00","2019-12-17T19:00:00-00:00","SP15","Wind","Renewable Forecast Actual Generation","RENEW_FCST_ACT_MW",3,1,749.53849,"ACTUAL",4
"86","2019-12-17",10,0,"2019-12-17T17:00:00-00:00","2019-12-17T18:00:00-00:00","SP15","Wind","Renewable Forecast Actual Generation","RENEW_FCST_ACT_MW",3,1,660.35439,"ACTUAL",4
"87","2019-12-17",9,0,"2019-12-17T16:00:00-00:00","2019-12-17T17:00:00-00:00","SP15","Wind","Renewable Forecast Actual Generation","RENEW_FCST_ACT_MW",3,1,557.1516,"ACTUAL",4
"88","2019-12-17",8,0,"2019-12-17T15:00:00-00:00","2019-12-17T16:00:00-00:00","SP15","Wind","Renewable Forecast Actual Generation","RENEW_FCST_ACT_MW",3,1,686.93564,"ACTUAL",4
"89","2019-12-17",7,0,"2019-12-17T14:00:00-00:00","2019-12-17T15:00:00-00:00","SP15","Wind","Renewable Forecast Actual Generation","RENEW_FCST_ACT_MW",3,1,789.21726,"ACTUAL",4
"90","2019-12-17",6,0,"2019-12-17T13:00:00-00:00","2019-12-17T14:00:00-00:00","SP15","Wind","Renewable Forecast Actual Generation","RENEW_FCST_ACT_MW",3,1,762.0288,"ACTUAL",4
"91","2019-12-17",5,0,"2019-12-17T12:00:00-00:00","2019-12-17T13:00:00-00:00","SP15","Wind","Renewable Forecast Actual Generation","RENEW_FCST_ACT_MW",3,1,701.05367,"ACTUAL",4
"92","2019-12-17",4,0,"2019-12-17T11:00:00-00:00","2019-12-17T12:00:00-00:00","SP15","Wind","Renewable Forecast Actual Generation","RENEW_FCST_ACT_MW",3,1,696.68124,"ACTUAL",4
"93","2019-12-17",3,0,"2019-12-17T10:00:00-00:00","2019-12-17T11:00:00-00:00","SP15","Wind","Renewable Forecast Actual Generation","RENEW_FCST_ACT_MW",3,1,820.29179,"ACTUAL",4
"94","2019-12-17",2,0,"2019-12-17T09:00:00-00:00","2019-12-17T10:00:00-00:00","SP15","Wind","Renewable Forecast Actual Generation","RENEW_FCST_ACT_MW",3,1,754.10959,"ACTUAL",4
"95","2019-12-17",24,0,"2019-12-18T07:00:00-00:00","2019-12-18T08:00:00-00:00","SP15","Wind","Renewable Forecast Actual Generation","RENEW_FCST_ACT_MW",3,1,1023.61562,"ACTUAL",4
"96","2019-12-17",1,0,"2019-12-17T08:00:00-00:00","2019-12-17T09:00:00-00:00","SP15","Wind","Renewable Forecast Actual Generation","RENEW_FCST_ACT_MW",3,1,604.68938,"ACTUAL",4
"97","2019-12-17",1,0,"2019-12-17T08:00:00-00:00","2019-12-17T09:00:00-00:00","ZP26","Solar","Renewable Forecast Actual Generation","RENEW_FCST_ACT_MW",3,3,-5.77335,"ACTUAL",5
"98","2019-12-17",24,0,"2019-12-18T07:00:00-00:00","2019-12-18T08:00:00-00:00","ZP26","Solar","Renewable Forecast Actual Generation","RENEW_FCST_ACT_MW",3,3,-5.74666,"ACTUAL",5
"99","2019-12-17",3,0,"2019-12-17T10:00:00-00:00","2019-12-17T11:00:00-00:00","ZP26","Solar","Renewable Forecast Actual Generation","RENEW_FCST_ACT_MW",3,3,-6.72103,"ACTUAL",5
"100","2019-12-17",4,0,"2019-12-17T11:00:00-00:00","2019-12-17T12:00:00-00:00","ZP26","Solar","Renewable Forecast Actual Generation","RENEW_FCST_ACT_MW",3,3,-5.86642,"ACTUAL",5
"101","2019-12-17",5,0,"2019-12-17T12:00:00-00:00","2019-12-17T13:00:00-00:00","ZP26","Solar","Renewable Forecast Actual Generation","RENEW_FCST_ACT_MW",3,3,-5.7872,"ACTUAL",5
"102","2019-12-17",6,0,"2019-12-17T13:00:00-00:00","2019-12-17T14:00:00-00:00","ZP26","Solar","Renewable Forecast Actual Generation","RENEW_FCST_ACT_MW",3,3,-5.77767,"ACTUAL",5
"103","2019-12-17",7,0,"2019-12-17T14:00:00-00:00","2019-12-17T15:00:00-00:00","ZP26","Solar","Renewable Forecast Actual Generation","RENEW_FCST_ACT_MW",3,3,-5.33234,"ACTUAL",5
"104","2019-12-17",8,0,"2019-12-17T15:00:00-00:00","2019-12-17T16:00:00-00:00","ZP26","Solar","Renewable Forecast Actual Generation","RENEW_FCST_ACT_MW",3,3,70.64007,"ACTUAL",5
"105","2019-12-17",9,0,"2019-12-17T16:00:00-00:00","2019-12-17T17:00:00-00:00","ZP26","Solar","Renewable Forecast Actual Generation","RENEW_FCST_ACT_MW",3,3,382.95908,"ACTUAL",5
"106","2019-12-17",10,0,"2019-12-17T17:00:00-00:00","2019-12-17T18:00:00-00:00","ZP26","Solar","Renewable Forecast Actual Generation","RENEW_FCST_ACT_MW",3,3,667.1218,"ACTUAL",5
"107","2019-12-17",11,0,"2019-12-17T18:00:00-00:00","2019-12-17T19:00:00-00:00","ZP26","Solar","Renewable Forecast Actual Generation","RENEW_FCST_ACT_MW",3,3,999.22555,"ACTUAL",5
"108","2019-12-17",12,0,"2019-12-17T19:00:00-00:00","2019-12-17T20:00:00-00:00","ZP26","Solar","Renewable Forecast Actual Generation","RENEW_FCST_ACT_MW",3,3,1094.80618,"ACTUAL",5
"109","2019-12-17",13,0,"2019-12-17T20:00:00-00:00","2019-12-17T21:00:00-00:00","ZP26","Solar","Renewable Forecast Actual Generation","RENEW_FCST_ACT_MW",3,3,898.16719,"ACTUAL",5
"110","2019-12-17",14,0,"2019-12-17T21:00:00-00:00","2019-12-17T22:00:00-00:00","ZP26","Solar","Renewable Forecast Actual Generation","RENEW_FCST_ACT_MW",3,3,605.82402,"ACTUAL",5
"111","2019-12-17",15,0,"2019-12-17T22:00:00-00:00","2019-12-17T23:00:00-00:00","ZP26","Solar","Renewable Forecast Actual Generation","RENEW_FCST_ACT_MW",3,3,320.45183,"ACTUAL",5
"112","2019-12-17",16,0,"2019-12-17T23:00:00-00:00","2019-12-18T00:00:00-00:00","ZP26","Solar","Renewable Forecast Actual Generation","RENEW_FCST_ACT_MW",3,3,131.30836,"ACTUAL",5
"113","2019-12-17",17,0,"2019-12-18T00:00:00-00:00","2019-12-18T01:00:00-00:00","ZP26","Solar","Renewable Forecast Actual Generation","RENEW_FCST_ACT_MW",3,3,13.55516,"ACTUAL",5
"114","2019-12-17",18,0,"2019-12-18T01:00:00-00:00","2019-12-18T02:00:00-00:00","ZP26","Solar","Renewable Forecast Actual Generation","RENEW_FCST_ACT_MW",3,3,-5.79735,"ACTUAL",5
"115","2019-12-17",19,0,"2019-12-18T02:00:00-00:00","2019-12-18T03:00:00-00:00","ZP26","Solar","Renewable Forecast Actual Generation","RENEW_FCST_ACT_MW",3,3,-5.70671,"ACTUAL",5
"116","2019-12-17",20,0,"2019-12-18T03:00:00-00:00","2019-12-18T04:00:00-00:00","ZP26","Solar","Renewable Forecast Actual Generation","RENEW_FCST_ACT_MW",3,3,-5.68652,"ACTUAL",5
"117","2019-12-17",21,0,"2019-12-18T04:00:00-00:00","2019-12-18T05:00:00-00:00","ZP26","Solar","Renewable Forecast Actual Generation","RENEW_FCST_ACT_MW",3,3,-5.68912,"ACTUAL",5
"118","2019-12-17",22,0,"2019-12-18T05:00:00-00:00","2019-12-18T06:00:00-00:00","ZP26","Solar","Renewable Forecast Actual Generation","RENEW_FCST_ACT_MW",3,3,-5.71492,"ACTUAL",5
"119","2019-12-17",23,0,"2019-12-18T06:00:00-00:00","2019-12-18T07:00:00-00:00","ZP26","Solar","Renewable Forecast Actual Generation","RENEW_FCST_ACT_MW",3,3,-5.73165,"ACTUAL",5
"120","2019-12-17",2,0,"2019-12-17T09:00:00-00:00","2019-12-17T10:00:00-00:00","ZP26","Solar","Renewable Forecast Actual Generation","RENEW_FCST_ACT_MW",3,3,-5.80686,"ACTUAL",5
