"","OPR_DT","OPR_HR","OPR_INTERVAL","INTERVALSTARTTIME_GMT","INTERVALENDTIME_GMT","TRADING_HUB","RENEWABLE_TYPE","LABEL","XML_DATA_ITEM","MARKET_RUN_ID_POS","RENEW_POS","MW","MARKET_RUN_ID","GROUP"
"1","2019-01-09",1,0,"2019-01-09T08:00:00-00:00","2019-01-09T09:00:00-00:00","NP15","Solar","Renewable Forecast Actual Generation","RENEW_FCST_ACT_MW",3,3,-3.04321,"ACTUAL",1
"2","2019-01-09",2,0,"2019-01-09T09:00:00-00:00","2019-01-09T10:00:00-00:00","NP15","Solar","Renewable Forecast Actual Generation","RENEW_FCST_ACT_MW",3,3,-3.08868,"ACTUAL",1
"3","2019-01-09",3,0,"2019-01-09T10:00:00-00:00","2019-01-09T11:00:00-00:00","NP15","Solar","Renewable Forecast Actual Generation","RENEW_FCST_ACT_MW",3,3,-3.07888,"ACTUAL",1
"4","2019-01-09",4,0,"2019-01-09T11:00:00-00:00","2019-01-09T12:00:00-00:00","NP15","Solar","Renewable Forecast Actual Generation","RENEW_FCST_ACT_MW",3,3,-3.08662,"ACTUAL",1
"5","2019-01-09",5,0,"2019-01-09T12:00:00-00:00","2019-01-09T13:00:00-00:00","NP15","Solar","Renewable Forecast Actual Generation","RENEW_FCST_ACT_MW",3,3,-3.0768,"ACTUAL",1
"6","2019-01-09",6,0,"2019-01-09T13:00:00-00:00","2019-01-09T14:00:00-00:00","NP15","Solar","Renewable Forecast Actual Generation","RENEW_FCST_ACT_MW",3,3,-3.1053,"ACTUAL",1
"7","2019-01-09",7,0,"2019-01-09T14:00:00-00:00","2019-01-09T15:00:00-00:00","NP15","Solar","Renewable Forecast Actual Generation","RENEW_FCST_ACT_MW",3,3,-3.08422,"ACTUAL",1
"8","2019-01-09",8,0,"2019-01-09T15:00:00-00:00","2019-01-09T16:00:00-00:00","NP15","Solar","Renewable Forecast Actual Generation","RENEW_FCST_ACT_MW",3,3,7.43462,"ACTUAL",1
"9","2019-01-09",9,0,"2019-01-09T16:00:00-00:00","2019-01-09T17:00:00-00:00","NP15","Solar","Renewable Forecast Actual Generation","RENEW_FCST_ACT_MW",3,3,97.13035,"ACTUAL",1
"10","2019-01-09",10,0,"2019-01-09T17:00:00-00:00","2019-01-09T18:00:00-00:00","NP15","Solar","Renewable Forecast Actual Generation","RENEW_FCST_ACT_MW",3,3,172.14347,"ACTUAL",1
"11","2019-01-09",11,0,"2019-01-09T18:00:00-00:00","2019-01-09T19:00:00-00:00","NP15","Solar","Renewable Forecast Actual Generation","RENEW_FCST_ACT_MW",3,3,294.27258,"ACTUAL",1
"12","2019-01-09",12,0,"2019-01-09T19:00:00-00:00","2019-01-09T20:00:00-00:00","NP15","Solar","Renewable Forecast Actual Generation","RENEW_FCST_ACT_MW",3,3,289.64921,"ACTUAL",1
"13","2019-01-09",13,0,"2019-01-09T20:00:00-00:00","2019-01-09T21:00:00-00:00","NP15","Solar","Renewable Forecast Actual Generation","RENEW_FCST_ACT_MW",3,3,180.27107,"ACTUAL",1
"14","2019-01-09",14,0,"2019-01-09T21:00:00-00:00","2019-01-09T22:00:00-00:00","NP15","Solar","Renewable Forecast Actual Generation","RENEW_FCST_ACT_MW",3,3,132.31039,"ACTUAL",1
"15","2019-01-09",15,0,"2019-01-09T22:00:00-00:00","2019-01-09T23:00:00-00:00","NP15","Solar","Renewable Forecast Actual Generation","RENEW_FCST_ACT_MW",3,3,88.63227,"ACTUAL",1
"16","2019-01-09",16,0,"2019-01-09T23:00:00-00:00","2019-01-10T00:00:00-00:00","NP15","Solar","Renewable Forecast Actual Generation","RENEW_FCST_ACT_MW",3,3,145.11553,"ACTUAL",1
"17","2019-01-09",17,0,"2019-01-10T00:00:00-00:00","2019-01-10T01:00:00-00:00","NP15","Solar","Renewable Forecast Actual Generation","RENEW_FCST_ACT_MW",3,3,61.8274,"ACTUAL",1
"18","2019-01-09",18,0,"2019-01-10T01:00:00-00:00","2019-01-10T02:00:00-00:00","NP15","Solar","Renewable Forecast Actual Generation","RENEW_FCST_ACT_MW",3,3,-2.87778,"ACTUAL",1
"19","2019-01-09",19,0,"2019-01-10T02:00:00-00:00","2019-01-10T03:00:00-00:00","NP15","Solar","Renewable Forecast Actual Generation","RENEW_FCST_ACT_MW",3,3,-2.79258,"ACTUAL",1
"20","2019-01-09",20,0,"2019-01-10T03:00:00-00:00","2019-01-10T04:00:00-00:00","NP15","Solar","Renewable Forecast Actual Generation","RENEW_FCST_ACT_MW",3,3,-2.81258,"ACTUAL",1
"21","2019-01-09",21,0,"2019-01-10T04:00:00-00:00","2019-01-10T05:00:00-00:00","NP15","Solar","Renewable Forecast Actual Generation","RENEW_FCST_ACT_MW",3,3,-2.81448,"ACTUAL",1
"22","2019-01-09",22,0,"2019-01-10T05:00:00-00:00","2019-01-10T06:00:00-00:00","NP15","Solar","Renewable Forecast Actual Generation","RENEW_FCST_ACT_MW",3,3,-2.72512,"ACTUAL",1
"23","2019-01-09",23,0,"2019-01-10T06:00:00-00:00","2019-01-10T07:00:00-00:00","NP15","Solar","Renewable Forecast Actual Generation","RENEW_FCST_ACT_MW",3,3,-2.72733,"ACTUAL",1
"24","2019-01-09",24,0,"2019-01-10T07:00:00-00:00","2019-01-10T08:00:00-00:00","NP15","Solar","Renewable Forecast Actual Generation","RENEW_FCST_ACT_MW",3,3,-2.73535,"ACTUAL",1
"25","2019-01-09",1,0,"2019-01-09T08:00:00-00:00","2019-01-09T09:00:00-00:00","NP15","Wind","Renewable Forecast Actual Generation","RENEW_FCST_ACT_MW",3,1,578.50948,"ACTUAL",2
"26","2019-01-09",24,0,"2019-01-10T07:00:00-00:00","2019-01-10T08:00:00-00:00","NP15","Wind","Renewable Forecast Actual Generation","RENEW_FCST_ACT_MW",3,1,95.63385,"ACTUAL",2
"27","2019-01-09",3,0,"2019-01-09T10:00:00-00:00","2019-01-09T11:00:00-00:00","NP15","Wind","Renewable Forecast Actual Generation","RENEW_FCST_ACT_MW",3,1,790.82194,"ACTUAL",2
"28","2019-01-09",4,0,"2019-01-09T11:00:00-00:00","2019-01-09T12:00:00-00:00","NP15","Wind","Renewable Forecast Actual Generation","RENEW_FCST_ACT_MW",3,1,605.79705,"ACTUAL",2
"29","2019-01-09",5,0,"2019-01-09T12:00:00-00:00","2019-01-09T13:00:00-00:00","NP15","Wind","Renewable Forecast Actual Generation","RENEW_FCST_ACT_MW",3,1,283.9322,"ACTUAL",2
"30","2019-01-09",6,0,"2019-01-09T13:00:00-00:00","2019-01-09T14:00:00-00:00","NP15","Wind","Renewable Forecast Actual Generation","RENEW_FCST_ACT_MW",3,1,406.31443,"ACTUAL",2
"31","2019-01-09",7,0,"2019-01-09T14:00:00-00:00","2019-01-09T15:00:00-00:00","NP15","Wind","Renewable Forecast Actual Generation","RENEW_FCST_ACT_MW",3,1,511.48146,"ACTUAL",2
"32","2019-01-09",8,0,"2019-01-09T15:00:00-00:00","2019-01-09T16:00:00-00:00","NP15","Wind","Renewable Forecast Actual Generation","RENEW_FCST_ACT_MW",3,1,556.05845,"ACTUAL",2
"33","2019-01-09",9,0,"2019-01-09T16:00:00-00:00","2019-01-09T17:00:00-00:00","NP15","Wind","Renewable Forecast Actual Generation","RENEW_FCST_ACT_MW",3,1,556.79379,"ACTUAL",2
"34","2019-01-09",10,0,"2019-01-09T17:00:00-00:00","2019-01-09T18:00:00-00:00","NP15","Wind","Renewable Forecast Actual Generation","RENEW_FCST_ACT_MW",3,1,452.99691,"ACTUAL",2
"35","2019-01-09",11,0,"2019-01-09T18:00:00-00:00","2019-01-09T19:00:00-00:00","NP15","Wind","Renewable Forecast Actual Generation","RENEW_FCST_ACT_MW",3,1,322.33077,"ACTUAL",2
"36","2019-01-09",12,0,"2019-01-09T19:00:00-00:00","2019-01-09T20:00:00-00:00","NP15","Wind","Renewable Forecast Actual Generation","RENEW_FCST_ACT_MW",3,1,215.46359,"ACTUAL",2
"37","2019-01-09",13,0,"2019-01-09T20:00:00-00:00","2019-01-09T21:00:00-00:00","NP15","Wind","Renewable Forecast Actual Generation","RENEW_FCST_ACT_MW",3,1,242.75927,"ACTUAL",2
"38","2019-01-09",14,0,"2019-01-09T21:00:00-00:00","2019-01-09T22:00:00-00:00","NP15","Wind","Renewable Forecast Actual Generation","RENEW_FCST_ACT_MW",3,1,361.92886,"ACTUAL",2
"39","2019-01-09",15,0,"2019-01-09T22:00:00-00:00","2019-01-09T23:00:00-00:00","NP15","Wind","Renewable Forecast Actual Generation","RENEW_FCST_ACT_MW",3,1,272.65259,"ACTUAL",2
"40","2019-01-09",16,0,"2019-01-09T23:00:00-00:00","2019-01-10T00:00:00-00:00","NP15","Wind","Renewable Forecast Actual Generation","RENEW_FCST_ACT_MW",3,1,242.54532,"ACTUAL",2
"41","2019-01-09",17,0,"2019-01-10T00:00:00-00:00","2019-01-10T01:00:00-00:00","NP15","Wind","Renewable Forecast Actual Generation","RENEW_FCST_ACT_MW",3,1,387.52534,"ACTUAL",2
"42","2019-01-09",18,0,"2019-01-10T01:00:00-00:00","2019-01-10T02:00:00-00:00","NP15","Wind","Renewable Forecast Actual Generation","RENEW_FCST_ACT_MW",3,1,327.70952,"ACTUAL",2
"43","2019-01-09",19,0,"2019-01-10T02:00:00-00:00","2019-01-10T03:00:00-00:00","NP15","Wind","Renewable Forecast Actual Generation","RENEW_FCST_ACT_MW",3,1,176.26365,"ACTUAL",2
"44","2019-01-09",20,0,"2019-01-10T03:00:00-00:00","2019-01-10T04:00:00-00:00","NP15","Wind","Renewable Forecast Actual Generation","RENEW_FCST_ACT_MW",3,1,102.58538,"ACTUAL",2
"45","2019-01-09",21,0,"2019-01-10T04:00:00-00:00","2019-01-10T05:00:00-00:00","NP15","Wind","Renewable Forecast Actual Generation","RENEW_FCST_ACT_MW",3,1,101.73284,"ACTUAL",2
"46","2019-01-09",22,0,"2019-01-10T05:00:00-00:00","2019-01-10T06:00:00-00:00","NP15","Wind","Renewable Forecast Actual Generation","RENEW_FCST_ACT_MW",3,1,112.78469,"ACTUAL",2
"47","2019-01-09",23,0,"2019-01-10T06:00:00-00:00","2019-01-10T07:00:00-00:00","NP15","Wind","Renewable Forecast Actual Generation","RENEW_FCST_ACT_MW",3,1,104.79478,"ACTUAL",2
"48","2019-01-09",2,0,"2019-01-09T09:00:00-00:00","2019-01-09T10:00:00-00:00","NP15","Wind","Renewable Forecast Actual Generation","RENEW_FCST_ACT_MW",3,1,824.67128,"ACTUAL",2
"49","2019-01-09",24,0,"2019-01-10T07:00:00-00:00","2019-01-10T08:00:00-00:00","SP15","Solar","Renewable Forecast Actual Generation","RENEW_FCST_ACT_MW",3,3,-9.52624,"ACTUAL",3
"50","2019-01-09",2,0,"2019-01-09T09:00:00-00:00","2019-01-09T10:00:00-00:00","SP15","Solar","Renewable Forecast Actual Generation","RENEW_FCST_ACT_MW",3,3,-20.88012,"ACTUAL",3
"51","2019-01-09",23,0,"2019-01-10T06:00:00-00:00","2019-01-10T07:00:00-00:00","SP15","Solar","Renewable Forecast Actual Generation","RENEW_FCST_ACT_MW",3,3,-6.54261,"ACTUAL",3
"52","2019-01-09",6,0,"2019-01-09T13:00:00-00:00","2019-01-09T14:00:00-00:00","SP15","Solar","Renewable Forecast Actual Generation","RENEW_FCST_ACT_MW",3,3,-7.56899,"ACTUAL",3
"53","2019-01-09",22,0,"2019-01-10T05:00:00-00:00","2019-01-10T06:00:00-00:00","SP15","Solar","Renewable Forecast Actual Generation","RENEW_FCST_ACT_MW",3,3,-6.4614,"ACTUAL",3
"54","2019-01-09",11,0,"2019-01-09T18:00:00-00:00","2019-01-09T19:00:00-00:00","SP15","Solar","Renewable Forecast Actual Generation","RENEW_FCST_ACT_MW",3,3,4765.66928,"ACTUAL",3
"55","2019-01-09",21,0,"2019-01-10T04:00:00-00:00","2019-01-10T05:00:00-00:00","SP15","Solar","Renewable Forecast Actual Generation","RENEW_FCST_ACT_MW",3,3,-6.76776,"ACTUAL",3
"56","2019-01-09",3,0,"2019-01-09T10:00:00-00:00","2019-01-09T11:00:00-00:00","SP15","Solar","Renewable Forecast Actual Generation","RENEW_FCST_ACT_MW",3,3,-21.0332,"ACTUAL",3
"57","2019-01-09",20,0,"2019-01-10T03:00:00-00:00","2019-01-10T04:00:00-00:00","SP15","Solar","Renewable Forecast Actual Generation","RENEW_FCST_ACT_MW",3,3,-11.34506,"ACTUAL",3
"58","2019-01-09",10,0,"2019-01-09T17:00:00-00:00","2019-01-09T18:00:00-00:00","SP15","Solar","Renewable Forecast Actual Generation","RENEW_FCST_ACT_MW",3,3,4395.60999,"ACTUAL",3
"59","2019-01-09",19,0,"2019-01-10T02:00:00-00:00","2019-01-10T03:00:00-00:00","SP15","Solar","Renewable Forecast Actual Generation","RENEW_FCST_ACT_MW",3,3,-8.99794,"ACTUAL",3
"60","2019-01-09",5,0,"2019-01-09T12:00:00-00:00","2019-01-09T13:00:00-00:00","SP15","Solar","Renewable Forecast Actual Generation","RENEW_FCST_ACT_MW",3,3,-8.67285,"ACTUAL",3
"61","2019-01-09",18,0,"2019-01-10T01:00:00-00:00","2019-01-10T02:00:00-00:00","SP15","Solar","Renewable Forecast Actual Generation","RENEW_FCST_ACT_MW",3,3,-12.41319,"ACTUAL",3
"62","2019-01-09",9,0,"2019-01-09T16:00:00-00:00","2019-01-09T17:00:00-00:00","SP15","Solar","Renewable Forecast Actual Generation","RENEW_FCST_ACT_MW",3,3,2944.57857,"ACTUAL",3
"63","2019-01-09",17,0,"2019-01-10T00:00:00-00:00","2019-01-10T01:00:00-00:00","SP15","Solar","Renewable Forecast Actual Generation","RENEW_FCST_ACT_MW",3,3,330.9266,"ACTUAL",3
"64","2019-01-09",1,0,"2019-01-09T08:00:00-00:00","2019-01-09T09:00:00-00:00","SP15","Solar","Renewable Forecast Actual Generation","RENEW_FCST_ACT_MW",3,3,-20.22787,"ACTUAL",3
"65","2019-01-09",16,0,"2019-01-09T23:00:00-00:00","2019-01-10T00:00:00-00:00","SP15","Solar","Renewable Forecast Actual Generation","RENEW_FCST_ACT_MW",3,3,2257.44731,"ACTUAL",3
"66","2019-01-09",8,0,"2019-01-09T15:00:00-00:00","2019-01-09T16:00:00-00:00","SP15","Solar","Renewable Forecast Actual Generation","RENEW_FCST_ACT_MW",3,3,725.06028,"ACTUAL",3
"67","2019-01-09",15,0,"2019-01-09T22:00:00-00:00","2019-01-09T23:00:00-00:00","SP15","Solar","Renewable Forecast Actual Generation","RENEW_FCST_ACT_MW",3,3,4199.93165,"ACTUAL",3
"68","2019-01-09",4,0,"2019-01-09T11:00:00-00:00","2019-01-09T12:00:00-00:00","SP15","Solar","Renewable Forecast Actual Generation","RENEW_FCST_ACT_MW",3,3,-15.1109,"ACTUAL",3
"69","2019-01-09",14,0,"2019-01-09T21:00:00-00:00","2019-01-09T22:00:00-00:00","SP15","Solar","Renewable Forecast Actual Generation","RENEW_FCST_ACT_MW",3,3,4987.15981,"ACTUAL",3
"70","2019-01-09",7,0,"2019-01-09T14:00:00-00:00","2019-01-09T15:00:00-00:00","SP15","Solar","Renewable Forecast Actual Generation","RENEW_FCST_ACT_MW",3,3,-5.84511,"ACTUAL",3
"71","2019-01-09",13,0,"2019-01-09T20:00:00-00:00","2019-01-09T21:00:00-00:00","SP15","Solar","Renewable Forecast Actual Generation","RENEW_FCST_ACT_MW",3,3,5006.02682,"ACTUAL",3
"72","2019-01-09",12,0,"2019-01-09T19:00:00-00:00","2019-01-09T20:00:00-00:00","SP15","Solar","Renewable Forecast Actual Generation","RENEW_FCST_ACT_MW",3,3,4813.18066,"ACTUAL",3
"73","2019-01-09",23,0,"2019-01-10T06:00:00-00:00","2019-01-10T07:00:00-00:00","SP15","Wind","Renewable Forecast Actual Generation","RENEW_FCST_ACT_MW",3,1,425.09898,"ACTUAL",4
"74","2019-01-09",22,0,"2019-01-10T05:00:00-00:00","2019-01-10T06:00:00-00:00","SP15","Wind","Renewable Forecast Actual Generation","RENEW_FCST_ACT_MW",3,1,586.45024,"ACTUAL",4
"75","2019-01-09",21,0,"2019-01-10T04:00:00-00:00","2019-01-10T05:00:00-00:00","SP15","Wind","Renewable Forecast Actual Generation","RENEW_FCST_ACT_MW",3,1,575.32365,"ACTUAL",4
"76","2019-01-09",20,0,"2019-01-10T03:00:00-00:00","2019-01-10T04:00:00-00:00","SP15","Wind","Renewable Forecast Actual Generation","RENEW_FCST_ACT_MW",3,1,505.4648,"ACTUAL",4
"77","2019-01-09",19,0,"2019-01-10T02:00:00-00:00","2019-01-10T03:00:00-00:00","SP15","Wind","Renewable Forecast Actual Generation","RENEW_FCST_ACT_MW",3,1,745.12331,"ACTUAL",4
"78","2019-01-09",18,0,"2019-01-10T01:00:00-00:00","2019-01-10T02:00:00-00:00","SP15","Wind","Renewable Forecast Actual Generation","RENEW_FCST_ACT_MW",3,1,1144.35643,"ACTUAL",4
"79","2019-01-09",17,0,"2019-01-10T00:00:00-00:00","2019-01-10T01:00:00-00:00","SP15","Wind","Renewable Forecast Actual Generation","RENEW_FCST_ACT_MW",3,1,1834.79716,"ACTUAL",4
"80","2019-01-09",16,0,"2019-01-09T23:00:00-00:00","2019-01-10T00:00:00-00:00","SP15","Wind","Renewable Forecast Actual Generation","RENEW_FCST_ACT_MW",3,1,1101.32165,"ACTUAL",4
"81","2019-01-09",15,0,"2019-01-09T22:00:00-00:00","2019-01-09T23:00:00-00:00","SP15","Wind","Renewable Forecast Actual Generation","RENEW_FCST_ACT_MW",3,1,171.44327,"ACTUAL",4
"82","2019-01-09",14,0,"2019-01-09T21:00:00-00:00","2019-01-09T22:00:00-00:00","SP15","Wind","Renewable Forecast Actual Generation","RENEW_FCST_ACT_MW",3,1,54.79436,"ACTUAL",4
"83","2019-01-09",13,0,"2019-01-09T20:00:00-00:00","2019-01-09T21:00:00-00:00","SP15","Wind","Renewable Forecast Actual Generation","RENEW_FCST_ACT_MW",3,1,64.27507,"ACTUAL",4
"84","2019-01-09",12,0,"2019-01-09T19:00:00-00:00","2019-01-09T20:00:00-00:00","SP15","Wind","Renewable Forecast Actual Generation","RENEW_FCST_ACT_MW",3,1,61.41593,"ACTUAL",4
"85","2019-01-09",11,0,"2019-01-09T18:00:00-00:00","2019-01-09T19:00:00-00:00","SP15","Wind","Renewable Forecast Actual Generation","RENEW_FCST_ACT_MW",3,1,72.26071,"ACTUAL",4
"86","2019-01-09",10,0,"2019-01-09T17:00:00-00:00","2019-01-09T18:00:00-00:00","SP15","Wind","Renewable Forecast Actual Generation","RENEW_FCST_ACT_MW",3,1,76.82561,"ACTUAL",4
"87","2019-01-09",9,0,"2019-01-09T16:00:00-00:00","2019-01-09T17:00:00-00:00","SP15","Wind","Renewable Forecast Actual Generation","RENEW_FCST_ACT_MW",3,1,92.23772,"ACTUAL",4
"88","2019-01-09",8,0,"2019-01-09T15:00:00-00:00","2019-01-09T16:00:00-00:00","SP15","Wind","Renewable Forecast Actual Generation","RENEW_FCST_ACT_MW",3,1,113.4047,"ACTUAL",4
"89","2019-01-09",7,0,"2019-01-09T14:00:00-00:00","2019-01-09T15:00:00-00:00","SP15","Wind","Renewable Forecast Actual Generation","RENEW_FCST_ACT_MW",3,1,120.81466,"ACTUAL",4
"90","2019-01-09",6,0,"2019-01-09T13:00:00-00:00","2019-01-09T14:00:00-00:00","SP15","Wind","Renewable Forecast Actual Generation","RENEW_FCST_ACT_MW",3,1,116.2056,"ACTUAL",4
"91","2019-01-09",5,0,"2019-01-09T12:00:00-00:00","2019-01-09T13:00:00-00:00","SP15","Wind","Renewable Forecast Actual Generation","RENEW_FCST_ACT_MW",3,1,110.27131,"ACTUAL",4
"92","2019-01-09",4,0,"2019-01-09T11:00:00-00:00","2019-01-09T12:00:00-00:00","SP15","Wind","Renewable Forecast Actual Generation","RENEW_FCST_ACT_MW",3,1,169.44126,"ACTUAL",4
"93","2019-01-09",3,0,"2019-01-09T10:00:00-00:00","2019-01-09T11:00:00-00:00","SP15","Wind","Renewable Forecast Actual Generation","RENEW_FCST_ACT_MW",3,1,209.33279,"ACTUAL",4
"94","2019-01-09",2,0,"2019-01-09T09:00:00-00:00","2019-01-09T10:00:00-00:00","SP15","Wind","Renewable Forecast Actual Generation","RENEW_FCST_ACT_MW",3,1,216.2416,"ACTUAL",4
"95","2019-01-09",24,0,"2019-01-10T07:00:00-00:00","2019-01-10T08:00:00-00:00","SP15","Wind","Renewable Forecast Actual Generation","RENEW_FCST_ACT_MW",3,1,675.17399,"ACTUAL",4
"96","2019-01-09",1,0,"2019-01-09T08:00:00-00:00","2019-01-09T09:00:00-00:00","SP15","Wind","Renewable Forecast Actual Generation","RENEW_FCST_ACT_MW",3,1,162.77833,"ACTUAL",4
"97","2019-01-09",1,0,"2019-01-09T08:00:00-00:00","2019-01-09T09:00:00-00:00","ZP26","Solar","Renewable Forecast Actual Generation","RENEW_FCST_ACT_MW",3,3,-4.88492,"ACTUAL",5
"98","2019-01-09",24,0,"2019-01-10T07:00:00-00:00","2019-01-10T08:00:00-00:00","ZP26","Solar","Renewable Forecast Actual Generation","RENEW_FCST_ACT_MW",3,3,-4.82016,"ACTUAL",5
"99","2019-01-09",3,0,"2019-01-09T10:00:00-00:00","2019-01-09T11:00:00-00:00","ZP26","Solar","Renewable Forecast Actual Generation","RENEW_FCST_ACT_MW",3,3,-4.92983,"ACTUAL",5
"100","2019-01-09",4,0,"2019-01-09T11:00:00-00:00","2019-01-09T12:00:00-00:00","ZP26","Solar","Renewable Forecast Actual Generation","RENEW_FCST_ACT_MW",3,3,-5.28346,"ACTUAL",5
"101","2019-01-09",5,0,"2019-01-09T12:00:00-00:00","2019-01-09T13:00:00-00:00","ZP26","Solar","Renewable Forecast Actual Generation","RENEW_FCST_ACT_MW",3,3,-5.18612,"ACTUAL",5
"102","2019-01-09",6,0,"2019-01-09T13:00:00-00:00","2019-01-09T14:00:00-00:00","ZP26","Solar","Renewable Forecast Actual Generation","RENEW_FCST_ACT_MW",3,3,-5.20119,"ACTUAL",5
"103","2019-01-09",7,0,"2019-01-09T14:00:00-00:00","2019-01-09T15:00:00-00:00","ZP26","Solar","Renewable Forecast Actual Generation","RENEW_FCST_ACT_MW",3,3,-5.15504,"ACTUAL",5
"104","2019-01-09",8,0,"2019-01-09T15:00:00-00:00","2019-01-09T16:00:00-00:00","ZP26","Solar","Renewable Forecast Actual Generation","RENEW_FCST_ACT_MW",3,3,42.0654,"ACTUAL",5
"105","2019-01-09",9,0,"2019-01-09T16:00:00-00:00","2019-01-09T17:00:00-00:00","ZP26","Solar","Renewable Forecast Actual Generation","RENEW_FCST_ACT_MW",3,3,226.09063,"ACTUAL",5
"106","2019-01-09",10,0,"2019-01-09T17:00:00-00:00","2019-01-09T18:00:00-00:00","ZP26","Solar","Renewable Forecast Actual Generation","RENEW_FCST_ACT_MW",3,3,312.72386,"ACTUAL",5
"107","2019-01-09",11,0,"2019-01-09T18:00:00-00:00","2019-01-09T19:00:00-00:00","ZP26","Solar","Renewable Forecast Actual Generation","RENEW_FCST_ACT_MW",3,3,375.40626,"ACTUAL",5
"108","2019-01-09",12,0,"2019-01-09T19:00:00-00:00","2019-01-09T20:00:00-00:00","ZP26","Solar","Renewable Forecast Actual Generation","RENEW_FCST_ACT_MW",3,3,342.60102,"ACTUAL",5
"109","2019-01-09",13,0,"2019-01-09T20:00:00-00:00","2019-01-09T21:00:00-00:00","ZP26","Solar","Renewable Forecast Actual Generation","RENEW_FCST_ACT_MW",3,3,316.00832,"ACTUAL",5
"110","2019-01-09",14,0,"2019-01-09T21:00:00-00:00","2019-01-09T22:00:00-00:00","ZP26","Solar","Renewable Forecast Actual Generation","RENEW_FCST_ACT_MW",3,3,213.75003,"ACTUAL",5
"111","2019-01-09",15,0,"2019-01-09T22:00:00-00:00","2019-01-09T23:00:00-00:00","ZP26","Solar","Renewable Forecast Actual Generation","RENEW_FCST_ACT_MW",3,3,63.55349,"ACTUAL",5
"112","2019-01-09",16,0,"2019-01-09T23:00:00-00:00","2019-01-10T00:00:00-00:00","ZP26","Solar","Renewable Forecast Actual Generation","RENEW_FCST_ACT_MW",3,3,75.9565,"ACTUAL",5
"113","2019-01-09",17,0,"2019-01-10T00:00:00-00:00","2019-01-10T01:00:00-00:00","ZP26","Solar","Renewable Forecast Actual Generation","RENEW_FCST_ACT_MW",3,3,65.11481,"ACTUAL",5
"114","2019-01-09",18,0,"2019-01-10T01:00:00-00:00","2019-01-10T02:00:00-00:00","ZP26","Solar","Renewable Forecast Actual Generation","RENEW_FCST_ACT_MW",3,3,-4.34132,"ACTUAL",5
"115","2019-01-09",19,0,"2019-01-10T02:00:00-00:00","2019-01-10T03:00:00-00:00","ZP26","Solar","Renewable Forecast Actual Generation","RENEW_FCST_ACT_MW",3,3,-4.48473,"ACTUAL",5
"116","2019-01-09",20,0,"2019-01-10T03:00:00-00:00","2019-01-10T04:00:00-00:00","ZP26","Solar","Renewable Forecast Actual Generation","RENEW_FCST_ACT_MW",3,3,-4.4695,"ACTUAL",5
"117","2019-01-09",21,0,"2019-01-10T04:00:00-00:00","2019-01-10T05:00:00-00:00","ZP26","Solar","Renewable Forecast Actual Generation","RENEW_FCST_ACT_MW",3,3,-4.60783,"ACTUAL",5
"118","2019-01-09",22,0,"2019-01-10T05:00:00-00:00","2019-01-10T06:00:00-00:00","ZP26","Solar","Renewable Forecast Actual Generation","RENEW_FCST_ACT_MW",3,3,-4.84489,"ACTUAL",5
"119","2019-01-09",23,0,"2019-01-10T06:00:00-00:00","2019-01-10T07:00:00-00:00","ZP26","Solar","Renewable Forecast Actual Generation","RENEW_FCST_ACT_MW",3,3,-4.82893,"ACTUAL",5
"120","2019-01-09",2,0,"2019-01-09T09:00:00-00:00","2019-01-09T10:00:00-00:00","ZP26","Solar","Renewable Forecast Actual Generation","RENEW_FCST_ACT_MW",3,3,-4.88837,"ACTUAL",5
