"","OPR_DT","OPR_HR","OPR_INTERVAL","INTERVALSTARTTIME_GMT","INTERVALENDTIME_GMT","TRADING_HUB","RENEWABLE_TYPE","LABEL","XML_DATA_ITEM","MARKET_RUN_ID_POS","RENEW_POS","MW","MARKET_RUN_ID","GROUP"
"1","2019-09-14",2,0,"2019-09-14T08:00:00-00:00","2019-09-14T09:00:00-00:00","NP15","Solar","Renewable Forecast Actual Generation","RENEW_FCST_ACT_MW",3,3,-3.57092,"ACTUAL",1
"2","2019-09-14",3,0,"2019-09-14T09:00:00-00:00","2019-09-14T10:00:00-00:00","NP15","Solar","Renewable Forecast Actual Generation","RENEW_FCST_ACT_MW",3,3,-3.55486,"ACTUAL",1
"3","2019-09-14",4,0,"2019-09-14T10:00:00-00:00","2019-09-14T11:00:00-00:00","NP15","Solar","Renewable Forecast Actual Generation","RENEW_FCST_ACT_MW",3,3,-3.57175,"ACTUAL",1
"4","2019-09-14",5,0,"2019-09-14T11:00:00-00:00","2019-09-14T12:00:00-00:00","NP15","Solar","Renewable Forecast Actual Generation","RENEW_FCST_ACT_MW",3,3,-3.60087,"ACTUAL",1
"5","2019-09-14",6,0,"2019-09-14T12:00:00-00:00","2019-09-14T13:00:00-00:00","NP15","Solar","Renewable Forecast Actual Generation","RENEW_FCST_ACT_MW",3,3,-3.59887,"ACTUAL",1
"6","2019-09-14",7,0,"2019-09-14T13:00:00-00:00","2019-09-14T14:00:00-00:00","NP15","Solar","Renewable Forecast Actual Generation","RENEW_FCST_ACT_MW",3,3,-1.00099,"ACTUAL",1
"7","2019-09-14",8,0,"2019-09-14T14:00:00-00:00","2019-09-14T15:00:00-00:00","NP15","Solar","Renewable Forecast Actual Generation","RENEW_FCST_ACT_MW",3,3,287.51568,"ACTUAL",1
"8","2019-09-14",9,0,"2019-09-14T15:00:00-00:00","2019-09-14T16:00:00-00:00","NP15","Solar","Renewable Forecast Actual Generation","RENEW_FCST_ACT_MW",3,3,949.45379,"ACTUAL",1
"9","2019-09-14",10,0,"2019-09-14T16:00:00-00:00","2019-09-14T17:00:00-00:00","NP15","Solar","Renewable Forecast Actual Generation","RENEW_FCST_ACT_MW",3,3,1198.53052,"ACTUAL",1
"10","2019-09-14",11,0,"2019-09-14T17:00:00-00:00","2019-09-14T18:00:00-00:00","NP15","Solar","Renewable Forecast Actual Generation","RENEW_FCST_ACT_MW",3,3,1233.99206,"ACTUAL",1
"11","2019-09-14",12,0,"2019-09-14T18:00:00-00:00","2019-09-14T19:00:00-00:00","NP15","Solar","Renewable Forecast Actual Generation","RENEW_FCST_ACT_MW",3,3,1214.84846,"ACTUAL",1
"12","2019-09-14",13,0,"2019-09-14T19:00:00-00:00","2019-09-14T20:00:00-00:00","NP15","Solar","Renewable Forecast Actual Generation","RENEW_FCST_ACT_MW",3,3,1198.74898,"ACTUAL",1
"13","2019-09-14",14,0,"2019-09-14T20:00:00-00:00","2019-09-14T21:00:00-00:00","NP15","Solar","Renewable Forecast Actual Generation","RENEW_FCST_ACT_MW",3,3,1204.19173,"ACTUAL",1
"14","2019-09-14",15,0,"2019-09-14T21:00:00-00:00","2019-09-14T22:00:00-00:00","NP15","Solar","Renewable Forecast Actual Generation","RENEW_FCST_ACT_MW",3,3,1209.78591,"ACTUAL",1
"15","2019-09-14",16,0,"2019-09-14T22:00:00-00:00","2019-09-14T23:00:00-00:00","NP15","Solar","Renewable Forecast Actual Generation","RENEW_FCST_ACT_MW",3,3,1201.72658,"ACTUAL",1
"16","2019-09-14",17,0,"2019-09-14T23:00:00-00:00","2019-09-15T00:00:00-00:00","NP15","Solar","Renewable Forecast Actual Generation","RENEW_FCST_ACT_MW",3,3,1122.18554,"ACTUAL",1
"17","2019-09-14",18,0,"2019-09-15T00:00:00-00:00","2019-09-15T01:00:00-00:00","NP15","Solar","Renewable Forecast Actual Generation","RENEW_FCST_ACT_MW",3,3,811.62008,"ACTUAL",1
"18","2019-09-14",19,0,"2019-09-15T01:00:00-00:00","2019-09-15T02:00:00-00:00","NP15","Solar","Renewable Forecast Actual Generation","RENEW_FCST_ACT_MW",3,3,177.81727,"ACTUAL",1
"19","2019-09-14",20,0,"2019-09-15T02:00:00-00:00","2019-09-15T03:00:00-00:00","NP15","Solar","Renewable Forecast Actual Generation","RENEW_FCST_ACT_MW",3,3,-3.38623,"ACTUAL",1
"20","2019-09-14",21,0,"2019-09-15T03:00:00-00:00","2019-09-15T04:00:00-00:00","NP15","Solar","Renewable Forecast Actual Generation","RENEW_FCST_ACT_MW",3,3,-3.50543,"ACTUAL",1
"21","2019-09-14",22,0,"2019-09-15T04:00:00-00:00","2019-09-15T05:00:00-00:00","NP15","Solar","Renewable Forecast Actual Generation","RENEW_FCST_ACT_MW",3,3,-3.46259,"ACTUAL",1
"22","2019-09-14",23,0,"2019-09-15T05:00:00-00:00","2019-09-15T06:00:00-00:00","NP15","Solar","Renewable Forecast Actual Generation","RENEW_FCST_ACT_MW",3,3,-3.4886,"ACTUAL",1
"23","2019-09-14",24,0,"2019-09-15T06:00:00-00:00","2019-09-15T07:00:00-00:00","NP15","Solar","Renewable Forecast Actual Generation","RENEW_FCST_ACT_MW",3,3,-3.46723,"ACTUAL",1
"24","2019-09-14",18,0,"2019-09-15T00:00:00-00:00","2019-09-15T01:00:00-00:00","NP15","Wind","Renewable Forecast Actual Generation","RENEW_FCST_ACT_MW",3,1,378.82152,"ACTUAL",2
"25","2019-09-14",6,0,"2019-09-14T12:00:00-00:00","2019-09-14T13:00:00-00:00","NP15","Wind","Renewable Forecast Actual Generation","RENEW_FCST_ACT_MW",3,1,71.36637,"ACTUAL",2
"26","2019-09-14",17,0,"2019-09-14T23:00:00-00:00","2019-09-15T00:00:00-00:00","NP15","Wind","Renewable Forecast Actual Generation","RENEW_FCST_ACT_MW",3,1,193.24343,"ACTUAL",2
"27","2019-09-14",16,0,"2019-09-14T22:00:00-00:00","2019-09-14T23:00:00-00:00","NP15","Wind","Renewable Forecast Actual Generation","RENEW_FCST_ACT_MW",3,1,106.80287,"ACTUAL",2
"28","2019-09-14",15,0,"2019-09-14T21:00:00-00:00","2019-09-14T22:00:00-00:00","NP15","Wind","Renewable Forecast Actual Generation","RENEW_FCST_ACT_MW",3,1,57.46299,"ACTUAL",2
"29","2019-09-14",14,0,"2019-09-14T20:00:00-00:00","2019-09-14T21:00:00-00:00","NP15","Wind","Renewable Forecast Actual Generation","RENEW_FCST_ACT_MW",3,1,42.99042,"ACTUAL",2
"30","2019-09-14",13,0,"2019-09-14T19:00:00-00:00","2019-09-14T20:00:00-00:00","NP15","Wind","Renewable Forecast Actual Generation","RENEW_FCST_ACT_MW",3,1,26.2384,"ACTUAL",2
"31","2019-09-14",12,0,"2019-09-14T18:00:00-00:00","2019-09-14T19:00:00-00:00","NP15","Wind","Renewable Forecast Actual Generation","RENEW_FCST_ACT_MW",3,1,8.81295,"ACTUAL",2
"32","2019-09-14",11,0,"2019-09-14T17:00:00-00:00","2019-09-14T18:00:00-00:00","NP15","Wind","Renewable Forecast Actual Generation","RENEW_FCST_ACT_MW",3,1,1.39352,"ACTUAL",2
"33","2019-09-14",10,0,"2019-09-14T16:00:00-00:00","2019-09-14T17:00:00-00:00","NP15","Wind","Renewable Forecast Actual Generation","RENEW_FCST_ACT_MW",3,1,-1.24434,"ACTUAL",2
"34","2019-09-14",9,0,"2019-09-14T15:00:00-00:00","2019-09-14T16:00:00-00:00","NP15","Wind","Renewable Forecast Actual Generation","RENEW_FCST_ACT_MW",3,1,4.04828,"ACTUAL",2
"35","2019-09-14",8,0,"2019-09-14T14:00:00-00:00","2019-09-14T15:00:00-00:00","NP15","Wind","Renewable Forecast Actual Generation","RENEW_FCST_ACT_MW",3,1,17.28743,"ACTUAL",2
"36","2019-09-14",7,0,"2019-09-14T13:00:00-00:00","2019-09-14T14:00:00-00:00","NP15","Wind","Renewable Forecast Actual Generation","RENEW_FCST_ACT_MW",3,1,59.42678,"ACTUAL",2
"37","2019-09-14",5,0,"2019-09-14T11:00:00-00:00","2019-09-14T12:00:00-00:00","NP15","Wind","Renewable Forecast Actual Generation","RENEW_FCST_ACT_MW",3,1,118.3004,"ACTUAL",2
"38","2019-09-14",4,0,"2019-09-14T10:00:00-00:00","2019-09-14T11:00:00-00:00","NP15","Wind","Renewable Forecast Actual Generation","RENEW_FCST_ACT_MW",3,1,198.21932,"ACTUAL",2
"39","2019-09-14",3,0,"2019-09-14T09:00:00-00:00","2019-09-14T10:00:00-00:00","NP15","Wind","Renewable Forecast Actual Generation","RENEW_FCST_ACT_MW",3,1,201.34451,"ACTUAL",2
"40","2019-09-14",2,0,"2019-09-14T08:00:00-00:00","2019-09-14T09:00:00-00:00","NP15","Wind","Renewable Forecast Actual Generation","RENEW_FCST_ACT_MW",3,1,221.33096,"ACTUAL",2
"41","2019-09-14",24,0,"2019-09-15T06:00:00-00:00","2019-09-15T07:00:00-00:00","NP15","Wind","Renewable Forecast Actual Generation","RENEW_FCST_ACT_MW",3,1,795.22596,"ACTUAL",2
"42","2019-09-14",23,0,"2019-09-15T05:00:00-00:00","2019-09-15T06:00:00-00:00","NP15","Wind","Renewable Forecast Actual Generation","RENEW_FCST_ACT_MW",3,1,821.90984,"ACTUAL",2
"43","2019-09-14",22,0,"2019-09-15T04:00:00-00:00","2019-09-15T05:00:00-00:00","NP15","Wind","Renewable Forecast Actual Generation","RENEW_FCST_ACT_MW",3,1,844.8238,"ACTUAL",2
"44","2019-09-14",21,0,"2019-09-15T03:00:00-00:00","2019-09-15T04:00:00-00:00","NP15","Wind","Renewable Forecast Actual Generation","RENEW_FCST_ACT_MW",3,1,833.46661,"ACTUAL",2
"45","2019-09-14",20,0,"2019-09-15T02:00:00-00:00","2019-09-15T03:00:00-00:00","NP15","Wind","Renewable Forecast Actual Generation","RENEW_FCST_ACT_MW",3,1,723.28515,"ACTUAL",2
"46","2019-09-14",19,0,"2019-09-15T01:00:00-00:00","2019-09-15T02:00:00-00:00","NP15","Wind","Renewable Forecast Actual Generation","RENEW_FCST_ACT_MW",3,1,495.9508,"ACTUAL",2
"47","2019-09-14",6,0,"2019-09-14T12:00:00-00:00","2019-09-14T13:00:00-00:00","SP15","Solar","Renewable Forecast Actual Generation","RENEW_FCST_ACT_MW",3,3,-26.79682,"ACTUAL",3
"48","2019-09-14",18,0,"2019-09-15T00:00:00-00:00","2019-09-15T01:00:00-00:00","SP15","Solar","Renewable Forecast Actual Generation","RENEW_FCST_ACT_MW",3,3,3414.44811,"ACTUAL",3
"49","2019-09-14",5,0,"2019-09-14T11:00:00-00:00","2019-09-14T12:00:00-00:00","SP15","Solar","Renewable Forecast Actual Generation","RENEW_FCST_ACT_MW",3,3,-25.01824,"ACTUAL",3
"50","2019-09-14",11,0,"2019-09-14T17:00:00-00:00","2019-09-14T18:00:00-00:00","SP15","Solar","Renewable Forecast Actual Generation","RENEW_FCST_ACT_MW",3,3,6813.36375,"ACTUAL",3
"51","2019-09-14",4,0,"2019-09-14T10:00:00-00:00","2019-09-14T11:00:00-00:00","SP15","Solar","Renewable Forecast Actual Generation","RENEW_FCST_ACT_MW",3,3,-23.67663,"ACTUAL",3
"52","2019-09-14",15,0,"2019-09-14T21:00:00-00:00","2019-09-14T22:00:00-00:00","SP15","Solar","Renewable Forecast Actual Generation","RENEW_FCST_ACT_MW",3,3,6966.62435,"ACTUAL",3
"53","2019-09-14",3,0,"2019-09-14T09:00:00-00:00","2019-09-14T10:00:00-00:00","SP15","Solar","Renewable Forecast Actual Generation","RENEW_FCST_ACT_MW",3,3,-23.84386,"ACTUAL",3
"54","2019-09-14",10,0,"2019-09-14T16:00:00-00:00","2019-09-14T17:00:00-00:00","SP15","Solar","Renewable Forecast Actual Generation","RENEW_FCST_ACT_MW",3,3,6498.19918,"ACTUAL",3
"55","2019-09-14",2,0,"2019-09-14T08:00:00-00:00","2019-09-14T09:00:00-00:00","SP15","Solar","Renewable Forecast Actual Generation","RENEW_FCST_ACT_MW",3,3,-24.24584,"ACTUAL",3
"56","2019-09-14",13,0,"2019-09-14T19:00:00-00:00","2019-09-14T20:00:00-00:00","SP15","Solar","Renewable Forecast Actual Generation","RENEW_FCST_ACT_MW",3,3,7027.6516,"ACTUAL",3
"57","2019-09-14",24,0,"2019-09-15T06:00:00-00:00","2019-09-15T07:00:00-00:00","SP15","Solar","Renewable Forecast Actual Generation","RENEW_FCST_ACT_MW",3,3,-23.59838,"ACTUAL",3
"58","2019-09-14",9,0,"2019-09-14T15:00:00-00:00","2019-09-14T16:00:00-00:00","SP15","Solar","Renewable Forecast Actual Generation","RENEW_FCST_ACT_MW",3,3,5204.00662,"ACTUAL",3
"59","2019-09-14",23,0,"2019-09-15T05:00:00-00:00","2019-09-15T06:00:00-00:00","SP15","Solar","Renewable Forecast Actual Generation","RENEW_FCST_ACT_MW",3,3,-24.43878,"ACTUAL",3
"60","2019-09-14",16,0,"2019-09-14T22:00:00-00:00","2019-09-14T23:00:00-00:00","SP15","Solar","Renewable Forecast Actual Generation","RENEW_FCST_ACT_MW",3,3,6612.35664,"ACTUAL",3
"61","2019-09-14",22,0,"2019-09-15T04:00:00-00:00","2019-09-15T05:00:00-00:00","SP15","Solar","Renewable Forecast Actual Generation","RENEW_FCST_ACT_MW",3,3,-24.89785,"ACTUAL",3
"62","2019-09-14",8,0,"2019-09-14T14:00:00-00:00","2019-09-14T15:00:00-00:00","SP15","Solar","Renewable Forecast Actual Generation","RENEW_FCST_ACT_MW",3,3,1988.10691,"ACTUAL",3
"63","2019-09-14",21,0,"2019-09-15T03:00:00-00:00","2019-09-15T04:00:00-00:00","SP15","Solar","Renewable Forecast Actual Generation","RENEW_FCST_ACT_MW",3,3,-25.13674,"ACTUAL",3
"64","2019-09-14",12,0,"2019-09-14T18:00:00-00:00","2019-09-14T19:00:00-00:00","SP15","Solar","Renewable Forecast Actual Generation","RENEW_FCST_ACT_MW",3,3,6945.5372,"ACTUAL",3
"65","2019-09-14",20,0,"2019-09-15T02:00:00-00:00","2019-09-15T03:00:00-00:00","SP15","Solar","Renewable Forecast Actual Generation","RENEW_FCST_ACT_MW",3,3,-20.8323,"ACTUAL",3
"66","2019-09-14",7,0,"2019-09-14T13:00:00-00:00","2019-09-14T14:00:00-00:00","SP15","Solar","Renewable Forecast Actual Generation","RENEW_FCST_ACT_MW",3,3,54.87958,"ACTUAL",3
"67","2019-09-14",19,0,"2019-09-15T01:00:00-00:00","2019-09-15T02:00:00-00:00","SP15","Solar","Renewable Forecast Actual Generation","RENEW_FCST_ACT_MW",3,3,649.98497,"ACTUAL",3
"68","2019-09-14",14,0,"2019-09-14T20:00:00-00:00","2019-09-14T21:00:00-00:00","SP15","Solar","Renewable Forecast Actual Generation","RENEW_FCST_ACT_MW",3,3,7098.32958,"ACTUAL",3
"69","2019-09-14",17,0,"2019-09-14T23:00:00-00:00","2019-09-15T00:00:00-00:00","SP15","Solar","Renewable Forecast Actual Generation","RENEW_FCST_ACT_MW",3,3,5618.55769,"ACTUAL",3
"70","2019-09-14",18,0,"2019-09-15T00:00:00-00:00","2019-09-15T01:00:00-00:00","SP15","Wind","Renewable Forecast Actual Generation","RENEW_FCST_ACT_MW",3,1,562.52835,"ACTUAL",4
"71","2019-09-14",19,0,"2019-09-15T01:00:00-00:00","2019-09-15T02:00:00-00:00","SP15","Wind","Renewable Forecast Actual Generation","RENEW_FCST_ACT_MW",3,1,762.26722,"ACTUAL",4
"72","2019-09-14",20,0,"2019-09-15T02:00:00-00:00","2019-09-15T03:00:00-00:00","SP15","Wind","Renewable Forecast Actual Generation","RENEW_FCST_ACT_MW",3,1,849.91263,"ACTUAL",4
"73","2019-09-14",21,0,"2019-09-15T03:00:00-00:00","2019-09-15T04:00:00-00:00","SP15","Wind","Renewable Forecast Actual Generation","RENEW_FCST_ACT_MW",3,1,906.74769,"ACTUAL",4
"74","2019-09-14",22,0,"2019-09-15T04:00:00-00:00","2019-09-15T05:00:00-00:00","SP15","Wind","Renewable Forecast Actual Generation","RENEW_FCST_ACT_MW",3,1,889.16196,"ACTUAL",4
"75","2019-09-14",23,0,"2019-09-15T05:00:00-00:00","2019-09-15T06:00:00-00:00","SP15","Wind","Renewable Forecast Actual Generation","RENEW_FCST_ACT_MW",3,1,818.67469,"ACTUAL",4
"76","2019-09-14",24,0,"2019-09-15T06:00:00-00:00","2019-09-15T07:00:00-00:00","SP15","Wind","Renewable Forecast Actual Generation","RENEW_FCST_ACT_MW",3,1,687.30443,"ACTUAL",4
"77","2019-09-14",2,0,"2019-09-14T08:00:00-00:00","2019-09-14T09:00:00-00:00","SP15","Wind","Renewable Forecast Actual Generation","RENEW_FCST_ACT_MW",3,1,782.77908,"ACTUAL",4
"78","2019-09-14",3,0,"2019-09-14T09:00:00-00:00","2019-09-14T10:00:00-00:00","SP15","Wind","Renewable Forecast Actual Generation","RENEW_FCST_ACT_MW",3,1,547.78705,"ACTUAL",4
"79","2019-09-14",4,0,"2019-09-14T10:00:00-00:00","2019-09-14T11:00:00-00:00","SP15","Wind","Renewable Forecast Actual Generation","RENEW_FCST_ACT_MW",3,1,503.09177,"ACTUAL",4
"80","2019-09-14",5,0,"2019-09-14T11:00:00-00:00","2019-09-14T12:00:00-00:00","SP15","Wind","Renewable Forecast Actual Generation","RENEW_FCST_ACT_MW",3,1,534.93244,"ACTUAL",4
"81","2019-09-14",6,0,"2019-09-14T12:00:00-00:00","2019-09-14T13:00:00-00:00","SP15","Wind","Renewable Forecast Actual Generation","RENEW_FCST_ACT_MW",3,1,398.7214,"ACTUAL",4
"82","2019-09-14",7,0,"2019-09-14T13:00:00-00:00","2019-09-14T14:00:00-00:00","SP15","Wind","Renewable Forecast Actual Generation","RENEW_FCST_ACT_MW",3,1,284.85664,"ACTUAL",4
"83","2019-09-14",8,0,"2019-09-14T14:00:00-00:00","2019-09-14T15:00:00-00:00","SP15","Wind","Renewable Forecast Actual Generation","RENEW_FCST_ACT_MW",3,1,185.01831,"ACTUAL",4
"84","2019-09-14",9,0,"2019-09-14T15:00:00-00:00","2019-09-14T16:00:00-00:00","SP15","Wind","Renewable Forecast Actual Generation","RENEW_FCST_ACT_MW",3,1,124.43816,"ACTUAL",4
"85","2019-09-14",10,0,"2019-09-14T16:00:00-00:00","2019-09-14T17:00:00-00:00","SP15","Wind","Renewable Forecast Actual Generation","RENEW_FCST_ACT_MW",3,1,98.23489,"ACTUAL",4
"86","2019-09-14",11,0,"2019-09-14T17:00:00-00:00","2019-09-14T18:00:00-00:00","SP15","Wind","Renewable Forecast Actual Generation","RENEW_FCST_ACT_MW",3,1,98.72998,"ACTUAL",4
"87","2019-09-14",12,0,"2019-09-14T18:00:00-00:00","2019-09-14T19:00:00-00:00","SP15","Wind","Renewable Forecast Actual Generation","RENEW_FCST_ACT_MW",3,1,115.74936,"ACTUAL",4
"88","2019-09-14",13,0,"2019-09-14T19:00:00-00:00","2019-09-14T20:00:00-00:00","SP15","Wind","Renewable Forecast Actual Generation","RENEW_FCST_ACT_MW",3,1,144.06205,"ACTUAL",4
"89","2019-09-14",14,0,"2019-09-14T20:00:00-00:00","2019-09-14T21:00:00-00:00","SP15","Wind","Renewable Forecast Actual Generation","RENEW_FCST_ACT_MW",3,1,177.76675,"ACTUAL",4
"90","2019-09-14",15,0,"2019-09-14T21:00:00-00:00","2019-09-14T22:00:00-00:00","SP15","Wind","Renewable Forecast Actual Generation","RENEW_FCST_ACT_MW",3,1,218.10443,"ACTUAL",4
"91","2019-09-14",16,0,"2019-09-14T22:00:00-00:00","2019-09-14T23:00:00-00:00","SP15","Wind","Renewable Forecast Actual Generation","RENEW_FCST_ACT_MW",3,1,261.81735,"ACTUAL",4
"92","2019-09-14",17,0,"2019-09-14T23:00:00-00:00","2019-09-15T00:00:00-00:00","SP15","Wind","Renewable Forecast Actual Generation","RENEW_FCST_ACT_MW",3,1,428.75084,"ACTUAL",4
"93","2019-09-14",18,0,"2019-09-15T00:00:00-00:00","2019-09-15T01:00:00-00:00","ZP26","Solar","Renewable Forecast Actual Generation","RENEW_FCST_ACT_MW",3,3,842.97115,"ACTUAL",5
"94","2019-09-14",17,0,"2019-09-14T23:00:00-00:00","2019-09-15T00:00:00-00:00","ZP26","Solar","Renewable Forecast Actual Generation","RENEW_FCST_ACT_MW",3,3,1329.76188,"ACTUAL",5
"95","2019-09-14",20,0,"2019-09-15T02:00:00-00:00","2019-09-15T03:00:00-00:00","ZP26","Solar","Renewable Forecast Actual Generation","RENEW_FCST_ACT_MW",3,3,-4.8431,"ACTUAL",5
"96","2019-09-14",21,0,"2019-09-15T03:00:00-00:00","2019-09-15T04:00:00-00:00","ZP26","Solar","Renewable Forecast Actual Generation","RENEW_FCST_ACT_MW",3,3,-4.47634,"ACTUAL",5
"97","2019-09-14",22,0,"2019-09-15T04:00:00-00:00","2019-09-15T05:00:00-00:00","ZP26","Solar","Renewable Forecast Actual Generation","RENEW_FCST_ACT_MW",3,3,-5.32056,"ACTUAL",5
"98","2019-09-14",23,0,"2019-09-15T05:00:00-00:00","2019-09-15T06:00:00-00:00","ZP26","Solar","Renewable Forecast Actual Generation","RENEW_FCST_ACT_MW",3,3,-5.50723,"ACTUAL",5
"99","2019-09-14",24,0,"2019-09-15T06:00:00-00:00","2019-09-15T07:00:00-00:00","ZP26","Solar","Renewable Forecast Actual Generation","RENEW_FCST_ACT_MW",3,3,-5.53537,"ACTUAL",5
"100","2019-09-14",2,0,"2019-09-14T08:00:00-00:00","2019-09-14T09:00:00-00:00","ZP26","Solar","Renewable Forecast Actual Generation","RENEW_FCST_ACT_MW",3,3,-5.32361,"ACTUAL",5
"101","2019-09-14",3,0,"2019-09-14T09:00:00-00:00","2019-09-14T10:00:00-00:00","ZP26","Solar","Renewable Forecast Actual Generation","RENEW_FCST_ACT_MW",3,3,-5.37677,"ACTUAL",5
"102","2019-09-14",4,0,"2019-09-14T10:00:00-00:00","2019-09-14T11:00:00-00:00","ZP26","Solar","Renewable Forecast Actual Generation","RENEW_FCST_ACT_MW",3,3,-5.40046,"ACTUAL",5
"103","2019-09-14",5,0,"2019-09-14T11:00:00-00:00","2019-09-14T12:00:00-00:00","ZP26","Solar","Renewable Forecast Actual Generation","RENEW_FCST_ACT_MW",3,3,-5.39044,"ACTUAL",5
"104","2019-09-14",6,0,"2019-09-14T12:00:00-00:00","2019-09-14T13:00:00-00:00","ZP26","Solar","Renewable Forecast Actual Generation","RENEW_FCST_ACT_MW",3,3,-5.37307,"ACTUAL",5
"105","2019-09-14",7,0,"2019-09-14T13:00:00-00:00","2019-09-14T14:00:00-00:00","ZP26","Solar","Renewable Forecast Actual Generation","RENEW_FCST_ACT_MW",3,3,-2.15669,"ACTUAL",5
"106","2019-09-14",8,0,"2019-09-14T14:00:00-00:00","2019-09-14T15:00:00-00:00","ZP26","Solar","Renewable Forecast Actual Generation","RENEW_FCST_ACT_MW",3,3,288.92355,"ACTUAL",5
"107","2019-09-14",9,0,"2019-09-14T15:00:00-00:00","2019-09-14T16:00:00-00:00","ZP26","Solar","Renewable Forecast Actual Generation","RENEW_FCST_ACT_MW",3,3,977.29754,"ACTUAL",5
"108","2019-09-14",10,0,"2019-09-14T16:00:00-00:00","2019-09-14T17:00:00-00:00","ZP26","Solar","Renewable Forecast Actual Generation","RENEW_FCST_ACT_MW",3,3,1361.93624,"ACTUAL",5
"109","2019-09-14",11,0,"2019-09-14T17:00:00-00:00","2019-09-14T18:00:00-00:00","ZP26","Solar","Renewable Forecast Actual Generation","RENEW_FCST_ACT_MW",3,3,1529.7255,"ACTUAL",5
"110","2019-09-14",12,0,"2019-09-14T18:00:00-00:00","2019-09-14T19:00:00-00:00","ZP26","Solar","Renewable Forecast Actual Generation","RENEW_FCST_ACT_MW",3,3,1592.15277,"ACTUAL",5
"111","2019-09-14",13,0,"2019-09-14T19:00:00-00:00","2019-09-14T20:00:00-00:00","ZP26","Solar","Renewable Forecast Actual Generation","RENEW_FCST_ACT_MW",3,3,1601.38589,"ACTUAL",5
"112","2019-09-14",14,0,"2019-09-14T20:00:00-00:00","2019-09-14T21:00:00-00:00","ZP26","Solar","Renewable Forecast Actual Generation","RENEW_FCST_ACT_MW",3,3,1606.22363,"ACTUAL",5
"113","2019-09-14",15,0,"2019-09-14T21:00:00-00:00","2019-09-14T22:00:00-00:00","ZP26","Solar","Renewable Forecast Actual Generation","RENEW_FCST_ACT_MW",3,3,1589.77353,"ACTUAL",5
"114","2019-09-14",16,0,"2019-09-14T22:00:00-00:00","2019-09-14T23:00:00-00:00","ZP26","Solar","Renewable Forecast Actual Generation","RENEW_FCST_ACT_MW",3,3,1509.86747,"ACTUAL",5
"115","2019-09-14",19,0,"2019-09-15T01:00:00-00:00","2019-09-15T02:00:00-00:00","ZP26","Solar","Renewable Forecast Actual Generation","RENEW_FCST_ACT_MW",3,3,175.37961,"ACTUAL",5
"116","2019-09-15",1,0,"2019-09-15T07:00:00-00:00","2019-09-15T08:00:00-00:00","NP15","Solar","Renewable Forecast Actual Generation","RENEW_FCST_ACT_MW",3,3,-3.5255,"ACTUAL",6
"117","2019-09-15",1,0,"2019-09-15T07:00:00-00:00","2019-09-15T08:00:00-00:00","NP15","Wind","Renewable Forecast Actual Generation","RENEW_FCST_ACT_MW",3,1,714.64629,"ACTUAL",7
"118","2019-09-15",1,0,"2019-09-15T07:00:00-00:00","2019-09-15T08:00:00-00:00","SP15","Solar","Renewable Forecast Actual Generation","RENEW_FCST_ACT_MW",3,3,-22.85178,"ACTUAL",8
"119","2019-09-15",1,0,"2019-09-15T07:00:00-00:00","2019-09-15T08:00:00-00:00","SP15","Wind","Renewable Forecast Actual Generation","RENEW_FCST_ACT_MW",3,1,528.33709,"ACTUAL",9
"120","2019-09-15",1,0,"2019-09-15T07:00:00-00:00","2019-09-15T08:00:00-00:00","ZP26","Solar","Renewable Forecast Actual Generation","RENEW_FCST_ACT_MW",3,3,-5.53115,"ACTUAL",10
