"","OPR_DT","OPR_HR","OPR_INTERVAL","INTERVALSTARTTIME_GMT","INTERVALENDTIME_GMT","TRADING_HUB","RENEWABLE_TYPE","LABEL","XML_DATA_ITEM","MARKET_RUN_ID_POS","RENEW_POS","MW","MARKET_RUN_ID","GROUP"
"1","2019-07-11",2,0,"2019-07-11T08:00:00-00:00","2019-07-11T09:00:00-00:00","NP15","Solar","Renewable Forecast Actual Generation","RENEW_FCST_ACT_MW",3,3,-3.53792,"ACTUAL",1
"2","2019-07-11",3,0,"2019-07-11T09:00:00-00:00","2019-07-11T10:00:00-00:00","NP15","Solar","Renewable Forecast Actual Generation","RENEW_FCST_ACT_MW",3,3,-3.54782,"ACTUAL",1
"3","2019-07-11",4,0,"2019-07-11T10:00:00-00:00","2019-07-11T11:00:00-00:00","NP15","Solar","Renewable Forecast Actual Generation","RENEW_FCST_ACT_MW",3,3,-3.55892,"ACTUAL",1
"4","2019-07-11",5,0,"2019-07-11T11:00:00-00:00","2019-07-11T12:00:00-00:00","NP15","Solar","Renewable Forecast Actual Generation","RENEW_FCST_ACT_MW",3,3,-3.50922,"ACTUAL",1
"5","2019-07-11",6,0,"2019-07-11T12:00:00-00:00","2019-07-11T13:00:00-00:00","NP15","Solar","Renewable Forecast Actual Generation","RENEW_FCST_ACT_MW",3,3,-3.27737,"ACTUAL",1
"6","2019-07-11",7,0,"2019-07-11T13:00:00-00:00","2019-07-11T14:00:00-00:00","NP15","Solar","Renewable Forecast Actual Generation","RENEW_FCST_ACT_MW",3,3,180.95965,"ACTUAL",1
"7","2019-07-11",8,0,"2019-07-11T14:00:00-00:00","2019-07-11T15:00:00-00:00","NP15","Solar","Renewable Forecast Actual Generation","RENEW_FCST_ACT_MW",3,3,857.84054,"ACTUAL",1
"8","2019-07-11",9,0,"2019-07-11T15:00:00-00:00","2019-07-11T16:00:00-00:00","NP15","Solar","Renewable Forecast Actual Generation","RENEW_FCST_ACT_MW",3,3,1245.97157,"ACTUAL",1
"9","2019-07-11",10,0,"2019-07-11T16:00:00-00:00","2019-07-11T17:00:00-00:00","NP15","Solar","Renewable Forecast Actual Generation","RENEW_FCST_ACT_MW",3,3,1353.98404,"ACTUAL",1
"10","2019-07-11",11,0,"2019-07-11T17:00:00-00:00","2019-07-11T18:00:00-00:00","NP15","Solar","Renewable Forecast Actual Generation","RENEW_FCST_ACT_MW",3,3,1392.69538,"ACTUAL",1
"11","2019-07-11",12,0,"2019-07-11T18:00:00-00:00","2019-07-11T19:00:00-00:00","NP15","Solar","Renewable Forecast Actual Generation","RENEW_FCST_ACT_MW",3,3,1401.81225,"ACTUAL",1
"12","2019-07-11",13,0,"2019-07-11T19:00:00-00:00","2019-07-11T20:00:00-00:00","NP15","Solar","Renewable Forecast Actual Generation","RENEW_FCST_ACT_MW",3,3,1386.39416,"ACTUAL",1
"13","2019-07-11",14,0,"2019-07-11T20:00:00-00:00","2019-07-11T21:00:00-00:00","NP15","Solar","Renewable Forecast Actual Generation","RENEW_FCST_ACT_MW",3,3,1403.00782,"ACTUAL",1
"14","2019-07-11",15,0,"2019-07-11T21:00:00-00:00","2019-07-11T22:00:00-00:00","NP15","Solar","Renewable Forecast Actual Generation","RENEW_FCST_ACT_MW",3,3,1391.98982,"ACTUAL",1
"15","2019-07-11",16,0,"2019-07-11T22:00:00-00:00","2019-07-11T23:00:00-00:00","NP15","Solar","Renewable Forecast Actual Generation","RENEW_FCST_ACT_MW",3,3,1382.89082,"ACTUAL",1
"16","2019-07-11",17,0,"2019-07-11T23:00:00-00:00","2019-07-12T00:00:00-00:00","NP15","Solar","Renewable Forecast Actual Generation","RENEW_FCST_ACT_MW",3,3,1347.76541,"ACTUAL",1
"17","2019-07-11",18,0,"2019-07-12T00:00:00-00:00","2019-07-12T01:00:00-00:00","NP15","Solar","Renewable Forecast Actual Generation","RENEW_FCST_ACT_MW",3,3,1239.65421,"ACTUAL",1
"18","2019-07-11",19,0,"2019-07-12T01:00:00-00:00","2019-07-12T02:00:00-00:00","NP15","Solar","Renewable Forecast Actual Generation","RENEW_FCST_ACT_MW",3,3,922.34053,"ACTUAL",1
"19","2019-07-11",20,0,"2019-07-12T02:00:00-00:00","2019-07-12T03:00:00-00:00","NP15","Solar","Renewable Forecast Actual Generation","RENEW_FCST_ACT_MW",3,3,286.13311,"ACTUAL",1
"20","2019-07-11",21,0,"2019-07-12T03:00:00-00:00","2019-07-12T04:00:00-00:00","NP15","Solar","Renewable Forecast Actual Generation","RENEW_FCST_ACT_MW",3,3,1.21733,"ACTUAL",1
"21","2019-07-11",22,0,"2019-07-12T04:00:00-00:00","2019-07-12T05:00:00-00:00","NP15","Solar","Renewable Forecast Actual Generation","RENEW_FCST_ACT_MW",3,3,-3.01433,"ACTUAL",1
"22","2019-07-11",23,0,"2019-07-12T05:00:00-00:00","2019-07-12T06:00:00-00:00","NP15","Solar","Renewable Forecast Actual Generation","RENEW_FCST_ACT_MW",3,3,-2.99776,"ACTUAL",1
"23","2019-07-11",24,0,"2019-07-12T06:00:00-00:00","2019-07-12T07:00:00-00:00","NP15","Solar","Renewable Forecast Actual Generation","RENEW_FCST_ACT_MW",3,3,-2.94159,"ACTUAL",1
"24","2019-07-11",18,0,"2019-07-12T00:00:00-00:00","2019-07-12T01:00:00-00:00","NP15","Wind","Renewable Forecast Actual Generation","RENEW_FCST_ACT_MW",3,1,1063.19591,"ACTUAL",2
"25","2019-07-11",6,0,"2019-07-11T12:00:00-00:00","2019-07-11T13:00:00-00:00","NP15","Wind","Renewable Forecast Actual Generation","RENEW_FCST_ACT_MW",3,1,945.94834,"ACTUAL",2
"26","2019-07-11",17,0,"2019-07-11T23:00:00-00:00","2019-07-12T00:00:00-00:00","NP15","Wind","Renewable Forecast Actual Generation","RENEW_FCST_ACT_MW",3,1,901.46159,"ACTUAL",2
"27","2019-07-11",16,0,"2019-07-11T22:00:00-00:00","2019-07-11T23:00:00-00:00","NP15","Wind","Renewable Forecast Actual Generation","RENEW_FCST_ACT_MW",3,1,783.79718,"ACTUAL",2
"28","2019-07-11",15,0,"2019-07-11T21:00:00-00:00","2019-07-11T22:00:00-00:00","NP15","Wind","Renewable Forecast Actual Generation","RENEW_FCST_ACT_MW",3,1,471.931,"ACTUAL",2
"29","2019-07-11",14,0,"2019-07-11T20:00:00-00:00","2019-07-11T21:00:00-00:00","NP15","Wind","Renewable Forecast Actual Generation","RENEW_FCST_ACT_MW",3,1,443.04269,"ACTUAL",2
"30","2019-07-11",13,0,"2019-07-11T19:00:00-00:00","2019-07-11T20:00:00-00:00","NP15","Wind","Renewable Forecast Actual Generation","RENEW_FCST_ACT_MW",3,1,422.96295,"ACTUAL",2
"31","2019-07-11",12,0,"2019-07-11T18:00:00-00:00","2019-07-11T19:00:00-00:00","NP15","Wind","Renewable Forecast Actual Generation","RENEW_FCST_ACT_MW",3,1,479.00498,"ACTUAL",2
"32","2019-07-11",11,0,"2019-07-11T17:00:00-00:00","2019-07-11T18:00:00-00:00","NP15","Wind","Renewable Forecast Actual Generation","RENEW_FCST_ACT_MW",3,1,507.8018,"ACTUAL",2
"33","2019-07-11",10,0,"2019-07-11T16:00:00-00:00","2019-07-11T17:00:00-00:00","NP15","Wind","Renewable Forecast Actual Generation","RENEW_FCST_ACT_MW",3,1,566.05421,"ACTUAL",2
"34","2019-07-11",9,0,"2019-07-11T15:00:00-00:00","2019-07-11T16:00:00-00:00","NP15","Wind","Renewable Forecast Actual Generation","RENEW_FCST_ACT_MW",3,1,662.01121,"ACTUAL",2
"35","2019-07-11",8,0,"2019-07-11T14:00:00-00:00","2019-07-11T15:00:00-00:00","NP15","Wind","Renewable Forecast Actual Generation","RENEW_FCST_ACT_MW",3,1,783.7778,"ACTUAL",2
"36","2019-07-11",7,0,"2019-07-11T13:00:00-00:00","2019-07-11T14:00:00-00:00","NP15","Wind","Renewable Forecast Actual Generation","RENEW_FCST_ACT_MW",3,1,896.95259,"ACTUAL",2
"37","2019-07-11",5,0,"2019-07-11T11:00:00-00:00","2019-07-11T12:00:00-00:00","NP15","Wind","Renewable Forecast Actual Generation","RENEW_FCST_ACT_MW",3,1,1010.08811,"ACTUAL",2
"38","2019-07-11",4,0,"2019-07-11T10:00:00-00:00","2019-07-11T11:00:00-00:00","NP15","Wind","Renewable Forecast Actual Generation","RENEW_FCST_ACT_MW",3,1,1075.46845,"ACTUAL",2
"39","2019-07-11",3,0,"2019-07-11T09:00:00-00:00","2019-07-11T10:00:00-00:00","NP15","Wind","Renewable Forecast Actual Generation","RENEW_FCST_ACT_MW",3,1,1051.78468,"ACTUAL",2
"40","2019-07-11",2,0,"2019-07-11T08:00:00-00:00","2019-07-11T09:00:00-00:00","NP15","Wind","Renewable Forecast Actual Generation","RENEW_FCST_ACT_MW",3,1,1103.71417,"ACTUAL",2
"41","2019-07-11",24,0,"2019-07-12T06:00:00-00:00","2019-07-12T07:00:00-00:00","NP15","Wind","Renewable Forecast Actual Generation","RENEW_FCST_ACT_MW",3,1,1062.58494,"ACTUAL",2
"42","2019-07-11",23,0,"2019-07-12T05:00:00-00:00","2019-07-12T06:00:00-00:00","NP15","Wind","Renewable Forecast Actual Generation","RENEW_FCST_ACT_MW",3,1,999.9998,"ACTUAL",2
"43","2019-07-11",22,0,"2019-07-12T04:00:00-00:00","2019-07-12T05:00:00-00:00","NP15","Wind","Renewable Forecast Actual Generation","RENEW_FCST_ACT_MW",3,1,1015.29419,"ACTUAL",2
"44","2019-07-11",21,0,"2019-07-12T03:00:00-00:00","2019-07-12T04:00:00-00:00","NP15","Wind","Renewable Forecast Actual Generation","RENEW_FCST_ACT_MW",3,1,1116.88942,"ACTUAL",2
"45","2019-07-11",20,0,"2019-07-12T02:00:00-00:00","2019-07-12T03:00:00-00:00","NP15","Wind","Renewable Forecast Actual Generation","RENEW_FCST_ACT_MW",3,1,1147.55082,"ACTUAL",2
"46","2019-07-11",19,0,"2019-07-12T01:00:00-00:00","2019-07-12T02:00:00-00:00","NP15","Wind","Renewable Forecast Actual Generation","RENEW_FCST_ACT_MW",3,1,1010.67031,"ACTUAL",2
"47","2019-07-11",6,0,"2019-07-11T12:00:00-00:00","2019-07-11T13:00:00-00:00","SP15","Solar","Renewable Forecast Actual Generation","RENEW_FCST_ACT_MW",3,3,-4.02761,"ACTUAL",3
"48","2019-07-11",18,0,"2019-07-12T00:00:00-00:00","2019-07-12T01:00:00-00:00","SP15","Solar","Renewable Forecast Actual Generation","RENEW_FCST_ACT_MW",3,3,4453.69414,"ACTUAL",3
"49","2019-07-11",5,0,"2019-07-11T11:00:00-00:00","2019-07-11T12:00:00-00:00","SP15","Solar","Renewable Forecast Actual Generation","RENEW_FCST_ACT_MW",3,3,-6.88002,"ACTUAL",3
"50","2019-07-11",11,0,"2019-07-11T17:00:00-00:00","2019-07-11T18:00:00-00:00","SP15","Solar","Renewable Forecast Actual Generation","RENEW_FCST_ACT_MW",3,3,6721.0867,"ACTUAL",3
"51","2019-07-11",4,0,"2019-07-11T10:00:00-00:00","2019-07-11T11:00:00-00:00","SP15","Solar","Renewable Forecast Actual Generation","RENEW_FCST_ACT_MW",3,3,-5.39593,"ACTUAL",3
"52","2019-07-11",15,0,"2019-07-11T21:00:00-00:00","2019-07-11T22:00:00-00:00","SP15","Solar","Renewable Forecast Actual Generation","RENEW_FCST_ACT_MW",3,3,6287.46785,"ACTUAL",3
"53","2019-07-11",3,0,"2019-07-11T09:00:00-00:00","2019-07-11T10:00:00-00:00","SP15","Solar","Renewable Forecast Actual Generation","RENEW_FCST_ACT_MW",3,3,-4.14396,"ACTUAL",3
"54","2019-07-11",10,0,"2019-07-11T16:00:00-00:00","2019-07-11T17:00:00-00:00","SP15","Solar","Renewable Forecast Actual Generation","RENEW_FCST_ACT_MW",3,3,6298.12201,"ACTUAL",3
"55","2019-07-11",2,0,"2019-07-11T08:00:00-00:00","2019-07-11T09:00:00-00:00","SP15","Solar","Renewable Forecast Actual Generation","RENEW_FCST_ACT_MW",3,3,-3.56221,"ACTUAL",3
"56","2019-07-11",13,0,"2019-07-11T19:00:00-00:00","2019-07-11T20:00:00-00:00","SP15","Solar","Renewable Forecast Actual Generation","RENEW_FCST_ACT_MW",3,3,6804.20186,"ACTUAL",3
"57","2019-07-11",24,0,"2019-07-12T06:00:00-00:00","2019-07-12T07:00:00-00:00","SP15","Solar","Renewable Forecast Actual Generation","RENEW_FCST_ACT_MW",3,3,-4.97868,"ACTUAL",3
"58","2019-07-11",9,0,"2019-07-11T15:00:00-00:00","2019-07-11T16:00:00-00:00","SP15","Solar","Renewable Forecast Actual Generation","RENEW_FCST_ACT_MW",3,3,5580.80847,"ACTUAL",3
"59","2019-07-11",23,0,"2019-07-12T05:00:00-00:00","2019-07-12T06:00:00-00:00","SP15","Solar","Renewable Forecast Actual Generation","RENEW_FCST_ACT_MW",3,3,-4.55867,"ACTUAL",3
"60","2019-07-11",16,0,"2019-07-11T22:00:00-00:00","2019-07-11T23:00:00-00:00","SP15","Solar","Renewable Forecast Actual Generation","RENEW_FCST_ACT_MW",3,3,6037.41825,"ACTUAL",3
"61","2019-07-11",22,0,"2019-07-12T04:00:00-00:00","2019-07-12T05:00:00-00:00","SP15","Solar","Renewable Forecast Actual Generation","RENEW_FCST_ACT_MW",3,3,-2.63617,"ACTUAL",3
"62","2019-07-11",8,0,"2019-07-11T14:00:00-00:00","2019-07-11T15:00:00-00:00","SP15","Solar","Renewable Forecast Actual Generation","RENEW_FCST_ACT_MW",3,3,3577.58429,"ACTUAL",3
"63","2019-07-11",21,0,"2019-07-12T03:00:00-00:00","2019-07-12T04:00:00-00:00","SP15","Solar","Renewable Forecast Actual Generation","RENEW_FCST_ACT_MW",3,3,0.3209,"ACTUAL",3
"64","2019-07-11",12,0,"2019-07-11T18:00:00-00:00","2019-07-11T19:00:00-00:00","SP15","Solar","Renewable Forecast Actual Generation","RENEW_FCST_ACT_MW",3,3,6932.55744,"ACTUAL",3
"65","2019-07-11",20,0,"2019-07-12T02:00:00-00:00","2019-07-12T03:00:00-00:00","SP15","Solar","Renewable Forecast Actual Generation","RENEW_FCST_ACT_MW",3,3,577.92195,"ACTUAL",3
"66","2019-07-11",7,0,"2019-07-11T13:00:00-00:00","2019-07-11T14:00:00-00:00","SP15","Solar","Renewable Forecast Actual Generation","RENEW_FCST_ACT_MW",3,3,892.29575,"ACTUAL",3
"67","2019-07-11",19,0,"2019-07-12T01:00:00-00:00","2019-07-12T02:00:00-00:00","SP15","Solar","Renewable Forecast Actual Generation","RENEW_FCST_ACT_MW",3,3,2568.5422,"ACTUAL",3
"68","2019-07-11",14,0,"2019-07-11T20:00:00-00:00","2019-07-11T21:00:00-00:00","SP15","Solar","Renewable Forecast Actual Generation","RENEW_FCST_ACT_MW",3,3,6387.28631,"ACTUAL",3
"69","2019-07-11",17,0,"2019-07-11T23:00:00-00:00","2019-07-12T00:00:00-00:00","SP15","Solar","Renewable Forecast Actual Generation","RENEW_FCST_ACT_MW",3,3,5452.61847,"ACTUAL",3
"70","2019-07-11",18,0,"2019-07-12T00:00:00-00:00","2019-07-12T01:00:00-00:00","SP15","Wind","Renewable Forecast Actual Generation","RENEW_FCST_ACT_MW",3,1,1539.25929,"ACTUAL",4
"71","2019-07-11",19,0,"2019-07-12T01:00:00-00:00","2019-07-12T02:00:00-00:00","SP15","Wind","Renewable Forecast Actual Generation","RENEW_FCST_ACT_MW",3,1,1817.84772,"ACTUAL",4
"72","2019-07-11",20,0,"2019-07-12T02:00:00-00:00","2019-07-12T03:00:00-00:00","SP15","Wind","Renewable Forecast Actual Generation","RENEW_FCST_ACT_MW",3,1,2295.4812,"ACTUAL",4
"73","2019-07-11",21,0,"2019-07-12T03:00:00-00:00","2019-07-12T04:00:00-00:00","SP15","Wind","Renewable Forecast Actual Generation","RENEW_FCST_ACT_MW",3,1,2699.89339,"ACTUAL",4
"74","2019-07-11",22,0,"2019-07-12T04:00:00-00:00","2019-07-12T05:00:00-00:00","SP15","Wind","Renewable Forecast Actual Generation","RENEW_FCST_ACT_MW",3,1,2863.25021,"ACTUAL",4
"75","2019-07-11",23,0,"2019-07-12T05:00:00-00:00","2019-07-12T06:00:00-00:00","SP15","Wind","Renewable Forecast Actual Generation","RENEW_FCST_ACT_MW",3,1,2798.03303,"ACTUAL",4
"76","2019-07-11",24,0,"2019-07-12T06:00:00-00:00","2019-07-12T07:00:00-00:00","SP15","Wind","Renewable Forecast Actual Generation","RENEW_FCST_ACT_MW",3,1,2627.88588,"ACTUAL",4
"77","2019-07-11",2,0,"2019-07-11T08:00:00-00:00","2019-07-11T09:00:00-00:00","SP15","Wind","Renewable Forecast Actual Generation","RENEW_FCST_ACT_MW",3,1,2241.13733,"ACTUAL",4
"78","2019-07-11",3,0,"2019-07-11T09:00:00-00:00","2019-07-11T10:00:00-00:00","SP15","Wind","Renewable Forecast Actual Generation","RENEW_FCST_ACT_MW",3,1,2137.53222,"ACTUAL",4
"79","2019-07-11",4,0,"2019-07-11T10:00:00-00:00","2019-07-11T11:00:00-00:00","SP15","Wind","Renewable Forecast Actual Generation","RENEW_FCST_ACT_MW",3,1,2197.07473,"ACTUAL",4
"80","2019-07-11",5,0,"2019-07-11T11:00:00-00:00","2019-07-11T12:00:00-00:00","SP15","Wind","Renewable Forecast Actual Generation","RENEW_FCST_ACT_MW",3,1,2093.96376,"ACTUAL",4
"81","2019-07-11",6,0,"2019-07-11T12:00:00-00:00","2019-07-11T13:00:00-00:00","SP15","Wind","Renewable Forecast Actual Generation","RENEW_FCST_ACT_MW",3,1,1760.61589,"ACTUAL",4
"82","2019-07-11",7,0,"2019-07-11T13:00:00-00:00","2019-07-11T14:00:00-00:00","SP15","Wind","Renewable Forecast Actual Generation","RENEW_FCST_ACT_MW",3,1,1372.63184,"ACTUAL",4
"83","2019-07-11",8,0,"2019-07-11T14:00:00-00:00","2019-07-11T15:00:00-00:00","SP15","Wind","Renewable Forecast Actual Generation","RENEW_FCST_ACT_MW",3,1,946.15264,"ACTUAL",4
"84","2019-07-11",9,0,"2019-07-11T15:00:00-00:00","2019-07-11T16:00:00-00:00","SP15","Wind","Renewable Forecast Actual Generation","RENEW_FCST_ACT_MW",3,1,641.9032,"ACTUAL",4
"85","2019-07-11",10,0,"2019-07-11T16:00:00-00:00","2019-07-11T17:00:00-00:00","SP15","Wind","Renewable Forecast Actual Generation","RENEW_FCST_ACT_MW",3,1,361.5111,"ACTUAL",4
"86","2019-07-11",11,0,"2019-07-11T17:00:00-00:00","2019-07-11T18:00:00-00:00","SP15","Wind","Renewable Forecast Actual Generation","RENEW_FCST_ACT_MW",3,1,182.0605,"ACTUAL",4
"87","2019-07-11",12,0,"2019-07-11T18:00:00-00:00","2019-07-11T19:00:00-00:00","SP15","Wind","Renewable Forecast Actual Generation","RENEW_FCST_ACT_MW",3,1,149.91469,"ACTUAL",4
"88","2019-07-11",13,0,"2019-07-11T19:00:00-00:00","2019-07-11T20:00:00-00:00","SP15","Wind","Renewable Forecast Actual Generation","RENEW_FCST_ACT_MW",3,1,195.13735,"ACTUAL",4
"89","2019-07-11",14,0,"2019-07-11T20:00:00-00:00","2019-07-11T21:00:00-00:00","SP15","Wind","Renewable Forecast Actual Generation","RENEW_FCST_ACT_MW",3,1,301.27295,"ACTUAL",4
"90","2019-07-11",15,0,"2019-07-11T21:00:00-00:00","2019-07-11T22:00:00-00:00","SP15","Wind","Renewable Forecast Actual Generation","RENEW_FCST_ACT_MW",3,1,367.71574,"ACTUAL",4
"91","2019-07-11",16,0,"2019-07-11T22:00:00-00:00","2019-07-11T23:00:00-00:00","SP15","Wind","Renewable Forecast Actual Generation","RENEW_FCST_ACT_MW",3,1,758.80651,"ACTUAL",4
"92","2019-07-11",17,0,"2019-07-11T23:00:00-00:00","2019-07-12T00:00:00-00:00","SP15","Wind","Renewable Forecast Actual Generation","RENEW_FCST_ACT_MW",3,1,1216.23044,"ACTUAL",4
"93","2019-07-11",18,0,"2019-07-12T00:00:00-00:00","2019-07-12T01:00:00-00:00","ZP26","Solar","Renewable Forecast Actual Generation","RENEW_FCST_ACT_MW",3,3,1287.7385,"ACTUAL",5
"94","2019-07-11",17,0,"2019-07-11T23:00:00-00:00","2019-07-12T00:00:00-00:00","ZP26","Solar","Renewable Forecast Actual Generation","RENEW_FCST_ACT_MW",3,3,1508.57331,"ACTUAL",5
"95","2019-07-11",20,0,"2019-07-12T02:00:00-00:00","2019-07-12T03:00:00-00:00","ZP26","Solar","Renewable Forecast Actual Generation","RENEW_FCST_ACT_MW",3,3,203.51979,"ACTUAL",5
"96","2019-07-11",21,0,"2019-07-12T03:00:00-00:00","2019-07-12T04:00:00-00:00","ZP26","Solar","Renewable Forecast Actual Generation","RENEW_FCST_ACT_MW",3,3,-2.78475,"ACTUAL",5
"97","2019-07-11",22,0,"2019-07-12T04:00:00-00:00","2019-07-12T05:00:00-00:00","ZP26","Solar","Renewable Forecast Actual Generation","RENEW_FCST_ACT_MW",3,3,-4.22493,"ACTUAL",5
"98","2019-07-11",23,0,"2019-07-12T05:00:00-00:00","2019-07-12T06:00:00-00:00","ZP26","Solar","Renewable Forecast Actual Generation","RENEW_FCST_ACT_MW",3,3,-4.17774,"ACTUAL",5
"99","2019-07-11",24,0,"2019-07-12T06:00:00-00:00","2019-07-12T07:00:00-00:00","ZP26","Solar","Renewable Forecast Actual Generation","RENEW_FCST_ACT_MW",3,3,-4.08924,"ACTUAL",5
"100","2019-07-11",2,0,"2019-07-11T08:00:00-00:00","2019-07-11T09:00:00-00:00","ZP26","Solar","Renewable Forecast Actual Generation","RENEW_FCST_ACT_MW",3,3,-5.28354,"ACTUAL",5
"101","2019-07-11",3,0,"2019-07-11T09:00:00-00:00","2019-07-11T10:00:00-00:00","ZP26","Solar","Renewable Forecast Actual Generation","RENEW_FCST_ACT_MW",3,3,-5.30335,"ACTUAL",5
"102","2019-07-11",4,0,"2019-07-11T10:00:00-00:00","2019-07-11T11:00:00-00:00","ZP26","Solar","Renewable Forecast Actual Generation","RENEW_FCST_ACT_MW",3,3,-5.30904,"ACTUAL",5
"103","2019-07-11",5,0,"2019-07-11T11:00:00-00:00","2019-07-11T12:00:00-00:00","ZP26","Solar","Renewable Forecast Actual Generation","RENEW_FCST_ACT_MW",3,3,-5.28496,"ACTUAL",5
"104","2019-07-11",6,0,"2019-07-11T12:00:00-00:00","2019-07-11T13:00:00-00:00","ZP26","Solar","Renewable Forecast Actual Generation","RENEW_FCST_ACT_MW",3,3,-5.29259,"ACTUAL",5
"105","2019-07-11",7,0,"2019-07-11T13:00:00-00:00","2019-07-11T14:00:00-00:00","ZP26","Solar","Renewable Forecast Actual Generation","RENEW_FCST_ACT_MW",3,3,133.60992,"ACTUAL",5
"106","2019-07-11",8,0,"2019-07-11T14:00:00-00:00","2019-07-11T15:00:00-00:00","ZP26","Solar","Renewable Forecast Actual Generation","RENEW_FCST_ACT_MW",3,3,717.96024,"ACTUAL",5
"107","2019-07-11",9,0,"2019-07-11T15:00:00-00:00","2019-07-11T16:00:00-00:00","ZP26","Solar","Renewable Forecast Actual Generation","RENEW_FCST_ACT_MW",3,3,1257.02006,"ACTUAL",5
"108","2019-07-11",10,0,"2019-07-11T16:00:00-00:00","2019-07-11T17:00:00-00:00","ZP26","Solar","Renewable Forecast Actual Generation","RENEW_FCST_ACT_MW",3,3,1514.78874,"ACTUAL",5
"109","2019-07-11",11,0,"2019-07-11T17:00:00-00:00","2019-07-11T18:00:00-00:00","ZP26","Solar","Renewable Forecast Actual Generation","RENEW_FCST_ACT_MW",3,3,1653.22445,"ACTUAL",5
"110","2019-07-11",12,0,"2019-07-11T18:00:00-00:00","2019-07-11T19:00:00-00:00","ZP26","Solar","Renewable Forecast Actual Generation","RENEW_FCST_ACT_MW",3,3,1725.16714,"ACTUAL",5
"111","2019-07-11",13,0,"2019-07-11T19:00:00-00:00","2019-07-11T20:00:00-00:00","ZP26","Solar","Renewable Forecast Actual Generation","RENEW_FCST_ACT_MW",3,3,1751.89175,"ACTUAL",5
"112","2019-07-11",14,0,"2019-07-11T20:00:00-00:00","2019-07-11T21:00:00-00:00","ZP26","Solar","Renewable Forecast Actual Generation","RENEW_FCST_ACT_MW",3,3,1742.20831,"ACTUAL",5
"113","2019-07-11",15,0,"2019-07-11T21:00:00-00:00","2019-07-11T22:00:00-00:00","ZP26","Solar","Renewable Forecast Actual Generation","RENEW_FCST_ACT_MW",3,3,1721.00718,"ACTUAL",5
"114","2019-07-11",16,0,"2019-07-11T22:00:00-00:00","2019-07-11T23:00:00-00:00","ZP26","Solar","Renewable Forecast Actual Generation","RENEW_FCST_ACT_MW",3,3,1654.14769,"ACTUAL",5
"115","2019-07-11",19,0,"2019-07-12T01:00:00-00:00","2019-07-12T02:00:00-00:00","ZP26","Solar","Renewable Forecast Actual Generation","RENEW_FCST_ACT_MW",3,3,808.03984,"ACTUAL",5
"116","2019-07-12",1,0,"2019-07-12T07:00:00-00:00","2019-07-12T08:00:00-00:00","NP15","Solar","Renewable Forecast Actual Generation","RENEW_FCST_ACT_MW",3,3,-3.08831,"ACTUAL",6
"117","2019-07-12",1,0,"2019-07-12T07:00:00-00:00","2019-07-12T08:00:00-00:00","NP15","Wind","Renewable Forecast Actual Generation","RENEW_FCST_ACT_MW",3,1,1056.67005,"ACTUAL",7
"118","2019-07-12",1,0,"2019-07-12T07:00:00-00:00","2019-07-12T08:00:00-00:00","SP15","Solar","Renewable Forecast Actual Generation","RENEW_FCST_ACT_MW",3,3,-4.48644,"ACTUAL",8
"119","2019-07-12",1,0,"2019-07-12T07:00:00-00:00","2019-07-12T08:00:00-00:00","SP15","Wind","Renewable Forecast Actual Generation","RENEW_FCST_ACT_MW",3,1,2363.04681,"ACTUAL",9
"120","2019-07-12",1,0,"2019-07-12T07:00:00-00:00","2019-07-12T08:00:00-00:00","ZP26","Solar","Renewable Forecast Actual Generation","RENEW_FCST_ACT_MW",3,3,-4.08333,"ACTUAL",10
