"","OPR_DT","OPR_HR","OPR_INTERVAL","INTERVALSTARTTIME_GMT","INTERVALENDTIME_GMT","TRADING_HUB","RENEWABLE_TYPE","LABEL","XML_DATA_ITEM","MARKET_RUN_ID_POS","RENEW_POS","MW","MARKET_RUN_ID","GROUP"
"1","2019-11-17",1,0,"2019-11-17T08:00:00-00:00","2019-11-17T09:00:00-00:00","NP15","Solar","Renewable Forecast Actual Generation","RENEW_FCST_ACT_MW",3,3,-3.57093,"ACTUAL",1
"2","2019-11-17",2,0,"2019-11-17T09:00:00-00:00","2019-11-17T10:00:00-00:00","NP15","Solar","Renewable Forecast Actual Generation","RENEW_FCST_ACT_MW",3,3,-3.51293,"ACTUAL",1
"3","2019-11-17",3,0,"2019-11-17T10:00:00-00:00","2019-11-17T11:00:00-00:00","NP15","Solar","Renewable Forecast Actual Generation","RENEW_FCST_ACT_MW",3,3,-3.53195,"ACTUAL",1
"4","2019-11-17",4,0,"2019-11-17T11:00:00-00:00","2019-11-17T12:00:00-00:00","NP15","Solar","Renewable Forecast Actual Generation","RENEW_FCST_ACT_MW",3,3,-3.54541,"ACTUAL",1
"5","2019-11-17",5,0,"2019-11-17T12:00:00-00:00","2019-11-17T13:00:00-00:00","NP15","Solar","Renewable Forecast Actual Generation","RENEW_FCST_ACT_MW",3,3,-3.54586,"ACTUAL",1
"6","2019-11-17",6,0,"2019-11-17T13:00:00-00:00","2019-11-17T14:00:00-00:00","NP15","Solar","Renewable Forecast Actual Generation","RENEW_FCST_ACT_MW",3,3,-3.54709,"ACTUAL",1
"7","2019-11-17",7,0,"2019-11-17T14:00:00-00:00","2019-11-17T15:00:00-00:00","NP15","Solar","Renewable Forecast Actual Generation","RENEW_FCST_ACT_MW",3,3,0.27644,"ACTUAL",1
"8","2019-11-17",8,0,"2019-11-17T15:00:00-00:00","2019-11-17T16:00:00-00:00","NP15","Solar","Renewable Forecast Actual Generation","RENEW_FCST_ACT_MW",3,3,239.16852,"ACTUAL",1
"9","2019-11-17",9,0,"2019-11-17T16:00:00-00:00","2019-11-17T17:00:00-00:00","NP15","Solar","Renewable Forecast Actual Generation","RENEW_FCST_ACT_MW",3,3,702.07228,"ACTUAL",1
"10","2019-11-17",10,0,"2019-11-17T17:00:00-00:00","2019-11-17T18:00:00-00:00","NP15","Solar","Renewable Forecast Actual Generation","RENEW_FCST_ACT_MW",3,3,801.14986,"ACTUAL",1
"11","2019-11-17",11,0,"2019-11-17T18:00:00-00:00","2019-11-17T19:00:00-00:00","NP15","Solar","Renewable Forecast Actual Generation","RENEW_FCST_ACT_MW",3,3,812.1661,"ACTUAL",1
"12","2019-11-17",12,0,"2019-11-17T19:00:00-00:00","2019-11-17T20:00:00-00:00","NP15","Solar","Renewable Forecast Actual Generation","RENEW_FCST_ACT_MW",3,3,778.04763,"ACTUAL",1
"13","2019-11-17",13,0,"2019-11-17T20:00:00-00:00","2019-11-17T21:00:00-00:00","NP15","Solar","Renewable Forecast Actual Generation","RENEW_FCST_ACT_MW",3,3,795.33164,"ACTUAL",1
"14","2019-11-17",14,0,"2019-11-17T21:00:00-00:00","2019-11-17T22:00:00-00:00","NP15","Solar","Renewable Forecast Actual Generation","RENEW_FCST_ACT_MW",3,3,846.52575,"ACTUAL",1
"15","2019-11-17",15,0,"2019-11-17T22:00:00-00:00","2019-11-17T23:00:00-00:00","NP15","Solar","Renewable Forecast Actual Generation","RENEW_FCST_ACT_MW",3,3,836.6863,"ACTUAL",1
"16","2019-11-17",16,0,"2019-11-17T23:00:00-00:00","2019-11-18T00:00:00-00:00","NP15","Solar","Renewable Forecast Actual Generation","RENEW_FCST_ACT_MW",3,3,525.13928,"ACTUAL",1
"17","2019-11-17",17,0,"2019-11-18T00:00:00-00:00","2019-11-18T01:00:00-00:00","NP15","Solar","Renewable Forecast Actual Generation","RENEW_FCST_ACT_MW",3,3,60.1897,"ACTUAL",1
"18","2019-11-17",18,0,"2019-11-18T01:00:00-00:00","2019-11-18T02:00:00-00:00","NP15","Solar","Renewable Forecast Actual Generation","RENEW_FCST_ACT_MW",3,3,-2.93725,"ACTUAL",1
"19","2019-11-17",19,0,"2019-11-18T02:00:00-00:00","2019-11-18T03:00:00-00:00","NP15","Solar","Renewable Forecast Actual Generation","RENEW_FCST_ACT_MW",3,3,-3.54302,"ACTUAL",1
"20","2019-11-17",20,0,"2019-11-18T03:00:00-00:00","2019-11-18T04:00:00-00:00","NP15","Solar","Renewable Forecast Actual Generation","RENEW_FCST_ACT_MW",3,3,-3.51815,"ACTUAL",1
"21","2019-11-17",21,0,"2019-11-18T04:00:00-00:00","2019-11-18T05:00:00-00:00","NP15","Solar","Renewable Forecast Actual Generation","RENEW_FCST_ACT_MW",3,3,-3.53551,"ACTUAL",1
"22","2019-11-17",22,0,"2019-11-18T05:00:00-00:00","2019-11-18T06:00:00-00:00","NP15","Solar","Renewable Forecast Actual Generation","RENEW_FCST_ACT_MW",3,3,-3.57468,"ACTUAL",1
"23","2019-11-17",23,0,"2019-11-18T06:00:00-00:00","2019-11-18T07:00:00-00:00","NP15","Solar","Renewable Forecast Actual Generation","RENEW_FCST_ACT_MW",3,3,-3.5832,"ACTUAL",1
"24","2019-11-17",24,0,"2019-11-18T07:00:00-00:00","2019-11-18T08:00:00-00:00","NP15","Solar","Renewable Forecast Actual Generation","RENEW_FCST_ACT_MW",3,3,-3.59195,"ACTUAL",1
"25","2019-11-17",1,0,"2019-11-17T08:00:00-00:00","2019-11-17T09:00:00-00:00","NP15","Wind","Renewable Forecast Actual Generation","RENEW_FCST_ACT_MW",3,1,55.22207,"ACTUAL",2
"26","2019-11-17",24,0,"2019-11-18T07:00:00-00:00","2019-11-18T08:00:00-00:00","NP15","Wind","Renewable Forecast Actual Generation","RENEW_FCST_ACT_MW",3,1,57.22473,"ACTUAL",2
"27","2019-11-17",3,0,"2019-11-17T10:00:00-00:00","2019-11-17T11:00:00-00:00","NP15","Wind","Renewable Forecast Actual Generation","RENEW_FCST_ACT_MW",3,1,44.13097,"ACTUAL",2
"28","2019-11-17",4,0,"2019-11-17T11:00:00-00:00","2019-11-17T12:00:00-00:00","NP15","Wind","Renewable Forecast Actual Generation","RENEW_FCST_ACT_MW",3,1,31.4947,"ACTUAL",2
"29","2019-11-17",5,0,"2019-11-17T12:00:00-00:00","2019-11-17T13:00:00-00:00","NP15","Wind","Renewable Forecast Actual Generation","RENEW_FCST_ACT_MW",3,1,26.98867,"ACTUAL",2
"30","2019-11-17",6,0,"2019-11-17T13:00:00-00:00","2019-11-17T14:00:00-00:00","NP15","Wind","Renewable Forecast Actual Generation","RENEW_FCST_ACT_MW",3,1,32.4897,"ACTUAL",2
"31","2019-11-17",7,0,"2019-11-17T14:00:00-00:00","2019-11-17T15:00:00-00:00","NP15","Wind","Renewable Forecast Actual Generation","RENEW_FCST_ACT_MW",3,1,22.30868,"ACTUAL",2
"32","2019-11-17",8,0,"2019-11-17T15:00:00-00:00","2019-11-17T16:00:00-00:00","NP15","Wind","Renewable Forecast Actual Generation","RENEW_FCST_ACT_MW",3,1,15.15125,"ACTUAL",2
"33","2019-11-17",9,0,"2019-11-17T16:00:00-00:00","2019-11-17T17:00:00-00:00","NP15","Wind","Renewable Forecast Actual Generation","RENEW_FCST_ACT_MW",3,1,19.17915,"ACTUAL",2
"34","2019-11-17",10,0,"2019-11-17T17:00:00-00:00","2019-11-17T18:00:00-00:00","NP15","Wind","Renewable Forecast Actual Generation","RENEW_FCST_ACT_MW",3,1,14.27192,"ACTUAL",2
"35","2019-11-17",11,0,"2019-11-17T18:00:00-00:00","2019-11-17T19:00:00-00:00","NP15","Wind","Renewable Forecast Actual Generation","RENEW_FCST_ACT_MW",3,1,16.17238,"ACTUAL",2
"36","2019-11-17",12,0,"2019-11-17T19:00:00-00:00","2019-11-17T20:00:00-00:00","NP15","Wind","Renewable Forecast Actual Generation","RENEW_FCST_ACT_MW",3,1,10.58624,"ACTUAL",2
"37","2019-11-17",13,0,"2019-11-17T20:00:00-00:00","2019-11-17T21:00:00-00:00","NP15","Wind","Renewable Forecast Actual Generation","RENEW_FCST_ACT_MW",3,1,17.08619,"ACTUAL",2
"38","2019-11-17",14,0,"2019-11-17T21:00:00-00:00","2019-11-17T22:00:00-00:00","NP15","Wind","Renewable Forecast Actual Generation","RENEW_FCST_ACT_MW",3,1,22.9345,"ACTUAL",2
"39","2019-11-17",15,0,"2019-11-17T22:00:00-00:00","2019-11-17T23:00:00-00:00","NP15","Wind","Renewable Forecast Actual Generation","RENEW_FCST_ACT_MW",3,1,30.97875,"ACTUAL",2
"40","2019-11-17",16,0,"2019-11-17T23:00:00-00:00","2019-11-18T00:00:00-00:00","NP15","Wind","Renewable Forecast Actual Generation","RENEW_FCST_ACT_MW",3,1,47.99547,"ACTUAL",2
"41","2019-11-17",17,0,"2019-11-18T00:00:00-00:00","2019-11-18T01:00:00-00:00","NP15","Wind","Renewable Forecast Actual Generation","RENEW_FCST_ACT_MW",3,1,51.16098,"ACTUAL",2
"42","2019-11-17",18,0,"2019-11-18T01:00:00-00:00","2019-11-18T02:00:00-00:00","NP15","Wind","Renewable Forecast Actual Generation","RENEW_FCST_ACT_MW",3,1,52.94786,"ACTUAL",2
"43","2019-11-17",19,0,"2019-11-18T02:00:00-00:00","2019-11-18T03:00:00-00:00","NP15","Wind","Renewable Forecast Actual Generation","RENEW_FCST_ACT_MW",3,1,41.61066,"ACTUAL",2
"44","2019-11-17",20,0,"2019-11-18T03:00:00-00:00","2019-11-18T04:00:00-00:00","NP15","Wind","Renewable Forecast Actual Generation","RENEW_FCST_ACT_MW",3,1,38.80213,"ACTUAL",2
"45","2019-11-17",21,0,"2019-11-18T04:00:00-00:00","2019-11-18T05:00:00-00:00","NP15","Wind","Renewable Forecast Actual Generation","RENEW_FCST_ACT_MW",3,1,40.44134,"ACTUAL",2
"46","2019-11-17",22,0,"2019-11-18T05:00:00-00:00","2019-11-18T06:00:00-00:00","NP15","Wind","Renewable Forecast Actual Generation","RENEW_FCST_ACT_MW",3,1,31.36143,"ACTUAL",2
"47","2019-11-17",23,0,"2019-11-18T06:00:00-00:00","2019-11-18T07:00:00-00:00","NP15","Wind","Renewable Forecast Actual Generation","RENEW_FCST_ACT_MW",3,1,28.32318,"ACTUAL",2
"48","2019-11-17",2,0,"2019-11-17T09:00:00-00:00","2019-11-17T10:00:00-00:00","NP15","Wind","Renewable Forecast Actual Generation","RENEW_FCST_ACT_MW",3,1,48.15487,"ACTUAL",2
"49","2019-11-17",24,0,"2019-11-18T07:00:00-00:00","2019-11-18T08:00:00-00:00","SP15","Solar","Renewable Forecast Actual Generation","RENEW_FCST_ACT_MW",3,3,-7.89824,"ACTUAL",3
"50","2019-11-17",2,0,"2019-11-17T09:00:00-00:00","2019-11-17T10:00:00-00:00","SP15","Solar","Renewable Forecast Actual Generation","RENEW_FCST_ACT_MW",3,3,-12.29665,"ACTUAL",3
"51","2019-11-17",23,0,"2019-11-18T06:00:00-00:00","2019-11-18T07:00:00-00:00","SP15","Solar","Renewable Forecast Actual Generation","RENEW_FCST_ACT_MW",3,3,-5.77884,"ACTUAL",3
"52","2019-11-17",6,0,"2019-11-17T13:00:00-00:00","2019-11-17T14:00:00-00:00","SP15","Solar","Renewable Forecast Actual Generation","RENEW_FCST_ACT_MW",3,3,-13.63805,"ACTUAL",3
"53","2019-11-17",22,0,"2019-11-18T05:00:00-00:00","2019-11-18T06:00:00-00:00","SP15","Solar","Renewable Forecast Actual Generation","RENEW_FCST_ACT_MW",3,3,-4.80503,"ACTUAL",3
"54","2019-11-17",11,0,"2019-11-17T18:00:00-00:00","2019-11-17T19:00:00-00:00","SP15","Solar","Renewable Forecast Actual Generation","RENEW_FCST_ACT_MW",3,3,5955.27722,"ACTUAL",3
"55","2019-11-17",21,0,"2019-11-18T04:00:00-00:00","2019-11-18T05:00:00-00:00","SP15","Solar","Renewable Forecast Actual Generation","RENEW_FCST_ACT_MW",3,3,-2.50657,"ACTUAL",3
"56","2019-11-17",3,0,"2019-11-17T10:00:00-00:00","2019-11-17T11:00:00-00:00","SP15","Solar","Renewable Forecast Actual Generation","RENEW_FCST_ACT_MW",3,3,-13.74642,"ACTUAL",3
"57","2019-11-17",20,0,"2019-11-18T03:00:00-00:00","2019-11-18T04:00:00-00:00","SP15","Solar","Renewable Forecast Actual Generation","RENEW_FCST_ACT_MW",3,3,1.13982,"ACTUAL",3
"58","2019-11-17",10,0,"2019-11-17T17:00:00-00:00","2019-11-17T18:00:00-00:00","SP15","Solar","Renewable Forecast Actual Generation","RENEW_FCST_ACT_MW",3,3,5868.94666,"ACTUAL",3
"59","2019-11-17",19,0,"2019-11-18T02:00:00-00:00","2019-11-18T03:00:00-00:00","SP15","Solar","Renewable Forecast Actual Generation","RENEW_FCST_ACT_MW",3,3,-5.14875,"ACTUAL",3
"60","2019-11-17",5,0,"2019-11-17T12:00:00-00:00","2019-11-17T13:00:00-00:00","SP15","Solar","Renewable Forecast Actual Generation","RENEW_FCST_ACT_MW",3,3,-15.9614,"ACTUAL",3
"61","2019-11-17",18,0,"2019-11-18T01:00:00-00:00","2019-11-18T02:00:00-00:00","SP15","Solar","Renewable Forecast Actual Generation","RENEW_FCST_ACT_MW",3,3,3.72666,"ACTUAL",3
"62","2019-11-17",9,0,"2019-11-17T16:00:00-00:00","2019-11-17T17:00:00-00:00","SP15","Solar","Renewable Forecast Actual Generation","RENEW_FCST_ACT_MW",3,3,5125.406,"ACTUAL",3
"63","2019-11-17",17,0,"2019-11-18T00:00:00-00:00","2019-11-18T01:00:00-00:00","SP15","Solar","Renewable Forecast Actual Generation","RENEW_FCST_ACT_MW",3,3,345.13408,"ACTUAL",3
"64","2019-11-17",1,0,"2019-11-17T08:00:00-00:00","2019-11-17T09:00:00-00:00","SP15","Solar","Renewable Forecast Actual Generation","RENEW_FCST_ACT_MW",3,3,-12.47287,"ACTUAL",3
"65","2019-11-17",16,0,"2019-11-17T23:00:00-00:00","2019-11-18T00:00:00-00:00","SP15","Solar","Renewable Forecast Actual Generation","RENEW_FCST_ACT_MW",3,3,2875.81572,"ACTUAL",3
"66","2019-11-17",8,0,"2019-11-17T15:00:00-00:00","2019-11-17T16:00:00-00:00","SP15","Solar","Renewable Forecast Actual Generation","RENEW_FCST_ACT_MW",3,3,2516.32389,"ACTUAL",3
"67","2019-11-17",15,0,"2019-11-17T22:00:00-00:00","2019-11-17T23:00:00-00:00","SP15","Solar","Renewable Forecast Actual Generation","RENEW_FCST_ACT_MW",3,3,5238.43754,"ACTUAL",3
"68","2019-11-17",4,0,"2019-11-17T11:00:00-00:00","2019-11-17T12:00:00-00:00","SP15","Solar","Renewable Forecast Actual Generation","RENEW_FCST_ACT_MW",3,3,-15.43379,"ACTUAL",3
"69","2019-11-17",14,0,"2019-11-17T21:00:00-00:00","2019-11-17T22:00:00-00:00","SP15","Solar","Renewable Forecast Actual Generation","RENEW_FCST_ACT_MW",3,3,5849.40009,"ACTUAL",3
"70","2019-11-17",7,0,"2019-11-17T14:00:00-00:00","2019-11-17T15:00:00-00:00","SP15","Solar","Renewable Forecast Actual Generation","RENEW_FCST_ACT_MW",3,3,202.13208,"ACTUAL",3
"71","2019-11-17",13,0,"2019-11-17T20:00:00-00:00","2019-11-17T21:00:00-00:00","SP15","Solar","Renewable Forecast Actual Generation","RENEW_FCST_ACT_MW",3,3,5927.08672,"ACTUAL",3
"72","2019-11-17",12,0,"2019-11-17T19:00:00-00:00","2019-11-17T20:00:00-00:00","SP15","Solar","Renewable Forecast Actual Generation","RENEW_FCST_ACT_MW",3,3,5923.8941,"ACTUAL",3
"73","2019-11-17",23,0,"2019-11-18T06:00:00-00:00","2019-11-18T07:00:00-00:00","SP15","Wind","Renewable Forecast Actual Generation","RENEW_FCST_ACT_MW",3,1,201.76728,"ACTUAL",4
"74","2019-11-17",22,0,"2019-11-18T05:00:00-00:00","2019-11-18T06:00:00-00:00","SP15","Wind","Renewable Forecast Actual Generation","RENEW_FCST_ACT_MW",3,1,241.31276,"ACTUAL",4
"75","2019-11-17",21,0,"2019-11-18T04:00:00-00:00","2019-11-18T05:00:00-00:00","SP15","Wind","Renewable Forecast Actual Generation","RENEW_FCST_ACT_MW",3,1,230.09798,"ACTUAL",4
"76","2019-11-17",20,0,"2019-11-18T03:00:00-00:00","2019-11-18T04:00:00-00:00","SP15","Wind","Renewable Forecast Actual Generation","RENEW_FCST_ACT_MW",3,1,176.06876,"ACTUAL",4
"77","2019-11-17",19,0,"2019-11-18T02:00:00-00:00","2019-11-18T03:00:00-00:00","SP15","Wind","Renewable Forecast Actual Generation","RENEW_FCST_ACT_MW",3,1,132.28695,"ACTUAL",4
"78","2019-11-17",18,0,"2019-11-18T01:00:00-00:00","2019-11-18T02:00:00-00:00","SP15","Wind","Renewable Forecast Actual Generation","RENEW_FCST_ACT_MW",3,1,127.43139,"ACTUAL",4
"79","2019-11-17",17,0,"2019-11-18T00:00:00-00:00","2019-11-18T01:00:00-00:00","SP15","Wind","Renewable Forecast Actual Generation","RENEW_FCST_ACT_MW",3,1,147.50189,"ACTUAL",4
"80","2019-11-17",16,0,"2019-11-17T23:00:00-00:00","2019-11-18T00:00:00-00:00","SP15","Wind","Renewable Forecast Actual Generation","RENEW_FCST_ACT_MW",3,1,227.17311,"ACTUAL",4
"81","2019-11-17",15,0,"2019-11-17T22:00:00-00:00","2019-11-17T23:00:00-00:00","SP15","Wind","Renewable Forecast Actual Generation","RENEW_FCST_ACT_MW",3,1,273.43516,"ACTUAL",4
"82","2019-11-17",14,0,"2019-11-17T21:00:00-00:00","2019-11-17T22:00:00-00:00","SP15","Wind","Renewable Forecast Actual Generation","RENEW_FCST_ACT_MW",3,1,331.73728,"ACTUAL",4
"83","2019-11-17",13,0,"2019-11-17T20:00:00-00:00","2019-11-17T21:00:00-00:00","SP15","Wind","Renewable Forecast Actual Generation","RENEW_FCST_ACT_MW",3,1,411.45435,"ACTUAL",4
"84","2019-11-17",12,0,"2019-11-17T19:00:00-00:00","2019-11-17T20:00:00-00:00","SP15","Wind","Renewable Forecast Actual Generation","RENEW_FCST_ACT_MW",3,1,435.66898,"ACTUAL",4
"85","2019-11-17",11,0,"2019-11-17T18:00:00-00:00","2019-11-17T19:00:00-00:00","SP15","Wind","Renewable Forecast Actual Generation","RENEW_FCST_ACT_MW",3,1,549.84657,"ACTUAL",4
"86","2019-11-17",10,0,"2019-11-17T17:00:00-00:00","2019-11-17T18:00:00-00:00","SP15","Wind","Renewable Forecast Actual Generation","RENEW_FCST_ACT_MW",3,1,532.62008,"ACTUAL",4
"87","2019-11-17",9,0,"2019-11-17T16:00:00-00:00","2019-11-17T17:00:00-00:00","SP15","Wind","Renewable Forecast Actual Generation","RENEW_FCST_ACT_MW",3,1,515.43315,"ACTUAL",4
"88","2019-11-17",8,0,"2019-11-17T15:00:00-00:00","2019-11-17T16:00:00-00:00","SP15","Wind","Renewable Forecast Actual Generation","RENEW_FCST_ACT_MW",3,1,539.70918,"ACTUAL",4
"89","2019-11-17",7,0,"2019-11-17T14:00:00-00:00","2019-11-17T15:00:00-00:00","SP15","Wind","Renewable Forecast Actual Generation","RENEW_FCST_ACT_MW",3,1,498.88321,"ACTUAL",4
"90","2019-11-17",6,0,"2019-11-17T13:00:00-00:00","2019-11-17T14:00:00-00:00","SP15","Wind","Renewable Forecast Actual Generation","RENEW_FCST_ACT_MW",3,1,470.83655,"ACTUAL",4
"91","2019-11-17",5,0,"2019-11-17T12:00:00-00:00","2019-11-17T13:00:00-00:00","SP15","Wind","Renewable Forecast Actual Generation","RENEW_FCST_ACT_MW",3,1,432.79564,"ACTUAL",4
"92","2019-11-17",4,0,"2019-11-17T11:00:00-00:00","2019-11-17T12:00:00-00:00","SP15","Wind","Renewable Forecast Actual Generation","RENEW_FCST_ACT_MW",3,1,391.26583,"ACTUAL",4
"93","2019-11-17",3,0,"2019-11-17T10:00:00-00:00","2019-11-17T11:00:00-00:00","SP15","Wind","Renewable Forecast Actual Generation","RENEW_FCST_ACT_MW",3,1,357.14392,"ACTUAL",4
"94","2019-11-17",2,0,"2019-11-17T09:00:00-00:00","2019-11-17T10:00:00-00:00","SP15","Wind","Renewable Forecast Actual Generation","RENEW_FCST_ACT_MW",3,1,296.76715,"ACTUAL",4
"95","2019-11-17",24,0,"2019-11-18T07:00:00-00:00","2019-11-18T08:00:00-00:00","SP15","Wind","Renewable Forecast Actual Generation","RENEW_FCST_ACT_MW",3,1,157.26562,"ACTUAL",4
"96","2019-11-17",1,0,"2019-11-17T08:00:00-00:00","2019-11-17T09:00:00-00:00","SP15","Wind","Renewable Forecast Actual Generation","RENEW_FCST_ACT_MW",3,1,299.42961,"ACTUAL",4
"97","2019-11-17",1,0,"2019-11-17T08:00:00-00:00","2019-11-17T09:00:00-00:00","ZP26","Solar","Renewable Forecast Actual Generation","RENEW_FCST_ACT_MW",3,3,-5.79599,"ACTUAL",5
"98","2019-11-17",24,0,"2019-11-18T07:00:00-00:00","2019-11-18T08:00:00-00:00","ZP26","Solar","Renewable Forecast Actual Generation","RENEW_FCST_ACT_MW",3,3,-5.75277,"ACTUAL",5
"99","2019-11-17",3,0,"2019-11-17T10:00:00-00:00","2019-11-17T11:00:00-00:00","ZP26","Solar","Renewable Forecast Actual Generation","RENEW_FCST_ACT_MW",3,3,-6.63343,"ACTUAL",5
"100","2019-11-17",4,0,"2019-11-17T11:00:00-00:00","2019-11-17T12:00:00-00:00","ZP26","Solar","Renewable Forecast Actual Generation","RENEW_FCST_ACT_MW",3,3,-5.7904,"ACTUAL",5
"101","2019-11-17",5,0,"2019-11-17T12:00:00-00:00","2019-11-17T13:00:00-00:00","ZP26","Solar","Renewable Forecast Actual Generation","RENEW_FCST_ACT_MW",3,3,-5.76705,"ACTUAL",5
"102","2019-11-17",6,0,"2019-11-17T13:00:00-00:00","2019-11-17T14:00:00-00:00","ZP26","Solar","Renewable Forecast Actual Generation","RENEW_FCST_ACT_MW",3,3,-5.74912,"ACTUAL",5
"103","2019-11-17",7,0,"2019-11-17T14:00:00-00:00","2019-11-17T15:00:00-00:00","ZP26","Solar","Renewable Forecast Actual Generation","RENEW_FCST_ACT_MW",3,3,4.23995,"ACTUAL",5
"104","2019-11-17",8,0,"2019-11-17T15:00:00-00:00","2019-11-17T16:00:00-00:00","ZP26","Solar","Renewable Forecast Actual Generation","RENEW_FCST_ACT_MW",3,3,373.15246,"ACTUAL",5
"105","2019-11-17",9,0,"2019-11-17T16:00:00-00:00","2019-11-17T17:00:00-00:00","ZP26","Solar","Renewable Forecast Actual Generation","RENEW_FCST_ACT_MW",3,3,968.19538,"ACTUAL",5
"106","2019-11-17",10,0,"2019-11-17T17:00:00-00:00","2019-11-17T18:00:00-00:00","ZP26","Solar","Renewable Forecast Actual Generation","RENEW_FCST_ACT_MW",3,3,1220.35491,"ACTUAL",5
"107","2019-11-17",11,0,"2019-11-17T18:00:00-00:00","2019-11-17T19:00:00-00:00","ZP26","Solar","Renewable Forecast Actual Generation","RENEW_FCST_ACT_MW",3,3,1268.65831,"ACTUAL",5
"108","2019-11-17",12,0,"2019-11-17T19:00:00-00:00","2019-11-17T20:00:00-00:00","ZP26","Solar","Renewable Forecast Actual Generation","RENEW_FCST_ACT_MW",3,3,1268.82269,"ACTUAL",5
"109","2019-11-17",13,0,"2019-11-17T20:00:00-00:00","2019-11-17T21:00:00-00:00","ZP26","Solar","Renewable Forecast Actual Generation","RENEW_FCST_ACT_MW",3,3,1271.37748,"ACTUAL",5
"110","2019-11-17",14,0,"2019-11-17T21:00:00-00:00","2019-11-17T22:00:00-00:00","ZP26","Solar","Renewable Forecast Actual Generation","RENEW_FCST_ACT_MW",3,3,1257.78453,"ACTUAL",5
"111","2019-11-17",15,0,"2019-11-17T22:00:00-00:00","2019-11-17T23:00:00-00:00","ZP26","Solar","Renewable Forecast Actual Generation","RENEW_FCST_ACT_MW",3,3,1145.29627,"ACTUAL",5
"112","2019-11-17",16,0,"2019-11-17T23:00:00-00:00","2019-11-18T00:00:00-00:00","ZP26","Solar","Renewable Forecast Actual Generation","RENEW_FCST_ACT_MW",3,3,668.07178,"ACTUAL",5
"113","2019-11-17",17,0,"2019-11-18T00:00:00-00:00","2019-11-18T01:00:00-00:00","ZP26","Solar","Renewable Forecast Actual Generation","RENEW_FCST_ACT_MW",3,3,93.9736,"ACTUAL",5
"114","2019-11-17",18,0,"2019-11-18T01:00:00-00:00","2019-11-18T02:00:00-00:00","ZP26","Solar","Renewable Forecast Actual Generation","RENEW_FCST_ACT_MW",3,3,-5.85937,"ACTUAL",5
"115","2019-11-17",19,0,"2019-11-18T02:00:00-00:00","2019-11-18T03:00:00-00:00","ZP26","Solar","Renewable Forecast Actual Generation","RENEW_FCST_ACT_MW",3,3,-5.70901,"ACTUAL",5
"116","2019-11-17",20,0,"2019-11-18T03:00:00-00:00","2019-11-18T04:00:00-00:00","ZP26","Solar","Renewable Forecast Actual Generation","RENEW_FCST_ACT_MW",3,3,-5.66874,"ACTUAL",5
"117","2019-11-17",21,0,"2019-11-18T04:00:00-00:00","2019-11-18T05:00:00-00:00","ZP26","Solar","Renewable Forecast Actual Generation","RENEW_FCST_ACT_MW",3,3,-5.72625,"ACTUAL",5
"118","2019-11-17",22,0,"2019-11-18T05:00:00-00:00","2019-11-18T06:00:00-00:00","ZP26","Solar","Renewable Forecast Actual Generation","RENEW_FCST_ACT_MW",3,3,-5.75094,"ACTUAL",5
"119","2019-11-17",23,0,"2019-11-18T06:00:00-00:00","2019-11-18T07:00:00-00:00","ZP26","Solar","Renewable Forecast Actual Generation","RENEW_FCST_ACT_MW",3,3,-5.73399,"ACTUAL",5
"120","2019-11-17",2,0,"2019-11-17T09:00:00-00:00","2019-11-17T10:00:00-00:00","ZP26","Solar","Renewable Forecast Actual Generation","RENEW_FCST_ACT_MW",3,3,-5.73252,"ACTUAL",5
