"","OPR_DT","OPR_HR","OPR_INTERVAL","INTERVALSTARTTIME_GMT","INTERVALENDTIME_GMT","TRADING_HUB","RENEWABLE_TYPE","LABEL","XML_DATA_ITEM","MARKET_RUN_ID_POS","RENEW_POS","MW","MARKET_RUN_ID","GROUP"
"1","2019-09-30",2,0,"2019-09-30T08:00:00-00:00","2019-09-30T09:00:00-00:00","NP15","Solar","Renewable Forecast Actual Generation","RENEW_FCST_ACT_MW",3,3,-3.29789,"ACTUAL",1
"2","2019-09-30",3,0,"2019-09-30T09:00:00-00:00","2019-09-30T10:00:00-00:00","NP15","Solar","Renewable Forecast Actual Generation","RENEW_FCST_ACT_MW",3,3,-3.30429,"ACTUAL",1
"3","2019-09-30",4,0,"2019-09-30T10:00:00-00:00","2019-09-30T11:00:00-00:00","NP15","Solar","Renewable Forecast Actual Generation","RENEW_FCST_ACT_MW",3,3,-3.29992,"ACTUAL",1
"4","2019-09-30",5,0,"2019-09-30T11:00:00-00:00","2019-09-30T12:00:00-00:00","NP15","Solar","Renewable Forecast Actual Generation","RENEW_FCST_ACT_MW",3,3,-3.28139,"ACTUAL",1
"5","2019-09-30",6,0,"2019-09-30T12:00:00-00:00","2019-09-30T13:00:00-00:00","NP15","Solar","Renewable Forecast Actual Generation","RENEW_FCST_ACT_MW",3,3,-3.30938,"ACTUAL",1
"6","2019-09-30",7,0,"2019-09-30T13:00:00-00:00","2019-09-30T14:00:00-00:00","NP15","Solar","Renewable Forecast Actual Generation","RENEW_FCST_ACT_MW",3,3,-3.04408,"ACTUAL",1
"7","2019-09-30",8,0,"2019-09-30T14:00:00-00:00","2019-09-30T15:00:00-00:00","NP15","Solar","Renewable Forecast Actual Generation","RENEW_FCST_ACT_MW",3,3,195.52134,"ACTUAL",1
"8","2019-09-30",9,0,"2019-09-30T15:00:00-00:00","2019-09-30T16:00:00-00:00","NP15","Solar","Renewable Forecast Actual Generation","RENEW_FCST_ACT_MW",3,3,876.35103,"ACTUAL",1
"9","2019-09-30",10,0,"2019-09-30T16:00:00-00:00","2019-09-30T17:00:00-00:00","NP15","Solar","Renewable Forecast Actual Generation","RENEW_FCST_ACT_MW",3,3,1180.47879,"ACTUAL",1
"10","2019-09-30",11,0,"2019-09-30T17:00:00-00:00","2019-09-30T18:00:00-00:00","NP15","Solar","Renewable Forecast Actual Generation","RENEW_FCST_ACT_MW",3,3,1211.97065,"ACTUAL",1
"11","2019-09-30",12,0,"2019-09-30T18:00:00-00:00","2019-09-30T19:00:00-00:00","NP15","Solar","Renewable Forecast Actual Generation","RENEW_FCST_ACT_MW",3,3,792.8585,"ACTUAL",1
"12","2019-09-30",13,0,"2019-09-30T19:00:00-00:00","2019-09-30T20:00:00-00:00","NP15","Solar","Renewable Forecast Actual Generation","RENEW_FCST_ACT_MW",3,3,655.02804,"ACTUAL",1
"13","2019-09-30",14,0,"2019-09-30T20:00:00-00:00","2019-09-30T21:00:00-00:00","NP15","Solar","Renewable Forecast Actual Generation","RENEW_FCST_ACT_MW",3,3,660.00207,"ACTUAL",1
"14","2019-09-30",15,0,"2019-09-30T21:00:00-00:00","2019-09-30T22:00:00-00:00","NP15","Solar","Renewable Forecast Actual Generation","RENEW_FCST_ACT_MW",3,3,770.63688,"ACTUAL",1
"15","2019-09-30",16,0,"2019-09-30T22:00:00-00:00","2019-09-30T23:00:00-00:00","NP15","Solar","Renewable Forecast Actual Generation","RENEW_FCST_ACT_MW",3,3,1053.99395,"ACTUAL",1
"16","2019-09-30",17,0,"2019-09-30T23:00:00-00:00","2019-10-01T00:00:00-00:00","NP15","Solar","Renewable Forecast Actual Generation","RENEW_FCST_ACT_MW",3,3,996.80006,"ACTUAL",1
"17","2019-09-30",18,0,"2019-10-01T00:00:00-00:00","2019-10-01T01:00:00-00:00","NP15","Solar","Renewable Forecast Actual Generation","RENEW_FCST_ACT_MW",3,3,617.58976,"ACTUAL",1
"18","2019-09-30",19,0,"2019-10-01T01:00:00-00:00","2019-10-01T02:00:00-00:00","NP15","Solar","Renewable Forecast Actual Generation","RENEW_FCST_ACT_MW",3,3,74.8118,"ACTUAL",1
"19","2019-09-30",20,0,"2019-10-01T02:00:00-00:00","2019-10-01T03:00:00-00:00","NP15","Solar","Renewable Forecast Actual Generation","RENEW_FCST_ACT_MW",3,3,2.65962,"ACTUAL",1
"20","2019-09-30",21,0,"2019-10-01T03:00:00-00:00","2019-10-01T04:00:00-00:00","NP15","Solar","Renewable Forecast Actual Generation","RENEW_FCST_ACT_MW",3,3,-2.75131,"ACTUAL",1
"21","2019-09-30",22,0,"2019-10-01T04:00:00-00:00","2019-10-01T05:00:00-00:00","NP15","Solar","Renewable Forecast Actual Generation","RENEW_FCST_ACT_MW",3,3,-2.73317,"ACTUAL",1
"22","2019-09-30",23,0,"2019-10-01T05:00:00-00:00","2019-10-01T06:00:00-00:00","NP15","Solar","Renewable Forecast Actual Generation","RENEW_FCST_ACT_MW",3,3,-2.89731,"ACTUAL",1
"23","2019-09-30",24,0,"2019-10-01T06:00:00-00:00","2019-10-01T07:00:00-00:00","NP15","Solar","Renewable Forecast Actual Generation","RENEW_FCST_ACT_MW",3,3,-2.73656,"ACTUAL",1
"24","2019-09-30",18,0,"2019-10-01T00:00:00-00:00","2019-10-01T01:00:00-00:00","NP15","Wind","Renewable Forecast Actual Generation","RENEW_FCST_ACT_MW",3,1,314.70657,"ACTUAL",2
"25","2019-09-30",6,0,"2019-09-30T12:00:00-00:00","2019-09-30T13:00:00-00:00","NP15","Wind","Renewable Forecast Actual Generation","RENEW_FCST_ACT_MW",3,1,137.37273,"ACTUAL",2
"26","2019-09-30",17,0,"2019-09-30T23:00:00-00:00","2019-10-01T00:00:00-00:00","NP15","Wind","Renewable Forecast Actual Generation","RENEW_FCST_ACT_MW",3,1,277.17568,"ACTUAL",2
"27","2019-09-30",16,0,"2019-09-30T22:00:00-00:00","2019-09-30T23:00:00-00:00","NP15","Wind","Renewable Forecast Actual Generation","RENEW_FCST_ACT_MW",3,1,143.27937,"ACTUAL",2
"28","2019-09-30",15,0,"2019-09-30T21:00:00-00:00","2019-09-30T22:00:00-00:00","NP15","Wind","Renewable Forecast Actual Generation","RENEW_FCST_ACT_MW",3,1,114.02764,"ACTUAL",2
"29","2019-09-30",14,0,"2019-09-30T20:00:00-00:00","2019-09-30T21:00:00-00:00","NP15","Wind","Renewable Forecast Actual Generation","RENEW_FCST_ACT_MW",3,1,134.05214,"ACTUAL",2
"30","2019-09-30",13,0,"2019-09-30T19:00:00-00:00","2019-09-30T20:00:00-00:00","NP15","Wind","Renewable Forecast Actual Generation","RENEW_FCST_ACT_MW",3,1,133.62264,"ACTUAL",2
"31","2019-09-30",12,0,"2019-09-30T18:00:00-00:00","2019-09-30T19:00:00-00:00","NP15","Wind","Renewable Forecast Actual Generation","RENEW_FCST_ACT_MW",3,1,146.99713,"ACTUAL",2
"32","2019-09-30",11,0,"2019-09-30T17:00:00-00:00","2019-09-30T18:00:00-00:00","NP15","Wind","Renewable Forecast Actual Generation","RENEW_FCST_ACT_MW",3,1,119.30161,"ACTUAL",2
"33","2019-09-30",10,0,"2019-09-30T16:00:00-00:00","2019-09-30T17:00:00-00:00","NP15","Wind","Renewable Forecast Actual Generation","RENEW_FCST_ACT_MW",3,1,68.76303,"ACTUAL",2
"34","2019-09-30",9,0,"2019-09-30T15:00:00-00:00","2019-09-30T16:00:00-00:00","NP15","Wind","Renewable Forecast Actual Generation","RENEW_FCST_ACT_MW",3,1,25.66938,"ACTUAL",2
"35","2019-09-30",8,0,"2019-09-30T14:00:00-00:00","2019-09-30T15:00:00-00:00","NP15","Wind","Renewable Forecast Actual Generation","RENEW_FCST_ACT_MW",3,1,87.30617,"ACTUAL",2
"36","2019-09-30",7,0,"2019-09-30T13:00:00-00:00","2019-09-30T14:00:00-00:00","NP15","Wind","Renewable Forecast Actual Generation","RENEW_FCST_ACT_MW",3,1,137.70062,"ACTUAL",2
"37","2019-09-30",5,0,"2019-09-30T11:00:00-00:00","2019-09-30T12:00:00-00:00","NP15","Wind","Renewable Forecast Actual Generation","RENEW_FCST_ACT_MW",3,1,195.96116,"ACTUAL",2
"38","2019-09-30",4,0,"2019-09-30T10:00:00-00:00","2019-09-30T11:00:00-00:00","NP15","Wind","Renewable Forecast Actual Generation","RENEW_FCST_ACT_MW",3,1,276.69758,"ACTUAL",2
"39","2019-09-30",3,0,"2019-09-30T09:00:00-00:00","2019-09-30T10:00:00-00:00","NP15","Wind","Renewable Forecast Actual Generation","RENEW_FCST_ACT_MW",3,1,356.92811,"ACTUAL",2
"40","2019-09-30",2,0,"2019-09-30T08:00:00-00:00","2019-09-30T09:00:00-00:00","NP15","Wind","Renewable Forecast Actual Generation","RENEW_FCST_ACT_MW",3,1,511.86093,"ACTUAL",2
"41","2019-09-30",24,0,"2019-10-01T06:00:00-00:00","2019-10-01T07:00:00-00:00","NP15","Wind","Renewable Forecast Actual Generation","RENEW_FCST_ACT_MW",3,1,140.17665,"ACTUAL",2
"42","2019-09-30",23,0,"2019-10-01T05:00:00-00:00","2019-10-01T06:00:00-00:00","NP15","Wind","Renewable Forecast Actual Generation","RENEW_FCST_ACT_MW",3,1,185.60903,"ACTUAL",2
"43","2019-09-30",22,0,"2019-10-01T04:00:00-00:00","2019-10-01T05:00:00-00:00","NP15","Wind","Renewable Forecast Actual Generation","RENEW_FCST_ACT_MW",3,1,233.30713,"ACTUAL",2
"44","2019-09-30",21,0,"2019-10-01T03:00:00-00:00","2019-10-01T04:00:00-00:00","NP15","Wind","Renewable Forecast Actual Generation","RENEW_FCST_ACT_MW",3,1,247.67988,"ACTUAL",2
"45","2019-09-30",20,0,"2019-10-01T02:00:00-00:00","2019-10-01T03:00:00-00:00","NP15","Wind","Renewable Forecast Actual Generation","RENEW_FCST_ACT_MW",3,1,256.49208,"ACTUAL",2
"46","2019-09-30",19,0,"2019-10-01T01:00:00-00:00","2019-10-01T02:00:00-00:00","NP15","Wind","Renewable Forecast Actual Generation","RENEW_FCST_ACT_MW",3,1,248.67243,"ACTUAL",2
"47","2019-09-30",6,0,"2019-09-30T12:00:00-00:00","2019-09-30T13:00:00-00:00","SP15","Solar","Renewable Forecast Actual Generation","RENEW_FCST_ACT_MW",3,3,-10.7687,"ACTUAL",3
"48","2019-09-30",18,0,"2019-10-01T00:00:00-00:00","2019-10-01T01:00:00-00:00","SP15","Solar","Renewable Forecast Actual Generation","RENEW_FCST_ACT_MW",3,3,2854.85382,"ACTUAL",3
"49","2019-09-30",5,0,"2019-09-30T11:00:00-00:00","2019-09-30T12:00:00-00:00","SP15","Solar","Renewable Forecast Actual Generation","RENEW_FCST_ACT_MW",3,3,-12.88405,"ACTUAL",3
"50","2019-09-30",11,0,"2019-09-30T17:00:00-00:00","2019-09-30T18:00:00-00:00","SP15","Solar","Renewable Forecast Actual Generation","RENEW_FCST_ACT_MW",3,3,5546.53464,"ACTUAL",3
"51","2019-09-30",4,0,"2019-09-30T10:00:00-00:00","2019-09-30T11:00:00-00:00","SP15","Solar","Renewable Forecast Actual Generation","RENEW_FCST_ACT_MW",3,3,-12.7114,"ACTUAL",3
"52","2019-09-30",15,0,"2019-09-30T21:00:00-00:00","2019-09-30T22:00:00-00:00","SP15","Solar","Renewable Forecast Actual Generation","RENEW_FCST_ACT_MW",3,3,6223.3573,"ACTUAL",3
"53","2019-09-30",3,0,"2019-09-30T09:00:00-00:00","2019-09-30T10:00:00-00:00","SP15","Solar","Renewable Forecast Actual Generation","RENEW_FCST_ACT_MW",3,3,-11.00238,"ACTUAL",3
"54","2019-09-30",10,0,"2019-09-30T16:00:00-00:00","2019-09-30T17:00:00-00:00","SP15","Solar","Renewable Forecast Actual Generation","RENEW_FCST_ACT_MW",3,3,5386.4095,"ACTUAL",3
"55","2019-09-30",2,0,"2019-09-30T08:00:00-00:00","2019-09-30T09:00:00-00:00","SP15","Solar","Renewable Forecast Actual Generation","RENEW_FCST_ACT_MW",3,3,-10.59237,"ACTUAL",3
"56","2019-09-30",13,0,"2019-09-30T19:00:00-00:00","2019-09-30T20:00:00-00:00","SP15","Solar","Renewable Forecast Actual Generation","RENEW_FCST_ACT_MW",3,3,5232.94048,"ACTUAL",3
"57","2019-09-30",24,0,"2019-10-01T06:00:00-00:00","2019-10-01T07:00:00-00:00","SP15","Solar","Renewable Forecast Actual Generation","RENEW_FCST_ACT_MW",3,3,-10.69918,"ACTUAL",3
"58","2019-09-30",9,0,"2019-09-30T15:00:00-00:00","2019-09-30T16:00:00-00:00","SP15","Solar","Renewable Forecast Actual Generation","RENEW_FCST_ACT_MW",3,3,4353.33413,"ACTUAL",3
"59","2019-09-30",23,0,"2019-10-01T05:00:00-00:00","2019-10-01T06:00:00-00:00","SP15","Solar","Renewable Forecast Actual Generation","RENEW_FCST_ACT_MW",3,3,-7.22721,"ACTUAL",3
"60","2019-09-30",16,0,"2019-09-30T22:00:00-00:00","2019-09-30T23:00:00-00:00","SP15","Solar","Renewable Forecast Actual Generation","RENEW_FCST_ACT_MW",3,3,6258.50335,"ACTUAL",3
"61","2019-09-30",22,0,"2019-10-01T04:00:00-00:00","2019-10-01T05:00:00-00:00","SP15","Solar","Renewable Forecast Actual Generation","RENEW_FCST_ACT_MW",3,3,-5.33827,"ACTUAL",3
"62","2019-09-30",8,0,"2019-09-30T14:00:00-00:00","2019-09-30T15:00:00-00:00","SP15","Solar","Renewable Forecast Actual Generation","RENEW_FCST_ACT_MW",3,3,1564.34711,"ACTUAL",3
"63","2019-09-30",21,0,"2019-10-01T03:00:00-00:00","2019-10-01T04:00:00-00:00","SP15","Solar","Renewable Forecast Actual Generation","RENEW_FCST_ACT_MW",3,3,-5.40877,"ACTUAL",3
"64","2019-09-30",12,0,"2019-09-30T18:00:00-00:00","2019-09-30T19:00:00-00:00","SP15","Solar","Renewable Forecast Actual Generation","RENEW_FCST_ACT_MW",3,3,5035.19384,"ACTUAL",3
"65","2019-09-30",20,0,"2019-10-01T02:00:00-00:00","2019-10-01T03:00:00-00:00","SP15","Solar","Renewable Forecast Actual Generation","RENEW_FCST_ACT_MW",3,3,10.82293,"ACTUAL",3
"66","2019-09-30",7,0,"2019-09-30T13:00:00-00:00","2019-09-30T14:00:00-00:00","SP15","Solar","Renewable Forecast Actual Generation","RENEW_FCST_ACT_MW",3,3,24.94706,"ACTUAL",3
"67","2019-09-30",19,0,"2019-10-01T01:00:00-00:00","2019-10-01T02:00:00-00:00","SP15","Solar","Renewable Forecast Actual Generation","RENEW_FCST_ACT_MW",3,3,419.48455,"ACTUAL",3
"68","2019-09-30",14,0,"2019-09-30T20:00:00-00:00","2019-09-30T21:00:00-00:00","SP15","Solar","Renewable Forecast Actual Generation","RENEW_FCST_ACT_MW",3,3,5493.42281,"ACTUAL",3
"69","2019-09-30",17,0,"2019-09-30T23:00:00-00:00","2019-10-01T00:00:00-00:00","SP15","Solar","Renewable Forecast Actual Generation","RENEW_FCST_ACT_MW",3,3,5132.09045,"ACTUAL",3
"70","2019-09-30",18,0,"2019-10-01T00:00:00-00:00","2019-10-01T01:00:00-00:00","SP15","Wind","Renewable Forecast Actual Generation","RENEW_FCST_ACT_MW",3,1,3212.2365,"ACTUAL",4
"71","2019-09-30",19,0,"2019-10-01T01:00:00-00:00","2019-10-01T02:00:00-00:00","SP15","Wind","Renewable Forecast Actual Generation","RENEW_FCST_ACT_MW",3,1,3298.1201,"ACTUAL",4
"72","2019-09-30",20,0,"2019-10-01T02:00:00-00:00","2019-10-01T03:00:00-00:00","SP15","Wind","Renewable Forecast Actual Generation","RENEW_FCST_ACT_MW",3,1,3345.80039,"ACTUAL",4
"73","2019-09-30",21,0,"2019-10-01T03:00:00-00:00","2019-10-01T04:00:00-00:00","SP15","Wind","Renewable Forecast Actual Generation","RENEW_FCST_ACT_MW",3,1,3033.60032,"ACTUAL",4
"74","2019-09-30",22,0,"2019-10-01T04:00:00-00:00","2019-10-01T05:00:00-00:00","SP15","Wind","Renewable Forecast Actual Generation","RENEW_FCST_ACT_MW",3,1,3049.19153,"ACTUAL",4
"75","2019-09-30",23,0,"2019-10-01T05:00:00-00:00","2019-10-01T06:00:00-00:00","SP15","Wind","Renewable Forecast Actual Generation","RENEW_FCST_ACT_MW",3,1,2995.2555,"ACTUAL",4
"76","2019-09-30",24,0,"2019-10-01T06:00:00-00:00","2019-10-01T07:00:00-00:00","SP15","Wind","Renewable Forecast Actual Generation","RENEW_FCST_ACT_MW",3,1,2884.6405,"ACTUAL",4
"77","2019-09-30",2,0,"2019-09-30T08:00:00-00:00","2019-09-30T09:00:00-00:00","SP15","Wind","Renewable Forecast Actual Generation","RENEW_FCST_ACT_MW",3,1,1569.3028,"ACTUAL",4
"78","2019-09-30",3,0,"2019-09-30T09:00:00-00:00","2019-09-30T10:00:00-00:00","SP15","Wind","Renewable Forecast Actual Generation","RENEW_FCST_ACT_MW",3,1,1619.05144,"ACTUAL",4
"79","2019-09-30",4,0,"2019-09-30T10:00:00-00:00","2019-09-30T11:00:00-00:00","SP15","Wind","Renewable Forecast Actual Generation","RENEW_FCST_ACT_MW",3,1,1860.47134,"ACTUAL",4
"80","2019-09-30",5,0,"2019-09-30T11:00:00-00:00","2019-09-30T12:00:00-00:00","SP15","Wind","Renewable Forecast Actual Generation","RENEW_FCST_ACT_MW",3,1,1701.38324,"ACTUAL",4
"81","2019-09-30",6,0,"2019-09-30T12:00:00-00:00","2019-09-30T13:00:00-00:00","SP15","Wind","Renewable Forecast Actual Generation","RENEW_FCST_ACT_MW",3,1,1406.9259,"ACTUAL",4
"82","2019-09-30",7,0,"2019-09-30T13:00:00-00:00","2019-09-30T14:00:00-00:00","SP15","Wind","Renewable Forecast Actual Generation","RENEW_FCST_ACT_MW",3,1,1282.31101,"ACTUAL",4
"83","2019-09-30",8,0,"2019-09-30T14:00:00-00:00","2019-09-30T15:00:00-00:00","SP15","Wind","Renewable Forecast Actual Generation","RENEW_FCST_ACT_MW",3,1,1278.90977,"ACTUAL",4
"84","2019-09-30",9,0,"2019-09-30T15:00:00-00:00","2019-09-30T16:00:00-00:00","SP15","Wind","Renewable Forecast Actual Generation","RENEW_FCST_ACT_MW",3,1,1427.49852,"ACTUAL",4
"85","2019-09-30",10,0,"2019-09-30T16:00:00-00:00","2019-09-30T17:00:00-00:00","SP15","Wind","Renewable Forecast Actual Generation","RENEW_FCST_ACT_MW",3,1,1617.61761,"ACTUAL",4
"86","2019-09-30",11,0,"2019-09-30T17:00:00-00:00","2019-09-30T18:00:00-00:00","SP15","Wind","Renewable Forecast Actual Generation","RENEW_FCST_ACT_MW",3,1,1857.51915,"ACTUAL",4
"87","2019-09-30",12,0,"2019-09-30T18:00:00-00:00","2019-09-30T19:00:00-00:00","SP15","Wind","Renewable Forecast Actual Generation","RENEW_FCST_ACT_MW",3,1,2073.49186,"ACTUAL",4
"88","2019-09-30",13,0,"2019-09-30T19:00:00-00:00","2019-09-30T20:00:00-00:00","SP15","Wind","Renewable Forecast Actual Generation","RENEW_FCST_ACT_MW",3,1,2067.1912,"ACTUAL",4
"89","2019-09-30",14,0,"2019-09-30T20:00:00-00:00","2019-09-30T21:00:00-00:00","SP15","Wind","Renewable Forecast Actual Generation","RENEW_FCST_ACT_MW",3,1,2175.41104,"ACTUAL",4
"90","2019-09-30",15,0,"2019-09-30T21:00:00-00:00","2019-09-30T22:00:00-00:00","SP15","Wind","Renewable Forecast Actual Generation","RENEW_FCST_ACT_MW",3,1,2196.79647,"ACTUAL",4
"91","2019-09-30",16,0,"2019-09-30T22:00:00-00:00","2019-09-30T23:00:00-00:00","SP15","Wind","Renewable Forecast Actual Generation","RENEW_FCST_ACT_MW",3,1,2556.37777,"ACTUAL",4
"92","2019-09-30",17,0,"2019-09-30T23:00:00-00:00","2019-10-01T00:00:00-00:00","SP15","Wind","Renewable Forecast Actual Generation","RENEW_FCST_ACT_MW",3,1,2984.98619,"ACTUAL",4
"93","2019-09-30",18,0,"2019-10-01T00:00:00-00:00","2019-10-01T01:00:00-00:00","ZP26","Solar","Renewable Forecast Actual Generation","RENEW_FCST_ACT_MW",3,3,551.04785,"ACTUAL",5
"94","2019-09-30",17,0,"2019-09-30T23:00:00-00:00","2019-10-01T00:00:00-00:00","ZP26","Solar","Renewable Forecast Actual Generation","RENEW_FCST_ACT_MW",3,3,1088.99682,"ACTUAL",5
"95","2019-09-30",20,0,"2019-10-01T02:00:00-00:00","2019-10-01T03:00:00-00:00","ZP26","Solar","Renewable Forecast Actual Generation","RENEW_FCST_ACT_MW",3,3,-4.19091,"ACTUAL",5
"96","2019-09-30",21,0,"2019-10-01T03:00:00-00:00","2019-10-01T04:00:00-00:00","ZP26","Solar","Renewable Forecast Actual Generation","RENEW_FCST_ACT_MW",3,3,-4.96791,"ACTUAL",5
"97","2019-09-30",22,0,"2019-10-01T04:00:00-00:00","2019-10-01T05:00:00-00:00","ZP26","Solar","Renewable Forecast Actual Generation","RENEW_FCST_ACT_MW",3,3,-4.92665,"ACTUAL",5
"98","2019-09-30",23,0,"2019-10-01T05:00:00-00:00","2019-10-01T06:00:00-00:00","ZP26","Solar","Renewable Forecast Actual Generation","RENEW_FCST_ACT_MW",3,3,-4.92044,"ACTUAL",5
"99","2019-09-30",24,0,"2019-10-01T06:00:00-00:00","2019-10-01T07:00:00-00:00","ZP26","Solar","Renewable Forecast Actual Generation","RENEW_FCST_ACT_MW",3,3,-4.91816,"ACTUAL",5
"100","2019-09-30",2,0,"2019-09-30T08:00:00-00:00","2019-09-30T09:00:00-00:00","ZP26","Solar","Renewable Forecast Actual Generation","RENEW_FCST_ACT_MW",3,3,-4.88544,"ACTUAL",5
"101","2019-09-30",3,0,"2019-09-30T09:00:00-00:00","2019-09-30T10:00:00-00:00","ZP26","Solar","Renewable Forecast Actual Generation","RENEW_FCST_ACT_MW",3,3,-4.8728,"ACTUAL",5
"102","2019-09-30",4,0,"2019-09-30T10:00:00-00:00","2019-09-30T11:00:00-00:00","ZP26","Solar","Renewable Forecast Actual Generation","RENEW_FCST_ACT_MW",3,3,-4.89593,"ACTUAL",5
"103","2019-09-30",5,0,"2019-09-30T11:00:00-00:00","2019-09-30T12:00:00-00:00","ZP26","Solar","Renewable Forecast Actual Generation","RENEW_FCST_ACT_MW",3,3,-5.2931,"ACTUAL",5
"104","2019-09-30",6,0,"2019-09-30T12:00:00-00:00","2019-09-30T13:00:00-00:00","ZP26","Solar","Renewable Forecast Actual Generation","RENEW_FCST_ACT_MW",3,3,-5.29098,"ACTUAL",5
"105","2019-09-30",7,0,"2019-09-30T13:00:00-00:00","2019-09-30T14:00:00-00:00","ZP26","Solar","Renewable Forecast Actual Generation","RENEW_FCST_ACT_MW",3,3,-4.87871,"ACTUAL",5
"106","2019-09-30",8,0,"2019-09-30T14:00:00-00:00","2019-09-30T15:00:00-00:00","ZP26","Solar","Renewable Forecast Actual Generation","RENEW_FCST_ACT_MW",3,3,201.22248,"ACTUAL",5
"107","2019-09-30",9,0,"2019-09-30T15:00:00-00:00","2019-09-30T16:00:00-00:00","ZP26","Solar","Renewable Forecast Actual Generation","RENEW_FCST_ACT_MW",3,3,844.53184,"ACTUAL",5
"108","2019-09-30",10,0,"2019-09-30T16:00:00-00:00","2019-09-30T17:00:00-00:00","ZP26","Solar","Renewable Forecast Actual Generation","RENEW_FCST_ACT_MW",3,3,1271.82326,"ACTUAL",5
"109","2019-09-30",11,0,"2019-09-30T17:00:00-00:00","2019-09-30T18:00:00-00:00","ZP26","Solar","Renewable Forecast Actual Generation","RENEW_FCST_ACT_MW",3,3,1416.95791,"ACTUAL",5
"110","2019-09-30",12,0,"2019-09-30T18:00:00-00:00","2019-09-30T19:00:00-00:00","ZP26","Solar","Renewable Forecast Actual Generation","RENEW_FCST_ACT_MW",3,3,1466.04279,"ACTUAL",5
"111","2019-09-30",13,0,"2019-09-30T19:00:00-00:00","2019-09-30T20:00:00-00:00","ZP26","Solar","Renewable Forecast Actual Generation","RENEW_FCST_ACT_MW",3,3,1406.5762,"ACTUAL",5
"112","2019-09-30",14,0,"2019-09-30T20:00:00-00:00","2019-09-30T21:00:00-00:00","ZP26","Solar","Renewable Forecast Actual Generation","RENEW_FCST_ACT_MW",3,3,1395.13868,"ACTUAL",5
"113","2019-09-30",15,0,"2019-09-30T21:00:00-00:00","2019-09-30T22:00:00-00:00","ZP26","Solar","Renewable Forecast Actual Generation","RENEW_FCST_ACT_MW",3,3,1384.08726,"ACTUAL",5
"114","2019-09-30",16,0,"2019-09-30T22:00:00-00:00","2019-09-30T23:00:00-00:00","ZP26","Solar","Renewable Forecast Actual Generation","RENEW_FCST_ACT_MW",3,3,1298.32123,"ACTUAL",5
"115","2019-09-30",19,0,"2019-10-01T01:00:00-00:00","2019-10-01T02:00:00-00:00","ZP26","Solar","Renewable Forecast Actual Generation","RENEW_FCST_ACT_MW",3,3,69.35377,"ACTUAL",5
"116","2019-10-01",1,0,"2019-10-01T07:00:00-00:00","2019-10-01T08:00:00-00:00","NP15","Solar","Renewable Forecast Actual Generation","RENEW_FCST_ACT_MW",3,3,-2.79288,"ACTUAL",6
"117","2019-10-01",1,0,"2019-10-01T07:00:00-00:00","2019-10-01T08:00:00-00:00","NP15","Wind","Renewable Forecast Actual Generation","RENEW_FCST_ACT_MW",3,1,109.45116,"ACTUAL",7
"118","2019-10-01",1,0,"2019-10-01T07:00:00-00:00","2019-10-01T08:00:00-00:00","SP15","Solar","Renewable Forecast Actual Generation","RENEW_FCST_ACT_MW",3,3,-10.13899,"ACTUAL",8
"119","2019-10-01",1,0,"2019-10-01T07:00:00-00:00","2019-10-01T08:00:00-00:00","SP15","Wind","Renewable Forecast Actual Generation","RENEW_FCST_ACT_MW",3,1,3248.44345,"ACTUAL",9
"120","2019-10-01",1,0,"2019-10-01T07:00:00-00:00","2019-10-01T08:00:00-00:00","ZP26","Solar","Renewable Forecast Actual Generation","RENEW_FCST_ACT_MW",3,3,-4.92853,"ACTUAL",10
