"","OPR_DT","OPR_HR","OPR_INTERVAL","INTERVALSTARTTIME_GMT","INTERVALENDTIME_GMT","TRADING_HUB","RENEWABLE_TYPE","LABEL","XML_DATA_ITEM","MARKET_RUN_ID_POS","RENEW_POS","MW","MARKET_RUN_ID","GROUP"
"1","2019-07-15",2,0,"2019-07-15T08:00:00-00:00","2019-07-15T09:00:00-00:00","NP15","Solar","Renewable Forecast Actual Generation","RENEW_FCST_ACT_MW",3,3,-3.37027,"ACTUAL",1
"2","2019-07-15",3,0,"2019-07-15T09:00:00-00:00","2019-07-15T10:00:00-00:00","NP15","Solar","Renewable Forecast Actual Generation","RENEW_FCST_ACT_MW",3,3,-3.36584,"ACTUAL",1
"3","2019-07-15",4,0,"2019-07-15T10:00:00-00:00","2019-07-15T11:00:00-00:00","NP15","Solar","Renewable Forecast Actual Generation","RENEW_FCST_ACT_MW",3,3,-3.6157,"ACTUAL",1
"4","2019-07-15",5,0,"2019-07-15T11:00:00-00:00","2019-07-15T12:00:00-00:00","NP15","Solar","Renewable Forecast Actual Generation","RENEW_FCST_ACT_MW",3,3,-3.3909,"ACTUAL",1
"5","2019-07-15",6,0,"2019-07-15T12:00:00-00:00","2019-07-15T13:00:00-00:00","NP15","Solar","Renewable Forecast Actual Generation","RENEW_FCST_ACT_MW",3,3,-3.20837,"ACTUAL",1
"6","2019-07-15",7,0,"2019-07-15T13:00:00-00:00","2019-07-15T14:00:00-00:00","NP15","Solar","Renewable Forecast Actual Generation","RENEW_FCST_ACT_MW",3,3,178.22795,"ACTUAL",1
"7","2019-07-15",8,0,"2019-07-15T14:00:00-00:00","2019-07-15T15:00:00-00:00","NP15","Solar","Renewable Forecast Actual Generation","RENEW_FCST_ACT_MW",3,3,872.5701,"ACTUAL",1
"8","2019-07-15",9,0,"2019-07-15T15:00:00-00:00","2019-07-15T16:00:00-00:00","NP15","Solar","Renewable Forecast Actual Generation","RENEW_FCST_ACT_MW",3,3,1256.27079,"ACTUAL",1
"9","2019-07-15",10,0,"2019-07-15T16:00:00-00:00","2019-07-15T17:00:00-00:00","NP15","Solar","Renewable Forecast Actual Generation","RENEW_FCST_ACT_MW",3,3,1355.33083,"ACTUAL",1
"10","2019-07-15",11,0,"2019-07-15T17:00:00-00:00","2019-07-15T18:00:00-00:00","NP15","Solar","Renewable Forecast Actual Generation","RENEW_FCST_ACT_MW",3,3,1376.28899,"ACTUAL",1
"11","2019-07-15",12,0,"2019-07-15T18:00:00-00:00","2019-07-15T19:00:00-00:00","NP15","Solar","Renewable Forecast Actual Generation","RENEW_FCST_ACT_MW",3,3,1392.10202,"ACTUAL",1
"12","2019-07-15",13,0,"2019-07-15T19:00:00-00:00","2019-07-15T20:00:00-00:00","NP15","Solar","Renewable Forecast Actual Generation","RENEW_FCST_ACT_MW",3,3,1401.87035,"ACTUAL",1
"13","2019-07-15",14,0,"2019-07-15T20:00:00-00:00","2019-07-15T21:00:00-00:00","NP15","Solar","Renewable Forecast Actual Generation","RENEW_FCST_ACT_MW",3,3,1405.27992,"ACTUAL",1
"14","2019-07-15",15,0,"2019-07-15T21:00:00-00:00","2019-07-15T22:00:00-00:00","NP15","Solar","Renewable Forecast Actual Generation","RENEW_FCST_ACT_MW",3,3,1400.55985,"ACTUAL",1
"15","2019-07-15",16,0,"2019-07-15T22:00:00-00:00","2019-07-15T23:00:00-00:00","NP15","Solar","Renewable Forecast Actual Generation","RENEW_FCST_ACT_MW",3,3,1386.72695,"ACTUAL",1
"16","2019-07-15",17,0,"2019-07-15T23:00:00-00:00","2019-07-16T00:00:00-00:00","NP15","Solar","Renewable Forecast Actual Generation","RENEW_FCST_ACT_MW",3,3,1355.0066,"ACTUAL",1
"17","2019-07-15",18,0,"2019-07-16T00:00:00-00:00","2019-07-16T01:00:00-00:00","NP15","Solar","Renewable Forecast Actual Generation","RENEW_FCST_ACT_MW",3,3,1261.42889,"ACTUAL",1
"18","2019-07-15",19,0,"2019-07-16T01:00:00-00:00","2019-07-16T02:00:00-00:00","NP15","Solar","Renewable Forecast Actual Generation","RENEW_FCST_ACT_MW",3,3,941.69789,"ACTUAL",1
"19","2019-07-15",20,0,"2019-07-16T02:00:00-00:00","2019-07-16T03:00:00-00:00","NP15","Solar","Renewable Forecast Actual Generation","RENEW_FCST_ACT_MW",3,3,281.63265,"ACTUAL",1
"20","2019-07-15",21,0,"2019-07-16T03:00:00-00:00","2019-07-16T04:00:00-00:00","NP15","Solar","Renewable Forecast Actual Generation","RENEW_FCST_ACT_MW",3,3,0.27245,"ACTUAL",1
"21","2019-07-15",22,0,"2019-07-16T04:00:00-00:00","2019-07-16T05:00:00-00:00","NP15","Solar","Renewable Forecast Actual Generation","RENEW_FCST_ACT_MW",3,3,-3.29711,"ACTUAL",1
"22","2019-07-15",23,0,"2019-07-16T05:00:00-00:00","2019-07-16T06:00:00-00:00","NP15","Solar","Renewable Forecast Actual Generation","RENEW_FCST_ACT_MW",3,3,-3.2477,"ACTUAL",1
"23","2019-07-15",24,0,"2019-07-16T06:00:00-00:00","2019-07-16T07:00:00-00:00","NP15","Solar","Renewable Forecast Actual Generation","RENEW_FCST_ACT_MW",3,3,-3.26762,"ACTUAL",1
"24","2019-07-15",18,0,"2019-07-16T00:00:00-00:00","2019-07-16T01:00:00-00:00","NP15","Wind","Renewable Forecast Actual Generation","RENEW_FCST_ACT_MW",3,1,1045.35828,"ACTUAL",2
"25","2019-07-15",6,0,"2019-07-15T12:00:00-00:00","2019-07-15T13:00:00-00:00","NP15","Wind","Renewable Forecast Actual Generation","RENEW_FCST_ACT_MW",3,1,959.04894,"ACTUAL",2
"26","2019-07-15",17,0,"2019-07-15T23:00:00-00:00","2019-07-16T00:00:00-00:00","NP15","Wind","Renewable Forecast Actual Generation","RENEW_FCST_ACT_MW",3,1,1039.31387,"ACTUAL",2
"27","2019-07-15",16,0,"2019-07-15T22:00:00-00:00","2019-07-15T23:00:00-00:00","NP15","Wind","Renewable Forecast Actual Generation","RENEW_FCST_ACT_MW",3,1,924.69395,"ACTUAL",2
"28","2019-07-15",15,0,"2019-07-15T21:00:00-00:00","2019-07-15T22:00:00-00:00","NP15","Wind","Renewable Forecast Actual Generation","RENEW_FCST_ACT_MW",3,1,782.20135,"ACTUAL",2
"29","2019-07-15",14,0,"2019-07-15T20:00:00-00:00","2019-07-15T21:00:00-00:00","NP15","Wind","Renewable Forecast Actual Generation","RENEW_FCST_ACT_MW",3,1,572.82511,"ACTUAL",2
"30","2019-07-15",13,0,"2019-07-15T19:00:00-00:00","2019-07-15T20:00:00-00:00","NP15","Wind","Renewable Forecast Actual Generation","RENEW_FCST_ACT_MW",3,1,555.02219,"ACTUAL",2
"31","2019-07-15",12,0,"2019-07-15T18:00:00-00:00","2019-07-15T19:00:00-00:00","NP15","Wind","Renewable Forecast Actual Generation","RENEW_FCST_ACT_MW",3,1,562.26735,"ACTUAL",2
"32","2019-07-15",11,0,"2019-07-15T17:00:00-00:00","2019-07-15T18:00:00-00:00","NP15","Wind","Renewable Forecast Actual Generation","RENEW_FCST_ACT_MW",3,1,556.37528,"ACTUAL",2
"33","2019-07-15",10,0,"2019-07-15T16:00:00-00:00","2019-07-15T17:00:00-00:00","NP15","Wind","Renewable Forecast Actual Generation","RENEW_FCST_ACT_MW",3,1,603.42539,"ACTUAL",2
"34","2019-07-15",9,0,"2019-07-15T15:00:00-00:00","2019-07-15T16:00:00-00:00","NP15","Wind","Renewable Forecast Actual Generation","RENEW_FCST_ACT_MW",3,1,651.77018,"ACTUAL",2
"35","2019-07-15",8,0,"2019-07-15T14:00:00-00:00","2019-07-15T15:00:00-00:00","NP15","Wind","Renewable Forecast Actual Generation","RENEW_FCST_ACT_MW",3,1,685.25779,"ACTUAL",2
"36","2019-07-15",7,0,"2019-07-15T13:00:00-00:00","2019-07-15T14:00:00-00:00","NP15","Wind","Renewable Forecast Actual Generation","RENEW_FCST_ACT_MW",3,1,814.44454,"ACTUAL",2
"37","2019-07-15",5,0,"2019-07-15T11:00:00-00:00","2019-07-15T12:00:00-00:00","NP15","Wind","Renewable Forecast Actual Generation","RENEW_FCST_ACT_MW",3,1,1028.56629,"ACTUAL",2
"38","2019-07-15",4,0,"2019-07-15T10:00:00-00:00","2019-07-15T11:00:00-00:00","NP15","Wind","Renewable Forecast Actual Generation","RENEW_FCST_ACT_MW",3,1,1067.52752,"ACTUAL",2
"39","2019-07-15",3,0,"2019-07-15T09:00:00-00:00","2019-07-15T10:00:00-00:00","NP15","Wind","Renewable Forecast Actual Generation","RENEW_FCST_ACT_MW",3,1,997.44785,"ACTUAL",2
"40","2019-07-15",2,0,"2019-07-15T08:00:00-00:00","2019-07-15T09:00:00-00:00","NP15","Wind","Renewable Forecast Actual Generation","RENEW_FCST_ACT_MW",3,1,984.4368,"ACTUAL",2
"41","2019-07-15",24,0,"2019-07-16T06:00:00-00:00","2019-07-16T07:00:00-00:00","NP15","Wind","Renewable Forecast Actual Generation","RENEW_FCST_ACT_MW",3,1,1253.63602,"ACTUAL",2
"42","2019-07-15",23,0,"2019-07-16T05:00:00-00:00","2019-07-16T06:00:00-00:00","NP15","Wind","Renewable Forecast Actual Generation","RENEW_FCST_ACT_MW",3,1,1222.994,"ACTUAL",2
"43","2019-07-15",22,0,"2019-07-16T04:00:00-00:00","2019-07-16T05:00:00-00:00","NP15","Wind","Renewable Forecast Actual Generation","RENEW_FCST_ACT_MW",3,1,1167.73864,"ACTUAL",2
"44","2019-07-15",21,0,"2019-07-16T03:00:00-00:00","2019-07-16T04:00:00-00:00","NP15","Wind","Renewable Forecast Actual Generation","RENEW_FCST_ACT_MW",3,1,1061.23183,"ACTUAL",2
"45","2019-07-15",20,0,"2019-07-16T02:00:00-00:00","2019-07-16T03:00:00-00:00","NP15","Wind","Renewable Forecast Actual Generation","RENEW_FCST_ACT_MW",3,1,1090.3187,"ACTUAL",2
"46","2019-07-15",19,0,"2019-07-16T01:00:00-00:00","2019-07-16T02:00:00-00:00","NP15","Wind","Renewable Forecast Actual Generation","RENEW_FCST_ACT_MW",3,1,1089.91671,"ACTUAL",2
"47","2019-07-15",6,0,"2019-07-15T12:00:00-00:00","2019-07-15T13:00:00-00:00","SP15","Solar","Renewable Forecast Actual Generation","RENEW_FCST_ACT_MW",3,3,35.82701,"ACTUAL",3
"48","2019-07-15",18,0,"2019-07-16T00:00:00-00:00","2019-07-16T01:00:00-00:00","SP15","Solar","Renewable Forecast Actual Generation","RENEW_FCST_ACT_MW",3,3,5374.40523,"ACTUAL",3
"49","2019-07-15",5,0,"2019-07-15T11:00:00-00:00","2019-07-15T12:00:00-00:00","SP15","Solar","Renewable Forecast Actual Generation","RENEW_FCST_ACT_MW",3,3,34.4823,"ACTUAL",3
"50","2019-07-15",11,0,"2019-07-15T17:00:00-00:00","2019-07-15T18:00:00-00:00","SP15","Solar","Renewable Forecast Actual Generation","RENEW_FCST_ACT_MW",3,3,7081.86656,"ACTUAL",3
"51","2019-07-15",4,0,"2019-07-15T10:00:00-00:00","2019-07-15T11:00:00-00:00","SP15","Solar","Renewable Forecast Actual Generation","RENEW_FCST_ACT_MW",3,3,35.11769,"ACTUAL",3
"52","2019-07-15",15,0,"2019-07-15T21:00:00-00:00","2019-07-15T22:00:00-00:00","SP15","Solar","Renewable Forecast Actual Generation","RENEW_FCST_ACT_MW",3,3,7211.33555,"ACTUAL",3
"53","2019-07-15",3,0,"2019-07-15T09:00:00-00:00","2019-07-15T10:00:00-00:00","SP15","Solar","Renewable Forecast Actual Generation","RENEW_FCST_ACT_MW",3,3,36.23226,"ACTUAL",3
"54","2019-07-15",10,0,"2019-07-15T16:00:00-00:00","2019-07-15T17:00:00-00:00","SP15","Solar","Renewable Forecast Actual Generation","RENEW_FCST_ACT_MW",3,3,6633.62374,"ACTUAL",3
"55","2019-07-15",2,0,"2019-07-15T08:00:00-00:00","2019-07-15T09:00:00-00:00","SP15","Solar","Renewable Forecast Actual Generation","RENEW_FCST_ACT_MW",3,3,37.39638,"ACTUAL",3
"56","2019-07-15",13,0,"2019-07-15T19:00:00-00:00","2019-07-15T20:00:00-00:00","SP15","Solar","Renewable Forecast Actual Generation","RENEW_FCST_ACT_MW",3,3,7394.39803,"ACTUAL",3
"57","2019-07-15",24,0,"2019-07-16T06:00:00-00:00","2019-07-16T07:00:00-00:00","SP15","Solar","Renewable Forecast Actual Generation","RENEW_FCST_ACT_MW",3,3,11.88951,"ACTUAL",3
"58","2019-07-15",9,0,"2019-07-15T15:00:00-00:00","2019-07-15T16:00:00-00:00","SP15","Solar","Renewable Forecast Actual Generation","RENEW_FCST_ACT_MW",3,3,5824.27314,"ACTUAL",3
"59","2019-07-15",23,0,"2019-07-16T05:00:00-00:00","2019-07-16T06:00:00-00:00","SP15","Solar","Renewable Forecast Actual Generation","RENEW_FCST_ACT_MW",3,3,11.4379,"ACTUAL",3
"60","2019-07-15",16,0,"2019-07-15T22:00:00-00:00","2019-07-15T23:00:00-00:00","SP15","Solar","Renewable Forecast Actual Generation","RENEW_FCST_ACT_MW",3,3,6900.48664,"ACTUAL",3
"61","2019-07-15",22,0,"2019-07-16T04:00:00-00:00","2019-07-16T05:00:00-00:00","SP15","Solar","Renewable Forecast Actual Generation","RENEW_FCST_ACT_MW",3,3,15.03326,"ACTUAL",3
"62","2019-07-15",8,0,"2019-07-15T14:00:00-00:00","2019-07-15T15:00:00-00:00","SP15","Solar","Renewable Forecast Actual Generation","RENEW_FCST_ACT_MW",3,3,3759.63325,"ACTUAL",3
"63","2019-07-15",21,0,"2019-07-16T03:00:00-00:00","2019-07-16T04:00:00-00:00","SP15","Solar","Renewable Forecast Actual Generation","RENEW_FCST_ACT_MW",3,3,24.65766,"ACTUAL",3
"64","2019-07-15",12,0,"2019-07-15T18:00:00-00:00","2019-07-15T19:00:00-00:00","SP15","Solar","Renewable Forecast Actual Generation","RENEW_FCST_ACT_MW",3,3,7328.6255,"ACTUAL",3
"65","2019-07-15",20,0,"2019-07-16T02:00:00-00:00","2019-07-16T03:00:00-00:00","SP15","Solar","Renewable Forecast Actual Generation","RENEW_FCST_ACT_MW",3,3,729.32168,"ACTUAL",3
"66","2019-07-15",7,0,"2019-07-15T13:00:00-00:00","2019-07-15T14:00:00-00:00","SP15","Solar","Renewable Forecast Actual Generation","RENEW_FCST_ACT_MW",3,3,942.4082,"ACTUAL",3
"67","2019-07-15",19,0,"2019-07-16T01:00:00-00:00","2019-07-16T02:00:00-00:00","SP15","Solar","Renewable Forecast Actual Generation","RENEW_FCST_ACT_MW",3,3,3223.88455,"ACTUAL",3
"68","2019-07-15",14,0,"2019-07-15T20:00:00-00:00","2019-07-15T21:00:00-00:00","SP15","Solar","Renewable Forecast Actual Generation","RENEW_FCST_ACT_MW",3,3,7347.72287,"ACTUAL",3
"69","2019-07-15",17,0,"2019-07-15T23:00:00-00:00","2019-07-16T00:00:00-00:00","SP15","Solar","Renewable Forecast Actual Generation","RENEW_FCST_ACT_MW",3,3,6327.44305,"ACTUAL",3
"70","2019-07-15",18,0,"2019-07-16T00:00:00-00:00","2019-07-16T01:00:00-00:00","SP15","Wind","Renewable Forecast Actual Generation","RENEW_FCST_ACT_MW",3,1,3119.14714,"ACTUAL",4
"71","2019-07-15",19,0,"2019-07-16T01:00:00-00:00","2019-07-16T02:00:00-00:00","SP15","Wind","Renewable Forecast Actual Generation","RENEW_FCST_ACT_MW",3,1,3109.11879,"ACTUAL",4
"72","2019-07-15",20,0,"2019-07-16T02:00:00-00:00","2019-07-16T03:00:00-00:00","SP15","Wind","Renewable Forecast Actual Generation","RENEW_FCST_ACT_MW",3,1,3088.42604,"ACTUAL",4
"73","2019-07-15",21,0,"2019-07-16T03:00:00-00:00","2019-07-16T04:00:00-00:00","SP15","Wind","Renewable Forecast Actual Generation","RENEW_FCST_ACT_MW",3,1,3116.54781,"ACTUAL",4
"74","2019-07-15",22,0,"2019-07-16T04:00:00-00:00","2019-07-16T05:00:00-00:00","SP15","Wind","Renewable Forecast Actual Generation","RENEW_FCST_ACT_MW",3,1,3158.89228,"ACTUAL",4
"75","2019-07-15",23,0,"2019-07-16T05:00:00-00:00","2019-07-16T06:00:00-00:00","SP15","Wind","Renewable Forecast Actual Generation","RENEW_FCST_ACT_MW",3,1,3164.05283,"ACTUAL",4
"76","2019-07-15",24,0,"2019-07-16T06:00:00-00:00","2019-07-16T07:00:00-00:00","SP15","Wind","Renewable Forecast Actual Generation","RENEW_FCST_ACT_MW",3,1,2995.37539,"ACTUAL",4
"77","2019-07-15",2,0,"2019-07-15T08:00:00-00:00","2019-07-15T09:00:00-00:00","SP15","Wind","Renewable Forecast Actual Generation","RENEW_FCST_ACT_MW",3,1,2042.7836,"ACTUAL",4
"78","2019-07-15",3,0,"2019-07-15T09:00:00-00:00","2019-07-15T10:00:00-00:00","SP15","Wind","Renewable Forecast Actual Generation","RENEW_FCST_ACT_MW",3,1,2057.22373,"ACTUAL",4
"79","2019-07-15",4,0,"2019-07-15T10:00:00-00:00","2019-07-15T11:00:00-00:00","SP15","Wind","Renewable Forecast Actual Generation","RENEW_FCST_ACT_MW",3,1,1886.32014,"ACTUAL",4
"80","2019-07-15",5,0,"2019-07-15T11:00:00-00:00","2019-07-15T12:00:00-00:00","SP15","Wind","Renewable Forecast Actual Generation","RENEW_FCST_ACT_MW",3,1,1854.4732,"ACTUAL",4
"81","2019-07-15",6,0,"2019-07-15T12:00:00-00:00","2019-07-15T13:00:00-00:00","SP15","Wind","Renewable Forecast Actual Generation","RENEW_FCST_ACT_MW",3,1,1849.75084,"ACTUAL",4
"82","2019-07-15",7,0,"2019-07-15T13:00:00-00:00","2019-07-15T14:00:00-00:00","SP15","Wind","Renewable Forecast Actual Generation","RENEW_FCST_ACT_MW",3,1,1785.92543,"ACTUAL",4
"83","2019-07-15",8,0,"2019-07-15T14:00:00-00:00","2019-07-15T15:00:00-00:00","SP15","Wind","Renewable Forecast Actual Generation","RENEW_FCST_ACT_MW",3,1,1697.70737,"ACTUAL",4
"84","2019-07-15",9,0,"2019-07-15T15:00:00-00:00","2019-07-15T16:00:00-00:00","SP15","Wind","Renewable Forecast Actual Generation","RENEW_FCST_ACT_MW",3,1,1784.98215,"ACTUAL",4
"85","2019-07-15",10,0,"2019-07-15T16:00:00-00:00","2019-07-15T17:00:00-00:00","SP15","Wind","Renewable Forecast Actual Generation","RENEW_FCST_ACT_MW",3,1,1677.15234,"ACTUAL",4
"86","2019-07-15",11,0,"2019-07-15T17:00:00-00:00","2019-07-15T18:00:00-00:00","SP15","Wind","Renewable Forecast Actual Generation","RENEW_FCST_ACT_MW",3,1,1832.93735,"ACTUAL",4
"87","2019-07-15",12,0,"2019-07-15T18:00:00-00:00","2019-07-15T19:00:00-00:00","SP15","Wind","Renewable Forecast Actual Generation","RENEW_FCST_ACT_MW",3,1,2093.4089,"ACTUAL",4
"88","2019-07-15",13,0,"2019-07-15T19:00:00-00:00","2019-07-15T20:00:00-00:00","SP15","Wind","Renewable Forecast Actual Generation","RENEW_FCST_ACT_MW",3,1,2233.70548,"ACTUAL",4
"89","2019-07-15",14,0,"2019-07-15T20:00:00-00:00","2019-07-15T21:00:00-00:00","SP15","Wind","Renewable Forecast Actual Generation","RENEW_FCST_ACT_MW",3,1,2578.06385,"ACTUAL",4
"90","2019-07-15",15,0,"2019-07-15T21:00:00-00:00","2019-07-15T22:00:00-00:00","SP15","Wind","Renewable Forecast Actual Generation","RENEW_FCST_ACT_MW",3,1,2753.46322,"ACTUAL",4
"91","2019-07-15",16,0,"2019-07-15T22:00:00-00:00","2019-07-15T23:00:00-00:00","SP15","Wind","Renewable Forecast Actual Generation","RENEW_FCST_ACT_MW",3,1,2848.93914,"ACTUAL",4
"92","2019-07-15",17,0,"2019-07-15T23:00:00-00:00","2019-07-16T00:00:00-00:00","SP15","Wind","Renewable Forecast Actual Generation","RENEW_FCST_ACT_MW",3,1,2984.45799,"ACTUAL",4
"93","2019-07-15",18,0,"2019-07-16T00:00:00-00:00","2019-07-16T01:00:00-00:00","ZP26","Solar","Renewable Forecast Actual Generation","RENEW_FCST_ACT_MW",3,3,1278.31913,"ACTUAL",5
"94","2019-07-15",17,0,"2019-07-15T23:00:00-00:00","2019-07-16T00:00:00-00:00","ZP26","Solar","Renewable Forecast Actual Generation","RENEW_FCST_ACT_MW",3,3,1502.86081,"ACTUAL",5
"95","2019-07-15",20,0,"2019-07-16T02:00:00-00:00","2019-07-16T03:00:00-00:00","ZP26","Solar","Renewable Forecast Actual Generation","RENEW_FCST_ACT_MW",3,3,212.5752,"ACTUAL",5
"96","2019-07-15",21,0,"2019-07-16T03:00:00-00:00","2019-07-16T04:00:00-00:00","ZP26","Solar","Renewable Forecast Actual Generation","RENEW_FCST_ACT_MW",3,3,6.55401,"ACTUAL",5
"97","2019-07-15",22,0,"2019-07-16T04:00:00-00:00","2019-07-16T05:00:00-00:00","ZP26","Solar","Renewable Forecast Actual Generation","RENEW_FCST_ACT_MW",3,3,5.62811,"ACTUAL",5
"98","2019-07-15",23,0,"2019-07-16T05:00:00-00:00","2019-07-16T06:00:00-00:00","ZP26","Solar","Renewable Forecast Actual Generation","RENEW_FCST_ACT_MW",3,3,5.58997,"ACTUAL",5
"99","2019-07-15",24,0,"2019-07-16T06:00:00-00:00","2019-07-16T07:00:00-00:00","ZP26","Solar","Renewable Forecast Actual Generation","RENEW_FCST_ACT_MW",3,3,5.66064,"ACTUAL",5
"100","2019-07-15",2,0,"2019-07-15T08:00:00-00:00","2019-07-15T09:00:00-00:00","ZP26","Solar","Renewable Forecast Actual Generation","RENEW_FCST_ACT_MW",3,3,-5.67679,"ACTUAL",5
"101","2019-07-15",3,0,"2019-07-15T09:00:00-00:00","2019-07-15T10:00:00-00:00","ZP26","Solar","Renewable Forecast Actual Generation","RENEW_FCST_ACT_MW",3,3,-5.71839,"ACTUAL",5
"102","2019-07-15",4,0,"2019-07-15T10:00:00-00:00","2019-07-15T11:00:00-00:00","ZP26","Solar","Renewable Forecast Actual Generation","RENEW_FCST_ACT_MW",3,3,-5.71042,"ACTUAL",5
"103","2019-07-15",5,0,"2019-07-15T11:00:00-00:00","2019-07-15T12:00:00-00:00","ZP26","Solar","Renewable Forecast Actual Generation","RENEW_FCST_ACT_MW",3,3,-5.58407,"ACTUAL",5
"104","2019-07-15",6,0,"2019-07-15T12:00:00-00:00","2019-07-15T13:00:00-00:00","ZP26","Solar","Renewable Forecast Actual Generation","RENEW_FCST_ACT_MW",3,3,-5.6618,"ACTUAL",5
"105","2019-07-15",7,0,"2019-07-15T13:00:00-00:00","2019-07-15T14:00:00-00:00","ZP26","Solar","Renewable Forecast Actual Generation","RENEW_FCST_ACT_MW",3,3,137.99179,"ACTUAL",5
"106","2019-07-15",8,0,"2019-07-15T14:00:00-00:00","2019-07-15T15:00:00-00:00","ZP26","Solar","Renewable Forecast Actual Generation","RENEW_FCST_ACT_MW",3,3,735.15481,"ACTUAL",5
"107","2019-07-15",9,0,"2019-07-15T15:00:00-00:00","2019-07-15T16:00:00-00:00","ZP26","Solar","Renewable Forecast Actual Generation","RENEW_FCST_ACT_MW",3,3,1261.64777,"ACTUAL",5
"108","2019-07-15",10,0,"2019-07-15T16:00:00-00:00","2019-07-15T17:00:00-00:00","ZP26","Solar","Renewable Forecast Actual Generation","RENEW_FCST_ACT_MW",3,3,1506.97319,"ACTUAL",5
"109","2019-07-15",11,0,"2019-07-15T17:00:00-00:00","2019-07-15T18:00:00-00:00","ZP26","Solar","Renewable Forecast Actual Generation","RENEW_FCST_ACT_MW",3,3,1627.6578,"ACTUAL",5
"110","2019-07-15",12,0,"2019-07-15T18:00:00-00:00","2019-07-15T19:00:00-00:00","ZP26","Solar","Renewable Forecast Actual Generation","RENEW_FCST_ACT_MW",3,3,1715.2824,"ACTUAL",5
"111","2019-07-15",13,0,"2019-07-15T19:00:00-00:00","2019-07-15T20:00:00-00:00","ZP26","Solar","Renewable Forecast Actual Generation","RENEW_FCST_ACT_MW",3,3,1735.89802,"ACTUAL",5
"112","2019-07-15",14,0,"2019-07-15T20:00:00-00:00","2019-07-15T21:00:00-00:00","ZP26","Solar","Renewable Forecast Actual Generation","RENEW_FCST_ACT_MW",3,3,1733.63284,"ACTUAL",5
"113","2019-07-15",15,0,"2019-07-15T21:00:00-00:00","2019-07-15T22:00:00-00:00","ZP26","Solar","Renewable Forecast Actual Generation","RENEW_FCST_ACT_MW",3,3,1715.73431,"ACTUAL",5
"114","2019-07-15",16,0,"2019-07-15T22:00:00-00:00","2019-07-15T23:00:00-00:00","ZP26","Solar","Renewable Forecast Actual Generation","RENEW_FCST_ACT_MW",3,3,1647.97604,"ACTUAL",5
"115","2019-07-15",19,0,"2019-07-16T01:00:00-00:00","2019-07-16T02:00:00-00:00","ZP26","Solar","Renewable Forecast Actual Generation","RENEW_FCST_ACT_MW",3,3,826.53912,"ACTUAL",5
"116","2019-07-16",1,0,"2019-07-16T07:00:00-00:00","2019-07-16T08:00:00-00:00","NP15","Solar","Renewable Forecast Actual Generation","RENEW_FCST_ACT_MW",3,3,-3.53598,"ACTUAL",6
"117","2019-07-16",1,0,"2019-07-16T07:00:00-00:00","2019-07-16T08:00:00-00:00","NP15","Wind","Renewable Forecast Actual Generation","RENEW_FCST_ACT_MW",3,1,1230.79122,"ACTUAL",7
"118","2019-07-16",1,0,"2019-07-16T07:00:00-00:00","2019-07-16T08:00:00-00:00","SP15","Solar","Renewable Forecast Actual Generation","RENEW_FCST_ACT_MW",3,3,11.70025,"ACTUAL",8
"119","2019-07-16",1,0,"2019-07-16T07:00:00-00:00","2019-07-16T08:00:00-00:00","SP15","Wind","Renewable Forecast Actual Generation","RENEW_FCST_ACT_MW",3,1,2963.54741,"ACTUAL",9
"120","2019-07-16",1,0,"2019-07-16T07:00:00-00:00","2019-07-16T08:00:00-00:00","ZP26","Solar","Renewable Forecast Actual Generation","RENEW_FCST_ACT_MW",3,3,5.67651,"ACTUAL",10
