"","OPR_DT","OPR_HR","OPR_INTERVAL","INTERVALSTARTTIME_GMT","INTERVALENDTIME_GMT","TRADING_HUB","RENEWABLE_TYPE","LABEL","XML_DATA_ITEM","MARKET_RUN_ID_POS","RENEW_POS","MW","MARKET_RUN_ID","GROUP"
"1","2019-05-20",2,0,"2019-05-20T08:00:00-00:00","2019-05-20T09:00:00-00:00","NP15","Solar","Renewable Forecast Actual Generation","RENEW_FCST_ACT_MW",3,3,-2.7775,"ACTUAL",1
"2","2019-05-20",3,0,"2019-05-20T09:00:00-00:00","2019-05-20T10:00:00-00:00","NP15","Solar","Renewable Forecast Actual Generation","RENEW_FCST_ACT_MW",3,3,-2.78471,"ACTUAL",1
"3","2019-05-20",4,0,"2019-05-20T10:00:00-00:00","2019-05-20T11:00:00-00:00","NP15","Solar","Renewable Forecast Actual Generation","RENEW_FCST_ACT_MW",3,3,-2.7991,"ACTUAL",1
"4","2019-05-20",5,0,"2019-05-20T11:00:00-00:00","2019-05-20T12:00:00-00:00","NP15","Solar","Renewable Forecast Actual Generation","RENEW_FCST_ACT_MW",3,3,-2.79258,"ACTUAL",1
"5","2019-05-20",6,0,"2019-05-20T12:00:00-00:00","2019-05-20T13:00:00-00:00","NP15","Solar","Renewable Forecast Actual Generation","RENEW_FCST_ACT_MW",3,3,-2.26756,"ACTUAL",1
"6","2019-05-20",7,0,"2019-05-20T13:00:00-00:00","2019-05-20T14:00:00-00:00","NP15","Solar","Renewable Forecast Actual Generation","RENEW_FCST_ACT_MW",3,3,223.64028,"ACTUAL",1
"7","2019-05-20",8,0,"2019-05-20T14:00:00-00:00","2019-05-20T15:00:00-00:00","NP15","Solar","Renewable Forecast Actual Generation","RENEW_FCST_ACT_MW",3,3,907.19646,"ACTUAL",1
"8","2019-05-20",9,0,"2019-05-20T15:00:00-00:00","2019-05-20T16:00:00-00:00","NP15","Solar","Renewable Forecast Actual Generation","RENEW_FCST_ACT_MW",3,3,1097.24628,"ACTUAL",1
"9","2019-05-20",10,0,"2019-05-20T16:00:00-00:00","2019-05-20T17:00:00-00:00","NP15","Solar","Renewable Forecast Actual Generation","RENEW_FCST_ACT_MW",3,3,935.63681,"ACTUAL",1
"10","2019-05-20",11,0,"2019-05-20T17:00:00-00:00","2019-05-20T18:00:00-00:00","NP15","Solar","Renewable Forecast Actual Generation","RENEW_FCST_ACT_MW",3,3,848.84252,"ACTUAL",1
"11","2019-05-20",12,0,"2019-05-20T18:00:00-00:00","2019-05-20T19:00:00-00:00","NP15","Solar","Renewable Forecast Actual Generation","RENEW_FCST_ACT_MW",3,3,930.30224,"ACTUAL",1
"12","2019-05-20",13,0,"2019-05-20T19:00:00-00:00","2019-05-20T20:00:00-00:00","NP15","Solar","Renewable Forecast Actual Generation","RENEW_FCST_ACT_MW",3,3,981.36277,"ACTUAL",1
"13","2019-05-20",14,0,"2019-05-20T20:00:00-00:00","2019-05-20T21:00:00-00:00","NP15","Solar","Renewable Forecast Actual Generation","RENEW_FCST_ACT_MW",3,3,904.66305,"ACTUAL",1
"14","2019-05-20",15,0,"2019-05-20T21:00:00-00:00","2019-05-20T22:00:00-00:00","NP15","Solar","Renewable Forecast Actual Generation","RENEW_FCST_ACT_MW",3,3,878.49877,"ACTUAL",1
"15","2019-05-20",16,0,"2019-05-20T22:00:00-00:00","2019-05-20T23:00:00-00:00","NP15","Solar","Renewable Forecast Actual Generation","RENEW_FCST_ACT_MW",3,3,940.14462,"ACTUAL",1
"16","2019-05-20",17,0,"2019-05-20T23:00:00-00:00","2019-05-21T00:00:00-00:00","NP15","Solar","Renewable Forecast Actual Generation","RENEW_FCST_ACT_MW",3,3,918.78552,"ACTUAL",1
"17","2019-05-20",18,0,"2019-05-21T00:00:00-00:00","2019-05-21T01:00:00-00:00","NP15","Solar","Renewable Forecast Actual Generation","RENEW_FCST_ACT_MW",3,3,946.65608,"ACTUAL",1
"18","2019-05-20",19,0,"2019-05-21T01:00:00-00:00","2019-05-21T02:00:00-00:00","NP15","Solar","Renewable Forecast Actual Generation","RENEW_FCST_ACT_MW",3,3,701.07182,"ACTUAL",1
"19","2019-05-20",20,0,"2019-05-21T02:00:00-00:00","2019-05-21T03:00:00-00:00","NP15","Solar","Renewable Forecast Actual Generation","RENEW_FCST_ACT_MW",3,3,169.05763,"ACTUAL",1
"20","2019-05-20",21,0,"2019-05-21T03:00:00-00:00","2019-05-21T04:00:00-00:00","NP15","Solar","Renewable Forecast Actual Generation","RENEW_FCST_ACT_MW",3,3,3.92148,"ACTUAL",1
"21","2019-05-20",22,0,"2019-05-21T04:00:00-00:00","2019-05-21T05:00:00-00:00","NP15","Solar","Renewable Forecast Actual Generation","RENEW_FCST_ACT_MW",3,3,-2.25245,"ACTUAL",1
"22","2019-05-20",23,0,"2019-05-21T05:00:00-00:00","2019-05-21T06:00:00-00:00","NP15","Solar","Renewable Forecast Actual Generation","RENEW_FCST_ACT_MW",3,3,-2.27819,"ACTUAL",1
"23","2019-05-20",24,0,"2019-05-21T06:00:00-00:00","2019-05-21T07:00:00-00:00","NP15","Solar","Renewable Forecast Actual Generation","RENEW_FCST_ACT_MW",3,3,-2.31935,"ACTUAL",1
"24","2019-05-20",18,0,"2019-05-21T00:00:00-00:00","2019-05-21T01:00:00-00:00","NP15","Wind","Renewable Forecast Actual Generation","RENEW_FCST_ACT_MW",3,1,845.74546,"ACTUAL",2
"25","2019-05-20",6,0,"2019-05-20T12:00:00-00:00","2019-05-20T13:00:00-00:00","NP15","Wind","Renewable Forecast Actual Generation","RENEW_FCST_ACT_MW",3,1,21.36208,"ACTUAL",2
"26","2019-05-20",17,0,"2019-05-20T23:00:00-00:00","2019-05-21T00:00:00-00:00","NP15","Wind","Renewable Forecast Actual Generation","RENEW_FCST_ACT_MW",3,1,684.13124,"ACTUAL",2
"27","2019-05-20",16,0,"2019-05-20T22:00:00-00:00","2019-05-20T23:00:00-00:00","NP15","Wind","Renewable Forecast Actual Generation","RENEW_FCST_ACT_MW",3,1,569.88113,"ACTUAL",2
"28","2019-05-20",15,0,"2019-05-20T21:00:00-00:00","2019-05-20T22:00:00-00:00","NP15","Wind","Renewable Forecast Actual Generation","RENEW_FCST_ACT_MW",3,1,509.58866,"ACTUAL",2
"29","2019-05-20",14,0,"2019-05-20T20:00:00-00:00","2019-05-20T21:00:00-00:00","NP15","Wind","Renewable Forecast Actual Generation","RENEW_FCST_ACT_MW",3,1,421.94977,"ACTUAL",2
"30","2019-05-20",13,0,"2019-05-20T19:00:00-00:00","2019-05-20T20:00:00-00:00","NP15","Wind","Renewable Forecast Actual Generation","RENEW_FCST_ACT_MW",3,1,229.58734,"ACTUAL",2
"31","2019-05-20",12,0,"2019-05-20T18:00:00-00:00","2019-05-20T19:00:00-00:00","NP15","Wind","Renewable Forecast Actual Generation","RENEW_FCST_ACT_MW",3,1,177.81261,"ACTUAL",2
"32","2019-05-20",11,0,"2019-05-20T17:00:00-00:00","2019-05-20T18:00:00-00:00","NP15","Wind","Renewable Forecast Actual Generation","RENEW_FCST_ACT_MW",3,1,119.1242,"ACTUAL",2
"33","2019-05-20",10,0,"2019-05-20T16:00:00-00:00","2019-05-20T17:00:00-00:00","NP15","Wind","Renewable Forecast Actual Generation","RENEW_FCST_ACT_MW",3,1,63.2747,"ACTUAL",2
"34","2019-05-20",9,0,"2019-05-20T15:00:00-00:00","2019-05-20T16:00:00-00:00","NP15","Wind","Renewable Forecast Actual Generation","RENEW_FCST_ACT_MW",3,1,50.33506,"ACTUAL",2
"35","2019-05-20",8,0,"2019-05-20T14:00:00-00:00","2019-05-20T15:00:00-00:00","NP15","Wind","Renewable Forecast Actual Generation","RENEW_FCST_ACT_MW",3,1,26.70569,"ACTUAL",2
"36","2019-05-20",7,0,"2019-05-20T13:00:00-00:00","2019-05-20T14:00:00-00:00","NP15","Wind","Renewable Forecast Actual Generation","RENEW_FCST_ACT_MW",3,1,18.32431,"ACTUAL",2
"37","2019-05-20",5,0,"2019-05-20T11:00:00-00:00","2019-05-20T12:00:00-00:00","NP15","Wind","Renewable Forecast Actual Generation","RENEW_FCST_ACT_MW",3,1,32.70711,"ACTUAL",2
"38","2019-05-20",4,0,"2019-05-20T10:00:00-00:00","2019-05-20T11:00:00-00:00","NP15","Wind","Renewable Forecast Actual Generation","RENEW_FCST_ACT_MW",3,1,38.25571,"ACTUAL",2
"39","2019-05-20",3,0,"2019-05-20T09:00:00-00:00","2019-05-20T10:00:00-00:00","NP15","Wind","Renewable Forecast Actual Generation","RENEW_FCST_ACT_MW",3,1,42.76809,"ACTUAL",2
"40","2019-05-20",2,0,"2019-05-20T08:00:00-00:00","2019-05-20T09:00:00-00:00","NP15","Wind","Renewable Forecast Actual Generation","RENEW_FCST_ACT_MW",3,1,47.97394,"ACTUAL",2
"41","2019-05-20",24,0,"2019-05-21T06:00:00-00:00","2019-05-21T07:00:00-00:00","NP15","Wind","Renewable Forecast Actual Generation","RENEW_FCST_ACT_MW",3,1,629.83473,"ACTUAL",2
"42","2019-05-20",23,0,"2019-05-21T05:00:00-00:00","2019-05-21T06:00:00-00:00","NP15","Wind","Renewable Forecast Actual Generation","RENEW_FCST_ACT_MW",3,1,779.366,"ACTUAL",2
"43","2019-05-20",22,0,"2019-05-21T04:00:00-00:00","2019-05-21T05:00:00-00:00","NP15","Wind","Renewable Forecast Actual Generation","RENEW_FCST_ACT_MW",3,1,777.24151,"ACTUAL",2
"44","2019-05-20",21,0,"2019-05-21T03:00:00-00:00","2019-05-21T04:00:00-00:00","NP15","Wind","Renewable Forecast Actual Generation","RENEW_FCST_ACT_MW",3,1,665.88935,"ACTUAL",2
"45","2019-05-20",20,0,"2019-05-21T02:00:00-00:00","2019-05-21T03:00:00-00:00","NP15","Wind","Renewable Forecast Actual Generation","RENEW_FCST_ACT_MW",3,1,838.85076,"ACTUAL",2
"46","2019-05-20",19,0,"2019-05-21T01:00:00-00:00","2019-05-21T02:00:00-00:00","NP15","Wind","Renewable Forecast Actual Generation","RENEW_FCST_ACT_MW",3,1,947.95016,"ACTUAL",2
"47","2019-05-20",6,0,"2019-05-20T12:00:00-00:00","2019-05-20T13:00:00-00:00","SP15","Solar","Renewable Forecast Actual Generation","RENEW_FCST_ACT_MW",3,3,-19.71888,"ACTUAL",3
"48","2019-05-20",18,0,"2019-05-21T00:00:00-00:00","2019-05-21T01:00:00-00:00","SP15","Solar","Renewable Forecast Actual Generation","RENEW_FCST_ACT_MW",3,3,4204.04383,"ACTUAL",3
"49","2019-05-20",5,0,"2019-05-20T11:00:00-00:00","2019-05-20T12:00:00-00:00","SP15","Solar","Renewable Forecast Actual Generation","RENEW_FCST_ACT_MW",3,3,-27.92742,"ACTUAL",3
"50","2019-05-20",11,0,"2019-05-20T17:00:00-00:00","2019-05-20T18:00:00-00:00","SP15","Solar","Renewable Forecast Actual Generation","RENEW_FCST_ACT_MW",3,3,5876.8994,"ACTUAL",3
"51","2019-05-20",4,0,"2019-05-20T10:00:00-00:00","2019-05-20T11:00:00-00:00","SP15","Solar","Renewable Forecast Actual Generation","RENEW_FCST_ACT_MW",3,3,-27.8282,"ACTUAL",3
"52","2019-05-20",15,0,"2019-05-20T21:00:00-00:00","2019-05-20T22:00:00-00:00","SP15","Solar","Renewable Forecast Actual Generation","RENEW_FCST_ACT_MW",3,3,4477.3651,"ACTUAL",3
"53","2019-05-20",3,0,"2019-05-20T09:00:00-00:00","2019-05-20T10:00:00-00:00","SP15","Solar","Renewable Forecast Actual Generation","RENEW_FCST_ACT_MW",3,3,-27.64904,"ACTUAL",3
"54","2019-05-20",10,0,"2019-05-20T16:00:00-00:00","2019-05-20T17:00:00-00:00","SP15","Solar","Renewable Forecast Actual Generation","RENEW_FCST_ACT_MW",3,3,5514.0688,"ACTUAL",3
"55","2019-05-20",2,0,"2019-05-20T08:00:00-00:00","2019-05-20T09:00:00-00:00","SP15","Solar","Renewable Forecast Actual Generation","RENEW_FCST_ACT_MW",3,3,-26.94397,"ACTUAL",3
"56","2019-05-20",13,0,"2019-05-20T19:00:00-00:00","2019-05-20T20:00:00-00:00","SP15","Solar","Renewable Forecast Actual Generation","RENEW_FCST_ACT_MW",3,3,5162.0273,"ACTUAL",3
"57","2019-05-20",24,0,"2019-05-21T06:00:00-00:00","2019-05-21T07:00:00-00:00","SP15","Solar","Renewable Forecast Actual Generation","RENEW_FCST_ACT_MW",3,3,-17.18901,"ACTUAL",3
"58","2019-05-20",9,0,"2019-05-20T15:00:00-00:00","2019-05-20T16:00:00-00:00","SP15","Solar","Renewable Forecast Actual Generation","RENEW_FCST_ACT_MW",3,3,4929.8191,"ACTUAL",3
"59","2019-05-20",23,0,"2019-05-21T05:00:00-00:00","2019-05-21T06:00:00-00:00","SP15","Solar","Renewable Forecast Actual Generation","RENEW_FCST_ACT_MW",3,3,-20.68596,"ACTUAL",3
"60","2019-05-20",16,0,"2019-05-20T22:00:00-00:00","2019-05-20T23:00:00-00:00","SP15","Solar","Renewable Forecast Actual Generation","RENEW_FCST_ACT_MW",3,3,4291.00053,"ACTUAL",3
"61","2019-05-20",22,0,"2019-05-21T04:00:00-00:00","2019-05-21T05:00:00-00:00","SP15","Solar","Renewable Forecast Actual Generation","RENEW_FCST_ACT_MW",3,3,-28.18714,"ACTUAL",3
"62","2019-05-20",8,0,"2019-05-20T14:00:00-00:00","2019-05-20T15:00:00-00:00","SP15","Solar","Renewable Forecast Actual Generation","RENEW_FCST_ACT_MW",3,3,3403.42933,"ACTUAL",3
"63","2019-05-20",21,0,"2019-05-21T03:00:00-00:00","2019-05-21T04:00:00-00:00","SP15","Solar","Renewable Forecast Actual Generation","RENEW_FCST_ACT_MW",3,3,-31.10228,"ACTUAL",3
"64","2019-05-20",12,0,"2019-05-20T18:00:00-00:00","2019-05-20T19:00:00-00:00","SP15","Solar","Renewable Forecast Actual Generation","RENEW_FCST_ACT_MW",3,3,5758.46028,"ACTUAL",3
"65","2019-05-20",20,0,"2019-05-21T02:00:00-00:00","2019-05-21T03:00:00-00:00","SP15","Solar","Renewable Forecast Actual Generation","RENEW_FCST_ACT_MW",3,3,336.10307,"ACTUAL",3
"66","2019-05-20",7,0,"2019-05-20T13:00:00-00:00","2019-05-20T14:00:00-00:00","SP15","Solar","Renewable Forecast Actual Generation","RENEW_FCST_ACT_MW",3,3,952.09873,"ACTUAL",3
"67","2019-05-20",19,0,"2019-05-21T01:00:00-00:00","2019-05-21T02:00:00-00:00","SP15","Solar","Renewable Forecast Actual Generation","RENEW_FCST_ACT_MW",3,3,2438.68109,"ACTUAL",3
"68","2019-05-20",14,0,"2019-05-20T20:00:00-00:00","2019-05-20T21:00:00-00:00","SP15","Solar","Renewable Forecast Actual Generation","RENEW_FCST_ACT_MW",3,3,4440.42552,"ACTUAL",3
"69","2019-05-20",17,0,"2019-05-20T23:00:00-00:00","2019-05-21T00:00:00-00:00","SP15","Solar","Renewable Forecast Actual Generation","RENEW_FCST_ACT_MW",3,3,4617.7037,"ACTUAL",3
"70","2019-05-20",18,0,"2019-05-21T00:00:00-00:00","2019-05-21T01:00:00-00:00","SP15","Wind","Renewable Forecast Actual Generation","RENEW_FCST_ACT_MW",3,1,2930.45762,"ACTUAL",4
"71","2019-05-20",19,0,"2019-05-21T01:00:00-00:00","2019-05-21T02:00:00-00:00","SP15","Wind","Renewable Forecast Actual Generation","RENEW_FCST_ACT_MW",3,1,2712.01496,"ACTUAL",4
"72","2019-05-20",20,0,"2019-05-21T02:00:00-00:00","2019-05-21T03:00:00-00:00","SP15","Wind","Renewable Forecast Actual Generation","RENEW_FCST_ACT_MW",3,1,2570.98566,"ACTUAL",4
"73","2019-05-20",21,0,"2019-05-21T03:00:00-00:00","2019-05-21T04:00:00-00:00","SP15","Wind","Renewable Forecast Actual Generation","RENEW_FCST_ACT_MW",3,1,2430.58507,"ACTUAL",4
"74","2019-05-20",22,0,"2019-05-21T04:00:00-00:00","2019-05-21T05:00:00-00:00","SP15","Wind","Renewable Forecast Actual Generation","RENEW_FCST_ACT_MW",3,1,2430.55024,"ACTUAL",4
"75","2019-05-20",23,0,"2019-05-21T05:00:00-00:00","2019-05-21T06:00:00-00:00","SP15","Wind","Renewable Forecast Actual Generation","RENEW_FCST_ACT_MW",3,1,2422.80581,"ACTUAL",4
"76","2019-05-20",24,0,"2019-05-21T06:00:00-00:00","2019-05-21T07:00:00-00:00","SP15","Wind","Renewable Forecast Actual Generation","RENEW_FCST_ACT_MW",3,1,2296.79487,"ACTUAL",4
"77","2019-05-20",2,0,"2019-05-20T08:00:00-00:00","2019-05-20T09:00:00-00:00","SP15","Wind","Renewable Forecast Actual Generation","RENEW_FCST_ACT_MW",3,1,1759.41649,"ACTUAL",4
"78","2019-05-20",3,0,"2019-05-20T09:00:00-00:00","2019-05-20T10:00:00-00:00","SP15","Wind","Renewable Forecast Actual Generation","RENEW_FCST_ACT_MW",3,1,2126.2076,"ACTUAL",4
"79","2019-05-20",4,0,"2019-05-20T10:00:00-00:00","2019-05-20T11:00:00-00:00","SP15","Wind","Renewable Forecast Actual Generation","RENEW_FCST_ACT_MW",3,1,2055.24166,"ACTUAL",4
"80","2019-05-20",5,0,"2019-05-20T11:00:00-00:00","2019-05-20T12:00:00-00:00","SP15","Wind","Renewable Forecast Actual Generation","RENEW_FCST_ACT_MW",3,1,2389.94857,"ACTUAL",4
"81","2019-05-20",6,0,"2019-05-20T12:00:00-00:00","2019-05-20T13:00:00-00:00","SP15","Wind","Renewable Forecast Actual Generation","RENEW_FCST_ACT_MW",3,1,2739.98435,"ACTUAL",4
"82","2019-05-20",7,0,"2019-05-20T13:00:00-00:00","2019-05-20T14:00:00-00:00","SP15","Wind","Renewable Forecast Actual Generation","RENEW_FCST_ACT_MW",3,1,2722.39212,"ACTUAL",4
"83","2019-05-20",8,0,"2019-05-20T14:00:00-00:00","2019-05-20T15:00:00-00:00","SP15","Wind","Renewable Forecast Actual Generation","RENEW_FCST_ACT_MW",3,1,2777.07594,"ACTUAL",4
"84","2019-05-20",9,0,"2019-05-20T15:00:00-00:00","2019-05-20T16:00:00-00:00","SP15","Wind","Renewable Forecast Actual Generation","RENEW_FCST_ACT_MW",3,1,2879.65365,"ACTUAL",4
"85","2019-05-20",10,0,"2019-05-20T16:00:00-00:00","2019-05-20T17:00:00-00:00","SP15","Wind","Renewable Forecast Actual Generation","RENEW_FCST_ACT_MW",3,1,3259.20583,"ACTUAL",4
"86","2019-05-20",11,0,"2019-05-20T17:00:00-00:00","2019-05-20T18:00:00-00:00","SP15","Wind","Renewable Forecast Actual Generation","RENEW_FCST_ACT_MW",3,1,3333.34045,"ACTUAL",4
"87","2019-05-20",12,0,"2019-05-20T18:00:00-00:00","2019-05-20T19:00:00-00:00","SP15","Wind","Renewable Forecast Actual Generation","RENEW_FCST_ACT_MW",3,1,3395.7597,"ACTUAL",4
"88","2019-05-20",13,0,"2019-05-20T19:00:00-00:00","2019-05-20T20:00:00-00:00","SP15","Wind","Renewable Forecast Actual Generation","RENEW_FCST_ACT_MW",3,1,3497.5115,"ACTUAL",4
"89","2019-05-20",14,0,"2019-05-20T20:00:00-00:00","2019-05-20T21:00:00-00:00","SP15","Wind","Renewable Forecast Actual Generation","RENEW_FCST_ACT_MW",3,1,3506.44477,"ACTUAL",4
"90","2019-05-20",15,0,"2019-05-20T21:00:00-00:00","2019-05-20T22:00:00-00:00","SP15","Wind","Renewable Forecast Actual Generation","RENEW_FCST_ACT_MW",3,1,3404.60038,"ACTUAL",4
"91","2019-05-20",16,0,"2019-05-20T22:00:00-00:00","2019-05-20T23:00:00-00:00","SP15","Wind","Renewable Forecast Actual Generation","RENEW_FCST_ACT_MW",3,1,3230.77151,"ACTUAL",4
"92","2019-05-20",17,0,"2019-05-20T23:00:00-00:00","2019-05-21T00:00:00-00:00","SP15","Wind","Renewable Forecast Actual Generation","RENEW_FCST_ACT_MW",3,1,2976.84398,"ACTUAL",4
"93","2019-05-20",18,0,"2019-05-21T00:00:00-00:00","2019-05-21T01:00:00-00:00","ZP26","Solar","Renewable Forecast Actual Generation","RENEW_FCST_ACT_MW",3,3,805.99594,"ACTUAL",5
"94","2019-05-20",17,0,"2019-05-20T23:00:00-00:00","2019-05-21T00:00:00-00:00","ZP26","Solar","Renewable Forecast Actual Generation","RENEW_FCST_ACT_MW",3,3,995.37962,"ACTUAL",5
"95","2019-05-20",20,0,"2019-05-21T02:00:00-00:00","2019-05-21T03:00:00-00:00","ZP26","Solar","Renewable Forecast Actual Generation","RENEW_FCST_ACT_MW",3,3,65.02884,"ACTUAL",5
"96","2019-05-20",21,0,"2019-05-21T03:00:00-00:00","2019-05-21T04:00:00-00:00","ZP26","Solar","Renewable Forecast Actual Generation","RENEW_FCST_ACT_MW",3,3,-5.39667,"ACTUAL",5
"97","2019-05-20",22,0,"2019-05-21T04:00:00-00:00","2019-05-21T05:00:00-00:00","ZP26","Solar","Renewable Forecast Actual Generation","RENEW_FCST_ACT_MW",3,3,-5.05822,"ACTUAL",5
"98","2019-05-20",23,0,"2019-05-21T05:00:00-00:00","2019-05-21T06:00:00-00:00","ZP26","Solar","Renewable Forecast Actual Generation","RENEW_FCST_ACT_MW",3,3,-5.04128,"ACTUAL",5
"99","2019-05-20",24,0,"2019-05-21T06:00:00-00:00","2019-05-21T07:00:00-00:00","ZP26","Solar","Renewable Forecast Actual Generation","RENEW_FCST_ACT_MW",3,3,-5.04772,"ACTUAL",5
"100","2019-05-20",2,0,"2019-05-20T08:00:00-00:00","2019-05-20T09:00:00-00:00","ZP26","Solar","Renewable Forecast Actual Generation","RENEW_FCST_ACT_MW",3,3,-4.91063,"ACTUAL",5
"101","2019-05-20",3,0,"2019-05-20T09:00:00-00:00","2019-05-20T10:00:00-00:00","ZP26","Solar","Renewable Forecast Actual Generation","RENEW_FCST_ACT_MW",3,3,-4.84062,"ACTUAL",5
"102","2019-05-20",4,0,"2019-05-20T10:00:00-00:00","2019-05-20T11:00:00-00:00","ZP26","Solar","Renewable Forecast Actual Generation","RENEW_FCST_ACT_MW",3,3,-4.8293,"ACTUAL",5
"103","2019-05-20",5,0,"2019-05-20T11:00:00-00:00","2019-05-20T12:00:00-00:00","ZP26","Solar","Renewable Forecast Actual Generation","RENEW_FCST_ACT_MW",3,3,-5.05339,"ACTUAL",5
"104","2019-05-20",6,0,"2019-05-20T12:00:00-00:00","2019-05-20T13:00:00-00:00","ZP26","Solar","Renewable Forecast Actual Generation","RENEW_FCST_ACT_MW",3,3,-5.05112,"ACTUAL",5
"105","2019-05-20",7,0,"2019-05-20T13:00:00-00:00","2019-05-20T14:00:00-00:00","ZP26","Solar","Renewable Forecast Actual Generation","RENEW_FCST_ACT_MW",3,3,108.38736,"ACTUAL",5
"106","2019-05-20",8,0,"2019-05-20T14:00:00-00:00","2019-05-20T15:00:00-00:00","ZP26","Solar","Renewable Forecast Actual Generation","RENEW_FCST_ACT_MW",3,3,557.04927,"ACTUAL",5
"107","2019-05-20",9,0,"2019-05-20T15:00:00-00:00","2019-05-20T16:00:00-00:00","ZP26","Solar","Renewable Forecast Actual Generation","RENEW_FCST_ACT_MW",3,3,884.42639,"ACTUAL",5
"108","2019-05-20",10,0,"2019-05-20T16:00:00-00:00","2019-05-20T17:00:00-00:00","ZP26","Solar","Renewable Forecast Actual Generation","RENEW_FCST_ACT_MW",3,3,1153.79173,"ACTUAL",5
"109","2019-05-20",11,0,"2019-05-20T17:00:00-00:00","2019-05-20T18:00:00-00:00","ZP26","Solar","Renewable Forecast Actual Generation","RENEW_FCST_ACT_MW",3,3,942.78318,"ACTUAL",5
"110","2019-05-20",12,0,"2019-05-20T18:00:00-00:00","2019-05-20T19:00:00-00:00","ZP26","Solar","Renewable Forecast Actual Generation","RENEW_FCST_ACT_MW",3,3,938.10377,"ACTUAL",5
"111","2019-05-20",13,0,"2019-05-20T19:00:00-00:00","2019-05-20T20:00:00-00:00","ZP26","Solar","Renewable Forecast Actual Generation","RENEW_FCST_ACT_MW",3,3,1022.72081,"ACTUAL",5
"112","2019-05-20",14,0,"2019-05-20T20:00:00-00:00","2019-05-20T21:00:00-00:00","ZP26","Solar","Renewable Forecast Actual Generation","RENEW_FCST_ACT_MW",3,3,1120.27698,"ACTUAL",5
"113","2019-05-20",15,0,"2019-05-20T21:00:00-00:00","2019-05-20T22:00:00-00:00","ZP26","Solar","Renewable Forecast Actual Generation","RENEW_FCST_ACT_MW",3,3,1126.07078,"ACTUAL",5
"114","2019-05-20",16,0,"2019-05-20T22:00:00-00:00","2019-05-20T23:00:00-00:00","ZP26","Solar","Renewable Forecast Actual Generation","RENEW_FCST_ACT_MW",3,3,1074.04636,"ACTUAL",5
"115","2019-05-20",19,0,"2019-05-21T01:00:00-00:00","2019-05-21T02:00:00-00:00","ZP26","Solar","Renewable Forecast Actual Generation","RENEW_FCST_ACT_MW",3,3,486.4364,"ACTUAL",5
"116","2019-05-21",1,0,"2019-05-21T07:00:00-00:00","2019-05-21T08:00:00-00:00","NP15","Solar","Renewable Forecast Actual Generation","RENEW_FCST_ACT_MW",3,3,-2.32745,"ACTUAL",6
"117","2019-05-21",1,0,"2019-05-21T07:00:00-00:00","2019-05-21T08:00:00-00:00","NP15","Wind","Renewable Forecast Actual Generation","RENEW_FCST_ACT_MW",3,1,765.04344,"ACTUAL",7
"118","2019-05-21",1,0,"2019-05-21T07:00:00-00:00","2019-05-21T08:00:00-00:00","SP15","Solar","Renewable Forecast Actual Generation","RENEW_FCST_ACT_MW",3,3,-23.58243,"ACTUAL",8
"119","2019-05-21",1,0,"2019-05-21T07:00:00-00:00","2019-05-21T08:00:00-00:00","SP15","Wind","Renewable Forecast Actual Generation","RENEW_FCST_ACT_MW",3,1,1996.18052,"ACTUAL",9
"120","2019-05-21",1,0,"2019-05-21T07:00:00-00:00","2019-05-21T08:00:00-00:00","ZP26","Solar","Renewable Forecast Actual Generation","RENEW_FCST_ACT_MW",3,3,-5.05595,"ACTUAL",10
