"","OPR_DT","OPR_HR","OPR_INTERVAL","INTERVALSTARTTIME_GMT","INTERVALENDTIME_GMT","TRADING_HUB","RENEWABLE_TYPE","LABEL","XML_DATA_ITEM","MARKET_RUN_ID_POS","RENEW_POS","MW","MARKET_RUN_ID","GROUP"
"1","2019-05-30",2,0,"2019-05-30T08:00:00-00:00","2019-05-30T09:00:00-00:00","NP15","Solar","Renewable Forecast Actual Generation","RENEW_FCST_ACT_MW",3,3,-3.40218,"ACTUAL",1
"2","2019-05-30",3,0,"2019-05-30T09:00:00-00:00","2019-05-30T10:00:00-00:00","NP15","Solar","Renewable Forecast Actual Generation","RENEW_FCST_ACT_MW",3,3,-3.39328,"ACTUAL",1
"3","2019-05-30",4,0,"2019-05-30T10:00:00-00:00","2019-05-30T11:00:00-00:00","NP15","Solar","Renewable Forecast Actual Generation","RENEW_FCST_ACT_MW",3,3,-3.40283,"ACTUAL",1
"4","2019-05-30",5,0,"2019-05-30T11:00:00-00:00","2019-05-30T12:00:00-00:00","NP15","Solar","Renewable Forecast Actual Generation","RENEW_FCST_ACT_MW",3,3,-3.39211,"ACTUAL",1
"5","2019-05-30",6,0,"2019-05-30T12:00:00-00:00","2019-05-30T13:00:00-00:00","NP15","Solar","Renewable Forecast Actual Generation","RENEW_FCST_ACT_MW",3,3,-1.72866,"ACTUAL",1
"6","2019-05-30",7,0,"2019-05-30T13:00:00-00:00","2019-05-30T14:00:00-00:00","NP15","Solar","Renewable Forecast Actual Generation","RENEW_FCST_ACT_MW",3,3,233.0154,"ACTUAL",1
"7","2019-05-30",8,0,"2019-05-30T14:00:00-00:00","2019-05-30T15:00:00-00:00","NP15","Solar","Renewable Forecast Actual Generation","RENEW_FCST_ACT_MW",3,3,916.72761,"ACTUAL",1
"8","2019-05-30",9,0,"2019-05-30T15:00:00-00:00","2019-05-30T16:00:00-00:00","NP15","Solar","Renewable Forecast Actual Generation","RENEW_FCST_ACT_MW",3,3,1261.02037,"ACTUAL",1
"9","2019-05-30",10,0,"2019-05-30T16:00:00-00:00","2019-05-30T17:00:00-00:00","NP15","Solar","Renewable Forecast Actual Generation","RENEW_FCST_ACT_MW",3,3,1360.90719,"ACTUAL",1
"10","2019-05-30",11,0,"2019-05-30T17:00:00-00:00","2019-05-30T18:00:00-00:00","NP15","Solar","Renewable Forecast Actual Generation","RENEW_FCST_ACT_MW",3,3,1371.1856,"ACTUAL",1
"11","2019-05-30",12,0,"2019-05-30T18:00:00-00:00","2019-05-30T19:00:00-00:00","NP15","Solar","Renewable Forecast Actual Generation","RENEW_FCST_ACT_MW",3,3,1406.95421,"ACTUAL",1
"12","2019-05-30",13,0,"2019-05-30T19:00:00-00:00","2019-05-30T20:00:00-00:00","NP15","Solar","Renewable Forecast Actual Generation","RENEW_FCST_ACT_MW",3,3,1402.76687,"ACTUAL",1
"13","2019-05-30",14,0,"2019-05-30T20:00:00-00:00","2019-05-30T21:00:00-00:00","NP15","Solar","Renewable Forecast Actual Generation","RENEW_FCST_ACT_MW",3,3,1356.90382,"ACTUAL",1
"14","2019-05-30",15,0,"2019-05-30T21:00:00-00:00","2019-05-30T22:00:00-00:00","NP15","Solar","Renewable Forecast Actual Generation","RENEW_FCST_ACT_MW",3,3,1263.09436,"ACTUAL",1
"15","2019-05-30",16,0,"2019-05-30T22:00:00-00:00","2019-05-30T23:00:00-00:00","NP15","Solar","Renewable Forecast Actual Generation","RENEW_FCST_ACT_MW",3,3,1204.65345,"ACTUAL",1
"16","2019-05-30",17,0,"2019-05-30T23:00:00-00:00","2019-05-31T00:00:00-00:00","NP15","Solar","Renewable Forecast Actual Generation","RENEW_FCST_ACT_MW",3,3,1075.07662,"ACTUAL",1
"17","2019-05-30",18,0,"2019-05-31T00:00:00-00:00","2019-05-31T01:00:00-00:00","NP15","Solar","Renewable Forecast Actual Generation","RENEW_FCST_ACT_MW",3,3,795.40394,"ACTUAL",1
"18","2019-05-30",19,0,"2019-05-31T01:00:00-00:00","2019-05-31T02:00:00-00:00","NP15","Solar","Renewable Forecast Actual Generation","RENEW_FCST_ACT_MW",3,3,522.17836,"ACTUAL",1
"19","2019-05-30",20,0,"2019-05-31T02:00:00-00:00","2019-05-31T03:00:00-00:00","NP15","Solar","Renewable Forecast Actual Generation","RENEW_FCST_ACT_MW",3,3,133.61084,"ACTUAL",1
"20","2019-05-30",21,0,"2019-05-31T03:00:00-00:00","2019-05-31T04:00:00-00:00","NP15","Solar","Renewable Forecast Actual Generation","RENEW_FCST_ACT_MW",3,3,-1.66363,"ACTUAL",1
"21","2019-05-30",22,0,"2019-05-31T04:00:00-00:00","2019-05-31T05:00:00-00:00","NP15","Solar","Renewable Forecast Actual Generation","RENEW_FCST_ACT_MW",3,3,-3.28167,"ACTUAL",1
"22","2019-05-30",23,0,"2019-05-31T05:00:00-00:00","2019-05-31T06:00:00-00:00","NP15","Solar","Renewable Forecast Actual Generation","RENEW_FCST_ACT_MW",3,3,-3.25625,"ACTUAL",1
"23","2019-05-30",24,0,"2019-05-31T06:00:00-00:00","2019-05-31T07:00:00-00:00","NP15","Solar","Renewable Forecast Actual Generation","RENEW_FCST_ACT_MW",3,3,-3.27454,"ACTUAL",1
"24","2019-05-30",18,0,"2019-05-31T00:00:00-00:00","2019-05-31T01:00:00-00:00","NP15","Wind","Renewable Forecast Actual Generation","RENEW_FCST_ACT_MW",3,1,828.53238,"ACTUAL",2
"25","2019-05-30",6,0,"2019-05-30T12:00:00-00:00","2019-05-30T13:00:00-00:00","NP15","Wind","Renewable Forecast Actual Generation","RENEW_FCST_ACT_MW",3,1,777.33647,"ACTUAL",2
"26","2019-05-30",17,0,"2019-05-30T23:00:00-00:00","2019-05-31T00:00:00-00:00","NP15","Wind","Renewable Forecast Actual Generation","RENEW_FCST_ACT_MW",3,1,791.33109,"ACTUAL",2
"27","2019-05-30",16,0,"2019-05-30T22:00:00-00:00","2019-05-30T23:00:00-00:00","NP15","Wind","Renewable Forecast Actual Generation","RENEW_FCST_ACT_MW",3,1,820.01902,"ACTUAL",2
"28","2019-05-30",15,0,"2019-05-30T21:00:00-00:00","2019-05-30T22:00:00-00:00","NP15","Wind","Renewable Forecast Actual Generation","RENEW_FCST_ACT_MW",3,1,634.89257,"ACTUAL",2
"29","2019-05-30",14,0,"2019-05-30T20:00:00-00:00","2019-05-30T21:00:00-00:00","NP15","Wind","Renewable Forecast Actual Generation","RENEW_FCST_ACT_MW",3,1,445.19989,"ACTUAL",2
"30","2019-05-30",13,0,"2019-05-30T19:00:00-00:00","2019-05-30T20:00:00-00:00","NP15","Wind","Renewable Forecast Actual Generation","RENEW_FCST_ACT_MW",3,1,413.55729,"ACTUAL",2
"31","2019-05-30",12,0,"2019-05-30T18:00:00-00:00","2019-05-30T19:00:00-00:00","NP15","Wind","Renewable Forecast Actual Generation","RENEW_FCST_ACT_MW",3,1,480.18959,"ACTUAL",2
"32","2019-05-30",11,0,"2019-05-30T17:00:00-00:00","2019-05-30T18:00:00-00:00","NP15","Wind","Renewable Forecast Actual Generation","RENEW_FCST_ACT_MW",3,1,544.69865,"ACTUAL",2
"33","2019-05-30",10,0,"2019-05-30T16:00:00-00:00","2019-05-30T17:00:00-00:00","NP15","Wind","Renewable Forecast Actual Generation","RENEW_FCST_ACT_MW",3,1,660.89432,"ACTUAL",2
"34","2019-05-30",9,0,"2019-05-30T15:00:00-00:00","2019-05-30T16:00:00-00:00","NP15","Wind","Renewable Forecast Actual Generation","RENEW_FCST_ACT_MW",3,1,706.57188,"ACTUAL",2
"35","2019-05-30",8,0,"2019-05-30T14:00:00-00:00","2019-05-30T15:00:00-00:00","NP15","Wind","Renewable Forecast Actual Generation","RENEW_FCST_ACT_MW",3,1,717.31986,"ACTUAL",2
"36","2019-05-30",7,0,"2019-05-30T13:00:00-00:00","2019-05-30T14:00:00-00:00","NP15","Wind","Renewable Forecast Actual Generation","RENEW_FCST_ACT_MW",3,1,761.65082,"ACTUAL",2
"37","2019-05-30",5,0,"2019-05-30T11:00:00-00:00","2019-05-30T12:00:00-00:00","NP15","Wind","Renewable Forecast Actual Generation","RENEW_FCST_ACT_MW",3,1,685.36226,"ACTUAL",2
"38","2019-05-30",4,0,"2019-05-30T10:00:00-00:00","2019-05-30T11:00:00-00:00","NP15","Wind","Renewable Forecast Actual Generation","RENEW_FCST_ACT_MW",3,1,707.94652,"ACTUAL",2
"39","2019-05-30",3,0,"2019-05-30T09:00:00-00:00","2019-05-30T10:00:00-00:00","NP15","Wind","Renewable Forecast Actual Generation","RENEW_FCST_ACT_MW",3,1,783.31798,"ACTUAL",2
"40","2019-05-30",2,0,"2019-05-30T08:00:00-00:00","2019-05-30T09:00:00-00:00","NP15","Wind","Renewable Forecast Actual Generation","RENEW_FCST_ACT_MW",3,1,837.93044,"ACTUAL",2
"41","2019-05-30",24,0,"2019-05-31T06:00:00-00:00","2019-05-31T07:00:00-00:00","NP15","Wind","Renewable Forecast Actual Generation","RENEW_FCST_ACT_MW",3,1,328.31508,"ACTUAL",2
"42","2019-05-30",23,0,"2019-05-31T05:00:00-00:00","2019-05-31T06:00:00-00:00","NP15","Wind","Renewable Forecast Actual Generation","RENEW_FCST_ACT_MW",3,1,314.76956,"ACTUAL",2
"43","2019-05-30",22,0,"2019-05-31T04:00:00-00:00","2019-05-31T05:00:00-00:00","NP15","Wind","Renewable Forecast Actual Generation","RENEW_FCST_ACT_MW",3,1,396.3794,"ACTUAL",2
"44","2019-05-30",21,0,"2019-05-31T03:00:00-00:00","2019-05-31T04:00:00-00:00","NP15","Wind","Renewable Forecast Actual Generation","RENEW_FCST_ACT_MW",3,1,722.90108,"ACTUAL",2
"45","2019-05-30",20,0,"2019-05-31T02:00:00-00:00","2019-05-31T03:00:00-00:00","NP15","Wind","Renewable Forecast Actual Generation","RENEW_FCST_ACT_MW",3,1,698.97858,"ACTUAL",2
"46","2019-05-30",19,0,"2019-05-31T01:00:00-00:00","2019-05-31T02:00:00-00:00","NP15","Wind","Renewable Forecast Actual Generation","RENEW_FCST_ACT_MW",3,1,773.74044,"ACTUAL",2
"47","2019-05-30",6,0,"2019-05-30T12:00:00-00:00","2019-05-30T13:00:00-00:00","SP15","Solar","Renewable Forecast Actual Generation","RENEW_FCST_ACT_MW",3,3,13.29078,"ACTUAL",3
"48","2019-05-30",18,0,"2019-05-31T00:00:00-00:00","2019-05-31T01:00:00-00:00","SP15","Solar","Renewable Forecast Actual Generation","RENEW_FCST_ACT_MW",3,3,4822.1688,"ACTUAL",3
"49","2019-05-30",5,0,"2019-05-30T11:00:00-00:00","2019-05-30T12:00:00-00:00","SP15","Solar","Renewable Forecast Actual Generation","RENEW_FCST_ACT_MW",3,3,-6.3709,"ACTUAL",3
"50","2019-05-30",11,0,"2019-05-30T17:00:00-00:00","2019-05-30T18:00:00-00:00","SP15","Solar","Renewable Forecast Actual Generation","RENEW_FCST_ACT_MW",3,3,6774.19698,"ACTUAL",3
"51","2019-05-30",4,0,"2019-05-30T10:00:00-00:00","2019-05-30T11:00:00-00:00","SP15","Solar","Renewable Forecast Actual Generation","RENEW_FCST_ACT_MW",3,3,-5.1875,"ACTUAL",3
"52","2019-05-30",15,0,"2019-05-30T21:00:00-00:00","2019-05-30T22:00:00-00:00","SP15","Solar","Renewable Forecast Actual Generation","RENEW_FCST_ACT_MW",3,3,6637.68669,"ACTUAL",3
"53","2019-05-30",3,0,"2019-05-30T09:00:00-00:00","2019-05-30T10:00:00-00:00","SP15","Solar","Renewable Forecast Actual Generation","RENEW_FCST_ACT_MW",3,3,-4.28558,"ACTUAL",3
"54","2019-05-30",10,0,"2019-05-30T16:00:00-00:00","2019-05-30T17:00:00-00:00","SP15","Solar","Renewable Forecast Actual Generation","RENEW_FCST_ACT_MW",3,3,6682.87541,"ACTUAL",3
"55","2019-05-30",2,0,"2019-05-30T08:00:00-00:00","2019-05-30T09:00:00-00:00","SP15","Solar","Renewable Forecast Actual Generation","RENEW_FCST_ACT_MW",3,3,-4.51575,"ACTUAL",3
"56","2019-05-30",13,0,"2019-05-30T19:00:00-00:00","2019-05-30T20:00:00-00:00","SP15","Solar","Renewable Forecast Actual Generation","RENEW_FCST_ACT_MW",3,3,6627.13424,"ACTUAL",3
"57","2019-05-30",24,0,"2019-05-31T06:00:00-00:00","2019-05-31T07:00:00-00:00","SP15","Solar","Renewable Forecast Actual Generation","RENEW_FCST_ACT_MW",3,3,-6.37384,"ACTUAL",3
"58","2019-05-30",9,0,"2019-05-30T15:00:00-00:00","2019-05-30T16:00:00-00:00","SP15","Solar","Renewable Forecast Actual Generation","RENEW_FCST_ACT_MW",3,3,5966.64767,"ACTUAL",3
"59","2019-05-30",23,0,"2019-05-31T05:00:00-00:00","2019-05-31T06:00:00-00:00","SP15","Solar","Renewable Forecast Actual Generation","RENEW_FCST_ACT_MW",3,3,-6.54247,"ACTUAL",3
"60","2019-05-30",16,0,"2019-05-30T22:00:00-00:00","2019-05-30T23:00:00-00:00","SP15","Solar","Renewable Forecast Actual Generation","RENEW_FCST_ACT_MW",3,3,6369.97948,"ACTUAL",3
"61","2019-05-30",22,0,"2019-05-31T04:00:00-00:00","2019-05-31T05:00:00-00:00","SP15","Solar","Renewable Forecast Actual Generation","RENEW_FCST_ACT_MW",3,3,-6.85359,"ACTUAL",3
"62","2019-05-30",8,0,"2019-05-30T14:00:00-00:00","2019-05-30T15:00:00-00:00","SP15","Solar","Renewable Forecast Actual Generation","RENEW_FCST_ACT_MW",3,3,4087.19264,"ACTUAL",3
"63","2019-05-30",21,0,"2019-05-31T03:00:00-00:00","2019-05-31T04:00:00-00:00","SP15","Solar","Renewable Forecast Actual Generation","RENEW_FCST_ACT_MW",3,3,-8.77027,"ACTUAL",3
"64","2019-05-30",12,0,"2019-05-30T18:00:00-00:00","2019-05-30T19:00:00-00:00","SP15","Solar","Renewable Forecast Actual Generation","RENEW_FCST_ACT_MW",3,3,6518.34256,"ACTUAL",3
"65","2019-05-30",20,0,"2019-05-31T02:00:00-00:00","2019-05-31T03:00:00-00:00","SP15","Solar","Renewable Forecast Actual Generation","RENEW_FCST_ACT_MW",3,3,466.72971,"ACTUAL",3
"66","2019-05-30",7,0,"2019-05-30T13:00:00-00:00","2019-05-30T14:00:00-00:00","SP15","Solar","Renewable Forecast Actual Generation","RENEW_FCST_ACT_MW",3,3,1191.23621,"ACTUAL",3
"67","2019-05-30",19,0,"2019-05-31T01:00:00-00:00","2019-05-31T02:00:00-00:00","SP15","Solar","Renewable Forecast Actual Generation","RENEW_FCST_ACT_MW",3,3,2519.87201,"ACTUAL",3
"68","2019-05-30",14,0,"2019-05-30T20:00:00-00:00","2019-05-30T21:00:00-00:00","SP15","Solar","Renewable Forecast Actual Generation","RENEW_FCST_ACT_MW",3,3,6576.50769,"ACTUAL",3
"69","2019-05-30",17,0,"2019-05-30T23:00:00-00:00","2019-05-31T00:00:00-00:00","SP15","Solar","Renewable Forecast Actual Generation","RENEW_FCST_ACT_MW",3,3,5813.58748,"ACTUAL",3
"70","2019-05-30",18,0,"2019-05-31T00:00:00-00:00","2019-05-31T01:00:00-00:00","SP15","Wind","Renewable Forecast Actual Generation","RENEW_FCST_ACT_MW",3,1,1409.14331,"ACTUAL",4
"71","2019-05-30",19,0,"2019-05-31T01:00:00-00:00","2019-05-31T02:00:00-00:00","SP15","Wind","Renewable Forecast Actual Generation","RENEW_FCST_ACT_MW",3,1,1308.54644,"ACTUAL",4
"72","2019-05-30",20,0,"2019-05-31T02:00:00-00:00","2019-05-31T03:00:00-00:00","SP15","Wind","Renewable Forecast Actual Generation","RENEW_FCST_ACT_MW",3,1,1113.92022,"ACTUAL",4
"73","2019-05-30",21,0,"2019-05-31T03:00:00-00:00","2019-05-31T04:00:00-00:00","SP15","Wind","Renewable Forecast Actual Generation","RENEW_FCST_ACT_MW",3,1,1031.77992,"ACTUAL",4
"74","2019-05-30",22,0,"2019-05-31T04:00:00-00:00","2019-05-31T05:00:00-00:00","SP15","Wind","Renewable Forecast Actual Generation","RENEW_FCST_ACT_MW",3,1,1020.99883,"ACTUAL",4
"75","2019-05-30",23,0,"2019-05-31T05:00:00-00:00","2019-05-31T06:00:00-00:00","SP15","Wind","Renewable Forecast Actual Generation","RENEW_FCST_ACT_MW",3,1,1161.46034,"ACTUAL",4
"76","2019-05-30",24,0,"2019-05-31T06:00:00-00:00","2019-05-31T07:00:00-00:00","SP15","Wind","Renewable Forecast Actual Generation","RENEW_FCST_ACT_MW",3,1,1632.63829,"ACTUAL",4
"77","2019-05-30",2,0,"2019-05-30T08:00:00-00:00","2019-05-30T09:00:00-00:00","SP15","Wind","Renewable Forecast Actual Generation","RENEW_FCST_ACT_MW",3,1,1415.43561,"ACTUAL",4
"78","2019-05-30",3,0,"2019-05-30T09:00:00-00:00","2019-05-30T10:00:00-00:00","SP15","Wind","Renewable Forecast Actual Generation","RENEW_FCST_ACT_MW",3,1,1218.50041,"ACTUAL",4
"79","2019-05-30",4,0,"2019-05-30T10:00:00-00:00","2019-05-30T11:00:00-00:00","SP15","Wind","Renewable Forecast Actual Generation","RENEW_FCST_ACT_MW",3,1,958.03936,"ACTUAL",4
"80","2019-05-30",5,0,"2019-05-30T11:00:00-00:00","2019-05-30T12:00:00-00:00","SP15","Wind","Renewable Forecast Actual Generation","RENEW_FCST_ACT_MW",3,1,803.43678,"ACTUAL",4
"81","2019-05-30",6,0,"2019-05-30T12:00:00-00:00","2019-05-30T13:00:00-00:00","SP15","Wind","Renewable Forecast Actual Generation","RENEW_FCST_ACT_MW",3,1,584.15075,"ACTUAL",4
"82","2019-05-30",7,0,"2019-05-30T13:00:00-00:00","2019-05-30T14:00:00-00:00","SP15","Wind","Renewable Forecast Actual Generation","RENEW_FCST_ACT_MW",3,1,513.14191,"ACTUAL",4
"83","2019-05-30",8,0,"2019-05-30T14:00:00-00:00","2019-05-30T15:00:00-00:00","SP15","Wind","Renewable Forecast Actual Generation","RENEW_FCST_ACT_MW",3,1,406.19175,"ACTUAL",4
"84","2019-05-30",9,0,"2019-05-30T15:00:00-00:00","2019-05-30T16:00:00-00:00","SP15","Wind","Renewable Forecast Actual Generation","RENEW_FCST_ACT_MW",3,1,369.56597,"ACTUAL",4
"85","2019-05-30",10,0,"2019-05-30T16:00:00-00:00","2019-05-30T17:00:00-00:00","SP15","Wind","Renewable Forecast Actual Generation","RENEW_FCST_ACT_MW",3,1,311.0602,"ACTUAL",4
"86","2019-05-30",11,0,"2019-05-30T17:00:00-00:00","2019-05-30T18:00:00-00:00","SP15","Wind","Renewable Forecast Actual Generation","RENEW_FCST_ACT_MW",3,1,235.29967,"ACTUAL",4
"87","2019-05-30",12,0,"2019-05-30T18:00:00-00:00","2019-05-30T19:00:00-00:00","SP15","Wind","Renewable Forecast Actual Generation","RENEW_FCST_ACT_MW",3,1,269.97947,"ACTUAL",4
"88","2019-05-30",13,0,"2019-05-30T19:00:00-00:00","2019-05-30T20:00:00-00:00","SP15","Wind","Renewable Forecast Actual Generation","RENEW_FCST_ACT_MW",3,1,384.46766,"ACTUAL",4
"89","2019-05-30",14,0,"2019-05-30T20:00:00-00:00","2019-05-30T21:00:00-00:00","SP15","Wind","Renewable Forecast Actual Generation","RENEW_FCST_ACT_MW",3,1,536.02744,"ACTUAL",4
"90","2019-05-30",15,0,"2019-05-30T21:00:00-00:00","2019-05-30T22:00:00-00:00","SP15","Wind","Renewable Forecast Actual Generation","RENEW_FCST_ACT_MW",3,1,681.61475,"ACTUAL",4
"91","2019-05-30",16,0,"2019-05-30T22:00:00-00:00","2019-05-30T23:00:00-00:00","SP15","Wind","Renewable Forecast Actual Generation","RENEW_FCST_ACT_MW",3,1,890.26461,"ACTUAL",4
"92","2019-05-30",17,0,"2019-05-30T23:00:00-00:00","2019-05-31T00:00:00-00:00","SP15","Wind","Renewable Forecast Actual Generation","RENEW_FCST_ACT_MW",3,1,1147.1405,"ACTUAL",4
"93","2019-05-30",18,0,"2019-05-31T00:00:00-00:00","2019-05-31T01:00:00-00:00","ZP26","Solar","Renewable Forecast Actual Generation","RENEW_FCST_ACT_MW",3,3,1084.23008,"ACTUAL",5
"94","2019-05-30",17,0,"2019-05-30T23:00:00-00:00","2019-05-31T00:00:00-00:00","ZP26","Solar","Renewable Forecast Actual Generation","RENEW_FCST_ACT_MW",3,3,1226.8919,"ACTUAL",5
"95","2019-05-30",20,0,"2019-05-31T02:00:00-00:00","2019-05-31T03:00:00-00:00","ZP26","Solar","Renewable Forecast Actual Generation","RENEW_FCST_ACT_MW",3,3,103.29595,"ACTUAL",5
"96","2019-05-30",21,0,"2019-05-31T03:00:00-00:00","2019-05-31T04:00:00-00:00","ZP26","Solar","Renewable Forecast Actual Generation","RENEW_FCST_ACT_MW",3,3,-5.27822,"ACTUAL",5
"97","2019-05-30",22,0,"2019-05-31T04:00:00-00:00","2019-05-31T05:00:00-00:00","ZP26","Solar","Renewable Forecast Actual Generation","RENEW_FCST_ACT_MW",3,3,-5.1176,"ACTUAL",5
"98","2019-05-30",23,0,"2019-05-31T05:00:00-00:00","2019-05-31T06:00:00-00:00","ZP26","Solar","Renewable Forecast Actual Generation","RENEW_FCST_ACT_MW",3,3,-5.08539,"ACTUAL",5
"99","2019-05-30",24,0,"2019-05-31T06:00:00-00:00","2019-05-31T07:00:00-00:00","ZP26","Solar","Renewable Forecast Actual Generation","RENEW_FCST_ACT_MW",3,3,-5.09263,"ACTUAL",5
"100","2019-05-30",2,0,"2019-05-30T08:00:00-00:00","2019-05-30T09:00:00-00:00","ZP26","Solar","Renewable Forecast Actual Generation","RENEW_FCST_ACT_MW",3,3,-5.08623,"ACTUAL",5
"101","2019-05-30",3,0,"2019-05-30T09:00:00-00:00","2019-05-30T10:00:00-00:00","ZP26","Solar","Renewable Forecast Actual Generation","RENEW_FCST_ACT_MW",3,3,-5.00072,"ACTUAL",5
"102","2019-05-30",4,0,"2019-05-30T10:00:00-00:00","2019-05-30T11:00:00-00:00","ZP26","Solar","Renewable Forecast Actual Generation","RENEW_FCST_ACT_MW",3,3,-4.99884,"ACTUAL",5
"103","2019-05-30",5,0,"2019-05-30T11:00:00-00:00","2019-05-30T12:00:00-00:00","ZP26","Solar","Renewable Forecast Actual Generation","RENEW_FCST_ACT_MW",3,3,-5.16171,"ACTUAL",5
"104","2019-05-30",6,0,"2019-05-30T12:00:00-00:00","2019-05-30T13:00:00-00:00","ZP26","Solar","Renewable Forecast Actual Generation","RENEW_FCST_ACT_MW",3,3,-4.27494,"ACTUAL",5
"105","2019-05-30",7,0,"2019-05-30T13:00:00-00:00","2019-05-30T14:00:00-00:00","ZP26","Solar","Renewable Forecast Actual Generation","RENEW_FCST_ACT_MW",3,3,171.71941,"ACTUAL",5
"106","2019-05-30",8,0,"2019-05-30T14:00:00-00:00","2019-05-30T15:00:00-00:00","ZP26","Solar","Renewable Forecast Actual Generation","RENEW_FCST_ACT_MW",3,3,737.90209,"ACTUAL",5
"107","2019-05-30",9,0,"2019-05-30T15:00:00-00:00","2019-05-30T16:00:00-00:00","ZP26","Solar","Renewable Forecast Actual Generation","RENEW_FCST_ACT_MW",3,3,1215.47544,"ACTUAL",5
"108","2019-05-30",10,0,"2019-05-30T16:00:00-00:00","2019-05-30T17:00:00-00:00","ZP26","Solar","Renewable Forecast Actual Generation","RENEW_FCST_ACT_MW",3,3,1455.43433,"ACTUAL",5
"109","2019-05-30",11,0,"2019-05-30T17:00:00-00:00","2019-05-30T18:00:00-00:00","ZP26","Solar","Renewable Forecast Actual Generation","RENEW_FCST_ACT_MW",3,3,1534.76207,"ACTUAL",5
"110","2019-05-30",12,0,"2019-05-30T18:00:00-00:00","2019-05-30T19:00:00-00:00","ZP26","Solar","Renewable Forecast Actual Generation","RENEW_FCST_ACT_MW",3,3,1463.67315,"ACTUAL",5
"111","2019-05-30",13,0,"2019-05-30T19:00:00-00:00","2019-05-30T20:00:00-00:00","ZP26","Solar","Renewable Forecast Actual Generation","RENEW_FCST_ACT_MW",3,3,1448.67321,"ACTUAL",5
"112","2019-05-30",14,0,"2019-05-30T20:00:00-00:00","2019-05-30T21:00:00-00:00","ZP26","Solar","Renewable Forecast Actual Generation","RENEW_FCST_ACT_MW",3,3,1413.66189,"ACTUAL",5
"113","2019-05-30",15,0,"2019-05-30T21:00:00-00:00","2019-05-30T22:00:00-00:00","ZP26","Solar","Renewable Forecast Actual Generation","RENEW_FCST_ACT_MW",3,3,1371.06557,"ACTUAL",5
"114","2019-05-30",16,0,"2019-05-30T22:00:00-00:00","2019-05-30T23:00:00-00:00","ZP26","Solar","Renewable Forecast Actual Generation","RENEW_FCST_ACT_MW",3,3,1322.59238,"ACTUAL",5
"115","2019-05-30",19,0,"2019-05-31T01:00:00-00:00","2019-05-31T02:00:00-00:00","ZP26","Solar","Renewable Forecast Actual Generation","RENEW_FCST_ACT_MW",3,3,550.68844,"ACTUAL",5
"116","2019-05-31",1,0,"2019-05-31T07:00:00-00:00","2019-05-31T08:00:00-00:00","NP15","Solar","Renewable Forecast Actual Generation","RENEW_FCST_ACT_MW",3,3,-3.41093,"ACTUAL",6
"117","2019-05-31",1,0,"2019-05-31T07:00:00-00:00","2019-05-31T08:00:00-00:00","NP15","Wind","Renewable Forecast Actual Generation","RENEW_FCST_ACT_MW",3,1,259.22807,"ACTUAL",7
"118","2019-05-31",1,0,"2019-05-31T07:00:00-00:00","2019-05-31T08:00:00-00:00","SP15","Solar","Renewable Forecast Actual Generation","RENEW_FCST_ACT_MW",3,3,-6.0684,"ACTUAL",8
"119","2019-05-31",1,0,"2019-05-31T07:00:00-00:00","2019-05-31T08:00:00-00:00","SP15","Wind","Renewable Forecast Actual Generation","RENEW_FCST_ACT_MW",3,1,1500.64226,"ACTUAL",9
"120","2019-05-31",1,0,"2019-05-31T07:00:00-00:00","2019-05-31T08:00:00-00:00","ZP26","Solar","Renewable Forecast Actual Generation","RENEW_FCST_ACT_MW",3,3,-5.15429,"ACTUAL",10
