"","OPR_DT","OPR_HR","OPR_INTERVAL","INTERVALSTARTTIME_GMT","INTERVALENDTIME_GMT","TRADING_HUB","RENEWABLE_TYPE","LABEL","XML_DATA_ITEM","MARKET_RUN_ID_POS","RENEW_POS","MW","MARKET_RUN_ID","GROUP"
"1","2019-12-06",1,0,"2019-12-06T08:00:00-00:00","2019-12-06T09:00:00-00:00","NP15","Solar","Renewable Forecast Actual Generation","RENEW_FCST_ACT_MW",3,3,-3.60354,"ACTUAL",1
"2","2019-12-06",2,0,"2019-12-06T09:00:00-00:00","2019-12-06T10:00:00-00:00","NP15","Solar","Renewable Forecast Actual Generation","RENEW_FCST_ACT_MW",3,3,-3.58495,"ACTUAL",1
"3","2019-12-06",3,0,"2019-12-06T10:00:00-00:00","2019-12-06T11:00:00-00:00","NP15","Solar","Renewable Forecast Actual Generation","RENEW_FCST_ACT_MW",3,3,-3.61156,"ACTUAL",1
"4","2019-12-06",4,0,"2019-12-06T11:00:00-00:00","2019-12-06T12:00:00-00:00","NP15","Solar","Renewable Forecast Actual Generation","RENEW_FCST_ACT_MW",3,3,-3.61792,"ACTUAL",1
"5","2019-12-06",5,0,"2019-12-06T12:00:00-00:00","2019-12-06T13:00:00-00:00","NP15","Solar","Renewable Forecast Actual Generation","RENEW_FCST_ACT_MW",3,3,-3.59106,"ACTUAL",1
"6","2019-12-06",6,0,"2019-12-06T13:00:00-00:00","2019-12-06T14:00:00-00:00","NP15","Solar","Renewable Forecast Actual Generation","RENEW_FCST_ACT_MW",3,3,-3.54758,"ACTUAL",1
"7","2019-12-06",7,0,"2019-12-06T14:00:00-00:00","2019-12-06T15:00:00-00:00","NP15","Solar","Renewable Forecast Actual Generation","RENEW_FCST_ACT_MW",3,3,-3.54586,"ACTUAL",1
"8","2019-12-06",8,0,"2019-12-06T15:00:00-00:00","2019-12-06T16:00:00-00:00","NP15","Solar","Renewable Forecast Actual Generation","RENEW_FCST_ACT_MW",3,3,123.12758,"ACTUAL",1
"9","2019-12-06",9,0,"2019-12-06T16:00:00-00:00","2019-12-06T17:00:00-00:00","NP15","Solar","Renewable Forecast Actual Generation","RENEW_FCST_ACT_MW",3,3,663.03506,"ACTUAL",1
"10","2019-12-06",10,0,"2019-12-06T17:00:00-00:00","2019-12-06T18:00:00-00:00","NP15","Solar","Renewable Forecast Actual Generation","RENEW_FCST_ACT_MW",3,3,914.77909,"ACTUAL",1
"11","2019-12-06",11,0,"2019-12-06T18:00:00-00:00","2019-12-06T19:00:00-00:00","NP15","Solar","Renewable Forecast Actual Generation","RENEW_FCST_ACT_MW",3,3,906.50912,"ACTUAL",1
"12","2019-12-06",12,0,"2019-12-06T19:00:00-00:00","2019-12-06T20:00:00-00:00","NP15","Solar","Renewable Forecast Actual Generation","RENEW_FCST_ACT_MW",3,3,885.40089,"ACTUAL",1
"13","2019-12-06",13,0,"2019-12-06T20:00:00-00:00","2019-12-06T21:00:00-00:00","NP15","Solar","Renewable Forecast Actual Generation","RENEW_FCST_ACT_MW",3,3,885.39045,"ACTUAL",1
"14","2019-12-06",14,0,"2019-12-06T21:00:00-00:00","2019-12-06T22:00:00-00:00","NP15","Solar","Renewable Forecast Actual Generation","RENEW_FCST_ACT_MW",3,3,943.65277,"ACTUAL",1
"15","2019-12-06",15,0,"2019-12-06T22:00:00-00:00","2019-12-06T23:00:00-00:00","NP15","Solar","Renewable Forecast Actual Generation","RENEW_FCST_ACT_MW",3,3,959.09725,"ACTUAL",1
"16","2019-12-06",16,0,"2019-12-06T23:00:00-00:00","2019-12-07T00:00:00-00:00","NP15","Solar","Renewable Forecast Actual Generation","RENEW_FCST_ACT_MW",3,3,568.7721,"ACTUAL",1
"17","2019-12-06",17,0,"2019-12-07T00:00:00-00:00","2019-12-07T01:00:00-00:00","NP15","Solar","Renewable Forecast Actual Generation","RENEW_FCST_ACT_MW",3,3,37.46371,"ACTUAL",1
"18","2019-12-06",18,0,"2019-12-07T01:00:00-00:00","2019-12-07T02:00:00-00:00","NP15","Solar","Renewable Forecast Actual Generation","RENEW_FCST_ACT_MW",3,3,-3.69783,"ACTUAL",1
"19","2019-12-06",19,0,"2019-12-07T02:00:00-00:00","2019-12-07T03:00:00-00:00","NP15","Solar","Renewable Forecast Actual Generation","RENEW_FCST_ACT_MW",3,3,-3.52927,"ACTUAL",1
"20","2019-12-06",20,0,"2019-12-07T03:00:00-00:00","2019-12-07T04:00:00-00:00","NP15","Solar","Renewable Forecast Actual Generation","RENEW_FCST_ACT_MW",3,3,-3.53158,"ACTUAL",1
"21","2019-12-06",21,0,"2019-12-07T04:00:00-00:00","2019-12-07T05:00:00-00:00","NP15","Solar","Renewable Forecast Actual Generation","RENEW_FCST_ACT_MW",3,3,-3.53571,"ACTUAL",1
"22","2019-12-06",22,0,"2019-12-07T05:00:00-00:00","2019-12-07T06:00:00-00:00","NP15","Solar","Renewable Forecast Actual Generation","RENEW_FCST_ACT_MW",3,3,-3.53595,"ACTUAL",1
"23","2019-12-06",23,0,"2019-12-07T06:00:00-00:00","2019-12-07T07:00:00-00:00","NP15","Solar","Renewable Forecast Actual Generation","RENEW_FCST_ACT_MW",3,3,-3.56034,"ACTUAL",1
"24","2019-12-06",24,0,"2019-12-07T07:00:00-00:00","2019-12-07T08:00:00-00:00","NP15","Solar","Renewable Forecast Actual Generation","RENEW_FCST_ACT_MW",3,3,-3.5436,"ACTUAL",1
"25","2019-12-06",1,0,"2019-12-06T08:00:00-00:00","2019-12-06T09:00:00-00:00","NP15","Wind","Renewable Forecast Actual Generation","RENEW_FCST_ACT_MW",3,1,15.48637,"ACTUAL",2
"26","2019-12-06",24,0,"2019-12-07T07:00:00-00:00","2019-12-07T08:00:00-00:00","NP15","Wind","Renewable Forecast Actual Generation","RENEW_FCST_ACT_MW",3,1,123.08111,"ACTUAL",2
"27","2019-12-06",3,0,"2019-12-06T10:00:00-00:00","2019-12-06T11:00:00-00:00","NP15","Wind","Renewable Forecast Actual Generation","RENEW_FCST_ACT_MW",3,1,59.20114,"ACTUAL",2
"28","2019-12-06",4,0,"2019-12-06T11:00:00-00:00","2019-12-06T12:00:00-00:00","NP15","Wind","Renewable Forecast Actual Generation","RENEW_FCST_ACT_MW",3,1,63.35981,"ACTUAL",2
"29","2019-12-06",5,0,"2019-12-06T12:00:00-00:00","2019-12-06T13:00:00-00:00","NP15","Wind","Renewable Forecast Actual Generation","RENEW_FCST_ACT_MW",3,1,67.9821,"ACTUAL",2
"30","2019-12-06",6,0,"2019-12-06T13:00:00-00:00","2019-12-06T14:00:00-00:00","NP15","Wind","Renewable Forecast Actual Generation","RENEW_FCST_ACT_MW",3,1,41.54943,"ACTUAL",2
"31","2019-12-06",7,0,"2019-12-06T14:00:00-00:00","2019-12-06T15:00:00-00:00","NP15","Wind","Renewable Forecast Actual Generation","RENEW_FCST_ACT_MW",3,1,45.93956,"ACTUAL",2
"32","2019-12-06",8,0,"2019-12-06T15:00:00-00:00","2019-12-06T16:00:00-00:00","NP15","Wind","Renewable Forecast Actual Generation","RENEW_FCST_ACT_MW",3,1,65.88443,"ACTUAL",2
"33","2019-12-06",9,0,"2019-12-06T16:00:00-00:00","2019-12-06T17:00:00-00:00","NP15","Wind","Renewable Forecast Actual Generation","RENEW_FCST_ACT_MW",3,1,65.68171,"ACTUAL",2
"34","2019-12-06",10,0,"2019-12-06T17:00:00-00:00","2019-12-06T18:00:00-00:00","NP15","Wind","Renewable Forecast Actual Generation","RENEW_FCST_ACT_MW",3,1,58.0316,"ACTUAL",2
"35","2019-12-06",11,0,"2019-12-06T18:00:00-00:00","2019-12-06T19:00:00-00:00","NP15","Wind","Renewable Forecast Actual Generation","RENEW_FCST_ACT_MW",3,1,96.32543,"ACTUAL",2
"36","2019-12-06",12,0,"2019-12-06T19:00:00-00:00","2019-12-06T20:00:00-00:00","NP15","Wind","Renewable Forecast Actual Generation","RENEW_FCST_ACT_MW",3,1,70.48929,"ACTUAL",2
"37","2019-12-06",13,0,"2019-12-06T20:00:00-00:00","2019-12-06T21:00:00-00:00","NP15","Wind","Renewable Forecast Actual Generation","RENEW_FCST_ACT_MW",3,1,234.43224,"ACTUAL",2
"38","2019-12-06",14,0,"2019-12-06T21:00:00-00:00","2019-12-06T22:00:00-00:00","NP15","Wind","Renewable Forecast Actual Generation","RENEW_FCST_ACT_MW",3,1,420.94536,"ACTUAL",2
"39","2019-12-06",15,0,"2019-12-06T22:00:00-00:00","2019-12-06T23:00:00-00:00","NP15","Wind","Renewable Forecast Actual Generation","RENEW_FCST_ACT_MW",3,1,385.28941,"ACTUAL",2
"40","2019-12-06",16,0,"2019-12-06T23:00:00-00:00","2019-12-07T00:00:00-00:00","NP15","Wind","Renewable Forecast Actual Generation","RENEW_FCST_ACT_MW",3,1,381.55959,"ACTUAL",2
"41","2019-12-06",17,0,"2019-12-07T00:00:00-00:00","2019-12-07T01:00:00-00:00","NP15","Wind","Renewable Forecast Actual Generation","RENEW_FCST_ACT_MW",3,1,452.63504,"ACTUAL",2
"42","2019-12-06",18,0,"2019-12-07T01:00:00-00:00","2019-12-07T02:00:00-00:00","NP15","Wind","Renewable Forecast Actual Generation","RENEW_FCST_ACT_MW",3,1,184.87954,"ACTUAL",2
"43","2019-12-06",19,0,"2019-12-07T02:00:00-00:00","2019-12-07T03:00:00-00:00","NP15","Wind","Renewable Forecast Actual Generation","RENEW_FCST_ACT_MW",3,1,273.89176,"ACTUAL",2
"44","2019-12-06",20,0,"2019-12-07T03:00:00-00:00","2019-12-07T04:00:00-00:00","NP15","Wind","Renewable Forecast Actual Generation","RENEW_FCST_ACT_MW",3,1,563.96896,"ACTUAL",2
"45","2019-12-06",21,0,"2019-12-07T04:00:00-00:00","2019-12-07T05:00:00-00:00","NP15","Wind","Renewable Forecast Actual Generation","RENEW_FCST_ACT_MW",3,1,888.06126,"ACTUAL",2
"46","2019-12-06",22,0,"2019-12-07T05:00:00-00:00","2019-12-07T06:00:00-00:00","NP15","Wind","Renewable Forecast Actual Generation","RENEW_FCST_ACT_MW",3,1,665.73665,"ACTUAL",2
"47","2019-12-06",23,0,"2019-12-07T06:00:00-00:00","2019-12-07T07:00:00-00:00","NP15","Wind","Renewable Forecast Actual Generation","RENEW_FCST_ACT_MW",3,1,209.9138,"ACTUAL",2
"48","2019-12-06",2,0,"2019-12-06T09:00:00-00:00","2019-12-06T10:00:00-00:00","NP15","Wind","Renewable Forecast Actual Generation","RENEW_FCST_ACT_MW",3,1,57.35159,"ACTUAL",2
"49","2019-12-06",24,0,"2019-12-07T07:00:00-00:00","2019-12-07T08:00:00-00:00","SP15","Solar","Renewable Forecast Actual Generation","RENEW_FCST_ACT_MW",3,3,-15.12618,"ACTUAL",3
"50","2019-12-06",2,0,"2019-12-06T09:00:00-00:00","2019-12-06T10:00:00-00:00","SP15","Solar","Renewable Forecast Actual Generation","RENEW_FCST_ACT_MW",3,3,-10.24105,"ACTUAL",3
"51","2019-12-06",23,0,"2019-12-07T06:00:00-00:00","2019-12-07T07:00:00-00:00","SP15","Solar","Renewable Forecast Actual Generation","RENEW_FCST_ACT_MW",3,3,-13.32415,"ACTUAL",3
"52","2019-12-06",6,0,"2019-12-06T13:00:00-00:00","2019-12-06T14:00:00-00:00","SP15","Solar","Renewable Forecast Actual Generation","RENEW_FCST_ACT_MW",3,3,-12.04017,"ACTUAL",3
"53","2019-12-06",22,0,"2019-12-07T05:00:00-00:00","2019-12-07T06:00:00-00:00","SP15","Solar","Renewable Forecast Actual Generation","RENEW_FCST_ACT_MW",3,3,-11.01524,"ACTUAL",3
"54","2019-12-06",11,0,"2019-12-06T18:00:00-00:00","2019-12-06T19:00:00-00:00","SP15","Solar","Renewable Forecast Actual Generation","RENEW_FCST_ACT_MW",3,3,3542.10907,"ACTUAL",3
"55","2019-12-06",21,0,"2019-12-07T04:00:00-00:00","2019-12-07T05:00:00-00:00","SP15","Solar","Renewable Forecast Actual Generation","RENEW_FCST_ACT_MW",3,3,-11.26445,"ACTUAL",3
"56","2019-12-06",3,0,"2019-12-06T10:00:00-00:00","2019-12-06T11:00:00-00:00","SP15","Solar","Renewable Forecast Actual Generation","RENEW_FCST_ACT_MW",3,3,-10.69154,"ACTUAL",3
"57","2019-12-06",20,0,"2019-12-07T03:00:00-00:00","2019-12-07T04:00:00-00:00","SP15","Solar","Renewable Forecast Actual Generation","RENEW_FCST_ACT_MW",3,3,-9.39769,"ACTUAL",3
"58","2019-12-06",10,0,"2019-12-06T17:00:00-00:00","2019-12-06T18:00:00-00:00","SP15","Solar","Renewable Forecast Actual Generation","RENEW_FCST_ACT_MW",3,3,2989.36597,"ACTUAL",3
"59","2019-12-06",19,0,"2019-12-07T02:00:00-00:00","2019-12-07T03:00:00-00:00","SP15","Solar","Renewable Forecast Actual Generation","RENEW_FCST_ACT_MW",3,3,-6.73083,"ACTUAL",3
"60","2019-12-06",5,0,"2019-12-06T12:00:00-00:00","2019-12-06T13:00:00-00:00","SP15","Solar","Renewable Forecast Actual Generation","RENEW_FCST_ACT_MW",3,3,-12.60218,"ACTUAL",3
"61","2019-12-06",18,0,"2019-12-07T01:00:00-00:00","2019-12-07T02:00:00-00:00","SP15","Solar","Renewable Forecast Actual Generation","RENEW_FCST_ACT_MW",3,3,-6.13952,"ACTUAL",3
"62","2019-12-06",9,0,"2019-12-06T16:00:00-00:00","2019-12-06T17:00:00-00:00","SP15","Solar","Renewable Forecast Actual Generation","RENEW_FCST_ACT_MW",3,3,2033.55163,"ACTUAL",3
"63","2019-12-06",17,0,"2019-12-07T00:00:00-00:00","2019-12-07T01:00:00-00:00","SP15","Solar","Renewable Forecast Actual Generation","RENEW_FCST_ACT_MW",3,3,44.63127,"ACTUAL",3
"64","2019-12-06",1,0,"2019-12-06T08:00:00-00:00","2019-12-06T09:00:00-00:00","SP15","Solar","Renewable Forecast Actual Generation","RENEW_FCST_ACT_MW",3,3,-10.186,"ACTUAL",3
"65","2019-12-06",16,0,"2019-12-06T23:00:00-00:00","2019-12-07T00:00:00-00:00","SP15","Solar","Renewable Forecast Actual Generation","RENEW_FCST_ACT_MW",3,3,562.44265,"ACTUAL",3
"66","2019-12-06",8,0,"2019-12-06T15:00:00-00:00","2019-12-06T16:00:00-00:00","SP15","Solar","Renewable Forecast Actual Generation","RENEW_FCST_ACT_MW",3,3,736.38899,"ACTUAL",3
"67","2019-12-06",15,0,"2019-12-06T22:00:00-00:00","2019-12-06T23:00:00-00:00","SP15","Solar","Renewable Forecast Actual Generation","RENEW_FCST_ACT_MW",3,3,1312.4559,"ACTUAL",3
"68","2019-12-06",4,0,"2019-12-06T11:00:00-00:00","2019-12-06T12:00:00-00:00","SP15","Solar","Renewable Forecast Actual Generation","RENEW_FCST_ACT_MW",3,3,-12.19281,"ACTUAL",3
"69","2019-12-06",14,0,"2019-12-06T21:00:00-00:00","2019-12-06T22:00:00-00:00","SP15","Solar","Renewable Forecast Actual Generation","RENEW_FCST_ACT_MW",3,3,2206.84411,"ACTUAL",3
"70","2019-12-06",7,0,"2019-12-06T14:00:00-00:00","2019-12-06T15:00:00-00:00","SP15","Solar","Renewable Forecast Actual Generation","RENEW_FCST_ACT_MW",3,3,14.42828,"ACTUAL",3
"71","2019-12-06",13,0,"2019-12-06T20:00:00-00:00","2019-12-06T21:00:00-00:00","SP15","Solar","Renewable Forecast Actual Generation","RENEW_FCST_ACT_MW",3,3,2949.21925,"ACTUAL",3
"72","2019-12-06",12,0,"2019-12-06T19:00:00-00:00","2019-12-06T20:00:00-00:00","SP15","Solar","Renewable Forecast Actual Generation","RENEW_FCST_ACT_MW",3,3,3502.63202,"ACTUAL",3
"73","2019-12-06",23,0,"2019-12-07T06:00:00-00:00","2019-12-07T07:00:00-00:00","SP15","Wind","Renewable Forecast Actual Generation","RENEW_FCST_ACT_MW",3,1,101.3084,"ACTUAL",4
"74","2019-12-06",22,0,"2019-12-07T05:00:00-00:00","2019-12-07T06:00:00-00:00","SP15","Wind","Renewable Forecast Actual Generation","RENEW_FCST_ACT_MW",3,1,124.38256,"ACTUAL",4
"75","2019-12-06",21,0,"2019-12-07T04:00:00-00:00","2019-12-07T05:00:00-00:00","SP15","Wind","Renewable Forecast Actual Generation","RENEW_FCST_ACT_MW",3,1,125.0766,"ACTUAL",4
"76","2019-12-06",20,0,"2019-12-07T03:00:00-00:00","2019-12-07T04:00:00-00:00","SP15","Wind","Renewable Forecast Actual Generation","RENEW_FCST_ACT_MW",3,1,72.28719,"ACTUAL",4
"77","2019-12-06",19,0,"2019-12-07T02:00:00-00:00","2019-12-07T03:00:00-00:00","SP15","Wind","Renewable Forecast Actual Generation","RENEW_FCST_ACT_MW",3,1,94.18233,"ACTUAL",4
"78","2019-12-06",18,0,"2019-12-07T01:00:00-00:00","2019-12-07T02:00:00-00:00","SP15","Wind","Renewable Forecast Actual Generation","RENEW_FCST_ACT_MW",3,1,111.66834,"ACTUAL",4
"79","2019-12-06",17,0,"2019-12-07T00:00:00-00:00","2019-12-07T01:00:00-00:00","SP15","Wind","Renewable Forecast Actual Generation","RENEW_FCST_ACT_MW",3,1,126.45442,"ACTUAL",4
"80","2019-12-06",16,0,"2019-12-06T23:00:00-00:00","2019-12-07T00:00:00-00:00","SP15","Wind","Renewable Forecast Actual Generation","RENEW_FCST_ACT_MW",3,1,144.90578,"ACTUAL",4
"81","2019-12-06",15,0,"2019-12-06T22:00:00-00:00","2019-12-06T23:00:00-00:00","SP15","Wind","Renewable Forecast Actual Generation","RENEW_FCST_ACT_MW",3,1,138.37643,"ACTUAL",4
"82","2019-12-06",14,0,"2019-12-06T21:00:00-00:00","2019-12-06T22:00:00-00:00","SP15","Wind","Renewable Forecast Actual Generation","RENEW_FCST_ACT_MW",3,1,147.12985,"ACTUAL",4
"83","2019-12-06",13,0,"2019-12-06T20:00:00-00:00","2019-12-06T21:00:00-00:00","SP15","Wind","Renewable Forecast Actual Generation","RENEW_FCST_ACT_MW",3,1,217.50353,"ACTUAL",4
"84","2019-12-06",12,0,"2019-12-06T19:00:00-00:00","2019-12-06T20:00:00-00:00","SP15","Wind","Renewable Forecast Actual Generation","RENEW_FCST_ACT_MW",3,1,369.97863,"ACTUAL",4
"85","2019-12-06",11,0,"2019-12-06T18:00:00-00:00","2019-12-06T19:00:00-00:00","SP15","Wind","Renewable Forecast Actual Generation","RENEW_FCST_ACT_MW",3,1,351.15131,"ACTUAL",4
"86","2019-12-06",10,0,"2019-12-06T17:00:00-00:00","2019-12-06T18:00:00-00:00","SP15","Wind","Renewable Forecast Actual Generation","RENEW_FCST_ACT_MW",3,1,286.08195,"ACTUAL",4
"87","2019-12-06",9,0,"2019-12-06T16:00:00-00:00","2019-12-06T17:00:00-00:00","SP15","Wind","Renewable Forecast Actual Generation","RENEW_FCST_ACT_MW",3,1,304.63585,"ACTUAL",4
"88","2019-12-06",8,0,"2019-12-06T15:00:00-00:00","2019-12-06T16:00:00-00:00","SP15","Wind","Renewable Forecast Actual Generation","RENEW_FCST_ACT_MW",3,1,281.47978,"ACTUAL",4
"89","2019-12-06",7,0,"2019-12-06T14:00:00-00:00","2019-12-06T15:00:00-00:00","SP15","Wind","Renewable Forecast Actual Generation","RENEW_FCST_ACT_MW",3,1,220.41134,"ACTUAL",4
"90","2019-12-06",6,0,"2019-12-06T13:00:00-00:00","2019-12-06T14:00:00-00:00","SP15","Wind","Renewable Forecast Actual Generation","RENEW_FCST_ACT_MW",3,1,214.91554,"ACTUAL",4
"91","2019-12-06",5,0,"2019-12-06T12:00:00-00:00","2019-12-06T13:00:00-00:00","SP15","Wind","Renewable Forecast Actual Generation","RENEW_FCST_ACT_MW",3,1,193.20536,"ACTUAL",4
"92","2019-12-06",4,0,"2019-12-06T11:00:00-00:00","2019-12-06T12:00:00-00:00","SP15","Wind","Renewable Forecast Actual Generation","RENEW_FCST_ACT_MW",3,1,171.23026,"ACTUAL",4
"93","2019-12-06",3,0,"2019-12-06T10:00:00-00:00","2019-12-06T11:00:00-00:00","SP15","Wind","Renewable Forecast Actual Generation","RENEW_FCST_ACT_MW",3,1,128.03206,"ACTUAL",4
"94","2019-12-06",2,0,"2019-12-06T09:00:00-00:00","2019-12-06T10:00:00-00:00","SP15","Wind","Renewable Forecast Actual Generation","RENEW_FCST_ACT_MW",3,1,173.0296,"ACTUAL",4
"95","2019-12-06",24,0,"2019-12-07T07:00:00-00:00","2019-12-07T08:00:00-00:00","SP15","Wind","Renewable Forecast Actual Generation","RENEW_FCST_ACT_MW",3,1,98.14743,"ACTUAL",4
"96","2019-12-06",1,0,"2019-12-06T08:00:00-00:00","2019-12-06T09:00:00-00:00","SP15","Wind","Renewable Forecast Actual Generation","RENEW_FCST_ACT_MW",3,1,216.35653,"ACTUAL",4
"97","2019-12-06",1,0,"2019-12-06T08:00:00-00:00","2019-12-06T09:00:00-00:00","ZP26","Solar","Renewable Forecast Actual Generation","RENEW_FCST_ACT_MW",3,3,-5.70249,"ACTUAL",5
"98","2019-12-06",24,0,"2019-12-07T07:00:00-00:00","2019-12-07T08:00:00-00:00","ZP26","Solar","Renewable Forecast Actual Generation","RENEW_FCST_ACT_MW",3,3,-5.66285,"ACTUAL",5
"99","2019-12-06",3,0,"2019-12-06T10:00:00-00:00","2019-12-06T11:00:00-00:00","ZP26","Solar","Renewable Forecast Actual Generation","RENEW_FCST_ACT_MW",3,3,-6.66714,"ACTUAL",5
"100","2019-12-06",4,0,"2019-12-06T11:00:00-00:00","2019-12-06T12:00:00-00:00","ZP26","Solar","Renewable Forecast Actual Generation","RENEW_FCST_ACT_MW",3,3,-5.6772,"ACTUAL",5
"101","2019-12-06",5,0,"2019-12-06T12:00:00-00:00","2019-12-06T13:00:00-00:00","ZP26","Solar","Renewable Forecast Actual Generation","RENEW_FCST_ACT_MW",3,3,-5.61451,"ACTUAL",5
"102","2019-12-06",6,0,"2019-12-06T13:00:00-00:00","2019-12-06T14:00:00-00:00","ZP26","Solar","Renewable Forecast Actual Generation","RENEW_FCST_ACT_MW",3,3,-5.63865,"ACTUAL",5
"103","2019-12-06",7,0,"2019-12-06T14:00:00-00:00","2019-12-06T15:00:00-00:00","ZP26","Solar","Renewable Forecast Actual Generation","RENEW_FCST_ACT_MW",3,3,-4.47745,"ACTUAL",5
"104","2019-12-06",8,0,"2019-12-06T15:00:00-00:00","2019-12-06T16:00:00-00:00","ZP26","Solar","Renewable Forecast Actual Generation","RENEW_FCST_ACT_MW",3,3,176.06643,"ACTUAL",5
"105","2019-12-06",9,0,"2019-12-06T16:00:00-00:00","2019-12-06T17:00:00-00:00","ZP26","Solar","Renewable Forecast Actual Generation","RENEW_FCST_ACT_MW",3,3,772.54616,"ACTUAL",5
"106","2019-12-06",10,0,"2019-12-06T17:00:00-00:00","2019-12-06T18:00:00-00:00","ZP26","Solar","Renewable Forecast Actual Generation","RENEW_FCST_ACT_MW",3,3,1123.1883,"ACTUAL",5
"107","2019-12-06",11,0,"2019-12-06T18:00:00-00:00","2019-12-06T19:00:00-00:00","ZP26","Solar","Renewable Forecast Actual Generation","RENEW_FCST_ACT_MW",3,3,1198.35929,"ACTUAL",5
"108","2019-12-06",12,0,"2019-12-06T19:00:00-00:00","2019-12-06T20:00:00-00:00","ZP26","Solar","Renewable Forecast Actual Generation","RENEW_FCST_ACT_MW",3,3,1175.82833,"ACTUAL",5
"109","2019-12-06",13,0,"2019-12-06T20:00:00-00:00","2019-12-06T21:00:00-00:00","ZP26","Solar","Renewable Forecast Actual Generation","RENEW_FCST_ACT_MW",3,3,1076.11145,"ACTUAL",5
"110","2019-12-06",14,0,"2019-12-06T21:00:00-00:00","2019-12-06T22:00:00-00:00","ZP26","Solar","Renewable Forecast Actual Generation","RENEW_FCST_ACT_MW",3,3,1007.13604,"ACTUAL",5
"111","2019-12-06",15,0,"2019-12-06T22:00:00-00:00","2019-12-06T23:00:00-00:00","ZP26","Solar","Renewable Forecast Actual Generation","RENEW_FCST_ACT_MW",3,3,996.49682,"ACTUAL",5
"112","2019-12-06",16,0,"2019-12-06T23:00:00-00:00","2019-12-07T00:00:00-00:00","ZP26","Solar","Renewable Forecast Actual Generation","RENEW_FCST_ACT_MW",3,3,638.86465,"ACTUAL",5
"113","2019-12-06",17,0,"2019-12-07T00:00:00-00:00","2019-12-07T01:00:00-00:00","ZP26","Solar","Renewable Forecast Actual Generation","RENEW_FCST_ACT_MW",3,3,63.60455,"ACTUAL",5
"114","2019-12-06",18,0,"2019-12-07T01:00:00-00:00","2019-12-07T02:00:00-00:00","ZP26","Solar","Renewable Forecast Actual Generation","RENEW_FCST_ACT_MW",3,3,-5.79368,"ACTUAL",5
"115","2019-12-06",19,0,"2019-12-07T02:00:00-00:00","2019-12-07T03:00:00-00:00","ZP26","Solar","Renewable Forecast Actual Generation","RENEW_FCST_ACT_MW",3,3,-5.65074,"ACTUAL",5
"116","2019-12-06",20,0,"2019-12-07T03:00:00-00:00","2019-12-07T04:00:00-00:00","ZP26","Solar","Renewable Forecast Actual Generation","RENEW_FCST_ACT_MW",3,3,-5.65611,"ACTUAL",5
"117","2019-12-06",21,0,"2019-12-07T04:00:00-00:00","2019-12-07T05:00:00-00:00","ZP26","Solar","Renewable Forecast Actual Generation","RENEW_FCST_ACT_MW",3,3,-5.66763,"ACTUAL",5
"118","2019-12-06",22,0,"2019-12-07T05:00:00-00:00","2019-12-07T06:00:00-00:00","ZP26","Solar","Renewable Forecast Actual Generation","RENEW_FCST_ACT_MW",3,3,-5.66151,"ACTUAL",5
"119","2019-12-06",23,0,"2019-12-07T06:00:00-00:00","2019-12-07T07:00:00-00:00","ZP26","Solar","Renewable Forecast Actual Generation","RENEW_FCST_ACT_MW",3,3,-5.74239,"ACTUAL",5
"120","2019-12-06",2,0,"2019-12-06T09:00:00-00:00","2019-12-06T10:00:00-00:00","ZP26","Solar","Renewable Forecast Actual Generation","RENEW_FCST_ACT_MW",3,3,-5.71793,"ACTUAL",5
