"","OPR_DT","OPR_HR","OPR_INTERVAL","INTERVALSTARTTIME_GMT","INTERVALENDTIME_GMT","TRADING_HUB","RENEWABLE_TYPE","LABEL","XML_DATA_ITEM","MARKET_RUN_ID_POS","RENEW_POS","MW","MARKET_RUN_ID","GROUP"
"1","2019-03-09",1,0,"2019-03-09T08:00:00-00:00","2019-03-09T09:00:00-00:00","NP15","Solar","Renewable Forecast Actual Generation","RENEW_FCST_ACT_MW",3,3,-3.44749,"ACTUAL",1
"2","2019-03-09",2,0,"2019-03-09T09:00:00-00:00","2019-03-09T10:00:00-00:00","NP15","Solar","Renewable Forecast Actual Generation","RENEW_FCST_ACT_MW",3,3,-3.45014,"ACTUAL",1
"3","2019-03-09",3,0,"2019-03-09T10:00:00-00:00","2019-03-09T11:00:00-00:00","NP15","Solar","Renewable Forecast Actual Generation","RENEW_FCST_ACT_MW",3,3,-3.45667,"ACTUAL",1
"4","2019-03-09",4,0,"2019-03-09T11:00:00-00:00","2019-03-09T12:00:00-00:00","NP15","Solar","Renewable Forecast Actual Generation","RENEW_FCST_ACT_MW",3,3,-3.44947,"ACTUAL",1
"5","2019-03-09",5,0,"2019-03-09T12:00:00-00:00","2019-03-09T13:00:00-00:00","NP15","Solar","Renewable Forecast Actual Generation","RENEW_FCST_ACT_MW",3,3,-3.45535,"ACTUAL",1
"6","2019-03-09",6,0,"2019-03-09T13:00:00-00:00","2019-03-09T14:00:00-00:00","NP15","Solar","Renewable Forecast Actual Generation","RENEW_FCST_ACT_MW",3,3,-3.45556,"ACTUAL",1
"7","2019-03-09",7,0,"2019-03-09T14:00:00-00:00","2019-03-09T15:00:00-00:00","NP15","Solar","Renewable Forecast Actual Generation","RENEW_FCST_ACT_MW",3,3,40.30058,"ACTUAL",1
"8","2019-03-09",8,0,"2019-03-09T15:00:00-00:00","2019-03-09T16:00:00-00:00","NP15","Solar","Renewable Forecast Actual Generation","RENEW_FCST_ACT_MW",3,3,641.85556,"ACTUAL",1
"9","2019-03-09",9,0,"2019-03-09T16:00:00-00:00","2019-03-09T17:00:00-00:00","NP15","Solar","Renewable Forecast Actual Generation","RENEW_FCST_ACT_MW",3,3,1162.71567,"ACTUAL",1
"10","2019-03-09",10,0,"2019-03-09T17:00:00-00:00","2019-03-09T18:00:00-00:00","NP15","Solar","Renewable Forecast Actual Generation","RENEW_FCST_ACT_MW",3,3,1261.51744,"ACTUAL",1
"11","2019-03-09",11,0,"2019-03-09T18:00:00-00:00","2019-03-09T19:00:00-00:00","NP15","Solar","Renewable Forecast Actual Generation","RENEW_FCST_ACT_MW",3,3,1133.46779,"ACTUAL",1
"12","2019-03-09",12,0,"2019-03-09T19:00:00-00:00","2019-03-09T20:00:00-00:00","NP15","Solar","Renewable Forecast Actual Generation","RENEW_FCST_ACT_MW",3,3,1031.80715,"ACTUAL",1
"13","2019-03-09",13,0,"2019-03-09T20:00:00-00:00","2019-03-09T21:00:00-00:00","NP15","Solar","Renewable Forecast Actual Generation","RENEW_FCST_ACT_MW",3,3,881.24227,"ACTUAL",1
"14","2019-03-09",14,0,"2019-03-09T21:00:00-00:00","2019-03-09T22:00:00-00:00","NP15","Solar","Renewable Forecast Actual Generation","RENEW_FCST_ACT_MW",3,3,645.36031,"ACTUAL",1
"15","2019-03-09",15,0,"2019-03-09T22:00:00-00:00","2019-03-09T23:00:00-00:00","NP15","Solar","Renewable Forecast Actual Generation","RENEW_FCST_ACT_MW",3,3,404.06613,"ACTUAL",1
"16","2019-03-09",16,0,"2019-03-09T23:00:00-00:00","2019-03-10T00:00:00-00:00","NP15","Solar","Renewable Forecast Actual Generation","RENEW_FCST_ACT_MW",3,3,249.93494,"ACTUAL",1
"17","2019-03-09",17,0,"2019-03-10T00:00:00-00:00","2019-03-10T01:00:00-00:00","NP15","Solar","Renewable Forecast Actual Generation","RENEW_FCST_ACT_MW",3,3,115.95733,"ACTUAL",1
"18","2019-03-09",18,0,"2019-03-10T01:00:00-00:00","2019-03-10T02:00:00-00:00","NP15","Solar","Renewable Forecast Actual Generation","RENEW_FCST_ACT_MW",3,3,26.86812,"ACTUAL",1
"19","2019-03-09",19,0,"2019-03-10T02:00:00-00:00","2019-03-10T03:00:00-00:00","NP15","Solar","Renewable Forecast Actual Generation","RENEW_FCST_ACT_MW",3,3,-3.19383,"ACTUAL",1
"20","2019-03-09",20,0,"2019-03-10T03:00:00-00:00","2019-03-10T04:00:00-00:00","NP15","Solar","Renewable Forecast Actual Generation","RENEW_FCST_ACT_MW",3,3,-3.21171,"ACTUAL",1
"21","2019-03-09",21,0,"2019-03-10T04:00:00-00:00","2019-03-10T05:00:00-00:00","NP15","Solar","Renewable Forecast Actual Generation","RENEW_FCST_ACT_MW",3,3,-3.22782,"ACTUAL",1
"22","2019-03-09",22,0,"2019-03-10T05:00:00-00:00","2019-03-10T06:00:00-00:00","NP15","Solar","Renewable Forecast Actual Generation","RENEW_FCST_ACT_MW",3,3,-3.22981,"ACTUAL",1
"23","2019-03-09",23,0,"2019-03-10T06:00:00-00:00","2019-03-10T07:00:00-00:00","NP15","Solar","Renewable Forecast Actual Generation","RENEW_FCST_ACT_MW",3,3,-3.25526,"ACTUAL",1
"24","2019-03-09",24,0,"2019-03-10T07:00:00-00:00","2019-03-10T08:00:00-00:00","NP15","Solar","Renewable Forecast Actual Generation","RENEW_FCST_ACT_MW",3,3,-3.25499,"ACTUAL",1
"25","2019-03-09",1,0,"2019-03-09T08:00:00-00:00","2019-03-09T09:00:00-00:00","NP15","Wind","Renewable Forecast Actual Generation","RENEW_FCST_ACT_MW",3,1,243.09493,"ACTUAL",2
"26","2019-03-09",24,0,"2019-03-10T07:00:00-00:00","2019-03-10T08:00:00-00:00","NP15","Wind","Renewable Forecast Actual Generation","RENEW_FCST_ACT_MW",3,1,236.44301,"ACTUAL",2
"27","2019-03-09",3,0,"2019-03-09T10:00:00-00:00","2019-03-09T11:00:00-00:00","NP15","Wind","Renewable Forecast Actual Generation","RENEW_FCST_ACT_MW",3,1,134.00475,"ACTUAL",2
"28","2019-03-09",4,0,"2019-03-09T11:00:00-00:00","2019-03-09T12:00:00-00:00","NP15","Wind","Renewable Forecast Actual Generation","RENEW_FCST_ACT_MW",3,1,110.94958,"ACTUAL",2
"29","2019-03-09",5,0,"2019-03-09T12:00:00-00:00","2019-03-09T13:00:00-00:00","NP15","Wind","Renewable Forecast Actual Generation","RENEW_FCST_ACT_MW",3,1,177.8557,"ACTUAL",2
"30","2019-03-09",6,0,"2019-03-09T13:00:00-00:00","2019-03-09T14:00:00-00:00","NP15","Wind","Renewable Forecast Actual Generation","RENEW_FCST_ACT_MW",3,1,310.87733,"ACTUAL",2
"31","2019-03-09",7,0,"2019-03-09T14:00:00-00:00","2019-03-09T15:00:00-00:00","NP15","Wind","Renewable Forecast Actual Generation","RENEW_FCST_ACT_MW",3,1,341.27832,"ACTUAL",2
"32","2019-03-09",8,0,"2019-03-09T15:00:00-00:00","2019-03-09T16:00:00-00:00","NP15","Wind","Renewable Forecast Actual Generation","RENEW_FCST_ACT_MW",3,1,338.57615,"ACTUAL",2
"33","2019-03-09",9,0,"2019-03-09T16:00:00-00:00","2019-03-09T17:00:00-00:00","NP15","Wind","Renewable Forecast Actual Generation","RENEW_FCST_ACT_MW",3,1,347.99649,"ACTUAL",2
"34","2019-03-09",10,0,"2019-03-09T17:00:00-00:00","2019-03-09T18:00:00-00:00","NP15","Wind","Renewable Forecast Actual Generation","RENEW_FCST_ACT_MW",3,1,136.7598,"ACTUAL",2
"35","2019-03-09",11,0,"2019-03-09T18:00:00-00:00","2019-03-09T19:00:00-00:00","NP15","Wind","Renewable Forecast Actual Generation","RENEW_FCST_ACT_MW",3,1,27.06305,"ACTUAL",2
"36","2019-03-09",12,0,"2019-03-09T19:00:00-00:00","2019-03-09T20:00:00-00:00","NP15","Wind","Renewable Forecast Actual Generation","RENEW_FCST_ACT_MW",3,1,36.05871,"ACTUAL",2
"37","2019-03-09",13,0,"2019-03-09T20:00:00-00:00","2019-03-09T21:00:00-00:00","NP15","Wind","Renewable Forecast Actual Generation","RENEW_FCST_ACT_MW",3,1,177.91187,"ACTUAL",2
"38","2019-03-09",14,0,"2019-03-09T21:00:00-00:00","2019-03-09T22:00:00-00:00","NP15","Wind","Renewable Forecast Actual Generation","RENEW_FCST_ACT_MW",3,1,316.01128,"ACTUAL",2
"39","2019-03-09",15,0,"2019-03-09T22:00:00-00:00","2019-03-09T23:00:00-00:00","NP15","Wind","Renewable Forecast Actual Generation","RENEW_FCST_ACT_MW",3,1,378.76719,"ACTUAL",2
"40","2019-03-09",16,0,"2019-03-09T23:00:00-00:00","2019-03-10T00:00:00-00:00","NP15","Wind","Renewable Forecast Actual Generation","RENEW_FCST_ACT_MW",3,1,268.90131,"ACTUAL",2
"41","2019-03-09",17,0,"2019-03-10T00:00:00-00:00","2019-03-10T01:00:00-00:00","NP15","Wind","Renewable Forecast Actual Generation","RENEW_FCST_ACT_MW",3,1,315.51753,"ACTUAL",2
"42","2019-03-09",18,0,"2019-03-10T01:00:00-00:00","2019-03-10T02:00:00-00:00","NP15","Wind","Renewable Forecast Actual Generation","RENEW_FCST_ACT_MW",3,1,187.05541,"ACTUAL",2
"43","2019-03-09",19,0,"2019-03-10T02:00:00-00:00","2019-03-10T03:00:00-00:00","NP15","Wind","Renewable Forecast Actual Generation","RENEW_FCST_ACT_MW",3,1,73.94973,"ACTUAL",2
"44","2019-03-09",20,0,"2019-03-10T03:00:00-00:00","2019-03-10T04:00:00-00:00","NP15","Wind","Renewable Forecast Actual Generation","RENEW_FCST_ACT_MW",3,1,136.82834,"ACTUAL",2
"45","2019-03-09",21,0,"2019-03-10T04:00:00-00:00","2019-03-10T05:00:00-00:00","NP15","Wind","Renewable Forecast Actual Generation","RENEW_FCST_ACT_MW",3,1,237.9483,"ACTUAL",2
"46","2019-03-09",22,0,"2019-03-10T05:00:00-00:00","2019-03-10T06:00:00-00:00","NP15","Wind","Renewable Forecast Actual Generation","RENEW_FCST_ACT_MW",3,1,284.99314,"ACTUAL",2
"47","2019-03-09",23,0,"2019-03-10T06:00:00-00:00","2019-03-10T07:00:00-00:00","NP15","Wind","Renewable Forecast Actual Generation","RENEW_FCST_ACT_MW",3,1,231.09533,"ACTUAL",2
"48","2019-03-09",2,0,"2019-03-09T09:00:00-00:00","2019-03-09T10:00:00-00:00","NP15","Wind","Renewable Forecast Actual Generation","RENEW_FCST_ACT_MW",3,1,193.10901,"ACTUAL",2
"49","2019-03-09",24,0,"2019-03-10T07:00:00-00:00","2019-03-10T08:00:00-00:00","SP15","Solar","Renewable Forecast Actual Generation","RENEW_FCST_ACT_MW",3,3,-8.15404,"ACTUAL",3
"50","2019-03-09",2,0,"2019-03-09T09:00:00-00:00","2019-03-09T10:00:00-00:00","SP15","Solar","Renewable Forecast Actual Generation","RENEW_FCST_ACT_MW",3,3,-10.02078,"ACTUAL",3
"51","2019-03-09",23,0,"2019-03-10T06:00:00-00:00","2019-03-10T07:00:00-00:00","SP15","Solar","Renewable Forecast Actual Generation","RENEW_FCST_ACT_MW",3,3,-8.24717,"ACTUAL",3
"52","2019-03-09",6,0,"2019-03-09T13:00:00-00:00","2019-03-09T14:00:00-00:00","SP15","Solar","Renewable Forecast Actual Generation","RENEW_FCST_ACT_MW",3,3,-8.80322,"ACTUAL",3
"53","2019-03-09",22,0,"2019-03-10T05:00:00-00:00","2019-03-10T06:00:00-00:00","SP15","Solar","Renewable Forecast Actual Generation","RENEW_FCST_ACT_MW",3,3,-7.87758,"ACTUAL",3
"54","2019-03-09",11,0,"2019-03-09T18:00:00-00:00","2019-03-09T19:00:00-00:00","SP15","Solar","Renewable Forecast Actual Generation","RENEW_FCST_ACT_MW",3,3,6182.96853,"ACTUAL",3
"55","2019-03-09",21,0,"2019-03-10T04:00:00-00:00","2019-03-10T05:00:00-00:00","SP15","Solar","Renewable Forecast Actual Generation","RENEW_FCST_ACT_MW",3,3,-7.52632,"ACTUAL",3
"56","2019-03-09",3,0,"2019-03-09T10:00:00-00:00","2019-03-09T11:00:00-00:00","SP15","Solar","Renewable Forecast Actual Generation","RENEW_FCST_ACT_MW",3,3,-9.22051,"ACTUAL",3
"57","2019-03-09",20,0,"2019-03-10T03:00:00-00:00","2019-03-10T04:00:00-00:00","SP15","Solar","Renewable Forecast Actual Generation","RENEW_FCST_ACT_MW",3,3,-7.39661,"ACTUAL",3
"58","2019-03-09",10,0,"2019-03-09T17:00:00-00:00","2019-03-09T18:00:00-00:00","SP15","Solar","Renewable Forecast Actual Generation","RENEW_FCST_ACT_MW",3,3,6197.97018,"ACTUAL",3
"59","2019-03-09",19,0,"2019-03-10T02:00:00-00:00","2019-03-10T03:00:00-00:00","SP15","Solar","Renewable Forecast Actual Generation","RENEW_FCST_ACT_MW",3,3,-8.71757,"ACTUAL",3
"60","2019-03-09",5,0,"2019-03-09T12:00:00-00:00","2019-03-09T13:00:00-00:00","SP15","Solar","Renewable Forecast Actual Generation","RENEW_FCST_ACT_MW",3,3,-9.05654,"ACTUAL",3
"61","2019-03-09",18,0,"2019-03-10T01:00:00-00:00","2019-03-10T02:00:00-00:00","SP15","Solar","Renewable Forecast Actual Generation","RENEW_FCST_ACT_MW",3,3,296.56686,"ACTUAL",3
"62","2019-03-09",9,0,"2019-03-09T16:00:00-00:00","2019-03-09T17:00:00-00:00","SP15","Solar","Renewable Forecast Actual Generation","RENEW_FCST_ACT_MW",3,3,5472.00204,"ACTUAL",3
"63","2019-03-09",17,0,"2019-03-10T00:00:00-00:00","2019-03-10T01:00:00-00:00","SP15","Solar","Renewable Forecast Actual Generation","RENEW_FCST_ACT_MW",3,3,2030.11093,"ACTUAL",3
"64","2019-03-09",1,0,"2019-03-09T08:00:00-00:00","2019-03-09T09:00:00-00:00","SP15","Solar","Renewable Forecast Actual Generation","RENEW_FCST_ACT_MW",3,3,-8.81268,"ACTUAL",3
"65","2019-03-09",16,0,"2019-03-09T23:00:00-00:00","2019-03-10T00:00:00-00:00","SP15","Solar","Renewable Forecast Actual Generation","RENEW_FCST_ACT_MW",3,3,4004.33269,"ACTUAL",3
"66","2019-03-09",8,0,"2019-03-09T15:00:00-00:00","2019-03-09T16:00:00-00:00","SP15","Solar","Renewable Forecast Actual Generation","RENEW_FCST_ACT_MW",3,3,3608.78993,"ACTUAL",3
"67","2019-03-09",15,0,"2019-03-09T22:00:00-00:00","2019-03-09T23:00:00-00:00","SP15","Solar","Renewable Forecast Actual Generation","RENEW_FCST_ACT_MW",3,3,4882.53209,"ACTUAL",3
"68","2019-03-09",4,0,"2019-03-09T11:00:00-00:00","2019-03-09T12:00:00-00:00","SP15","Solar","Renewable Forecast Actual Generation","RENEW_FCST_ACT_MW",3,3,-9.54719,"ACTUAL",3
"69","2019-03-09",14,0,"2019-03-09T21:00:00-00:00","2019-03-09T22:00:00-00:00","SP15","Solar","Renewable Forecast Actual Generation","RENEW_FCST_ACT_MW",3,3,5639.12751,"ACTUAL",3
"70","2019-03-09",7,0,"2019-03-09T14:00:00-00:00","2019-03-09T15:00:00-00:00","SP15","Solar","Renewable Forecast Actual Generation","RENEW_FCST_ACT_MW",3,3,619.60308,"ACTUAL",3
"71","2019-03-09",13,0,"2019-03-09T20:00:00-00:00","2019-03-09T21:00:00-00:00","SP15","Solar","Renewable Forecast Actual Generation","RENEW_FCST_ACT_MW",3,3,6209.57231,"ACTUAL",3
"72","2019-03-09",12,0,"2019-03-09T19:00:00-00:00","2019-03-09T20:00:00-00:00","SP15","Solar","Renewable Forecast Actual Generation","RENEW_FCST_ACT_MW",3,3,6104.37903,"ACTUAL",3
"73","2019-03-09",23,0,"2019-03-10T06:00:00-00:00","2019-03-10T07:00:00-00:00","SP15","Wind","Renewable Forecast Actual Generation","RENEW_FCST_ACT_MW",3,1,1407.8701,"ACTUAL",4
"74","2019-03-09",22,0,"2019-03-10T05:00:00-00:00","2019-03-10T06:00:00-00:00","SP15","Wind","Renewable Forecast Actual Generation","RENEW_FCST_ACT_MW",3,1,1472.40613,"ACTUAL",4
"75","2019-03-09",21,0,"2019-03-10T04:00:00-00:00","2019-03-10T05:00:00-00:00","SP15","Wind","Renewable Forecast Actual Generation","RENEW_FCST_ACT_MW",3,1,1491.9118,"ACTUAL",4
"76","2019-03-09",20,0,"2019-03-10T03:00:00-00:00","2019-03-10T04:00:00-00:00","SP15","Wind","Renewable Forecast Actual Generation","RENEW_FCST_ACT_MW",3,1,1356.04586,"ACTUAL",4
"77","2019-03-09",19,0,"2019-03-10T02:00:00-00:00","2019-03-10T03:00:00-00:00","SP15","Wind","Renewable Forecast Actual Generation","RENEW_FCST_ACT_MW",3,1,1116.81827,"ACTUAL",4
"78","2019-03-09",18,0,"2019-03-10T01:00:00-00:00","2019-03-10T02:00:00-00:00","SP15","Wind","Renewable Forecast Actual Generation","RENEW_FCST_ACT_MW",3,1,1146.00355,"ACTUAL",4
"79","2019-03-09",17,0,"2019-03-10T00:00:00-00:00","2019-03-10T01:00:00-00:00","SP15","Wind","Renewable Forecast Actual Generation","RENEW_FCST_ACT_MW",3,1,1133.01459,"ACTUAL",4
"80","2019-03-09",16,0,"2019-03-09T23:00:00-00:00","2019-03-10T00:00:00-00:00","SP15","Wind","Renewable Forecast Actual Generation","RENEW_FCST_ACT_MW",3,1,1020.22208,"ACTUAL",4
"81","2019-03-09",15,0,"2019-03-09T22:00:00-00:00","2019-03-09T23:00:00-00:00","SP15","Wind","Renewable Forecast Actual Generation","RENEW_FCST_ACT_MW",3,1,911.7771,"ACTUAL",4
"82","2019-03-09",14,0,"2019-03-09T21:00:00-00:00","2019-03-09T22:00:00-00:00","SP15","Wind","Renewable Forecast Actual Generation","RENEW_FCST_ACT_MW",3,1,860.34016,"ACTUAL",4
"83","2019-03-09",13,0,"2019-03-09T20:00:00-00:00","2019-03-09T21:00:00-00:00","SP15","Wind","Renewable Forecast Actual Generation","RENEW_FCST_ACT_MW",3,1,926.80522,"ACTUAL",4
"84","2019-03-09",12,0,"2019-03-09T19:00:00-00:00","2019-03-09T20:00:00-00:00","SP15","Wind","Renewable Forecast Actual Generation","RENEW_FCST_ACT_MW",3,1,970.04688,"ACTUAL",4
"85","2019-03-09",11,0,"2019-03-09T18:00:00-00:00","2019-03-09T19:00:00-00:00","SP15","Wind","Renewable Forecast Actual Generation","RENEW_FCST_ACT_MW",3,1,1001.2775,"ACTUAL",4
"86","2019-03-09",10,0,"2019-03-09T17:00:00-00:00","2019-03-09T18:00:00-00:00","SP15","Wind","Renewable Forecast Actual Generation","RENEW_FCST_ACT_MW",3,1,1224.31285,"ACTUAL",4
"87","2019-03-09",9,0,"2019-03-09T16:00:00-00:00","2019-03-09T17:00:00-00:00","SP15","Wind","Renewable Forecast Actual Generation","RENEW_FCST_ACT_MW",3,1,1459.79413,"ACTUAL",4
"88","2019-03-09",8,0,"2019-03-09T15:00:00-00:00","2019-03-09T16:00:00-00:00","SP15","Wind","Renewable Forecast Actual Generation","RENEW_FCST_ACT_MW",3,1,1916.09817,"ACTUAL",4
"89","2019-03-09",7,0,"2019-03-09T14:00:00-00:00","2019-03-09T15:00:00-00:00","SP15","Wind","Renewable Forecast Actual Generation","RENEW_FCST_ACT_MW",3,1,2220.61665,"ACTUAL",4
"90","2019-03-09",6,0,"2019-03-09T13:00:00-00:00","2019-03-09T14:00:00-00:00","SP15","Wind","Renewable Forecast Actual Generation","RENEW_FCST_ACT_MW",3,1,2217.89544,"ACTUAL",4
"91","2019-03-09",5,0,"2019-03-09T12:00:00-00:00","2019-03-09T13:00:00-00:00","SP15","Wind","Renewable Forecast Actual Generation","RENEW_FCST_ACT_MW",3,1,2129.31141,"ACTUAL",4
"92","2019-03-09",4,0,"2019-03-09T11:00:00-00:00","2019-03-09T12:00:00-00:00","SP15","Wind","Renewable Forecast Actual Generation","RENEW_FCST_ACT_MW",3,1,2315.0903,"ACTUAL",4
"93","2019-03-09",3,0,"2019-03-09T10:00:00-00:00","2019-03-09T11:00:00-00:00","SP15","Wind","Renewable Forecast Actual Generation","RENEW_FCST_ACT_MW",3,1,2302.90177,"ACTUAL",4
"94","2019-03-09",2,0,"2019-03-09T09:00:00-00:00","2019-03-09T10:00:00-00:00","SP15","Wind","Renewable Forecast Actual Generation","RENEW_FCST_ACT_MW",3,1,2585.6923,"ACTUAL",4
"95","2019-03-09",24,0,"2019-03-10T07:00:00-00:00","2019-03-10T08:00:00-00:00","SP15","Wind","Renewable Forecast Actual Generation","RENEW_FCST_ACT_MW",3,1,1354.44255,"ACTUAL",4
"96","2019-03-09",1,0,"2019-03-09T08:00:00-00:00","2019-03-09T09:00:00-00:00","SP15","Wind","Renewable Forecast Actual Generation","RENEW_FCST_ACT_MW",3,1,2782.00056,"ACTUAL",4
"97","2019-03-09",1,0,"2019-03-09T08:00:00-00:00","2019-03-09T09:00:00-00:00","ZP26","Solar","Renewable Forecast Actual Generation","RENEW_FCST_ACT_MW",3,3,-3.76389,"ACTUAL",5
"98","2019-03-09",24,0,"2019-03-10T07:00:00-00:00","2019-03-10T08:00:00-00:00","ZP26","Solar","Renewable Forecast Actual Generation","RENEW_FCST_ACT_MW",3,3,-3.75572,"ACTUAL",5
"99","2019-03-09",3,0,"2019-03-09T10:00:00-00:00","2019-03-09T11:00:00-00:00","ZP26","Solar","Renewable Forecast Actual Generation","RENEW_FCST_ACT_MW",3,3,-3.83121,"ACTUAL",5
"100","2019-03-09",4,0,"2019-03-09T11:00:00-00:00","2019-03-09T12:00:00-00:00","ZP26","Solar","Renewable Forecast Actual Generation","RENEW_FCST_ACT_MW",3,3,-4.15337,"ACTUAL",5
"101","2019-03-09",5,0,"2019-03-09T12:00:00-00:00","2019-03-09T13:00:00-00:00","ZP26","Solar","Renewable Forecast Actual Generation","RENEW_FCST_ACT_MW",3,3,-4.20886,"ACTUAL",5
"102","2019-03-09",6,0,"2019-03-09T13:00:00-00:00","2019-03-09T14:00:00-00:00","ZP26","Solar","Renewable Forecast Actual Generation","RENEW_FCST_ACT_MW",3,3,-4.20703,"ACTUAL",5
"103","2019-03-09",7,0,"2019-03-09T14:00:00-00:00","2019-03-09T15:00:00-00:00","ZP26","Solar","Renewable Forecast Actual Generation","RENEW_FCST_ACT_MW",3,3,46.78586,"ACTUAL",5
"104","2019-03-09",8,0,"2019-03-09T15:00:00-00:00","2019-03-09T16:00:00-00:00","ZP26","Solar","Renewable Forecast Actual Generation","RENEW_FCST_ACT_MW",3,3,438.80661,"ACTUAL",5
"105","2019-03-09",9,0,"2019-03-09T16:00:00-00:00","2019-03-09T17:00:00-00:00","ZP26","Solar","Renewable Forecast Actual Generation","RENEW_FCST_ACT_MW",3,3,893.24474,"ACTUAL",5
"106","2019-03-09",10,0,"2019-03-09T17:00:00-00:00","2019-03-09T18:00:00-00:00","ZP26","Solar","Renewable Forecast Actual Generation","RENEW_FCST_ACT_MW",3,3,1251.52879,"ACTUAL",5
"107","2019-03-09",11,0,"2019-03-09T18:00:00-00:00","2019-03-09T19:00:00-00:00","ZP26","Solar","Renewable Forecast Actual Generation","RENEW_FCST_ACT_MW",3,3,1319.14683,"ACTUAL",5
"108","2019-03-09",12,0,"2019-03-09T19:00:00-00:00","2019-03-09T20:00:00-00:00","ZP26","Solar","Renewable Forecast Actual Generation","RENEW_FCST_ACT_MW",3,3,1257.94814,"ACTUAL",5
"109","2019-03-09",13,0,"2019-03-09T20:00:00-00:00","2019-03-09T21:00:00-00:00","ZP26","Solar","Renewable Forecast Actual Generation","RENEW_FCST_ACT_MW",3,3,1248.93153,"ACTUAL",5
"110","2019-03-09",14,0,"2019-03-09T21:00:00-00:00","2019-03-09T22:00:00-00:00","ZP26","Solar","Renewable Forecast Actual Generation","RENEW_FCST_ACT_MW",3,3,1051.94908,"ACTUAL",5
"111","2019-03-09",15,0,"2019-03-09T22:00:00-00:00","2019-03-09T23:00:00-00:00","ZP26","Solar","Renewable Forecast Actual Generation","RENEW_FCST_ACT_MW",3,3,782.33204,"ACTUAL",5
"112","2019-03-09",16,0,"2019-03-09T23:00:00-00:00","2019-03-10T00:00:00-00:00","ZP26","Solar","Renewable Forecast Actual Generation","RENEW_FCST_ACT_MW",3,3,547.81352,"ACTUAL",5
"113","2019-03-09",17,0,"2019-03-10T00:00:00-00:00","2019-03-10T01:00:00-00:00","ZP26","Solar","Renewable Forecast Actual Generation","RENEW_FCST_ACT_MW",3,3,233.32826,"ACTUAL",5
"114","2019-03-09",18,0,"2019-03-10T01:00:00-00:00","2019-03-10T02:00:00-00:00","ZP26","Solar","Renewable Forecast Actual Generation","RENEW_FCST_ACT_MW",3,3,35.49289,"ACTUAL",5
"115","2019-03-09",19,0,"2019-03-10T02:00:00-00:00","2019-03-10T03:00:00-00:00","ZP26","Solar","Renewable Forecast Actual Generation","RENEW_FCST_ACT_MW",3,3,-3.92739,"ACTUAL",5
"116","2019-03-09",20,0,"2019-03-10T03:00:00-00:00","2019-03-10T04:00:00-00:00","ZP26","Solar","Renewable Forecast Actual Generation","RENEW_FCST_ACT_MW",3,3,-3.6787,"ACTUAL",5
"117","2019-03-09",21,0,"2019-03-10T04:00:00-00:00","2019-03-10T05:00:00-00:00","ZP26","Solar","Renewable Forecast Actual Generation","RENEW_FCST_ACT_MW",3,3,-3.66621,"ACTUAL",5
"118","2019-03-09",22,0,"2019-03-10T05:00:00-00:00","2019-03-10T06:00:00-00:00","ZP26","Solar","Renewable Forecast Actual Generation","RENEW_FCST_ACT_MW",3,3,-3.64202,"ACTUAL",5
"119","2019-03-09",23,0,"2019-03-10T06:00:00-00:00","2019-03-10T07:00:00-00:00","ZP26","Solar","Renewable Forecast Actual Generation","RENEW_FCST_ACT_MW",3,3,-3.69269,"ACTUAL",5
"120","2019-03-09",2,0,"2019-03-09T09:00:00-00:00","2019-03-09T10:00:00-00:00","ZP26","Solar","Renewable Forecast Actual Generation","RENEW_FCST_ACT_MW",3,3,-3.76482,"ACTUAL",5
