"","OPR_DT","OPR_HR","OPR_INTERVAL","INTERVALSTARTTIME_GMT","INTERVALENDTIME_GMT","TRADING_HUB","RENEWABLE_TYPE","LABEL","XML_DATA_ITEM","MARKET_RUN_ID_POS","RENEW_POS","MW","MARKET_RUN_ID","GROUP"
"1","2019-07-03",2,0,"2019-07-03T08:00:00-00:00","2019-07-03T09:00:00-00:00","NP15","Solar","Renewable Forecast Actual Generation","RENEW_FCST_ACT_MW",3,3,1.74732,"ACTUAL",1
"2","2019-07-03",3,0,"2019-07-03T09:00:00-00:00","2019-07-03T10:00:00-00:00","NP15","Solar","Renewable Forecast Actual Generation","RENEW_FCST_ACT_MW",3,3,1.95776,"ACTUAL",1
"3","2019-07-03",4,0,"2019-07-03T10:00:00-00:00","2019-07-03T11:00:00-00:00","NP15","Solar","Renewable Forecast Actual Generation","RENEW_FCST_ACT_MW",3,3,1.26115,"ACTUAL",1
"4","2019-07-03",5,0,"2019-07-03T11:00:00-00:00","2019-07-03T12:00:00-00:00","NP15","Solar","Renewable Forecast Actual Generation","RENEW_FCST_ACT_MW",3,3,-1.02585,"ACTUAL",1
"5","2019-07-03",6,0,"2019-07-03T12:00:00-00:00","2019-07-03T13:00:00-00:00","NP15","Solar","Renewable Forecast Actual Generation","RENEW_FCST_ACT_MW",3,3,0.21967,"ACTUAL",1
"6","2019-07-03",7,0,"2019-07-03T13:00:00-00:00","2019-07-03T14:00:00-00:00","NP15","Solar","Renewable Forecast Actual Generation","RENEW_FCST_ACT_MW",3,3,197.41611,"ACTUAL",1
"7","2019-07-03",8,0,"2019-07-03T14:00:00-00:00","2019-07-03T15:00:00-00:00","NP15","Solar","Renewable Forecast Actual Generation","RENEW_FCST_ACT_MW",3,3,802.15589,"ACTUAL",1
"8","2019-07-03",9,0,"2019-07-03T15:00:00-00:00","2019-07-03T16:00:00-00:00","NP15","Solar","Renewable Forecast Actual Generation","RENEW_FCST_ACT_MW",3,3,1157.12792,"ACTUAL",1
"9","2019-07-03",10,0,"2019-07-03T16:00:00-00:00","2019-07-03T17:00:00-00:00","NP15","Solar","Renewable Forecast Actual Generation","RENEW_FCST_ACT_MW",3,3,1351.69442,"ACTUAL",1
"10","2019-07-03",11,0,"2019-07-03T17:00:00-00:00","2019-07-03T18:00:00-00:00","NP15","Solar","Renewable Forecast Actual Generation","RENEW_FCST_ACT_MW",3,3,1397.19579,"ACTUAL",1
"11","2019-07-03",12,0,"2019-07-03T18:00:00-00:00","2019-07-03T19:00:00-00:00","NP15","Solar","Renewable Forecast Actual Generation","RENEW_FCST_ACT_MW",3,3,1434.00611,"ACTUAL",1
"12","2019-07-03",13,0,"2019-07-03T19:00:00-00:00","2019-07-03T20:00:00-00:00","NP15","Solar","Renewable Forecast Actual Generation","RENEW_FCST_ACT_MW",3,3,1435.48893,"ACTUAL",1
"13","2019-07-03",14,0,"2019-07-03T20:00:00-00:00","2019-07-03T21:00:00-00:00","NP15","Solar","Renewable Forecast Actual Generation","RENEW_FCST_ACT_MW",3,3,1377.51626,"ACTUAL",1
"14","2019-07-03",15,0,"2019-07-03T21:00:00-00:00","2019-07-03T22:00:00-00:00","NP15","Solar","Renewable Forecast Actual Generation","RENEW_FCST_ACT_MW",3,3,1418.63385,"ACTUAL",1
"15","2019-07-03",16,0,"2019-07-03T22:00:00-00:00","2019-07-03T23:00:00-00:00","NP15","Solar","Renewable Forecast Actual Generation","RENEW_FCST_ACT_MW",3,3,1328.32169,"ACTUAL",1
"16","2019-07-03",17,0,"2019-07-03T23:00:00-00:00","2019-07-04T00:00:00-00:00","NP15","Solar","Renewable Forecast Actual Generation","RENEW_FCST_ACT_MW",3,3,1297.07509,"ACTUAL",1
"17","2019-07-03",18,0,"2019-07-04T00:00:00-00:00","2019-07-04T01:00:00-00:00","NP15","Solar","Renewable Forecast Actual Generation","RENEW_FCST_ACT_MW",3,3,1284.17575,"ACTUAL",1
"18","2019-07-03",19,0,"2019-07-04T01:00:00-00:00","2019-07-04T02:00:00-00:00","NP15","Solar","Renewable Forecast Actual Generation","RENEW_FCST_ACT_MW",3,3,964.15014,"ACTUAL",1
"19","2019-07-03",20,0,"2019-07-04T02:00:00-00:00","2019-07-04T03:00:00-00:00","NP15","Solar","Renewable Forecast Actual Generation","RENEW_FCST_ACT_MW",3,3,313.51541,"ACTUAL",1
"20","2019-07-03",21,0,"2019-07-04T03:00:00-00:00","2019-07-04T04:00:00-00:00","NP15","Solar","Renewable Forecast Actual Generation","RENEW_FCST_ACT_MW",3,3,11.98353,"ACTUAL",1
"21","2019-07-03",22,0,"2019-07-04T04:00:00-00:00","2019-07-04T05:00:00-00:00","NP15","Solar","Renewable Forecast Actual Generation","RENEW_FCST_ACT_MW",3,3,5.62728,"ACTUAL",1
"22","2019-07-03",23,0,"2019-07-04T05:00:00-00:00","2019-07-04T06:00:00-00:00","NP15","Solar","Renewable Forecast Actual Generation","RENEW_FCST_ACT_MW",3,3,5.71938,"ACTUAL",1
"23","2019-07-03",24,0,"2019-07-04T06:00:00-00:00","2019-07-04T07:00:00-00:00","NP15","Solar","Renewable Forecast Actual Generation","RENEW_FCST_ACT_MW",3,3,5.65173,"ACTUAL",1
"24","2019-07-03",18,0,"2019-07-04T00:00:00-00:00","2019-07-04T01:00:00-00:00","NP15","Wind","Renewable Forecast Actual Generation","RENEW_FCST_ACT_MW",3,1,816.58954,"ACTUAL",2
"25","2019-07-03",6,0,"2019-07-03T12:00:00-00:00","2019-07-03T13:00:00-00:00","NP15","Wind","Renewable Forecast Actual Generation","RENEW_FCST_ACT_MW",3,1,954.01843,"ACTUAL",2
"26","2019-07-03",17,0,"2019-07-03T23:00:00-00:00","2019-07-04T00:00:00-00:00","NP15","Wind","Renewable Forecast Actual Generation","RENEW_FCST_ACT_MW",3,1,794.57333,"ACTUAL",2
"27","2019-07-03",16,0,"2019-07-03T22:00:00-00:00","2019-07-03T23:00:00-00:00","NP15","Wind","Renewable Forecast Actual Generation","RENEW_FCST_ACT_MW",3,1,664.66538,"ACTUAL",2
"28","2019-07-03",15,0,"2019-07-03T21:00:00-00:00","2019-07-03T22:00:00-00:00","NP15","Wind","Renewable Forecast Actual Generation","RENEW_FCST_ACT_MW",3,1,399.47384,"ACTUAL",2
"29","2019-07-03",14,0,"2019-07-03T20:00:00-00:00","2019-07-03T21:00:00-00:00","NP15","Wind","Renewable Forecast Actual Generation","RENEW_FCST_ACT_MW",3,1,248.71854,"ACTUAL",2
"30","2019-07-03",13,0,"2019-07-03T19:00:00-00:00","2019-07-03T20:00:00-00:00","NP15","Wind","Renewable Forecast Actual Generation","RENEW_FCST_ACT_MW",3,1,200.34857,"ACTUAL",2
"31","2019-07-03",12,0,"2019-07-03T18:00:00-00:00","2019-07-03T19:00:00-00:00","NP15","Wind","Renewable Forecast Actual Generation","RENEW_FCST_ACT_MW",3,1,227.68802,"ACTUAL",2
"32","2019-07-03",11,0,"2019-07-03T17:00:00-00:00","2019-07-03T18:00:00-00:00","NP15","Wind","Renewable Forecast Actual Generation","RENEW_FCST_ACT_MW",3,1,419.01024,"ACTUAL",2
"33","2019-07-03",10,0,"2019-07-03T16:00:00-00:00","2019-07-03T17:00:00-00:00","NP15","Wind","Renewable Forecast Actual Generation","RENEW_FCST_ACT_MW",3,1,526.14467,"ACTUAL",2
"34","2019-07-03",9,0,"2019-07-03T15:00:00-00:00","2019-07-03T16:00:00-00:00","NP15","Wind","Renewable Forecast Actual Generation","RENEW_FCST_ACT_MW",3,1,732.95121,"ACTUAL",2
"35","2019-07-03",8,0,"2019-07-03T14:00:00-00:00","2019-07-03T15:00:00-00:00","NP15","Wind","Renewable Forecast Actual Generation","RENEW_FCST_ACT_MW",3,1,763.00894,"ACTUAL",2
"36","2019-07-03",7,0,"2019-07-03T13:00:00-00:00","2019-07-03T14:00:00-00:00","NP15","Wind","Renewable Forecast Actual Generation","RENEW_FCST_ACT_MW",3,1,908.21186,"ACTUAL",2
"37","2019-07-03",5,0,"2019-07-03T11:00:00-00:00","2019-07-03T12:00:00-00:00","NP15","Wind","Renewable Forecast Actual Generation","RENEW_FCST_ACT_MW",3,1,994.68729,"ACTUAL",2
"38","2019-07-03",4,0,"2019-07-03T10:00:00-00:00","2019-07-03T11:00:00-00:00","NP15","Wind","Renewable Forecast Actual Generation","RENEW_FCST_ACT_MW",3,1,1034.27653,"ACTUAL",2
"39","2019-07-03",3,0,"2019-07-03T09:00:00-00:00","2019-07-03T10:00:00-00:00","NP15","Wind","Renewable Forecast Actual Generation","RENEW_FCST_ACT_MW",3,1,1059.21385,"ACTUAL",2
"40","2019-07-03",2,0,"2019-07-03T08:00:00-00:00","2019-07-03T09:00:00-00:00","NP15","Wind","Renewable Forecast Actual Generation","RENEW_FCST_ACT_MW",3,1,1060.84473,"ACTUAL",2
"41","2019-07-03",24,0,"2019-07-04T06:00:00-00:00","2019-07-04T07:00:00-00:00","NP15","Wind","Renewable Forecast Actual Generation","RENEW_FCST_ACT_MW",3,1,1066.03536,"ACTUAL",2
"42","2019-07-03",23,0,"2019-07-04T05:00:00-00:00","2019-07-04T06:00:00-00:00","NP15","Wind","Renewable Forecast Actual Generation","RENEW_FCST_ACT_MW",3,1,1115.05088,"ACTUAL",2
"43","2019-07-03",22,0,"2019-07-04T04:00:00-00:00","2019-07-04T05:00:00-00:00","NP15","Wind","Renewable Forecast Actual Generation","RENEW_FCST_ACT_MW",3,1,1002.20573,"ACTUAL",2
"44","2019-07-03",21,0,"2019-07-04T03:00:00-00:00","2019-07-04T04:00:00-00:00","NP15","Wind","Renewable Forecast Actual Generation","RENEW_FCST_ACT_MW",3,1,865.80401,"ACTUAL",2
"45","2019-07-03",20,0,"2019-07-04T02:00:00-00:00","2019-07-04T03:00:00-00:00","NP15","Wind","Renewable Forecast Actual Generation","RENEW_FCST_ACT_MW",3,1,801.51073,"ACTUAL",2
"46","2019-07-03",19,0,"2019-07-04T01:00:00-00:00","2019-07-04T02:00:00-00:00","NP15","Wind","Renewable Forecast Actual Generation","RENEW_FCST_ACT_MW",3,1,812.03267,"ACTUAL",2
"47","2019-07-03",6,0,"2019-07-03T12:00:00-00:00","2019-07-03T13:00:00-00:00","SP15","Solar","Renewable Forecast Actual Generation","RENEW_FCST_ACT_MW",3,3,15.41587,"ACTUAL",3
"48","2019-07-03",18,0,"2019-07-04T00:00:00-00:00","2019-07-04T01:00:00-00:00","SP15","Solar","Renewable Forecast Actual Generation","RENEW_FCST_ACT_MW",3,3,5010.18232,"ACTUAL",3
"49","2019-07-03",5,0,"2019-07-03T11:00:00-00:00","2019-07-03T12:00:00-00:00","SP15","Solar","Renewable Forecast Actual Generation","RENEW_FCST_ACT_MW",3,3,5.38223,"ACTUAL",3
"50","2019-07-03",11,0,"2019-07-03T17:00:00-00:00","2019-07-03T18:00:00-00:00","SP15","Solar","Renewable Forecast Actual Generation","RENEW_FCST_ACT_MW",3,3,6989.63149,"ACTUAL",3
"51","2019-07-03",4,0,"2019-07-03T10:00:00-00:00","2019-07-03T11:00:00-00:00","SP15","Solar","Renewable Forecast Actual Generation","RENEW_FCST_ACT_MW",3,3,40.23164,"ACTUAL",3
"52","2019-07-03",15,0,"2019-07-03T21:00:00-00:00","2019-07-03T22:00:00-00:00","SP15","Solar","Renewable Forecast Actual Generation","RENEW_FCST_ACT_MW",3,3,6726.95423,"ACTUAL",3
"53","2019-07-03",3,0,"2019-07-03T09:00:00-00:00","2019-07-03T10:00:00-00:00","SP15","Solar","Renewable Forecast Actual Generation","RENEW_FCST_ACT_MW",3,3,43.85431,"ACTUAL",3
"54","2019-07-03",10,0,"2019-07-03T16:00:00-00:00","2019-07-03T17:00:00-00:00","SP15","Solar","Renewable Forecast Actual Generation","RENEW_FCST_ACT_MW",3,3,6723.45821,"ACTUAL",3
"55","2019-07-03",2,0,"2019-07-03T08:00:00-00:00","2019-07-03T09:00:00-00:00","SP15","Solar","Renewable Forecast Actual Generation","RENEW_FCST_ACT_MW",3,3,43.91195,"ACTUAL",3
"56","2019-07-03",13,0,"2019-07-03T19:00:00-00:00","2019-07-03T20:00:00-00:00","SP15","Solar","Renewable Forecast Actual Generation","RENEW_FCST_ACT_MW",3,3,7120.95587,"ACTUAL",3
"57","2019-07-03",24,0,"2019-07-04T06:00:00-00:00","2019-07-04T07:00:00-00:00","SP15","Solar","Renewable Forecast Actual Generation","RENEW_FCST_ACT_MW",3,3,6.84866,"ACTUAL",3
"58","2019-07-03",9,0,"2019-07-03T15:00:00-00:00","2019-07-03T16:00:00-00:00","SP15","Solar","Renewable Forecast Actual Generation","RENEW_FCST_ACT_MW",3,3,5906.18321,"ACTUAL",3
"59","2019-07-03",23,0,"2019-07-04T05:00:00-00:00","2019-07-04T06:00:00-00:00","SP15","Solar","Renewable Forecast Actual Generation","RENEW_FCST_ACT_MW",3,3,7.13789,"ACTUAL",3
"60","2019-07-03",16,0,"2019-07-03T22:00:00-00:00","2019-07-03T23:00:00-00:00","SP15","Solar","Renewable Forecast Actual Generation","RENEW_FCST_ACT_MW",3,3,6458.96007,"ACTUAL",3
"61","2019-07-03",22,0,"2019-07-04T04:00:00-00:00","2019-07-04T05:00:00-00:00","SP15","Solar","Renewable Forecast Actual Generation","RENEW_FCST_ACT_MW",3,3,7.33945,"ACTUAL",3
"62","2019-07-03",8,0,"2019-07-03T14:00:00-00:00","2019-07-03T15:00:00-00:00","SP15","Solar","Renewable Forecast Actual Generation","RENEW_FCST_ACT_MW",3,3,3960.96114,"ACTUAL",3
"63","2019-07-03",21,0,"2019-07-04T03:00:00-00:00","2019-07-04T04:00:00-00:00","SP15","Solar","Renewable Forecast Actual Generation","RENEW_FCST_ACT_MW",3,3,46.4218,"ACTUAL",3
"64","2019-07-03",12,0,"2019-07-03T18:00:00-00:00","2019-07-03T19:00:00-00:00","SP15","Solar","Renewable Forecast Actual Generation","RENEW_FCST_ACT_MW",3,3,7115.92814,"ACTUAL",3
"65","2019-07-03",20,0,"2019-07-04T02:00:00-00:00","2019-07-04T03:00:00-00:00","SP15","Solar","Renewable Forecast Actual Generation","RENEW_FCST_ACT_MW",3,3,701.75946,"ACTUAL",3
"66","2019-07-03",7,0,"2019-07-03T13:00:00-00:00","2019-07-03T14:00:00-00:00","SP15","Solar","Renewable Forecast Actual Generation","RENEW_FCST_ACT_MW",3,3,1147.66323,"ACTUAL",3
"67","2019-07-03",19,0,"2019-07-04T01:00:00-00:00","2019-07-04T02:00:00-00:00","SP15","Solar","Renewable Forecast Actual Generation","RENEW_FCST_ACT_MW",3,3,2998.15119,"ACTUAL",3
"68","2019-07-03",14,0,"2019-07-03T20:00:00-00:00","2019-07-03T21:00:00-00:00","SP15","Solar","Renewable Forecast Actual Generation","RENEW_FCST_ACT_MW",3,3,7092.68611,"ACTUAL",3
"69","2019-07-03",17,0,"2019-07-03T23:00:00-00:00","2019-07-04T00:00:00-00:00","SP15","Solar","Renewable Forecast Actual Generation","RENEW_FCST_ACT_MW",3,3,5833.09968,"ACTUAL",3
"70","2019-07-03",18,0,"2019-07-04T00:00:00-00:00","2019-07-04T01:00:00-00:00","SP15","Wind","Renewable Forecast Actual Generation","RENEW_FCST_ACT_MW",3,1,3276.70397,"ACTUAL",4
"71","2019-07-03",19,0,"2019-07-04T01:00:00-00:00","2019-07-04T02:00:00-00:00","SP15","Wind","Renewable Forecast Actual Generation","RENEW_FCST_ACT_MW",3,1,3255.26123,"ACTUAL",4
"72","2019-07-03",20,0,"2019-07-04T02:00:00-00:00","2019-07-04T03:00:00-00:00","SP15","Wind","Renewable Forecast Actual Generation","RENEW_FCST_ACT_MW",3,1,3000.9762,"ACTUAL",4
"73","2019-07-03",21,0,"2019-07-04T03:00:00-00:00","2019-07-04T04:00:00-00:00","SP15","Wind","Renewable Forecast Actual Generation","RENEW_FCST_ACT_MW",3,1,2859.98665,"ACTUAL",4
"74","2019-07-03",22,0,"2019-07-04T04:00:00-00:00","2019-07-04T05:00:00-00:00","SP15","Wind","Renewable Forecast Actual Generation","RENEW_FCST_ACT_MW",3,1,2873.85064,"ACTUAL",4
"75","2019-07-03",23,0,"2019-07-04T05:00:00-00:00","2019-07-04T06:00:00-00:00","SP15","Wind","Renewable Forecast Actual Generation","RENEW_FCST_ACT_MW",3,1,2715.5328,"ACTUAL",4
"76","2019-07-03",24,0,"2019-07-04T06:00:00-00:00","2019-07-04T07:00:00-00:00","SP15","Wind","Renewable Forecast Actual Generation","RENEW_FCST_ACT_MW",3,1,2688.10173,"ACTUAL",4
"77","2019-07-03",2,0,"2019-07-03T08:00:00-00:00","2019-07-03T09:00:00-00:00","SP15","Wind","Renewable Forecast Actual Generation","RENEW_FCST_ACT_MW",3,1,2864.49877,"ACTUAL",4
"78","2019-07-03",3,0,"2019-07-03T09:00:00-00:00","2019-07-03T10:00:00-00:00","SP15","Wind","Renewable Forecast Actual Generation","RENEW_FCST_ACT_MW",3,1,2692.04913,"ACTUAL",4
"79","2019-07-03",4,0,"2019-07-03T10:00:00-00:00","2019-07-03T11:00:00-00:00","SP15","Wind","Renewable Forecast Actual Generation","RENEW_FCST_ACT_MW",3,1,2878.40268,"ACTUAL",4
"80","2019-07-03",5,0,"2019-07-03T11:00:00-00:00","2019-07-03T12:00:00-00:00","SP15","Wind","Renewable Forecast Actual Generation","RENEW_FCST_ACT_MW",3,1,2966.57871,"ACTUAL",4
"81","2019-07-03",6,0,"2019-07-03T12:00:00-00:00","2019-07-03T13:00:00-00:00","SP15","Wind","Renewable Forecast Actual Generation","RENEW_FCST_ACT_MW",3,1,2996.11126,"ACTUAL",4
"82","2019-07-03",7,0,"2019-07-03T13:00:00-00:00","2019-07-03T14:00:00-00:00","SP15","Wind","Renewable Forecast Actual Generation","RENEW_FCST_ACT_MW",3,1,2919.19556,"ACTUAL",4
"83","2019-07-03",8,0,"2019-07-03T14:00:00-00:00","2019-07-03T15:00:00-00:00","SP15","Wind","Renewable Forecast Actual Generation","RENEW_FCST_ACT_MW",3,1,2844.66843,"ACTUAL",4
"84","2019-07-03",9,0,"2019-07-03T15:00:00-00:00","2019-07-03T16:00:00-00:00","SP15","Wind","Renewable Forecast Actual Generation","RENEW_FCST_ACT_MW",3,1,2721.41389,"ACTUAL",4
"85","2019-07-03",10,0,"2019-07-03T16:00:00-00:00","2019-07-03T17:00:00-00:00","SP15","Wind","Renewable Forecast Actual Generation","RENEW_FCST_ACT_MW",3,1,2560.88113,"ACTUAL",4
"86","2019-07-03",11,0,"2019-07-03T17:00:00-00:00","2019-07-03T18:00:00-00:00","SP15","Wind","Renewable Forecast Actual Generation","RENEW_FCST_ACT_MW",3,1,2661.40198,"ACTUAL",4
"87","2019-07-03",12,0,"2019-07-03T18:00:00-00:00","2019-07-03T19:00:00-00:00","SP15","Wind","Renewable Forecast Actual Generation","RENEW_FCST_ACT_MW",3,1,2994.86566,"ACTUAL",4
"88","2019-07-03",13,0,"2019-07-03T19:00:00-00:00","2019-07-03T20:00:00-00:00","SP15","Wind","Renewable Forecast Actual Generation","RENEW_FCST_ACT_MW",3,1,3196.28238,"ACTUAL",4
"89","2019-07-03",14,0,"2019-07-03T20:00:00-00:00","2019-07-03T21:00:00-00:00","SP15","Wind","Renewable Forecast Actual Generation","RENEW_FCST_ACT_MW",3,1,3289.8526,"ACTUAL",4
"90","2019-07-03",15,0,"2019-07-03T21:00:00-00:00","2019-07-03T22:00:00-00:00","SP15","Wind","Renewable Forecast Actual Generation","RENEW_FCST_ACT_MW",3,1,3324.88951,"ACTUAL",4
"91","2019-07-03",16,0,"2019-07-03T22:00:00-00:00","2019-07-03T23:00:00-00:00","SP15","Wind","Renewable Forecast Actual Generation","RENEW_FCST_ACT_MW",3,1,3325.74047,"ACTUAL",4
"92","2019-07-03",17,0,"2019-07-03T23:00:00-00:00","2019-07-04T00:00:00-00:00","SP15","Wind","Renewable Forecast Actual Generation","RENEW_FCST_ACT_MW",3,1,3366.58078,"ACTUAL",4
"93","2019-07-03",18,0,"2019-07-04T00:00:00-00:00","2019-07-04T01:00:00-00:00","ZP26","Solar","Renewable Forecast Actual Generation","RENEW_FCST_ACT_MW",3,3,1343.21217,"ACTUAL",5
"94","2019-07-03",17,0,"2019-07-03T23:00:00-00:00","2019-07-04T00:00:00-00:00","ZP26","Solar","Renewable Forecast Actual Generation","RENEW_FCST_ACT_MW",3,3,1561.9404,"ACTUAL",5
"95","2019-07-03",20,0,"2019-07-04T02:00:00-00:00","2019-07-04T03:00:00-00:00","ZP26","Solar","Renewable Forecast Actual Generation","RENEW_FCST_ACT_MW",3,3,228.87277,"ACTUAL",5
"96","2019-07-03",21,0,"2019-07-04T03:00:00-00:00","2019-07-04T04:00:00-00:00","ZP26","Solar","Renewable Forecast Actual Generation","RENEW_FCST_ACT_MW",3,3,-2.03786,"ACTUAL",5
"97","2019-07-03",22,0,"2019-07-04T04:00:00-00:00","2019-07-04T05:00:00-00:00","ZP26","Solar","Renewable Forecast Actual Generation","RENEW_FCST_ACT_MW",3,3,-4.59571,"ACTUAL",5
"98","2019-07-03",23,0,"2019-07-04T05:00:00-00:00","2019-07-04T06:00:00-00:00","ZP26","Solar","Renewable Forecast Actual Generation","RENEW_FCST_ACT_MW",3,3,-5.09072,"ACTUAL",5
"99","2019-07-03",24,0,"2019-07-04T06:00:00-00:00","2019-07-04T07:00:00-00:00","ZP26","Solar","Renewable Forecast Actual Generation","RENEW_FCST_ACT_MW",3,3,-5.4025,"ACTUAL",5
"100","2019-07-03",2,0,"2019-07-03T08:00:00-00:00","2019-07-03T09:00:00-00:00","ZP26","Solar","Renewable Forecast Actual Generation","RENEW_FCST_ACT_MW",3,3,-5.2055,"ACTUAL",5
"101","2019-07-03",3,0,"2019-07-03T09:00:00-00:00","2019-07-03T10:00:00-00:00","ZP26","Solar","Renewable Forecast Actual Generation","RENEW_FCST_ACT_MW",3,3,-5.26441,"ACTUAL",5
"102","2019-07-03",4,0,"2019-07-03T10:00:00-00:00","2019-07-03T11:00:00-00:00","ZP26","Solar","Renewable Forecast Actual Generation","RENEW_FCST_ACT_MW",3,3,-5.27619,"ACTUAL",5
"103","2019-07-03",5,0,"2019-07-03T11:00:00-00:00","2019-07-03T12:00:00-00:00","ZP26","Solar","Renewable Forecast Actual Generation","RENEW_FCST_ACT_MW",3,3,-5.33238,"ACTUAL",5
"104","2019-07-03",6,0,"2019-07-03T12:00:00-00:00","2019-07-03T13:00:00-00:00","ZP26","Solar","Renewable Forecast Actual Generation","RENEW_FCST_ACT_MW",3,3,-4.99381,"ACTUAL",5
"105","2019-07-03",7,0,"2019-07-03T13:00:00-00:00","2019-07-03T14:00:00-00:00","ZP26","Solar","Renewable Forecast Actual Generation","RENEW_FCST_ACT_MW",3,3,180.61066,"ACTUAL",5
"106","2019-07-03",8,0,"2019-07-03T14:00:00-00:00","2019-07-03T15:00:00-00:00","ZP26","Solar","Renewable Forecast Actual Generation","RENEW_FCST_ACT_MW",3,3,765.18433,"ACTUAL",5
"107","2019-07-03",9,0,"2019-07-03T15:00:00-00:00","2019-07-03T16:00:00-00:00","ZP26","Solar","Renewable Forecast Actual Generation","RENEW_FCST_ACT_MW",3,3,1228.26697,"ACTUAL",5
"108","2019-07-03",10,0,"2019-07-03T16:00:00-00:00","2019-07-03T17:00:00-00:00","ZP26","Solar","Renewable Forecast Actual Generation","RENEW_FCST_ACT_MW",3,3,1520.79996,"ACTUAL",5
"109","2019-07-03",11,0,"2019-07-03T17:00:00-00:00","2019-07-03T18:00:00-00:00","ZP26","Solar","Renewable Forecast Actual Generation","RENEW_FCST_ACT_MW",3,3,1674.58309,"ACTUAL",5
"110","2019-07-03",12,0,"2019-07-03T18:00:00-00:00","2019-07-03T19:00:00-00:00","ZP26","Solar","Renewable Forecast Actual Generation","RENEW_FCST_ACT_MW",3,3,1762.51388,"ACTUAL",5
"111","2019-07-03",13,0,"2019-07-03T19:00:00-00:00","2019-07-03T20:00:00-00:00","ZP26","Solar","Renewable Forecast Actual Generation","RENEW_FCST_ACT_MW",3,3,1763.95049,"ACTUAL",5
"112","2019-07-03",14,0,"2019-07-03T20:00:00-00:00","2019-07-03T21:00:00-00:00","ZP26","Solar","Renewable Forecast Actual Generation","RENEW_FCST_ACT_MW",3,3,1765.01177,"ACTUAL",5
"113","2019-07-03",15,0,"2019-07-03T21:00:00-00:00","2019-07-03T22:00:00-00:00","ZP26","Solar","Renewable Forecast Actual Generation","RENEW_FCST_ACT_MW",3,3,1758.31394,"ACTUAL",5
"114","2019-07-03",16,0,"2019-07-03T22:00:00-00:00","2019-07-03T23:00:00-00:00","ZP26","Solar","Renewable Forecast Actual Generation","RENEW_FCST_ACT_MW",3,3,1690.75397,"ACTUAL",5
"115","2019-07-03",19,0,"2019-07-04T01:00:00-00:00","2019-07-04T02:00:00-00:00","ZP26","Solar","Renewable Forecast Actual Generation","RENEW_FCST_ACT_MW",3,3,862.25469,"ACTUAL",5
"116","2019-07-04",1,0,"2019-07-04T07:00:00-00:00","2019-07-04T08:00:00-00:00","NP15","Solar","Renewable Forecast Actual Generation","RENEW_FCST_ACT_MW",3,3,5.55074,"ACTUAL",6
"117","2019-07-04",1,0,"2019-07-04T07:00:00-00:00","2019-07-04T08:00:00-00:00","NP15","Wind","Renewable Forecast Actual Generation","RENEW_FCST_ACT_MW",3,1,1037.96007,"ACTUAL",7
"118","2019-07-04",1,0,"2019-07-04T07:00:00-00:00","2019-07-04T08:00:00-00:00","SP15","Solar","Renewable Forecast Actual Generation","RENEW_FCST_ACT_MW",3,3,6.77757,"ACTUAL",8
"119","2019-07-04",1,0,"2019-07-04T07:00:00-00:00","2019-07-04T08:00:00-00:00","SP15","Wind","Renewable Forecast Actual Generation","RENEW_FCST_ACT_MW",3,1,2651.23284,"ACTUAL",9
"120","2019-07-04",1,0,"2019-07-04T07:00:00-00:00","2019-07-04T08:00:00-00:00","ZP26","Solar","Renewable Forecast Actual Generation","RENEW_FCST_ACT_MW",3,3,-5.35825,"ACTUAL",10
