"","OPR_DT","OPR_HR","OPR_INTERVAL","INTERVALSTARTTIME_GMT","INTERVALENDTIME_GMT","TRADING_HUB","RENEWABLE_TYPE","LABEL","XML_DATA_ITEM","MARKET_RUN_ID_POS","RENEW_POS","MW","MARKET_RUN_ID","GROUP"
"1","2019-03-12",2,0,"2019-03-12T08:00:00-00:00","2019-03-12T09:00:00-00:00","NP15","Solar","Renewable Forecast Actual Generation","RENEW_FCST_ACT_MW",3,3,-3.07626,"ACTUAL",1
"2","2019-03-12",3,0,"2019-03-12T09:00:00-00:00","2019-03-12T10:00:00-00:00","NP15","Solar","Renewable Forecast Actual Generation","RENEW_FCST_ACT_MW",3,3,-3.10288,"ACTUAL",1
"3","2019-03-12",4,0,"2019-03-12T10:00:00-00:00","2019-03-12T11:00:00-00:00","NP15","Solar","Renewable Forecast Actual Generation","RENEW_FCST_ACT_MW",3,3,-3.20563,"ACTUAL",1
"4","2019-03-12",5,0,"2019-03-12T11:00:00-00:00","2019-03-12T12:00:00-00:00","NP15","Solar","Renewable Forecast Actual Generation","RENEW_FCST_ACT_MW",3,3,-3.56936,"ACTUAL",1
"5","2019-03-12",6,0,"2019-03-12T12:00:00-00:00","2019-03-12T13:00:00-00:00","NP15","Solar","Renewable Forecast Actual Generation","RENEW_FCST_ACT_MW",3,3,-3.62433,"ACTUAL",1
"6","2019-03-12",7,0,"2019-03-12T13:00:00-00:00","2019-03-12T14:00:00-00:00","NP15","Solar","Renewable Forecast Actual Generation","RENEW_FCST_ACT_MW",3,3,-3.61755,"ACTUAL",1
"7","2019-03-12",8,0,"2019-03-12T14:00:00-00:00","2019-03-12T15:00:00-00:00","NP15","Solar","Renewable Forecast Actual Generation","RENEW_FCST_ACT_MW",3,3,77.48062,"ACTUAL",1
"8","2019-03-12",9,0,"2019-03-12T15:00:00-00:00","2019-03-12T16:00:00-00:00","NP15","Solar","Renewable Forecast Actual Generation","RENEW_FCST_ACT_MW",3,3,801.93188,"ACTUAL",1
"9","2019-03-12",10,0,"2019-03-12T16:00:00-00:00","2019-03-12T17:00:00-00:00","NP15","Solar","Renewable Forecast Actual Generation","RENEW_FCST_ACT_MW",3,3,1298.59627,"ACTUAL",1
"10","2019-03-12",11,0,"2019-03-12T17:00:00-00:00","2019-03-12T18:00:00-00:00","NP15","Solar","Renewable Forecast Actual Generation","RENEW_FCST_ACT_MW",3,3,1359.99441,"ACTUAL",1
"11","2019-03-12",12,0,"2019-03-12T18:00:00-00:00","2019-03-12T19:00:00-00:00","NP15","Solar","Renewable Forecast Actual Generation","RENEW_FCST_ACT_MW",3,3,1361.73138,"ACTUAL",1
"12","2019-03-12",13,0,"2019-03-12T19:00:00-00:00","2019-03-12T20:00:00-00:00","NP15","Solar","Renewable Forecast Actual Generation","RENEW_FCST_ACT_MW",3,3,1345.52626,"ACTUAL",1
"13","2019-03-12",14,0,"2019-03-12T20:00:00-00:00","2019-03-12T21:00:00-00:00","NP15","Solar","Renewable Forecast Actual Generation","RENEW_FCST_ACT_MW",3,3,1228.38213,"ACTUAL",1
"14","2019-03-12",15,0,"2019-03-12T21:00:00-00:00","2019-03-12T22:00:00-00:00","NP15","Solar","Renewable Forecast Actual Generation","RENEW_FCST_ACT_MW",3,3,1133.17632,"ACTUAL",1
"15","2019-03-12",16,0,"2019-03-12T22:00:00-00:00","2019-03-12T23:00:00-00:00","NP15","Solar","Renewable Forecast Actual Generation","RENEW_FCST_ACT_MW",3,3,869.50062,"ACTUAL",1
"16","2019-03-12",17,0,"2019-03-12T23:00:00-00:00","2019-03-13T00:00:00-00:00","NP15","Solar","Renewable Forecast Actual Generation","RENEW_FCST_ACT_MW",3,3,906.34922,"ACTUAL",1
"17","2019-03-12",18,0,"2019-03-13T00:00:00-00:00","2019-03-13T01:00:00-00:00","NP15","Solar","Renewable Forecast Actual Generation","RENEW_FCST_ACT_MW",3,3,638.34361,"ACTUAL",1
"18","2019-03-12",19,0,"2019-03-13T01:00:00-00:00","2019-03-13T02:00:00-00:00","NP15","Solar","Renewable Forecast Actual Generation","RENEW_FCST_ACT_MW",3,3,151.12623,"ACTUAL",1
"19","2019-03-12",20,0,"2019-03-13T02:00:00-00:00","2019-03-13T03:00:00-00:00","NP15","Solar","Renewable Forecast Actual Generation","RENEW_FCST_ACT_MW",3,3,-2.4942,"ACTUAL",1
"20","2019-03-12",21,0,"2019-03-13T03:00:00-00:00","2019-03-13T04:00:00-00:00","NP15","Solar","Renewable Forecast Actual Generation","RENEW_FCST_ACT_MW",3,3,-2.70735,"ACTUAL",1
"21","2019-03-12",22,0,"2019-03-13T04:00:00-00:00","2019-03-13T05:00:00-00:00","NP15","Solar","Renewable Forecast Actual Generation","RENEW_FCST_ACT_MW",3,3,-2.64323,"ACTUAL",1
"22","2019-03-12",23,0,"2019-03-13T05:00:00-00:00","2019-03-13T06:00:00-00:00","NP15","Solar","Renewable Forecast Actual Generation","RENEW_FCST_ACT_MW",3,3,-2.68451,"ACTUAL",1
"23","2019-03-12",24,0,"2019-03-13T06:00:00-00:00","2019-03-13T07:00:00-00:00","NP15","Solar","Renewable Forecast Actual Generation","RENEW_FCST_ACT_MW",3,3,-2.71076,"ACTUAL",1
"24","2019-03-12",18,0,"2019-03-13T00:00:00-00:00","2019-03-13T01:00:00-00:00","NP15","Wind","Renewable Forecast Actual Generation","RENEW_FCST_ACT_MW",3,1,388.25407,"ACTUAL",2
"25","2019-03-12",6,0,"2019-03-12T12:00:00-00:00","2019-03-12T13:00:00-00:00","NP15","Wind","Renewable Forecast Actual Generation","RENEW_FCST_ACT_MW",3,1,668.33844,"ACTUAL",2
"26","2019-03-12",17,0,"2019-03-12T23:00:00-00:00","2019-03-13T00:00:00-00:00","NP15","Wind","Renewable Forecast Actual Generation","RENEW_FCST_ACT_MW",3,1,755.12693,"ACTUAL",2
"27","2019-03-12",16,0,"2019-03-12T22:00:00-00:00","2019-03-12T23:00:00-00:00","NP15","Wind","Renewable Forecast Actual Generation","RENEW_FCST_ACT_MW",3,1,1133.06707,"ACTUAL",2
"28","2019-03-12",15,0,"2019-03-12T21:00:00-00:00","2019-03-12T22:00:00-00:00","NP15","Wind","Renewable Forecast Actual Generation","RENEW_FCST_ACT_MW",3,1,1207.21259,"ACTUAL",2
"29","2019-03-12",14,0,"2019-03-12T20:00:00-00:00","2019-03-12T21:00:00-00:00","NP15","Wind","Renewable Forecast Actual Generation","RENEW_FCST_ACT_MW",3,1,1135.43709,"ACTUAL",2
"30","2019-03-12",13,0,"2019-03-12T19:00:00-00:00","2019-03-12T20:00:00-00:00","NP15","Wind","Renewable Forecast Actual Generation","RENEW_FCST_ACT_MW",3,1,1038.67375,"ACTUAL",2
"31","2019-03-12",12,0,"2019-03-12T18:00:00-00:00","2019-03-12T19:00:00-00:00","NP15","Wind","Renewable Forecast Actual Generation","RENEW_FCST_ACT_MW",3,1,1049.94664,"ACTUAL",2
"32","2019-03-12",11,0,"2019-03-12T17:00:00-00:00","2019-03-12T18:00:00-00:00","NP15","Wind","Renewable Forecast Actual Generation","RENEW_FCST_ACT_MW",3,1,1185.38471,"ACTUAL",2
"33","2019-03-12",10,0,"2019-03-12T16:00:00-00:00","2019-03-12T17:00:00-00:00","NP15","Wind","Renewable Forecast Actual Generation","RENEW_FCST_ACT_MW",3,1,1139.00792,"ACTUAL",2
"34","2019-03-12",9,0,"2019-03-12T15:00:00-00:00","2019-03-12T16:00:00-00:00","NP15","Wind","Renewable Forecast Actual Generation","RENEW_FCST_ACT_MW",3,1,1081.15993,"ACTUAL",2
"35","2019-03-12",8,0,"2019-03-12T14:00:00-00:00","2019-03-12T15:00:00-00:00","NP15","Wind","Renewable Forecast Actual Generation","RENEW_FCST_ACT_MW",3,1,990.26481,"ACTUAL",2
"36","2019-03-12",7,0,"2019-03-12T13:00:00-00:00","2019-03-12T14:00:00-00:00","NP15","Wind","Renewable Forecast Actual Generation","RENEW_FCST_ACT_MW",3,1,844.91742,"ACTUAL",2
"37","2019-03-12",5,0,"2019-03-12T11:00:00-00:00","2019-03-12T12:00:00-00:00","NP15","Wind","Renewable Forecast Actual Generation","RENEW_FCST_ACT_MW",3,1,691.56504,"ACTUAL",2
"38","2019-03-12",4,0,"2019-03-12T10:00:00-00:00","2019-03-12T11:00:00-00:00","NP15","Wind","Renewable Forecast Actual Generation","RENEW_FCST_ACT_MW",3,1,501.27965,"ACTUAL",2
"39","2019-03-12",3,0,"2019-03-12T09:00:00-00:00","2019-03-12T10:00:00-00:00","NP15","Wind","Renewable Forecast Actual Generation","RENEW_FCST_ACT_MW",3,1,438.52033,"ACTUAL",2
"40","2019-03-12",2,0,"2019-03-12T08:00:00-00:00","2019-03-12T09:00:00-00:00","NP15","Wind","Renewable Forecast Actual Generation","RENEW_FCST_ACT_MW",3,1,447.87648,"ACTUAL",2
"41","2019-03-12",24,0,"2019-03-13T06:00:00-00:00","2019-03-13T07:00:00-00:00","NP15","Wind","Renewable Forecast Actual Generation","RENEW_FCST_ACT_MW",3,1,616.51901,"ACTUAL",2
"42","2019-03-12",23,0,"2019-03-13T05:00:00-00:00","2019-03-13T06:00:00-00:00","NP15","Wind","Renewable Forecast Actual Generation","RENEW_FCST_ACT_MW",3,1,503.72364,"ACTUAL",2
"43","2019-03-12",22,0,"2019-03-13T04:00:00-00:00","2019-03-13T05:00:00-00:00","NP15","Wind","Renewable Forecast Actual Generation","RENEW_FCST_ACT_MW",3,1,450.64299,"ACTUAL",2
"44","2019-03-12",21,0,"2019-03-13T03:00:00-00:00","2019-03-13T04:00:00-00:00","NP15","Wind","Renewable Forecast Actual Generation","RENEW_FCST_ACT_MW",3,1,412.57273,"ACTUAL",2
"45","2019-03-12",20,0,"2019-03-13T02:00:00-00:00","2019-03-13T03:00:00-00:00","NP15","Wind","Renewable Forecast Actual Generation","RENEW_FCST_ACT_MW",3,1,431.972,"ACTUAL",2
"46","2019-03-12",19,0,"2019-03-13T01:00:00-00:00","2019-03-13T02:00:00-00:00","NP15","Wind","Renewable Forecast Actual Generation","RENEW_FCST_ACT_MW",3,1,299.97279,"ACTUAL",2
"47","2019-03-12",6,0,"2019-03-12T12:00:00-00:00","2019-03-12T13:00:00-00:00","SP15","Solar","Renewable Forecast Actual Generation","RENEW_FCST_ACT_MW",3,3,-10.23629,"ACTUAL",3
"48","2019-03-12",18,0,"2019-03-13T00:00:00-00:00","2019-03-13T01:00:00-00:00","SP15","Solar","Renewable Forecast Actual Generation","RENEW_FCST_ACT_MW",3,3,2919.34804,"ACTUAL",3
"49","2019-03-12",5,0,"2019-03-12T11:00:00-00:00","2019-03-12T12:00:00-00:00","SP15","Solar","Renewable Forecast Actual Generation","RENEW_FCST_ACT_MW",3,3,-9.88789,"ACTUAL",3
"50","2019-03-12",11,0,"2019-03-12T17:00:00-00:00","2019-03-12T18:00:00-00:00","SP15","Solar","Renewable Forecast Actual Generation","RENEW_FCST_ACT_MW",3,3,3797.97679,"ACTUAL",3
"51","2019-03-12",4,0,"2019-03-12T10:00:00-00:00","2019-03-12T11:00:00-00:00","SP15","Solar","Renewable Forecast Actual Generation","RENEW_FCST_ACT_MW",3,3,-6.27081,"ACTUAL",3
"52","2019-03-12",15,0,"2019-03-12T21:00:00-00:00","2019-03-12T22:00:00-00:00","SP15","Solar","Renewable Forecast Actual Generation","RENEW_FCST_ACT_MW",3,3,5043.12584,"ACTUAL",3
"53","2019-03-12",3,0,"2019-03-12T09:00:00-00:00","2019-03-12T10:00:00-00:00","SP15","Solar","Renewable Forecast Actual Generation","RENEW_FCST_ACT_MW",3,3,-5.15814,"ACTUAL",3
"54","2019-03-12",10,0,"2019-03-12T16:00:00-00:00","2019-03-12T17:00:00-00:00","SP15","Solar","Renewable Forecast Actual Generation","RENEW_FCST_ACT_MW",3,3,2783.25879,"ACTUAL",3
"55","2019-03-12",2,0,"2019-03-12T08:00:00-00:00","2019-03-12T09:00:00-00:00","SP15","Solar","Renewable Forecast Actual Generation","RENEW_FCST_ACT_MW",3,3,-5.50931,"ACTUAL",3
"56","2019-03-12",13,0,"2019-03-12T19:00:00-00:00","2019-03-12T20:00:00-00:00","SP15","Solar","Renewable Forecast Actual Generation","RENEW_FCST_ACT_MW",3,3,4413.42207,"ACTUAL",3
"57","2019-03-12",24,0,"2019-03-13T06:00:00-00:00","2019-03-13T07:00:00-00:00","SP15","Solar","Renewable Forecast Actual Generation","RENEW_FCST_ACT_MW",3,3,-5.74295,"ACTUAL",3
"58","2019-03-12",9,0,"2019-03-12T15:00:00-00:00","2019-03-12T16:00:00-00:00","SP15","Solar","Renewable Forecast Actual Generation","RENEW_FCST_ACT_MW",3,3,1558.64116,"ACTUAL",3
"59","2019-03-12",23,0,"2019-03-13T05:00:00-00:00","2019-03-13T06:00:00-00:00","SP15","Solar","Renewable Forecast Actual Generation","RENEW_FCST_ACT_MW",3,3,-6.1752,"ACTUAL",3
"60","2019-03-12",16,0,"2019-03-12T22:00:00-00:00","2019-03-12T23:00:00-00:00","SP15","Solar","Renewable Forecast Actual Generation","RENEW_FCST_ACT_MW",3,3,4842.56676,"ACTUAL",3
"61","2019-03-12",22,0,"2019-03-13T04:00:00-00:00","2019-03-13T05:00:00-00:00","SP15","Solar","Renewable Forecast Actual Generation","RENEW_FCST_ACT_MW",3,3,-5.61711,"ACTUAL",3
"62","2019-03-12",8,0,"2019-03-12T14:00:00-00:00","2019-03-12T15:00:00-00:00","SP15","Solar","Renewable Forecast Actual Generation","RENEW_FCST_ACT_MW",3,3,167.07438,"ACTUAL",3
"63","2019-03-12",21,0,"2019-03-13T03:00:00-00:00","2019-03-13T04:00:00-00:00","SP15","Solar","Renewable Forecast Actual Generation","RENEW_FCST_ACT_MW",3,3,-6.03382,"ACTUAL",3
"64","2019-03-12",12,0,"2019-03-12T18:00:00-00:00","2019-03-12T19:00:00-00:00","SP15","Solar","Renewable Forecast Actual Generation","RENEW_FCST_ACT_MW",3,3,4285.48957,"ACTUAL",3
"65","2019-03-12",20,0,"2019-03-13T02:00:00-00:00","2019-03-13T03:00:00-00:00","SP15","Solar","Renewable Forecast Actual Generation","RENEW_FCST_ACT_MW",3,3,11.15583,"ACTUAL",3
"66","2019-03-12",7,0,"2019-03-12T13:00:00-00:00","2019-03-12T14:00:00-00:00","SP15","Solar","Renewable Forecast Actual Generation","RENEW_FCST_ACT_MW",3,3,-10.10269,"ACTUAL",3
"67","2019-03-12",19,0,"2019-03-13T01:00:00-00:00","2019-03-13T02:00:00-00:00","SP15","Solar","Renewable Forecast Actual Generation","RENEW_FCST_ACT_MW",3,3,527.96867,"ACTUAL",3
"68","2019-03-12",14,0,"2019-03-12T20:00:00-00:00","2019-03-12T21:00:00-00:00","SP15","Solar","Renewable Forecast Actual Generation","RENEW_FCST_ACT_MW",3,3,4300.91436,"ACTUAL",3
"69","2019-03-12",17,0,"2019-03-12T23:00:00-00:00","2019-03-13T00:00:00-00:00","SP15","Solar","Renewable Forecast Actual Generation","RENEW_FCST_ACT_MW",3,3,4393.93693,"ACTUAL",3
"70","2019-03-12",18,0,"2019-03-13T00:00:00-00:00","2019-03-13T01:00:00-00:00","SP15","Wind","Renewable Forecast Actual Generation","RENEW_FCST_ACT_MW",3,1,2525.16479,"ACTUAL",4
"71","2019-03-12",19,0,"2019-03-13T01:00:00-00:00","2019-03-13T02:00:00-00:00","SP15","Wind","Renewable Forecast Actual Generation","RENEW_FCST_ACT_MW",3,1,2308.54046,"ACTUAL",4
"72","2019-03-12",20,0,"2019-03-13T02:00:00-00:00","2019-03-13T03:00:00-00:00","SP15","Wind","Renewable Forecast Actual Generation","RENEW_FCST_ACT_MW",3,1,2223.05333,"ACTUAL",4
"73","2019-03-12",21,0,"2019-03-13T03:00:00-00:00","2019-03-13T04:00:00-00:00","SP15","Wind","Renewable Forecast Actual Generation","RENEW_FCST_ACT_MW",3,1,2191.77131,"ACTUAL",4
"74","2019-03-12",22,0,"2019-03-13T04:00:00-00:00","2019-03-13T05:00:00-00:00","SP15","Wind","Renewable Forecast Actual Generation","RENEW_FCST_ACT_MW",3,1,2161.26369,"ACTUAL",4
"75","2019-03-12",23,0,"2019-03-13T05:00:00-00:00","2019-03-13T06:00:00-00:00","SP15","Wind","Renewable Forecast Actual Generation","RENEW_FCST_ACT_MW",3,1,1632.17689,"ACTUAL",4
"76","2019-03-12",24,0,"2019-03-13T06:00:00-00:00","2019-03-13T07:00:00-00:00","SP15","Wind","Renewable Forecast Actual Generation","RENEW_FCST_ACT_MW",3,1,1436.21387,"ACTUAL",4
"77","2019-03-12",2,0,"2019-03-12T08:00:00-00:00","2019-03-12T09:00:00-00:00","SP15","Wind","Renewable Forecast Actual Generation","RENEW_FCST_ACT_MW",3,1,1088.74614,"ACTUAL",4
"78","2019-03-12",3,0,"2019-03-12T09:00:00-00:00","2019-03-12T10:00:00-00:00","SP15","Wind","Renewable Forecast Actual Generation","RENEW_FCST_ACT_MW",3,1,1476.86918,"ACTUAL",4
"79","2019-03-12",4,0,"2019-03-12T10:00:00-00:00","2019-03-12T11:00:00-00:00","SP15","Wind","Renewable Forecast Actual Generation","RENEW_FCST_ACT_MW",3,1,1836.17755,"ACTUAL",4
"80","2019-03-12",5,0,"2019-03-12T11:00:00-00:00","2019-03-12T12:00:00-00:00","SP15","Wind","Renewable Forecast Actual Generation","RENEW_FCST_ACT_MW",3,1,1869.78461,"ACTUAL",4
"81","2019-03-12",6,0,"2019-03-12T12:00:00-00:00","2019-03-12T13:00:00-00:00","SP15","Wind","Renewable Forecast Actual Generation","RENEW_FCST_ACT_MW",3,1,1781.35777,"ACTUAL",4
"82","2019-03-12",7,0,"2019-03-12T13:00:00-00:00","2019-03-12T14:00:00-00:00","SP15","Wind","Renewable Forecast Actual Generation","RENEW_FCST_ACT_MW",3,1,1385.46768,"ACTUAL",4
"83","2019-03-12",8,0,"2019-03-12T14:00:00-00:00","2019-03-12T15:00:00-00:00","SP15","Wind","Renewable Forecast Actual Generation","RENEW_FCST_ACT_MW",3,1,1046.55197,"ACTUAL",4
"84","2019-03-12",9,0,"2019-03-12T15:00:00-00:00","2019-03-12T16:00:00-00:00","SP15","Wind","Renewable Forecast Actual Generation","RENEW_FCST_ACT_MW",3,1,1163.46465,"ACTUAL",4
"85","2019-03-12",10,0,"2019-03-12T16:00:00-00:00","2019-03-12T17:00:00-00:00","SP15","Wind","Renewable Forecast Actual Generation","RENEW_FCST_ACT_MW",3,1,1115.84386,"ACTUAL",4
"86","2019-03-12",11,0,"2019-03-12T17:00:00-00:00","2019-03-12T18:00:00-00:00","SP15","Wind","Renewable Forecast Actual Generation","RENEW_FCST_ACT_MW",3,1,1394.23503,"ACTUAL",4
"87","2019-03-12",12,0,"2019-03-12T18:00:00-00:00","2019-03-12T19:00:00-00:00","SP15","Wind","Renewable Forecast Actual Generation","RENEW_FCST_ACT_MW",3,1,2090.17132,"ACTUAL",4
"88","2019-03-12",13,0,"2019-03-12T19:00:00-00:00","2019-03-12T20:00:00-00:00","SP15","Wind","Renewable Forecast Actual Generation","RENEW_FCST_ACT_MW",3,1,2222.36076,"ACTUAL",4
"89","2019-03-12",14,0,"2019-03-12T20:00:00-00:00","2019-03-12T21:00:00-00:00","SP15","Wind","Renewable Forecast Actual Generation","RENEW_FCST_ACT_MW",3,1,2070.15412,"ACTUAL",4
"90","2019-03-12",15,0,"2019-03-12T21:00:00-00:00","2019-03-12T22:00:00-00:00","SP15","Wind","Renewable Forecast Actual Generation","RENEW_FCST_ACT_MW",3,1,1895.42379,"ACTUAL",4
"91","2019-03-12",16,0,"2019-03-12T22:00:00-00:00","2019-03-12T23:00:00-00:00","SP15","Wind","Renewable Forecast Actual Generation","RENEW_FCST_ACT_MW",3,1,2187.61486,"ACTUAL",4
"92","2019-03-12",17,0,"2019-03-12T23:00:00-00:00","2019-03-13T00:00:00-00:00","SP15","Wind","Renewable Forecast Actual Generation","RENEW_FCST_ACT_MW",3,1,2591.93727,"ACTUAL",4
"93","2019-03-12",18,0,"2019-03-13T00:00:00-00:00","2019-03-13T01:00:00-00:00","ZP26","Solar","Renewable Forecast Actual Generation","RENEW_FCST_ACT_MW",3,3,580.77738,"ACTUAL",5
"94","2019-03-12",17,0,"2019-03-12T23:00:00-00:00","2019-03-13T00:00:00-00:00","ZP26","Solar","Renewable Forecast Actual Generation","RENEW_FCST_ACT_MW",3,3,1202.92672,"ACTUAL",5
"95","2019-03-12",20,0,"2019-03-13T02:00:00-00:00","2019-03-13T03:00:00-00:00","ZP26","Solar","Renewable Forecast Actual Generation","RENEW_FCST_ACT_MW",3,3,-3.79144,"ACTUAL",5
"96","2019-03-12",21,0,"2019-03-13T03:00:00-00:00","2019-03-13T04:00:00-00:00","ZP26","Solar","Renewable Forecast Actual Generation","RENEW_FCST_ACT_MW",3,3,-3.75981,"ACTUAL",5
"97","2019-03-12",22,0,"2019-03-13T04:00:00-00:00","2019-03-13T05:00:00-00:00","ZP26","Solar","Renewable Forecast Actual Generation","RENEW_FCST_ACT_MW",3,3,-3.72309,"ACTUAL",5
"98","2019-03-12",23,0,"2019-03-13T05:00:00-00:00","2019-03-13T06:00:00-00:00","ZP26","Solar","Renewable Forecast Actual Generation","RENEW_FCST_ACT_MW",3,3,-3.7575,"ACTUAL",5
"99","2019-03-12",24,0,"2019-03-13T06:00:00-00:00","2019-03-13T07:00:00-00:00","ZP26","Solar","Renewable Forecast Actual Generation","RENEW_FCST_ACT_MW",3,3,-3.78895,"ACTUAL",5
"100","2019-03-12",2,0,"2019-03-12T08:00:00-00:00","2019-03-12T09:00:00-00:00","ZP26","Solar","Renewable Forecast Actual Generation","RENEW_FCST_ACT_MW",3,3,-3.66618,"ACTUAL",5
"101","2019-03-12",3,0,"2019-03-12T09:00:00-00:00","2019-03-12T10:00:00-00:00","ZP26","Solar","Renewable Forecast Actual Generation","RENEW_FCST_ACT_MW",3,3,-3.71748,"ACTUAL",5
"102","2019-03-12",4,0,"2019-03-12T10:00:00-00:00","2019-03-12T11:00:00-00:00","ZP26","Solar","Renewable Forecast Actual Generation","RENEW_FCST_ACT_MW",3,3,-3.69335,"ACTUAL",5
"103","2019-03-12",5,0,"2019-03-12T11:00:00-00:00","2019-03-12T12:00:00-00:00","ZP26","Solar","Renewable Forecast Actual Generation","RENEW_FCST_ACT_MW",3,3,-3.99022,"ACTUAL",5
"104","2019-03-12",6,0,"2019-03-12T12:00:00-00:00","2019-03-12T13:00:00-00:00","ZP26","Solar","Renewable Forecast Actual Generation","RENEW_FCST_ACT_MW",3,3,-4.05525,"ACTUAL",5
"105","2019-03-12",7,0,"2019-03-12T13:00:00-00:00","2019-03-12T14:00:00-00:00","ZP26","Solar","Renewable Forecast Actual Generation","RENEW_FCST_ACT_MW",3,3,-4.05652,"ACTUAL",5
"106","2019-03-12",8,0,"2019-03-12T14:00:00-00:00","2019-03-12T15:00:00-00:00","ZP26","Solar","Renewable Forecast Actual Generation","RENEW_FCST_ACT_MW",3,3,68.87613,"ACTUAL",5
"107","2019-03-12",9,0,"2019-03-12T15:00:00-00:00","2019-03-12T16:00:00-00:00","ZP26","Solar","Renewable Forecast Actual Generation","RENEW_FCST_ACT_MW",3,3,637.48739,"ACTUAL",5
"108","2019-03-12",10,0,"2019-03-12T16:00:00-00:00","2019-03-12T17:00:00-00:00","ZP26","Solar","Renewable Forecast Actual Generation","RENEW_FCST_ACT_MW",3,3,1224.91841,"ACTUAL",5
"109","2019-03-12",11,0,"2019-03-12T17:00:00-00:00","2019-03-12T18:00:00-00:00","ZP26","Solar","Renewable Forecast Actual Generation","RENEW_FCST_ACT_MW",3,3,1426.64325,"ACTUAL",5
"110","2019-03-12",12,0,"2019-03-12T18:00:00-00:00","2019-03-12T19:00:00-00:00","ZP26","Solar","Renewable Forecast Actual Generation","RENEW_FCST_ACT_MW",3,3,1467.89023,"ACTUAL",5
"111","2019-03-12",13,0,"2019-03-12T19:00:00-00:00","2019-03-12T20:00:00-00:00","ZP26","Solar","Renewable Forecast Actual Generation","RENEW_FCST_ACT_MW",3,3,1456.19221,"ACTUAL",5
"112","2019-03-12",14,0,"2019-03-12T20:00:00-00:00","2019-03-12T21:00:00-00:00","ZP26","Solar","Renewable Forecast Actual Generation","RENEW_FCST_ACT_MW",3,3,1443.94997,"ACTUAL",5
"113","2019-03-12",15,0,"2019-03-12T21:00:00-00:00","2019-03-12T22:00:00-00:00","ZP26","Solar","Renewable Forecast Actual Generation","RENEW_FCST_ACT_MW",3,3,1427.2724,"ACTUAL",5
"114","2019-03-12",16,0,"2019-03-12T22:00:00-00:00","2019-03-12T23:00:00-00:00","ZP26","Solar","Renewable Forecast Actual Generation","RENEW_FCST_ACT_MW",3,3,1369.99821,"ACTUAL",5
"115","2019-03-12",19,0,"2019-03-13T01:00:00-00:00","2019-03-13T02:00:00-00:00","ZP26","Solar","Renewable Forecast Actual Generation","RENEW_FCST_ACT_MW",3,3,130.40744,"ACTUAL",5
"116","2019-03-13",1,0,"2019-03-13T07:00:00-00:00","2019-03-13T08:00:00-00:00","NP15","Solar","Renewable Forecast Actual Generation","RENEW_FCST_ACT_MW",3,3,-2.77435,"ACTUAL",6
"117","2019-03-13",1,0,"2019-03-13T07:00:00-00:00","2019-03-13T08:00:00-00:00","NP15","Wind","Renewable Forecast Actual Generation","RENEW_FCST_ACT_MW",3,1,867.07379,"ACTUAL",7
"118","2019-03-13",1,0,"2019-03-13T07:00:00-00:00","2019-03-13T08:00:00-00:00","SP15","Solar","Renewable Forecast Actual Generation","RENEW_FCST_ACT_MW",3,3,-6.14158,"ACTUAL",8
"119","2019-03-13",1,0,"2019-03-13T07:00:00-00:00","2019-03-13T08:00:00-00:00","SP15","Wind","Renewable Forecast Actual Generation","RENEW_FCST_ACT_MW",3,1,1355.40205,"ACTUAL",9
"120","2019-03-13",1,0,"2019-03-13T07:00:00-00:00","2019-03-13T08:00:00-00:00","ZP26","Solar","Renewable Forecast Actual Generation","RENEW_FCST_ACT_MW",3,3,-3.88191,"ACTUAL",10
