"","OPR_DT","OPR_HR","OPR_INTERVAL","INTERVALSTARTTIME_GMT","INTERVALENDTIME_GMT","TRADING_HUB","RENEWABLE_TYPE","LABEL","XML_DATA_ITEM","MARKET_RUN_ID_POS","RENEW_POS","MW","MARKET_RUN_ID","GROUP"
"1","2019-12-02",1,0,"2019-12-02T08:00:00-00:00","2019-12-02T09:00:00-00:00","NP15","Solar","Renewable Forecast Actual Generation","RENEW_FCST_ACT_MW",3,3,-3.61453,"ACTUAL",1
"2","2019-12-02",2,0,"2019-12-02T09:00:00-00:00","2019-12-02T10:00:00-00:00","NP15","Solar","Renewable Forecast Actual Generation","RENEW_FCST_ACT_MW",3,3,-3.60631,"ACTUAL",1
"3","2019-12-02",3,0,"2019-12-02T10:00:00-00:00","2019-12-02T11:00:00-00:00","NP15","Solar","Renewable Forecast Actual Generation","RENEW_FCST_ACT_MW",3,3,-3.60651,"ACTUAL",1
"4","2019-12-02",4,0,"2019-12-02T11:00:00-00:00","2019-12-02T12:00:00-00:00","NP15","Solar","Renewable Forecast Actual Generation","RENEW_FCST_ACT_MW",3,3,-3.6203,"ACTUAL",1
"5","2019-12-02",5,0,"2019-12-02T12:00:00-00:00","2019-12-02T13:00:00-00:00","NP15","Solar","Renewable Forecast Actual Generation","RENEW_FCST_ACT_MW",3,3,-3.5915,"ACTUAL",1
"6","2019-12-02",6,0,"2019-12-02T13:00:00-00:00","2019-12-02T14:00:00-00:00","NP15","Solar","Renewable Forecast Actual Generation","RENEW_FCST_ACT_MW",3,3,-3.57726,"ACTUAL",1
"7","2019-12-02",7,0,"2019-12-02T14:00:00-00:00","2019-12-02T15:00:00-00:00","NP15","Solar","Renewable Forecast Actual Generation","RENEW_FCST_ACT_MW",3,3,-3.78888,"ACTUAL",1
"8","2019-12-02",8,0,"2019-12-02T15:00:00-00:00","2019-12-02T16:00:00-00:00","NP15","Solar","Renewable Forecast Actual Generation","RENEW_FCST_ACT_MW",3,3,67.19009,"ACTUAL",1
"9","2019-12-02",9,0,"2019-12-02T16:00:00-00:00","2019-12-02T17:00:00-00:00","NP15","Solar","Renewable Forecast Actual Generation","RENEW_FCST_ACT_MW",3,3,205.13562,"ACTUAL",1
"10","2019-12-02",10,0,"2019-12-02T17:00:00-00:00","2019-12-02T18:00:00-00:00","NP15","Solar","Renewable Forecast Actual Generation","RENEW_FCST_ACT_MW",3,3,399.23085,"ACTUAL",1
"11","2019-12-02",11,0,"2019-12-02T18:00:00-00:00","2019-12-02T19:00:00-00:00","NP15","Solar","Renewable Forecast Actual Generation","RENEW_FCST_ACT_MW",3,3,528.27147,"ACTUAL",1
"12","2019-12-02",12,0,"2019-12-02T19:00:00-00:00","2019-12-02T20:00:00-00:00","NP15","Solar","Renewable Forecast Actual Generation","RENEW_FCST_ACT_MW",3,3,567.94894,"ACTUAL",1
"13","2019-12-02",13,0,"2019-12-02T20:00:00-00:00","2019-12-02T21:00:00-00:00","NP15","Solar","Renewable Forecast Actual Generation","RENEW_FCST_ACT_MW",3,3,413.22645,"ACTUAL",1
"14","2019-12-02",14,0,"2019-12-02T21:00:00-00:00","2019-12-02T22:00:00-00:00","NP15","Solar","Renewable Forecast Actual Generation","RENEW_FCST_ACT_MW",3,3,359.60455,"ACTUAL",1
"15","2019-12-02",15,0,"2019-12-02T22:00:00-00:00","2019-12-02T23:00:00-00:00","NP15","Solar","Renewable Forecast Actual Generation","RENEW_FCST_ACT_MW",3,3,276.04346,"ACTUAL",1
"16","2019-12-02",16,0,"2019-12-02T23:00:00-00:00","2019-12-03T00:00:00-00:00","NP15","Solar","Renewable Forecast Actual Generation","RENEW_FCST_ACT_MW",3,3,111.96678,"ACTUAL",1
"17","2019-12-02",17,0,"2019-12-03T00:00:00-00:00","2019-12-03T01:00:00-00:00","NP15","Solar","Renewable Forecast Actual Generation","RENEW_FCST_ACT_MW",3,3,4.39354,"ACTUAL",1
"18","2019-12-02",18,0,"2019-12-03T01:00:00-00:00","2019-12-03T02:00:00-00:00","NP15","Solar","Renewable Forecast Actual Generation","RENEW_FCST_ACT_MW",3,3,-3.50401,"ACTUAL",1
"19","2019-12-02",19,0,"2019-12-03T02:00:00-00:00","2019-12-03T03:00:00-00:00","NP15","Solar","Renewable Forecast Actual Generation","RENEW_FCST_ACT_MW",3,3,-3.38814,"ACTUAL",1
"20","2019-12-02",20,0,"2019-12-03T03:00:00-00:00","2019-12-03T04:00:00-00:00","NP15","Solar","Renewable Forecast Actual Generation","RENEW_FCST_ACT_MW",3,3,-3.39347,"ACTUAL",1
"21","2019-12-02",21,0,"2019-12-03T04:00:00-00:00","2019-12-03T05:00:00-00:00","NP15","Solar","Renewable Forecast Actual Generation","RENEW_FCST_ACT_MW",3,3,-3.39216,"ACTUAL",1
"22","2019-12-02",22,0,"2019-12-03T05:00:00-00:00","2019-12-03T06:00:00-00:00","NP15","Solar","Renewable Forecast Actual Generation","RENEW_FCST_ACT_MW",3,3,-3.40811,"ACTUAL",1
"23","2019-12-02",23,0,"2019-12-03T06:00:00-00:00","2019-12-03T07:00:00-00:00","NP15","Solar","Renewable Forecast Actual Generation","RENEW_FCST_ACT_MW",3,3,-3.43118,"ACTUAL",1
"24","2019-12-02",24,0,"2019-12-03T07:00:00-00:00","2019-12-03T08:00:00-00:00","NP15","Solar","Renewable Forecast Actual Generation","RENEW_FCST_ACT_MW",3,3,-3.4188,"ACTUAL",1
"25","2019-12-02",1,0,"2019-12-02T08:00:00-00:00","2019-12-02T09:00:00-00:00","NP15","Wind","Renewable Forecast Actual Generation","RENEW_FCST_ACT_MW",3,1,638.52387,"ACTUAL",2
"26","2019-12-02",24,0,"2019-12-03T07:00:00-00:00","2019-12-03T08:00:00-00:00","NP15","Wind","Renewable Forecast Actual Generation","RENEW_FCST_ACT_MW",3,1,291.62271,"ACTUAL",2
"27","2019-12-02",3,0,"2019-12-02T10:00:00-00:00","2019-12-02T11:00:00-00:00","NP15","Wind","Renewable Forecast Actual Generation","RENEW_FCST_ACT_MW",3,1,500.85973,"ACTUAL",2
"28","2019-12-02",4,0,"2019-12-02T11:00:00-00:00","2019-12-02T12:00:00-00:00","NP15","Wind","Renewable Forecast Actual Generation","RENEW_FCST_ACT_MW",3,1,474.73138,"ACTUAL",2
"29","2019-12-02",5,0,"2019-12-02T12:00:00-00:00","2019-12-02T13:00:00-00:00","NP15","Wind","Renewable Forecast Actual Generation","RENEW_FCST_ACT_MW",3,1,160.68798,"ACTUAL",2
"30","2019-12-02",6,0,"2019-12-02T13:00:00-00:00","2019-12-02T14:00:00-00:00","NP15","Wind","Renewable Forecast Actual Generation","RENEW_FCST_ACT_MW",3,1,134.34892,"ACTUAL",2
"31","2019-12-02",7,0,"2019-12-02T14:00:00-00:00","2019-12-02T15:00:00-00:00","NP15","Wind","Renewable Forecast Actual Generation","RENEW_FCST_ACT_MW",3,1,237.71318,"ACTUAL",2
"32","2019-12-02",8,0,"2019-12-02T15:00:00-00:00","2019-12-02T16:00:00-00:00","NP15","Wind","Renewable Forecast Actual Generation","RENEW_FCST_ACT_MW",3,1,249.16259,"ACTUAL",2
"33","2019-12-02",9,0,"2019-12-02T16:00:00-00:00","2019-12-02T17:00:00-00:00","NP15","Wind","Renewable Forecast Actual Generation","RENEW_FCST_ACT_MW",3,1,234.92106,"ACTUAL",2
"34","2019-12-02",10,0,"2019-12-02T17:00:00-00:00","2019-12-02T18:00:00-00:00","NP15","Wind","Renewable Forecast Actual Generation","RENEW_FCST_ACT_MW",3,1,482.96701,"ACTUAL",2
"35","2019-12-02",11,0,"2019-12-02T18:00:00-00:00","2019-12-02T19:00:00-00:00","NP15","Wind","Renewable Forecast Actual Generation","RENEW_FCST_ACT_MW",3,1,655.05831,"ACTUAL",2
"36","2019-12-02",12,0,"2019-12-02T19:00:00-00:00","2019-12-02T20:00:00-00:00","NP15","Wind","Renewable Forecast Actual Generation","RENEW_FCST_ACT_MW",3,1,261.58835,"ACTUAL",2
"37","2019-12-02",13,0,"2019-12-02T20:00:00-00:00","2019-12-02T21:00:00-00:00","NP15","Wind","Renewable Forecast Actual Generation","RENEW_FCST_ACT_MW",3,1,147.93909,"ACTUAL",2
"38","2019-12-02",14,0,"2019-12-02T21:00:00-00:00","2019-12-02T22:00:00-00:00","NP15","Wind","Renewable Forecast Actual Generation","RENEW_FCST_ACT_MW",3,1,93.87034,"ACTUAL",2
"39","2019-12-02",15,0,"2019-12-02T22:00:00-00:00","2019-12-02T23:00:00-00:00","NP15","Wind","Renewable Forecast Actual Generation","RENEW_FCST_ACT_MW",3,1,119.16221,"ACTUAL",2
"40","2019-12-02",16,0,"2019-12-02T23:00:00-00:00","2019-12-03T00:00:00-00:00","NP15","Wind","Renewable Forecast Actual Generation","RENEW_FCST_ACT_MW",3,1,121.96573,"ACTUAL",2
"41","2019-12-02",17,0,"2019-12-03T00:00:00-00:00","2019-12-03T01:00:00-00:00","NP15","Wind","Renewable Forecast Actual Generation","RENEW_FCST_ACT_MW",3,1,138.14081,"ACTUAL",2
"42","2019-12-02",18,0,"2019-12-03T01:00:00-00:00","2019-12-03T02:00:00-00:00","NP15","Wind","Renewable Forecast Actual Generation","RENEW_FCST_ACT_MW",3,1,167.18469,"ACTUAL",2
"43","2019-12-02",19,0,"2019-12-03T02:00:00-00:00","2019-12-03T03:00:00-00:00","NP15","Wind","Renewable Forecast Actual Generation","RENEW_FCST_ACT_MW",3,1,213.98702,"ACTUAL",2
"44","2019-12-02",20,0,"2019-12-03T03:00:00-00:00","2019-12-03T04:00:00-00:00","NP15","Wind","Renewable Forecast Actual Generation","RENEW_FCST_ACT_MW",3,1,148.28072,"ACTUAL",2
"45","2019-12-02",21,0,"2019-12-03T04:00:00-00:00","2019-12-03T05:00:00-00:00","NP15","Wind","Renewable Forecast Actual Generation","RENEW_FCST_ACT_MW",3,1,142.31737,"ACTUAL",2
"46","2019-12-02",22,0,"2019-12-03T05:00:00-00:00","2019-12-03T06:00:00-00:00","NP15","Wind","Renewable Forecast Actual Generation","RENEW_FCST_ACT_MW",3,1,84.75284,"ACTUAL",2
"47","2019-12-02",23,0,"2019-12-03T06:00:00-00:00","2019-12-03T07:00:00-00:00","NP15","Wind","Renewable Forecast Actual Generation","RENEW_FCST_ACT_MW",3,1,189.53348,"ACTUAL",2
"48","2019-12-02",2,0,"2019-12-02T09:00:00-00:00","2019-12-02T10:00:00-00:00","NP15","Wind","Renewable Forecast Actual Generation","RENEW_FCST_ACT_MW",3,1,513.99704,"ACTUAL",2
"49","2019-12-02",24,0,"2019-12-03T07:00:00-00:00","2019-12-03T08:00:00-00:00","SP15","Solar","Renewable Forecast Actual Generation","RENEW_FCST_ACT_MW",3,3,-26.45861,"ACTUAL",3
"50","2019-12-02",2,0,"2019-12-02T09:00:00-00:00","2019-12-02T10:00:00-00:00","SP15","Solar","Renewable Forecast Actual Generation","RENEW_FCST_ACT_MW",3,3,-33.15225,"ACTUAL",3
"51","2019-12-02",23,0,"2019-12-03T06:00:00-00:00","2019-12-03T07:00:00-00:00","SP15","Solar","Renewable Forecast Actual Generation","RENEW_FCST_ACT_MW",3,3,-26.94051,"ACTUAL",3
"52","2019-12-02",6,0,"2019-12-02T13:00:00-00:00","2019-12-02T14:00:00-00:00","SP15","Solar","Renewable Forecast Actual Generation","RENEW_FCST_ACT_MW",3,3,-34.44861,"ACTUAL",3
"53","2019-12-02",22,0,"2019-12-03T05:00:00-00:00","2019-12-03T06:00:00-00:00","SP15","Solar","Renewable Forecast Actual Generation","RENEW_FCST_ACT_MW",3,3,-25.68142,"ACTUAL",3
"54","2019-12-02",11,0,"2019-12-02T18:00:00-00:00","2019-12-02T19:00:00-00:00","SP15","Solar","Renewable Forecast Actual Generation","RENEW_FCST_ACT_MW",3,3,3723.07868,"ACTUAL",3
"55","2019-12-02",21,0,"2019-12-03T04:00:00-00:00","2019-12-03T05:00:00-00:00","SP15","Solar","Renewable Forecast Actual Generation","RENEW_FCST_ACT_MW",3,3,-26.97613,"ACTUAL",3
"56","2019-12-02",3,0,"2019-12-02T10:00:00-00:00","2019-12-02T11:00:00-00:00","SP15","Solar","Renewable Forecast Actual Generation","RENEW_FCST_ACT_MW",3,3,-32.36809,"ACTUAL",3
"57","2019-12-02",20,0,"2019-12-03T03:00:00-00:00","2019-12-03T04:00:00-00:00","SP15","Solar","Renewable Forecast Actual Generation","RENEW_FCST_ACT_MW",3,3,-27.10608,"ACTUAL",3
"58","2019-12-02",10,0,"2019-12-02T17:00:00-00:00","2019-12-02T18:00:00-00:00","SP15","Solar","Renewable Forecast Actual Generation","RENEW_FCST_ACT_MW",3,3,3235.33778,"ACTUAL",3
"59","2019-12-02",19,0,"2019-12-03T02:00:00-00:00","2019-12-03T03:00:00-00:00","SP15","Solar","Renewable Forecast Actual Generation","RENEW_FCST_ACT_MW",3,3,-26.80774,"ACTUAL",3
"60","2019-12-02",5,0,"2019-12-02T12:00:00-00:00","2019-12-02T13:00:00-00:00","SP15","Solar","Renewable Forecast Actual Generation","RENEW_FCST_ACT_MW",3,3,-34.26285,"ACTUAL",3
"61","2019-12-02",18,0,"2019-12-03T01:00:00-00:00","2019-12-03T02:00:00-00:00","SP15","Solar","Renewable Forecast Actual Generation","RENEW_FCST_ACT_MW",3,3,16.14846,"ACTUAL",3
"62","2019-12-02",9,0,"2019-12-02T16:00:00-00:00","2019-12-02T17:00:00-00:00","SP15","Solar","Renewable Forecast Actual Generation","RENEW_FCST_ACT_MW",3,3,1838.32971,"ACTUAL",3
"63","2019-12-02",17,0,"2019-12-03T00:00:00-00:00","2019-12-03T01:00:00-00:00","SP15","Solar","Renewable Forecast Actual Generation","RENEW_FCST_ACT_MW",3,3,211.869,"ACTUAL",3
"64","2019-12-02",1,0,"2019-12-02T08:00:00-00:00","2019-12-02T09:00:00-00:00","SP15","Solar","Renewable Forecast Actual Generation","RENEW_FCST_ACT_MW",3,3,-33.82432,"ACTUAL",3
"65","2019-12-02",16,0,"2019-12-02T23:00:00-00:00","2019-12-03T00:00:00-00:00","SP15","Solar","Renewable Forecast Actual Generation","RENEW_FCST_ACT_MW",3,3,980.44551,"ACTUAL",3
"66","2019-12-02",8,0,"2019-12-02T15:00:00-00:00","2019-12-02T16:00:00-00:00","SP15","Solar","Renewable Forecast Actual Generation","RENEW_FCST_ACT_MW",3,3,632.21728,"ACTUAL",3
"67","2019-12-02",15,0,"2019-12-02T22:00:00-00:00","2019-12-02T23:00:00-00:00","SP15","Solar","Renewable Forecast Actual Generation","RENEW_FCST_ACT_MW",3,3,2589.81656,"ACTUAL",3
"68","2019-12-02",4,0,"2019-12-02T11:00:00-00:00","2019-12-02T12:00:00-00:00","SP15","Solar","Renewable Forecast Actual Generation","RENEW_FCST_ACT_MW",3,3,-34.26486,"ACTUAL",3
"69","2019-12-02",14,0,"2019-12-02T21:00:00-00:00","2019-12-02T22:00:00-00:00","SP15","Solar","Renewable Forecast Actual Generation","RENEW_FCST_ACT_MW",3,3,4059.06871,"ACTUAL",3
"70","2019-12-02",7,0,"2019-12-02T14:00:00-00:00","2019-12-02T15:00:00-00:00","SP15","Solar","Renewable Forecast Actual Generation","RENEW_FCST_ACT_MW",3,3,13.65729,"ACTUAL",3
"71","2019-12-02",13,0,"2019-12-02T20:00:00-00:00","2019-12-02T21:00:00-00:00","SP15","Solar","Renewable Forecast Actual Generation","RENEW_FCST_ACT_MW",3,3,4205.59509,"ACTUAL",3
"72","2019-12-02",12,0,"2019-12-02T19:00:00-00:00","2019-12-02T20:00:00-00:00","SP15","Solar","Renewable Forecast Actual Generation","RENEW_FCST_ACT_MW",3,3,4137.34249,"ACTUAL",3
"73","2019-12-02",23,0,"2019-12-03T06:00:00-00:00","2019-12-03T07:00:00-00:00","SP15","Wind","Renewable Forecast Actual Generation","RENEW_FCST_ACT_MW",3,1,53.09114,"ACTUAL",4
"74","2019-12-02",22,0,"2019-12-03T05:00:00-00:00","2019-12-03T06:00:00-00:00","SP15","Wind","Renewable Forecast Actual Generation","RENEW_FCST_ACT_MW",3,1,49.35857,"ACTUAL",4
"75","2019-12-02",21,0,"2019-12-03T04:00:00-00:00","2019-12-03T05:00:00-00:00","SP15","Wind","Renewable Forecast Actual Generation","RENEW_FCST_ACT_MW",3,1,59.09972,"ACTUAL",4
"76","2019-12-02",20,0,"2019-12-03T03:00:00-00:00","2019-12-03T04:00:00-00:00","SP15","Wind","Renewable Forecast Actual Generation","RENEW_FCST_ACT_MW",3,1,58.94059,"ACTUAL",4
"77","2019-12-02",19,0,"2019-12-03T02:00:00-00:00","2019-12-03T03:00:00-00:00","SP15","Wind","Renewable Forecast Actual Generation","RENEW_FCST_ACT_MW",3,1,66.14896,"ACTUAL",4
"78","2019-12-02",18,0,"2019-12-03T01:00:00-00:00","2019-12-03T02:00:00-00:00","SP15","Wind","Renewable Forecast Actual Generation","RENEW_FCST_ACT_MW",3,1,54.65225,"ACTUAL",4
"79","2019-12-02",17,0,"2019-12-03T00:00:00-00:00","2019-12-03T01:00:00-00:00","SP15","Wind","Renewable Forecast Actual Generation","RENEW_FCST_ACT_MW",3,1,53.73039,"ACTUAL",4
"80","2019-12-02",16,0,"2019-12-02T23:00:00-00:00","2019-12-03T00:00:00-00:00","SP15","Wind","Renewable Forecast Actual Generation","RENEW_FCST_ACT_MW",3,1,57.45362,"ACTUAL",4
"81","2019-12-02",15,0,"2019-12-02T22:00:00-00:00","2019-12-02T23:00:00-00:00","SP15","Wind","Renewable Forecast Actual Generation","RENEW_FCST_ACT_MW",3,1,66.53623,"ACTUAL",4
"82","2019-12-02",14,0,"2019-12-02T21:00:00-00:00","2019-12-02T22:00:00-00:00","SP15","Wind","Renewable Forecast Actual Generation","RENEW_FCST_ACT_MW",3,1,68.50076,"ACTUAL",4
"83","2019-12-02",13,0,"2019-12-02T20:00:00-00:00","2019-12-02T21:00:00-00:00","SP15","Wind","Renewable Forecast Actual Generation","RENEW_FCST_ACT_MW",3,1,66.66998,"ACTUAL",4
"84","2019-12-02",12,0,"2019-12-02T19:00:00-00:00","2019-12-02T20:00:00-00:00","SP15","Wind","Renewable Forecast Actual Generation","RENEW_FCST_ACT_MW",3,1,73.19333,"ACTUAL",4
"85","2019-12-02",11,0,"2019-12-02T18:00:00-00:00","2019-12-02T19:00:00-00:00","SP15","Wind","Renewable Forecast Actual Generation","RENEW_FCST_ACT_MW",3,1,85.53231,"ACTUAL",4
"86","2019-12-02",10,0,"2019-12-02T17:00:00-00:00","2019-12-02T18:00:00-00:00","SP15","Wind","Renewable Forecast Actual Generation","RENEW_FCST_ACT_MW",3,1,93.88604,"ACTUAL",4
"87","2019-12-02",9,0,"2019-12-02T16:00:00-00:00","2019-12-02T17:00:00-00:00","SP15","Wind","Renewable Forecast Actual Generation","RENEW_FCST_ACT_MW",3,1,86.22172,"ACTUAL",4
"88","2019-12-02",8,0,"2019-12-02T15:00:00-00:00","2019-12-02T16:00:00-00:00","SP15","Wind","Renewable Forecast Actual Generation","RENEW_FCST_ACT_MW",3,1,79.01626,"ACTUAL",4
"89","2019-12-02",7,0,"2019-12-02T14:00:00-00:00","2019-12-02T15:00:00-00:00","SP15","Wind","Renewable Forecast Actual Generation","RENEW_FCST_ACT_MW",3,1,71.61001,"ACTUAL",4
"90","2019-12-02",6,0,"2019-12-02T13:00:00-00:00","2019-12-02T14:00:00-00:00","SP15","Wind","Renewable Forecast Actual Generation","RENEW_FCST_ACT_MW",3,1,74.80861,"ACTUAL",4
"91","2019-12-02",5,0,"2019-12-02T12:00:00-00:00","2019-12-02T13:00:00-00:00","SP15","Wind","Renewable Forecast Actual Generation","RENEW_FCST_ACT_MW",3,1,89.38314,"ACTUAL",4
"92","2019-12-02",4,0,"2019-12-02T11:00:00-00:00","2019-12-02T12:00:00-00:00","SP15","Wind","Renewable Forecast Actual Generation","RENEW_FCST_ACT_MW",3,1,99.71136,"ACTUAL",4
"93","2019-12-02",3,0,"2019-12-02T10:00:00-00:00","2019-12-02T11:00:00-00:00","SP15","Wind","Renewable Forecast Actual Generation","RENEW_FCST_ACT_MW",3,1,103.4754,"ACTUAL",4
"94","2019-12-02",2,0,"2019-12-02T09:00:00-00:00","2019-12-02T10:00:00-00:00","SP15","Wind","Renewable Forecast Actual Generation","RENEW_FCST_ACT_MW",3,1,124.59761,"ACTUAL",4
"95","2019-12-02",24,0,"2019-12-03T07:00:00-00:00","2019-12-03T08:00:00-00:00","SP15","Wind","Renewable Forecast Actual Generation","RENEW_FCST_ACT_MW",3,1,58.12587,"ACTUAL",4
"96","2019-12-02",1,0,"2019-12-02T08:00:00-00:00","2019-12-02T09:00:00-00:00","SP15","Wind","Renewable Forecast Actual Generation","RENEW_FCST_ACT_MW",3,1,120.05225,"ACTUAL",4
"97","2019-12-02",1,0,"2019-12-02T08:00:00-00:00","2019-12-02T09:00:00-00:00","ZP26","Solar","Renewable Forecast Actual Generation","RENEW_FCST_ACT_MW",3,3,-5.60627,"ACTUAL",5
"98","2019-12-02",24,0,"2019-12-03T07:00:00-00:00","2019-12-03T08:00:00-00:00","ZP26","Solar","Renewable Forecast Actual Generation","RENEW_FCST_ACT_MW",3,3,-5.58109,"ACTUAL",5
"99","2019-12-02",3,0,"2019-12-02T10:00:00-00:00","2019-12-02T11:00:00-00:00","ZP26","Solar","Renewable Forecast Actual Generation","RENEW_FCST_ACT_MW",3,3,-6.57111,"ACTUAL",5
"100","2019-12-02",4,0,"2019-12-02T11:00:00-00:00","2019-12-02T12:00:00-00:00","ZP26","Solar","Renewable Forecast Actual Generation","RENEW_FCST_ACT_MW",3,3,-5.6401,"ACTUAL",5
"101","2019-12-02",5,0,"2019-12-02T12:00:00-00:00","2019-12-02T13:00:00-00:00","ZP26","Solar","Renewable Forecast Actual Generation","RENEW_FCST_ACT_MW",3,3,-5.59169,"ACTUAL",5
"102","2019-12-02",6,0,"2019-12-02T13:00:00-00:00","2019-12-02T14:00:00-00:00","ZP26","Solar","Renewable Forecast Actual Generation","RENEW_FCST_ACT_MW",3,3,-5.597,"ACTUAL",5
"103","2019-12-02",7,0,"2019-12-02T14:00:00-00:00","2019-12-02T15:00:00-00:00","ZP26","Solar","Renewable Forecast Actual Generation","RENEW_FCST_ACT_MW",3,3,-4.56945,"ACTUAL",5
"104","2019-12-02",8,0,"2019-12-02T15:00:00-00:00","2019-12-02T16:00:00-00:00","ZP26","Solar","Renewable Forecast Actual Generation","RENEW_FCST_ACT_MW",3,3,136.37238,"ACTUAL",5
"105","2019-12-02",9,0,"2019-12-02T16:00:00-00:00","2019-12-02T17:00:00-00:00","ZP26","Solar","Renewable Forecast Actual Generation","RENEW_FCST_ACT_MW",3,3,741.43466,"ACTUAL",5
"106","2019-12-02",10,0,"2019-12-02T17:00:00-00:00","2019-12-02T18:00:00-00:00","ZP26","Solar","Renewable Forecast Actual Generation","RENEW_FCST_ACT_MW",3,3,1181.64186,"ACTUAL",5
"107","2019-12-02",11,0,"2019-12-02T18:00:00-00:00","2019-12-02T19:00:00-00:00","ZP26","Solar","Renewable Forecast Actual Generation","RENEW_FCST_ACT_MW",3,3,1247.48901,"ACTUAL",5
"108","2019-12-02",12,0,"2019-12-02T19:00:00-00:00","2019-12-02T20:00:00-00:00","ZP26","Solar","Renewable Forecast Actual Generation","RENEW_FCST_ACT_MW",3,3,1019.16426,"ACTUAL",5
"109","2019-12-02",13,0,"2019-12-02T20:00:00-00:00","2019-12-02T21:00:00-00:00","ZP26","Solar","Renewable Forecast Actual Generation","RENEW_FCST_ACT_MW",3,3,715.14593,"ACTUAL",5
"110","2019-12-02",14,0,"2019-12-02T21:00:00-00:00","2019-12-02T22:00:00-00:00","ZP26","Solar","Renewable Forecast Actual Generation","RENEW_FCST_ACT_MW",3,3,574.62363,"ACTUAL",5
"111","2019-12-02",15,0,"2019-12-02T22:00:00-00:00","2019-12-02T23:00:00-00:00","ZP26","Solar","Renewable Forecast Actual Generation","RENEW_FCST_ACT_MW",3,3,412.66204,"ACTUAL",5
"112","2019-12-02",16,0,"2019-12-02T23:00:00-00:00","2019-12-03T00:00:00-00:00","ZP26","Solar","Renewable Forecast Actual Generation","RENEW_FCST_ACT_MW",3,3,268.67488,"ACTUAL",5
"113","2019-12-02",17,0,"2019-12-03T00:00:00-00:00","2019-12-03T01:00:00-00:00","ZP26","Solar","Renewable Forecast Actual Generation","RENEW_FCST_ACT_MW",3,3,22.94375,"ACTUAL",5
"114","2019-12-02",18,0,"2019-12-03T01:00:00-00:00","2019-12-03T02:00:00-00:00","ZP26","Solar","Renewable Forecast Actual Generation","RENEW_FCST_ACT_MW",3,3,-5.63886,"ACTUAL",5
"115","2019-12-02",19,0,"2019-12-03T02:00:00-00:00","2019-12-03T03:00:00-00:00","ZP26","Solar","Renewable Forecast Actual Generation","RENEW_FCST_ACT_MW",3,3,-5.55062,"ACTUAL",5
"116","2019-12-02",20,0,"2019-12-03T03:00:00-00:00","2019-12-03T04:00:00-00:00","ZP26","Solar","Renewable Forecast Actual Generation","RENEW_FCST_ACT_MW",3,3,-5.55611,"ACTUAL",5
"117","2019-12-02",21,0,"2019-12-03T04:00:00-00:00","2019-12-03T05:00:00-00:00","ZP26","Solar","Renewable Forecast Actual Generation","RENEW_FCST_ACT_MW",3,3,-5.65097,"ACTUAL",5
"118","2019-12-02",22,0,"2019-12-03T05:00:00-00:00","2019-12-03T06:00:00-00:00","ZP26","Solar","Renewable Forecast Actual Generation","RENEW_FCST_ACT_MW",3,3,-5.5732,"ACTUAL",5
"119","2019-12-02",23,0,"2019-12-03T06:00:00-00:00","2019-12-03T07:00:00-00:00","ZP26","Solar","Renewable Forecast Actual Generation","RENEW_FCST_ACT_MW",3,3,-5.58526,"ACTUAL",5
"120","2019-12-02",2,0,"2019-12-02T09:00:00-00:00","2019-12-02T10:00:00-00:00","ZP26","Solar","Renewable Forecast Actual Generation","RENEW_FCST_ACT_MW",3,3,-5.61903,"ACTUAL",5
