"","OPR_DT","OPR_HR","OPR_INTERVAL","INTERVALSTARTTIME_GMT","INTERVALENDTIME_GMT","TRADING_HUB","RENEWABLE_TYPE","LABEL","XML_DATA_ITEM","MARKET_RUN_ID_POS","RENEW_POS","MW","MARKET_RUN_ID","GROUP"
"1","2019-12-19",1,0,"2019-12-19T08:00:00-00:00","2019-12-19T09:00:00-00:00","NP15","Solar","Renewable Forecast Actual Generation","RENEW_FCST_ACT_MW",3,3,-3.00285,"ACTUAL",1
"2","2019-12-19",2,0,"2019-12-19T09:00:00-00:00","2019-12-19T10:00:00-00:00","NP15","Solar","Renewable Forecast Actual Generation","RENEW_FCST_ACT_MW",3,3,-3.0183,"ACTUAL",1
"3","2019-12-19",3,0,"2019-12-19T10:00:00-00:00","2019-12-19T11:00:00-00:00","NP15","Solar","Renewable Forecast Actual Generation","RENEW_FCST_ACT_MW",3,3,-3.05453,"ACTUAL",1
"4","2019-12-19",4,0,"2019-12-19T11:00:00-00:00","2019-12-19T12:00:00-00:00","NP15","Solar","Renewable Forecast Actual Generation","RENEW_FCST_ACT_MW",3,3,-3.07217,"ACTUAL",1
"5","2019-12-19",5,0,"2019-12-19T12:00:00-00:00","2019-12-19T13:00:00-00:00","NP15","Solar","Renewable Forecast Actual Generation","RENEW_FCST_ACT_MW",3,3,-3.07356,"ACTUAL",1
"6","2019-12-19",6,0,"2019-12-19T13:00:00-00:00","2019-12-19T14:00:00-00:00","NP15","Solar","Renewable Forecast Actual Generation","RENEW_FCST_ACT_MW",3,3,-3.05977,"ACTUAL",1
"7","2019-12-19",7,0,"2019-12-19T14:00:00-00:00","2019-12-19T15:00:00-00:00","NP15","Solar","Renewable Forecast Actual Generation","RENEW_FCST_ACT_MW",3,3,-3.04361,"ACTUAL",1
"8","2019-12-19",8,0,"2019-12-19T15:00:00-00:00","2019-12-19T16:00:00-00:00","NP15","Solar","Renewable Forecast Actual Generation","RENEW_FCST_ACT_MW",3,3,82.53713,"ACTUAL",1
"9","2019-12-19",9,0,"2019-12-19T16:00:00-00:00","2019-12-19T17:00:00-00:00","NP15","Solar","Renewable Forecast Actual Generation","RENEW_FCST_ACT_MW",3,3,639.98543,"ACTUAL",1
"10","2019-12-19",10,0,"2019-12-19T17:00:00-00:00","2019-12-19T18:00:00-00:00","NP15","Solar","Renewable Forecast Actual Generation","RENEW_FCST_ACT_MW",3,3,900.52621,"ACTUAL",1
"11","2019-12-19",11,0,"2019-12-19T18:00:00-00:00","2019-12-19T19:00:00-00:00","NP15","Solar","Renewable Forecast Actual Generation","RENEW_FCST_ACT_MW",3,3,891.18059,"ACTUAL",1
"12","2019-12-19",12,0,"2019-12-19T19:00:00-00:00","2019-12-19T20:00:00-00:00","NP15","Solar","Renewable Forecast Actual Generation","RENEW_FCST_ACT_MW",3,3,857.97245,"ACTUAL",1
"13","2019-12-19",13,0,"2019-12-19T20:00:00-00:00","2019-12-19T21:00:00-00:00","NP15","Solar","Renewable Forecast Actual Generation","RENEW_FCST_ACT_MW",3,3,872.0772,"ACTUAL",1
"14","2019-12-19",14,0,"2019-12-19T21:00:00-00:00","2019-12-19T22:00:00-00:00","NP15","Solar","Renewable Forecast Actual Generation","RENEW_FCST_ACT_MW",3,3,857.57896,"ACTUAL",1
"15","2019-12-19",15,0,"2019-12-19T22:00:00-00:00","2019-12-19T23:00:00-00:00","NP15","Solar","Renewable Forecast Actual Generation","RENEW_FCST_ACT_MW",3,3,873.34864,"ACTUAL",1
"16","2019-12-19",16,0,"2019-12-19T23:00:00-00:00","2019-12-20T00:00:00-00:00","NP15","Solar","Renewable Forecast Actual Generation","RENEW_FCST_ACT_MW",3,3,486.70108,"ACTUAL",1
"17","2019-12-19",17,0,"2019-12-20T00:00:00-00:00","2019-12-20T01:00:00-00:00","NP15","Solar","Renewable Forecast Actual Generation","RENEW_FCST_ACT_MW",3,3,61.4291,"ACTUAL",1
"18","2019-12-19",18,0,"2019-12-20T01:00:00-00:00","2019-12-20T02:00:00-00:00","NP15","Solar","Renewable Forecast Actual Generation","RENEW_FCST_ACT_MW",3,3,15.17114,"ACTUAL",1
"19","2019-12-19",19,0,"2019-12-20T02:00:00-00:00","2019-12-20T03:00:00-00:00","NP15","Solar","Renewable Forecast Actual Generation","RENEW_FCST_ACT_MW",3,3,15.39625,"ACTUAL",1
"20","2019-12-19",20,0,"2019-12-20T03:00:00-00:00","2019-12-20T04:00:00-00:00","NP15","Solar","Renewable Forecast Actual Generation","RENEW_FCST_ACT_MW",3,3,15.37902,"ACTUAL",1
"21","2019-12-19",21,0,"2019-12-20T04:00:00-00:00","2019-12-20T05:00:00-00:00","NP15","Solar","Renewable Forecast Actual Generation","RENEW_FCST_ACT_MW",3,3,15.37403,"ACTUAL",1
"22","2019-12-19",22,0,"2019-12-20T05:00:00-00:00","2019-12-20T06:00:00-00:00","NP15","Solar","Renewable Forecast Actual Generation","RENEW_FCST_ACT_MW",3,3,15.38463,"ACTUAL",1
"23","2019-12-19",23,0,"2019-12-20T06:00:00-00:00","2019-12-20T07:00:00-00:00","NP15","Solar","Renewable Forecast Actual Generation","RENEW_FCST_ACT_MW",3,3,15.38039,"ACTUAL",1
"24","2019-12-19",24,0,"2019-12-20T07:00:00-00:00","2019-12-20T08:00:00-00:00","NP15","Solar","Renewable Forecast Actual Generation","RENEW_FCST_ACT_MW",3,3,15.34039,"ACTUAL",1
"25","2019-12-19",1,0,"2019-12-19T08:00:00-00:00","2019-12-19T09:00:00-00:00","NP15","Wind","Renewable Forecast Actual Generation","RENEW_FCST_ACT_MW",3,1,113.82699,"ACTUAL",2
"26","2019-12-19",24,0,"2019-12-20T07:00:00-00:00","2019-12-20T08:00:00-00:00","NP15","Wind","Renewable Forecast Actual Generation","RENEW_FCST_ACT_MW",3,1,128.94334,"ACTUAL",2
"27","2019-12-19",3,0,"2019-12-19T10:00:00-00:00","2019-12-19T11:00:00-00:00","NP15","Wind","Renewable Forecast Actual Generation","RENEW_FCST_ACT_MW",3,1,81.49613,"ACTUAL",2
"28","2019-12-19",4,0,"2019-12-19T11:00:00-00:00","2019-12-19T12:00:00-00:00","NP15","Wind","Renewable Forecast Actual Generation","RENEW_FCST_ACT_MW",3,1,64.8572,"ACTUAL",2
"29","2019-12-19",5,0,"2019-12-19T12:00:00-00:00","2019-12-19T13:00:00-00:00","NP15","Wind","Renewable Forecast Actual Generation","RENEW_FCST_ACT_MW",3,1,62.08271,"ACTUAL",2
"30","2019-12-19",6,0,"2019-12-19T13:00:00-00:00","2019-12-19T14:00:00-00:00","NP15","Wind","Renewable Forecast Actual Generation","RENEW_FCST_ACT_MW",3,1,55.74692,"ACTUAL",2
"31","2019-12-19",7,0,"2019-12-19T14:00:00-00:00","2019-12-19T15:00:00-00:00","NP15","Wind","Renewable Forecast Actual Generation","RENEW_FCST_ACT_MW",3,1,73.78976,"ACTUAL",2
"32","2019-12-19",8,0,"2019-12-19T15:00:00-00:00","2019-12-19T16:00:00-00:00","NP15","Wind","Renewable Forecast Actual Generation","RENEW_FCST_ACT_MW",3,1,77.13399,"ACTUAL",2
"33","2019-12-19",9,0,"2019-12-19T16:00:00-00:00","2019-12-19T17:00:00-00:00","NP15","Wind","Renewable Forecast Actual Generation","RENEW_FCST_ACT_MW",3,1,73.05039,"ACTUAL",2
"34","2019-12-19",10,0,"2019-12-19T17:00:00-00:00","2019-12-19T18:00:00-00:00","NP15","Wind","Renewable Forecast Actual Generation","RENEW_FCST_ACT_MW",3,1,67.7062,"ACTUAL",2
"35","2019-12-19",11,0,"2019-12-19T18:00:00-00:00","2019-12-19T19:00:00-00:00","NP15","Wind","Renewable Forecast Actual Generation","RENEW_FCST_ACT_MW",3,1,68.31821,"ACTUAL",2
"36","2019-12-19",12,0,"2019-12-19T19:00:00-00:00","2019-12-19T20:00:00-00:00","NP15","Wind","Renewable Forecast Actual Generation","RENEW_FCST_ACT_MW",3,1,43.96326,"ACTUAL",2
"37","2019-12-19",13,0,"2019-12-19T20:00:00-00:00","2019-12-19T21:00:00-00:00","NP15","Wind","Renewable Forecast Actual Generation","RENEW_FCST_ACT_MW",3,1,34.98139,"ACTUAL",2
"38","2019-12-19",14,0,"2019-12-19T21:00:00-00:00","2019-12-19T22:00:00-00:00","NP15","Wind","Renewable Forecast Actual Generation","RENEW_FCST_ACT_MW",3,1,35.81326,"ACTUAL",2
"39","2019-12-19",15,0,"2019-12-19T22:00:00-00:00","2019-12-19T23:00:00-00:00","NP15","Wind","Renewable Forecast Actual Generation","RENEW_FCST_ACT_MW",3,1,10.06912,"ACTUAL",2
"40","2019-12-19",16,0,"2019-12-19T23:00:00-00:00","2019-12-20T00:00:00-00:00","NP15","Wind","Renewable Forecast Actual Generation","RENEW_FCST_ACT_MW",3,1,34.11804,"ACTUAL",2
"41","2019-12-19",17,0,"2019-12-20T00:00:00-00:00","2019-12-20T01:00:00-00:00","NP15","Wind","Renewable Forecast Actual Generation","RENEW_FCST_ACT_MW",3,1,47.09257,"ACTUAL",2
"42","2019-12-19",18,0,"2019-12-20T01:00:00-00:00","2019-12-20T02:00:00-00:00","NP15","Wind","Renewable Forecast Actual Generation","RENEW_FCST_ACT_MW",3,1,49.72417,"ACTUAL",2
"43","2019-12-19",19,0,"2019-12-20T02:00:00-00:00","2019-12-20T03:00:00-00:00","NP15","Wind","Renewable Forecast Actual Generation","RENEW_FCST_ACT_MW",3,1,61.25518,"ACTUAL",2
"44","2019-12-19",20,0,"2019-12-20T03:00:00-00:00","2019-12-20T04:00:00-00:00","NP15","Wind","Renewable Forecast Actual Generation","RENEW_FCST_ACT_MW",3,1,69.65463,"ACTUAL",2
"45","2019-12-19",21,0,"2019-12-20T04:00:00-00:00","2019-12-20T05:00:00-00:00","NP15","Wind","Renewable Forecast Actual Generation","RENEW_FCST_ACT_MW",3,1,76.87805,"ACTUAL",2
"46","2019-12-19",22,0,"2019-12-20T05:00:00-00:00","2019-12-20T06:00:00-00:00","NP15","Wind","Renewable Forecast Actual Generation","RENEW_FCST_ACT_MW",3,1,80.23347,"ACTUAL",2
"47","2019-12-19",23,0,"2019-12-20T06:00:00-00:00","2019-12-20T07:00:00-00:00","NP15","Wind","Renewable Forecast Actual Generation","RENEW_FCST_ACT_MW",3,1,108.7048,"ACTUAL",2
"48","2019-12-19",2,0,"2019-12-19T09:00:00-00:00","2019-12-19T10:00:00-00:00","NP15","Wind","Renewable Forecast Actual Generation","RENEW_FCST_ACT_MW",3,1,82.52663,"ACTUAL",2
"49","2019-12-19",24,0,"2019-12-20T07:00:00-00:00","2019-12-20T08:00:00-00:00","SP15","Solar","Renewable Forecast Actual Generation","RENEW_FCST_ACT_MW",3,3,-10.26683,"ACTUAL",3
"50","2019-12-19",2,0,"2019-12-19T09:00:00-00:00","2019-12-19T10:00:00-00:00","SP15","Solar","Renewable Forecast Actual Generation","RENEW_FCST_ACT_MW",3,3,-17.06167,"ACTUAL",3
"51","2019-12-19",23,0,"2019-12-20T06:00:00-00:00","2019-12-20T07:00:00-00:00","SP15","Solar","Renewable Forecast Actual Generation","RENEW_FCST_ACT_MW",3,3,-9.09234,"ACTUAL",3
"52","2019-12-19",6,0,"2019-12-19T13:00:00-00:00","2019-12-19T14:00:00-00:00","SP15","Solar","Renewable Forecast Actual Generation","RENEW_FCST_ACT_MW",3,3,-12.37682,"ACTUAL",3
"53","2019-12-19",22,0,"2019-12-20T05:00:00-00:00","2019-12-20T06:00:00-00:00","SP15","Solar","Renewable Forecast Actual Generation","RENEW_FCST_ACT_MW",3,3,-8.11703,"ACTUAL",3
"54","2019-12-19",11,0,"2019-12-19T18:00:00-00:00","2019-12-19T19:00:00-00:00","SP15","Solar","Renewable Forecast Actual Generation","RENEW_FCST_ACT_MW",3,3,4918.89779,"ACTUAL",3
"55","2019-12-19",21,0,"2019-12-20T04:00:00-00:00","2019-12-20T05:00:00-00:00","SP15","Solar","Renewable Forecast Actual Generation","RENEW_FCST_ACT_MW",3,3,-7.76289,"ACTUAL",3
"56","2019-12-19",3,0,"2019-12-19T10:00:00-00:00","2019-12-19T11:00:00-00:00","SP15","Solar","Renewable Forecast Actual Generation","RENEW_FCST_ACT_MW",3,3,-15.36681,"ACTUAL",3
"57","2019-12-19",20,0,"2019-12-20T03:00:00-00:00","2019-12-20T04:00:00-00:00","SP15","Solar","Renewable Forecast Actual Generation","RENEW_FCST_ACT_MW",3,3,-6.54818,"ACTUAL",3
"58","2019-12-19",10,0,"2019-12-19T17:00:00-00:00","2019-12-19T18:00:00-00:00","SP15","Solar","Renewable Forecast Actual Generation","RENEW_FCST_ACT_MW",3,3,5154.65097,"ACTUAL",3
"59","2019-12-19",19,0,"2019-12-20T02:00:00-00:00","2019-12-20T03:00:00-00:00","SP15","Solar","Renewable Forecast Actual Generation","RENEW_FCST_ACT_MW",3,3,-6.1305,"ACTUAL",3
"60","2019-12-19",5,0,"2019-12-19T12:00:00-00:00","2019-12-19T13:00:00-00:00","SP15","Solar","Renewable Forecast Actual Generation","RENEW_FCST_ACT_MW",3,3,-14.8904,"ACTUAL",3
"61","2019-12-19",18,0,"2019-12-20T01:00:00-00:00","2019-12-20T02:00:00-00:00","SP15","Solar","Renewable Forecast Actual Generation","RENEW_FCST_ACT_MW",3,3,-3.23673,"ACTUAL",3
"62","2019-12-19",9,0,"2019-12-19T16:00:00-00:00","2019-12-19T17:00:00-00:00","SP15","Solar","Renewable Forecast Actual Generation","RENEW_FCST_ACT_MW",3,3,3870.94219,"ACTUAL",3
"63","2019-12-19",17,0,"2019-12-20T00:00:00-00:00","2019-12-20T01:00:00-00:00","SP15","Solar","Renewable Forecast Actual Generation","RENEW_FCST_ACT_MW",3,3,316.39123,"ACTUAL",3
"64","2019-12-19",1,0,"2019-12-19T08:00:00-00:00","2019-12-19T09:00:00-00:00","SP15","Solar","Renewable Forecast Actual Generation","RENEW_FCST_ACT_MW",3,3,-24.56413,"ACTUAL",3
"65","2019-12-19",16,0,"2019-12-19T23:00:00-00:00","2019-12-20T00:00:00-00:00","SP15","Solar","Renewable Forecast Actual Generation","RENEW_FCST_ACT_MW",3,3,2621.79194,"ACTUAL",3
"66","2019-12-19",8,0,"2019-12-19T15:00:00-00:00","2019-12-19T16:00:00-00:00","SP15","Solar","Renewable Forecast Actual Generation","RENEW_FCST_ACT_MW",3,3,1245.37988,"ACTUAL",3
"67","2019-12-19",15,0,"2019-12-19T22:00:00-00:00","2019-12-19T23:00:00-00:00","SP15","Solar","Renewable Forecast Actual Generation","RENEW_FCST_ACT_MW",3,3,4687.50841,"ACTUAL",3
"68","2019-12-19",4,0,"2019-12-19T11:00:00-00:00","2019-12-19T12:00:00-00:00","SP15","Solar","Renewable Forecast Actual Generation","RENEW_FCST_ACT_MW",3,3,-16.47916,"ACTUAL",3
"69","2019-12-19",14,0,"2019-12-19T21:00:00-00:00","2019-12-19T22:00:00-00:00","SP15","Solar","Renewable Forecast Actual Generation","RENEW_FCST_ACT_MW",3,3,5254.06654,"ACTUAL",3
"70","2019-12-19",7,0,"2019-12-19T14:00:00-00:00","2019-12-19T15:00:00-00:00","SP15","Solar","Renewable Forecast Actual Generation","RENEW_FCST_ACT_MW",3,3,10.6157,"ACTUAL",3
"71","2019-12-19",13,0,"2019-12-19T20:00:00-00:00","2019-12-19T21:00:00-00:00","SP15","Solar","Renewable Forecast Actual Generation","RENEW_FCST_ACT_MW",3,3,5195.15583,"ACTUAL",3
"72","2019-12-19",12,0,"2019-12-19T19:00:00-00:00","2019-12-19T20:00:00-00:00","SP15","Solar","Renewable Forecast Actual Generation","RENEW_FCST_ACT_MW",3,3,5343.16093,"ACTUAL",3
"73","2019-12-19",23,0,"2019-12-20T06:00:00-00:00","2019-12-20T07:00:00-00:00","SP15","Wind","Renewable Forecast Actual Generation","RENEW_FCST_ACT_MW",3,1,174.72955,"ACTUAL",4
"74","2019-12-19",22,0,"2019-12-20T05:00:00-00:00","2019-12-20T06:00:00-00:00","SP15","Wind","Renewable Forecast Actual Generation","RENEW_FCST_ACT_MW",3,1,171.61754,"ACTUAL",4
"75","2019-12-19",21,0,"2019-12-20T04:00:00-00:00","2019-12-20T05:00:00-00:00","SP15","Wind","Renewable Forecast Actual Generation","RENEW_FCST_ACT_MW",3,1,142.85342,"ACTUAL",4
"76","2019-12-19",20,0,"2019-12-20T03:00:00-00:00","2019-12-20T04:00:00-00:00","SP15","Wind","Renewable Forecast Actual Generation","RENEW_FCST_ACT_MW",3,1,121.577,"ACTUAL",4
"77","2019-12-19",19,0,"2019-12-20T02:00:00-00:00","2019-12-20T03:00:00-00:00","SP15","Wind","Renewable Forecast Actual Generation","RENEW_FCST_ACT_MW",3,1,129.56568,"ACTUAL",4
"78","2019-12-19",18,0,"2019-12-20T01:00:00-00:00","2019-12-20T02:00:00-00:00","SP15","Wind","Renewable Forecast Actual Generation","RENEW_FCST_ACT_MW",3,1,111.48903,"ACTUAL",4
"79","2019-12-19",17,0,"2019-12-20T00:00:00-00:00","2019-12-20T01:00:00-00:00","SP15","Wind","Renewable Forecast Actual Generation","RENEW_FCST_ACT_MW",3,1,110.00549,"ACTUAL",4
"80","2019-12-19",16,0,"2019-12-19T23:00:00-00:00","2019-12-20T00:00:00-00:00","SP15","Wind","Renewable Forecast Actual Generation","RENEW_FCST_ACT_MW",3,1,99.14296,"ACTUAL",4
"81","2019-12-19",15,0,"2019-12-19T22:00:00-00:00","2019-12-19T23:00:00-00:00","SP15","Wind","Renewable Forecast Actual Generation","RENEW_FCST_ACT_MW",3,1,88.27555,"ACTUAL",4
"82","2019-12-19",14,0,"2019-12-19T21:00:00-00:00","2019-12-19T22:00:00-00:00","SP15","Wind","Renewable Forecast Actual Generation","RENEW_FCST_ACT_MW",3,1,91.62735,"ACTUAL",4
"83","2019-12-19",13,0,"2019-12-19T20:00:00-00:00","2019-12-19T21:00:00-00:00","SP15","Wind","Renewable Forecast Actual Generation","RENEW_FCST_ACT_MW",3,1,96.75171,"ACTUAL",4
"84","2019-12-19",12,0,"2019-12-19T19:00:00-00:00","2019-12-19T20:00:00-00:00","SP15","Wind","Renewable Forecast Actual Generation","RENEW_FCST_ACT_MW",3,1,111.68258,"ACTUAL",4
"85","2019-12-19",11,0,"2019-12-19T18:00:00-00:00","2019-12-19T19:00:00-00:00","SP15","Wind","Renewable Forecast Actual Generation","RENEW_FCST_ACT_MW",3,1,105.0534,"ACTUAL",4
"86","2019-12-19",10,0,"2019-12-19T17:00:00-00:00","2019-12-19T18:00:00-00:00","SP15","Wind","Renewable Forecast Actual Generation","RENEW_FCST_ACT_MW",3,1,93.17793,"ACTUAL",4
"87","2019-12-19",9,0,"2019-12-19T16:00:00-00:00","2019-12-19T17:00:00-00:00","SP15","Wind","Renewable Forecast Actual Generation","RENEW_FCST_ACT_MW",3,1,82.95074,"ACTUAL",4
"88","2019-12-19",8,0,"2019-12-19T15:00:00-00:00","2019-12-19T16:00:00-00:00","SP15","Wind","Renewable Forecast Actual Generation","RENEW_FCST_ACT_MW",3,1,91.02115,"ACTUAL",4
"89","2019-12-19",7,0,"2019-12-19T14:00:00-00:00","2019-12-19T15:00:00-00:00","SP15","Wind","Renewable Forecast Actual Generation","RENEW_FCST_ACT_MW",3,1,161.34699,"ACTUAL",4
"90","2019-12-19",6,0,"2019-12-19T13:00:00-00:00","2019-12-19T14:00:00-00:00","SP15","Wind","Renewable Forecast Actual Generation","RENEW_FCST_ACT_MW",3,1,353.69635,"ACTUAL",4
"91","2019-12-19",5,0,"2019-12-19T12:00:00-00:00","2019-12-19T13:00:00-00:00","SP15","Wind","Renewable Forecast Actual Generation","RENEW_FCST_ACT_MW",3,1,301.12943,"ACTUAL",4
"92","2019-12-19",4,0,"2019-12-19T11:00:00-00:00","2019-12-19T12:00:00-00:00","SP15","Wind","Renewable Forecast Actual Generation","RENEW_FCST_ACT_MW",3,1,460.04625,"ACTUAL",4
"93","2019-12-19",3,0,"2019-12-19T10:00:00-00:00","2019-12-19T11:00:00-00:00","SP15","Wind","Renewable Forecast Actual Generation","RENEW_FCST_ACT_MW",3,1,635.64154,"ACTUAL",4
"94","2019-12-19",2,0,"2019-12-19T09:00:00-00:00","2019-12-19T10:00:00-00:00","SP15","Wind","Renewable Forecast Actual Generation","RENEW_FCST_ACT_MW",3,1,400.87005,"ACTUAL",4
"95","2019-12-19",24,0,"2019-12-20T07:00:00-00:00","2019-12-20T08:00:00-00:00","SP15","Wind","Renewable Forecast Actual Generation","RENEW_FCST_ACT_MW",3,1,183.58867,"ACTUAL",4
"96","2019-12-19",1,0,"2019-12-19T08:00:00-00:00","2019-12-19T09:00:00-00:00","SP15","Wind","Renewable Forecast Actual Generation","RENEW_FCST_ACT_MW",3,1,537.98312,"ACTUAL",4
"97","2019-12-19",1,0,"2019-12-19T08:00:00-00:00","2019-12-19T09:00:00-00:00","ZP26","Solar","Renewable Forecast Actual Generation","RENEW_FCST_ACT_MW",3,3,-5.71925,"ACTUAL",5
"98","2019-12-19",24,0,"2019-12-20T07:00:00-00:00","2019-12-20T08:00:00-00:00","ZP26","Solar","Renewable Forecast Actual Generation","RENEW_FCST_ACT_MW",3,3,-5.71777,"ACTUAL",5
"99","2019-12-19",3,0,"2019-12-19T10:00:00-00:00","2019-12-19T11:00:00-00:00","ZP26","Solar","Renewable Forecast Actual Generation","RENEW_FCST_ACT_MW",3,3,-6.65996,"ACTUAL",5
"100","2019-12-19",4,0,"2019-12-19T11:00:00-00:00","2019-12-19T12:00:00-00:00","ZP26","Solar","Renewable Forecast Actual Generation","RENEW_FCST_ACT_MW",3,3,-5.80074,"ACTUAL",5
"101","2019-12-19",5,0,"2019-12-19T12:00:00-00:00","2019-12-19T13:00:00-00:00","ZP26","Solar","Renewable Forecast Actual Generation","RENEW_FCST_ACT_MW",3,3,-5.81338,"ACTUAL",5
"102","2019-12-19",6,0,"2019-12-19T13:00:00-00:00","2019-12-19T14:00:00-00:00","ZP26","Solar","Renewable Forecast Actual Generation","RENEW_FCST_ACT_MW",3,3,-5.779,"ACTUAL",5
"103","2019-12-19",7,0,"2019-12-19T14:00:00-00:00","2019-12-19T15:00:00-00:00","ZP26","Solar","Renewable Forecast Actual Generation","RENEW_FCST_ACT_MW",3,3,-5.44834,"ACTUAL",5
"104","2019-12-19",8,0,"2019-12-19T15:00:00-00:00","2019-12-19T16:00:00-00:00","ZP26","Solar","Renewable Forecast Actual Generation","RENEW_FCST_ACT_MW",3,3,134.84093,"ACTUAL",5
"105","2019-12-19",9,0,"2019-12-19T16:00:00-00:00","2019-12-19T17:00:00-00:00","ZP26","Solar","Renewable Forecast Actual Generation","RENEW_FCST_ACT_MW",3,3,775.9028,"ACTUAL",5
"106","2019-12-19",10,0,"2019-12-19T17:00:00-00:00","2019-12-19T18:00:00-00:00","ZP26","Solar","Renewable Forecast Actual Generation","RENEW_FCST_ACT_MW",3,3,1241.97326,"ACTUAL",5
"107","2019-12-19",11,0,"2019-12-19T18:00:00-00:00","2019-12-19T19:00:00-00:00","ZP26","Solar","Renewable Forecast Actual Generation","RENEW_FCST_ACT_MW",3,3,1325.98082,"ACTUAL",5
"108","2019-12-19",12,0,"2019-12-19T19:00:00-00:00","2019-12-19T20:00:00-00:00","ZP26","Solar","Renewable Forecast Actual Generation","RENEW_FCST_ACT_MW",3,3,1339.06941,"ACTUAL",5
"109","2019-12-19",13,0,"2019-12-19T20:00:00-00:00","2019-12-19T21:00:00-00:00","ZP26","Solar","Renewable Forecast Actual Generation","RENEW_FCST_ACT_MW",3,3,1322.29686,"ACTUAL",5
"110","2019-12-19",14,0,"2019-12-19T21:00:00-00:00","2019-12-19T22:00:00-00:00","ZP26","Solar","Renewable Forecast Actual Generation","RENEW_FCST_ACT_MW",3,3,1296.33929,"ACTUAL",5
"111","2019-12-19",15,0,"2019-12-19T22:00:00-00:00","2019-12-19T23:00:00-00:00","ZP26","Solar","Renewable Forecast Actual Generation","RENEW_FCST_ACT_MW",3,3,1217.31911,"ACTUAL",5
"112","2019-12-19",16,0,"2019-12-19T23:00:00-00:00","2019-12-20T00:00:00-00:00","ZP26","Solar","Renewable Forecast Actual Generation","RENEW_FCST_ACT_MW",3,3,703.22781,"ACTUAL",5
"113","2019-12-19",17,0,"2019-12-20T00:00:00-00:00","2019-12-20T01:00:00-00:00","ZP26","Solar","Renewable Forecast Actual Generation","RENEW_FCST_ACT_MW",3,3,79.52263,"ACTUAL",5
"114","2019-12-19",18,0,"2019-12-20T01:00:00-00:00","2019-12-20T02:00:00-00:00","ZP26","Solar","Renewable Forecast Actual Generation","RENEW_FCST_ACT_MW",3,3,-5.84358,"ACTUAL",5
"115","2019-12-19",19,0,"2019-12-20T02:00:00-00:00","2019-12-20T03:00:00-00:00","ZP26","Solar","Renewable Forecast Actual Generation","RENEW_FCST_ACT_MW",3,3,-5.65935,"ACTUAL",5
"116","2019-12-19",20,0,"2019-12-20T03:00:00-00:00","2019-12-20T04:00:00-00:00","ZP26","Solar","Renewable Forecast Actual Generation","RENEW_FCST_ACT_MW",3,3,-5.70987,"ACTUAL",5
"117","2019-12-19",21,0,"2019-12-20T04:00:00-00:00","2019-12-20T05:00:00-00:00","ZP26","Solar","Renewable Forecast Actual Generation","RENEW_FCST_ACT_MW",3,3,-5.67976,"ACTUAL",5
"118","2019-12-19",22,0,"2019-12-20T05:00:00-00:00","2019-12-20T06:00:00-00:00","ZP26","Solar","Renewable Forecast Actual Generation","RENEW_FCST_ACT_MW",3,3,-5.69347,"ACTUAL",5
"119","2019-12-19",23,0,"2019-12-20T06:00:00-00:00","2019-12-20T07:00:00-00:00","ZP26","Solar","Renewable Forecast Actual Generation","RENEW_FCST_ACT_MW",3,3,-5.7122,"ACTUAL",5
"120","2019-12-19",2,0,"2019-12-19T09:00:00-00:00","2019-12-19T10:00:00-00:00","ZP26","Solar","Renewable Forecast Actual Generation","RENEW_FCST_ACT_MW",3,3,-5.73979,"ACTUAL",5
