"","OPR_DT","OPR_HR","OPR_INTERVAL","INTERVALSTARTTIME_GMT","INTERVALENDTIME_GMT","TRADING_HUB","RENEWABLE_TYPE","LABEL","XML_DATA_ITEM","MARKET_RUN_ID_POS","RENEW_POS","MW","MARKET_RUN_ID","GROUP"
"1","2019-01-19",1,0,"2019-01-19T08:00:00-00:00","2019-01-19T09:00:00-00:00","NP15","Solar","Renewable Forecast Actual Generation","RENEW_FCST_ACT_MW",3,3,-3.33388,"ACTUAL",1
"2","2019-01-19",2,0,"2019-01-19T09:00:00-00:00","2019-01-19T10:00:00-00:00","NP15","Solar","Renewable Forecast Actual Generation","RENEW_FCST_ACT_MW",3,3,-3.34608,"ACTUAL",1
"3","2019-01-19",3,0,"2019-01-19T10:00:00-00:00","2019-01-19T11:00:00-00:00","NP15","Solar","Renewable Forecast Actual Generation","RENEW_FCST_ACT_MW",3,3,-3.35252,"ACTUAL",1
"4","2019-01-19",4,0,"2019-01-19T11:00:00-00:00","2019-01-19T12:00:00-00:00","NP15","Solar","Renewable Forecast Actual Generation","RENEW_FCST_ACT_MW",3,3,-3.33284,"ACTUAL",1
"5","2019-01-19",5,0,"2019-01-19T12:00:00-00:00","2019-01-19T13:00:00-00:00","NP15","Solar","Renewable Forecast Actual Generation","RENEW_FCST_ACT_MW",3,3,-3.33559,"ACTUAL",1
"6","2019-01-19",6,0,"2019-01-19T13:00:00-00:00","2019-01-19T14:00:00-00:00","NP15","Solar","Renewable Forecast Actual Generation","RENEW_FCST_ACT_MW",3,3,-3.34779,"ACTUAL",1
"7","2019-01-19",7,0,"2019-01-19T14:00:00-00:00","2019-01-19T15:00:00-00:00","NP15","Solar","Renewable Forecast Actual Generation","RENEW_FCST_ACT_MW",3,3,-3.39024,"ACTUAL",1
"8","2019-01-19",8,0,"2019-01-19T15:00:00-00:00","2019-01-19T16:00:00-00:00","NP15","Solar","Renewable Forecast Actual Generation","RENEW_FCST_ACT_MW",3,3,55.95652,"ACTUAL",1
"9","2019-01-19",9,0,"2019-01-19T16:00:00-00:00","2019-01-19T17:00:00-00:00","NP15","Solar","Renewable Forecast Actual Generation","RENEW_FCST_ACT_MW",3,3,525.93791,"ACTUAL",1
"10","2019-01-19",10,0,"2019-01-19T17:00:00-00:00","2019-01-19T18:00:00-00:00","NP15","Solar","Renewable Forecast Actual Generation","RENEW_FCST_ACT_MW",3,3,899.87852,"ACTUAL",1
"11","2019-01-19",11,0,"2019-01-19T18:00:00-00:00","2019-01-19T19:00:00-00:00","NP15","Solar","Renewable Forecast Actual Generation","RENEW_FCST_ACT_MW",3,3,949.91899,"ACTUAL",1
"12","2019-01-19",12,0,"2019-01-19T19:00:00-00:00","2019-01-19T20:00:00-00:00","NP15","Solar","Renewable Forecast Actual Generation","RENEW_FCST_ACT_MW",3,3,934.49387,"ACTUAL",1
"13","2019-01-19",13,0,"2019-01-19T20:00:00-00:00","2019-01-19T21:00:00-00:00","NP15","Solar","Renewable Forecast Actual Generation","RENEW_FCST_ACT_MW",3,3,911.10508,"ACTUAL",1
"14","2019-01-19",14,0,"2019-01-19T21:00:00-00:00","2019-01-19T22:00:00-00:00","NP15","Solar","Renewable Forecast Actual Generation","RENEW_FCST_ACT_MW",3,3,909.47823,"ACTUAL",1
"15","2019-01-19",15,0,"2019-01-19T22:00:00-00:00","2019-01-19T23:00:00-00:00","NP15","Solar","Renewable Forecast Actual Generation","RENEW_FCST_ACT_MW",3,3,903.65359,"ACTUAL",1
"16","2019-01-19",16,0,"2019-01-19T23:00:00-00:00","2019-01-20T00:00:00-00:00","NP15","Solar","Renewable Forecast Actual Generation","RENEW_FCST_ACT_MW",3,3,652.50757,"ACTUAL",1
"17","2019-01-19",17,0,"2019-01-20T00:00:00-00:00","2019-01-20T01:00:00-00:00","NP15","Solar","Renewable Forecast Actual Generation","RENEW_FCST_ACT_MW",3,3,193.08534,"ACTUAL",1
"18","2019-01-19",18,0,"2019-01-20T01:00:00-00:00","2019-01-20T02:00:00-00:00","NP15","Solar","Renewable Forecast Actual Generation","RENEW_FCST_ACT_MW",3,3,-1.69754,"ACTUAL",1
"19","2019-01-19",19,0,"2019-01-20T02:00:00-00:00","2019-01-20T03:00:00-00:00","NP15","Solar","Renewable Forecast Actual Generation","RENEW_FCST_ACT_MW",3,3,-3.28804,"ACTUAL",1
"20","2019-01-19",20,0,"2019-01-20T03:00:00-00:00","2019-01-20T04:00:00-00:00","NP15","Solar","Renewable Forecast Actual Generation","RENEW_FCST_ACT_MW",3,3,-3.28782,"ACTUAL",1
"21","2019-01-19",21,0,"2019-01-20T04:00:00-00:00","2019-01-20T05:00:00-00:00","NP15","Solar","Renewable Forecast Actual Generation","RENEW_FCST_ACT_MW",3,3,-3.2768,"ACTUAL",1
"22","2019-01-19",22,0,"2019-01-20T05:00:00-00:00","2019-01-20T06:00:00-00:00","NP15","Solar","Renewable Forecast Actual Generation","RENEW_FCST_ACT_MW",3,3,-3.26625,"ACTUAL",1
"23","2019-01-19",23,0,"2019-01-20T06:00:00-00:00","2019-01-20T07:00:00-00:00","NP15","Solar","Renewable Forecast Actual Generation","RENEW_FCST_ACT_MW",3,3,-3.2726,"ACTUAL",1
"24","2019-01-19",24,0,"2019-01-20T07:00:00-00:00","2019-01-20T08:00:00-00:00","NP15","Solar","Renewable Forecast Actual Generation","RENEW_FCST_ACT_MW",3,3,-3.28701,"ACTUAL",1
"25","2019-01-19",1,0,"2019-01-19T08:00:00-00:00","2019-01-19T09:00:00-00:00","NP15","Wind","Renewable Forecast Actual Generation","RENEW_FCST_ACT_MW",3,1,19.19694,"ACTUAL",2
"26","2019-01-19",24,0,"2019-01-20T07:00:00-00:00","2019-01-20T08:00:00-00:00","NP15","Wind","Renewable Forecast Actual Generation","RENEW_FCST_ACT_MW",3,1,123.76962,"ACTUAL",2
"27","2019-01-19",3,0,"2019-01-19T10:00:00-00:00","2019-01-19T11:00:00-00:00","NP15","Wind","Renewable Forecast Actual Generation","RENEW_FCST_ACT_MW",3,1,18.15467,"ACTUAL",2
"28","2019-01-19",4,0,"2019-01-19T11:00:00-00:00","2019-01-19T12:00:00-00:00","NP15","Wind","Renewable Forecast Actual Generation","RENEW_FCST_ACT_MW",3,1,15.86692,"ACTUAL",2
"29","2019-01-19",5,0,"2019-01-19T12:00:00-00:00","2019-01-19T13:00:00-00:00","NP15","Wind","Renewable Forecast Actual Generation","RENEW_FCST_ACT_MW",3,1,20.60177,"ACTUAL",2
"30","2019-01-19",6,0,"2019-01-19T13:00:00-00:00","2019-01-19T14:00:00-00:00","NP15","Wind","Renewable Forecast Actual Generation","RENEW_FCST_ACT_MW",3,1,8.48184,"ACTUAL",2
"31","2019-01-19",7,0,"2019-01-19T14:00:00-00:00","2019-01-19T15:00:00-00:00","NP15","Wind","Renewable Forecast Actual Generation","RENEW_FCST_ACT_MW",3,1,1.10058,"ACTUAL",2
"32","2019-01-19",8,0,"2019-01-19T15:00:00-00:00","2019-01-19T16:00:00-00:00","NP15","Wind","Renewable Forecast Actual Generation","RENEW_FCST_ACT_MW",3,1,-2.4366,"ACTUAL",2
"33","2019-01-19",9,0,"2019-01-19T16:00:00-00:00","2019-01-19T17:00:00-00:00","NP15","Wind","Renewable Forecast Actual Generation","RENEW_FCST_ACT_MW",3,1,5.17134,"ACTUAL",2
"34","2019-01-19",10,0,"2019-01-19T17:00:00-00:00","2019-01-19T18:00:00-00:00","NP15","Wind","Renewable Forecast Actual Generation","RENEW_FCST_ACT_MW",3,1,52.97925,"ACTUAL",2
"35","2019-01-19",11,0,"2019-01-19T18:00:00-00:00","2019-01-19T19:00:00-00:00","NP15","Wind","Renewable Forecast Actual Generation","RENEW_FCST_ACT_MW",3,1,47.82153,"ACTUAL",2
"36","2019-01-19",12,0,"2019-01-19T19:00:00-00:00","2019-01-19T20:00:00-00:00","NP15","Wind","Renewable Forecast Actual Generation","RENEW_FCST_ACT_MW",3,1,49.83805,"ACTUAL",2
"37","2019-01-19",13,0,"2019-01-19T20:00:00-00:00","2019-01-19T21:00:00-00:00","NP15","Wind","Renewable Forecast Actual Generation","RENEW_FCST_ACT_MW",3,1,62.06782,"ACTUAL",2
"38","2019-01-19",14,0,"2019-01-19T21:00:00-00:00","2019-01-19T22:00:00-00:00","NP15","Wind","Renewable Forecast Actual Generation","RENEW_FCST_ACT_MW",3,1,65.13421,"ACTUAL",2
"39","2019-01-19",15,0,"2019-01-19T22:00:00-00:00","2019-01-19T23:00:00-00:00","NP15","Wind","Renewable Forecast Actual Generation","RENEW_FCST_ACT_MW",3,1,72.38578,"ACTUAL",2
"40","2019-01-19",16,0,"2019-01-19T23:00:00-00:00","2019-01-20T00:00:00-00:00","NP15","Wind","Renewable Forecast Actual Generation","RENEW_FCST_ACT_MW",3,1,74.33279,"ACTUAL",2
"41","2019-01-19",17,0,"2019-01-20T00:00:00-00:00","2019-01-20T01:00:00-00:00","NP15","Wind","Renewable Forecast Actual Generation","RENEW_FCST_ACT_MW",3,1,77.44135,"ACTUAL",2
"42","2019-01-19",18,0,"2019-01-20T01:00:00-00:00","2019-01-20T02:00:00-00:00","NP15","Wind","Renewable Forecast Actual Generation","RENEW_FCST_ACT_MW",3,1,81.38557,"ACTUAL",2
"43","2019-01-19",19,0,"2019-01-20T02:00:00-00:00","2019-01-20T03:00:00-00:00","NP15","Wind","Renewable Forecast Actual Generation","RENEW_FCST_ACT_MW",3,1,90.15419,"ACTUAL",2
"44","2019-01-19",20,0,"2019-01-20T03:00:00-00:00","2019-01-20T04:00:00-00:00","NP15","Wind","Renewable Forecast Actual Generation","RENEW_FCST_ACT_MW",3,1,91.25926,"ACTUAL",2
"45","2019-01-19",21,0,"2019-01-20T04:00:00-00:00","2019-01-20T05:00:00-00:00","NP15","Wind","Renewable Forecast Actual Generation","RENEW_FCST_ACT_MW",3,1,91.5663,"ACTUAL",2
"46","2019-01-19",22,0,"2019-01-20T05:00:00-00:00","2019-01-20T06:00:00-00:00","NP15","Wind","Renewable Forecast Actual Generation","RENEW_FCST_ACT_MW",3,1,109.39775,"ACTUAL",2
"47","2019-01-19",23,0,"2019-01-20T06:00:00-00:00","2019-01-20T07:00:00-00:00","NP15","Wind","Renewable Forecast Actual Generation","RENEW_FCST_ACT_MW",3,1,140.76461,"ACTUAL",2
"48","2019-01-19",2,0,"2019-01-19T09:00:00-00:00","2019-01-19T10:00:00-00:00","NP15","Wind","Renewable Forecast Actual Generation","RENEW_FCST_ACT_MW",3,1,12.21479,"ACTUAL",2
"49","2019-01-19",24,0,"2019-01-20T07:00:00-00:00","2019-01-20T08:00:00-00:00","SP15","Solar","Renewable Forecast Actual Generation","RENEW_FCST_ACT_MW",3,3,-4.86781,"ACTUAL",3
"50","2019-01-19",2,0,"2019-01-19T09:00:00-00:00","2019-01-19T10:00:00-00:00","SP15","Solar","Renewable Forecast Actual Generation","RENEW_FCST_ACT_MW",3,3,-5.86425,"ACTUAL",3
"51","2019-01-19",23,0,"2019-01-20T06:00:00-00:00","2019-01-20T07:00:00-00:00","SP15","Solar","Renewable Forecast Actual Generation","RENEW_FCST_ACT_MW",3,3,-5.38451,"ACTUAL",3
"52","2019-01-19",6,0,"2019-01-19T13:00:00-00:00","2019-01-19T14:00:00-00:00","SP15","Solar","Renewable Forecast Actual Generation","RENEW_FCST_ACT_MW",3,3,-5.69069,"ACTUAL",3
"53","2019-01-19",22,0,"2019-01-20T05:00:00-00:00","2019-01-20T06:00:00-00:00","SP15","Solar","Renewable Forecast Actual Generation","RENEW_FCST_ACT_MW",3,3,-5.12958,"ACTUAL",3
"54","2019-01-19",11,0,"2019-01-19T18:00:00-00:00","2019-01-19T19:00:00-00:00","SP15","Solar","Renewable Forecast Actual Generation","RENEW_FCST_ACT_MW",3,3,5047.4125,"ACTUAL",3
"55","2019-01-19",21,0,"2019-01-20T04:00:00-00:00","2019-01-20T05:00:00-00:00","SP15","Solar","Renewable Forecast Actual Generation","RENEW_FCST_ACT_MW",3,3,-4.94027,"ACTUAL",3
"56","2019-01-19",3,0,"2019-01-19T10:00:00-00:00","2019-01-19T11:00:00-00:00","SP15","Solar","Renewable Forecast Actual Generation","RENEW_FCST_ACT_MW",3,3,-6.17794,"ACTUAL",3
"57","2019-01-19",20,0,"2019-01-20T03:00:00-00:00","2019-01-20T04:00:00-00:00","SP15","Solar","Renewable Forecast Actual Generation","RENEW_FCST_ACT_MW",3,3,-4.90819,"ACTUAL",3
"58","2019-01-19",10,0,"2019-01-19T17:00:00-00:00","2019-01-19T18:00:00-00:00","SP15","Solar","Renewable Forecast Actual Generation","RENEW_FCST_ACT_MW",3,3,4585.44629,"ACTUAL",3
"59","2019-01-19",19,0,"2019-01-20T02:00:00-00:00","2019-01-20T03:00:00-00:00","SP15","Solar","Renewable Forecast Actual Generation","RENEW_FCST_ACT_MW",3,3,-4.90503,"ACTUAL",3
"60","2019-01-19",5,0,"2019-01-19T12:00:00-00:00","2019-01-19T13:00:00-00:00","SP15","Solar","Renewable Forecast Actual Generation","RENEW_FCST_ACT_MW",3,3,-4.44131,"ACTUAL",3
"61","2019-01-19",18,0,"2019-01-20T01:00:00-00:00","2019-01-20T02:00:00-00:00","SP15","Solar","Renewable Forecast Actual Generation","RENEW_FCST_ACT_MW",3,3,61.43797,"ACTUAL",3
"62","2019-01-19",9,0,"2019-01-19T16:00:00-00:00","2019-01-19T17:00:00-00:00","SP15","Solar","Renewable Forecast Actual Generation","RENEW_FCST_ACT_MW",3,3,3056.52535,"ACTUAL",3
"63","2019-01-19",17,0,"2019-01-20T00:00:00-00:00","2019-01-20T01:00:00-00:00","SP15","Solar","Renewable Forecast Actual Generation","RENEW_FCST_ACT_MW",3,3,920.29166,"ACTUAL",3
"64","2019-01-19",1,0,"2019-01-19T08:00:00-00:00","2019-01-19T09:00:00-00:00","SP15","Solar","Renewable Forecast Actual Generation","RENEW_FCST_ACT_MW",3,3,-7.13553,"ACTUAL",3
"65","2019-01-19",16,0,"2019-01-19T23:00:00-00:00","2019-01-20T00:00:00-00:00","SP15","Solar","Renewable Forecast Actual Generation","RENEW_FCST_ACT_MW",3,3,3511.87457,"ACTUAL",3
"66","2019-01-19",8,0,"2019-01-19T15:00:00-00:00","2019-01-19T16:00:00-00:00","SP15","Solar","Renewable Forecast Actual Generation","RENEW_FCST_ACT_MW",3,3,819.98832,"ACTUAL",3
"67","2019-01-19",15,0,"2019-01-19T22:00:00-00:00","2019-01-19T23:00:00-00:00","SP15","Solar","Renewable Forecast Actual Generation","RENEW_FCST_ACT_MW",3,3,4984.17012,"ACTUAL",3
"68","2019-01-19",4,0,"2019-01-19T11:00:00-00:00","2019-01-19T12:00:00-00:00","SP15","Solar","Renewable Forecast Actual Generation","RENEW_FCST_ACT_MW",3,3,-4.45102,"ACTUAL",3
"69","2019-01-19",14,0,"2019-01-19T21:00:00-00:00","2019-01-19T22:00:00-00:00","SP15","Solar","Renewable Forecast Actual Generation","RENEW_FCST_ACT_MW",3,3,5321.16053,"ACTUAL",3
"70","2019-01-19",7,0,"2019-01-19T14:00:00-00:00","2019-01-19T15:00:00-00:00","SP15","Solar","Renewable Forecast Actual Generation","RENEW_FCST_ACT_MW",3,3,6.97114,"ACTUAL",3
"71","2019-01-19",13,0,"2019-01-19T20:00:00-00:00","2019-01-19T21:00:00-00:00","SP15","Solar","Renewable Forecast Actual Generation","RENEW_FCST_ACT_MW",3,3,5281.06795,"ACTUAL",3
"72","2019-01-19",12,0,"2019-01-19T19:00:00-00:00","2019-01-19T20:00:00-00:00","SP15","Solar","Renewable Forecast Actual Generation","RENEW_FCST_ACT_MW",3,3,5286.30715,"ACTUAL",3
"73","2019-01-19",23,0,"2019-01-20T06:00:00-00:00","2019-01-20T07:00:00-00:00","SP15","Wind","Renewable Forecast Actual Generation","RENEW_FCST_ACT_MW",3,1,131.24404,"ACTUAL",4
"74","2019-01-19",22,0,"2019-01-20T05:00:00-00:00","2019-01-20T06:00:00-00:00","SP15","Wind","Renewable Forecast Actual Generation","RENEW_FCST_ACT_MW",3,1,122.46012,"ACTUAL",4
"75","2019-01-19",21,0,"2019-01-20T04:00:00-00:00","2019-01-20T05:00:00-00:00","SP15","Wind","Renewable Forecast Actual Generation","RENEW_FCST_ACT_MW",3,1,149.51378,"ACTUAL",4
"76","2019-01-19",20,0,"2019-01-20T03:00:00-00:00","2019-01-20T04:00:00-00:00","SP15","Wind","Renewable Forecast Actual Generation","RENEW_FCST_ACT_MW",3,1,163.78621,"ACTUAL",4
"77","2019-01-19",19,0,"2019-01-20T02:00:00-00:00","2019-01-20T03:00:00-00:00","SP15","Wind","Renewable Forecast Actual Generation","RENEW_FCST_ACT_MW",3,1,174.83753,"ACTUAL",4
"78","2019-01-19",18,0,"2019-01-20T01:00:00-00:00","2019-01-20T02:00:00-00:00","SP15","Wind","Renewable Forecast Actual Generation","RENEW_FCST_ACT_MW",3,1,177.83973,"ACTUAL",4
"79","2019-01-19",17,0,"2019-01-20T00:00:00-00:00","2019-01-20T01:00:00-00:00","SP15","Wind","Renewable Forecast Actual Generation","RENEW_FCST_ACT_MW",3,1,166.03849,"ACTUAL",4
"80","2019-01-19",16,0,"2019-01-19T23:00:00-00:00","2019-01-20T00:00:00-00:00","SP15","Wind","Renewable Forecast Actual Generation","RENEW_FCST_ACT_MW",3,1,167.21781,"ACTUAL",4
"81","2019-01-19",15,0,"2019-01-19T22:00:00-00:00","2019-01-19T23:00:00-00:00","SP15","Wind","Renewable Forecast Actual Generation","RENEW_FCST_ACT_MW",3,1,196.59772,"ACTUAL",4
"82","2019-01-19",14,0,"2019-01-19T21:00:00-00:00","2019-01-19T22:00:00-00:00","SP15","Wind","Renewable Forecast Actual Generation","RENEW_FCST_ACT_MW",3,1,217.27238,"ACTUAL",4
"83","2019-01-19",13,0,"2019-01-19T20:00:00-00:00","2019-01-19T21:00:00-00:00","SP15","Wind","Renewable Forecast Actual Generation","RENEW_FCST_ACT_MW",3,1,247.77917,"ACTUAL",4
"84","2019-01-19",12,0,"2019-01-19T19:00:00-00:00","2019-01-19T20:00:00-00:00","SP15","Wind","Renewable Forecast Actual Generation","RENEW_FCST_ACT_MW",3,1,246.38204,"ACTUAL",4
"85","2019-01-19",11,0,"2019-01-19T18:00:00-00:00","2019-01-19T19:00:00-00:00","SP15","Wind","Renewable Forecast Actual Generation","RENEW_FCST_ACT_MW",3,1,227.85639,"ACTUAL",4
"86","2019-01-19",10,0,"2019-01-19T17:00:00-00:00","2019-01-19T18:00:00-00:00","SP15","Wind","Renewable Forecast Actual Generation","RENEW_FCST_ACT_MW",3,1,234.92363,"ACTUAL",4
"87","2019-01-19",9,0,"2019-01-19T16:00:00-00:00","2019-01-19T17:00:00-00:00","SP15","Wind","Renewable Forecast Actual Generation","RENEW_FCST_ACT_MW",3,1,255.34125,"ACTUAL",4
"88","2019-01-19",8,0,"2019-01-19T15:00:00-00:00","2019-01-19T16:00:00-00:00","SP15","Wind","Renewable Forecast Actual Generation","RENEW_FCST_ACT_MW",3,1,268.08263,"ACTUAL",4
"89","2019-01-19",7,0,"2019-01-19T14:00:00-00:00","2019-01-19T15:00:00-00:00","SP15","Wind","Renewable Forecast Actual Generation","RENEW_FCST_ACT_MW",3,1,270.6595,"ACTUAL",4
"90","2019-01-19",6,0,"2019-01-19T13:00:00-00:00","2019-01-19T14:00:00-00:00","SP15","Wind","Renewable Forecast Actual Generation","RENEW_FCST_ACT_MW",3,1,240.75042,"ACTUAL",4
"91","2019-01-19",5,0,"2019-01-19T12:00:00-00:00","2019-01-19T13:00:00-00:00","SP15","Wind","Renewable Forecast Actual Generation","RENEW_FCST_ACT_MW",3,1,224.02275,"ACTUAL",4
"92","2019-01-19",4,0,"2019-01-19T11:00:00-00:00","2019-01-19T12:00:00-00:00","SP15","Wind","Renewable Forecast Actual Generation","RENEW_FCST_ACT_MW",3,1,202.13759,"ACTUAL",4
"93","2019-01-19",3,0,"2019-01-19T10:00:00-00:00","2019-01-19T11:00:00-00:00","SP15","Wind","Renewable Forecast Actual Generation","RENEW_FCST_ACT_MW",3,1,200.571,"ACTUAL",4
"94","2019-01-19",2,0,"2019-01-19T09:00:00-00:00","2019-01-19T10:00:00-00:00","SP15","Wind","Renewable Forecast Actual Generation","RENEW_FCST_ACT_MW",3,1,184.82525,"ACTUAL",4
"95","2019-01-19",24,0,"2019-01-20T07:00:00-00:00","2019-01-20T08:00:00-00:00","SP15","Wind","Renewable Forecast Actual Generation","RENEW_FCST_ACT_MW",3,1,127.94456,"ACTUAL",4
"96","2019-01-19",1,0,"2019-01-19T08:00:00-00:00","2019-01-19T09:00:00-00:00","SP15","Wind","Renewable Forecast Actual Generation","RENEW_FCST_ACT_MW",3,1,175.19431,"ACTUAL",4
"97","2019-01-19",1,0,"2019-01-19T08:00:00-00:00","2019-01-19T09:00:00-00:00","ZP26","Solar","Renewable Forecast Actual Generation","RENEW_FCST_ACT_MW",3,3,-4.78656,"ACTUAL",5
"98","2019-01-19",24,0,"2019-01-20T07:00:00-00:00","2019-01-20T08:00:00-00:00","ZP26","Solar","Renewable Forecast Actual Generation","RENEW_FCST_ACT_MW",3,3,-4.66297,"ACTUAL",5
"99","2019-01-19",3,0,"2019-01-19T10:00:00-00:00","2019-01-19T11:00:00-00:00","ZP26","Solar","Renewable Forecast Actual Generation","RENEW_FCST_ACT_MW",3,3,-4.84082,"ACTUAL",5
"100","2019-01-19",4,0,"2019-01-19T11:00:00-00:00","2019-01-19T12:00:00-00:00","ZP26","Solar","Renewable Forecast Actual Generation","RENEW_FCST_ACT_MW",3,3,-5.20843,"ACTUAL",5
"101","2019-01-19",5,0,"2019-01-19T12:00:00-00:00","2019-01-19T13:00:00-00:00","ZP26","Solar","Renewable Forecast Actual Generation","RENEW_FCST_ACT_MW",3,3,-5.21819,"ACTUAL",5
"102","2019-01-19",6,0,"2019-01-19T13:00:00-00:00","2019-01-19T14:00:00-00:00","ZP26","Solar","Renewable Forecast Actual Generation","RENEW_FCST_ACT_MW",3,3,-5.22558,"ACTUAL",5
"103","2019-01-19",7,0,"2019-01-19T14:00:00-00:00","2019-01-19T15:00:00-00:00","ZP26","Solar","Renewable Forecast Actual Generation","RENEW_FCST_ACT_MW",3,3,-5.23898,"ACTUAL",5
"104","2019-01-19",8,0,"2019-01-19T15:00:00-00:00","2019-01-19T16:00:00-00:00","ZP26","Solar","Renewable Forecast Actual Generation","RENEW_FCST_ACT_MW",3,3,99.75159,"ACTUAL",5
"105","2019-01-19",9,0,"2019-01-19T16:00:00-00:00","2019-01-19T17:00:00-00:00","ZP26","Solar","Renewable Forecast Actual Generation","RENEW_FCST_ACT_MW",3,3,568.4665,"ACTUAL",5
"106","2019-01-19",10,0,"2019-01-19T17:00:00-00:00","2019-01-19T18:00:00-00:00","ZP26","Solar","Renewable Forecast Actual Generation","RENEW_FCST_ACT_MW",3,3,1028.5007,"ACTUAL",5
"107","2019-01-19",11,0,"2019-01-19T18:00:00-00:00","2019-01-19T19:00:00-00:00","ZP26","Solar","Renewable Forecast Actual Generation","RENEW_FCST_ACT_MW",3,3,1203.57108,"ACTUAL",5
"108","2019-01-19",12,0,"2019-01-19T19:00:00-00:00","2019-01-19T20:00:00-00:00","ZP26","Solar","Renewable Forecast Actual Generation","RENEW_FCST_ACT_MW",3,3,1234.50081,"ACTUAL",5
"109","2019-01-19",13,0,"2019-01-19T20:00:00-00:00","2019-01-19T21:00:00-00:00","ZP26","Solar","Renewable Forecast Actual Generation","RENEW_FCST_ACT_MW",3,3,1186.70336,"ACTUAL",5
"110","2019-01-19",14,0,"2019-01-19T21:00:00-00:00","2019-01-19T22:00:00-00:00","ZP26","Solar","Renewable Forecast Actual Generation","RENEW_FCST_ACT_MW",3,3,1153.42931,"ACTUAL",5
"111","2019-01-19",15,0,"2019-01-19T22:00:00-00:00","2019-01-19T23:00:00-00:00","ZP26","Solar","Renewable Forecast Actual Generation","RENEW_FCST_ACT_MW",3,3,1095.51158,"ACTUAL",5
"112","2019-01-19",16,0,"2019-01-19T23:00:00-00:00","2019-01-20T00:00:00-00:00","ZP26","Solar","Renewable Forecast Actual Generation","RENEW_FCST_ACT_MW",3,3,720.02441,"ACTUAL",5
"113","2019-01-19",17,0,"2019-01-20T00:00:00-00:00","2019-01-20T01:00:00-00:00","ZP26","Solar","Renewable Forecast Actual Generation","RENEW_FCST_ACT_MW",3,3,233.42959,"ACTUAL",5
"114","2019-01-19",18,0,"2019-01-20T01:00:00-00:00","2019-01-20T02:00:00-00:00","ZP26","Solar","Renewable Forecast Actual Generation","RENEW_FCST_ACT_MW",3,3,8.19111,"ACTUAL",5
"115","2019-01-19",19,0,"2019-01-20T02:00:00-00:00","2019-01-20T03:00:00-00:00","ZP26","Solar","Renewable Forecast Actual Generation","RENEW_FCST_ACT_MW",3,3,-4.77655,"ACTUAL",5
"116","2019-01-19",20,0,"2019-01-20T03:00:00-00:00","2019-01-20T04:00:00-00:00","ZP26","Solar","Renewable Forecast Actual Generation","RENEW_FCST_ACT_MW",3,3,-4.75842,"ACTUAL",5
"117","2019-01-19",21,0,"2019-01-20T04:00:00-00:00","2019-01-20T05:00:00-00:00","ZP26","Solar","Renewable Forecast Actual Generation","RENEW_FCST_ACT_MW",3,3,-4.6868,"ACTUAL",5
"118","2019-01-19",22,0,"2019-01-20T05:00:00-00:00","2019-01-20T06:00:00-00:00","ZP26","Solar","Renewable Forecast Actual Generation","RENEW_FCST_ACT_MW",3,3,-4.65912,"ACTUAL",5
"119","2019-01-19",23,0,"2019-01-20T06:00:00-00:00","2019-01-20T07:00:00-00:00","ZP26","Solar","Renewable Forecast Actual Generation","RENEW_FCST_ACT_MW",3,3,-4.67177,"ACTUAL",5
"120","2019-01-19",2,0,"2019-01-19T09:00:00-00:00","2019-01-19T10:00:00-00:00","ZP26","Solar","Renewable Forecast Actual Generation","RENEW_FCST_ACT_MW",3,3,-4.80407,"ACTUAL",5
