"","OPR_DT","OPR_HR","OPR_INTERVAL","INTERVALSTARTTIME_GMT","INTERVALENDTIME_GMT","TRADING_HUB","RENEWABLE_TYPE","LABEL","XML_DATA_ITEM","MARKET_RUN_ID_POS","RENEW_POS","MW","MARKET_RUN_ID","GROUP"
"1","2019-03-14",2,0,"2019-03-14T08:00:00-00:00","2019-03-14T09:00:00-00:00","NP15","Solar","Renewable Forecast Actual Generation","RENEW_FCST_ACT_MW",3,3,-2.97154,"ACTUAL",1
"2","2019-03-14",3,0,"2019-03-14T09:00:00-00:00","2019-03-14T10:00:00-00:00","NP15","Solar","Renewable Forecast Actual Generation","RENEW_FCST_ACT_MW",3,3,-3.00327,"ACTUAL",1
"3","2019-03-14",4,0,"2019-03-14T10:00:00-00:00","2019-03-14T11:00:00-00:00","NP15","Solar","Renewable Forecast Actual Generation","RENEW_FCST_ACT_MW",3,3,-3.44647,"ACTUAL",1
"4","2019-03-14",5,0,"2019-03-14T11:00:00-00:00","2019-03-14T12:00:00-00:00","NP15","Solar","Renewable Forecast Actual Generation","RENEW_FCST_ACT_MW",3,3,-3.53286,"ACTUAL",1
"5","2019-03-14",6,0,"2019-03-14T12:00:00-00:00","2019-03-14T13:00:00-00:00","NP15","Solar","Renewable Forecast Actual Generation","RENEW_FCST_ACT_MW",3,3,-3.51017,"ACTUAL",1
"6","2019-03-14",7,0,"2019-03-14T13:00:00-00:00","2019-03-14T14:00:00-00:00","NP15","Solar","Renewable Forecast Actual Generation","RENEW_FCST_ACT_MW",3,3,-3.54879,"ACTUAL",1
"7","2019-03-14",8,0,"2019-03-14T14:00:00-00:00","2019-03-14T15:00:00-00:00","NP15","Solar","Renewable Forecast Actual Generation","RENEW_FCST_ACT_MW",3,3,101.94022,"ACTUAL",1
"8","2019-03-14",9,0,"2019-03-14T15:00:00-00:00","2019-03-14T16:00:00-00:00","NP15","Solar","Renewable Forecast Actual Generation","RENEW_FCST_ACT_MW",3,3,854.0413,"ACTUAL",1
"9","2019-03-14",10,0,"2019-03-14T16:00:00-00:00","2019-03-14T17:00:00-00:00","NP15","Solar","Renewable Forecast Actual Generation","RENEW_FCST_ACT_MW",3,3,1336.87358,"ACTUAL",1
"10","2019-03-14",11,0,"2019-03-14T17:00:00-00:00","2019-03-14T18:00:00-00:00","NP15","Solar","Renewable Forecast Actual Generation","RENEW_FCST_ACT_MW",3,3,1404.01647,"ACTUAL",1
"11","2019-03-14",12,0,"2019-03-14T18:00:00-00:00","2019-03-14T19:00:00-00:00","NP15","Solar","Renewable Forecast Actual Generation","RENEW_FCST_ACT_MW",3,3,1294.56068,"ACTUAL",1
"12","2019-03-14",13,0,"2019-03-14T19:00:00-00:00","2019-03-14T20:00:00-00:00","NP15","Solar","Renewable Forecast Actual Generation","RENEW_FCST_ACT_MW",3,3,1372.57008,"ACTUAL",1
"13","2019-03-14",14,0,"2019-03-14T20:00:00-00:00","2019-03-14T21:00:00-00:00","NP15","Solar","Renewable Forecast Actual Generation","RENEW_FCST_ACT_MW",3,3,1359.81666,"ACTUAL",1
"14","2019-03-14",15,0,"2019-03-14T21:00:00-00:00","2019-03-14T22:00:00-00:00","NP15","Solar","Renewable Forecast Actual Generation","RENEW_FCST_ACT_MW",3,3,1355.87088,"ACTUAL",1
"15","2019-03-14",16,0,"2019-03-14T22:00:00-00:00","2019-03-14T23:00:00-00:00","NP15","Solar","Renewable Forecast Actual Generation","RENEW_FCST_ACT_MW",3,3,1363.98279,"ACTUAL",1
"16","2019-03-14",17,0,"2019-03-14T23:00:00-00:00","2019-03-15T00:00:00-00:00","NP15","Solar","Renewable Forecast Actual Generation","RENEW_FCST_ACT_MW",3,3,1329.41212,"ACTUAL",1
"17","2019-03-14",18,0,"2019-03-15T00:00:00-00:00","2019-03-15T01:00:00-00:00","NP15","Solar","Renewable Forecast Actual Generation","RENEW_FCST_ACT_MW",3,3,999.87381,"ACTUAL",1
"18","2019-03-14",19,0,"2019-03-15T01:00:00-00:00","2019-03-15T02:00:00-00:00","NP15","Solar","Renewable Forecast Actual Generation","RENEW_FCST_ACT_MW",3,3,240.20456,"ACTUAL",1
"19","2019-03-14",20,0,"2019-03-15T02:00:00-00:00","2019-03-15T03:00:00-00:00","NP15","Solar","Renewable Forecast Actual Generation","RENEW_FCST_ACT_MW",3,3,-2.11923,"ACTUAL",1
"20","2019-03-14",21,0,"2019-03-15T03:00:00-00:00","2019-03-15T04:00:00-00:00","NP15","Solar","Renewable Forecast Actual Generation","RENEW_FCST_ACT_MW",3,3,-2.26615,"ACTUAL",1
"21","2019-03-14",22,0,"2019-03-15T04:00:00-00:00","2019-03-15T05:00:00-00:00","NP15","Solar","Renewable Forecast Actual Generation","RENEW_FCST_ACT_MW",3,3,-2.26369,"ACTUAL",1
"22","2019-03-14",23,0,"2019-03-15T05:00:00-00:00","2019-03-15T06:00:00-00:00","NP15","Solar","Renewable Forecast Actual Generation","RENEW_FCST_ACT_MW",3,3,-2.27707,"ACTUAL",1
"23","2019-03-14",24,0,"2019-03-15T06:00:00-00:00","2019-03-15T07:00:00-00:00","NP15","Solar","Renewable Forecast Actual Generation","RENEW_FCST_ACT_MW",3,3,-2.28737,"ACTUAL",1
"24","2019-03-14",18,0,"2019-03-15T00:00:00-00:00","2019-03-15T01:00:00-00:00","NP15","Wind","Renewable Forecast Actual Generation","RENEW_FCST_ACT_MW",3,1,84.74305,"ACTUAL",2
"25","2019-03-14",6,0,"2019-03-14T12:00:00-00:00","2019-03-14T13:00:00-00:00","NP15","Wind","Renewable Forecast Actual Generation","RENEW_FCST_ACT_MW",3,1,450.59968,"ACTUAL",2
"26","2019-03-14",17,0,"2019-03-14T23:00:00-00:00","2019-03-15T00:00:00-00:00","NP15","Wind","Renewable Forecast Actual Generation","RENEW_FCST_ACT_MW",3,1,97.47122,"ACTUAL",2
"27","2019-03-14",16,0,"2019-03-14T22:00:00-00:00","2019-03-14T23:00:00-00:00","NP15","Wind","Renewable Forecast Actual Generation","RENEW_FCST_ACT_MW",3,1,141.28533,"ACTUAL",2
"28","2019-03-14",15,0,"2019-03-14T21:00:00-00:00","2019-03-14T22:00:00-00:00","NP15","Wind","Renewable Forecast Actual Generation","RENEW_FCST_ACT_MW",3,1,209.42403,"ACTUAL",2
"29","2019-03-14",14,0,"2019-03-14T20:00:00-00:00","2019-03-14T21:00:00-00:00","NP15","Wind","Renewable Forecast Actual Generation","RENEW_FCST_ACT_MW",3,1,237.07299,"ACTUAL",2
"30","2019-03-14",13,0,"2019-03-14T19:00:00-00:00","2019-03-14T20:00:00-00:00","NP15","Wind","Renewable Forecast Actual Generation","RENEW_FCST_ACT_MW",3,1,258.59075,"ACTUAL",2
"31","2019-03-14",12,0,"2019-03-14T18:00:00-00:00","2019-03-14T19:00:00-00:00","NP15","Wind","Renewable Forecast Actual Generation","RENEW_FCST_ACT_MW",3,1,272.84323,"ACTUAL",2
"32","2019-03-14",11,0,"2019-03-14T17:00:00-00:00","2019-03-14T18:00:00-00:00","NP15","Wind","Renewable Forecast Actual Generation","RENEW_FCST_ACT_MW",3,1,413.19729,"ACTUAL",2
"33","2019-03-14",10,0,"2019-03-14T16:00:00-00:00","2019-03-14T17:00:00-00:00","NP15","Wind","Renewable Forecast Actual Generation","RENEW_FCST_ACT_MW",3,1,485.95224,"ACTUAL",2
"34","2019-03-14",9,0,"2019-03-14T15:00:00-00:00","2019-03-14T16:00:00-00:00","NP15","Wind","Renewable Forecast Actual Generation","RENEW_FCST_ACT_MW",3,1,566.70354,"ACTUAL",2
"35","2019-03-14",8,0,"2019-03-14T14:00:00-00:00","2019-03-14T15:00:00-00:00","NP15","Wind","Renewable Forecast Actual Generation","RENEW_FCST_ACT_MW",3,1,626.92046,"ACTUAL",2
"36","2019-03-14",7,0,"2019-03-14T13:00:00-00:00","2019-03-14T14:00:00-00:00","NP15","Wind","Renewable Forecast Actual Generation","RENEW_FCST_ACT_MW",3,1,528.84025,"ACTUAL",2
"37","2019-03-14",5,0,"2019-03-14T11:00:00-00:00","2019-03-14T12:00:00-00:00","NP15","Wind","Renewable Forecast Actual Generation","RENEW_FCST_ACT_MW",3,1,499.30293,"ACTUAL",2
"38","2019-03-14",4,0,"2019-03-14T10:00:00-00:00","2019-03-14T11:00:00-00:00","NP15","Wind","Renewable Forecast Actual Generation","RENEW_FCST_ACT_MW",3,1,646.36048,"ACTUAL",2
"39","2019-03-14",3,0,"2019-03-14T09:00:00-00:00","2019-03-14T10:00:00-00:00","NP15","Wind","Renewable Forecast Actual Generation","RENEW_FCST_ACT_MW",3,1,531.89448,"ACTUAL",2
"40","2019-03-14",2,0,"2019-03-14T08:00:00-00:00","2019-03-14T09:00:00-00:00","NP15","Wind","Renewable Forecast Actual Generation","RENEW_FCST_ACT_MW",3,1,804.63189,"ACTUAL",2
"41","2019-03-14",24,0,"2019-03-15T06:00:00-00:00","2019-03-15T07:00:00-00:00","NP15","Wind","Renewable Forecast Actual Generation","RENEW_FCST_ACT_MW",3,1,41.7122,"ACTUAL",2
"42","2019-03-14",23,0,"2019-03-15T05:00:00-00:00","2019-03-15T06:00:00-00:00","NP15","Wind","Renewable Forecast Actual Generation","RENEW_FCST_ACT_MW",3,1,39.85727,"ACTUAL",2
"43","2019-03-14",22,0,"2019-03-15T04:00:00-00:00","2019-03-15T05:00:00-00:00","NP15","Wind","Renewable Forecast Actual Generation","RENEW_FCST_ACT_MW",3,1,35.18613,"ACTUAL",2
"44","2019-03-14",21,0,"2019-03-15T03:00:00-00:00","2019-03-15T04:00:00-00:00","NP15","Wind","Renewable Forecast Actual Generation","RENEW_FCST_ACT_MW",3,1,47.22113,"ACTUAL",2
"45","2019-03-14",20,0,"2019-03-15T02:00:00-00:00","2019-03-15T03:00:00-00:00","NP15","Wind","Renewable Forecast Actual Generation","RENEW_FCST_ACT_MW",3,1,51.152,"ACTUAL",2
"46","2019-03-14",19,0,"2019-03-15T01:00:00-00:00","2019-03-15T02:00:00-00:00","NP15","Wind","Renewable Forecast Actual Generation","RENEW_FCST_ACT_MW",3,1,56.05809,"ACTUAL",2
"47","2019-03-14",6,0,"2019-03-14T12:00:00-00:00","2019-03-14T13:00:00-00:00","SP15","Solar","Renewable Forecast Actual Generation","RENEW_FCST_ACT_MW",3,3,-8.10467,"ACTUAL",3
"48","2019-03-14",18,0,"2019-03-15T00:00:00-00:00","2019-03-15T01:00:00-00:00","SP15","Solar","Renewable Forecast Actual Generation","RENEW_FCST_ACT_MW",3,3,4046.78075,"ACTUAL",3
"49","2019-03-14",5,0,"2019-03-14T11:00:00-00:00","2019-03-14T12:00:00-00:00","SP15","Solar","Renewable Forecast Actual Generation","RENEW_FCST_ACT_MW",3,3,-6.54196,"ACTUAL",3
"50","2019-03-14",11,0,"2019-03-14T17:00:00-00:00","2019-03-14T18:00:00-00:00","SP15","Solar","Renewable Forecast Actual Generation","RENEW_FCST_ACT_MW",3,3,6861.29269,"ACTUAL",3
"51","2019-03-14",4,0,"2019-03-14T10:00:00-00:00","2019-03-14T11:00:00-00:00","SP15","Solar","Renewable Forecast Actual Generation","RENEW_FCST_ACT_MW",3,3,-6.83506,"ACTUAL",3
"52","2019-03-14",15,0,"2019-03-14T21:00:00-00:00","2019-03-14T22:00:00-00:00","SP15","Solar","Renewable Forecast Actual Generation","RENEW_FCST_ACT_MW",3,3,6733.61178,"ACTUAL",3
"53","2019-03-14",3,0,"2019-03-14T09:00:00-00:00","2019-03-14T10:00:00-00:00","SP15","Solar","Renewable Forecast Actual Generation","RENEW_FCST_ACT_MW",3,3,-6.49688,"ACTUAL",3
"54","2019-03-14",10,0,"2019-03-14T16:00:00-00:00","2019-03-14T17:00:00-00:00","SP15","Solar","Renewable Forecast Actual Generation","RENEW_FCST_ACT_MW",3,3,6090.47902,"ACTUAL",3
"55","2019-03-14",2,0,"2019-03-14T08:00:00-00:00","2019-03-14T09:00:00-00:00","SP15","Solar","Renewable Forecast Actual Generation","RENEW_FCST_ACT_MW",3,3,-5.47753,"ACTUAL",3
"56","2019-03-14",13,0,"2019-03-14T19:00:00-00:00","2019-03-14T20:00:00-00:00","SP15","Solar","Renewable Forecast Actual Generation","RENEW_FCST_ACT_MW",3,3,7115.29449,"ACTUAL",3
"57","2019-03-14",24,0,"2019-03-15T06:00:00-00:00","2019-03-15T07:00:00-00:00","SP15","Solar","Renewable Forecast Actual Generation","RENEW_FCST_ACT_MW",3,3,-5.60226,"ACTUAL",3
"58","2019-03-14",9,0,"2019-03-14T15:00:00-00:00","2019-03-14T16:00:00-00:00","SP15","Solar","Renewable Forecast Actual Generation","RENEW_FCST_ACT_MW",3,3,3876.70019,"ACTUAL",3
"59","2019-03-14",23,0,"2019-03-15T05:00:00-00:00","2019-03-15T06:00:00-00:00","SP15","Solar","Renewable Forecast Actual Generation","RENEW_FCST_ACT_MW",3,3,-5.03803,"ACTUAL",3
"60","2019-03-14",16,0,"2019-03-14T22:00:00-00:00","2019-03-14T23:00:00-00:00","SP15","Solar","Renewable Forecast Actual Generation","RENEW_FCST_ACT_MW",3,3,6334.05118,"ACTUAL",3
"61","2019-03-14",22,0,"2019-03-15T04:00:00-00:00","2019-03-15T05:00:00-00:00","SP15","Solar","Renewable Forecast Actual Generation","RENEW_FCST_ACT_MW",3,3,-5.43404,"ACTUAL",3
"62","2019-03-14",8,0,"2019-03-14T14:00:00-00:00","2019-03-14T15:00:00-00:00","SP15","Solar","Renewable Forecast Actual Generation","RENEW_FCST_ACT_MW",3,3,883.64061,"ACTUAL",3
"63","2019-03-14",21,0,"2019-03-15T03:00:00-00:00","2019-03-15T04:00:00-00:00","SP15","Solar","Renewable Forecast Actual Generation","RENEW_FCST_ACT_MW",3,3,-6.0099,"ACTUAL",3
"64","2019-03-14",12,0,"2019-03-14T18:00:00-00:00","2019-03-14T19:00:00-00:00","SP15","Solar","Renewable Forecast Actual Generation","RENEW_FCST_ACT_MW",3,3,7119.70783,"ACTUAL",3
"65","2019-03-14",20,0,"2019-03-15T02:00:00-00:00","2019-03-15T03:00:00-00:00","SP15","Solar","Renewable Forecast Actual Generation","RENEW_FCST_ACT_MW",3,3,6.93952,"ACTUAL",3
"66","2019-03-14",7,0,"2019-03-14T13:00:00-00:00","2019-03-14T14:00:00-00:00","SP15","Solar","Renewable Forecast Actual Generation","RENEW_FCST_ACT_MW",3,3,-7.24112,"ACTUAL",3
"67","2019-03-14",19,0,"2019-03-15T01:00:00-00:00","2019-03-15T02:00:00-00:00","SP15","Solar","Renewable Forecast Actual Generation","RENEW_FCST_ACT_MW",3,3,769.56315,"ACTUAL",3
"68","2019-03-14",14,0,"2019-03-14T20:00:00-00:00","2019-03-14T21:00:00-00:00","SP15","Solar","Renewable Forecast Actual Generation","RENEW_FCST_ACT_MW",3,3,6955.45591,"ACTUAL",3
"69","2019-03-14",17,0,"2019-03-14T23:00:00-00:00","2019-03-15T00:00:00-00:00","SP15","Solar","Renewable Forecast Actual Generation","RENEW_FCST_ACT_MW",3,3,5835.0762,"ACTUAL",3
"70","2019-03-14",18,0,"2019-03-15T00:00:00-00:00","2019-03-15T01:00:00-00:00","SP15","Wind","Renewable Forecast Actual Generation","RENEW_FCST_ACT_MW",3,1,880.97525,"ACTUAL",4
"71","2019-03-14",19,0,"2019-03-15T01:00:00-00:00","2019-03-15T02:00:00-00:00","SP15","Wind","Renewable Forecast Actual Generation","RENEW_FCST_ACT_MW",3,1,746.53453,"ACTUAL",4
"72","2019-03-14",20,0,"2019-03-15T02:00:00-00:00","2019-03-15T03:00:00-00:00","SP15","Wind","Renewable Forecast Actual Generation","RENEW_FCST_ACT_MW",3,1,676.00996,"ACTUAL",4
"73","2019-03-14",21,0,"2019-03-15T03:00:00-00:00","2019-03-15T04:00:00-00:00","SP15","Wind","Renewable Forecast Actual Generation","RENEW_FCST_ACT_MW",3,1,593.8351,"ACTUAL",4
"74","2019-03-14",22,0,"2019-03-15T04:00:00-00:00","2019-03-15T05:00:00-00:00","SP15","Wind","Renewable Forecast Actual Generation","RENEW_FCST_ACT_MW",3,1,626.71623,"ACTUAL",4
"75","2019-03-14",23,0,"2019-03-15T05:00:00-00:00","2019-03-15T06:00:00-00:00","SP15","Wind","Renewable Forecast Actual Generation","RENEW_FCST_ACT_MW",3,1,613.67279,"ACTUAL",4
"76","2019-03-14",24,0,"2019-03-15T06:00:00-00:00","2019-03-15T07:00:00-00:00","SP15","Wind","Renewable Forecast Actual Generation","RENEW_FCST_ACT_MW",3,1,588.34086,"ACTUAL",4
"77","2019-03-14",2,0,"2019-03-14T08:00:00-00:00","2019-03-14T09:00:00-00:00","SP15","Wind","Renewable Forecast Actual Generation","RENEW_FCST_ACT_MW",3,1,599.07699,"ACTUAL",4
"78","2019-03-14",3,0,"2019-03-14T09:00:00-00:00","2019-03-14T10:00:00-00:00","SP15","Wind","Renewable Forecast Actual Generation","RENEW_FCST_ACT_MW",3,1,630.56326,"ACTUAL",4
"79","2019-03-14",4,0,"2019-03-14T10:00:00-00:00","2019-03-14T11:00:00-00:00","SP15","Wind","Renewable Forecast Actual Generation","RENEW_FCST_ACT_MW",3,1,614.57569,"ACTUAL",4
"80","2019-03-14",5,0,"2019-03-14T11:00:00-00:00","2019-03-14T12:00:00-00:00","SP15","Wind","Renewable Forecast Actual Generation","RENEW_FCST_ACT_MW",3,1,616.20039,"ACTUAL",4
"81","2019-03-14",6,0,"2019-03-14T12:00:00-00:00","2019-03-14T13:00:00-00:00","SP15","Wind","Renewable Forecast Actual Generation","RENEW_FCST_ACT_MW",3,1,617.4412,"ACTUAL",4
"82","2019-03-14",7,0,"2019-03-14T13:00:00-00:00","2019-03-14T14:00:00-00:00","SP15","Wind","Renewable Forecast Actual Generation","RENEW_FCST_ACT_MW",3,1,547.69277,"ACTUAL",4
"83","2019-03-14",8,0,"2019-03-14T14:00:00-00:00","2019-03-14T15:00:00-00:00","SP15","Wind","Renewable Forecast Actual Generation","RENEW_FCST_ACT_MW",3,1,581.78582,"ACTUAL",4
"84","2019-03-14",9,0,"2019-03-14T15:00:00-00:00","2019-03-14T16:00:00-00:00","SP15","Wind","Renewable Forecast Actual Generation","RENEW_FCST_ACT_MW",3,1,679.00662,"ACTUAL",4
"85","2019-03-14",10,0,"2019-03-14T16:00:00-00:00","2019-03-14T17:00:00-00:00","SP15","Wind","Renewable Forecast Actual Generation","RENEW_FCST_ACT_MW",3,1,966.42114,"ACTUAL",4
"86","2019-03-14",11,0,"2019-03-14T17:00:00-00:00","2019-03-14T18:00:00-00:00","SP15","Wind","Renewable Forecast Actual Generation","RENEW_FCST_ACT_MW",3,1,1124.87175,"ACTUAL",4
"87","2019-03-14",12,0,"2019-03-14T18:00:00-00:00","2019-03-14T19:00:00-00:00","SP15","Wind","Renewable Forecast Actual Generation","RENEW_FCST_ACT_MW",3,1,1060.52982,"ACTUAL",4
"88","2019-03-14",13,0,"2019-03-14T19:00:00-00:00","2019-03-14T20:00:00-00:00","SP15","Wind","Renewable Forecast Actual Generation","RENEW_FCST_ACT_MW",3,1,996.11772,"ACTUAL",4
"89","2019-03-14",14,0,"2019-03-14T20:00:00-00:00","2019-03-14T21:00:00-00:00","SP15","Wind","Renewable Forecast Actual Generation","RENEW_FCST_ACT_MW",3,1,1132.26081,"ACTUAL",4
"90","2019-03-14",15,0,"2019-03-14T21:00:00-00:00","2019-03-14T22:00:00-00:00","SP15","Wind","Renewable Forecast Actual Generation","RENEW_FCST_ACT_MW",3,1,1195.93257,"ACTUAL",4
"91","2019-03-14",16,0,"2019-03-14T22:00:00-00:00","2019-03-14T23:00:00-00:00","SP15","Wind","Renewable Forecast Actual Generation","RENEW_FCST_ACT_MW",3,1,1100.6161,"ACTUAL",4
"92","2019-03-14",17,0,"2019-03-14T23:00:00-00:00","2019-03-15T00:00:00-00:00","SP15","Wind","Renewable Forecast Actual Generation","RENEW_FCST_ACT_MW",3,1,972.04676,"ACTUAL",4
"93","2019-03-14",18,0,"2019-03-15T00:00:00-00:00","2019-03-15T01:00:00-00:00","ZP26","Solar","Renewable Forecast Actual Generation","RENEW_FCST_ACT_MW",3,3,914.20543,"ACTUAL",5
"94","2019-03-14",17,0,"2019-03-14T23:00:00-00:00","2019-03-15T00:00:00-00:00","ZP26","Solar","Renewable Forecast Actual Generation","RENEW_FCST_ACT_MW",3,3,1298.2359,"ACTUAL",5
"95","2019-03-14",20,0,"2019-03-15T02:00:00-00:00","2019-03-15T03:00:00-00:00","ZP26","Solar","Renewable Forecast Actual Generation","RENEW_FCST_ACT_MW",3,3,-3.67538,"ACTUAL",5
"96","2019-03-14",21,0,"2019-03-15T03:00:00-00:00","2019-03-15T04:00:00-00:00","ZP26","Solar","Renewable Forecast Actual Generation","RENEW_FCST_ACT_MW",3,3,-3.58917,"ACTUAL",5
"97","2019-03-14",22,0,"2019-03-15T04:00:00-00:00","2019-03-15T05:00:00-00:00","ZP26","Solar","Renewable Forecast Actual Generation","RENEW_FCST_ACT_MW",3,3,-3.58808,"ACTUAL",5
"98","2019-03-14",23,0,"2019-03-15T05:00:00-00:00","2019-03-15T06:00:00-00:00","ZP26","Solar","Renewable Forecast Actual Generation","RENEW_FCST_ACT_MW",3,3,-3.62498,"ACTUAL",5
"99","2019-03-14",24,0,"2019-03-15T06:00:00-00:00","2019-03-15T07:00:00-00:00","ZP26","Solar","Renewable Forecast Actual Generation","RENEW_FCST_ACT_MW",3,3,-3.61635,"ACTUAL",5
"100","2019-03-14",2,0,"2019-03-14T08:00:00-00:00","2019-03-14T09:00:00-00:00","ZP26","Solar","Renewable Forecast Actual Generation","RENEW_FCST_ACT_MW",3,3,-3.81419,"ACTUAL",5
"101","2019-03-14",3,0,"2019-03-14T09:00:00-00:00","2019-03-14T10:00:00-00:00","ZP26","Solar","Renewable Forecast Actual Generation","RENEW_FCST_ACT_MW",3,3,-3.81001,"ACTUAL",5
"102","2019-03-14",4,0,"2019-03-14T10:00:00-00:00","2019-03-14T11:00:00-00:00","ZP26","Solar","Renewable Forecast Actual Generation","RENEW_FCST_ACT_MW",3,3,-3.81434,"ACTUAL",5
"103","2019-03-14",5,0,"2019-03-14T11:00:00-00:00","2019-03-14T12:00:00-00:00","ZP26","Solar","Renewable Forecast Actual Generation","RENEW_FCST_ACT_MW",3,3,-4.03286,"ACTUAL",5
"104","2019-03-14",6,0,"2019-03-14T12:00:00-00:00","2019-03-14T13:00:00-00:00","ZP26","Solar","Renewable Forecast Actual Generation","RENEW_FCST_ACT_MW",3,3,-4.11901,"ACTUAL",5
"105","2019-03-14",7,0,"2019-03-14T13:00:00-00:00","2019-03-14T14:00:00-00:00","ZP26","Solar","Renewable Forecast Actual Generation","RENEW_FCST_ACT_MW",3,3,-4.07317,"ACTUAL",5
"106","2019-03-14",8,0,"2019-03-14T14:00:00-00:00","2019-03-14T15:00:00-00:00","ZP26","Solar","Renewable Forecast Actual Generation","RENEW_FCST_ACT_MW",3,3,103.55728,"ACTUAL",5
"107","2019-03-14",9,0,"2019-03-14T15:00:00-00:00","2019-03-14T16:00:00-00:00","ZP26","Solar","Renewable Forecast Actual Generation","RENEW_FCST_ACT_MW",3,3,745.20662,"ACTUAL",5
"108","2019-03-14",10,0,"2019-03-14T16:00:00-00:00","2019-03-14T17:00:00-00:00","ZP26","Solar","Renewable Forecast Actual Generation","RENEW_FCST_ACT_MW",3,3,1258.32075,"ACTUAL",5
"109","2019-03-14",11,0,"2019-03-14T17:00:00-00:00","2019-03-14T18:00:00-00:00","ZP26","Solar","Renewable Forecast Actual Generation","RENEW_FCST_ACT_MW",3,3,1432.02344,"ACTUAL",5
"110","2019-03-14",12,0,"2019-03-14T18:00:00-00:00","2019-03-14T19:00:00-00:00","ZP26","Solar","Renewable Forecast Actual Generation","RENEW_FCST_ACT_MW",3,3,1505.91046,"ACTUAL",5
"111","2019-03-14",13,0,"2019-03-14T19:00:00-00:00","2019-03-14T20:00:00-00:00","ZP26","Solar","Renewable Forecast Actual Generation","RENEW_FCST_ACT_MW",3,3,1519.3825,"ACTUAL",5
"112","2019-03-14",14,0,"2019-03-14T20:00:00-00:00","2019-03-14T21:00:00-00:00","ZP26","Solar","Renewable Forecast Actual Generation","RENEW_FCST_ACT_MW",3,3,1525.41707,"ACTUAL",5
"113","2019-03-14",15,0,"2019-03-14T21:00:00-00:00","2019-03-14T22:00:00-00:00","ZP26","Solar","Renewable Forecast Actual Generation","RENEW_FCST_ACT_MW",3,3,1504.62081,"ACTUAL",5
"114","2019-03-14",16,0,"2019-03-14T22:00:00-00:00","2019-03-14T23:00:00-00:00","ZP26","Solar","Renewable Forecast Actual Generation","RENEW_FCST_ACT_MW",3,3,1434.58973,"ACTUAL",5
"115","2019-03-14",19,0,"2019-03-15T01:00:00-00:00","2019-03-15T02:00:00-00:00","ZP26","Solar","Renewable Forecast Actual Generation","RENEW_FCST_ACT_MW",3,3,204.77807,"ACTUAL",5
"116","2019-03-15",1,0,"2019-03-15T07:00:00-00:00","2019-03-15T08:00:00-00:00","NP15","Solar","Renewable Forecast Actual Generation","RENEW_FCST_ACT_MW",3,3,-2.35437,"ACTUAL",6
"117","2019-03-15",1,0,"2019-03-15T07:00:00-00:00","2019-03-15T08:00:00-00:00","NP15","Wind","Renewable Forecast Actual Generation","RENEW_FCST_ACT_MW",3,1,40.82765,"ACTUAL",7
"118","2019-03-15",1,0,"2019-03-15T07:00:00-00:00","2019-03-15T08:00:00-00:00","SP15","Solar","Renewable Forecast Actual Generation","RENEW_FCST_ACT_MW",3,3,-5.55181,"ACTUAL",8
"119","2019-03-15",1,0,"2019-03-15T07:00:00-00:00","2019-03-15T08:00:00-00:00","SP15","Wind","Renewable Forecast Actual Generation","RENEW_FCST_ACT_MW",3,1,650.72019,"ACTUAL",9
"120","2019-03-15",1,0,"2019-03-15T07:00:00-00:00","2019-03-15T08:00:00-00:00","ZP26","Solar","Renewable Forecast Actual Generation","RENEW_FCST_ACT_MW",3,3,-3.65391,"ACTUAL",10
