"","OPR_DT","OPR_HR","OPR_INTERVAL","INTERVALSTARTTIME_GMT","INTERVALENDTIME_GMT","TRADING_HUB","RENEWABLE_TYPE","LABEL","XML_DATA_ITEM","MARKET_RUN_ID_POS","RENEW_POS","MW","MARKET_RUN_ID","GROUP"
"1","2019-10-21",2,0,"2019-10-21T08:00:00-00:00","2019-10-21T09:00:00-00:00","NP15","Solar","Renewable Forecast Actual Generation","RENEW_FCST_ACT_MW",3,3,-2.71665,"ACTUAL",1
"2","2019-10-21",3,0,"2019-10-21T09:00:00-00:00","2019-10-21T10:00:00-00:00","NP15","Solar","Renewable Forecast Actual Generation","RENEW_FCST_ACT_MW",3,3,-2.76482,"ACTUAL",1
"3","2019-10-21",4,0,"2019-10-21T10:00:00-00:00","2019-10-21T11:00:00-00:00","NP15","Solar","Renewable Forecast Actual Generation","RENEW_FCST_ACT_MW",3,3,-2.7564,"ACTUAL",1
"4","2019-10-21",5,0,"2019-10-21T11:00:00-00:00","2019-10-21T12:00:00-00:00","NP15","Solar","Renewable Forecast Actual Generation","RENEW_FCST_ACT_MW",3,3,-2.70258,"ACTUAL",1
"5","2019-10-21",6,0,"2019-10-21T12:00:00-00:00","2019-10-21T13:00:00-00:00","NP15","Solar","Renewable Forecast Actual Generation","RENEW_FCST_ACT_MW",3,3,-2.66811,"ACTUAL",1
"6","2019-10-21",7,0,"2019-10-21T13:00:00-00:00","2019-10-21T14:00:00-00:00","NP15","Solar","Renewable Forecast Actual Generation","RENEW_FCST_ACT_MW",3,3,-2.74798,"ACTUAL",1
"7","2019-10-21",8,0,"2019-10-21T14:00:00-00:00","2019-10-21T15:00:00-00:00","NP15","Solar","Renewable Forecast Actual Generation","RENEW_FCST_ACT_MW",3,3,62.94687,"ACTUAL",1
"8","2019-10-21",9,0,"2019-10-21T15:00:00-00:00","2019-10-21T16:00:00-00:00","NP15","Solar","Renewable Forecast Actual Generation","RENEW_FCST_ACT_MW",3,3,630.62923,"ACTUAL",1
"9","2019-10-21",10,0,"2019-10-21T16:00:00-00:00","2019-10-21T17:00:00-00:00","NP15","Solar","Renewable Forecast Actual Generation","RENEW_FCST_ACT_MW",3,3,1040.61212,"ACTUAL",1
"10","2019-10-21",11,0,"2019-10-21T17:00:00-00:00","2019-10-21T18:00:00-00:00","NP15","Solar","Renewable Forecast Actual Generation","RENEW_FCST_ACT_MW",3,3,1070.10629,"ACTUAL",1
"11","2019-10-21",12,0,"2019-10-21T18:00:00-00:00","2019-10-21T19:00:00-00:00","NP15","Solar","Renewable Forecast Actual Generation","RENEW_FCST_ACT_MW",3,3,1025.68442,"ACTUAL",1
"12","2019-10-21",13,0,"2019-10-21T19:00:00-00:00","2019-10-21T20:00:00-00:00","NP15","Solar","Renewable Forecast Actual Generation","RENEW_FCST_ACT_MW",3,3,1001.93537,"ACTUAL",1
"13","2019-10-21",14,0,"2019-10-21T20:00:00-00:00","2019-10-21T21:00:00-00:00","NP15","Solar","Renewable Forecast Actual Generation","RENEW_FCST_ACT_MW",3,3,1013.42592,"ACTUAL",1
"14","2019-10-21",15,0,"2019-10-21T21:00:00-00:00","2019-10-21T22:00:00-00:00","NP15","Solar","Renewable Forecast Actual Generation","RENEW_FCST_ACT_MW",3,3,1057.58142,"ACTUAL",1
"15","2019-10-21",16,0,"2019-10-21T22:00:00-00:00","2019-10-21T23:00:00-00:00","NP15","Solar","Renewable Forecast Actual Generation","RENEW_FCST_ACT_MW",3,3,1070.2851,"ACTUAL",1
"16","2019-10-21",17,0,"2019-10-21T23:00:00-00:00","2019-10-22T00:00:00-00:00","NP15","Solar","Renewable Forecast Actual Generation","RENEW_FCST_ACT_MW",3,3,874.47227,"ACTUAL",1
"17","2019-10-21",18,0,"2019-10-22T00:00:00-00:00","2019-10-22T01:00:00-00:00","NP15","Solar","Renewable Forecast Actual Generation","RENEW_FCST_ACT_MW",3,3,246.56187,"ACTUAL",1
"18","2019-10-21",19,0,"2019-10-22T01:00:00-00:00","2019-10-22T02:00:00-00:00","NP15","Solar","Renewable Forecast Actual Generation","RENEW_FCST_ACT_MW",3,3,-0.91314,"ACTUAL",1
"19","2019-10-21",20,0,"2019-10-22T02:00:00-00:00","2019-10-22T03:00:00-00:00","NP15","Solar","Renewable Forecast Actual Generation","RENEW_FCST_ACT_MW",3,3,-3.48293,"ACTUAL",1
"20","2019-10-21",21,0,"2019-10-22T03:00:00-00:00","2019-10-22T04:00:00-00:00","NP15","Solar","Renewable Forecast Actual Generation","RENEW_FCST_ACT_MW",3,3,-3.47924,"ACTUAL",1
"21","2019-10-21",22,0,"2019-10-22T04:00:00-00:00","2019-10-22T05:00:00-00:00","NP15","Solar","Renewable Forecast Actual Generation","RENEW_FCST_ACT_MW",3,3,-3.4667,"ACTUAL",1
"22","2019-10-21",23,0,"2019-10-22T05:00:00-00:00","2019-10-22T06:00:00-00:00","NP15","Solar","Renewable Forecast Actual Generation","RENEW_FCST_ACT_MW",3,3,-3.48946,"ACTUAL",1
"23","2019-10-21",24,0,"2019-10-22T06:00:00-00:00","2019-10-22T07:00:00-00:00","NP15","Solar","Renewable Forecast Actual Generation","RENEW_FCST_ACT_MW",3,3,-3.47866,"ACTUAL",1
"24","2019-10-21",18,0,"2019-10-22T00:00:00-00:00","2019-10-22T01:00:00-00:00","NP15","Wind","Renewable Forecast Actual Generation","RENEW_FCST_ACT_MW",3,1,333.09929,"ACTUAL",2
"25","2019-10-21",6,0,"2019-10-21T12:00:00-00:00","2019-10-21T13:00:00-00:00","NP15","Wind","Renewable Forecast Actual Generation","RENEW_FCST_ACT_MW",3,1,29.29773,"ACTUAL",2
"26","2019-10-21",17,0,"2019-10-21T23:00:00-00:00","2019-10-22T00:00:00-00:00","NP15","Wind","Renewable Forecast Actual Generation","RENEW_FCST_ACT_MW",3,1,669.19523,"ACTUAL",2
"27","2019-10-21",16,0,"2019-10-21T22:00:00-00:00","2019-10-21T23:00:00-00:00","NP15","Wind","Renewable Forecast Actual Generation","RENEW_FCST_ACT_MW",3,1,869.88375,"ACTUAL",2
"28","2019-10-21",15,0,"2019-10-21T21:00:00-00:00","2019-10-21T22:00:00-00:00","NP15","Wind","Renewable Forecast Actual Generation","RENEW_FCST_ACT_MW",3,1,877.93027,"ACTUAL",2
"29","2019-10-21",14,0,"2019-10-21T20:00:00-00:00","2019-10-21T21:00:00-00:00","NP15","Wind","Renewable Forecast Actual Generation","RENEW_FCST_ACT_MW",3,1,751.08023,"ACTUAL",2
"30","2019-10-21",13,0,"2019-10-21T19:00:00-00:00","2019-10-21T20:00:00-00:00","NP15","Wind","Renewable Forecast Actual Generation","RENEW_FCST_ACT_MW",3,1,522.63397,"ACTUAL",2
"31","2019-10-21",12,0,"2019-10-21T18:00:00-00:00","2019-10-21T19:00:00-00:00","NP15","Wind","Renewable Forecast Actual Generation","RENEW_FCST_ACT_MW",3,1,375.85979,"ACTUAL",2
"32","2019-10-21",11,0,"2019-10-21T17:00:00-00:00","2019-10-21T18:00:00-00:00","NP15","Wind","Renewable Forecast Actual Generation","RENEW_FCST_ACT_MW",3,1,216.22699,"ACTUAL",2
"33","2019-10-21",10,0,"2019-10-21T16:00:00-00:00","2019-10-21T17:00:00-00:00","NP15","Wind","Renewable Forecast Actual Generation","RENEW_FCST_ACT_MW",3,1,126.51813,"ACTUAL",2
"34","2019-10-21",9,0,"2019-10-21T15:00:00-00:00","2019-10-21T16:00:00-00:00","NP15","Wind","Renewable Forecast Actual Generation","RENEW_FCST_ACT_MW",3,1,116.87811,"ACTUAL",2
"35","2019-10-21",8,0,"2019-10-21T14:00:00-00:00","2019-10-21T15:00:00-00:00","NP15","Wind","Renewable Forecast Actual Generation","RENEW_FCST_ACT_MW",3,1,51.12959,"ACTUAL",2
"36","2019-10-21",7,0,"2019-10-21T13:00:00-00:00","2019-10-21T14:00:00-00:00","NP15","Wind","Renewable Forecast Actual Generation","RENEW_FCST_ACT_MW",3,1,25.73904,"ACTUAL",2
"37","2019-10-21",5,0,"2019-10-21T11:00:00-00:00","2019-10-21T12:00:00-00:00","NP15","Wind","Renewable Forecast Actual Generation","RENEW_FCST_ACT_MW",3,1,61.91958,"ACTUAL",2
"38","2019-10-21",4,0,"2019-10-21T10:00:00-00:00","2019-10-21T11:00:00-00:00","NP15","Wind","Renewable Forecast Actual Generation","RENEW_FCST_ACT_MW",3,1,97.81012,"ACTUAL",2
"39","2019-10-21",3,0,"2019-10-21T09:00:00-00:00","2019-10-21T10:00:00-00:00","NP15","Wind","Renewable Forecast Actual Generation","RENEW_FCST_ACT_MW",3,1,85.47788,"ACTUAL",2
"40","2019-10-21",2,0,"2019-10-21T08:00:00-00:00","2019-10-21T09:00:00-00:00","NP15","Wind","Renewable Forecast Actual Generation","RENEW_FCST_ACT_MW",3,1,71.40762,"ACTUAL",2
"41","2019-10-21",24,0,"2019-10-22T06:00:00-00:00","2019-10-22T07:00:00-00:00","NP15","Wind","Renewable Forecast Actual Generation","RENEW_FCST_ACT_MW",3,1,269.43016,"ACTUAL",2
"42","2019-10-21",23,0,"2019-10-22T05:00:00-00:00","2019-10-22T06:00:00-00:00","NP15","Wind","Renewable Forecast Actual Generation","RENEW_FCST_ACT_MW",3,1,312.30177,"ACTUAL",2
"43","2019-10-21",22,0,"2019-10-22T04:00:00-00:00","2019-10-22T05:00:00-00:00","NP15","Wind","Renewable Forecast Actual Generation","RENEW_FCST_ACT_MW",3,1,229.41198,"ACTUAL",2
"44","2019-10-21",21,0,"2019-10-22T03:00:00-00:00","2019-10-22T04:00:00-00:00","NP15","Wind","Renewable Forecast Actual Generation","RENEW_FCST_ACT_MW",3,1,356.51731,"ACTUAL",2
"45","2019-10-21",20,0,"2019-10-22T02:00:00-00:00","2019-10-22T03:00:00-00:00","NP15","Wind","Renewable Forecast Actual Generation","RENEW_FCST_ACT_MW",3,1,332.72459,"ACTUAL",2
"46","2019-10-21",19,0,"2019-10-22T01:00:00-00:00","2019-10-22T02:00:00-00:00","NP15","Wind","Renewable Forecast Actual Generation","RENEW_FCST_ACT_MW",3,1,280.70356,"ACTUAL",2
"47","2019-10-21",6,0,"2019-10-21T12:00:00-00:00","2019-10-21T13:00:00-00:00","SP15","Solar","Renewable Forecast Actual Generation","RENEW_FCST_ACT_MW",3,3,-12.876,"ACTUAL",3
"48","2019-10-21",18,0,"2019-10-22T00:00:00-00:00","2019-10-22T01:00:00-00:00","SP15","Solar","Renewable Forecast Actual Generation","RENEW_FCST_ACT_MW",3,3,1287.05822,"ACTUAL",3
"49","2019-10-21",5,0,"2019-10-21T11:00:00-00:00","2019-10-21T12:00:00-00:00","SP15","Solar","Renewable Forecast Actual Generation","RENEW_FCST_ACT_MW",3,3,-12.23306,"ACTUAL",3
"50","2019-10-21",11,0,"2019-10-21T17:00:00-00:00","2019-10-21T18:00:00-00:00","SP15","Solar","Renewable Forecast Actual Generation","RENEW_FCST_ACT_MW",3,3,5899.87872,"ACTUAL",3
"51","2019-10-21",4,0,"2019-10-21T10:00:00-00:00","2019-10-21T11:00:00-00:00","SP15","Solar","Renewable Forecast Actual Generation","RENEW_FCST_ACT_MW",3,3,-11.89522,"ACTUAL",3
"52","2019-10-21",15,0,"2019-10-21T21:00:00-00:00","2019-10-21T22:00:00-00:00","SP15","Solar","Renewable Forecast Actual Generation","RENEW_FCST_ACT_MW",3,3,6302.03419,"ACTUAL",3
"53","2019-10-21",3,0,"2019-10-21T09:00:00-00:00","2019-10-21T10:00:00-00:00","SP15","Solar","Renewable Forecast Actual Generation","RENEW_FCST_ACT_MW",3,3,-11.83017,"ACTUAL",3
"54","2019-10-21",10,0,"2019-10-21T16:00:00-00:00","2019-10-21T17:00:00-00:00","SP15","Solar","Renewable Forecast Actual Generation","RENEW_FCST_ACT_MW",3,3,5390.51987,"ACTUAL",3
"55","2019-10-21",2,0,"2019-10-21T08:00:00-00:00","2019-10-21T09:00:00-00:00","SP15","Solar","Renewable Forecast Actual Generation","RENEW_FCST_ACT_MW",3,3,-11.80308,"ACTUAL",3
"56","2019-10-21",13,0,"2019-10-21T19:00:00-00:00","2019-10-21T20:00:00-00:00","SP15","Solar","Renewable Forecast Actual Generation","RENEW_FCST_ACT_MW",3,3,6324.66629,"ACTUAL",3
"57","2019-10-21",24,0,"2019-10-22T06:00:00-00:00","2019-10-22T07:00:00-00:00","SP15","Solar","Renewable Forecast Actual Generation","RENEW_FCST_ACT_MW",3,3,-8.35333,"ACTUAL",3
"58","2019-10-21",9,0,"2019-10-21T15:00:00-00:00","2019-10-21T16:00:00-00:00","SP15","Solar","Renewable Forecast Actual Generation","RENEW_FCST_ACT_MW",3,3,3406.14187,"ACTUAL",3
"59","2019-10-21",23,0,"2019-10-22T05:00:00-00:00","2019-10-22T06:00:00-00:00","SP15","Solar","Renewable Forecast Actual Generation","RENEW_FCST_ACT_MW",3,3,-7.69255,"ACTUAL",3
"60","2019-10-21",16,0,"2019-10-21T22:00:00-00:00","2019-10-21T23:00:00-00:00","SP15","Solar","Renewable Forecast Actual Generation","RENEW_FCST_ACT_MW",3,3,5931.18329,"ACTUAL",3
"61","2019-10-21",22,0,"2019-10-22T04:00:00-00:00","2019-10-22T05:00:00-00:00","SP15","Solar","Renewable Forecast Actual Generation","RENEW_FCST_ACT_MW",3,3,-7.46981,"ACTUAL",3
"62","2019-10-21",8,0,"2019-10-21T14:00:00-00:00","2019-10-21T15:00:00-00:00","SP15","Solar","Renewable Forecast Actual Generation","RENEW_FCST_ACT_MW",3,3,843.98368,"ACTUAL",3
"63","2019-10-21",21,0,"2019-10-22T03:00:00-00:00","2019-10-22T04:00:00-00:00","SP15","Solar","Renewable Forecast Actual Generation","RENEW_FCST_ACT_MW",3,3,-6.80415,"ACTUAL",3
"64","2019-10-21",12,0,"2019-10-21T18:00:00-00:00","2019-10-21T19:00:00-00:00","SP15","Solar","Renewable Forecast Actual Generation","RENEW_FCST_ACT_MW",3,3,6171.34744,"ACTUAL",3
"65","2019-10-21",20,0,"2019-10-22T02:00:00-00:00","2019-10-22T03:00:00-00:00","SP15","Solar","Renewable Forecast Actual Generation","RENEW_FCST_ACT_MW",3,3,-7.09868,"ACTUAL",3
"66","2019-10-21",7,0,"2019-10-21T13:00:00-00:00","2019-10-21T14:00:00-00:00","SP15","Solar","Renewable Forecast Actual Generation","RENEW_FCST_ACT_MW",3,3,-10.71624,"ACTUAL",3
"67","2019-10-21",19,0,"2019-10-22T01:00:00-00:00","2019-10-22T02:00:00-00:00","SP15","Solar","Renewable Forecast Actual Generation","RENEW_FCST_ACT_MW",3,3,18.34547,"ACTUAL",3
"68","2019-10-21",14,0,"2019-10-21T20:00:00-00:00","2019-10-21T21:00:00-00:00","SP15","Solar","Renewable Forecast Actual Generation","RENEW_FCST_ACT_MW",3,3,6346.80652,"ACTUAL",3
"69","2019-10-21",17,0,"2019-10-21T23:00:00-00:00","2019-10-22T00:00:00-00:00","SP15","Solar","Renewable Forecast Actual Generation","RENEW_FCST_ACT_MW",3,3,4263.74649,"ACTUAL",3
"70","2019-10-21",18,0,"2019-10-22T00:00:00-00:00","2019-10-22T01:00:00-00:00","SP15","Wind","Renewable Forecast Actual Generation","RENEW_FCST_ACT_MW",3,1,80.71963,"ACTUAL",4
"71","2019-10-21",19,0,"2019-10-22T01:00:00-00:00","2019-10-22T02:00:00-00:00","SP15","Wind","Renewable Forecast Actual Generation","RENEW_FCST_ACT_MW",3,1,106.50795,"ACTUAL",4
"72","2019-10-21",20,0,"2019-10-22T02:00:00-00:00","2019-10-22T03:00:00-00:00","SP15","Wind","Renewable Forecast Actual Generation","RENEW_FCST_ACT_MW",3,1,121.0121,"ACTUAL",4
"73","2019-10-21",21,0,"2019-10-22T03:00:00-00:00","2019-10-22T04:00:00-00:00","SP15","Wind","Renewable Forecast Actual Generation","RENEW_FCST_ACT_MW",3,1,162.51301,"ACTUAL",4
"74","2019-10-21",22,0,"2019-10-22T04:00:00-00:00","2019-10-22T05:00:00-00:00","SP15","Wind","Renewable Forecast Actual Generation","RENEW_FCST_ACT_MW",3,1,130.34068,"ACTUAL",4
"75","2019-10-21",23,0,"2019-10-22T05:00:00-00:00","2019-10-22T06:00:00-00:00","SP15","Wind","Renewable Forecast Actual Generation","RENEW_FCST_ACT_MW",3,1,123.47372,"ACTUAL",4
"76","2019-10-21",24,0,"2019-10-22T06:00:00-00:00","2019-10-22T07:00:00-00:00","SP15","Wind","Renewable Forecast Actual Generation","RENEW_FCST_ACT_MW",3,1,119.62048,"ACTUAL",4
"77","2019-10-21",2,0,"2019-10-21T08:00:00-00:00","2019-10-21T09:00:00-00:00","SP15","Wind","Renewable Forecast Actual Generation","RENEW_FCST_ACT_MW",3,1,478.24598,"ACTUAL",4
"78","2019-10-21",3,0,"2019-10-21T09:00:00-00:00","2019-10-21T10:00:00-00:00","SP15","Wind","Renewable Forecast Actual Generation","RENEW_FCST_ACT_MW",3,1,367.89763,"ACTUAL",4
"79","2019-10-21",4,0,"2019-10-21T10:00:00-00:00","2019-10-21T11:00:00-00:00","SP15","Wind","Renewable Forecast Actual Generation","RENEW_FCST_ACT_MW",3,1,300.99879,"ACTUAL",4
"80","2019-10-21",5,0,"2019-10-21T11:00:00-00:00","2019-10-21T12:00:00-00:00","SP15","Wind","Renewable Forecast Actual Generation","RENEW_FCST_ACT_MW",3,1,268.99324,"ACTUAL",4
"81","2019-10-21",6,0,"2019-10-21T12:00:00-00:00","2019-10-21T13:00:00-00:00","SP15","Wind","Renewable Forecast Actual Generation","RENEW_FCST_ACT_MW",3,1,312.88712,"ACTUAL",4
"82","2019-10-21",7,0,"2019-10-21T13:00:00-00:00","2019-10-21T14:00:00-00:00","SP15","Wind","Renewable Forecast Actual Generation","RENEW_FCST_ACT_MW",3,1,325.17813,"ACTUAL",4
"83","2019-10-21",8,0,"2019-10-21T14:00:00-00:00","2019-10-21T15:00:00-00:00","SP15","Wind","Renewable Forecast Actual Generation","RENEW_FCST_ACT_MW",3,1,221.77847,"ACTUAL",4
"84","2019-10-21",9,0,"2019-10-21T15:00:00-00:00","2019-10-21T16:00:00-00:00","SP15","Wind","Renewable Forecast Actual Generation","RENEW_FCST_ACT_MW",3,1,174.99065,"ACTUAL",4
"85","2019-10-21",10,0,"2019-10-21T16:00:00-00:00","2019-10-21T17:00:00-00:00","SP15","Wind","Renewable Forecast Actual Generation","RENEW_FCST_ACT_MW",3,1,190.51041,"ACTUAL",4
"86","2019-10-21",11,0,"2019-10-21T17:00:00-00:00","2019-10-21T18:00:00-00:00","SP15","Wind","Renewable Forecast Actual Generation","RENEW_FCST_ACT_MW",3,1,214.65487,"ACTUAL",4
"87","2019-10-21",12,0,"2019-10-21T18:00:00-00:00","2019-10-21T19:00:00-00:00","SP15","Wind","Renewable Forecast Actual Generation","RENEW_FCST_ACT_MW",3,1,352.19646,"ACTUAL",4
"88","2019-10-21",13,0,"2019-10-21T19:00:00-00:00","2019-10-21T20:00:00-00:00","SP15","Wind","Renewable Forecast Actual Generation","RENEW_FCST_ACT_MW",3,1,408.92749,"ACTUAL",4
"89","2019-10-21",14,0,"2019-10-21T20:00:00-00:00","2019-10-21T21:00:00-00:00","SP15","Wind","Renewable Forecast Actual Generation","RENEW_FCST_ACT_MW",3,1,337.59346,"ACTUAL",4
"90","2019-10-21",15,0,"2019-10-21T21:00:00-00:00","2019-10-21T22:00:00-00:00","SP15","Wind","Renewable Forecast Actual Generation","RENEW_FCST_ACT_MW",3,1,250.14117,"ACTUAL",4
"91","2019-10-21",16,0,"2019-10-21T22:00:00-00:00","2019-10-21T23:00:00-00:00","SP15","Wind","Renewable Forecast Actual Generation","RENEW_FCST_ACT_MW",3,1,154.08464,"ACTUAL",4
"92","2019-10-21",17,0,"2019-10-21T23:00:00-00:00","2019-10-22T00:00:00-00:00","SP15","Wind","Renewable Forecast Actual Generation","RENEW_FCST_ACT_MW",3,1,105.72546,"ACTUAL",4
"93","2019-10-21",18,0,"2019-10-22T00:00:00-00:00","2019-10-22T01:00:00-00:00","ZP26","Solar","Renewable Forecast Actual Generation","RENEW_FCST_ACT_MW",3,3,312.82812,"ACTUAL",5
"94","2019-10-21",17,0,"2019-10-21T23:00:00-00:00","2019-10-22T00:00:00-00:00","ZP26","Solar","Renewable Forecast Actual Generation","RENEW_FCST_ACT_MW",3,3,1005.30636,"ACTUAL",5
"95","2019-10-21",20,0,"2019-10-22T02:00:00-00:00","2019-10-22T03:00:00-00:00","ZP26","Solar","Renewable Forecast Actual Generation","RENEW_FCST_ACT_MW",3,3,-5.51066,"ACTUAL",5
"96","2019-10-21",21,0,"2019-10-22T03:00:00-00:00","2019-10-22T04:00:00-00:00","ZP26","Solar","Renewable Forecast Actual Generation","RENEW_FCST_ACT_MW",3,3,-5.52563,"ACTUAL",5
"97","2019-10-21",22,0,"2019-10-22T04:00:00-00:00","2019-10-22T05:00:00-00:00","ZP26","Solar","Renewable Forecast Actual Generation","RENEW_FCST_ACT_MW",3,3,-5.52824,"ACTUAL",5
"98","2019-10-21",23,0,"2019-10-22T05:00:00-00:00","2019-10-22T06:00:00-00:00","ZP26","Solar","Renewable Forecast Actual Generation","RENEW_FCST_ACT_MW",3,3,-5.52103,"ACTUAL",5
"99","2019-10-21",24,0,"2019-10-22T06:00:00-00:00","2019-10-22T07:00:00-00:00","ZP26","Solar","Renewable Forecast Actual Generation","RENEW_FCST_ACT_MW",3,3,-5.51906,"ACTUAL",5
"100","2019-10-21",2,0,"2019-10-21T08:00:00-00:00","2019-10-21T09:00:00-00:00","ZP26","Solar","Renewable Forecast Actual Generation","RENEW_FCST_ACT_MW",3,3,-4.76178,"ACTUAL",5
"101","2019-10-21",3,0,"2019-10-21T09:00:00-00:00","2019-10-21T10:00:00-00:00","ZP26","Solar","Renewable Forecast Actual Generation","RENEW_FCST_ACT_MW",3,3,-4.77223,"ACTUAL",5
"102","2019-10-21",4,0,"2019-10-21T10:00:00-00:00","2019-10-21T11:00:00-00:00","ZP26","Solar","Renewable Forecast Actual Generation","RENEW_FCST_ACT_MW",3,3,-5.7135,"ACTUAL",5
"103","2019-10-21",5,0,"2019-10-21T11:00:00-00:00","2019-10-21T12:00:00-00:00","ZP26","Solar","Renewable Forecast Actual Generation","RENEW_FCST_ACT_MW",3,3,-4.79058,"ACTUAL",5
"104","2019-10-21",6,0,"2019-10-21T12:00:00-00:00","2019-10-21T13:00:00-00:00","ZP26","Solar","Renewable Forecast Actual Generation","RENEW_FCST_ACT_MW",3,3,-4.69447,"ACTUAL",5
"105","2019-10-21",7,0,"2019-10-21T13:00:00-00:00","2019-10-21T14:00:00-00:00","ZP26","Solar","Renewable Forecast Actual Generation","RENEW_FCST_ACT_MW",3,3,-4.84006,"ACTUAL",5
"106","2019-10-21",8,0,"2019-10-21T14:00:00-00:00","2019-10-21T15:00:00-00:00","ZP26","Solar","Renewable Forecast Actual Generation","RENEW_FCST_ACT_MW",3,3,90.21508,"ACTUAL",5
"107","2019-10-21",9,0,"2019-10-21T15:00:00-00:00","2019-10-21T16:00:00-00:00","ZP26","Solar","Renewable Forecast Actual Generation","RENEW_FCST_ACT_MW",3,3,710.51107,"ACTUAL",5
"108","2019-10-21",10,0,"2019-10-21T16:00:00-00:00","2019-10-21T17:00:00-00:00","ZP26","Solar","Renewable Forecast Actual Generation","RENEW_FCST_ACT_MW",3,3,1248.96046,"ACTUAL",5
"109","2019-10-21",11,0,"2019-10-21T17:00:00-00:00","2019-10-21T18:00:00-00:00","ZP26","Solar","Renewable Forecast Actual Generation","RENEW_FCST_ACT_MW",3,3,1411.29527,"ACTUAL",5
"110","2019-10-21",12,0,"2019-10-21T18:00:00-00:00","2019-10-21T19:00:00-00:00","ZP26","Solar","Renewable Forecast Actual Generation","RENEW_FCST_ACT_MW",3,3,1449.37362,"ACTUAL",5
"111","2019-10-21",13,0,"2019-10-21T19:00:00-00:00","2019-10-21T20:00:00-00:00","ZP26","Solar","Renewable Forecast Actual Generation","RENEW_FCST_ACT_MW",3,3,1456.40307,"ACTUAL",5
"112","2019-10-21",14,0,"2019-10-21T20:00:00-00:00","2019-10-21T21:00:00-00:00","ZP26","Solar","Renewable Forecast Actual Generation","RENEW_FCST_ACT_MW",3,3,1461.92481,"ACTUAL",5
"113","2019-10-21",15,0,"2019-10-21T21:00:00-00:00","2019-10-21T22:00:00-00:00","ZP26","Solar","Renewable Forecast Actual Generation","RENEW_FCST_ACT_MW",3,3,1444.57002,"ACTUAL",5
"114","2019-10-21",16,0,"2019-10-21T22:00:00-00:00","2019-10-21T23:00:00-00:00","ZP26","Solar","Renewable Forecast Actual Generation","RENEW_FCST_ACT_MW",3,3,1357.25542,"ACTUAL",5
"115","2019-10-21",19,0,"2019-10-22T01:00:00-00:00","2019-10-22T02:00:00-00:00","ZP26","Solar","Renewable Forecast Actual Generation","RENEW_FCST_ACT_MW",3,3,-2.15202,"ACTUAL",5
"116","2019-10-22",1,0,"2019-10-22T07:00:00-00:00","2019-10-22T08:00:00-00:00","NP15","Solar","Renewable Forecast Actual Generation","RENEW_FCST_ACT_MW",3,3,-3.44046,"ACTUAL",6
"117","2019-10-22",1,0,"2019-10-22T07:00:00-00:00","2019-10-22T08:00:00-00:00","NP15","Wind","Renewable Forecast Actual Generation","RENEW_FCST_ACT_MW",3,1,155.12824,"ACTUAL",7
"118","2019-10-22",1,0,"2019-10-22T07:00:00-00:00","2019-10-22T08:00:00-00:00","SP15","Solar","Renewable Forecast Actual Generation","RENEW_FCST_ACT_MW",3,3,-7.89003,"ACTUAL",8
"119","2019-10-22",1,0,"2019-10-22T07:00:00-00:00","2019-10-22T08:00:00-00:00","SP15","Wind","Renewable Forecast Actual Generation","RENEW_FCST_ACT_MW",3,1,135.64355,"ACTUAL",9
"120","2019-10-22",1,0,"2019-10-22T07:00:00-00:00","2019-10-22T08:00:00-00:00","ZP26","Solar","Renewable Forecast Actual Generation","RENEW_FCST_ACT_MW",3,3,-5.54107,"ACTUAL",10
