"","OPR_DT","OPR_HR","OPR_INTERVAL","INTERVALSTARTTIME_GMT","INTERVALENDTIME_GMT","TRADING_HUB","RENEWABLE_TYPE","LABEL","XML_DATA_ITEM","MARKET_RUN_ID_POS","RENEW_POS","MW","MARKET_RUN_ID","GROUP"
"1","2019-09-16",2,0,"2019-09-16T08:00:00-00:00","2019-09-16T09:00:00-00:00","NP15","Solar","Renewable Forecast Actual Generation","RENEW_FCST_ACT_MW",3,3,-3.37282,"ACTUAL",1
"2","2019-09-16",3,0,"2019-09-16T09:00:00-00:00","2019-09-16T10:00:00-00:00","NP15","Solar","Renewable Forecast Actual Generation","RENEW_FCST_ACT_MW",3,3,-3.40004,"ACTUAL",1
"3","2019-09-16",4,0,"2019-09-16T10:00:00-00:00","2019-09-16T11:00:00-00:00","NP15","Solar","Renewable Forecast Actual Generation","RENEW_FCST_ACT_MW",3,3,-3.39296,"ACTUAL",1
"4","2019-09-16",5,0,"2019-09-16T11:00:00-00:00","2019-09-16T12:00:00-00:00","NP15","Solar","Renewable Forecast Actual Generation","RENEW_FCST_ACT_MW",3,3,-3.39218,"ACTUAL",1
"5","2019-09-16",6,0,"2019-09-16T12:00:00-00:00","2019-09-16T13:00:00-00:00","NP15","Solar","Renewable Forecast Actual Generation","RENEW_FCST_ACT_MW",3,3,-3.35649,"ACTUAL",1
"6","2019-09-16",7,0,"2019-09-16T13:00:00-00:00","2019-09-16T14:00:00-00:00","NP15","Solar","Renewable Forecast Actual Generation","RENEW_FCST_ACT_MW",3,3,-1.20367,"ACTUAL",1
"7","2019-09-16",8,0,"2019-09-16T14:00:00-00:00","2019-09-16T15:00:00-00:00","NP15","Solar","Renewable Forecast Actual Generation","RENEW_FCST_ACT_MW",3,3,145.24419,"ACTUAL",1
"8","2019-09-16",9,0,"2019-09-16T15:00:00-00:00","2019-09-16T16:00:00-00:00","NP15","Solar","Renewable Forecast Actual Generation","RENEW_FCST_ACT_MW",3,3,562.54945,"ACTUAL",1
"9","2019-09-16",10,0,"2019-09-16T16:00:00-00:00","2019-09-16T17:00:00-00:00","NP15","Solar","Renewable Forecast Actual Generation","RENEW_FCST_ACT_MW",3,3,967.33407,"ACTUAL",1
"10","2019-09-16",11,0,"2019-09-16T17:00:00-00:00","2019-09-16T18:00:00-00:00","NP15","Solar","Renewable Forecast Actual Generation","RENEW_FCST_ACT_MW",3,3,1006.36516,"ACTUAL",1
"11","2019-09-16",12,0,"2019-09-16T18:00:00-00:00","2019-09-16T19:00:00-00:00","NP15","Solar","Renewable Forecast Actual Generation","RENEW_FCST_ACT_MW",3,3,1039.92314,"ACTUAL",1
"12","2019-09-16",13,0,"2019-09-16T19:00:00-00:00","2019-09-16T20:00:00-00:00","NP15","Solar","Renewable Forecast Actual Generation","RENEW_FCST_ACT_MW",3,3,1078.15284,"ACTUAL",1
"13","2019-09-16",14,0,"2019-09-16T20:00:00-00:00","2019-09-16T21:00:00-00:00","NP15","Solar","Renewable Forecast Actual Generation","RENEW_FCST_ACT_MW",3,3,966.56503,"ACTUAL",1
"14","2019-09-16",15,0,"2019-09-16T21:00:00-00:00","2019-09-16T22:00:00-00:00","NP15","Solar","Renewable Forecast Actual Generation","RENEW_FCST_ACT_MW",3,3,837.14147,"ACTUAL",1
"15","2019-09-16",16,0,"2019-09-16T22:00:00-00:00","2019-09-16T23:00:00-00:00","NP15","Solar","Renewable Forecast Actual Generation","RENEW_FCST_ACT_MW",3,3,743.96814,"ACTUAL",1
"16","2019-09-16",17,0,"2019-09-16T23:00:00-00:00","2019-09-17T00:00:00-00:00","NP15","Solar","Renewable Forecast Actual Generation","RENEW_FCST_ACT_MW",3,3,635.35715,"ACTUAL",1
"17","2019-09-16",18,0,"2019-09-17T00:00:00-00:00","2019-09-17T01:00:00-00:00","NP15","Solar","Renewable Forecast Actual Generation","RENEW_FCST_ACT_MW",3,3,540.25828,"ACTUAL",1
"18","2019-09-16",19,0,"2019-09-17T01:00:00-00:00","2019-09-17T02:00:00-00:00","NP15","Solar","Renewable Forecast Actual Generation","RENEW_FCST_ACT_MW",3,3,87.44138,"ACTUAL",1
"19","2019-09-16",20,0,"2019-09-17T02:00:00-00:00","2019-09-17T03:00:00-00:00","NP15","Solar","Renewable Forecast Actual Generation","RENEW_FCST_ACT_MW",3,3,-2.6612,"ACTUAL",1
"20","2019-09-16",21,0,"2019-09-17T03:00:00-00:00","2019-09-17T04:00:00-00:00","NP15","Solar","Renewable Forecast Actual Generation","RENEW_FCST_ACT_MW",3,3,-2.91762,"ACTUAL",1
"21","2019-09-16",22,0,"2019-09-17T04:00:00-00:00","2019-09-17T05:00:00-00:00","NP15","Solar","Renewable Forecast Actual Generation","RENEW_FCST_ACT_MW",3,3,-2.85911,"ACTUAL",1
"22","2019-09-16",23,0,"2019-09-17T05:00:00-00:00","2019-09-17T06:00:00-00:00","NP15","Solar","Renewable Forecast Actual Generation","RENEW_FCST_ACT_MW",3,3,-2.92967,"ACTUAL",1
"23","2019-09-16",24,0,"2019-09-17T06:00:00-00:00","2019-09-17T07:00:00-00:00","NP15","Solar","Renewable Forecast Actual Generation","RENEW_FCST_ACT_MW",3,3,-2.94411,"ACTUAL",1
"24","2019-09-16",18,0,"2019-09-17T00:00:00-00:00","2019-09-17T01:00:00-00:00","NP15","Wind","Renewable Forecast Actual Generation","RENEW_FCST_ACT_MW",3,1,999.50536,"ACTUAL",2
"25","2019-09-16",6,0,"2019-09-16T12:00:00-00:00","2019-09-16T13:00:00-00:00","NP15","Wind","Renewable Forecast Actual Generation","RENEW_FCST_ACT_MW",3,1,437.11683,"ACTUAL",2
"26","2019-09-16",17,0,"2019-09-16T23:00:00-00:00","2019-09-17T00:00:00-00:00","NP15","Wind","Renewable Forecast Actual Generation","RENEW_FCST_ACT_MW",3,1,946.35514,"ACTUAL",2
"27","2019-09-16",16,0,"2019-09-16T22:00:00-00:00","2019-09-16T23:00:00-00:00","NP15","Wind","Renewable Forecast Actual Generation","RENEW_FCST_ACT_MW",3,1,973.43442,"ACTUAL",2
"28","2019-09-16",15,0,"2019-09-16T21:00:00-00:00","2019-09-16T22:00:00-00:00","NP15","Wind","Renewable Forecast Actual Generation","RENEW_FCST_ACT_MW",3,1,850.02854,"ACTUAL",2
"29","2019-09-16",14,0,"2019-09-16T20:00:00-00:00","2019-09-16T21:00:00-00:00","NP15","Wind","Renewable Forecast Actual Generation","RENEW_FCST_ACT_MW",3,1,943.83654,"ACTUAL",2
"30","2019-09-16",13,0,"2019-09-16T19:00:00-00:00","2019-09-16T20:00:00-00:00","NP15","Wind","Renewable Forecast Actual Generation","RENEW_FCST_ACT_MW",3,1,896.43653,"ACTUAL",2
"31","2019-09-16",12,0,"2019-09-16T18:00:00-00:00","2019-09-16T19:00:00-00:00","NP15","Wind","Renewable Forecast Actual Generation","RENEW_FCST_ACT_MW",3,1,774.63838,"ACTUAL",2
"32","2019-09-16",11,0,"2019-09-16T17:00:00-00:00","2019-09-16T18:00:00-00:00","NP15","Wind","Renewable Forecast Actual Generation","RENEW_FCST_ACT_MW",3,1,584.23535,"ACTUAL",2
"33","2019-09-16",10,0,"2019-09-16T16:00:00-00:00","2019-09-16T17:00:00-00:00","NP15","Wind","Renewable Forecast Actual Generation","RENEW_FCST_ACT_MW",3,1,493.52337,"ACTUAL",2
"34","2019-09-16",9,0,"2019-09-16T15:00:00-00:00","2019-09-16T16:00:00-00:00","NP15","Wind","Renewable Forecast Actual Generation","RENEW_FCST_ACT_MW",3,1,459.80789,"ACTUAL",2
"35","2019-09-16",8,0,"2019-09-16T14:00:00-00:00","2019-09-16T15:00:00-00:00","NP15","Wind","Renewable Forecast Actual Generation","RENEW_FCST_ACT_MW",3,1,612.13478,"ACTUAL",2
"36","2019-09-16",7,0,"2019-09-16T13:00:00-00:00","2019-09-16T14:00:00-00:00","NP15","Wind","Renewable Forecast Actual Generation","RENEW_FCST_ACT_MW",3,1,376.0597,"ACTUAL",2
"37","2019-09-16",5,0,"2019-09-16T11:00:00-00:00","2019-09-16T12:00:00-00:00","NP15","Wind","Renewable Forecast Actual Generation","RENEW_FCST_ACT_MW",3,1,659.00799,"ACTUAL",2
"38","2019-09-16",4,0,"2019-09-16T10:00:00-00:00","2019-09-16T11:00:00-00:00","NP15","Wind","Renewable Forecast Actual Generation","RENEW_FCST_ACT_MW",3,1,770.26465,"ACTUAL",2
"39","2019-09-16",3,0,"2019-09-16T09:00:00-00:00","2019-09-16T10:00:00-00:00","NP15","Wind","Renewable Forecast Actual Generation","RENEW_FCST_ACT_MW",3,1,814.56333,"ACTUAL",2
"40","2019-09-16",2,0,"2019-09-16T08:00:00-00:00","2019-09-16T09:00:00-00:00","NP15","Wind","Renewable Forecast Actual Generation","RENEW_FCST_ACT_MW",3,1,763.21147,"ACTUAL",2
"41","2019-09-16",24,0,"2019-09-17T06:00:00-00:00","2019-09-17T07:00:00-00:00","NP15","Wind","Renewable Forecast Actual Generation","RENEW_FCST_ACT_MW",3,1,612.90634,"ACTUAL",2
"42","2019-09-16",23,0,"2019-09-17T05:00:00-00:00","2019-09-17T06:00:00-00:00","NP15","Wind","Renewable Forecast Actual Generation","RENEW_FCST_ACT_MW",3,1,684.57834,"ACTUAL",2
"43","2019-09-16",22,0,"2019-09-17T04:00:00-00:00","2019-09-17T05:00:00-00:00","NP15","Wind","Renewable Forecast Actual Generation","RENEW_FCST_ACT_MW",3,1,695.83877,"ACTUAL",2
"44","2019-09-16",21,0,"2019-09-17T03:00:00-00:00","2019-09-17T04:00:00-00:00","NP15","Wind","Renewable Forecast Actual Generation","RENEW_FCST_ACT_MW",3,1,761.18825,"ACTUAL",2
"45","2019-09-16",20,0,"2019-09-17T02:00:00-00:00","2019-09-17T03:00:00-00:00","NP15","Wind","Renewable Forecast Actual Generation","RENEW_FCST_ACT_MW",3,1,644.46533,"ACTUAL",2
"46","2019-09-16",19,0,"2019-09-17T01:00:00-00:00","2019-09-17T02:00:00-00:00","NP15","Wind","Renewable Forecast Actual Generation","RENEW_FCST_ACT_MW",3,1,743.63733,"ACTUAL",2
"47","2019-09-16",6,0,"2019-09-16T12:00:00-00:00","2019-09-16T13:00:00-00:00","SP15","Solar","Renewable Forecast Actual Generation","RENEW_FCST_ACT_MW",3,3,-19.63083,"ACTUAL",3
"48","2019-09-16",18,0,"2019-09-17T00:00:00-00:00","2019-09-17T01:00:00-00:00","SP15","Solar","Renewable Forecast Actual Generation","RENEW_FCST_ACT_MW",3,3,2629.07403,"ACTUAL",3
"49","2019-09-16",5,0,"2019-09-16T11:00:00-00:00","2019-09-16T12:00:00-00:00","SP15","Solar","Renewable Forecast Actual Generation","RENEW_FCST_ACT_MW",3,3,-18.04591,"ACTUAL",3
"50","2019-09-16",11,0,"2019-09-16T17:00:00-00:00","2019-09-16T18:00:00-00:00","SP15","Solar","Renewable Forecast Actual Generation","RENEW_FCST_ACT_MW",3,3,5923.44603,"ACTUAL",3
"51","2019-09-16",4,0,"2019-09-16T10:00:00-00:00","2019-09-16T11:00:00-00:00","SP15","Solar","Renewable Forecast Actual Generation","RENEW_FCST_ACT_MW",3,3,-16.98682,"ACTUAL",3
"52","2019-09-16",15,0,"2019-09-16T21:00:00-00:00","2019-09-16T22:00:00-00:00","SP15","Solar","Renewable Forecast Actual Generation","RENEW_FCST_ACT_MW",3,3,4551.00361,"ACTUAL",3
"53","2019-09-16",3,0,"2019-09-16T09:00:00-00:00","2019-09-16T10:00:00-00:00","SP15","Solar","Renewable Forecast Actual Generation","RENEW_FCST_ACT_MW",3,3,-13.28848,"ACTUAL",3
"54","2019-09-16",10,0,"2019-09-16T16:00:00-00:00","2019-09-16T17:00:00-00:00","SP15","Solar","Renewable Forecast Actual Generation","RENEW_FCST_ACT_MW",3,3,5324.86895,"ACTUAL",3
"55","2019-09-16",2,0,"2019-09-16T08:00:00-00:00","2019-09-16T09:00:00-00:00","SP15","Solar","Renewable Forecast Actual Generation","RENEW_FCST_ACT_MW",3,3,-16.04747,"ACTUAL",3
"56","2019-09-16",13,0,"2019-09-16T19:00:00-00:00","2019-09-16T20:00:00-00:00","SP15","Solar","Renewable Forecast Actual Generation","RENEW_FCST_ACT_MW",3,3,4549.24055,"ACTUAL",3
"57","2019-09-16",24,0,"2019-09-17T06:00:00-00:00","2019-09-17T07:00:00-00:00","SP15","Solar","Renewable Forecast Actual Generation","RENEW_FCST_ACT_MW",3,3,-21.32715,"ACTUAL",3
"58","2019-09-16",9,0,"2019-09-16T15:00:00-00:00","2019-09-16T16:00:00-00:00","SP15","Solar","Renewable Forecast Actual Generation","RENEW_FCST_ACT_MW",3,3,3750.35836,"ACTUAL",3
"59","2019-09-16",23,0,"2019-09-17T05:00:00-00:00","2019-09-17T06:00:00-00:00","SP15","Solar","Renewable Forecast Actual Generation","RENEW_FCST_ACT_MW",3,3,-21.09488,"ACTUAL",3
"60","2019-09-16",16,0,"2019-09-16T22:00:00-00:00","2019-09-16T23:00:00-00:00","SP15","Solar","Renewable Forecast Actual Generation","RENEW_FCST_ACT_MW",3,3,4820.57408,"ACTUAL",3
"61","2019-09-16",22,0,"2019-09-17T04:00:00-00:00","2019-09-17T05:00:00-00:00","SP15","Solar","Renewable Forecast Actual Generation","RENEW_FCST_ACT_MW",3,3,-21.50792,"ACTUAL",3
"62","2019-09-16",8,0,"2019-09-16T14:00:00-00:00","2019-09-16T15:00:00-00:00","SP15","Solar","Renewable Forecast Actual Generation","RENEW_FCST_ACT_MW",3,3,1276.02192,"ACTUAL",3
"63","2019-09-16",21,0,"2019-09-17T03:00:00-00:00","2019-09-17T04:00:00-00:00","SP15","Solar","Renewable Forecast Actual Generation","RENEW_FCST_ACT_MW",3,3,-21.81064,"ACTUAL",3
"64","2019-09-16",12,0,"2019-09-16T18:00:00-00:00","2019-09-16T19:00:00-00:00","SP15","Solar","Renewable Forecast Actual Generation","RENEW_FCST_ACT_MW",3,3,5002.66559,"ACTUAL",3
"65","2019-09-16",20,0,"2019-09-17T02:00:00-00:00","2019-09-17T03:00:00-00:00","SP15","Solar","Renewable Forecast Actual Generation","RENEW_FCST_ACT_MW",3,3,-22.79865,"ACTUAL",3
"66","2019-09-16",7,0,"2019-09-16T13:00:00-00:00","2019-09-16T14:00:00-00:00","SP15","Solar","Renewable Forecast Actual Generation","RENEW_FCST_ACT_MW",3,3,39.86027,"ACTUAL",3
"67","2019-09-16",19,0,"2019-09-17T01:00:00-00:00","2019-09-17T02:00:00-00:00","SP15","Solar","Renewable Forecast Actual Generation","RENEW_FCST_ACT_MW",3,3,405.8504,"ACTUAL",3
"68","2019-09-16",14,0,"2019-09-16T20:00:00-00:00","2019-09-16T21:00:00-00:00","SP15","Solar","Renewable Forecast Actual Generation","RENEW_FCST_ACT_MW",3,3,4303.34407,"ACTUAL",3
"69","2019-09-16",17,0,"2019-09-16T23:00:00-00:00","2019-09-17T00:00:00-00:00","SP15","Solar","Renewable Forecast Actual Generation","RENEW_FCST_ACT_MW",3,3,4611.86854,"ACTUAL",3
"70","2019-09-16",18,0,"2019-09-17T00:00:00-00:00","2019-09-17T01:00:00-00:00","SP15","Wind","Renewable Forecast Actual Generation","RENEW_FCST_ACT_MW",3,1,2503.77118,"ACTUAL",4
"71","2019-09-16",19,0,"2019-09-17T01:00:00-00:00","2019-09-17T02:00:00-00:00","SP15","Wind","Renewable Forecast Actual Generation","RENEW_FCST_ACT_MW",3,1,2421.42365,"ACTUAL",4
"72","2019-09-16",20,0,"2019-09-17T02:00:00-00:00","2019-09-17T03:00:00-00:00","SP15","Wind","Renewable Forecast Actual Generation","RENEW_FCST_ACT_MW",3,1,2395.17936,"ACTUAL",4
"73","2019-09-16",21,0,"2019-09-17T03:00:00-00:00","2019-09-17T04:00:00-00:00","SP15","Wind","Renewable Forecast Actual Generation","RENEW_FCST_ACT_MW",3,1,2497.23564,"ACTUAL",4
"74","2019-09-16",22,0,"2019-09-17T04:00:00-00:00","2019-09-17T05:00:00-00:00","SP15","Wind","Renewable Forecast Actual Generation","RENEW_FCST_ACT_MW",3,1,2468.50865,"ACTUAL",4
"75","2019-09-16",23,0,"2019-09-17T05:00:00-00:00","2019-09-17T06:00:00-00:00","SP15","Wind","Renewable Forecast Actual Generation","RENEW_FCST_ACT_MW",3,1,2025.99812,"ACTUAL",4
"76","2019-09-16",24,0,"2019-09-17T06:00:00-00:00","2019-09-17T07:00:00-00:00","SP15","Wind","Renewable Forecast Actual Generation","RENEW_FCST_ACT_MW",3,1,2293.31533,"ACTUAL",4
"77","2019-09-16",2,0,"2019-09-16T08:00:00-00:00","2019-09-16T09:00:00-00:00","SP15","Wind","Renewable Forecast Actual Generation","RENEW_FCST_ACT_MW",3,1,1191.17185,"ACTUAL",4
"78","2019-09-16",3,0,"2019-09-16T09:00:00-00:00","2019-09-16T10:00:00-00:00","SP15","Wind","Renewable Forecast Actual Generation","RENEW_FCST_ACT_MW",3,1,1095.0501,"ACTUAL",4
"79","2019-09-16",4,0,"2019-09-16T10:00:00-00:00","2019-09-16T11:00:00-00:00","SP15","Wind","Renewable Forecast Actual Generation","RENEW_FCST_ACT_MW",3,1,868.51702,"ACTUAL",4
"80","2019-09-16",5,0,"2019-09-16T11:00:00-00:00","2019-09-16T12:00:00-00:00","SP15","Wind","Renewable Forecast Actual Generation","RENEW_FCST_ACT_MW",3,1,780.40605,"ACTUAL",4
"81","2019-09-16",6,0,"2019-09-16T12:00:00-00:00","2019-09-16T13:00:00-00:00","SP15","Wind","Renewable Forecast Actual Generation","RENEW_FCST_ACT_MW",3,1,622.89161,"ACTUAL",4
"82","2019-09-16",7,0,"2019-09-16T13:00:00-00:00","2019-09-16T14:00:00-00:00","SP15","Wind","Renewable Forecast Actual Generation","RENEW_FCST_ACT_MW",3,1,658.20189,"ACTUAL",4
"83","2019-09-16",8,0,"2019-09-16T14:00:00-00:00","2019-09-16T15:00:00-00:00","SP15","Wind","Renewable Forecast Actual Generation","RENEW_FCST_ACT_MW",3,1,646.80881,"ACTUAL",4
"84","2019-09-16",9,0,"2019-09-16T15:00:00-00:00","2019-09-16T16:00:00-00:00","SP15","Wind","Renewable Forecast Actual Generation","RENEW_FCST_ACT_MW",3,1,689.82968,"ACTUAL",4
"85","2019-09-16",10,0,"2019-09-16T16:00:00-00:00","2019-09-16T17:00:00-00:00","SP15","Wind","Renewable Forecast Actual Generation","RENEW_FCST_ACT_MW",3,1,890.61854,"ACTUAL",4
"86","2019-09-16",11,0,"2019-09-16T17:00:00-00:00","2019-09-16T18:00:00-00:00","SP15","Wind","Renewable Forecast Actual Generation","RENEW_FCST_ACT_MW",3,1,1118.3086,"ACTUAL",4
"87","2019-09-16",12,0,"2019-09-16T18:00:00-00:00","2019-09-16T19:00:00-00:00","SP15","Wind","Renewable Forecast Actual Generation","RENEW_FCST_ACT_MW",3,1,1249.47859,"ACTUAL",4
"88","2019-09-16",13,0,"2019-09-16T19:00:00-00:00","2019-09-16T20:00:00-00:00","SP15","Wind","Renewable Forecast Actual Generation","RENEW_FCST_ACT_MW",3,1,1315.21257,"ACTUAL",4
"89","2019-09-16",14,0,"2019-09-16T20:00:00-00:00","2019-09-16T21:00:00-00:00","SP15","Wind","Renewable Forecast Actual Generation","RENEW_FCST_ACT_MW",3,1,1420.36481,"ACTUAL",4
"90","2019-09-16",15,0,"2019-09-16T21:00:00-00:00","2019-09-16T22:00:00-00:00","SP15","Wind","Renewable Forecast Actual Generation","RENEW_FCST_ACT_MW",3,1,1489.23542,"ACTUAL",4
"91","2019-09-16",16,0,"2019-09-16T22:00:00-00:00","2019-09-16T23:00:00-00:00","SP15","Wind","Renewable Forecast Actual Generation","RENEW_FCST_ACT_MW",3,1,1800.01183,"ACTUAL",4
"92","2019-09-16",17,0,"2019-09-16T23:00:00-00:00","2019-09-17T00:00:00-00:00","SP15","Wind","Renewable Forecast Actual Generation","RENEW_FCST_ACT_MW",3,1,2285.51813,"ACTUAL",4
"93","2019-09-16",18,0,"2019-09-17T00:00:00-00:00","2019-09-17T01:00:00-00:00","ZP26","Solar","Renewable Forecast Actual Generation","RENEW_FCST_ACT_MW",3,3,626.07066,"ACTUAL",5
"94","2019-09-16",17,0,"2019-09-16T23:00:00-00:00","2019-09-17T00:00:00-00:00","ZP26","Solar","Renewable Forecast Actual Generation","RENEW_FCST_ACT_MW",3,3,1122.03973,"ACTUAL",5
"95","2019-09-16",20,0,"2019-09-17T02:00:00-00:00","2019-09-17T03:00:00-00:00","ZP26","Solar","Renewable Forecast Actual Generation","RENEW_FCST_ACT_MW",3,3,-3.24008,"ACTUAL",5
"96","2019-09-16",21,0,"2019-09-17T03:00:00-00:00","2019-09-17T04:00:00-00:00","ZP26","Solar","Renewable Forecast Actual Generation","RENEW_FCST_ACT_MW",3,3,-2.9441,"ACTUAL",5
"97","2019-09-16",22,0,"2019-09-17T04:00:00-00:00","2019-09-17T05:00:00-00:00","ZP26","Solar","Renewable Forecast Actual Generation","RENEW_FCST_ACT_MW",3,3,-4.79202,"ACTUAL",5
"98","2019-09-16",23,0,"2019-09-17T05:00:00-00:00","2019-09-17T06:00:00-00:00","ZP26","Solar","Renewable Forecast Actual Generation","RENEW_FCST_ACT_MW",3,3,-5.24287,"ACTUAL",5
"99","2019-09-16",24,0,"2019-09-17T06:00:00-00:00","2019-09-17T07:00:00-00:00","ZP26","Solar","Renewable Forecast Actual Generation","RENEW_FCST_ACT_MW",3,3,-5.19269,"ACTUAL",5
"100","2019-09-16",2,0,"2019-09-16T08:00:00-00:00","2019-09-16T09:00:00-00:00","ZP26","Solar","Renewable Forecast Actual Generation","RENEW_FCST_ACT_MW",3,3,-5.23977,"ACTUAL",5
"101","2019-09-16",3,0,"2019-09-16T09:00:00-00:00","2019-09-16T10:00:00-00:00","ZP26","Solar","Renewable Forecast Actual Generation","RENEW_FCST_ACT_MW",3,3,-5.26723,"ACTUAL",5
"102","2019-09-16",4,0,"2019-09-16T10:00:00-00:00","2019-09-16T11:00:00-00:00","ZP26","Solar","Renewable Forecast Actual Generation","RENEW_FCST_ACT_MW",3,3,-5.2193,"ACTUAL",5
"103","2019-09-16",5,0,"2019-09-16T11:00:00-00:00","2019-09-16T12:00:00-00:00","ZP26","Solar","Renewable Forecast Actual Generation","RENEW_FCST_ACT_MW",3,3,-5.25374,"ACTUAL",5
"104","2019-09-16",6,0,"2019-09-16T12:00:00-00:00","2019-09-16T13:00:00-00:00","ZP26","Solar","Renewable Forecast Actual Generation","RENEW_FCST_ACT_MW",3,3,-5.22048,"ACTUAL",5
"105","2019-09-16",7,0,"2019-09-16T13:00:00-00:00","2019-09-16T14:00:00-00:00","ZP26","Solar","Renewable Forecast Actual Generation","RENEW_FCST_ACT_MW",3,3,-2.37411,"ACTUAL",5
"106","2019-09-16",8,0,"2019-09-16T14:00:00-00:00","2019-09-16T15:00:00-00:00","ZP26","Solar","Renewable Forecast Actual Generation","RENEW_FCST_ACT_MW",3,3,235.58959,"ACTUAL",5
"107","2019-09-16",9,0,"2019-09-16T15:00:00-00:00","2019-09-16T16:00:00-00:00","ZP26","Solar","Renewable Forecast Actual Generation","RENEW_FCST_ACT_MW",3,3,636.39771,"ACTUAL",5
"108","2019-09-16",10,0,"2019-09-16T16:00:00-00:00","2019-09-16T17:00:00-00:00","ZP26","Solar","Renewable Forecast Actual Generation","RENEW_FCST_ACT_MW",3,3,1128.10282,"ACTUAL",5
"109","2019-09-16",11,0,"2019-09-16T17:00:00-00:00","2019-09-16T18:00:00-00:00","ZP26","Solar","Renewable Forecast Actual Generation","RENEW_FCST_ACT_MW",3,3,1248.57073,"ACTUAL",5
"110","2019-09-16",12,0,"2019-09-16T18:00:00-00:00","2019-09-16T19:00:00-00:00","ZP26","Solar","Renewable Forecast Actual Generation","RENEW_FCST_ACT_MW",3,3,1347.60938,"ACTUAL",5
"111","2019-09-16",13,0,"2019-09-16T19:00:00-00:00","2019-09-16T20:00:00-00:00","ZP26","Solar","Renewable Forecast Actual Generation","RENEW_FCST_ACT_MW",3,3,1494.51559,"ACTUAL",5
"112","2019-09-16",14,0,"2019-09-16T20:00:00-00:00","2019-09-16T21:00:00-00:00","ZP26","Solar","Renewable Forecast Actual Generation","RENEW_FCST_ACT_MW",3,3,1509.1265,"ACTUAL",5
"113","2019-09-16",15,0,"2019-09-16T21:00:00-00:00","2019-09-16T22:00:00-00:00","ZP26","Solar","Renewable Forecast Actual Generation","RENEW_FCST_ACT_MW",3,3,1520.25804,"ACTUAL",5
"114","2019-09-16",16,0,"2019-09-16T22:00:00-00:00","2019-09-16T23:00:00-00:00","ZP26","Solar","Renewable Forecast Actual Generation","RENEW_FCST_ACT_MW",3,3,1430.73784,"ACTUAL",5
"115","2019-09-16",19,0,"2019-09-17T01:00:00-00:00","2019-09-17T02:00:00-00:00","ZP26","Solar","Renewable Forecast Actual Generation","RENEW_FCST_ACT_MW",3,3,117.90455,"ACTUAL",5
"116","2019-09-17",1,0,"2019-09-17T07:00:00-00:00","2019-09-17T08:00:00-00:00","NP15","Solar","Renewable Forecast Actual Generation","RENEW_FCST_ACT_MW",3,3,-2.94929,"ACTUAL",6
"117","2019-09-17",1,0,"2019-09-17T07:00:00-00:00","2019-09-17T08:00:00-00:00","NP15","Wind","Renewable Forecast Actual Generation","RENEW_FCST_ACT_MW",3,1,617.92824,"ACTUAL",7
"118","2019-09-17",1,0,"2019-09-17T07:00:00-00:00","2019-09-17T08:00:00-00:00","SP15","Solar","Renewable Forecast Actual Generation","RENEW_FCST_ACT_MW",3,3,-19.4715,"ACTUAL",8
"119","2019-09-17",1,0,"2019-09-17T07:00:00-00:00","2019-09-17T08:00:00-00:00","SP15","Wind","Renewable Forecast Actual Generation","RENEW_FCST_ACT_MW",3,1,2501.36344,"ACTUAL",9
"120","2019-09-17",1,0,"2019-09-17T07:00:00-00:00","2019-09-17T08:00:00-00:00","ZP26","Solar","Renewable Forecast Actual Generation","RENEW_FCST_ACT_MW",3,3,-5.18341,"ACTUAL",10
