"","OPR_DT","OPR_HR","OPR_INTERVAL","INTERVALSTARTTIME_GMT","INTERVALENDTIME_GMT","TRADING_HUB","RENEWABLE_TYPE","LABEL","XML_DATA_ITEM","MARKET_RUN_ID_POS","RENEW_POS","MW","MARKET_RUN_ID","GROUP"
"1","2019-03-03",1,0,"2019-03-03T08:00:00-00:00","2019-03-03T09:00:00-00:00","NP15","Solar","Renewable Forecast Actual Generation","RENEW_FCST_ACT_MW",3,3,-3.3731,"ACTUAL",1
"2","2019-03-03",2,0,"2019-03-03T09:00:00-00:00","2019-03-03T10:00:00-00:00","NP15","Solar","Renewable Forecast Actual Generation","RENEW_FCST_ACT_MW",3,3,-3.37093,"ACTUAL",1
"3","2019-03-03",3,0,"2019-03-03T10:00:00-00:00","2019-03-03T11:00:00-00:00","NP15","Solar","Renewable Forecast Actual Generation","RENEW_FCST_ACT_MW",3,3,-3.37658,"ACTUAL",1
"4","2019-03-03",4,0,"2019-03-03T11:00:00-00:00","2019-03-03T12:00:00-00:00","NP15","Solar","Renewable Forecast Actual Generation","RENEW_FCST_ACT_MW",3,3,-3.36801,"ACTUAL",1
"5","2019-03-03",5,0,"2019-03-03T12:00:00-00:00","2019-03-03T13:00:00-00:00","NP15","Solar","Renewable Forecast Actual Generation","RENEW_FCST_ACT_MW",3,3,-3.38822,"ACTUAL",1
"6","2019-03-03",6,0,"2019-03-03T13:00:00-00:00","2019-03-03T14:00:00-00:00","NP15","Solar","Renewable Forecast Actual Generation","RENEW_FCST_ACT_MW",3,3,-3.38081,"ACTUAL",1
"7","2019-03-03",7,0,"2019-03-03T14:00:00-00:00","2019-03-03T15:00:00-00:00","NP15","Solar","Renewable Forecast Actual Generation","RENEW_FCST_ACT_MW",3,3,2.22551,"ACTUAL",1
"8","2019-03-03",8,0,"2019-03-03T15:00:00-00:00","2019-03-03T16:00:00-00:00","NP15","Solar","Renewable Forecast Actual Generation","RENEW_FCST_ACT_MW",3,3,152.32059,"ACTUAL",1
"9","2019-03-03",9,0,"2019-03-03T16:00:00-00:00","2019-03-03T17:00:00-00:00","NP15","Solar","Renewable Forecast Actual Generation","RENEW_FCST_ACT_MW",3,3,455.56804,"ACTUAL",1
"10","2019-03-03",10,0,"2019-03-03T17:00:00-00:00","2019-03-03T18:00:00-00:00","NP15","Solar","Renewable Forecast Actual Generation","RENEW_FCST_ACT_MW",3,3,829.33512,"ACTUAL",1
"11","2019-03-03",11,0,"2019-03-03T18:00:00-00:00","2019-03-03T19:00:00-00:00","NP15","Solar","Renewable Forecast Actual Generation","RENEW_FCST_ACT_MW",3,3,946.52389,"ACTUAL",1
"12","2019-03-03",12,0,"2019-03-03T19:00:00-00:00","2019-03-03T20:00:00-00:00","NP15","Solar","Renewable Forecast Actual Generation","RENEW_FCST_ACT_MW",3,3,849.29222,"ACTUAL",1
"13","2019-03-03",13,0,"2019-03-03T20:00:00-00:00","2019-03-03T21:00:00-00:00","NP15","Solar","Renewable Forecast Actual Generation","RENEW_FCST_ACT_MW",3,3,847.57553,"ACTUAL",1
"14","2019-03-03",14,0,"2019-03-03T21:00:00-00:00","2019-03-03T22:00:00-00:00","NP15","Solar","Renewable Forecast Actual Generation","RENEW_FCST_ACT_MW",3,3,890.08832,"ACTUAL",1
"15","2019-03-03",15,0,"2019-03-03T22:00:00-00:00","2019-03-03T23:00:00-00:00","NP15","Solar","Renewable Forecast Actual Generation","RENEW_FCST_ACT_MW",3,3,817.42057,"ACTUAL",1
"16","2019-03-03",16,0,"2019-03-03T23:00:00-00:00","2019-03-04T00:00:00-00:00","NP15","Solar","Renewable Forecast Actual Generation","RENEW_FCST_ACT_MW",3,3,795.79785,"ACTUAL",1
"17","2019-03-03",17,0,"2019-03-04T00:00:00-00:00","2019-03-04T01:00:00-00:00","NP15","Solar","Renewable Forecast Actual Generation","RENEW_FCST_ACT_MW",3,3,478.47916,"ACTUAL",1
"18","2019-03-03",18,0,"2019-03-04T01:00:00-00:00","2019-03-04T02:00:00-00:00","NP15","Solar","Renewable Forecast Actual Generation","RENEW_FCST_ACT_MW",3,3,71.11974,"ACTUAL",1
"19","2019-03-03",19,0,"2019-03-04T02:00:00-00:00","2019-03-04T03:00:00-00:00","NP15","Solar","Renewable Forecast Actual Generation","RENEW_FCST_ACT_MW",3,3,-3.2081,"ACTUAL",1
"20","2019-03-03",20,0,"2019-03-04T03:00:00-00:00","2019-03-04T04:00:00-00:00","NP15","Solar","Renewable Forecast Actual Generation","RENEW_FCST_ACT_MW",3,3,-2.98518,"ACTUAL",1
"21","2019-03-03",21,0,"2019-03-04T04:00:00-00:00","2019-03-04T05:00:00-00:00","NP15","Solar","Renewable Forecast Actual Generation","RENEW_FCST_ACT_MW",3,3,-3.01017,"ACTUAL",1
"22","2019-03-03",22,0,"2019-03-04T05:00:00-00:00","2019-03-04T06:00:00-00:00","NP15","Solar","Renewable Forecast Actual Generation","RENEW_FCST_ACT_MW",3,3,-3.02603,"ACTUAL",1
"23","2019-03-03",23,0,"2019-03-04T06:00:00-00:00","2019-03-04T07:00:00-00:00","NP15","Solar","Renewable Forecast Actual Generation","RENEW_FCST_ACT_MW",3,3,-3.0327,"ACTUAL",1
"24","2019-03-03",24,0,"2019-03-04T07:00:00-00:00","2019-03-04T08:00:00-00:00","NP15","Solar","Renewable Forecast Actual Generation","RENEW_FCST_ACT_MW",3,3,-3.03768,"ACTUAL",1
"25","2019-03-03",1,0,"2019-03-03T08:00:00-00:00","2019-03-03T09:00:00-00:00","NP15","Wind","Renewable Forecast Actual Generation","RENEW_FCST_ACT_MW",3,1,-7.8345,"ACTUAL",2
"26","2019-03-03",24,0,"2019-03-04T07:00:00-00:00","2019-03-04T08:00:00-00:00","NP15","Wind","Renewable Forecast Actual Generation","RENEW_FCST_ACT_MW",3,1,397.00563,"ACTUAL",2
"27","2019-03-03",3,0,"2019-03-03T10:00:00-00:00","2019-03-03T11:00:00-00:00","NP15","Wind","Renewable Forecast Actual Generation","RENEW_FCST_ACT_MW",3,1,50.8428,"ACTUAL",2
"28","2019-03-03",4,0,"2019-03-03T11:00:00-00:00","2019-03-03T12:00:00-00:00","NP15","Wind","Renewable Forecast Actual Generation","RENEW_FCST_ACT_MW",3,1,73.16996,"ACTUAL",2
"29","2019-03-03",5,0,"2019-03-03T12:00:00-00:00","2019-03-03T13:00:00-00:00","NP15","Wind","Renewable Forecast Actual Generation","RENEW_FCST_ACT_MW",3,1,15.33216,"ACTUAL",2
"30","2019-03-03",6,0,"2019-03-03T13:00:00-00:00","2019-03-03T14:00:00-00:00","NP15","Wind","Renewable Forecast Actual Generation","RENEW_FCST_ACT_MW",3,1,-2.46122,"ACTUAL",2
"31","2019-03-03",7,0,"2019-03-03T14:00:00-00:00","2019-03-03T15:00:00-00:00","NP15","Wind","Renewable Forecast Actual Generation","RENEW_FCST_ACT_MW",3,1,-1.93043,"ACTUAL",2
"32","2019-03-03",8,0,"2019-03-03T15:00:00-00:00","2019-03-03T16:00:00-00:00","NP15","Wind","Renewable Forecast Actual Generation","RENEW_FCST_ACT_MW",3,1,8.03588,"ACTUAL",2
"33","2019-03-03",9,0,"2019-03-03T16:00:00-00:00","2019-03-03T17:00:00-00:00","NP15","Wind","Renewable Forecast Actual Generation","RENEW_FCST_ACT_MW",3,1,4.95455,"ACTUAL",2
"34","2019-03-03",10,0,"2019-03-03T17:00:00-00:00","2019-03-03T18:00:00-00:00","NP15","Wind","Renewable Forecast Actual Generation","RENEW_FCST_ACT_MW",3,1,12.75174,"ACTUAL",2
"35","2019-03-03",11,0,"2019-03-03T18:00:00-00:00","2019-03-03T19:00:00-00:00","NP15","Wind","Renewable Forecast Actual Generation","RENEW_FCST_ACT_MW",3,1,35.26357,"ACTUAL",2
"36","2019-03-03",12,0,"2019-03-03T19:00:00-00:00","2019-03-03T20:00:00-00:00","NP15","Wind","Renewable Forecast Actual Generation","RENEW_FCST_ACT_MW",3,1,47.65837,"ACTUAL",2
"37","2019-03-03",13,0,"2019-03-03T20:00:00-00:00","2019-03-03T21:00:00-00:00","NP15","Wind","Renewable Forecast Actual Generation","RENEW_FCST_ACT_MW",3,1,63.98634,"ACTUAL",2
"38","2019-03-03",14,0,"2019-03-03T21:00:00-00:00","2019-03-03T22:00:00-00:00","NP15","Wind","Renewable Forecast Actual Generation","RENEW_FCST_ACT_MW",3,1,142.90225,"ACTUAL",2
"39","2019-03-03",15,0,"2019-03-03T22:00:00-00:00","2019-03-03T23:00:00-00:00","NP15","Wind","Renewable Forecast Actual Generation","RENEW_FCST_ACT_MW",3,1,358.30165,"ACTUAL",2
"40","2019-03-03",16,0,"2019-03-03T23:00:00-00:00","2019-03-04T00:00:00-00:00","NP15","Wind","Renewable Forecast Actual Generation","RENEW_FCST_ACT_MW",3,1,491.7799,"ACTUAL",2
"41","2019-03-03",17,0,"2019-03-04T00:00:00-00:00","2019-03-04T01:00:00-00:00","NP15","Wind","Renewable Forecast Actual Generation","RENEW_FCST_ACT_MW",3,1,642.49815,"ACTUAL",2
"42","2019-03-03",18,0,"2019-03-04T01:00:00-00:00","2019-03-04T02:00:00-00:00","NP15","Wind","Renewable Forecast Actual Generation","RENEW_FCST_ACT_MW",3,1,751.61463,"ACTUAL",2
"43","2019-03-03",19,0,"2019-03-04T02:00:00-00:00","2019-03-04T03:00:00-00:00","NP15","Wind","Renewable Forecast Actual Generation","RENEW_FCST_ACT_MW",3,1,578.4913,"ACTUAL",2
"44","2019-03-03",20,0,"2019-03-04T03:00:00-00:00","2019-03-04T04:00:00-00:00","NP15","Wind","Renewable Forecast Actual Generation","RENEW_FCST_ACT_MW",3,1,574.59808,"ACTUAL",2
"45","2019-03-03",21,0,"2019-03-04T04:00:00-00:00","2019-03-04T05:00:00-00:00","NP15","Wind","Renewable Forecast Actual Generation","RENEW_FCST_ACT_MW",3,1,741.27327,"ACTUAL",2
"46","2019-03-03",22,0,"2019-03-04T05:00:00-00:00","2019-03-04T06:00:00-00:00","NP15","Wind","Renewable Forecast Actual Generation","RENEW_FCST_ACT_MW",3,1,724.98745,"ACTUAL",2
"47","2019-03-03",23,0,"2019-03-04T06:00:00-00:00","2019-03-04T07:00:00-00:00","NP15","Wind","Renewable Forecast Actual Generation","RENEW_FCST_ACT_MW",3,1,583.24742,"ACTUAL",2
"48","2019-03-03",2,0,"2019-03-03T09:00:00-00:00","2019-03-03T10:00:00-00:00","NP15","Wind","Renewable Forecast Actual Generation","RENEW_FCST_ACT_MW",3,1,-1.54361,"ACTUAL",2
"49","2019-03-03",24,0,"2019-03-04T07:00:00-00:00","2019-03-04T08:00:00-00:00","SP15","Solar","Renewable Forecast Actual Generation","RENEW_FCST_ACT_MW",3,3,-7.22747,"ACTUAL",3
"50","2019-03-03",2,0,"2019-03-03T09:00:00-00:00","2019-03-03T10:00:00-00:00","SP15","Solar","Renewable Forecast Actual Generation","RENEW_FCST_ACT_MW",3,3,-6.86142,"ACTUAL",3
"51","2019-03-03",23,0,"2019-03-04T06:00:00-00:00","2019-03-04T07:00:00-00:00","SP15","Solar","Renewable Forecast Actual Generation","RENEW_FCST_ACT_MW",3,3,-8.42892,"ACTUAL",3
"52","2019-03-03",6,0,"2019-03-03T13:00:00-00:00","2019-03-03T14:00:00-00:00","SP15","Solar","Renewable Forecast Actual Generation","RENEW_FCST_ACT_MW",3,3,-10.56013,"ACTUAL",3
"53","2019-03-03",22,0,"2019-03-04T05:00:00-00:00","2019-03-04T06:00:00-00:00","SP15","Solar","Renewable Forecast Actual Generation","RENEW_FCST_ACT_MW",3,3,-18.3861,"ACTUAL",3
"54","2019-03-03",11,0,"2019-03-03T18:00:00-00:00","2019-03-03T19:00:00-00:00","SP15","Solar","Renewable Forecast Actual Generation","RENEW_FCST_ACT_MW",3,3,4554.60237,"ACTUAL",3
"55","2019-03-03",21,0,"2019-03-04T04:00:00-00:00","2019-03-04T05:00:00-00:00","SP15","Solar","Renewable Forecast Actual Generation","RENEW_FCST_ACT_MW",3,3,-27.21883,"ACTUAL",3
"56","2019-03-03",3,0,"2019-03-03T10:00:00-00:00","2019-03-03T11:00:00-00:00","SP15","Solar","Renewable Forecast Actual Generation","RENEW_FCST_ACT_MW",3,3,-15.28387,"ACTUAL",3
"57","2019-03-03",20,0,"2019-03-04T03:00:00-00:00","2019-03-04T04:00:00-00:00","SP15","Solar","Renewable Forecast Actual Generation","RENEW_FCST_ACT_MW",3,3,-24.16846,"ACTUAL",3
"58","2019-03-03",10,0,"2019-03-03T17:00:00-00:00","2019-03-03T18:00:00-00:00","SP15","Solar","Renewable Forecast Actual Generation","RENEW_FCST_ACT_MW",3,3,4015.14276,"ACTUAL",3
"59","2019-03-03",19,0,"2019-03-04T02:00:00-00:00","2019-03-04T03:00:00-00:00","SP15","Solar","Renewable Forecast Actual Generation","RENEW_FCST_ACT_MW",3,3,28.32754,"ACTUAL",3
"60","2019-03-03",5,0,"2019-03-03T12:00:00-00:00","2019-03-03T13:00:00-00:00","SP15","Solar","Renewable Forecast Actual Generation","RENEW_FCST_ACT_MW",3,3,-7.35058,"ACTUAL",3
"61","2019-03-03",18,0,"2019-03-04T01:00:00-00:00","2019-03-04T02:00:00-00:00","SP15","Solar","Renewable Forecast Actual Generation","RENEW_FCST_ACT_MW",3,3,274.33605,"ACTUAL",3
"62","2019-03-03",9,0,"2019-03-03T16:00:00-00:00","2019-03-03T17:00:00-00:00","SP15","Solar","Renewable Forecast Actual Generation","RENEW_FCST_ACT_MW",3,3,4091.01593,"ACTUAL",3
"63","2019-03-03",17,0,"2019-03-04T00:00:00-00:00","2019-03-04T01:00:00-00:00","SP15","Solar","Renewable Forecast Actual Generation","RENEW_FCST_ACT_MW",3,3,2031.24073,"ACTUAL",3
"64","2019-03-03",1,0,"2019-03-03T08:00:00-00:00","2019-03-03T09:00:00-00:00","SP15","Solar","Renewable Forecast Actual Generation","RENEW_FCST_ACT_MW",3,3,-4.14009,"ACTUAL",3
"65","2019-03-03",16,0,"2019-03-03T23:00:00-00:00","2019-03-04T00:00:00-00:00","SP15","Solar","Renewable Forecast Actual Generation","RENEW_FCST_ACT_MW",3,3,3372.94336,"ACTUAL",3
"66","2019-03-03",8,0,"2019-03-03T15:00:00-00:00","2019-03-03T16:00:00-00:00","SP15","Solar","Renewable Forecast Actual Generation","RENEW_FCST_ACT_MW",3,3,2532.95841,"ACTUAL",3
"67","2019-03-03",15,0,"2019-03-03T22:00:00-00:00","2019-03-03T23:00:00-00:00","SP15","Solar","Renewable Forecast Actual Generation","RENEW_FCST_ACT_MW",3,3,3947.33547,"ACTUAL",3
"68","2019-03-03",4,0,"2019-03-03T11:00:00-00:00","2019-03-03T12:00:00-00:00","SP15","Solar","Renewable Forecast Actual Generation","RENEW_FCST_ACT_MW",3,3,-9.33524,"ACTUAL",3
"69","2019-03-03",14,0,"2019-03-03T21:00:00-00:00","2019-03-03T22:00:00-00:00","SP15","Solar","Renewable Forecast Actual Generation","RENEW_FCST_ACT_MW",3,3,4538.64909,"ACTUAL",3
"70","2019-03-03",7,0,"2019-03-03T14:00:00-00:00","2019-03-03T15:00:00-00:00","SP15","Solar","Renewable Forecast Actual Generation","RENEW_FCST_ACT_MW",3,3,335.37053,"ACTUAL",3
"71","2019-03-03",13,0,"2019-03-03T20:00:00-00:00","2019-03-03T21:00:00-00:00","SP15","Solar","Renewable Forecast Actual Generation","RENEW_FCST_ACT_MW",3,3,5046.09243,"ACTUAL",3
"72","2019-03-03",12,0,"2019-03-03T19:00:00-00:00","2019-03-03T20:00:00-00:00","SP15","Solar","Renewable Forecast Actual Generation","RENEW_FCST_ACT_MW",3,3,4942.43727,"ACTUAL",3
"73","2019-03-03",23,0,"2019-03-04T06:00:00-00:00","2019-03-04T07:00:00-00:00","SP15","Wind","Renewable Forecast Actual Generation","RENEW_FCST_ACT_MW",3,1,1856.22647,"ACTUAL",4
"74","2019-03-03",22,0,"2019-03-04T05:00:00-00:00","2019-03-04T06:00:00-00:00","SP15","Wind","Renewable Forecast Actual Generation","RENEW_FCST_ACT_MW",3,1,1733.60934,"ACTUAL",4
"75","2019-03-03",21,0,"2019-03-04T04:00:00-00:00","2019-03-04T05:00:00-00:00","SP15","Wind","Renewable Forecast Actual Generation","RENEW_FCST_ACT_MW",3,1,1690.26956,"ACTUAL",4
"76","2019-03-03",20,0,"2019-03-04T03:00:00-00:00","2019-03-04T04:00:00-00:00","SP15","Wind","Renewable Forecast Actual Generation","RENEW_FCST_ACT_MW",3,1,1807.00345,"ACTUAL",4
"77","2019-03-03",19,0,"2019-03-04T02:00:00-00:00","2019-03-04T03:00:00-00:00","SP15","Wind","Renewable Forecast Actual Generation","RENEW_FCST_ACT_MW",3,1,1920.53696,"ACTUAL",4
"78","2019-03-03",18,0,"2019-03-04T01:00:00-00:00","2019-03-04T02:00:00-00:00","SP15","Wind","Renewable Forecast Actual Generation","RENEW_FCST_ACT_MW",3,1,1967.41023,"ACTUAL",4
"79","2019-03-03",17,0,"2019-03-04T00:00:00-00:00","2019-03-04T01:00:00-00:00","SP15","Wind","Renewable Forecast Actual Generation","RENEW_FCST_ACT_MW",3,1,2135.34986,"ACTUAL",4
"80","2019-03-03",16,0,"2019-03-03T23:00:00-00:00","2019-03-04T00:00:00-00:00","SP15","Wind","Renewable Forecast Actual Generation","RENEW_FCST_ACT_MW",3,1,2334.87366,"ACTUAL",4
"81","2019-03-03",15,0,"2019-03-03T22:00:00-00:00","2019-03-03T23:00:00-00:00","SP15","Wind","Renewable Forecast Actual Generation","RENEW_FCST_ACT_MW",3,1,2364.49025,"ACTUAL",4
"82","2019-03-03",14,0,"2019-03-03T21:00:00-00:00","2019-03-03T22:00:00-00:00","SP15","Wind","Renewable Forecast Actual Generation","RENEW_FCST_ACT_MW",3,1,2149.3614,"ACTUAL",4
"83","2019-03-03",13,0,"2019-03-03T20:00:00-00:00","2019-03-03T21:00:00-00:00","SP15","Wind","Renewable Forecast Actual Generation","RENEW_FCST_ACT_MW",3,1,1980.39939,"ACTUAL",4
"84","2019-03-03",12,0,"2019-03-03T19:00:00-00:00","2019-03-03T20:00:00-00:00","SP15","Wind","Renewable Forecast Actual Generation","RENEW_FCST_ACT_MW",3,1,1754.56939,"ACTUAL",4
"85","2019-03-03",11,0,"2019-03-03T18:00:00-00:00","2019-03-03T19:00:00-00:00","SP15","Wind","Renewable Forecast Actual Generation","RENEW_FCST_ACT_MW",3,1,1658.19987,"ACTUAL",4
"86","2019-03-03",10,0,"2019-03-03T17:00:00-00:00","2019-03-03T18:00:00-00:00","SP15","Wind","Renewable Forecast Actual Generation","RENEW_FCST_ACT_MW",3,1,1652.78003,"ACTUAL",4
"87","2019-03-03",9,0,"2019-03-03T16:00:00-00:00","2019-03-03T17:00:00-00:00","SP15","Wind","Renewable Forecast Actual Generation","RENEW_FCST_ACT_MW",3,1,1454.60741,"ACTUAL",4
"88","2019-03-03",8,0,"2019-03-03T15:00:00-00:00","2019-03-03T16:00:00-00:00","SP15","Wind","Renewable Forecast Actual Generation","RENEW_FCST_ACT_MW",3,1,1353.23203,"ACTUAL",4
"89","2019-03-03",7,0,"2019-03-03T14:00:00-00:00","2019-03-03T15:00:00-00:00","SP15","Wind","Renewable Forecast Actual Generation","RENEW_FCST_ACT_MW",3,1,1371.88108,"ACTUAL",4
"90","2019-03-03",6,0,"2019-03-03T13:00:00-00:00","2019-03-03T14:00:00-00:00","SP15","Wind","Renewable Forecast Actual Generation","RENEW_FCST_ACT_MW",3,1,1352.09826,"ACTUAL",4
"91","2019-03-03",5,0,"2019-03-03T12:00:00-00:00","2019-03-03T13:00:00-00:00","SP15","Wind","Renewable Forecast Actual Generation","RENEW_FCST_ACT_MW",3,1,1267.59598,"ACTUAL",4
"92","2019-03-03",4,0,"2019-03-03T11:00:00-00:00","2019-03-03T12:00:00-00:00","SP15","Wind","Renewable Forecast Actual Generation","RENEW_FCST_ACT_MW",3,1,1187.12973,"ACTUAL",4
"93","2019-03-03",3,0,"2019-03-03T10:00:00-00:00","2019-03-03T11:00:00-00:00","SP15","Wind","Renewable Forecast Actual Generation","RENEW_FCST_ACT_MW",3,1,1229.1106,"ACTUAL",4
"94","2019-03-03",2,0,"2019-03-03T09:00:00-00:00","2019-03-03T10:00:00-00:00","SP15","Wind","Renewable Forecast Actual Generation","RENEW_FCST_ACT_MW",3,1,1301.62064,"ACTUAL",4
"95","2019-03-03",24,0,"2019-03-04T07:00:00-00:00","2019-03-04T08:00:00-00:00","SP15","Wind","Renewable Forecast Actual Generation","RENEW_FCST_ACT_MW",3,1,2092.22167,"ACTUAL",4
"96","2019-03-03",1,0,"2019-03-03T08:00:00-00:00","2019-03-03T09:00:00-00:00","SP15","Wind","Renewable Forecast Actual Generation","RENEW_FCST_ACT_MW",3,1,1286.48786,"ACTUAL",4
"97","2019-03-03",1,0,"2019-03-03T08:00:00-00:00","2019-03-03T09:00:00-00:00","ZP26","Solar","Renewable Forecast Actual Generation","RENEW_FCST_ACT_MW",3,3,-4.84739,"ACTUAL",5
"98","2019-03-03",24,0,"2019-03-04T07:00:00-00:00","2019-03-04T08:00:00-00:00","ZP26","Solar","Renewable Forecast Actual Generation","RENEW_FCST_ACT_MW",3,3,-4.79517,"ACTUAL",5
"99","2019-03-03",3,0,"2019-03-03T10:00:00-00:00","2019-03-03T11:00:00-00:00","ZP26","Solar","Renewable Forecast Actual Generation","RENEW_FCST_ACT_MW",3,3,-4.82488,"ACTUAL",5
"100","2019-03-03",4,0,"2019-03-03T11:00:00-00:00","2019-03-03T12:00:00-00:00","ZP26","Solar","Renewable Forecast Actual Generation","RENEW_FCST_ACT_MW",3,3,-5.15148,"ACTUAL",5
"101","2019-03-03",5,0,"2019-03-03T12:00:00-00:00","2019-03-03T13:00:00-00:00","ZP26","Solar","Renewable Forecast Actual Generation","RENEW_FCST_ACT_MW",3,3,-5.12874,"ACTUAL",5
"102","2019-03-03",6,0,"2019-03-03T13:00:00-00:00","2019-03-03T14:00:00-00:00","ZP26","Solar","Renewable Forecast Actual Generation","RENEW_FCST_ACT_MW",3,3,-5.17084,"ACTUAL",5
"103","2019-03-03",7,0,"2019-03-03T14:00:00-00:00","2019-03-03T15:00:00-00:00","ZP26","Solar","Renewable Forecast Actual Generation","RENEW_FCST_ACT_MW",3,3,7.98991,"ACTUAL",5
"104","2019-03-03",8,0,"2019-03-03T15:00:00-00:00","2019-03-03T16:00:00-00:00","ZP26","Solar","Renewable Forecast Actual Generation","RENEW_FCST_ACT_MW",3,3,307.1881,"ACTUAL",5
"105","2019-03-03",9,0,"2019-03-03T16:00:00-00:00","2019-03-03T17:00:00-00:00","ZP26","Solar","Renewable Forecast Actual Generation","RENEW_FCST_ACT_MW",3,3,679.89964,"ACTUAL",5
"106","2019-03-03",10,0,"2019-03-03T17:00:00-00:00","2019-03-03T18:00:00-00:00","ZP26","Solar","Renewable Forecast Actual Generation","RENEW_FCST_ACT_MW",3,3,939.95358,"ACTUAL",5
"107","2019-03-03",11,0,"2019-03-03T18:00:00-00:00","2019-03-03T19:00:00-00:00","ZP26","Solar","Renewable Forecast Actual Generation","RENEW_FCST_ACT_MW",3,3,954.77987,"ACTUAL",5
"108","2019-03-03",12,0,"2019-03-03T19:00:00-00:00","2019-03-03T20:00:00-00:00","ZP26","Solar","Renewable Forecast Actual Generation","RENEW_FCST_ACT_MW",3,3,1017.73105,"ACTUAL",5
"109","2019-03-03",13,0,"2019-03-03T20:00:00-00:00","2019-03-03T21:00:00-00:00","ZP26","Solar","Renewable Forecast Actual Generation","RENEW_FCST_ACT_MW",3,3,984.85973,"ACTUAL",5
"110","2019-03-03",14,0,"2019-03-03T21:00:00-00:00","2019-03-03T22:00:00-00:00","ZP26","Solar","Renewable Forecast Actual Generation","RENEW_FCST_ACT_MW",3,3,993.86122,"ACTUAL",5
"111","2019-03-03",15,0,"2019-03-03T22:00:00-00:00","2019-03-03T23:00:00-00:00","ZP26","Solar","Renewable Forecast Actual Generation","RENEW_FCST_ACT_MW",3,3,1010.71822,"ACTUAL",5
"112","2019-03-03",16,0,"2019-03-03T23:00:00-00:00","2019-03-04T00:00:00-00:00","ZP26","Solar","Renewable Forecast Actual Generation","RENEW_FCST_ACT_MW",3,3,871.93433,"ACTUAL",5
"113","2019-03-03",17,0,"2019-03-04T00:00:00-00:00","2019-03-04T01:00:00-00:00","ZP26","Solar","Renewable Forecast Actual Generation","RENEW_FCST_ACT_MW",3,3,564.55062,"ACTUAL",5
"114","2019-03-03",18,0,"2019-03-04T01:00:00-00:00","2019-03-04T02:00:00-00:00","ZP26","Solar","Renewable Forecast Actual Generation","RENEW_FCST_ACT_MW",3,3,101.7453,"ACTUAL",5
"115","2019-03-03",19,0,"2019-03-04T02:00:00-00:00","2019-03-04T03:00:00-00:00","ZP26","Solar","Renewable Forecast Actual Generation","RENEW_FCST_ACT_MW",3,3,-5.04516,"ACTUAL",5
"116","2019-03-03",20,0,"2019-03-04T03:00:00-00:00","2019-03-04T04:00:00-00:00","ZP26","Solar","Renewable Forecast Actual Generation","RENEW_FCST_ACT_MW",3,3,-4.80693,"ACTUAL",5
"117","2019-03-03",21,0,"2019-03-04T04:00:00-00:00","2019-03-04T05:00:00-00:00","ZP26","Solar","Renewable Forecast Actual Generation","RENEW_FCST_ACT_MW",3,3,-4.77903,"ACTUAL",5
"118","2019-03-03",22,0,"2019-03-04T05:00:00-00:00","2019-03-04T06:00:00-00:00","ZP26","Solar","Renewable Forecast Actual Generation","RENEW_FCST_ACT_MW",3,3,-4.74128,"ACTUAL",5
"119","2019-03-03",23,0,"2019-03-04T06:00:00-00:00","2019-03-04T07:00:00-00:00","ZP26","Solar","Renewable Forecast Actual Generation","RENEW_FCST_ACT_MW",3,3,-4.79791,"ACTUAL",5
"120","2019-03-03",2,0,"2019-03-03T09:00:00-00:00","2019-03-03T10:00:00-00:00","ZP26","Solar","Renewable Forecast Actual Generation","RENEW_FCST_ACT_MW",3,3,-4.83569,"ACTUAL",5
