"","OPR_DT","OPR_HR","OPR_INTERVAL","INTERVALSTARTTIME_GMT","INTERVALENDTIME_GMT","TRADING_HUB","RENEWABLE_TYPE","LABEL","XML_DATA_ITEM","MARKET_RUN_ID_POS","RENEW_POS","MW","MARKET_RUN_ID","GROUP"
"1","2019-08-07",2,0,"2019-08-07T08:00:00-00:00","2019-08-07T09:00:00-00:00","NP15","Solar","Renewable Forecast Actual Generation","RENEW_FCST_ACT_MW",3,3,-3.47412,"ACTUAL",1
"2","2019-08-07",3,0,"2019-08-07T09:00:00-00:00","2019-08-07T10:00:00-00:00","NP15","Solar","Renewable Forecast Actual Generation","RENEW_FCST_ACT_MW",3,3,-3.49813,"ACTUAL",1
"3","2019-08-07",4,0,"2019-08-07T10:00:00-00:00","2019-08-07T11:00:00-00:00","NP15","Solar","Renewable Forecast Actual Generation","RENEW_FCST_ACT_MW",3,3,-3.49658,"ACTUAL",1
"4","2019-08-07",5,0,"2019-08-07T11:00:00-00:00","2019-08-07T12:00:00-00:00","NP15","Solar","Renewable Forecast Actual Generation","RENEW_FCST_ACT_MW",3,3,-3.50718,"ACTUAL",1
"5","2019-08-07",6,0,"2019-08-07T12:00:00-00:00","2019-08-07T13:00:00-00:00","NP15","Solar","Renewable Forecast Actual Generation","RENEW_FCST_ACT_MW",3,3,-3.49917,"ACTUAL",1
"6","2019-08-07",7,0,"2019-08-07T13:00:00-00:00","2019-08-07T14:00:00-00:00","NP15","Solar","Renewable Forecast Actual Generation","RENEW_FCST_ACT_MW",3,3,62.33825,"ACTUAL",1
"7","2019-08-07",8,0,"2019-08-07T14:00:00-00:00","2019-08-07T15:00:00-00:00","NP15","Solar","Renewable Forecast Actual Generation","RENEW_FCST_ACT_MW",3,3,537.34692,"ACTUAL",1
"8","2019-08-07",9,0,"2019-08-07T15:00:00-00:00","2019-08-07T16:00:00-00:00","NP15","Solar","Renewable Forecast Actual Generation","RENEW_FCST_ACT_MW",3,3,910.77996,"ACTUAL",1
"9","2019-08-07",10,0,"2019-08-07T16:00:00-00:00","2019-08-07T17:00:00-00:00","NP15","Solar","Renewable Forecast Actual Generation","RENEW_FCST_ACT_MW",3,3,1235.36834,"ACTUAL",1
"10","2019-08-07",11,0,"2019-08-07T17:00:00-00:00","2019-08-07T18:00:00-00:00","NP15","Solar","Renewable Forecast Actual Generation","RENEW_FCST_ACT_MW",3,3,1302.16588,"ACTUAL",1
"11","2019-08-07",12,0,"2019-08-07T18:00:00-00:00","2019-08-07T19:00:00-00:00","NP15","Solar","Renewable Forecast Actual Generation","RENEW_FCST_ACT_MW",3,3,1347.82847,"ACTUAL",1
"12","2019-08-07",13,0,"2019-08-07T19:00:00-00:00","2019-08-07T20:00:00-00:00","NP15","Solar","Renewable Forecast Actual Generation","RENEW_FCST_ACT_MW",3,3,1343.61159,"ACTUAL",1
"13","2019-08-07",14,0,"2019-08-07T20:00:00-00:00","2019-08-07T21:00:00-00:00","NP15","Solar","Renewable Forecast Actual Generation","RENEW_FCST_ACT_MW",3,3,1328.16567,"ACTUAL",1
"14","2019-08-07",15,0,"2019-08-07T21:00:00-00:00","2019-08-07T22:00:00-00:00","NP15","Solar","Renewable Forecast Actual Generation","RENEW_FCST_ACT_MW",3,3,1318.42046,"ACTUAL",1
"15","2019-08-07",16,0,"2019-08-07T22:00:00-00:00","2019-08-07T23:00:00-00:00","NP15","Solar","Renewable Forecast Actual Generation","RENEW_FCST_ACT_MW",3,3,1300.50906,"ACTUAL",1
"16","2019-08-07",17,0,"2019-08-07T23:00:00-00:00","2019-08-08T00:00:00-00:00","NP15","Solar","Renewable Forecast Actual Generation","RENEW_FCST_ACT_MW",3,3,1274.2631,"ACTUAL",1
"17","2019-08-07",18,0,"2019-08-08T00:00:00-00:00","2019-08-08T01:00:00-00:00","NP15","Solar","Renewable Forecast Actual Generation","RENEW_FCST_ACT_MW",3,3,1077.73898,"ACTUAL",1
"18","2019-08-07",19,0,"2019-08-08T01:00:00-00:00","2019-08-08T02:00:00-00:00","NP15","Solar","Renewable Forecast Actual Generation","RENEW_FCST_ACT_MW",3,3,703.619,"ACTUAL",1
"19","2019-08-07",20,0,"2019-08-08T02:00:00-00:00","2019-08-08T03:00:00-00:00","NP15","Solar","Renewable Forecast Actual Generation","RENEW_FCST_ACT_MW",3,3,100.38525,"ACTUAL",1
"20","2019-08-07",21,0,"2019-08-08T03:00:00-00:00","2019-08-08T04:00:00-00:00","NP15","Solar","Renewable Forecast Actual Generation","RENEW_FCST_ACT_MW",3,3,-3.58851,"ACTUAL",1
"21","2019-08-07",22,0,"2019-08-08T04:00:00-00:00","2019-08-08T05:00:00-00:00","NP15","Solar","Renewable Forecast Actual Generation","RENEW_FCST_ACT_MW",3,3,-3.22956,"ACTUAL",1
"22","2019-08-07",23,0,"2019-08-08T05:00:00-00:00","2019-08-08T06:00:00-00:00","NP15","Solar","Renewable Forecast Actual Generation","RENEW_FCST_ACT_MW",3,3,-3.23794,"ACTUAL",1
"23","2019-08-07",24,0,"2019-08-08T06:00:00-00:00","2019-08-08T07:00:00-00:00","NP15","Solar","Renewable Forecast Actual Generation","RENEW_FCST_ACT_MW",3,3,-3.25391,"ACTUAL",1
"24","2019-08-07",18,0,"2019-08-08T00:00:00-00:00","2019-08-08T01:00:00-00:00","NP15","Wind","Renewable Forecast Actual Generation","RENEW_FCST_ACT_MW",3,1,1189.74363,"ACTUAL",2
"25","2019-08-07",6,0,"2019-08-07T12:00:00-00:00","2019-08-07T13:00:00-00:00","NP15","Wind","Renewable Forecast Actual Generation","RENEW_FCST_ACT_MW",3,1,1081.80998,"ACTUAL",2
"26","2019-08-07",17,0,"2019-08-07T23:00:00-00:00","2019-08-08T00:00:00-00:00","NP15","Wind","Renewable Forecast Actual Generation","RENEW_FCST_ACT_MW",3,1,1264.38709,"ACTUAL",2
"27","2019-08-07",16,0,"2019-08-07T22:00:00-00:00","2019-08-07T23:00:00-00:00","NP15","Wind","Renewable Forecast Actual Generation","RENEW_FCST_ACT_MW",3,1,1110.5154,"ACTUAL",2
"28","2019-08-07",15,0,"2019-08-07T21:00:00-00:00","2019-08-07T22:00:00-00:00","NP15","Wind","Renewable Forecast Actual Generation","RENEW_FCST_ACT_MW",3,1,1038.82557,"ACTUAL",2
"29","2019-08-07",14,0,"2019-08-07T20:00:00-00:00","2019-08-07T21:00:00-00:00","NP15","Wind","Renewable Forecast Actual Generation","RENEW_FCST_ACT_MW",3,1,900.97093,"ACTUAL",2
"30","2019-08-07",13,0,"2019-08-07T19:00:00-00:00","2019-08-07T20:00:00-00:00","NP15","Wind","Renewable Forecast Actual Generation","RENEW_FCST_ACT_MW",3,1,796.03163,"ACTUAL",2
"31","2019-08-07",12,0,"2019-08-07T18:00:00-00:00","2019-08-07T19:00:00-00:00","NP15","Wind","Renewable Forecast Actual Generation","RENEW_FCST_ACT_MW",3,1,730.96295,"ACTUAL",2
"32","2019-08-07",11,0,"2019-08-07T17:00:00-00:00","2019-08-07T18:00:00-00:00","NP15","Wind","Renewable Forecast Actual Generation","RENEW_FCST_ACT_MW",3,1,842.01782,"ACTUAL",2
"33","2019-08-07",10,0,"2019-08-07T16:00:00-00:00","2019-08-07T17:00:00-00:00","NP15","Wind","Renewable Forecast Actual Generation","RENEW_FCST_ACT_MW",3,1,847.79259,"ACTUAL",2
"34","2019-08-07",9,0,"2019-08-07T15:00:00-00:00","2019-08-07T16:00:00-00:00","NP15","Wind","Renewable Forecast Actual Generation","RENEW_FCST_ACT_MW",3,1,783.63213,"ACTUAL",2
"35","2019-08-07",8,0,"2019-08-07T14:00:00-00:00","2019-08-07T15:00:00-00:00","NP15","Wind","Renewable Forecast Actual Generation","RENEW_FCST_ACT_MW",3,1,844.69325,"ACTUAL",2
"36","2019-08-07",7,0,"2019-08-07T13:00:00-00:00","2019-08-07T14:00:00-00:00","NP15","Wind","Renewable Forecast Actual Generation","RENEW_FCST_ACT_MW",3,1,1042.83853,"ACTUAL",2
"37","2019-08-07",5,0,"2019-08-07T11:00:00-00:00","2019-08-07T12:00:00-00:00","NP15","Wind","Renewable Forecast Actual Generation","RENEW_FCST_ACT_MW",3,1,1022.72799,"ACTUAL",2
"38","2019-08-07",4,0,"2019-08-07T10:00:00-00:00","2019-08-07T11:00:00-00:00","NP15","Wind","Renewable Forecast Actual Generation","RENEW_FCST_ACT_MW",3,1,1026.37199,"ACTUAL",2
"39","2019-08-07",3,0,"2019-08-07T09:00:00-00:00","2019-08-07T10:00:00-00:00","NP15","Wind","Renewable Forecast Actual Generation","RENEW_FCST_ACT_MW",3,1,1048.47229,"ACTUAL",2
"40","2019-08-07",2,0,"2019-08-07T08:00:00-00:00","2019-08-07T09:00:00-00:00","NP15","Wind","Renewable Forecast Actual Generation","RENEW_FCST_ACT_MW",3,1,1172.94816,"ACTUAL",2
"41","2019-08-07",24,0,"2019-08-08T06:00:00-00:00","2019-08-08T07:00:00-00:00","NP15","Wind","Renewable Forecast Actual Generation","RENEW_FCST_ACT_MW",3,1,1253.73346,"ACTUAL",2
"42","2019-08-07",23,0,"2019-08-08T05:00:00-00:00","2019-08-08T06:00:00-00:00","NP15","Wind","Renewable Forecast Actual Generation","RENEW_FCST_ACT_MW",3,1,1199.59319,"ACTUAL",2
"43","2019-08-07",22,0,"2019-08-08T04:00:00-00:00","2019-08-08T05:00:00-00:00","NP15","Wind","Renewable Forecast Actual Generation","RENEW_FCST_ACT_MW",3,1,1104.93358,"ACTUAL",2
"44","2019-08-07",21,0,"2019-08-08T03:00:00-00:00","2019-08-08T04:00:00-00:00","NP15","Wind","Renewable Forecast Actual Generation","RENEW_FCST_ACT_MW",3,1,968.85381,"ACTUAL",2
"45","2019-08-07",20,0,"2019-08-08T02:00:00-00:00","2019-08-08T03:00:00-00:00","NP15","Wind","Renewable Forecast Actual Generation","RENEW_FCST_ACT_MW",3,1,1137.46026,"ACTUAL",2
"46","2019-08-07",19,0,"2019-08-08T01:00:00-00:00","2019-08-08T02:00:00-00:00","NP15","Wind","Renewable Forecast Actual Generation","RENEW_FCST_ACT_MW",3,1,1191.32858,"ACTUAL",2
"47","2019-08-07",6,0,"2019-08-07T12:00:00-00:00","2019-08-07T13:00:00-00:00","SP15","Solar","Renewable Forecast Actual Generation","RENEW_FCST_ACT_MW",3,3,2.3378,"ACTUAL",3
"48","2019-08-07",18,0,"2019-08-08T00:00:00-00:00","2019-08-08T01:00:00-00:00","SP15","Solar","Renewable Forecast Actual Generation","RENEW_FCST_ACT_MW",3,3,3001.95358,"ACTUAL",3
"49","2019-08-07",5,0,"2019-08-07T11:00:00-00:00","2019-08-07T12:00:00-00:00","SP15","Solar","Renewable Forecast Actual Generation","RENEW_FCST_ACT_MW",3,3,2.46705,"ACTUAL",3
"50","2019-08-07",11,0,"2019-08-07T17:00:00-00:00","2019-08-07T18:00:00-00:00","SP15","Solar","Renewable Forecast Actual Generation","RENEW_FCST_ACT_MW",3,3,5232.51137,"ACTUAL",3
"51","2019-08-07",4,0,"2019-08-07T10:00:00-00:00","2019-08-07T11:00:00-00:00","SP15","Solar","Renewable Forecast Actual Generation","RENEW_FCST_ACT_MW",3,3,-12.07218,"ACTUAL",3
"52","2019-08-07",15,0,"2019-08-07T21:00:00-00:00","2019-08-07T22:00:00-00:00","SP15","Solar","Renewable Forecast Actual Generation","RENEW_FCST_ACT_MW",3,3,3822.95156,"ACTUAL",3
"53","2019-08-07",3,0,"2019-08-07T09:00:00-00:00","2019-08-07T10:00:00-00:00","SP15","Solar","Renewable Forecast Actual Generation","RENEW_FCST_ACT_MW",3,3,-13.18511,"ACTUAL",3
"54","2019-08-07",10,0,"2019-08-07T16:00:00-00:00","2019-08-07T17:00:00-00:00","SP15","Solar","Renewable Forecast Actual Generation","RENEW_FCST_ACT_MW",3,3,4940.18788,"ACTUAL",3
"55","2019-08-07",2,0,"2019-08-07T08:00:00-00:00","2019-08-07T09:00:00-00:00","SP15","Solar","Renewable Forecast Actual Generation","RENEW_FCST_ACT_MW",3,3,-11.80043,"ACTUAL",3
"56","2019-08-07",13,0,"2019-08-07T19:00:00-00:00","2019-08-07T20:00:00-00:00","SP15","Solar","Renewable Forecast Actual Generation","RENEW_FCST_ACT_MW",3,3,4775.33415,"ACTUAL",3
"57","2019-08-07",24,0,"2019-08-08T06:00:00-00:00","2019-08-08T07:00:00-00:00","SP15","Solar","Renewable Forecast Actual Generation","RENEW_FCST_ACT_MW",3,3,16.06299,"ACTUAL",3
"58","2019-08-07",9,0,"2019-08-07T15:00:00-00:00","2019-08-07T16:00:00-00:00","SP15","Solar","Renewable Forecast Actual Generation","RENEW_FCST_ACT_MW",3,3,4345.57562,"ACTUAL",3
"59","2019-08-07",23,0,"2019-08-08T05:00:00-00:00","2019-08-08T06:00:00-00:00","SP15","Solar","Renewable Forecast Actual Generation","RENEW_FCST_ACT_MW",3,3,15.37174,"ACTUAL",3
"60","2019-08-07",16,0,"2019-08-07T22:00:00-00:00","2019-08-07T23:00:00-00:00","SP15","Solar","Renewable Forecast Actual Generation","RENEW_FCST_ACT_MW",3,3,3341.57839,"ACTUAL",3
"61","2019-08-07",22,0,"2019-08-08T04:00:00-00:00","2019-08-08T05:00:00-00:00","SP15","Solar","Renewable Forecast Actual Generation","RENEW_FCST_ACT_MW",3,3,15.56737,"ACTUAL",3
"62","2019-08-07",8,0,"2019-08-07T14:00:00-00:00","2019-08-07T15:00:00-00:00","SP15","Solar","Renewable Forecast Actual Generation","RENEW_FCST_ACT_MW",3,3,2874.4796,"ACTUAL",3
"63","2019-08-07",21,0,"2019-08-08T03:00:00-00:00","2019-08-08T04:00:00-00:00","SP15","Solar","Renewable Forecast Actual Generation","RENEW_FCST_ACT_MW",3,3,14.62843,"ACTUAL",3
"64","2019-08-07",12,0,"2019-08-07T18:00:00-00:00","2019-08-07T19:00:00-00:00","SP15","Solar","Renewable Forecast Actual Generation","RENEW_FCST_ACT_MW",3,3,4941.64549,"ACTUAL",3
"65","2019-08-07",20,0,"2019-08-08T02:00:00-00:00","2019-08-08T03:00:00-00:00","SP15","Solar","Renewable Forecast Actual Generation","RENEW_FCST_ACT_MW",3,3,197.47761,"ACTUAL",3
"66","2019-08-07",7,0,"2019-08-07T13:00:00-00:00","2019-08-07T14:00:00-00:00","SP15","Solar","Renewable Forecast Actual Generation","RENEW_FCST_ACT_MW",3,3,766.83602,"ACTUAL",3
"67","2019-08-07",19,0,"2019-08-08T01:00:00-00:00","2019-08-08T02:00:00-00:00","SP15","Solar","Renewable Forecast Actual Generation","RENEW_FCST_ACT_MW",3,3,1724.66796,"ACTUAL",3
"68","2019-08-07",14,0,"2019-08-07T20:00:00-00:00","2019-08-07T21:00:00-00:00","SP15","Solar","Renewable Forecast Actual Generation","RENEW_FCST_ACT_MW",3,3,4966.20109,"ACTUAL",3
"69","2019-08-07",17,0,"2019-08-07T23:00:00-00:00","2019-08-08T00:00:00-00:00","SP15","Solar","Renewable Forecast Actual Generation","RENEW_FCST_ACT_MW",3,3,3823.5114,"ACTUAL",3
"70","2019-08-07",18,0,"2019-08-08T00:00:00-00:00","2019-08-08T01:00:00-00:00","SP15","Wind","Renewable Forecast Actual Generation","RENEW_FCST_ACT_MW",3,1,743.1646,"ACTUAL",4
"71","2019-08-07",19,0,"2019-08-08T01:00:00-00:00","2019-08-08T02:00:00-00:00","SP15","Wind","Renewable Forecast Actual Generation","RENEW_FCST_ACT_MW",3,1,886.85934,"ACTUAL",4
"72","2019-08-07",20,0,"2019-08-08T02:00:00-00:00","2019-08-08T03:00:00-00:00","SP15","Wind","Renewable Forecast Actual Generation","RENEW_FCST_ACT_MW",3,1,1164.22694,"ACTUAL",4
"73","2019-08-07",21,0,"2019-08-08T03:00:00-00:00","2019-08-08T04:00:00-00:00","SP15","Wind","Renewable Forecast Actual Generation","RENEW_FCST_ACT_MW",3,1,1369.2862,"ACTUAL",4
"74","2019-08-07",22,0,"2019-08-08T04:00:00-00:00","2019-08-08T05:00:00-00:00","SP15","Wind","Renewable Forecast Actual Generation","RENEW_FCST_ACT_MW",3,1,1434.38441,"ACTUAL",4
"75","2019-08-07",23,0,"2019-08-08T05:00:00-00:00","2019-08-08T06:00:00-00:00","SP15","Wind","Renewable Forecast Actual Generation","RENEW_FCST_ACT_MW",3,1,1487.62593,"ACTUAL",4
"76","2019-08-07",24,0,"2019-08-08T06:00:00-00:00","2019-08-08T07:00:00-00:00","SP15","Wind","Renewable Forecast Actual Generation","RENEW_FCST_ACT_MW",3,1,1675.56833,"ACTUAL",4
"77","2019-08-07",2,0,"2019-08-07T08:00:00-00:00","2019-08-07T09:00:00-00:00","SP15","Wind","Renewable Forecast Actual Generation","RENEW_FCST_ACT_MW",3,1,1151.91253,"ACTUAL",4
"78","2019-08-07",3,0,"2019-08-07T09:00:00-00:00","2019-08-07T10:00:00-00:00","SP15","Wind","Renewable Forecast Actual Generation","RENEW_FCST_ACT_MW",3,1,1077.03825,"ACTUAL",4
"79","2019-08-07",4,0,"2019-08-07T10:00:00-00:00","2019-08-07T11:00:00-00:00","SP15","Wind","Renewable Forecast Actual Generation","RENEW_FCST_ACT_MW",3,1,983.92986,"ACTUAL",4
"80","2019-08-07",5,0,"2019-08-07T11:00:00-00:00","2019-08-07T12:00:00-00:00","SP15","Wind","Renewable Forecast Actual Generation","RENEW_FCST_ACT_MW",3,1,759.94417,"ACTUAL",4
"81","2019-08-07",6,0,"2019-08-07T12:00:00-00:00","2019-08-07T13:00:00-00:00","SP15","Wind","Renewable Forecast Actual Generation","RENEW_FCST_ACT_MW",3,1,641.78843,"ACTUAL",4
"82","2019-08-07",7,0,"2019-08-07T13:00:00-00:00","2019-08-07T14:00:00-00:00","SP15","Wind","Renewable Forecast Actual Generation","RENEW_FCST_ACT_MW",3,1,569.28529,"ACTUAL",4
"83","2019-08-07",8,0,"2019-08-07T14:00:00-00:00","2019-08-07T15:00:00-00:00","SP15","Wind","Renewable Forecast Actual Generation","RENEW_FCST_ACT_MW",3,1,474.28584,"ACTUAL",4
"84","2019-08-07",9,0,"2019-08-07T15:00:00-00:00","2019-08-07T16:00:00-00:00","SP15","Wind","Renewable Forecast Actual Generation","RENEW_FCST_ACT_MW",3,1,380.00967,"ACTUAL",4
"85","2019-08-07",10,0,"2019-08-07T16:00:00-00:00","2019-08-07T17:00:00-00:00","SP15","Wind","Renewable Forecast Actual Generation","RENEW_FCST_ACT_MW",3,1,317.22177,"ACTUAL",4
"86","2019-08-07",11,0,"2019-08-07T17:00:00-00:00","2019-08-07T18:00:00-00:00","SP15","Wind","Renewable Forecast Actual Generation","RENEW_FCST_ACT_MW",3,1,258.42474,"ACTUAL",4
"87","2019-08-07",12,0,"2019-08-07T18:00:00-00:00","2019-08-07T19:00:00-00:00","SP15","Wind","Renewable Forecast Actual Generation","RENEW_FCST_ACT_MW",3,1,318.16572,"ACTUAL",4
"88","2019-08-07",13,0,"2019-08-07T19:00:00-00:00","2019-08-07T20:00:00-00:00","SP15","Wind","Renewable Forecast Actual Generation","RENEW_FCST_ACT_MW",3,1,314.41785,"ACTUAL",4
"89","2019-08-07",14,0,"2019-08-07T20:00:00-00:00","2019-08-07T21:00:00-00:00","SP15","Wind","Renewable Forecast Actual Generation","RENEW_FCST_ACT_MW",3,1,540.88211,"ACTUAL",4
"90","2019-08-07",15,0,"2019-08-07T21:00:00-00:00","2019-08-07T22:00:00-00:00","SP15","Wind","Renewable Forecast Actual Generation","RENEW_FCST_ACT_MW",3,1,457.06161,"ACTUAL",4
"91","2019-08-07",16,0,"2019-08-07T22:00:00-00:00","2019-08-07T23:00:00-00:00","SP15","Wind","Renewable Forecast Actual Generation","RENEW_FCST_ACT_MW",3,1,614.38417,"ACTUAL",4
"92","2019-08-07",17,0,"2019-08-07T23:00:00-00:00","2019-08-08T00:00:00-00:00","SP15","Wind","Renewable Forecast Actual Generation","RENEW_FCST_ACT_MW",3,1,760.85428,"ACTUAL",4
"93","2019-08-07",18,0,"2019-08-08T00:00:00-00:00","2019-08-08T01:00:00-00:00","ZP26","Solar","Renewable Forecast Actual Generation","RENEW_FCST_ACT_MW",3,3,929.76173,"ACTUAL",5
"94","2019-08-07",17,0,"2019-08-07T23:00:00-00:00","2019-08-08T00:00:00-00:00","ZP26","Solar","Renewable Forecast Actual Generation","RENEW_FCST_ACT_MW",3,3,1444.73998,"ACTUAL",5
"95","2019-08-07",20,0,"2019-08-08T02:00:00-00:00","2019-08-08T03:00:00-00:00","ZP26","Solar","Renewable Forecast Actual Generation","RENEW_FCST_ACT_MW",3,3,41.25179,"ACTUAL",5
"96","2019-08-07",21,0,"2019-08-08T03:00:00-00:00","2019-08-08T04:00:00-00:00","ZP26","Solar","Renewable Forecast Actual Generation","RENEW_FCST_ACT_MW",3,3,-5.54653,"ACTUAL",5
"97","2019-08-07",22,0,"2019-08-08T04:00:00-00:00","2019-08-08T05:00:00-00:00","ZP26","Solar","Renewable Forecast Actual Generation","RENEW_FCST_ACT_MW",3,3,-5.1506,"ACTUAL",5
"98","2019-08-07",23,0,"2019-08-08T05:00:00-00:00","2019-08-08T06:00:00-00:00","ZP26","Solar","Renewable Forecast Actual Generation","RENEW_FCST_ACT_MW",3,3,-4.89263,"ACTUAL",5
"99","2019-08-07",24,0,"2019-08-08T06:00:00-00:00","2019-08-08T07:00:00-00:00","ZP26","Solar","Renewable Forecast Actual Generation","RENEW_FCST_ACT_MW",3,3,-4.88949,"ACTUAL",5
"100","2019-08-07",2,0,"2019-08-07T08:00:00-00:00","2019-08-07T09:00:00-00:00","ZP26","Solar","Renewable Forecast Actual Generation","RENEW_FCST_ACT_MW",3,3,9.07112,"ACTUAL",5
"101","2019-08-07",3,0,"2019-08-07T09:00:00-00:00","2019-08-07T10:00:00-00:00","ZP26","Solar","Renewable Forecast Actual Generation","RENEW_FCST_ACT_MW",3,3,8.87609,"ACTUAL",5
"102","2019-08-07",4,0,"2019-08-07T10:00:00-00:00","2019-08-07T11:00:00-00:00","ZP26","Solar","Renewable Forecast Actual Generation","RENEW_FCST_ACT_MW",3,3,8.90002,"ACTUAL",5
"103","2019-08-07",5,0,"2019-08-07T11:00:00-00:00","2019-08-07T12:00:00-00:00","ZP26","Solar","Renewable Forecast Actual Generation","RENEW_FCST_ACT_MW",3,3,8.92724,"ACTUAL",5
"104","2019-08-07",6,0,"2019-08-07T12:00:00-00:00","2019-08-07T13:00:00-00:00","ZP26","Solar","Renewable Forecast Actual Generation","RENEW_FCST_ACT_MW",3,3,8.83637,"ACTUAL",5
"105","2019-08-07",7,0,"2019-08-07T13:00:00-00:00","2019-08-07T14:00:00-00:00","ZP26","Solar","Renewable Forecast Actual Generation","RENEW_FCST_ACT_MW",3,3,156.67721,"ACTUAL",5
"106","2019-08-07",8,0,"2019-08-07T14:00:00-00:00","2019-08-07T15:00:00-00:00","ZP26","Solar","Renewable Forecast Actual Generation","RENEW_FCST_ACT_MW",3,3,832.3835,"ACTUAL",5
"107","2019-08-07",9,0,"2019-08-07T15:00:00-00:00","2019-08-07T16:00:00-00:00","ZP26","Solar","Renewable Forecast Actual Generation","RENEW_FCST_ACT_MW",3,3,1302.71665,"ACTUAL",5
"108","2019-08-07",10,0,"2019-08-07T16:00:00-00:00","2019-08-07T17:00:00-00:00","ZP26","Solar","Renewable Forecast Actual Generation","RENEW_FCST_ACT_MW",3,3,1454.58031,"ACTUAL",5
"109","2019-08-07",11,0,"2019-08-07T17:00:00-00:00","2019-08-07T18:00:00-00:00","ZP26","Solar","Renewable Forecast Actual Generation","RENEW_FCST_ACT_MW",3,3,1621.7933,"ACTUAL",5
"110","2019-08-07",12,0,"2019-08-07T18:00:00-00:00","2019-08-07T19:00:00-00:00","ZP26","Solar","Renewable Forecast Actual Generation","RENEW_FCST_ACT_MW",3,3,1658.00285,"ACTUAL",5
"111","2019-08-07",13,0,"2019-08-07T19:00:00-00:00","2019-08-07T20:00:00-00:00","ZP26","Solar","Renewable Forecast Actual Generation","RENEW_FCST_ACT_MW",3,3,1528.3976,"ACTUAL",5
"112","2019-08-07",14,0,"2019-08-07T20:00:00-00:00","2019-08-07T21:00:00-00:00","ZP26","Solar","Renewable Forecast Actual Generation","RENEW_FCST_ACT_MW",3,3,1359.2677,"ACTUAL",5
"113","2019-08-07",15,0,"2019-08-07T21:00:00-00:00","2019-08-07T22:00:00-00:00","ZP26","Solar","Renewable Forecast Actual Generation","RENEW_FCST_ACT_MW",3,3,1575.9018,"ACTUAL",5
"114","2019-08-07",16,0,"2019-08-07T22:00:00-00:00","2019-08-07T23:00:00-00:00","ZP26","Solar","Renewable Forecast Actual Generation","RENEW_FCST_ACT_MW",3,3,1517.47581,"ACTUAL",5
"115","2019-08-07",19,0,"2019-08-08T01:00:00-00:00","2019-08-08T02:00:00-00:00","ZP26","Solar","Renewable Forecast Actual Generation","RENEW_FCST_ACT_MW",3,3,453.68398,"ACTUAL",5
"116","2019-08-08",1,0,"2019-08-08T07:00:00-00:00","2019-08-08T08:00:00-00:00","NP15","Solar","Renewable Forecast Actual Generation","RENEW_FCST_ACT_MW",3,3,-3.40759,"ACTUAL",6
"117","2019-08-08",1,0,"2019-08-08T07:00:00-00:00","2019-08-08T08:00:00-00:00","NP15","Wind","Renewable Forecast Actual Generation","RENEW_FCST_ACT_MW",3,1,1315.95512,"ACTUAL",7
"118","2019-08-08",1,0,"2019-08-08T07:00:00-00:00","2019-08-08T08:00:00-00:00","SP15","Solar","Renewable Forecast Actual Generation","RENEW_FCST_ACT_MW",3,3,14.53321,"ACTUAL",8
"119","2019-08-08",1,0,"2019-08-08T07:00:00-00:00","2019-08-08T08:00:00-00:00","SP15","Wind","Renewable Forecast Actual Generation","RENEW_FCST_ACT_MW",3,1,1620.00902,"ACTUAL",9
"120","2019-08-08",1,0,"2019-08-08T07:00:00-00:00","2019-08-08T08:00:00-00:00","ZP26","Solar","Renewable Forecast Actual Generation","RENEW_FCST_ACT_MW",3,3,-5.00987,"ACTUAL",10
