"","OPR_DT","OPR_HR","OPR_INTERVAL","INTERVALSTARTTIME_GMT","INTERVALENDTIME_GMT","TRADING_HUB","RENEWABLE_TYPE","LABEL","XML_DATA_ITEM","MARKET_RUN_ID_POS","RENEW_POS","MW","MARKET_RUN_ID","GROUP"
"1","2019-03-11",2,0,"2019-03-11T08:00:00-00:00","2019-03-11T09:00:00-00:00","NP15","Solar","Renewable Forecast Actual Generation","RENEW_FCST_ACT_MW",3,3,-3.50755,"ACTUAL",1
"2","2019-03-11",3,0,"2019-03-11T09:00:00-00:00","2019-03-11T10:00:00-00:00","NP15","Solar","Renewable Forecast Actual Generation","RENEW_FCST_ACT_MW",3,3,-3.56611,"ACTUAL",1
"3","2019-03-11",4,0,"2019-03-11T10:00:00-00:00","2019-03-11T11:00:00-00:00","NP15","Solar","Renewable Forecast Actual Generation","RENEW_FCST_ACT_MW",3,3,-3.54485,"ACTUAL",1
"4","2019-03-11",5,0,"2019-03-11T11:00:00-00:00","2019-03-11T12:00:00-00:00","NP15","Solar","Renewable Forecast Actual Generation","RENEW_FCST_ACT_MW",3,3,-3.5891,"ACTUAL",1
"5","2019-03-11",6,0,"2019-03-11T12:00:00-00:00","2019-03-11T13:00:00-00:00","NP15","Solar","Renewable Forecast Actual Generation","RENEW_FCST_ACT_MW",3,3,-3.60148,"ACTUAL",1
"6","2019-03-11",7,0,"2019-03-11T13:00:00-00:00","2019-03-11T14:00:00-00:00","NP15","Solar","Renewable Forecast Actual Generation","RENEW_FCST_ACT_MW",3,3,-3.56897,"ACTUAL",1
"7","2019-03-11",8,0,"2019-03-11T14:00:00-00:00","2019-03-11T15:00:00-00:00","NP15","Solar","Renewable Forecast Actual Generation","RENEW_FCST_ACT_MW",3,3,67.32163,"ACTUAL",1
"8","2019-03-11",9,0,"2019-03-11T15:00:00-00:00","2019-03-11T16:00:00-00:00","NP15","Solar","Renewable Forecast Actual Generation","RENEW_FCST_ACT_MW",3,3,784.10751,"ACTUAL",1
"9","2019-03-11",10,0,"2019-03-11T16:00:00-00:00","2019-03-11T17:00:00-00:00","NP15","Solar","Renewable Forecast Actual Generation","RENEW_FCST_ACT_MW",3,3,1334.55278,"ACTUAL",1
"10","2019-03-11",11,0,"2019-03-11T17:00:00-00:00","2019-03-11T18:00:00-00:00","NP15","Solar","Renewable Forecast Actual Generation","RENEW_FCST_ACT_MW",3,3,1393.88697,"ACTUAL",1
"11","2019-03-11",12,0,"2019-03-11T18:00:00-00:00","2019-03-11T19:00:00-00:00","NP15","Solar","Renewable Forecast Actual Generation","RENEW_FCST_ACT_MW",3,3,1381.55211,"ACTUAL",1
"12","2019-03-11",13,0,"2019-03-11T19:00:00-00:00","2019-03-11T20:00:00-00:00","NP15","Solar","Renewable Forecast Actual Generation","RENEW_FCST_ACT_MW",3,3,1335.75649,"ACTUAL",1
"13","2019-03-11",14,0,"2019-03-11T20:00:00-00:00","2019-03-11T21:00:00-00:00","NP15","Solar","Renewable Forecast Actual Generation","RENEW_FCST_ACT_MW",3,3,1349.50363,"ACTUAL",1
"14","2019-03-11",15,0,"2019-03-11T21:00:00-00:00","2019-03-11T22:00:00-00:00","NP15","Solar","Renewable Forecast Actual Generation","RENEW_FCST_ACT_MW",3,3,1383.26958,"ACTUAL",1
"15","2019-03-11",16,0,"2019-03-11T22:00:00-00:00","2019-03-11T23:00:00-00:00","NP15","Solar","Renewable Forecast Actual Generation","RENEW_FCST_ACT_MW",3,3,1387.50231,"ACTUAL",1
"16","2019-03-11",17,0,"2019-03-11T23:00:00-00:00","2019-03-12T00:00:00-00:00","NP15","Solar","Renewable Forecast Actual Generation","RENEW_FCST_ACT_MW",3,3,1272.92191,"ACTUAL",1
"17","2019-03-11",18,0,"2019-03-12T00:00:00-00:00","2019-03-12T01:00:00-00:00","NP15","Solar","Renewable Forecast Actual Generation","RENEW_FCST_ACT_MW",3,3,1015.5314,"ACTUAL",1
"18","2019-03-11",19,0,"2019-03-12T01:00:00-00:00","2019-03-12T02:00:00-00:00","NP15","Solar","Renewable Forecast Actual Generation","RENEW_FCST_ACT_MW",3,3,233.81361,"ACTUAL",1
"19","2019-03-11",20,0,"2019-03-12T02:00:00-00:00","2019-03-12T03:00:00-00:00","NP15","Solar","Renewable Forecast Actual Generation","RENEW_FCST_ACT_MW",3,3,-2.21617,"ACTUAL",1
"20","2019-03-11",21,0,"2019-03-12T03:00:00-00:00","2019-03-12T04:00:00-00:00","NP15","Solar","Renewable Forecast Actual Generation","RENEW_FCST_ACT_MW",3,3,-2.43555,"ACTUAL",1
"21","2019-03-11",22,0,"2019-03-12T04:00:00-00:00","2019-03-12T05:00:00-00:00","NP15","Solar","Renewable Forecast Actual Generation","RENEW_FCST_ACT_MW",3,3,-2.38945,"ACTUAL",1
"22","2019-03-11",23,0,"2019-03-12T05:00:00-00:00","2019-03-12T06:00:00-00:00","NP15","Solar","Renewable Forecast Actual Generation","RENEW_FCST_ACT_MW",3,3,-2.49475,"ACTUAL",1
"23","2019-03-11",24,0,"2019-03-12T06:00:00-00:00","2019-03-12T07:00:00-00:00","NP15","Solar","Renewable Forecast Actual Generation","RENEW_FCST_ACT_MW",3,3,-2.48851,"ACTUAL",1
"24","2019-03-11",18,0,"2019-03-12T00:00:00-00:00","2019-03-12T01:00:00-00:00","NP15","Wind","Renewable Forecast Actual Generation","RENEW_FCST_ACT_MW",3,1,164.99481,"ACTUAL",2
"25","2019-03-11",6,0,"2019-03-11T12:00:00-00:00","2019-03-11T13:00:00-00:00","NP15","Wind","Renewable Forecast Actual Generation","RENEW_FCST_ACT_MW",3,1,123.4662,"ACTUAL",2
"26","2019-03-11",17,0,"2019-03-11T23:00:00-00:00","2019-03-12T00:00:00-00:00","NP15","Wind","Renewable Forecast Actual Generation","RENEW_FCST_ACT_MW",3,1,261.72688,"ACTUAL",2
"27","2019-03-11",16,0,"2019-03-11T22:00:00-00:00","2019-03-11T23:00:00-00:00","NP15","Wind","Renewable Forecast Actual Generation","RENEW_FCST_ACT_MW",3,1,252.10878,"ACTUAL",2
"28","2019-03-11",15,0,"2019-03-11T21:00:00-00:00","2019-03-11T22:00:00-00:00","NP15","Wind","Renewable Forecast Actual Generation","RENEW_FCST_ACT_MW",3,1,304.03372,"ACTUAL",2
"29","2019-03-11",14,0,"2019-03-11T20:00:00-00:00","2019-03-11T21:00:00-00:00","NP15","Wind","Renewable Forecast Actual Generation","RENEW_FCST_ACT_MW",3,1,374.86103,"ACTUAL",2
"30","2019-03-11",13,0,"2019-03-11T19:00:00-00:00","2019-03-11T20:00:00-00:00","NP15","Wind","Renewable Forecast Actual Generation","RENEW_FCST_ACT_MW",3,1,401.55748,"ACTUAL",2
"31","2019-03-11",12,0,"2019-03-11T18:00:00-00:00","2019-03-11T19:00:00-00:00","NP15","Wind","Renewable Forecast Actual Generation","RENEW_FCST_ACT_MW",3,1,450.85061,"ACTUAL",2
"32","2019-03-11",11,0,"2019-03-11T17:00:00-00:00","2019-03-11T18:00:00-00:00","NP15","Wind","Renewable Forecast Actual Generation","RENEW_FCST_ACT_MW",3,1,376.09442,"ACTUAL",2
"33","2019-03-11",10,0,"2019-03-11T16:00:00-00:00","2019-03-11T17:00:00-00:00","NP15","Wind","Renewable Forecast Actual Generation","RENEW_FCST_ACT_MW",3,1,238.74699,"ACTUAL",2
"34","2019-03-11",9,0,"2019-03-11T15:00:00-00:00","2019-03-11T16:00:00-00:00","NP15","Wind","Renewable Forecast Actual Generation","RENEW_FCST_ACT_MW",3,1,228.92298,"ACTUAL",2
"35","2019-03-11",8,0,"2019-03-11T14:00:00-00:00","2019-03-11T15:00:00-00:00","NP15","Wind","Renewable Forecast Actual Generation","RENEW_FCST_ACT_MW",3,1,185.20425,"ACTUAL",2
"36","2019-03-11",7,0,"2019-03-11T13:00:00-00:00","2019-03-11T14:00:00-00:00","NP15","Wind","Renewable Forecast Actual Generation","RENEW_FCST_ACT_MW",3,1,112.09077,"ACTUAL",2
"37","2019-03-11",5,0,"2019-03-11T11:00:00-00:00","2019-03-11T12:00:00-00:00","NP15","Wind","Renewable Forecast Actual Generation","RENEW_FCST_ACT_MW",3,1,94.44882,"ACTUAL",2
"38","2019-03-11",4,0,"2019-03-11T10:00:00-00:00","2019-03-11T11:00:00-00:00","NP15","Wind","Renewable Forecast Actual Generation","RENEW_FCST_ACT_MW",3,1,109.24037,"ACTUAL",2
"39","2019-03-11",3,0,"2019-03-11T09:00:00-00:00","2019-03-11T10:00:00-00:00","NP15","Wind","Renewable Forecast Actual Generation","RENEW_FCST_ACT_MW",3,1,129.16607,"ACTUAL",2
"40","2019-03-11",2,0,"2019-03-11T08:00:00-00:00","2019-03-11T09:00:00-00:00","NP15","Wind","Renewable Forecast Actual Generation","RENEW_FCST_ACT_MW",3,1,133.40705,"ACTUAL",2
"41","2019-03-11",24,0,"2019-03-12T06:00:00-00:00","2019-03-12T07:00:00-00:00","NP15","Wind","Renewable Forecast Actual Generation","RENEW_FCST_ACT_MW",3,1,306.37933,"ACTUAL",2
"42","2019-03-11",23,0,"2019-03-12T05:00:00-00:00","2019-03-12T06:00:00-00:00","NP15","Wind","Renewable Forecast Actual Generation","RENEW_FCST_ACT_MW",3,1,207.42998,"ACTUAL",2
"43","2019-03-11",22,0,"2019-03-12T04:00:00-00:00","2019-03-12T05:00:00-00:00","NP15","Wind","Renewable Forecast Actual Generation","RENEW_FCST_ACT_MW",3,1,216.69419,"ACTUAL",2
"44","2019-03-11",21,0,"2019-03-12T03:00:00-00:00","2019-03-12T04:00:00-00:00","NP15","Wind","Renewable Forecast Actual Generation","RENEW_FCST_ACT_MW",3,1,92.68795,"ACTUAL",2
"45","2019-03-11",20,0,"2019-03-12T02:00:00-00:00","2019-03-12T03:00:00-00:00","NP15","Wind","Renewable Forecast Actual Generation","RENEW_FCST_ACT_MW",3,1,117.87616,"ACTUAL",2
"46","2019-03-11",19,0,"2019-03-12T01:00:00-00:00","2019-03-12T02:00:00-00:00","NP15","Wind","Renewable Forecast Actual Generation","RENEW_FCST_ACT_MW",3,1,77.98938,"ACTUAL",2
"47","2019-03-11",6,0,"2019-03-11T12:00:00-00:00","2019-03-11T13:00:00-00:00","SP15","Solar","Renewable Forecast Actual Generation","RENEW_FCST_ACT_MW",3,3,-14.54803,"ACTUAL",3
"48","2019-03-11",18,0,"2019-03-12T00:00:00-00:00","2019-03-12T01:00:00-00:00","SP15","Solar","Renewable Forecast Actual Generation","RENEW_FCST_ACT_MW",3,3,631.51798,"ACTUAL",3
"49","2019-03-11",5,0,"2019-03-11T11:00:00-00:00","2019-03-11T12:00:00-00:00","SP15","Solar","Renewable Forecast Actual Generation","RENEW_FCST_ACT_MW",3,3,-10.92396,"ACTUAL",3
"50","2019-03-11",11,0,"2019-03-11T17:00:00-00:00","2019-03-11T18:00:00-00:00","SP15","Solar","Renewable Forecast Actual Generation","RENEW_FCST_ACT_MW",3,3,4190.56305,"ACTUAL",3
"51","2019-03-11",4,0,"2019-03-11T10:00:00-00:00","2019-03-11T11:00:00-00:00","SP15","Solar","Renewable Forecast Actual Generation","RENEW_FCST_ACT_MW",3,3,-9.368,"ACTUAL",3
"52","2019-03-11",15,0,"2019-03-11T21:00:00-00:00","2019-03-11T22:00:00-00:00","SP15","Solar","Renewable Forecast Actual Generation","RENEW_FCST_ACT_MW",3,3,1907.27729,"ACTUAL",3
"53","2019-03-11",3,0,"2019-03-11T09:00:00-00:00","2019-03-11T10:00:00-00:00","SP15","Solar","Renewable Forecast Actual Generation","RENEW_FCST_ACT_MW",3,3,-6.25167,"ACTUAL",3
"54","2019-03-11",10,0,"2019-03-11T16:00:00-00:00","2019-03-11T17:00:00-00:00","SP15","Solar","Renewable Forecast Actual Generation","RENEW_FCST_ACT_MW",3,3,3741.70551,"ACTUAL",3
"55","2019-03-11",2,0,"2019-03-11T08:00:00-00:00","2019-03-11T09:00:00-00:00","SP15","Solar","Renewable Forecast Actual Generation","RENEW_FCST_ACT_MW",3,3,-5.92959,"ACTUAL",3
"56","2019-03-11",13,0,"2019-03-11T19:00:00-00:00","2019-03-11T20:00:00-00:00","SP15","Solar","Renewable Forecast Actual Generation","RENEW_FCST_ACT_MW",3,3,2934.26529,"ACTUAL",3
"57","2019-03-11",24,0,"2019-03-12T06:00:00-00:00","2019-03-12T07:00:00-00:00","SP15","Solar","Renewable Forecast Actual Generation","RENEW_FCST_ACT_MW",3,3,-4.50809,"ACTUAL",3
"58","2019-03-11",9,0,"2019-03-11T15:00:00-00:00","2019-03-11T16:00:00-00:00","SP15","Solar","Renewable Forecast Actual Generation","RENEW_FCST_ACT_MW",3,3,2661.21182,"ACTUAL",3
"59","2019-03-11",23,0,"2019-03-12T05:00:00-00:00","2019-03-12T06:00:00-00:00","SP15","Solar","Renewable Forecast Actual Generation","RENEW_FCST_ACT_MW",3,3,-3.1819,"ACTUAL",3
"60","2019-03-11",16,0,"2019-03-11T22:00:00-00:00","2019-03-11T23:00:00-00:00","SP15","Solar","Renewable Forecast Actual Generation","RENEW_FCST_ACT_MW",3,3,1508.78577,"ACTUAL",3
"61","2019-03-11",22,0,"2019-03-12T04:00:00-00:00","2019-03-12T05:00:00-00:00","SP15","Solar","Renewable Forecast Actual Generation","RENEW_FCST_ACT_MW",3,3,-3.7352,"ACTUAL",3
"62","2019-03-11",8,0,"2019-03-11T14:00:00-00:00","2019-03-11T15:00:00-00:00","SP15","Solar","Renewable Forecast Actual Generation","RENEW_FCST_ACT_MW",3,3,562.44137,"ACTUAL",3
"63","2019-03-11",21,0,"2019-03-12T03:00:00-00:00","2019-03-12T04:00:00-00:00","SP15","Solar","Renewable Forecast Actual Generation","RENEW_FCST_ACT_MW",3,3,-4.19939,"ACTUAL",3
"64","2019-03-11",12,0,"2019-03-11T18:00:00-00:00","2019-03-11T19:00:00-00:00","SP15","Solar","Renewable Forecast Actual Generation","RENEW_FCST_ACT_MW",3,3,3719.53446,"ACTUAL",3
"65","2019-03-11",20,0,"2019-03-12T02:00:00-00:00","2019-03-12T03:00:00-00:00","SP15","Solar","Renewable Forecast Actual Generation","RENEW_FCST_ACT_MW",3,3,-3.48689,"ACTUAL",3
"66","2019-03-11",7,0,"2019-03-11T13:00:00-00:00","2019-03-11T14:00:00-00:00","SP15","Solar","Renewable Forecast Actual Generation","RENEW_FCST_ACT_MW",3,3,-10.53297,"ACTUAL",3
"67","2019-03-11",19,0,"2019-03-12T01:00:00-00:00","2019-03-12T02:00:00-00:00","SP15","Solar","Renewable Forecast Actual Generation","RENEW_FCST_ACT_MW",3,3,73.45682,"ACTUAL",3
"68","2019-03-11",14,0,"2019-03-11T20:00:00-00:00","2019-03-11T21:00:00-00:00","SP15","Solar","Renewable Forecast Actual Generation","RENEW_FCST_ACT_MW",3,3,2392.56112,"ACTUAL",3
"69","2019-03-11",17,0,"2019-03-11T23:00:00-00:00","2019-03-12T00:00:00-00:00","SP15","Solar","Renewable Forecast Actual Generation","RENEW_FCST_ACT_MW",3,3,1090.33499,"ACTUAL",3
"70","2019-03-11",18,0,"2019-03-12T00:00:00-00:00","2019-03-12T01:00:00-00:00","SP15","Wind","Renewable Forecast Actual Generation","RENEW_FCST_ACT_MW",3,1,1131.72201,"ACTUAL",4
"71","2019-03-11",19,0,"2019-03-12T01:00:00-00:00","2019-03-12T02:00:00-00:00","SP15","Wind","Renewable Forecast Actual Generation","RENEW_FCST_ACT_MW",3,1,1034.08037,"ACTUAL",4
"72","2019-03-11",20,0,"2019-03-12T02:00:00-00:00","2019-03-12T03:00:00-00:00","SP15","Wind","Renewable Forecast Actual Generation","RENEW_FCST_ACT_MW",3,1,1274.07196,"ACTUAL",4
"73","2019-03-11",21,0,"2019-03-12T03:00:00-00:00","2019-03-12T04:00:00-00:00","SP15","Wind","Renewable Forecast Actual Generation","RENEW_FCST_ACT_MW",3,1,1594.51762,"ACTUAL",4
"74","2019-03-11",22,0,"2019-03-12T04:00:00-00:00","2019-03-12T05:00:00-00:00","SP15","Wind","Renewable Forecast Actual Generation","RENEW_FCST_ACT_MW",3,1,1827.20716,"ACTUAL",4
"75","2019-03-11",23,0,"2019-03-12T05:00:00-00:00","2019-03-12T06:00:00-00:00","SP15","Wind","Renewable Forecast Actual Generation","RENEW_FCST_ACT_MW",3,1,1525.77953,"ACTUAL",4
"76","2019-03-11",24,0,"2019-03-12T06:00:00-00:00","2019-03-12T07:00:00-00:00","SP15","Wind","Renewable Forecast Actual Generation","RENEW_FCST_ACT_MW",3,1,1145.30606,"ACTUAL",4
"77","2019-03-11",2,0,"2019-03-11T08:00:00-00:00","2019-03-11T09:00:00-00:00","SP15","Wind","Renewable Forecast Actual Generation","RENEW_FCST_ACT_MW",3,1,467.67902,"ACTUAL",4
"78","2019-03-11",3,0,"2019-03-11T09:00:00-00:00","2019-03-11T10:00:00-00:00","SP15","Wind","Renewable Forecast Actual Generation","RENEW_FCST_ACT_MW",3,1,336.55963,"ACTUAL",4
"79","2019-03-11",4,0,"2019-03-11T10:00:00-00:00","2019-03-11T11:00:00-00:00","SP15","Wind","Renewable Forecast Actual Generation","RENEW_FCST_ACT_MW",3,1,224.58903,"ACTUAL",4
"80","2019-03-11",5,0,"2019-03-11T11:00:00-00:00","2019-03-11T12:00:00-00:00","SP15","Wind","Renewable Forecast Actual Generation","RENEW_FCST_ACT_MW",3,1,258.44637,"ACTUAL",4
"81","2019-03-11",6,0,"2019-03-11T12:00:00-00:00","2019-03-11T13:00:00-00:00","SP15","Wind","Renewable Forecast Actual Generation","RENEW_FCST_ACT_MW",3,1,349.53515,"ACTUAL",4
"82","2019-03-11",7,0,"2019-03-11T13:00:00-00:00","2019-03-11T14:00:00-00:00","SP15","Wind","Renewable Forecast Actual Generation","RENEW_FCST_ACT_MW",3,1,460.02008,"ACTUAL",4
"83","2019-03-11",8,0,"2019-03-11T14:00:00-00:00","2019-03-11T15:00:00-00:00","SP15","Wind","Renewable Forecast Actual Generation","RENEW_FCST_ACT_MW",3,1,411.00687,"ACTUAL",4
"84","2019-03-11",9,0,"2019-03-11T15:00:00-00:00","2019-03-11T16:00:00-00:00","SP15","Wind","Renewable Forecast Actual Generation","RENEW_FCST_ACT_MW",3,1,513.67128,"ACTUAL",4
"85","2019-03-11",10,0,"2019-03-11T16:00:00-00:00","2019-03-11T17:00:00-00:00","SP15","Wind","Renewable Forecast Actual Generation","RENEW_FCST_ACT_MW",3,1,706.20533,"ACTUAL",4
"86","2019-03-11",11,0,"2019-03-11T17:00:00-00:00","2019-03-11T18:00:00-00:00","SP15","Wind","Renewable Forecast Actual Generation","RENEW_FCST_ACT_MW",3,1,952.99086,"ACTUAL",4
"87","2019-03-11",12,0,"2019-03-11T18:00:00-00:00","2019-03-11T19:00:00-00:00","SP15","Wind","Renewable Forecast Actual Generation","RENEW_FCST_ACT_MW",3,1,1204.09805,"ACTUAL",4
"88","2019-03-11",13,0,"2019-03-11T19:00:00-00:00","2019-03-11T20:00:00-00:00","SP15","Wind","Renewable Forecast Actual Generation","RENEW_FCST_ACT_MW",3,1,1100.06953,"ACTUAL",4
"89","2019-03-11",14,0,"2019-03-11T20:00:00-00:00","2019-03-11T21:00:00-00:00","SP15","Wind","Renewable Forecast Actual Generation","RENEW_FCST_ACT_MW",3,1,1057.93068,"ACTUAL",4
"90","2019-03-11",15,0,"2019-03-11T21:00:00-00:00","2019-03-11T22:00:00-00:00","SP15","Wind","Renewable Forecast Actual Generation","RENEW_FCST_ACT_MW",3,1,1056.08307,"ACTUAL",4
"91","2019-03-11",16,0,"2019-03-11T22:00:00-00:00","2019-03-11T23:00:00-00:00","SP15","Wind","Renewable Forecast Actual Generation","RENEW_FCST_ACT_MW",3,1,1183.50497,"ACTUAL",4
"92","2019-03-11",17,0,"2019-03-11T23:00:00-00:00","2019-03-12T00:00:00-00:00","SP15","Wind","Renewable Forecast Actual Generation","RENEW_FCST_ACT_MW",3,1,1293.70682,"ACTUAL",4
"93","2019-03-11",18,0,"2019-03-12T00:00:00-00:00","2019-03-12T01:00:00-00:00","ZP26","Solar","Renewable Forecast Actual Generation","RENEW_FCST_ACT_MW",3,3,625.96843,"ACTUAL",5
"94","2019-03-11",17,0,"2019-03-11T23:00:00-00:00","2019-03-12T00:00:00-00:00","ZP26","Solar","Renewable Forecast Actual Generation","RENEW_FCST_ACT_MW",3,3,960.08883,"ACTUAL",5
"95","2019-03-11",20,0,"2019-03-12T02:00:00-00:00","2019-03-12T03:00:00-00:00","ZP26","Solar","Renewable Forecast Actual Generation","RENEW_FCST_ACT_MW",3,3,-3.27831,"ACTUAL",5
"96","2019-03-11",21,0,"2019-03-12T03:00:00-00:00","2019-03-12T04:00:00-00:00","ZP26","Solar","Renewable Forecast Actual Generation","RENEW_FCST_ACT_MW",3,3,-3.66261,"ACTUAL",5
"97","2019-03-11",22,0,"2019-03-12T04:00:00-00:00","2019-03-12T05:00:00-00:00","ZP26","Solar","Renewable Forecast Actual Generation","RENEW_FCST_ACT_MW",3,3,-3.63946,"ACTUAL",5
"98","2019-03-11",23,0,"2019-03-12T05:00:00-00:00","2019-03-12T06:00:00-00:00","ZP26","Solar","Renewable Forecast Actual Generation","RENEW_FCST_ACT_MW",3,3,-3.67218,"ACTUAL",5
"99","2019-03-11",24,0,"2019-03-12T06:00:00-00:00","2019-03-12T07:00:00-00:00","ZP26","Solar","Renewable Forecast Actual Generation","RENEW_FCST_ACT_MW",3,3,-3.68657,"ACTUAL",5
"100","2019-03-11",2,0,"2019-03-11T08:00:00-00:00","2019-03-11T09:00:00-00:00","ZP26","Solar","Renewable Forecast Actual Generation","RENEW_FCST_ACT_MW",3,3,-3.58895,"ACTUAL",5
"101","2019-03-11",3,0,"2019-03-11T09:00:00-00:00","2019-03-11T10:00:00-00:00","ZP26","Solar","Renewable Forecast Actual Generation","RENEW_FCST_ACT_MW",3,3,-3.59589,"ACTUAL",5
"102","2019-03-11",4,0,"2019-03-11T10:00:00-00:00","2019-03-11T11:00:00-00:00","ZP26","Solar","Renewable Forecast Actual Generation","RENEW_FCST_ACT_MW",3,3,-3.539,"ACTUAL",5
"103","2019-03-11",5,0,"2019-03-11T11:00:00-00:00","2019-03-11T12:00:00-00:00","ZP26","Solar","Renewable Forecast Actual Generation","RENEW_FCST_ACT_MW",3,3,-4.00666,"ACTUAL",5
"104","2019-03-11",6,0,"2019-03-11T12:00:00-00:00","2019-03-11T13:00:00-00:00","ZP26","Solar","Renewable Forecast Actual Generation","RENEW_FCST_ACT_MW",3,3,-3.97392,"ACTUAL",5
"105","2019-03-11",7,0,"2019-03-11T13:00:00-00:00","2019-03-11T14:00:00-00:00","ZP26","Solar","Renewable Forecast Actual Generation","RENEW_FCST_ACT_MW",3,3,-3.96039,"ACTUAL",5
"106","2019-03-11",8,0,"2019-03-11T14:00:00-00:00","2019-03-11T15:00:00-00:00","ZP26","Solar","Renewable Forecast Actual Generation","RENEW_FCST_ACT_MW",3,3,49.6027,"ACTUAL",5
"107","2019-03-11",9,0,"2019-03-11T15:00:00-00:00","2019-03-11T16:00:00-00:00","ZP26","Solar","Renewable Forecast Actual Generation","RENEW_FCST_ACT_MW",3,3,583.36035,"ACTUAL",5
"108","2019-03-11",10,0,"2019-03-11T16:00:00-00:00","2019-03-11T17:00:00-00:00","ZP26","Solar","Renewable Forecast Actual Generation","RENEW_FCST_ACT_MW",3,3,1122.68797,"ACTUAL",5
"109","2019-03-11",11,0,"2019-03-11T17:00:00-00:00","2019-03-11T18:00:00-00:00","ZP26","Solar","Renewable Forecast Actual Generation","RENEW_FCST_ACT_MW",3,3,1318.02633,"ACTUAL",5
"110","2019-03-11",12,0,"2019-03-11T18:00:00-00:00","2019-03-11T19:00:00-00:00","ZP26","Solar","Renewable Forecast Actual Generation","RENEW_FCST_ACT_MW",3,3,1422.52266,"ACTUAL",5
"111","2019-03-11",13,0,"2019-03-11T19:00:00-00:00","2019-03-11T20:00:00-00:00","ZP26","Solar","Renewable Forecast Actual Generation","RENEW_FCST_ACT_MW",3,3,1435.8586,"ACTUAL",5
"112","2019-03-11",14,0,"2019-03-11T20:00:00-00:00","2019-03-11T21:00:00-00:00","ZP26","Solar","Renewable Forecast Actual Generation","RENEW_FCST_ACT_MW",3,3,1370.02799,"ACTUAL",5
"113","2019-03-11",15,0,"2019-03-11T21:00:00-00:00","2019-03-11T22:00:00-00:00","ZP26","Solar","Renewable Forecast Actual Generation","RENEW_FCST_ACT_MW",3,3,1340.24885,"ACTUAL",5
"114","2019-03-11",16,0,"2019-03-11T22:00:00-00:00","2019-03-11T23:00:00-00:00","ZP26","Solar","Renewable Forecast Actual Generation","RENEW_FCST_ACT_MW",3,3,1157.94805,"ACTUAL",5
"115","2019-03-11",19,0,"2019-03-12T01:00:00-00:00","2019-03-12T02:00:00-00:00","ZP26","Solar","Renewable Forecast Actual Generation","RENEW_FCST_ACT_MW",3,3,169.98241,"ACTUAL",5
"116","2019-03-12",1,0,"2019-03-12T07:00:00-00:00","2019-03-12T08:00:00-00:00","NP15","Solar","Renewable Forecast Actual Generation","RENEW_FCST_ACT_MW",3,3,-2.88243,"ACTUAL",6
"117","2019-03-12",1,0,"2019-03-12T07:00:00-00:00","2019-03-12T08:00:00-00:00","NP15","Wind","Renewable Forecast Actual Generation","RENEW_FCST_ACT_MW",3,1,493.91666,"ACTUAL",7
"118","2019-03-12",1,0,"2019-03-12T07:00:00-00:00","2019-03-12T08:00:00-00:00","SP15","Solar","Renewable Forecast Actual Generation","RENEW_FCST_ACT_MW",3,3,-4.84568,"ACTUAL",8
"119","2019-03-12",1,0,"2019-03-12T07:00:00-00:00","2019-03-12T08:00:00-00:00","SP15","Wind","Renewable Forecast Actual Generation","RENEW_FCST_ACT_MW",3,1,912.1434,"ACTUAL",9
"120","2019-03-12",1,0,"2019-03-12T07:00:00-00:00","2019-03-12T08:00:00-00:00","ZP26","Solar","Renewable Forecast Actual Generation","RENEW_FCST_ACT_MW",3,3,-3.64261,"ACTUAL",10
