"","OPR_DT","OPR_HR","OPR_INTERVAL","INTERVALSTARTTIME_GMT","INTERVALENDTIME_GMT","TRADING_HUB","RENEWABLE_TYPE","LABEL","XML_DATA_ITEM","MARKET_RUN_ID_POS","RENEW_POS","MW","MARKET_RUN_ID","GROUP"
"1","2019-12-22",1,0,"2019-12-22T08:00:00-00:00","2019-12-22T09:00:00-00:00","NP15","Solar","Renewable Forecast Actual Generation","RENEW_FCST_ACT_MW",3,3,-3.37446,"ACTUAL",1
"2","2019-12-22",2,0,"2019-12-22T09:00:00-00:00","2019-12-22T10:00:00-00:00","NP15","Solar","Renewable Forecast Actual Generation","RENEW_FCST_ACT_MW",3,3,-3.3796,"ACTUAL",1
"3","2019-12-22",3,0,"2019-12-22T10:00:00-00:00","2019-12-22T11:00:00-00:00","NP15","Solar","Renewable Forecast Actual Generation","RENEW_FCST_ACT_MW",3,3,-3.37694,"ACTUAL",1
"4","2019-12-22",4,0,"2019-12-22T11:00:00-00:00","2019-12-22T12:00:00-00:00","NP15","Solar","Renewable Forecast Actual Generation","RENEW_FCST_ACT_MW",3,3,-3.39303,"ACTUAL",1
"5","2019-12-22",5,0,"2019-12-22T12:00:00-00:00","2019-12-22T13:00:00-00:00","NP15","Solar","Renewable Forecast Actual Generation","RENEW_FCST_ACT_MW",3,3,-3.39254,"ACTUAL",1
"6","2019-12-22",6,0,"2019-12-22T13:00:00-00:00","2019-12-22T14:00:00-00:00","NP15","Solar","Renewable Forecast Actual Generation","RENEW_FCST_ACT_MW",3,3,-3.37681,"ACTUAL",1
"7","2019-12-22",7,0,"2019-12-22T14:00:00-00:00","2019-12-22T15:00:00-00:00","NP15","Solar","Renewable Forecast Actual Generation","RENEW_FCST_ACT_MW",3,3,-3.43086,"ACTUAL",1
"8","2019-12-22",8,0,"2019-12-22T15:00:00-00:00","2019-12-22T16:00:00-00:00","NP15","Solar","Renewable Forecast Actual Generation","RENEW_FCST_ACT_MW",3,3,53.35285,"ACTUAL",1
"9","2019-12-22",9,0,"2019-12-22T16:00:00-00:00","2019-12-22T17:00:00-00:00","NP15","Solar","Renewable Forecast Actual Generation","RENEW_FCST_ACT_MW",3,3,205.77864,"ACTUAL",1
"10","2019-12-22",10,0,"2019-12-22T17:00:00-00:00","2019-12-22T18:00:00-00:00","NP15","Solar","Renewable Forecast Actual Generation","RENEW_FCST_ACT_MW",3,3,162.01685,"ACTUAL",1
"11","2019-12-22",11,0,"2019-12-22T18:00:00-00:00","2019-12-22T19:00:00-00:00","NP15","Solar","Renewable Forecast Actual Generation","RENEW_FCST_ACT_MW",3,3,206.82159,"ACTUAL",1
"12","2019-12-22",12,0,"2019-12-22T19:00:00-00:00","2019-12-22T20:00:00-00:00","NP15","Solar","Renewable Forecast Actual Generation","RENEW_FCST_ACT_MW",3,3,337.3832,"ACTUAL",1
"13","2019-12-22",13,0,"2019-12-22T20:00:00-00:00","2019-12-22T21:00:00-00:00","NP15","Solar","Renewable Forecast Actual Generation","RENEW_FCST_ACT_MW",3,3,268.60773,"ACTUAL",1
"14","2019-12-22",14,0,"2019-12-22T21:00:00-00:00","2019-12-22T22:00:00-00:00","NP15","Solar","Renewable Forecast Actual Generation","RENEW_FCST_ACT_MW",3,3,243.42035,"ACTUAL",1
"15","2019-12-22",15,0,"2019-12-22T22:00:00-00:00","2019-12-22T23:00:00-00:00","NP15","Solar","Renewable Forecast Actual Generation","RENEW_FCST_ACT_MW",3,3,251.27107,"ACTUAL",1
"16","2019-12-22",16,0,"2019-12-22T23:00:00-00:00","2019-12-23T00:00:00-00:00","NP15","Solar","Renewable Forecast Actual Generation","RENEW_FCST_ACT_MW",3,3,178.17804,"ACTUAL",1
"17","2019-12-22",17,0,"2019-12-23T00:00:00-00:00","2019-12-23T01:00:00-00:00","NP15","Solar","Renewable Forecast Actual Generation","RENEW_FCST_ACT_MW",3,3,23.86103,"ACTUAL",1
"18","2019-12-22",18,0,"2019-12-23T01:00:00-00:00","2019-12-23T02:00:00-00:00","NP15","Solar","Renewable Forecast Actual Generation","RENEW_FCST_ACT_MW",3,3,-3.51257,"ACTUAL",1
"19","2019-12-22",19,0,"2019-12-23T02:00:00-00:00","2019-12-23T03:00:00-00:00","NP15","Solar","Renewable Forecast Actual Generation","RENEW_FCST_ACT_MW",3,3,-3.38842,"ACTUAL",1
"20","2019-12-22",20,0,"2019-12-23T03:00:00-00:00","2019-12-23T04:00:00-00:00","NP15","Solar","Renewable Forecast Actual Generation","RENEW_FCST_ACT_MW",3,3,-3.39768,"ACTUAL",1
"21","2019-12-22",21,0,"2019-12-23T04:00:00-00:00","2019-12-23T05:00:00-00:00","NP15","Solar","Renewable Forecast Actual Generation","RENEW_FCST_ACT_MW",3,3,-3.40615,"ACTUAL",1
"22","2019-12-22",22,0,"2019-12-23T05:00:00-00:00","2019-12-23T06:00:00-00:00","NP15","Solar","Renewable Forecast Actual Generation","RENEW_FCST_ACT_MW",3,3,-3.41169,"ACTUAL",1
"23","2019-12-22",23,0,"2019-12-23T06:00:00-00:00","2019-12-23T07:00:00-00:00","NP15","Solar","Renewable Forecast Actual Generation","RENEW_FCST_ACT_MW",3,3,-3.44566,"ACTUAL",1
"24","2019-12-22",24,0,"2019-12-23T07:00:00-00:00","2019-12-23T08:00:00-00:00","NP15","Solar","Renewable Forecast Actual Generation","RENEW_FCST_ACT_MW",3,3,-3.42357,"ACTUAL",1
"25","2019-12-22",1,0,"2019-12-22T08:00:00-00:00","2019-12-22T09:00:00-00:00","NP15","Wind","Renewable Forecast Actual Generation","RENEW_FCST_ACT_MW",3,1,182.84214,"ACTUAL",2
"26","2019-12-22",24,0,"2019-12-23T07:00:00-00:00","2019-12-23T08:00:00-00:00","NP15","Wind","Renewable Forecast Actual Generation","RENEW_FCST_ACT_MW",3,1,135.94291,"ACTUAL",2
"27","2019-12-22",3,0,"2019-12-22T10:00:00-00:00","2019-12-22T11:00:00-00:00","NP15","Wind","Renewable Forecast Actual Generation","RENEW_FCST_ACT_MW",3,1,129.7262,"ACTUAL",2
"28","2019-12-22",4,0,"2019-12-22T11:00:00-00:00","2019-12-22T12:00:00-00:00","NP15","Wind","Renewable Forecast Actual Generation","RENEW_FCST_ACT_MW",3,1,123.83254,"ACTUAL",2
"29","2019-12-22",5,0,"2019-12-22T12:00:00-00:00","2019-12-22T13:00:00-00:00","NP15","Wind","Renewable Forecast Actual Generation","RENEW_FCST_ACT_MW",3,1,284.46685,"ACTUAL",2
"30","2019-12-22",6,0,"2019-12-22T13:00:00-00:00","2019-12-22T14:00:00-00:00","NP15","Wind","Renewable Forecast Actual Generation","RENEW_FCST_ACT_MW",3,1,346.37389,"ACTUAL",2
"31","2019-12-22",7,0,"2019-12-22T14:00:00-00:00","2019-12-22T15:00:00-00:00","NP15","Wind","Renewable Forecast Actual Generation","RENEW_FCST_ACT_MW",3,1,345.46488,"ACTUAL",2
"32","2019-12-22",8,0,"2019-12-22T15:00:00-00:00","2019-12-22T16:00:00-00:00","NP15","Wind","Renewable Forecast Actual Generation","RENEW_FCST_ACT_MW",3,1,352.45402,"ACTUAL",2
"33","2019-12-22",9,0,"2019-12-22T16:00:00-00:00","2019-12-22T17:00:00-00:00","NP15","Wind","Renewable Forecast Actual Generation","RENEW_FCST_ACT_MW",3,1,299.2425,"ACTUAL",2
"34","2019-12-22",10,0,"2019-12-22T17:00:00-00:00","2019-12-22T18:00:00-00:00","NP15","Wind","Renewable Forecast Actual Generation","RENEW_FCST_ACT_MW",3,1,284.78702,"ACTUAL",2
"35","2019-12-22",11,0,"2019-12-22T18:00:00-00:00","2019-12-22T19:00:00-00:00","NP15","Wind","Renewable Forecast Actual Generation","RENEW_FCST_ACT_MW",3,1,394.20542,"ACTUAL",2
"36","2019-12-22",12,0,"2019-12-22T19:00:00-00:00","2019-12-22T20:00:00-00:00","NP15","Wind","Renewable Forecast Actual Generation","RENEW_FCST_ACT_MW",3,1,449.15539,"ACTUAL",2
"37","2019-12-22",13,0,"2019-12-22T20:00:00-00:00","2019-12-22T21:00:00-00:00","NP15","Wind","Renewable Forecast Actual Generation","RENEW_FCST_ACT_MW",3,1,278.66156,"ACTUAL",2
"38","2019-12-22",14,0,"2019-12-22T21:00:00-00:00","2019-12-22T22:00:00-00:00","NP15","Wind","Renewable Forecast Actual Generation","RENEW_FCST_ACT_MW",3,1,202.29692,"ACTUAL",2
"39","2019-12-22",15,0,"2019-12-22T22:00:00-00:00","2019-12-22T23:00:00-00:00","NP15","Wind","Renewable Forecast Actual Generation","RENEW_FCST_ACT_MW",3,1,253.7201,"ACTUAL",2
"40","2019-12-22",16,0,"2019-12-22T23:00:00-00:00","2019-12-23T00:00:00-00:00","NP15","Wind","Renewable Forecast Actual Generation","RENEW_FCST_ACT_MW",3,1,318.16285,"ACTUAL",2
"41","2019-12-22",17,0,"2019-12-23T00:00:00-00:00","2019-12-23T01:00:00-00:00","NP15","Wind","Renewable Forecast Actual Generation","RENEW_FCST_ACT_MW",3,1,405.29604,"ACTUAL",2
"42","2019-12-22",18,0,"2019-12-23T01:00:00-00:00","2019-12-23T02:00:00-00:00","NP15","Wind","Renewable Forecast Actual Generation","RENEW_FCST_ACT_MW",3,1,516.524,"ACTUAL",2
"43","2019-12-22",19,0,"2019-12-23T02:00:00-00:00","2019-12-23T03:00:00-00:00","NP15","Wind","Renewable Forecast Actual Generation","RENEW_FCST_ACT_MW",3,1,371.50498,"ACTUAL",2
"44","2019-12-22",20,0,"2019-12-23T03:00:00-00:00","2019-12-23T04:00:00-00:00","NP15","Wind","Renewable Forecast Actual Generation","RENEW_FCST_ACT_MW",3,1,237.76904,"ACTUAL",2
"45","2019-12-22",21,0,"2019-12-23T04:00:00-00:00","2019-12-23T05:00:00-00:00","NP15","Wind","Renewable Forecast Actual Generation","RENEW_FCST_ACT_MW",3,1,204.47881,"ACTUAL",2
"46","2019-12-22",22,0,"2019-12-23T05:00:00-00:00","2019-12-23T06:00:00-00:00","NP15","Wind","Renewable Forecast Actual Generation","RENEW_FCST_ACT_MW",3,1,135.65919,"ACTUAL",2
"47","2019-12-22",23,0,"2019-12-23T06:00:00-00:00","2019-12-23T07:00:00-00:00","NP15","Wind","Renewable Forecast Actual Generation","RENEW_FCST_ACT_MW",3,1,139.98467,"ACTUAL",2
"48","2019-12-22",2,0,"2019-12-22T09:00:00-00:00","2019-12-22T10:00:00-00:00","NP15","Wind","Renewable Forecast Actual Generation","RENEW_FCST_ACT_MW",3,1,185.18812,"ACTUAL",2
"49","2019-12-22",24,0,"2019-12-23T07:00:00-00:00","2019-12-23T08:00:00-00:00","SP15","Solar","Renewable Forecast Actual Generation","RENEW_FCST_ACT_MW",3,3,-11.7026,"ACTUAL",3
"50","2019-12-22",2,0,"2019-12-22T09:00:00-00:00","2019-12-22T10:00:00-00:00","SP15","Solar","Renewable Forecast Actual Generation","RENEW_FCST_ACT_MW",3,3,-7.18457,"ACTUAL",3
"51","2019-12-22",23,0,"2019-12-23T06:00:00-00:00","2019-12-23T07:00:00-00:00","SP15","Solar","Renewable Forecast Actual Generation","RENEW_FCST_ACT_MW",3,3,-8.77076,"ACTUAL",3
"52","2019-12-22",6,0,"2019-12-22T13:00:00-00:00","2019-12-22T14:00:00-00:00","SP15","Solar","Renewable Forecast Actual Generation","RENEW_FCST_ACT_MW",3,3,-7.19171,"ACTUAL",3
"53","2019-12-22",22,0,"2019-12-23T05:00:00-00:00","2019-12-23T06:00:00-00:00","SP15","Solar","Renewable Forecast Actual Generation","RENEW_FCST_ACT_MW",3,3,-5.53375,"ACTUAL",3
"54","2019-12-22",11,0,"2019-12-22T18:00:00-00:00","2019-12-22T19:00:00-00:00","SP15","Solar","Renewable Forecast Actual Generation","RENEW_FCST_ACT_MW",3,3,3217.53276,"ACTUAL",3
"55","2019-12-22",21,0,"2019-12-23T04:00:00-00:00","2019-12-23T05:00:00-00:00","SP15","Solar","Renewable Forecast Actual Generation","RENEW_FCST_ACT_MW",3,3,-3.65086,"ACTUAL",3
"56","2019-12-22",3,0,"2019-12-22T10:00:00-00:00","2019-12-22T11:00:00-00:00","SP15","Solar","Renewable Forecast Actual Generation","RENEW_FCST_ACT_MW",3,3,-7.17676,"ACTUAL",3
"57","2019-12-22",20,0,"2019-12-23T03:00:00-00:00","2019-12-23T04:00:00-00:00","SP15","Solar","Renewable Forecast Actual Generation","RENEW_FCST_ACT_MW",3,3,-3.46013,"ACTUAL",3
"58","2019-12-22",10,0,"2019-12-22T17:00:00-00:00","2019-12-22T18:00:00-00:00","SP15","Solar","Renewable Forecast Actual Generation","RENEW_FCST_ACT_MW",3,3,2612.52782,"ACTUAL",3
"59","2019-12-22",19,0,"2019-12-23T02:00:00-00:00","2019-12-23T03:00:00-00:00","SP15","Solar","Renewable Forecast Actual Generation","RENEW_FCST_ACT_MW",3,3,-3.41938,"ACTUAL",3
"60","2019-12-22",5,0,"2019-12-22T12:00:00-00:00","2019-12-22T13:00:00-00:00","SP15","Solar","Renewable Forecast Actual Generation","RENEW_FCST_ACT_MW",3,3,-9.71399,"ACTUAL",3
"61","2019-12-22",18,0,"2019-12-23T01:00:00-00:00","2019-12-23T02:00:00-00:00","SP15","Solar","Renewable Forecast Actual Generation","RENEW_FCST_ACT_MW",3,3,-3.3031,"ACTUAL",3
"62","2019-12-22",9,0,"2019-12-22T16:00:00-00:00","2019-12-22T17:00:00-00:00","SP15","Solar","Renewable Forecast Actual Generation","RENEW_FCST_ACT_MW",3,3,1631.2397,"ACTUAL",3
"63","2019-12-22",17,0,"2019-12-23T00:00:00-00:00","2019-12-23T01:00:00-00:00","SP15","Solar","Renewable Forecast Actual Generation","RENEW_FCST_ACT_MW",3,3,37.70503,"ACTUAL",3
"64","2019-12-22",1,0,"2019-12-22T08:00:00-00:00","2019-12-22T09:00:00-00:00","SP15","Solar","Renewable Forecast Actual Generation","RENEW_FCST_ACT_MW",3,3,-6.98059,"ACTUAL",3
"65","2019-12-22",16,0,"2019-12-22T23:00:00-00:00","2019-12-23T00:00:00-00:00","SP15","Solar","Renewable Forecast Actual Generation","RENEW_FCST_ACT_MW",3,3,570.19789,"ACTUAL",3
"66","2019-12-22",8,0,"2019-12-22T15:00:00-00:00","2019-12-22T16:00:00-00:00","SP15","Solar","Renewable Forecast Actual Generation","RENEW_FCST_ACT_MW",3,3,283.77598,"ACTUAL",3
"67","2019-12-22",15,0,"2019-12-22T22:00:00-00:00","2019-12-22T23:00:00-00:00","SP15","Solar","Renewable Forecast Actual Generation","RENEW_FCST_ACT_MW",3,3,1696.31028,"ACTUAL",3
"68","2019-12-22",4,0,"2019-12-22T11:00:00-00:00","2019-12-22T12:00:00-00:00","SP15","Solar","Renewable Forecast Actual Generation","RENEW_FCST_ACT_MW",3,3,-10.60133,"ACTUAL",3
"69","2019-12-22",14,0,"2019-12-22T21:00:00-00:00","2019-12-22T22:00:00-00:00","SP15","Solar","Renewable Forecast Actual Generation","RENEW_FCST_ACT_MW",3,3,2842.34623,"ACTUAL",3
"70","2019-12-22",7,0,"2019-12-22T14:00:00-00:00","2019-12-22T15:00:00-00:00","SP15","Solar","Renewable Forecast Actual Generation","RENEW_FCST_ACT_MW",3,3,-5.74562,"ACTUAL",3
"71","2019-12-22",13,0,"2019-12-22T20:00:00-00:00","2019-12-22T21:00:00-00:00","SP15","Solar","Renewable Forecast Actual Generation","RENEW_FCST_ACT_MW",3,3,3286.86189,"ACTUAL",3
"72","2019-12-22",12,0,"2019-12-22T19:00:00-00:00","2019-12-22T20:00:00-00:00","SP15","Solar","Renewable Forecast Actual Generation","RENEW_FCST_ACT_MW",3,3,3287.76717,"ACTUAL",3
"73","2019-12-22",23,0,"2019-12-23T06:00:00-00:00","2019-12-23T07:00:00-00:00","SP15","Wind","Renewable Forecast Actual Generation","RENEW_FCST_ACT_MW",3,1,493.26073,"ACTUAL",4
"74","2019-12-22",22,0,"2019-12-23T05:00:00-00:00","2019-12-23T06:00:00-00:00","SP15","Wind","Renewable Forecast Actual Generation","RENEW_FCST_ACT_MW",3,1,467.56085,"ACTUAL",4
"75","2019-12-22",21,0,"2019-12-23T04:00:00-00:00","2019-12-23T05:00:00-00:00","SP15","Wind","Renewable Forecast Actual Generation","RENEW_FCST_ACT_MW",3,1,433.99863,"ACTUAL",4
"76","2019-12-22",20,0,"2019-12-23T03:00:00-00:00","2019-12-23T04:00:00-00:00","SP15","Wind","Renewable Forecast Actual Generation","RENEW_FCST_ACT_MW",3,1,536.15024,"ACTUAL",4
"77","2019-12-22",19,0,"2019-12-23T02:00:00-00:00","2019-12-23T03:00:00-00:00","SP15","Wind","Renewable Forecast Actual Generation","RENEW_FCST_ACT_MW",3,1,512.54182,"ACTUAL",4
"78","2019-12-22",18,0,"2019-12-23T01:00:00-00:00","2019-12-23T02:00:00-00:00","SP15","Wind","Renewable Forecast Actual Generation","RENEW_FCST_ACT_MW",3,1,456.32613,"ACTUAL",4
"79","2019-12-22",17,0,"2019-12-23T00:00:00-00:00","2019-12-23T01:00:00-00:00","SP15","Wind","Renewable Forecast Actual Generation","RENEW_FCST_ACT_MW",3,1,698.65738,"ACTUAL",4
"80","2019-12-22",16,0,"2019-12-22T23:00:00-00:00","2019-12-23T00:00:00-00:00","SP15","Wind","Renewable Forecast Actual Generation","RENEW_FCST_ACT_MW",3,1,554.87221,"ACTUAL",4
"81","2019-12-22",15,0,"2019-12-22T22:00:00-00:00","2019-12-22T23:00:00-00:00","SP15","Wind","Renewable Forecast Actual Generation","RENEW_FCST_ACT_MW",3,1,352.22848,"ACTUAL",4
"82","2019-12-22",14,0,"2019-12-22T21:00:00-00:00","2019-12-22T22:00:00-00:00","SP15","Wind","Renewable Forecast Actual Generation","RENEW_FCST_ACT_MW",3,1,482.04234,"ACTUAL",4
"83","2019-12-22",13,0,"2019-12-22T20:00:00-00:00","2019-12-22T21:00:00-00:00","SP15","Wind","Renewable Forecast Actual Generation","RENEW_FCST_ACT_MW",3,1,499.22878,"ACTUAL",4
"84","2019-12-22",12,0,"2019-12-22T19:00:00-00:00","2019-12-22T20:00:00-00:00","SP15","Wind","Renewable Forecast Actual Generation","RENEW_FCST_ACT_MW",3,1,410.14252,"ACTUAL",4
"85","2019-12-22",11,0,"2019-12-22T18:00:00-00:00","2019-12-22T19:00:00-00:00","SP15","Wind","Renewable Forecast Actual Generation","RENEW_FCST_ACT_MW",3,1,432.76806,"ACTUAL",4
"86","2019-12-22",10,0,"2019-12-22T17:00:00-00:00","2019-12-22T18:00:00-00:00","SP15","Wind","Renewable Forecast Actual Generation","RENEW_FCST_ACT_MW",3,1,494.25928,"ACTUAL",4
"87","2019-12-22",9,0,"2019-12-22T16:00:00-00:00","2019-12-22T17:00:00-00:00","SP15","Wind","Renewable Forecast Actual Generation","RENEW_FCST_ACT_MW",3,1,587.58948,"ACTUAL",4
"88","2019-12-22",8,0,"2019-12-22T15:00:00-00:00","2019-12-22T16:00:00-00:00","SP15","Wind","Renewable Forecast Actual Generation","RENEW_FCST_ACT_MW",3,1,533.03445,"ACTUAL",4
"89","2019-12-22",7,0,"2019-12-22T14:00:00-00:00","2019-12-22T15:00:00-00:00","SP15","Wind","Renewable Forecast Actual Generation","RENEW_FCST_ACT_MW",3,1,464.63829,"ACTUAL",4
"90","2019-12-22",6,0,"2019-12-22T13:00:00-00:00","2019-12-22T14:00:00-00:00","SP15","Wind","Renewable Forecast Actual Generation","RENEW_FCST_ACT_MW",3,1,493.73631,"ACTUAL",4
"91","2019-12-22",5,0,"2019-12-22T12:00:00-00:00","2019-12-22T13:00:00-00:00","SP15","Wind","Renewable Forecast Actual Generation","RENEW_FCST_ACT_MW",3,1,483.1392,"ACTUAL",4
"92","2019-12-22",4,0,"2019-12-22T11:00:00-00:00","2019-12-22T12:00:00-00:00","SP15","Wind","Renewable Forecast Actual Generation","RENEW_FCST_ACT_MW",3,1,375.82097,"ACTUAL",4
"93","2019-12-22",3,0,"2019-12-22T10:00:00-00:00","2019-12-22T11:00:00-00:00","SP15","Wind","Renewable Forecast Actual Generation","RENEW_FCST_ACT_MW",3,1,261.0514,"ACTUAL",4
"94","2019-12-22",2,0,"2019-12-22T09:00:00-00:00","2019-12-22T10:00:00-00:00","SP15","Wind","Renewable Forecast Actual Generation","RENEW_FCST_ACT_MW",3,1,418.19362,"ACTUAL",4
"95","2019-12-22",24,0,"2019-12-23T07:00:00-00:00","2019-12-23T08:00:00-00:00","SP15","Wind","Renewable Forecast Actual Generation","RENEW_FCST_ACT_MW",3,1,214.95567,"ACTUAL",4
"96","2019-12-22",1,0,"2019-12-22T08:00:00-00:00","2019-12-22T09:00:00-00:00","SP15","Wind","Renewable Forecast Actual Generation","RENEW_FCST_ACT_MW",3,1,405.13582,"ACTUAL",4
"97","2019-12-22",1,0,"2019-12-22T08:00:00-00:00","2019-12-22T09:00:00-00:00","ZP26","Solar","Renewable Forecast Actual Generation","RENEW_FCST_ACT_MW",3,3,-5.70396,"ACTUAL",5
"98","2019-12-22",24,0,"2019-12-23T07:00:00-00:00","2019-12-23T08:00:00-00:00","ZP26","Solar","Renewable Forecast Actual Generation","RENEW_FCST_ACT_MW",3,3,-5.74343,"ACTUAL",5
"99","2019-12-22",3,0,"2019-12-22T10:00:00-00:00","2019-12-22T11:00:00-00:00","ZP26","Solar","Renewable Forecast Actual Generation","RENEW_FCST_ACT_MW",3,3,-5.73491,"ACTUAL",5
"100","2019-12-22",4,0,"2019-12-22T11:00:00-00:00","2019-12-22T12:00:00-00:00","ZP26","Solar","Renewable Forecast Actual Generation","RENEW_FCST_ACT_MW",3,3,-5.73316,"ACTUAL",5
"101","2019-12-22",5,0,"2019-12-22T12:00:00-00:00","2019-12-22T13:00:00-00:00","ZP26","Solar","Renewable Forecast Actual Generation","RENEW_FCST_ACT_MW",3,3,-5.72597,"ACTUAL",5
"102","2019-12-22",6,0,"2019-12-22T13:00:00-00:00","2019-12-22T14:00:00-00:00","ZP26","Solar","Renewable Forecast Actual Generation","RENEW_FCST_ACT_MW",3,3,-5.69818,"ACTUAL",5
"103","2019-12-22",7,0,"2019-12-22T14:00:00-00:00","2019-12-22T15:00:00-00:00","ZP26","Solar","Renewable Forecast Actual Generation","RENEW_FCST_ACT_MW",3,3,-5.90554,"ACTUAL",5
"104","2019-12-22",8,0,"2019-12-22T15:00:00-00:00","2019-12-22T16:00:00-00:00","ZP26","Solar","Renewable Forecast Actual Generation","RENEW_FCST_ACT_MW",3,3,76.86944,"ACTUAL",5
"105","2019-12-22",9,0,"2019-12-22T16:00:00-00:00","2019-12-22T17:00:00-00:00","ZP26","Solar","Renewable Forecast Actual Generation","RENEW_FCST_ACT_MW",3,3,409.72111,"ACTUAL",5
"106","2019-12-22",10,0,"2019-12-22T17:00:00-00:00","2019-12-22T18:00:00-00:00","ZP26","Solar","Renewable Forecast Actual Generation","RENEW_FCST_ACT_MW",3,3,459.1135,"ACTUAL",5
"107","2019-12-22",11,0,"2019-12-22T18:00:00-00:00","2019-12-22T19:00:00-00:00","ZP26","Solar","Renewable Forecast Actual Generation","RENEW_FCST_ACT_MW",3,3,419.55285,"ACTUAL",5
"108","2019-12-22",12,0,"2019-12-22T19:00:00-00:00","2019-12-22T20:00:00-00:00","ZP26","Solar","Renewable Forecast Actual Generation","RENEW_FCST_ACT_MW",3,3,397.80621,"ACTUAL",5
"109","2019-12-22",13,0,"2019-12-22T20:00:00-00:00","2019-12-22T21:00:00-00:00","ZP26","Solar","Renewable Forecast Actual Generation","RENEW_FCST_ACT_MW",3,3,304.59934,"ACTUAL",5
"110","2019-12-22",14,0,"2019-12-22T21:00:00-00:00","2019-12-22T22:00:00-00:00","ZP26","Solar","Renewable Forecast Actual Generation","RENEW_FCST_ACT_MW",3,3,233.3885,"ACTUAL",5
"111","2019-12-22",15,0,"2019-12-22T22:00:00-00:00","2019-12-22T23:00:00-00:00","ZP26","Solar","Renewable Forecast Actual Generation","RENEW_FCST_ACT_MW",3,3,184.34594,"ACTUAL",5
"112","2019-12-22",16,0,"2019-12-22T23:00:00-00:00","2019-12-23T00:00:00-00:00","ZP26","Solar","Renewable Forecast Actual Generation","RENEW_FCST_ACT_MW",3,3,109.5043,"ACTUAL",5
"113","2019-12-22",17,0,"2019-12-23T00:00:00-00:00","2019-12-23T01:00:00-00:00","ZP26","Solar","Renewable Forecast Actual Generation","RENEW_FCST_ACT_MW",3,3,11.75123,"ACTUAL",5
"114","2019-12-22",18,0,"2019-12-23T01:00:00-00:00","2019-12-23T02:00:00-00:00","ZP26","Solar","Renewable Forecast Actual Generation","RENEW_FCST_ACT_MW",3,3,-5.84542,"ACTUAL",5
"115","2019-12-22",19,0,"2019-12-23T02:00:00-00:00","2019-12-23T03:00:00-00:00","ZP26","Solar","Renewable Forecast Actual Generation","RENEW_FCST_ACT_MW",3,3,-5.70638,"ACTUAL",5
"116","2019-12-22",20,0,"2019-12-23T03:00:00-00:00","2019-12-23T04:00:00-00:00","ZP26","Solar","Renewable Forecast Actual Generation","RENEW_FCST_ACT_MW",3,3,-5.70424,"ACTUAL",5
"117","2019-12-22",21,0,"2019-12-23T04:00:00-00:00","2019-12-23T05:00:00-00:00","ZP26","Solar","Renewable Forecast Actual Generation","RENEW_FCST_ACT_MW",3,3,-5.70373,"ACTUAL",5
"118","2019-12-22",22,0,"2019-12-23T05:00:00-00:00","2019-12-23T06:00:00-00:00","ZP26","Solar","Renewable Forecast Actual Generation","RENEW_FCST_ACT_MW",3,3,-5.71204,"ACTUAL",5
"119","2019-12-22",23,0,"2019-12-23T06:00:00-00:00","2019-12-23T07:00:00-00:00","ZP26","Solar","Renewable Forecast Actual Generation","RENEW_FCST_ACT_MW",3,3,-5.74189,"ACTUAL",5
"120","2019-12-22",2,0,"2019-12-22T09:00:00-00:00","2019-12-22T10:00:00-00:00","ZP26","Solar","Renewable Forecast Actual Generation","RENEW_FCST_ACT_MW",3,3,-5.72286,"ACTUAL",5
