"","OPR_DT","OPR_HR","OPR_INTERVAL","INTERVALSTARTTIME_GMT","INTERVALENDTIME_GMT","TRADING_HUB","RENEWABLE_TYPE","LABEL","XML_DATA_ITEM","MARKET_RUN_ID_POS","RENEW_POS","MW","MARKET_RUN_ID","GROUP"
"1","2019-03-18",2,0,"2019-03-18T08:00:00-00:00","2019-03-18T09:00:00-00:00","NP15","Solar","Renewable Forecast Actual Generation","RENEW_FCST_ACT_MW",3,3,-3.37114,"ACTUAL",1
"2","2019-03-18",3,0,"2019-03-18T09:00:00-00:00","2019-03-18T10:00:00-00:00","NP15","Solar","Renewable Forecast Actual Generation","RENEW_FCST_ACT_MW",3,3,-3.39022,"ACTUAL",1
"3","2019-03-18",4,0,"2019-03-18T10:00:00-00:00","2019-03-18T11:00:00-00:00","NP15","Solar","Renewable Forecast Actual Generation","RENEW_FCST_ACT_MW",3,3,-3.39186,"ACTUAL",1
"4","2019-03-18",5,0,"2019-03-18T11:00:00-00:00","2019-03-18T12:00:00-00:00","NP15","Solar","Renewable Forecast Actual Generation","RENEW_FCST_ACT_MW",3,3,-3.40544,"ACTUAL",1
"5","2019-03-18",6,0,"2019-03-18T12:00:00-00:00","2019-03-18T13:00:00-00:00","NP15","Solar","Renewable Forecast Actual Generation","RENEW_FCST_ACT_MW",3,3,-3.39652,"ACTUAL",1
"6","2019-03-18",7,0,"2019-03-18T13:00:00-00:00","2019-03-18T14:00:00-00:00","NP15","Solar","Renewable Forecast Actual Generation","RENEW_FCST_ACT_MW",3,3,-3.42207,"ACTUAL",1
"7","2019-03-18",8,0,"2019-03-18T14:00:00-00:00","2019-03-18T15:00:00-00:00","NP15","Solar","Renewable Forecast Actual Generation","RENEW_FCST_ACT_MW",3,3,85.74369,"ACTUAL",1
"8","2019-03-18",9,0,"2019-03-18T15:00:00-00:00","2019-03-18T16:00:00-00:00","NP15","Solar","Renewable Forecast Actual Generation","RENEW_FCST_ACT_MW",3,3,617.9396,"ACTUAL",1
"9","2019-03-18",10,0,"2019-03-18T16:00:00-00:00","2019-03-18T17:00:00-00:00","NP15","Solar","Renewable Forecast Actual Generation","RENEW_FCST_ACT_MW",3,3,1141.03098,"ACTUAL",1
"10","2019-03-18",11,0,"2019-03-18T17:00:00-00:00","2019-03-18T18:00:00-00:00","NP15","Solar","Renewable Forecast Actual Generation","RENEW_FCST_ACT_MW",3,3,1356.58374,"ACTUAL",1
"11","2019-03-18",12,0,"2019-03-18T18:00:00-00:00","2019-03-18T19:00:00-00:00","NP15","Solar","Renewable Forecast Actual Generation","RENEW_FCST_ACT_MW",3,3,1366.21171,"ACTUAL",1
"12","2019-03-18",13,0,"2019-03-18T19:00:00-00:00","2019-03-18T20:00:00-00:00","NP15","Solar","Renewable Forecast Actual Generation","RENEW_FCST_ACT_MW",3,3,1353.9557,"ACTUAL",1
"13","2019-03-18",14,0,"2019-03-18T20:00:00-00:00","2019-03-18T21:00:00-00:00","NP15","Solar","Renewable Forecast Actual Generation","RENEW_FCST_ACT_MW",3,3,1349.47444,"ACTUAL",1
"14","2019-03-18",15,0,"2019-03-18T21:00:00-00:00","2019-03-18T22:00:00-00:00","NP15","Solar","Renewable Forecast Actual Generation","RENEW_FCST_ACT_MW",3,3,1360.1765,"ACTUAL",1
"15","2019-03-18",16,0,"2019-03-18T22:00:00-00:00","2019-03-18T23:00:00-00:00","NP15","Solar","Renewable Forecast Actual Generation","RENEW_FCST_ACT_MW",3,3,1361.20821,"ACTUAL",1
"16","2019-03-18",17,0,"2019-03-18T23:00:00-00:00","2019-03-19T00:00:00-00:00","NP15","Solar","Renewable Forecast Actual Generation","RENEW_FCST_ACT_MW",3,3,1300.53684,"ACTUAL",1
"17","2019-03-18",18,0,"2019-03-19T00:00:00-00:00","2019-03-19T01:00:00-00:00","NP15","Solar","Renewable Forecast Actual Generation","RENEW_FCST_ACT_MW",3,3,999.13706,"ACTUAL",1
"18","2019-03-18",19,0,"2019-03-19T01:00:00-00:00","2019-03-19T02:00:00-00:00","NP15","Solar","Renewable Forecast Actual Generation","RENEW_FCST_ACT_MW",3,3,211.9446,"ACTUAL",1
"19","2019-03-18",20,0,"2019-03-19T02:00:00-00:00","2019-03-19T03:00:00-00:00","NP15","Solar","Renewable Forecast Actual Generation","RENEW_FCST_ACT_MW",3,3,-1.60805,"ACTUAL",1
"20","2019-03-18",21,0,"2019-03-19T03:00:00-00:00","2019-03-19T04:00:00-00:00","NP15","Solar","Renewable Forecast Actual Generation","RENEW_FCST_ACT_MW",3,3,-2.84797,"ACTUAL",1
"21","2019-03-18",22,0,"2019-03-19T04:00:00-00:00","2019-03-19T05:00:00-00:00","NP15","Solar","Renewable Forecast Actual Generation","RENEW_FCST_ACT_MW",3,3,-2.84069,"ACTUAL",1
"22","2019-03-18",23,0,"2019-03-19T05:00:00-00:00","2019-03-19T06:00:00-00:00","NP15","Solar","Renewable Forecast Actual Generation","RENEW_FCST_ACT_MW",3,3,-2.82828,"ACTUAL",1
"23","2019-03-18",24,0,"2019-03-19T06:00:00-00:00","2019-03-19T07:00:00-00:00","NP15","Solar","Renewable Forecast Actual Generation","RENEW_FCST_ACT_MW",3,3,-2.83071,"ACTUAL",1
"24","2019-03-18",18,0,"2019-03-19T00:00:00-00:00","2019-03-19T01:00:00-00:00","NP15","Wind","Renewable Forecast Actual Generation","RENEW_FCST_ACT_MW",3,1,-0.85929,"ACTUAL",2
"25","2019-03-18",6,0,"2019-03-18T12:00:00-00:00","2019-03-18T13:00:00-00:00","NP15","Wind","Renewable Forecast Actual Generation","RENEW_FCST_ACT_MW",3,1,31.85178,"ACTUAL",2
"26","2019-03-18",17,0,"2019-03-18T23:00:00-00:00","2019-03-19T00:00:00-00:00","NP15","Wind","Renewable Forecast Actual Generation","RENEW_FCST_ACT_MW",3,1,4.19948,"ACTUAL",2
"27","2019-03-18",16,0,"2019-03-18T22:00:00-00:00","2019-03-18T23:00:00-00:00","NP15","Wind","Renewable Forecast Actual Generation","RENEW_FCST_ACT_MW",3,1,6.44349,"ACTUAL",2
"28","2019-03-18",15,0,"2019-03-18T21:00:00-00:00","2019-03-18T22:00:00-00:00","NP15","Wind","Renewable Forecast Actual Generation","RENEW_FCST_ACT_MW",3,1,0.44503,"ACTUAL",2
"29","2019-03-18",14,0,"2019-03-18T20:00:00-00:00","2019-03-18T21:00:00-00:00","NP15","Wind","Renewable Forecast Actual Generation","RENEW_FCST_ACT_MW",3,1,-0.15234,"ACTUAL",2
"30","2019-03-18",13,0,"2019-03-18T19:00:00-00:00","2019-03-18T20:00:00-00:00","NP15","Wind","Renewable Forecast Actual Generation","RENEW_FCST_ACT_MW",3,1,12.96155,"ACTUAL",2
"31","2019-03-18",12,0,"2019-03-18T18:00:00-00:00","2019-03-18T19:00:00-00:00","NP15","Wind","Renewable Forecast Actual Generation","RENEW_FCST_ACT_MW",3,1,26.03142,"ACTUAL",2
"32","2019-03-18",11,0,"2019-03-18T17:00:00-00:00","2019-03-18T18:00:00-00:00","NP15","Wind","Renewable Forecast Actual Generation","RENEW_FCST_ACT_MW",3,1,17.29689,"ACTUAL",2
"33","2019-03-18",10,0,"2019-03-18T16:00:00-00:00","2019-03-18T17:00:00-00:00","NP15","Wind","Renewable Forecast Actual Generation","RENEW_FCST_ACT_MW",3,1,39.04976,"ACTUAL",2
"34","2019-03-18",9,0,"2019-03-18T15:00:00-00:00","2019-03-18T16:00:00-00:00","NP15","Wind","Renewable Forecast Actual Generation","RENEW_FCST_ACT_MW",3,1,118.57877,"ACTUAL",2
"35","2019-03-18",8,0,"2019-03-18T14:00:00-00:00","2019-03-18T15:00:00-00:00","NP15","Wind","Renewable Forecast Actual Generation","RENEW_FCST_ACT_MW",3,1,87.70887,"ACTUAL",2
"36","2019-03-18",7,0,"2019-03-18T13:00:00-00:00","2019-03-18T14:00:00-00:00","NP15","Wind","Renewable Forecast Actual Generation","RENEW_FCST_ACT_MW",3,1,58.17581,"ACTUAL",2
"37","2019-03-18",5,0,"2019-03-18T11:00:00-00:00","2019-03-18T12:00:00-00:00","NP15","Wind","Renewable Forecast Actual Generation","RENEW_FCST_ACT_MW",3,1,6.23307,"ACTUAL",2
"38","2019-03-18",4,0,"2019-03-18T10:00:00-00:00","2019-03-18T11:00:00-00:00","NP15","Wind","Renewable Forecast Actual Generation","RENEW_FCST_ACT_MW",3,1,5.8904,"ACTUAL",2
"39","2019-03-18",3,0,"2019-03-18T09:00:00-00:00","2019-03-18T10:00:00-00:00","NP15","Wind","Renewable Forecast Actual Generation","RENEW_FCST_ACT_MW",3,1,10.07992,"ACTUAL",2
"40","2019-03-18",2,0,"2019-03-18T08:00:00-00:00","2019-03-18T09:00:00-00:00","NP15","Wind","Renewable Forecast Actual Generation","RENEW_FCST_ACT_MW",3,1,5.30195,"ACTUAL",2
"41","2019-03-18",24,0,"2019-03-19T06:00:00-00:00","2019-03-19T07:00:00-00:00","NP15","Wind","Renewable Forecast Actual Generation","RENEW_FCST_ACT_MW",3,1,124.01649,"ACTUAL",2
"42","2019-03-18",23,0,"2019-03-19T05:00:00-00:00","2019-03-19T06:00:00-00:00","NP15","Wind","Renewable Forecast Actual Generation","RENEW_FCST_ACT_MW",3,1,38.37633,"ACTUAL",2
"43","2019-03-18",22,0,"2019-03-19T04:00:00-00:00","2019-03-19T05:00:00-00:00","NP15","Wind","Renewable Forecast Actual Generation","RENEW_FCST_ACT_MW",3,1,7.03558,"ACTUAL",2
"44","2019-03-18",21,0,"2019-03-19T03:00:00-00:00","2019-03-19T04:00:00-00:00","NP15","Wind","Renewable Forecast Actual Generation","RENEW_FCST_ACT_MW",3,1,-3.84772,"ACTUAL",2
"45","2019-03-18",20,0,"2019-03-19T02:00:00-00:00","2019-03-19T03:00:00-00:00","NP15","Wind","Renewable Forecast Actual Generation","RENEW_FCST_ACT_MW",3,1,0.78688,"ACTUAL",2
"46","2019-03-18",19,0,"2019-03-19T01:00:00-00:00","2019-03-19T02:00:00-00:00","NP15","Wind","Renewable Forecast Actual Generation","RENEW_FCST_ACT_MW",3,1,6.61851,"ACTUAL",2
"47","2019-03-18",6,0,"2019-03-18T12:00:00-00:00","2019-03-18T13:00:00-00:00","SP15","Solar","Renewable Forecast Actual Generation","RENEW_FCST_ACT_MW",3,3,-13.00678,"ACTUAL",3
"48","2019-03-18",18,0,"2019-03-19T00:00:00-00:00","2019-03-19T01:00:00-00:00","SP15","Solar","Renewable Forecast Actual Generation","RENEW_FCST_ACT_MW",3,3,3566.62205,"ACTUAL",3
"49","2019-03-18",5,0,"2019-03-18T11:00:00-00:00","2019-03-18T12:00:00-00:00","SP15","Solar","Renewable Forecast Actual Generation","RENEW_FCST_ACT_MW",3,3,-12.37646,"ACTUAL",3
"50","2019-03-18",11,0,"2019-03-18T17:00:00-00:00","2019-03-18T18:00:00-00:00","SP15","Solar","Renewable Forecast Actual Generation","RENEW_FCST_ACT_MW",3,3,7026.91567,"ACTUAL",3
"51","2019-03-18",4,0,"2019-03-18T10:00:00-00:00","2019-03-18T11:00:00-00:00","SP15","Solar","Renewable Forecast Actual Generation","RENEW_FCST_ACT_MW",3,3,-11.28501,"ACTUAL",3
"52","2019-03-18",15,0,"2019-03-18T21:00:00-00:00","2019-03-18T22:00:00-00:00","SP15","Solar","Renewable Forecast Actual Generation","RENEW_FCST_ACT_MW",3,3,7028.02462,"ACTUAL",3
"53","2019-03-18",3,0,"2019-03-18T09:00:00-00:00","2019-03-18T10:00:00-00:00","SP15","Solar","Renewable Forecast Actual Generation","RENEW_FCST_ACT_MW",3,3,-9.80197,"ACTUAL",3
"54","2019-03-18",10,0,"2019-03-18T16:00:00-00:00","2019-03-18T17:00:00-00:00","SP15","Solar","Renewable Forecast Actual Generation","RENEW_FCST_ACT_MW",3,3,6392.71921,"ACTUAL",3
"55","2019-03-18",2,0,"2019-03-18T08:00:00-00:00","2019-03-18T09:00:00-00:00","SP15","Solar","Renewable Forecast Actual Generation","RENEW_FCST_ACT_MW",3,3,-7.52953,"ACTUAL",3
"56","2019-03-18",13,0,"2019-03-18T19:00:00-00:00","2019-03-18T20:00:00-00:00","SP15","Solar","Renewable Forecast Actual Generation","RENEW_FCST_ACT_MW",3,3,7206.24274,"ACTUAL",3
"57","2019-03-18",24,0,"2019-03-19T06:00:00-00:00","2019-03-19T07:00:00-00:00","SP15","Solar","Renewable Forecast Actual Generation","RENEW_FCST_ACT_MW",3,3,-9.39869,"ACTUAL",3
"58","2019-03-18",9,0,"2019-03-18T15:00:00-00:00","2019-03-18T16:00:00-00:00","SP15","Solar","Renewable Forecast Actual Generation","RENEW_FCST_ACT_MW",3,3,4317.36466,"ACTUAL",3
"59","2019-03-18",23,0,"2019-03-19T05:00:00-00:00","2019-03-19T06:00:00-00:00","SP15","Solar","Renewable Forecast Actual Generation","RENEW_FCST_ACT_MW",3,3,-9.25969,"ACTUAL",3
"60","2019-03-18",16,0,"2019-03-18T22:00:00-00:00","2019-03-18T23:00:00-00:00","SP15","Solar","Renewable Forecast Actual Generation","RENEW_FCST_ACT_MW",3,3,6432.97115,"ACTUAL",3
"61","2019-03-18",22,0,"2019-03-19T04:00:00-00:00","2019-03-19T05:00:00-00:00","SP15","Solar","Renewable Forecast Actual Generation","RENEW_FCST_ACT_MW",3,3,-9.99296,"ACTUAL",3
"62","2019-03-18",8,0,"2019-03-18T14:00:00-00:00","2019-03-18T15:00:00-00:00","SP15","Solar","Renewable Forecast Actual Generation","RENEW_FCST_ACT_MW",3,3,1013.29949,"ACTUAL",3
"63","2019-03-18",21,0,"2019-03-19T03:00:00-00:00","2019-03-19T04:00:00-00:00","SP15","Solar","Renewable Forecast Actual Generation","RENEW_FCST_ACT_MW",3,3,-10.46153,"ACTUAL",3
"64","2019-03-18",12,0,"2019-03-18T18:00:00-00:00","2019-03-18T19:00:00-00:00","SP15","Solar","Renewable Forecast Actual Generation","RENEW_FCST_ACT_MW",3,3,7205.85996,"ACTUAL",3
"65","2019-03-18",20,0,"2019-03-19T02:00:00-00:00","2019-03-19T03:00:00-00:00","SP15","Solar","Renewable Forecast Actual Generation","RENEW_FCST_ACT_MW",3,3,49.93807,"ACTUAL",3
"66","2019-03-18",7,0,"2019-03-18T13:00:00-00:00","2019-03-18T14:00:00-00:00","SP15","Solar","Renewable Forecast Actual Generation","RENEW_FCST_ACT_MW",3,3,-9.77119,"ACTUAL",3
"67","2019-03-18",19,0,"2019-03-19T01:00:00-00:00","2019-03-19T02:00:00-00:00","SP15","Solar","Renewable Forecast Actual Generation","RENEW_FCST_ACT_MW",3,3,760.35746,"ACTUAL",3
"68","2019-03-18",14,0,"2019-03-18T20:00:00-00:00","2019-03-18T21:00:00-00:00","SP15","Solar","Renewable Forecast Actual Generation","RENEW_FCST_ACT_MW",3,3,7226.50196,"ACTUAL",3
"69","2019-03-18",17,0,"2019-03-18T23:00:00-00:00","2019-03-19T00:00:00-00:00","SP15","Solar","Renewable Forecast Actual Generation","RENEW_FCST_ACT_MW",3,3,5720.97031,"ACTUAL",3
"70","2019-03-18",18,0,"2019-03-19T00:00:00-00:00","2019-03-19T01:00:00-00:00","SP15","Wind","Renewable Forecast Actual Generation","RENEW_FCST_ACT_MW",3,1,122.43446,"ACTUAL",4
"71","2019-03-18",19,0,"2019-03-19T01:00:00-00:00","2019-03-19T02:00:00-00:00","SP15","Wind","Renewable Forecast Actual Generation","RENEW_FCST_ACT_MW",3,1,215.80807,"ACTUAL",4
"72","2019-03-18",20,0,"2019-03-19T02:00:00-00:00","2019-03-19T03:00:00-00:00","SP15","Wind","Renewable Forecast Actual Generation","RENEW_FCST_ACT_MW",3,1,293.02276,"ACTUAL",4
"73","2019-03-18",21,0,"2019-03-19T03:00:00-00:00","2019-03-19T04:00:00-00:00","SP15","Wind","Renewable Forecast Actual Generation","RENEW_FCST_ACT_MW",3,1,235.41055,"ACTUAL",4
"74","2019-03-18",22,0,"2019-03-19T04:00:00-00:00","2019-03-19T05:00:00-00:00","SP15","Wind","Renewable Forecast Actual Generation","RENEW_FCST_ACT_MW",3,1,166.25781,"ACTUAL",4
"75","2019-03-18",23,0,"2019-03-19T05:00:00-00:00","2019-03-19T06:00:00-00:00","SP15","Wind","Renewable Forecast Actual Generation","RENEW_FCST_ACT_MW",3,1,125.62397,"ACTUAL",4
"76","2019-03-18",24,0,"2019-03-19T06:00:00-00:00","2019-03-19T07:00:00-00:00","SP15","Wind","Renewable Forecast Actual Generation","RENEW_FCST_ACT_MW",3,1,125.5055,"ACTUAL",4
"77","2019-03-18",2,0,"2019-03-18T08:00:00-00:00","2019-03-18T09:00:00-00:00","SP15","Wind","Renewable Forecast Actual Generation","RENEW_FCST_ACT_MW",3,1,95.71238,"ACTUAL",4
"78","2019-03-18",3,0,"2019-03-18T09:00:00-00:00","2019-03-18T10:00:00-00:00","SP15","Wind","Renewable Forecast Actual Generation","RENEW_FCST_ACT_MW",3,1,84.72584,"ACTUAL",4
"79","2019-03-18",4,0,"2019-03-18T10:00:00-00:00","2019-03-18T11:00:00-00:00","SP15","Wind","Renewable Forecast Actual Generation","RENEW_FCST_ACT_MW",3,1,92.85026,"ACTUAL",4
"80","2019-03-18",5,0,"2019-03-18T11:00:00-00:00","2019-03-18T12:00:00-00:00","SP15","Wind","Renewable Forecast Actual Generation","RENEW_FCST_ACT_MW",3,1,81.1512,"ACTUAL",4
"81","2019-03-18",6,0,"2019-03-18T12:00:00-00:00","2019-03-18T13:00:00-00:00","SP15","Wind","Renewable Forecast Actual Generation","RENEW_FCST_ACT_MW",3,1,86.42245,"ACTUAL",4
"82","2019-03-18",7,0,"2019-03-18T13:00:00-00:00","2019-03-18T14:00:00-00:00","SP15","Wind","Renewable Forecast Actual Generation","RENEW_FCST_ACT_MW",3,1,85.90854,"ACTUAL",4
"83","2019-03-18",8,0,"2019-03-18T14:00:00-00:00","2019-03-18T15:00:00-00:00","SP15","Wind","Renewable Forecast Actual Generation","RENEW_FCST_ACT_MW",3,1,80.66306,"ACTUAL",4
"84","2019-03-18",9,0,"2019-03-18T15:00:00-00:00","2019-03-18T16:00:00-00:00","SP15","Wind","Renewable Forecast Actual Generation","RENEW_FCST_ACT_MW",3,1,70.94331,"ACTUAL",4
"85","2019-03-18",10,0,"2019-03-18T16:00:00-00:00","2019-03-18T17:00:00-00:00","SP15","Wind","Renewable Forecast Actual Generation","RENEW_FCST_ACT_MW",3,1,73.23062,"ACTUAL",4
"86","2019-03-18",11,0,"2019-03-18T17:00:00-00:00","2019-03-18T18:00:00-00:00","SP15","Wind","Renewable Forecast Actual Generation","RENEW_FCST_ACT_MW",3,1,97.6542,"ACTUAL",4
"87","2019-03-18",12,0,"2019-03-18T18:00:00-00:00","2019-03-18T19:00:00-00:00","SP15","Wind","Renewable Forecast Actual Generation","RENEW_FCST_ACT_MW",3,1,165.7174,"ACTUAL",4
"88","2019-03-18",13,0,"2019-03-18T19:00:00-00:00","2019-03-18T20:00:00-00:00","SP15","Wind","Renewable Forecast Actual Generation","RENEW_FCST_ACT_MW",3,1,170.22817,"ACTUAL",4
"89","2019-03-18",14,0,"2019-03-18T20:00:00-00:00","2019-03-18T21:00:00-00:00","SP15","Wind","Renewable Forecast Actual Generation","RENEW_FCST_ACT_MW",3,1,183.41046,"ACTUAL",4
"90","2019-03-18",15,0,"2019-03-18T21:00:00-00:00","2019-03-18T22:00:00-00:00","SP15","Wind","Renewable Forecast Actual Generation","RENEW_FCST_ACT_MW",3,1,159.49236,"ACTUAL",4
"91","2019-03-18",16,0,"2019-03-18T22:00:00-00:00","2019-03-18T23:00:00-00:00","SP15","Wind","Renewable Forecast Actual Generation","RENEW_FCST_ACT_MW",3,1,119.13383,"ACTUAL",4
"92","2019-03-18",17,0,"2019-03-18T23:00:00-00:00","2019-03-19T00:00:00-00:00","SP15","Wind","Renewable Forecast Actual Generation","RENEW_FCST_ACT_MW",3,1,95.97843,"ACTUAL",4
"93","2019-03-18",18,0,"2019-03-19T00:00:00-00:00","2019-03-19T01:00:00-00:00","ZP26","Solar","Renewable Forecast Actual Generation","RENEW_FCST_ACT_MW",3,3,826.95894,"ACTUAL",5
"94","2019-03-18",17,0,"2019-03-18T23:00:00-00:00","2019-03-19T00:00:00-00:00","ZP26","Solar","Renewable Forecast Actual Generation","RENEW_FCST_ACT_MW",3,3,1068.16867,"ACTUAL",5
"95","2019-03-18",20,0,"2019-03-19T02:00:00-00:00","2019-03-19T03:00:00-00:00","ZP26","Solar","Renewable Forecast Actual Generation","RENEW_FCST_ACT_MW",3,3,-2.2698,"ACTUAL",5
"96","2019-03-18",21,0,"2019-03-19T03:00:00-00:00","2019-03-19T04:00:00-00:00","ZP26","Solar","Renewable Forecast Actual Generation","RENEW_FCST_ACT_MW",3,3,-3.57678,"ACTUAL",5
"97","2019-03-18",22,0,"2019-03-19T04:00:00-00:00","2019-03-19T05:00:00-00:00","ZP26","Solar","Renewable Forecast Actual Generation","RENEW_FCST_ACT_MW",3,3,-3.55336,"ACTUAL",5
"98","2019-03-18",23,0,"2019-03-19T05:00:00-00:00","2019-03-19T06:00:00-00:00","ZP26","Solar","Renewable Forecast Actual Generation","RENEW_FCST_ACT_MW",3,3,-3.56004,"ACTUAL",5
"99","2019-03-18",24,0,"2019-03-19T06:00:00-00:00","2019-03-19T07:00:00-00:00","ZP26","Solar","Renewable Forecast Actual Generation","RENEW_FCST_ACT_MW",3,3,-3.56181,"ACTUAL",5
"100","2019-03-18",2,0,"2019-03-18T08:00:00-00:00","2019-03-18T09:00:00-00:00","ZP26","Solar","Renewable Forecast Actual Generation","RENEW_FCST_ACT_MW",3,3,-2.45037,"ACTUAL",5
"101","2019-03-18",3,0,"2019-03-18T09:00:00-00:00","2019-03-18T10:00:00-00:00","ZP26","Solar","Renewable Forecast Actual Generation","RENEW_FCST_ACT_MW",3,3,-2.43836,"ACTUAL",5
"102","2019-03-18",4,0,"2019-03-18T10:00:00-00:00","2019-03-18T11:00:00-00:00","ZP26","Solar","Renewable Forecast Actual Generation","RENEW_FCST_ACT_MW",3,3,-2.43927,"ACTUAL",5
"103","2019-03-18",5,0,"2019-03-18T11:00:00-00:00","2019-03-18T12:00:00-00:00","ZP26","Solar","Renewable Forecast Actual Generation","RENEW_FCST_ACT_MW",3,3,-2.71188,"ACTUAL",5
"104","2019-03-18",6,0,"2019-03-18T12:00:00-00:00","2019-03-18T13:00:00-00:00","ZP26","Solar","Renewable Forecast Actual Generation","RENEW_FCST_ACT_MW",3,3,-2.70734,"ACTUAL",5
"105","2019-03-18",7,0,"2019-03-18T13:00:00-00:00","2019-03-18T14:00:00-00:00","ZP26","Solar","Renewable Forecast Actual Generation","RENEW_FCST_ACT_MW",3,3,-2.74072,"ACTUAL",5
"106","2019-03-18",8,0,"2019-03-18T14:00:00-00:00","2019-03-18T15:00:00-00:00","ZP26","Solar","Renewable Forecast Actual Generation","RENEW_FCST_ACT_MW",3,3,120.63021,"ACTUAL",5
"107","2019-03-18",9,0,"2019-03-18T15:00:00-00:00","2019-03-18T16:00:00-00:00","ZP26","Solar","Renewable Forecast Actual Generation","RENEW_FCST_ACT_MW",3,3,763.01905,"ACTUAL",5
"108","2019-03-18",10,0,"2019-03-18T16:00:00-00:00","2019-03-18T17:00:00-00:00","ZP26","Solar","Renewable Forecast Actual Generation","RENEW_FCST_ACT_MW",3,3,1250.66534,"ACTUAL",5
"109","2019-03-18",11,0,"2019-03-18T17:00:00-00:00","2019-03-18T18:00:00-00:00","ZP26","Solar","Renewable Forecast Actual Generation","RENEW_FCST_ACT_MW",3,3,1434.68457,"ACTUAL",5
"110","2019-03-18",12,0,"2019-03-18T18:00:00-00:00","2019-03-18T19:00:00-00:00","ZP26","Solar","Renewable Forecast Actual Generation","RENEW_FCST_ACT_MW",3,3,1502.17728,"ACTUAL",5
"111","2019-03-18",13,0,"2019-03-18T19:00:00-00:00","2019-03-18T20:00:00-00:00","ZP26","Solar","Renewable Forecast Actual Generation","RENEW_FCST_ACT_MW",3,3,1497.50236,"ACTUAL",5
"112","2019-03-18",14,0,"2019-03-18T20:00:00-00:00","2019-03-18T21:00:00-00:00","ZP26","Solar","Renewable Forecast Actual Generation","RENEW_FCST_ACT_MW",3,3,1475.01589,"ACTUAL",5
"113","2019-03-18",15,0,"2019-03-18T21:00:00-00:00","2019-03-18T22:00:00-00:00","ZP26","Solar","Renewable Forecast Actual Generation","RENEW_FCST_ACT_MW",3,3,1337.49631,"ACTUAL",5
"114","2019-03-18",16,0,"2019-03-18T22:00:00-00:00","2019-03-18T23:00:00-00:00","ZP26","Solar","Renewable Forecast Actual Generation","RENEW_FCST_ACT_MW",3,3,1072.50234,"ACTUAL",5
"115","2019-03-18",19,0,"2019-03-19T01:00:00-00:00","2019-03-19T02:00:00-00:00","ZP26","Solar","Renewable Forecast Actual Generation","RENEW_FCST_ACT_MW",3,3,194.33687,"ACTUAL",5
"116","2019-03-19",1,0,"2019-03-19T07:00:00-00:00","2019-03-19T08:00:00-00:00","NP15","Solar","Renewable Forecast Actual Generation","RENEW_FCST_ACT_MW",3,3,-2.81489,"ACTUAL",6
"117","2019-03-19",1,0,"2019-03-19T07:00:00-00:00","2019-03-19T08:00:00-00:00","NP15","Wind","Renewable Forecast Actual Generation","RENEW_FCST_ACT_MW",3,1,319.10322,"ACTUAL",7
"118","2019-03-19",1,0,"2019-03-19T07:00:00-00:00","2019-03-19T08:00:00-00:00","SP15","Solar","Renewable Forecast Actual Generation","RENEW_FCST_ACT_MW",3,3,-9.80777,"ACTUAL",8
"119","2019-03-19",1,0,"2019-03-19T07:00:00-00:00","2019-03-19T08:00:00-00:00","SP15","Wind","Renewable Forecast Actual Generation","RENEW_FCST_ACT_MW",3,1,115.84997,"ACTUAL",9
"120","2019-03-19",1,0,"2019-03-19T07:00:00-00:00","2019-03-19T08:00:00-00:00","ZP26","Solar","Renewable Forecast Actual Generation","RENEW_FCST_ACT_MW",3,3,-3.56943,"ACTUAL",10
