"","OPR_DT","OPR_HR","OPR_INTERVAL","INTERVALSTARTTIME_GMT","INTERVALENDTIME_GMT","TRADING_HUB","RENEWABLE_TYPE","LABEL","XML_DATA_ITEM","MARKET_RUN_ID_POS","RENEW_POS","MW","MARKET_RUN_ID","GROUP"
"1","2019-11-29",1,0,"2019-11-29T08:00:00-00:00","2019-11-29T09:00:00-00:00","NP15","Solar","Renewable Forecast Actual Generation","RENEW_FCST_ACT_MW",3,3,-3.67049,"ACTUAL",1
"2","2019-11-29",2,0,"2019-11-29T09:00:00-00:00","2019-11-29T10:00:00-00:00","NP15","Solar","Renewable Forecast Actual Generation","RENEW_FCST_ACT_MW",3,3,-3.67722,"ACTUAL",1
"3","2019-11-29",3,0,"2019-11-29T10:00:00-00:00","2019-11-29T11:00:00-00:00","NP15","Solar","Renewable Forecast Actual Generation","RENEW_FCST_ACT_MW",3,3,-3.69501,"ACTUAL",1
"4","2019-11-29",4,0,"2019-11-29T11:00:00-00:00","2019-11-29T12:00:00-00:00","NP15","Solar","Renewable Forecast Actual Generation","RENEW_FCST_ACT_MW",3,3,-3.72249,"ACTUAL",1
"5","2019-11-29",5,0,"2019-11-29T12:00:00-00:00","2019-11-29T13:00:00-00:00","NP15","Solar","Renewable Forecast Actual Generation","RENEW_FCST_ACT_MW",3,3,-3.68001,"ACTUAL",1
"6","2019-11-29",6,0,"2019-11-29T13:00:00-00:00","2019-11-29T14:00:00-00:00","NP15","Solar","Renewable Forecast Actual Generation","RENEW_FCST_ACT_MW",3,3,-3.6491,"ACTUAL",1
"7","2019-11-29",7,0,"2019-11-29T14:00:00-00:00","2019-11-29T15:00:00-00:00","NP15","Solar","Renewable Forecast Actual Generation","RENEW_FCST_ACT_MW",3,3,-2.82891,"ACTUAL",1
"8","2019-11-29",8,0,"2019-11-29T15:00:00-00:00","2019-11-29T16:00:00-00:00","NP15","Solar","Renewable Forecast Actual Generation","RENEW_FCST_ACT_MW",3,3,147.18107,"ACTUAL",1
"9","2019-11-29",9,0,"2019-11-29T16:00:00-00:00","2019-11-29T17:00:00-00:00","NP15","Solar","Renewable Forecast Actual Generation","RENEW_FCST_ACT_MW",3,3,779.42631,"ACTUAL",1
"10","2019-11-29",10,0,"2019-11-29T17:00:00-00:00","2019-11-29T18:00:00-00:00","NP15","Solar","Renewable Forecast Actual Generation","RENEW_FCST_ACT_MW",3,3,989.63747,"ACTUAL",1
"11","2019-11-29",11,0,"2019-11-29T18:00:00-00:00","2019-11-29T19:00:00-00:00","NP15","Solar","Renewable Forecast Actual Generation","RENEW_FCST_ACT_MW",3,3,964.14238,"ACTUAL",1
"12","2019-11-29",12,0,"2019-11-29T19:00:00-00:00","2019-11-29T20:00:00-00:00","NP15","Solar","Renewable Forecast Actual Generation","RENEW_FCST_ACT_MW",3,3,843.5006,"ACTUAL",1
"13","2019-11-29",13,0,"2019-11-29T20:00:00-00:00","2019-11-29T21:00:00-00:00","NP15","Solar","Renewable Forecast Actual Generation","RENEW_FCST_ACT_MW",3,3,917.35391,"ACTUAL",1
"14","2019-11-29",14,0,"2019-11-29T21:00:00-00:00","2019-11-29T22:00:00-00:00","NP15","Solar","Renewable Forecast Actual Generation","RENEW_FCST_ACT_MW",3,3,885.96518,"ACTUAL",1
"15","2019-11-29",15,0,"2019-11-29T22:00:00-00:00","2019-11-29T23:00:00-00:00","NP15","Solar","Renewable Forecast Actual Generation","RENEW_FCST_ACT_MW",3,3,589.13918,"ACTUAL",1
"16","2019-11-29",16,0,"2019-11-29T23:00:00-00:00","2019-11-30T00:00:00-00:00","NP15","Solar","Renewable Forecast Actual Generation","RENEW_FCST_ACT_MW",3,3,349.23555,"ACTUAL",1
"17","2019-11-29",17,0,"2019-11-30T00:00:00-00:00","2019-11-30T01:00:00-00:00","NP15","Solar","Renewable Forecast Actual Generation","RENEW_FCST_ACT_MW",3,3,24.09137,"ACTUAL",1
"18","2019-11-29",18,0,"2019-11-30T01:00:00-00:00","2019-11-30T02:00:00-00:00","NP15","Solar","Renewable Forecast Actual Generation","RENEW_FCST_ACT_MW",3,3,-3.68319,"ACTUAL",1
"19","2019-11-29",19,0,"2019-11-30T02:00:00-00:00","2019-11-30T03:00:00-00:00","NP15","Solar","Renewable Forecast Actual Generation","RENEW_FCST_ACT_MW",3,3,-3.54018,"ACTUAL",1
"20","2019-11-29",20,0,"2019-11-30T03:00:00-00:00","2019-11-30T04:00:00-00:00","NP15","Solar","Renewable Forecast Actual Generation","RENEW_FCST_ACT_MW",3,3,-3.55078,"ACTUAL",1
"21","2019-11-29",21,0,"2019-11-30T04:00:00-00:00","2019-11-30T05:00:00-00:00","NP15","Solar","Renewable Forecast Actual Generation","RENEW_FCST_ACT_MW",3,3,-3.57029,"ACTUAL",1
"22","2019-11-29",22,0,"2019-11-30T05:00:00-00:00","2019-11-30T06:00:00-00:00","NP15","Solar","Renewable Forecast Actual Generation","RENEW_FCST_ACT_MW",3,3,-3.57448,"ACTUAL",1
"23","2019-11-29",23,0,"2019-11-30T06:00:00-00:00","2019-11-30T07:00:00-00:00","NP15","Solar","Renewable Forecast Actual Generation","RENEW_FCST_ACT_MW",3,3,-3.60755,"ACTUAL",1
"24","2019-11-29",24,0,"2019-11-30T07:00:00-00:00","2019-11-30T08:00:00-00:00","NP15","Solar","Renewable Forecast Actual Generation","RENEW_FCST_ACT_MW",3,3,-3.60035,"ACTUAL",1
"25","2019-11-29",1,0,"2019-11-29T08:00:00-00:00","2019-11-29T09:00:00-00:00","NP15","Wind","Renewable Forecast Actual Generation","RENEW_FCST_ACT_MW",3,1,269.56779,"ACTUAL",2
"26","2019-11-29",24,0,"2019-11-30T07:00:00-00:00","2019-11-30T08:00:00-00:00","NP15","Wind","Renewable Forecast Actual Generation","RENEW_FCST_ACT_MW",3,1,79.86358,"ACTUAL",2
"27","2019-11-29",3,0,"2019-11-29T10:00:00-00:00","2019-11-29T11:00:00-00:00","NP15","Wind","Renewable Forecast Actual Generation","RENEW_FCST_ACT_MW",3,1,375.3047,"ACTUAL",2
"28","2019-11-29",4,0,"2019-11-29T11:00:00-00:00","2019-11-29T12:00:00-00:00","NP15","Wind","Renewable Forecast Actual Generation","RENEW_FCST_ACT_MW",3,1,402.14349,"ACTUAL",2
"29","2019-11-29",5,0,"2019-11-29T12:00:00-00:00","2019-11-29T13:00:00-00:00","NP15","Wind","Renewable Forecast Actual Generation","RENEW_FCST_ACT_MW",3,1,376.69173,"ACTUAL",2
"30","2019-11-29",6,0,"2019-11-29T13:00:00-00:00","2019-11-29T14:00:00-00:00","NP15","Wind","Renewable Forecast Actual Generation","RENEW_FCST_ACT_MW",3,1,449.43508,"ACTUAL",2
"31","2019-11-29",7,0,"2019-11-29T14:00:00-00:00","2019-11-29T15:00:00-00:00","NP15","Wind","Renewable Forecast Actual Generation","RENEW_FCST_ACT_MW",3,1,491.86321,"ACTUAL",2
"32","2019-11-29",8,0,"2019-11-29T15:00:00-00:00","2019-11-29T16:00:00-00:00","NP15","Wind","Renewable Forecast Actual Generation","RENEW_FCST_ACT_MW",3,1,492.13661,"ACTUAL",2
"33","2019-11-29",9,0,"2019-11-29T16:00:00-00:00","2019-11-29T17:00:00-00:00","NP15","Wind","Renewable Forecast Actual Generation","RENEW_FCST_ACT_MW",3,1,347.06725,"ACTUAL",2
"34","2019-11-29",10,0,"2019-11-29T17:00:00-00:00","2019-11-29T18:00:00-00:00","NP15","Wind","Renewable Forecast Actual Generation","RENEW_FCST_ACT_MW",3,1,256.44388,"ACTUAL",2
"35","2019-11-29",11,0,"2019-11-29T18:00:00-00:00","2019-11-29T19:00:00-00:00","NP15","Wind","Renewable Forecast Actual Generation","RENEW_FCST_ACT_MW",3,1,279.67364,"ACTUAL",2
"36","2019-11-29",12,0,"2019-11-29T19:00:00-00:00","2019-11-29T20:00:00-00:00","NP15","Wind","Renewable Forecast Actual Generation","RENEW_FCST_ACT_MW",3,1,367.67046,"ACTUAL",2
"37","2019-11-29",13,0,"2019-11-29T20:00:00-00:00","2019-11-29T21:00:00-00:00","NP15","Wind","Renewable Forecast Actual Generation","RENEW_FCST_ACT_MW",3,1,248.98686,"ACTUAL",2
"38","2019-11-29",14,0,"2019-11-29T21:00:00-00:00","2019-11-29T22:00:00-00:00","NP15","Wind","Renewable Forecast Actual Generation","RENEW_FCST_ACT_MW",3,1,173.57394,"ACTUAL",2
"39","2019-11-29",15,0,"2019-11-29T22:00:00-00:00","2019-11-29T23:00:00-00:00","NP15","Wind","Renewable Forecast Actual Generation","RENEW_FCST_ACT_MW",3,1,182.7573,"ACTUAL",2
"40","2019-11-29",16,0,"2019-11-29T23:00:00-00:00","2019-11-30T00:00:00-00:00","NP15","Wind","Renewable Forecast Actual Generation","RENEW_FCST_ACT_MW",3,1,139.33654,"ACTUAL",2
"41","2019-11-29",17,0,"2019-11-30T00:00:00-00:00","2019-11-30T01:00:00-00:00","NP15","Wind","Renewable Forecast Actual Generation","RENEW_FCST_ACT_MW",3,1,83.66219,"ACTUAL",2
"42","2019-11-29",18,0,"2019-11-30T01:00:00-00:00","2019-11-30T02:00:00-00:00","NP15","Wind","Renewable Forecast Actual Generation","RENEW_FCST_ACT_MW",3,1,74.16151,"ACTUAL",2
"43","2019-11-29",19,0,"2019-11-30T02:00:00-00:00","2019-11-30T03:00:00-00:00","NP15","Wind","Renewable Forecast Actual Generation","RENEW_FCST_ACT_MW",3,1,80.13605,"ACTUAL",2
"44","2019-11-29",20,0,"2019-11-30T03:00:00-00:00","2019-11-30T04:00:00-00:00","NP15","Wind","Renewable Forecast Actual Generation","RENEW_FCST_ACT_MW",3,1,103.60529,"ACTUAL",2
"45","2019-11-29",21,0,"2019-11-30T04:00:00-00:00","2019-11-30T05:00:00-00:00","NP15","Wind","Renewable Forecast Actual Generation","RENEW_FCST_ACT_MW",3,1,46.10426,"ACTUAL",2
"46","2019-11-29",22,0,"2019-11-30T05:00:00-00:00","2019-11-30T06:00:00-00:00","NP15","Wind","Renewable Forecast Actual Generation","RENEW_FCST_ACT_MW",3,1,80.41208,"ACTUAL",2
"47","2019-11-29",23,0,"2019-11-30T06:00:00-00:00","2019-11-30T07:00:00-00:00","NP15","Wind","Renewable Forecast Actual Generation","RENEW_FCST_ACT_MW",3,1,118.58891,"ACTUAL",2
"48","2019-11-29",2,0,"2019-11-29T09:00:00-00:00","2019-11-29T10:00:00-00:00","NP15","Wind","Renewable Forecast Actual Generation","RENEW_FCST_ACT_MW",3,1,272.76129,"ACTUAL",2
"49","2019-11-29",24,0,"2019-11-30T07:00:00-00:00","2019-11-30T08:00:00-00:00","SP15","Solar","Renewable Forecast Actual Generation","RENEW_FCST_ACT_MW",3,3,-26.10084,"ACTUAL",3
"50","2019-11-29",2,0,"2019-11-29T09:00:00-00:00","2019-11-29T10:00:00-00:00","SP15","Solar","Renewable Forecast Actual Generation","RENEW_FCST_ACT_MW",3,3,-25.59271,"ACTUAL",3
"51","2019-11-29",23,0,"2019-11-30T06:00:00-00:00","2019-11-30T07:00:00-00:00","SP15","Solar","Renewable Forecast Actual Generation","RENEW_FCST_ACT_MW",3,3,-26.08196,"ACTUAL",3
"52","2019-11-29",6,0,"2019-11-29T13:00:00-00:00","2019-11-29T14:00:00-00:00","SP15","Solar","Renewable Forecast Actual Generation","RENEW_FCST_ACT_MW",3,3,-29.92815,"ACTUAL",3
"53","2019-11-29",22,0,"2019-11-30T05:00:00-00:00","2019-11-30T06:00:00-00:00","SP15","Solar","Renewable Forecast Actual Generation","RENEW_FCST_ACT_MW",3,3,-25.94302,"ACTUAL",3
"54","2019-11-29",11,0,"2019-11-29T18:00:00-00:00","2019-11-29T19:00:00-00:00","SP15","Solar","Renewable Forecast Actual Generation","RENEW_FCST_ACT_MW",3,3,4342.45116,"ACTUAL",3
"55","2019-11-29",21,0,"2019-11-30T04:00:00-00:00","2019-11-30T05:00:00-00:00","SP15","Solar","Renewable Forecast Actual Generation","RENEW_FCST_ACT_MW",3,3,-25.84785,"ACTUAL",3
"56","2019-11-29",3,0,"2019-11-29T10:00:00-00:00","2019-11-29T11:00:00-00:00","SP15","Solar","Renewable Forecast Actual Generation","RENEW_FCST_ACT_MW",3,3,-25.7278,"ACTUAL",3
"57","2019-11-29",20,0,"2019-11-30T03:00:00-00:00","2019-11-30T04:00:00-00:00","SP15","Solar","Renewable Forecast Actual Generation","RENEW_FCST_ACT_MW",3,3,-25.8693,"ACTUAL",3
"58","2019-11-29",10,0,"2019-11-29T17:00:00-00:00","2019-11-29T18:00:00-00:00","SP15","Solar","Renewable Forecast Actual Generation","RENEW_FCST_ACT_MW",3,3,3973.23045,"ACTUAL",3
"59","2019-11-29",19,0,"2019-11-30T02:00:00-00:00","2019-11-30T03:00:00-00:00","SP15","Solar","Renewable Forecast Actual Generation","RENEW_FCST_ACT_MW",3,3,-25.78553,"ACTUAL",3
"60","2019-11-29",5,0,"2019-11-29T12:00:00-00:00","2019-11-29T13:00:00-00:00","SP15","Solar","Renewable Forecast Actual Generation","RENEW_FCST_ACT_MW",3,3,-28.6169,"ACTUAL",3
"61","2019-11-29",18,0,"2019-11-30T01:00:00-00:00","2019-11-30T02:00:00-00:00","SP15","Solar","Renewable Forecast Actual Generation","RENEW_FCST_ACT_MW",3,3,-26.05193,"ACTUAL",3
"62","2019-11-29",9,0,"2019-11-29T16:00:00-00:00","2019-11-29T17:00:00-00:00","SP15","Solar","Renewable Forecast Actual Generation","RENEW_FCST_ACT_MW",3,3,3088.89149,"ACTUAL",3
"63","2019-11-29",17,0,"2019-11-30T00:00:00-00:00","2019-11-30T01:00:00-00:00","SP15","Solar","Renewable Forecast Actual Generation","RENEW_FCST_ACT_MW",3,3,203.44332,"ACTUAL",3
"64","2019-11-29",1,0,"2019-11-29T08:00:00-00:00","2019-11-29T09:00:00-00:00","SP15","Solar","Renewable Forecast Actual Generation","RENEW_FCST_ACT_MW",3,3,-25.75768,"ACTUAL",3
"65","2019-11-29",16,0,"2019-11-29T23:00:00-00:00","2019-11-30T00:00:00-00:00","SP15","Solar","Renewable Forecast Actual Generation","RENEW_FCST_ACT_MW",3,3,2216.96092,"ACTUAL",3
"66","2019-11-29",8,0,"2019-11-29T15:00:00-00:00","2019-11-29T16:00:00-00:00","SP15","Solar","Renewable Forecast Actual Generation","RENEW_FCST_ACT_MW",3,3,1254.89754,"ACTUAL",3
"67","2019-11-29",15,0,"2019-11-29T22:00:00-00:00","2019-11-29T23:00:00-00:00","SP15","Solar","Renewable Forecast Actual Generation","RENEW_FCST_ACT_MW",3,3,3870.53056,"ACTUAL",3
"68","2019-11-29",4,0,"2019-11-29T11:00:00-00:00","2019-11-29T12:00:00-00:00","SP15","Solar","Renewable Forecast Actual Generation","RENEW_FCST_ACT_MW",3,3,-28.18765,"ACTUAL",3
"69","2019-11-29",14,0,"2019-11-29T21:00:00-00:00","2019-11-29T22:00:00-00:00","SP15","Solar","Renewable Forecast Actual Generation","RENEW_FCST_ACT_MW",3,3,4182.72144,"ACTUAL",3
"70","2019-11-29",7,0,"2019-11-29T14:00:00-00:00","2019-11-29T15:00:00-00:00","SP15","Solar","Renewable Forecast Actual Generation","RENEW_FCST_ACT_MW",3,3,20.76269,"ACTUAL",3
"71","2019-11-29",13,0,"2019-11-29T20:00:00-00:00","2019-11-29T21:00:00-00:00","SP15","Solar","Renewable Forecast Actual Generation","RENEW_FCST_ACT_MW",3,3,4397.69583,"ACTUAL",3
"72","2019-11-29",12,0,"2019-11-29T19:00:00-00:00","2019-11-29T20:00:00-00:00","SP15","Solar","Renewable Forecast Actual Generation","RENEW_FCST_ACT_MW",3,3,4206.68237,"ACTUAL",3
"73","2019-11-29",23,0,"2019-11-30T06:00:00-00:00","2019-11-30T07:00:00-00:00","SP15","Wind","Renewable Forecast Actual Generation","RENEW_FCST_ACT_MW",3,1,567.02687,"ACTUAL",4
"74","2019-11-29",22,0,"2019-11-30T05:00:00-00:00","2019-11-30T06:00:00-00:00","SP15","Wind","Renewable Forecast Actual Generation","RENEW_FCST_ACT_MW",3,1,636.5249,"ACTUAL",4
"75","2019-11-29",21,0,"2019-11-30T04:00:00-00:00","2019-11-30T05:00:00-00:00","SP15","Wind","Renewable Forecast Actual Generation","RENEW_FCST_ACT_MW",3,1,582.20409,"ACTUAL",4
"76","2019-11-29",20,0,"2019-11-30T03:00:00-00:00","2019-11-30T04:00:00-00:00","SP15","Wind","Renewable Forecast Actual Generation","RENEW_FCST_ACT_MW",3,1,601.72626,"ACTUAL",4
"77","2019-11-29",19,0,"2019-11-30T02:00:00-00:00","2019-11-30T03:00:00-00:00","SP15","Wind","Renewable Forecast Actual Generation","RENEW_FCST_ACT_MW",3,1,642.00225,"ACTUAL",4
"78","2019-11-29",18,0,"2019-11-30T01:00:00-00:00","2019-11-30T02:00:00-00:00","SP15","Wind","Renewable Forecast Actual Generation","RENEW_FCST_ACT_MW",3,1,713.54252,"ACTUAL",4
"79","2019-11-29",17,0,"2019-11-30T00:00:00-00:00","2019-11-30T01:00:00-00:00","SP15","Wind","Renewable Forecast Actual Generation","RENEW_FCST_ACT_MW",3,1,830.30409,"ACTUAL",4
"80","2019-11-29",16,0,"2019-11-29T23:00:00-00:00","2019-11-30T00:00:00-00:00","SP15","Wind","Renewable Forecast Actual Generation","RENEW_FCST_ACT_MW",3,1,960.28597,"ACTUAL",4
"81","2019-11-29",15,0,"2019-11-29T22:00:00-00:00","2019-11-29T23:00:00-00:00","SP15","Wind","Renewable Forecast Actual Generation","RENEW_FCST_ACT_MW",3,1,1255.52493,"ACTUAL",4
"82","2019-11-29",14,0,"2019-11-29T21:00:00-00:00","2019-11-29T22:00:00-00:00","SP15","Wind","Renewable Forecast Actual Generation","RENEW_FCST_ACT_MW",3,1,1722.7632,"ACTUAL",4
"83","2019-11-29",13,0,"2019-11-29T20:00:00-00:00","2019-11-29T21:00:00-00:00","SP15","Wind","Renewable Forecast Actual Generation","RENEW_FCST_ACT_MW",3,1,2225.20938,"ACTUAL",4
"84","2019-11-29",12,0,"2019-11-29T19:00:00-00:00","2019-11-29T20:00:00-00:00","SP15","Wind","Renewable Forecast Actual Generation","RENEW_FCST_ACT_MW",3,1,2009.24798,"ACTUAL",4
"85","2019-11-29",11,0,"2019-11-29T18:00:00-00:00","2019-11-29T19:00:00-00:00","SP15","Wind","Renewable Forecast Actual Generation","RENEW_FCST_ACT_MW",3,1,2195.3667,"ACTUAL",4
"86","2019-11-29",10,0,"2019-11-29T17:00:00-00:00","2019-11-29T18:00:00-00:00","SP15","Wind","Renewable Forecast Actual Generation","RENEW_FCST_ACT_MW",3,1,2485.8567,"ACTUAL",4
"87","2019-11-29",9,0,"2019-11-29T16:00:00-00:00","2019-11-29T17:00:00-00:00","SP15","Wind","Renewable Forecast Actual Generation","RENEW_FCST_ACT_MW",3,1,1830.79407,"ACTUAL",4
"88","2019-11-29",8,0,"2019-11-29T15:00:00-00:00","2019-11-29T16:00:00-00:00","SP15","Wind","Renewable Forecast Actual Generation","RENEW_FCST_ACT_MW",3,1,1570.28614,"ACTUAL",4
"89","2019-11-29",7,0,"2019-11-29T14:00:00-00:00","2019-11-29T15:00:00-00:00","SP15","Wind","Renewable Forecast Actual Generation","RENEW_FCST_ACT_MW",3,1,1397.56466,"ACTUAL",4
"90","2019-11-29",6,0,"2019-11-29T13:00:00-00:00","2019-11-29T14:00:00-00:00","SP15","Wind","Renewable Forecast Actual Generation","RENEW_FCST_ACT_MW",3,1,1396.27561,"ACTUAL",4
"91","2019-11-29",5,0,"2019-11-29T12:00:00-00:00","2019-11-29T13:00:00-00:00","SP15","Wind","Renewable Forecast Actual Generation","RENEW_FCST_ACT_MW",3,1,1348.72286,"ACTUAL",4
"92","2019-11-29",4,0,"2019-11-29T11:00:00-00:00","2019-11-29T12:00:00-00:00","SP15","Wind","Renewable Forecast Actual Generation","RENEW_FCST_ACT_MW",3,1,1453.53235,"ACTUAL",4
"93","2019-11-29",3,0,"2019-11-29T10:00:00-00:00","2019-11-29T11:00:00-00:00","SP15","Wind","Renewable Forecast Actual Generation","RENEW_FCST_ACT_MW",3,1,1111.54595,"ACTUAL",4
"94","2019-11-29",2,0,"2019-11-29T09:00:00-00:00","2019-11-29T10:00:00-00:00","SP15","Wind","Renewable Forecast Actual Generation","RENEW_FCST_ACT_MW",3,1,771.52166,"ACTUAL",4
"95","2019-11-29",24,0,"2019-11-30T07:00:00-00:00","2019-11-30T08:00:00-00:00","SP15","Wind","Renewable Forecast Actual Generation","RENEW_FCST_ACT_MW",3,1,586.22329,"ACTUAL",4
"96","2019-11-29",1,0,"2019-11-29T08:00:00-00:00","2019-11-29T09:00:00-00:00","SP15","Wind","Renewable Forecast Actual Generation","RENEW_FCST_ACT_MW",3,1,657.49693,"ACTUAL",4
"97","2019-11-29",1,0,"2019-11-29T08:00:00-00:00","2019-11-29T09:00:00-00:00","ZP26","Solar","Renewable Forecast Actual Generation","RENEW_FCST_ACT_MW",3,3,-5.70732,"ACTUAL",5
"98","2019-11-29",24,0,"2019-11-30T07:00:00-00:00","2019-11-30T08:00:00-00:00","ZP26","Solar","Renewable Forecast Actual Generation","RENEW_FCST_ACT_MW",3,3,-5.591,"ACTUAL",5
"99","2019-11-29",3,0,"2019-11-29T10:00:00-00:00","2019-11-29T11:00:00-00:00","ZP26","Solar","Renewable Forecast Actual Generation","RENEW_FCST_ACT_MW",3,3,-6.65787,"ACTUAL",5
"100","2019-11-29",4,0,"2019-11-29T11:00:00-00:00","2019-11-29T12:00:00-00:00","ZP26","Solar","Renewable Forecast Actual Generation","RENEW_FCST_ACT_MW",3,3,-5.68631,"ACTUAL",5
"101","2019-11-29",5,0,"2019-11-29T12:00:00-00:00","2019-11-29T13:00:00-00:00","ZP26","Solar","Renewable Forecast Actual Generation","RENEW_FCST_ACT_MW",3,3,-5.65229,"ACTUAL",5
"102","2019-11-29",6,0,"2019-11-29T13:00:00-00:00","2019-11-29T14:00:00-00:00","ZP26","Solar","Renewable Forecast Actual Generation","RENEW_FCST_ACT_MW",3,3,-5.61989,"ACTUAL",5
"103","2019-11-29",7,0,"2019-11-29T14:00:00-00:00","2019-11-29T15:00:00-00:00","ZP26","Solar","Renewable Forecast Actual Generation","RENEW_FCST_ACT_MW",3,3,-3.93598,"ACTUAL",5
"104","2019-11-29",8,0,"2019-11-29T15:00:00-00:00","2019-11-29T16:00:00-00:00","ZP26","Solar","Renewable Forecast Actual Generation","RENEW_FCST_ACT_MW",3,3,162.40304,"ACTUAL",5
"105","2019-11-29",9,0,"2019-11-29T16:00:00-00:00","2019-11-29T17:00:00-00:00","ZP26","Solar","Renewable Forecast Actual Generation","RENEW_FCST_ACT_MW",3,3,764.17947,"ACTUAL",5
"106","2019-11-29",10,0,"2019-11-29T17:00:00-00:00","2019-11-29T18:00:00-00:00","ZP26","Solar","Renewable Forecast Actual Generation","RENEW_FCST_ACT_MW",3,3,1062.23626,"ACTUAL",5
"107","2019-11-29",11,0,"2019-11-29T18:00:00-00:00","2019-11-29T19:00:00-00:00","ZP26","Solar","Renewable Forecast Actual Generation","RENEW_FCST_ACT_MW",3,3,834.27896,"ACTUAL",5
"108","2019-11-29",12,0,"2019-11-29T19:00:00-00:00","2019-11-29T20:00:00-00:00","ZP26","Solar","Renewable Forecast Actual Generation","RENEW_FCST_ACT_MW",3,3,773.84156,"ACTUAL",5
"109","2019-11-29",13,0,"2019-11-29T20:00:00-00:00","2019-11-29T21:00:00-00:00","ZP26","Solar","Renewable Forecast Actual Generation","RENEW_FCST_ACT_MW",3,3,677.70538,"ACTUAL",5
"110","2019-11-29",14,0,"2019-11-29T21:00:00-00:00","2019-11-29T22:00:00-00:00","ZP26","Solar","Renewable Forecast Actual Generation","RENEW_FCST_ACT_MW",3,3,584.46483,"ACTUAL",5
"111","2019-11-29",15,0,"2019-11-29T22:00:00-00:00","2019-11-29T23:00:00-00:00","ZP26","Solar","Renewable Forecast Actual Generation","RENEW_FCST_ACT_MW",3,3,529.56454,"ACTUAL",5
"112","2019-11-29",16,0,"2019-11-29T23:00:00-00:00","2019-11-30T00:00:00-00:00","ZP26","Solar","Renewable Forecast Actual Generation","RENEW_FCST_ACT_MW",3,3,170.79547,"ACTUAL",5
"113","2019-11-29",17,0,"2019-11-30T00:00:00-00:00","2019-11-30T01:00:00-00:00","ZP26","Solar","Renewable Forecast Actual Generation","RENEW_FCST_ACT_MW",3,3,15.06803,"ACTUAL",5
"114","2019-11-29",18,0,"2019-11-30T01:00:00-00:00","2019-11-30T02:00:00-00:00","ZP26","Solar","Renewable Forecast Actual Generation","RENEW_FCST_ACT_MW",3,3,-5.60415,"ACTUAL",5
"115","2019-11-29",19,0,"2019-11-30T02:00:00-00:00","2019-11-30T03:00:00-00:00","ZP26","Solar","Renewable Forecast Actual Generation","RENEW_FCST_ACT_MW",3,3,-5.52593,"ACTUAL",5
"116","2019-11-29",20,0,"2019-11-30T03:00:00-00:00","2019-11-30T04:00:00-00:00","ZP26","Solar","Renewable Forecast Actual Generation","RENEW_FCST_ACT_MW",3,3,-5.53107,"ACTUAL",5
"117","2019-11-29",21,0,"2019-11-30T04:00:00-00:00","2019-11-30T05:00:00-00:00","ZP26","Solar","Renewable Forecast Actual Generation","RENEW_FCST_ACT_MW",3,3,-5.5439,"ACTUAL",5
"118","2019-11-29",22,0,"2019-11-30T05:00:00-00:00","2019-11-30T06:00:00-00:00","ZP26","Solar","Renewable Forecast Actual Generation","RENEW_FCST_ACT_MW",3,3,-5.54695,"ACTUAL",5
"119","2019-11-29",23,0,"2019-11-30T06:00:00-00:00","2019-11-30T07:00:00-00:00","ZP26","Solar","Renewable Forecast Actual Generation","RENEW_FCST_ACT_MW",3,3,-5.55671,"ACTUAL",5
"120","2019-11-29",2,0,"2019-11-29T09:00:00-00:00","2019-11-29T10:00:00-00:00","ZP26","Solar","Renewable Forecast Actual Generation","RENEW_FCST_ACT_MW",3,3,-5.69279,"ACTUAL",5
