"","OPR_DT","OPR_HR","OPR_INTERVAL","INTERVALSTARTTIME_GMT","INTERVALENDTIME_GMT","TRADING_HUB","RENEWABLE_TYPE","LABEL","XML_DATA_ITEM","MARKET_RUN_ID_POS","RENEW_POS","MW","MARKET_RUN_ID","GROUP"
"1","2019-05-23",2,0,"2019-05-23T08:00:00-00:00","2019-05-23T09:00:00-00:00","NP15","Solar","Renewable Forecast Actual Generation","RENEW_FCST_ACT_MW",3,3,-2.00433,"ACTUAL",1
"2","2019-05-23",3,0,"2019-05-23T09:00:00-00:00","2019-05-23T10:00:00-00:00","NP15","Solar","Renewable Forecast Actual Generation","RENEW_FCST_ACT_MW",3,3,-2.01816,"ACTUAL",1
"3","2019-05-23",4,0,"2019-05-23T10:00:00-00:00","2019-05-23T11:00:00-00:00","NP15","Solar","Renewable Forecast Actual Generation","RENEW_FCST_ACT_MW",3,3,-2.17946,"ACTUAL",1
"4","2019-05-23",5,0,"2019-05-23T11:00:00-00:00","2019-05-23T12:00:00-00:00","NP15","Solar","Renewable Forecast Actual Generation","RENEW_FCST_ACT_MW",3,3,-2.49172,"ACTUAL",1
"5","2019-05-23",6,0,"2019-05-23T12:00:00-00:00","2019-05-23T13:00:00-00:00","NP15","Solar","Renewable Forecast Actual Generation","RENEW_FCST_ACT_MW",3,3,-2.31551,"ACTUAL",1
"6","2019-05-23",7,0,"2019-05-23T13:00:00-00:00","2019-05-23T14:00:00-00:00","NP15","Solar","Renewable Forecast Actual Generation","RENEW_FCST_ACT_MW",3,3,59.41593,"ACTUAL",1
"7","2019-05-23",8,0,"2019-05-23T14:00:00-00:00","2019-05-23T15:00:00-00:00","NP15","Solar","Renewable Forecast Actual Generation","RENEW_FCST_ACT_MW",3,3,225.2881,"ACTUAL",1
"8","2019-05-23",9,0,"2019-05-23T15:00:00-00:00","2019-05-23T16:00:00-00:00","NP15","Solar","Renewable Forecast Actual Generation","RENEW_FCST_ACT_MW",3,3,365.37036,"ACTUAL",1
"9","2019-05-23",10,0,"2019-05-23T16:00:00-00:00","2019-05-23T17:00:00-00:00","NP15","Solar","Renewable Forecast Actual Generation","RENEW_FCST_ACT_MW",3,3,485.33277,"ACTUAL",1
"10","2019-05-23",11,0,"2019-05-23T17:00:00-00:00","2019-05-23T18:00:00-00:00","NP15","Solar","Renewable Forecast Actual Generation","RENEW_FCST_ACT_MW",3,3,645.94821,"ACTUAL",1
"11","2019-05-23",12,0,"2019-05-23T18:00:00-00:00","2019-05-23T19:00:00-00:00","NP15","Solar","Renewable Forecast Actual Generation","RENEW_FCST_ACT_MW",3,3,785.14087,"ACTUAL",1
"12","2019-05-23",13,0,"2019-05-23T19:00:00-00:00","2019-05-23T20:00:00-00:00","NP15","Solar","Renewable Forecast Actual Generation","RENEW_FCST_ACT_MW",3,3,744.7388,"ACTUAL",1
"13","2019-05-23",14,0,"2019-05-23T20:00:00-00:00","2019-05-23T21:00:00-00:00","NP15","Solar","Renewable Forecast Actual Generation","RENEW_FCST_ACT_MW",3,3,740.6232,"ACTUAL",1
"14","2019-05-23",15,0,"2019-05-23T21:00:00-00:00","2019-05-23T22:00:00-00:00","NP15","Solar","Renewable Forecast Actual Generation","RENEW_FCST_ACT_MW",3,3,629.90752,"ACTUAL",1
"15","2019-05-23",16,0,"2019-05-23T22:00:00-00:00","2019-05-23T23:00:00-00:00","NP15","Solar","Renewable Forecast Actual Generation","RENEW_FCST_ACT_MW",3,3,545.11152,"ACTUAL",1
"16","2019-05-23",17,0,"2019-05-23T23:00:00-00:00","2019-05-24T00:00:00-00:00","NP15","Solar","Renewable Forecast Actual Generation","RENEW_FCST_ACT_MW",3,3,336.44336,"ACTUAL",1
"17","2019-05-23",18,0,"2019-05-24T00:00:00-00:00","2019-05-24T01:00:00-00:00","NP15","Solar","Renewable Forecast Actual Generation","RENEW_FCST_ACT_MW",3,3,207.82622,"ACTUAL",1
"18","2019-05-23",19,0,"2019-05-24T01:00:00-00:00","2019-05-24T02:00:00-00:00","NP15","Solar","Renewable Forecast Actual Generation","RENEW_FCST_ACT_MW",3,3,121.4956,"ACTUAL",1
"19","2019-05-23",20,0,"2019-05-24T02:00:00-00:00","2019-05-24T03:00:00-00:00","NP15","Solar","Renewable Forecast Actual Generation","RENEW_FCST_ACT_MW",3,3,28.62802,"ACTUAL",1
"20","2019-05-23",21,0,"2019-05-24T03:00:00-00:00","2019-05-24T04:00:00-00:00","NP15","Solar","Renewable Forecast Actual Generation","RENEW_FCST_ACT_MW",3,3,-1.5611,"ACTUAL",1
"21","2019-05-23",22,0,"2019-05-24T04:00:00-00:00","2019-05-24T05:00:00-00:00","NP15","Solar","Renewable Forecast Actual Generation","RENEW_FCST_ACT_MW",3,3,-1.54522,"ACTUAL",1
"22","2019-05-23",23,0,"2019-05-24T05:00:00-00:00","2019-05-24T06:00:00-00:00","NP15","Solar","Renewable Forecast Actual Generation","RENEW_FCST_ACT_MW",3,3,-1.46686,"ACTUAL",1
"23","2019-05-23",24,0,"2019-05-24T06:00:00-00:00","2019-05-24T07:00:00-00:00","NP15","Solar","Renewable Forecast Actual Generation","RENEW_FCST_ACT_MW",3,3,-1.42648,"ACTUAL",1
"24","2019-05-23",18,0,"2019-05-24T00:00:00-00:00","2019-05-24T01:00:00-00:00","NP15","Wind","Renewable Forecast Actual Generation","RENEW_FCST_ACT_MW",3,1,242.8598,"ACTUAL",2
"25","2019-05-23",6,0,"2019-05-23T12:00:00-00:00","2019-05-23T13:00:00-00:00","NP15","Wind","Renewable Forecast Actual Generation","RENEW_FCST_ACT_MW",3,1,520.09052,"ACTUAL",2
"26","2019-05-23",17,0,"2019-05-23T23:00:00-00:00","2019-05-24T00:00:00-00:00","NP15","Wind","Renewable Forecast Actual Generation","RENEW_FCST_ACT_MW",3,1,147.16528,"ACTUAL",2
"27","2019-05-23",16,0,"2019-05-23T22:00:00-00:00","2019-05-23T23:00:00-00:00","NP15","Wind","Renewable Forecast Actual Generation","RENEW_FCST_ACT_MW",3,1,112.95046,"ACTUAL",2
"28","2019-05-23",15,0,"2019-05-23T21:00:00-00:00","2019-05-23T22:00:00-00:00","NP15","Wind","Renewable Forecast Actual Generation","RENEW_FCST_ACT_MW",3,1,62.38434,"ACTUAL",2
"29","2019-05-23",14,0,"2019-05-23T20:00:00-00:00","2019-05-23T21:00:00-00:00","NP15","Wind","Renewable Forecast Actual Generation","RENEW_FCST_ACT_MW",3,1,41.41006,"ACTUAL",2
"30","2019-05-23",13,0,"2019-05-23T19:00:00-00:00","2019-05-23T20:00:00-00:00","NP15","Wind","Renewable Forecast Actual Generation","RENEW_FCST_ACT_MW",3,1,100.62523,"ACTUAL",2
"31","2019-05-23",12,0,"2019-05-23T18:00:00-00:00","2019-05-23T19:00:00-00:00","NP15","Wind","Renewable Forecast Actual Generation","RENEW_FCST_ACT_MW",3,1,157.21291,"ACTUAL",2
"32","2019-05-23",11,0,"2019-05-23T17:00:00-00:00","2019-05-23T18:00:00-00:00","NP15","Wind","Renewable Forecast Actual Generation","RENEW_FCST_ACT_MW",3,1,255.68222,"ACTUAL",2
"33","2019-05-23",10,0,"2019-05-23T16:00:00-00:00","2019-05-23T17:00:00-00:00","NP15","Wind","Renewable Forecast Actual Generation","RENEW_FCST_ACT_MW",3,1,317.55189,"ACTUAL",2
"34","2019-05-23",9,0,"2019-05-23T15:00:00-00:00","2019-05-23T16:00:00-00:00","NP15","Wind","Renewable Forecast Actual Generation","RENEW_FCST_ACT_MW",3,1,473.95432,"ACTUAL",2
"35","2019-05-23",8,0,"2019-05-23T14:00:00-00:00","2019-05-23T15:00:00-00:00","NP15","Wind","Renewable Forecast Actual Generation","RENEW_FCST_ACT_MW",3,1,489.91497,"ACTUAL",2
"36","2019-05-23",7,0,"2019-05-23T13:00:00-00:00","2019-05-23T14:00:00-00:00","NP15","Wind","Renewable Forecast Actual Generation","RENEW_FCST_ACT_MW",3,1,490.76241,"ACTUAL",2
"37","2019-05-23",5,0,"2019-05-23T11:00:00-00:00","2019-05-23T12:00:00-00:00","NP15","Wind","Renewable Forecast Actual Generation","RENEW_FCST_ACT_MW",3,1,465.39331,"ACTUAL",2
"38","2019-05-23",4,0,"2019-05-23T10:00:00-00:00","2019-05-23T11:00:00-00:00","NP15","Wind","Renewable Forecast Actual Generation","RENEW_FCST_ACT_MW",3,1,371.79396,"ACTUAL",2
"39","2019-05-23",3,0,"2019-05-23T09:00:00-00:00","2019-05-23T10:00:00-00:00","NP15","Wind","Renewable Forecast Actual Generation","RENEW_FCST_ACT_MW",3,1,375.22044,"ACTUAL",2
"40","2019-05-23",2,0,"2019-05-23T08:00:00-00:00","2019-05-23T09:00:00-00:00","NP15","Wind","Renewable Forecast Actual Generation","RENEW_FCST_ACT_MW",3,1,455.60141,"ACTUAL",2
"41","2019-05-23",24,0,"2019-05-24T06:00:00-00:00","2019-05-24T07:00:00-00:00","NP15","Wind","Renewable Forecast Actual Generation","RENEW_FCST_ACT_MW",3,1,494.42916,"ACTUAL",2
"42","2019-05-23",23,0,"2019-05-24T05:00:00-00:00","2019-05-24T06:00:00-00:00","NP15","Wind","Renewable Forecast Actual Generation","RENEW_FCST_ACT_MW",3,1,450.80597,"ACTUAL",2
"43","2019-05-23",22,0,"2019-05-24T04:00:00-00:00","2019-05-24T05:00:00-00:00","NP15","Wind","Renewable Forecast Actual Generation","RENEW_FCST_ACT_MW",3,1,339.70416,"ACTUAL",2
"44","2019-05-23",21,0,"2019-05-24T03:00:00-00:00","2019-05-24T04:00:00-00:00","NP15","Wind","Renewable Forecast Actual Generation","RENEW_FCST_ACT_MW",3,1,235.03375,"ACTUAL",2
"45","2019-05-23",20,0,"2019-05-24T02:00:00-00:00","2019-05-24T03:00:00-00:00","NP15","Wind","Renewable Forecast Actual Generation","RENEW_FCST_ACT_MW",3,1,352.58113,"ACTUAL",2
"46","2019-05-23",19,0,"2019-05-24T01:00:00-00:00","2019-05-24T02:00:00-00:00","NP15","Wind","Renewable Forecast Actual Generation","RENEW_FCST_ACT_MW",3,1,262.019,"ACTUAL",2
"47","2019-05-23",6,0,"2019-05-23T12:00:00-00:00","2019-05-23T13:00:00-00:00","SP15","Solar","Renewable Forecast Actual Generation","RENEW_FCST_ACT_MW",3,3,-0.39653,"ACTUAL",3
"48","2019-05-23",18,0,"2019-05-24T00:00:00-00:00","2019-05-24T01:00:00-00:00","SP15","Solar","Renewable Forecast Actual Generation","RENEW_FCST_ACT_MW",3,3,2766.06605,"ACTUAL",3
"49","2019-05-23",5,0,"2019-05-23T11:00:00-00:00","2019-05-23T12:00:00-00:00","SP15","Solar","Renewable Forecast Actual Generation","RENEW_FCST_ACT_MW",3,3,-5.8177,"ACTUAL",3
"50","2019-05-23",11,0,"2019-05-23T17:00:00-00:00","2019-05-23T18:00:00-00:00","SP15","Solar","Renewable Forecast Actual Generation","RENEW_FCST_ACT_MW",3,3,4326.7262,"ACTUAL",3
"51","2019-05-23",4,0,"2019-05-23T10:00:00-00:00","2019-05-23T11:00:00-00:00","SP15","Solar","Renewable Forecast Actual Generation","RENEW_FCST_ACT_MW",3,3,-4.51728,"ACTUAL",3
"52","2019-05-23",15,0,"2019-05-23T21:00:00-00:00","2019-05-23T22:00:00-00:00","SP15","Solar","Renewable Forecast Actual Generation","RENEW_FCST_ACT_MW",3,3,4803.4143,"ACTUAL",3
"53","2019-05-23",3,0,"2019-05-23T09:00:00-00:00","2019-05-23T10:00:00-00:00","SP15","Solar","Renewable Forecast Actual Generation","RENEW_FCST_ACT_MW",3,3,-4.22154,"ACTUAL",3
"54","2019-05-23",10,0,"2019-05-23T16:00:00-00:00","2019-05-23T17:00:00-00:00","SP15","Solar","Renewable Forecast Actual Generation","RENEW_FCST_ACT_MW",3,3,3899.42166,"ACTUAL",3
"55","2019-05-23",2,0,"2019-05-23T08:00:00-00:00","2019-05-23T09:00:00-00:00","SP15","Solar","Renewable Forecast Actual Generation","RENEW_FCST_ACT_MW",3,3,-3.09543,"ACTUAL",3
"56","2019-05-23",13,0,"2019-05-23T19:00:00-00:00","2019-05-23T20:00:00-00:00","SP15","Solar","Renewable Forecast Actual Generation","RENEW_FCST_ACT_MW",3,3,5339.6532,"ACTUAL",3
"57","2019-05-23",24,0,"2019-05-24T06:00:00-00:00","2019-05-24T07:00:00-00:00","SP15","Solar","Renewable Forecast Actual Generation","RENEW_FCST_ACT_MW",3,3,-3.81957,"ACTUAL",3
"58","2019-05-23",9,0,"2019-05-23T15:00:00-00:00","2019-05-23T16:00:00-00:00","SP15","Solar","Renewable Forecast Actual Generation","RENEW_FCST_ACT_MW",3,3,2920.05418,"ACTUAL",3
"59","2019-05-23",23,0,"2019-05-24T05:00:00-00:00","2019-05-24T06:00:00-00:00","SP15","Solar","Renewable Forecast Actual Generation","RENEW_FCST_ACT_MW",3,3,-3.21132,"ACTUAL",3
"60","2019-05-23",16,0,"2019-05-23T22:00:00-00:00","2019-05-23T23:00:00-00:00","SP15","Solar","Renewable Forecast Actual Generation","RENEW_FCST_ACT_MW",3,3,4424.99519,"ACTUAL",3
"61","2019-05-23",22,0,"2019-05-24T04:00:00-00:00","2019-05-24T05:00:00-00:00","SP15","Solar","Renewable Forecast Actual Generation","RENEW_FCST_ACT_MW",3,3,-3.2564,"ACTUAL",3
"62","2019-05-23",8,0,"2019-05-23T14:00:00-00:00","2019-05-23T15:00:00-00:00","SP15","Solar","Renewable Forecast Actual Generation","RENEW_FCST_ACT_MW",3,3,1858.0379,"ACTUAL",3
"63","2019-05-23",21,0,"2019-05-24T03:00:00-00:00","2019-05-24T04:00:00-00:00","SP15","Solar","Renewable Forecast Actual Generation","RENEW_FCST_ACT_MW",3,3,-3.65859,"ACTUAL",3
"64","2019-05-23",12,0,"2019-05-23T18:00:00-00:00","2019-05-23T19:00:00-00:00","SP15","Solar","Renewable Forecast Actual Generation","RENEW_FCST_ACT_MW",3,3,5313.31979,"ACTUAL",3
"65","2019-05-23",20,0,"2019-05-24T02:00:00-00:00","2019-05-24T03:00:00-00:00","SP15","Solar","Renewable Forecast Actual Generation","RENEW_FCST_ACT_MW",3,3,144.09753,"ACTUAL",3
"66","2019-05-23",7,0,"2019-05-23T13:00:00-00:00","2019-05-23T14:00:00-00:00","SP15","Solar","Renewable Forecast Actual Generation","RENEW_FCST_ACT_MW",3,3,535.40563,"ACTUAL",3
"67","2019-05-23",19,0,"2019-05-24T01:00:00-00:00","2019-05-24T02:00:00-00:00","SP15","Solar","Renewable Forecast Actual Generation","RENEW_FCST_ACT_MW",3,3,1117.55056,"ACTUAL",3
"68","2019-05-23",14,0,"2019-05-23T20:00:00-00:00","2019-05-23T21:00:00-00:00","SP15","Solar","Renewable Forecast Actual Generation","RENEW_FCST_ACT_MW",3,3,5184.1428,"ACTUAL",3
"69","2019-05-23",17,0,"2019-05-23T23:00:00-00:00","2019-05-24T00:00:00-00:00","SP15","Solar","Renewable Forecast Actual Generation","RENEW_FCST_ACT_MW",3,3,3716.8903,"ACTUAL",3
"70","2019-05-23",18,0,"2019-05-24T00:00:00-00:00","2019-05-24T01:00:00-00:00","SP15","Wind","Renewable Forecast Actual Generation","RENEW_FCST_ACT_MW",3,1,1470.70726,"ACTUAL",4
"71","2019-05-23",19,0,"2019-05-24T01:00:00-00:00","2019-05-24T02:00:00-00:00","SP15","Wind","Renewable Forecast Actual Generation","RENEW_FCST_ACT_MW",3,1,1339.23653,"ACTUAL",4
"72","2019-05-23",20,0,"2019-05-24T02:00:00-00:00","2019-05-24T03:00:00-00:00","SP15","Wind","Renewable Forecast Actual Generation","RENEW_FCST_ACT_MW",3,1,1202.7738,"ACTUAL",4
"73","2019-05-23",21,0,"2019-05-24T03:00:00-00:00","2019-05-24T04:00:00-00:00","SP15","Wind","Renewable Forecast Actual Generation","RENEW_FCST_ACT_MW",3,1,1006.64233,"ACTUAL",4
"74","2019-05-23",22,0,"2019-05-24T04:00:00-00:00","2019-05-24T05:00:00-00:00","SP15","Wind","Renewable Forecast Actual Generation","RENEW_FCST_ACT_MW",3,1,1042.42264,"ACTUAL",4
"75","2019-05-23",23,0,"2019-05-24T05:00:00-00:00","2019-05-24T06:00:00-00:00","SP15","Wind","Renewable Forecast Actual Generation","RENEW_FCST_ACT_MW",3,1,1260.64432,"ACTUAL",4
"76","2019-05-23",24,0,"2019-05-24T06:00:00-00:00","2019-05-24T07:00:00-00:00","SP15","Wind","Renewable Forecast Actual Generation","RENEW_FCST_ACT_MW",3,1,1349.9707,"ACTUAL",4
"77","2019-05-23",2,0,"2019-05-23T08:00:00-00:00","2019-05-23T09:00:00-00:00","SP15","Wind","Renewable Forecast Actual Generation","RENEW_FCST_ACT_MW",3,1,1714.31775,"ACTUAL",4
"78","2019-05-23",3,0,"2019-05-23T09:00:00-00:00","2019-05-23T10:00:00-00:00","SP15","Wind","Renewable Forecast Actual Generation","RENEW_FCST_ACT_MW",3,1,1479.50258,"ACTUAL",4
"79","2019-05-23",4,0,"2019-05-23T10:00:00-00:00","2019-05-23T11:00:00-00:00","SP15","Wind","Renewable Forecast Actual Generation","RENEW_FCST_ACT_MW",3,1,1371.86257,"ACTUAL",4
"80","2019-05-23",5,0,"2019-05-23T11:00:00-00:00","2019-05-23T12:00:00-00:00","SP15","Wind","Renewable Forecast Actual Generation","RENEW_FCST_ACT_MW",3,1,1426.28779,"ACTUAL",4
"81","2019-05-23",6,0,"2019-05-23T12:00:00-00:00","2019-05-23T13:00:00-00:00","SP15","Wind","Renewable Forecast Actual Generation","RENEW_FCST_ACT_MW",3,1,1310.30162,"ACTUAL",4
"82","2019-05-23",7,0,"2019-05-23T13:00:00-00:00","2019-05-23T14:00:00-00:00","SP15","Wind","Renewable Forecast Actual Generation","RENEW_FCST_ACT_MW",3,1,1257.95911,"ACTUAL",4
"83","2019-05-23",8,0,"2019-05-23T14:00:00-00:00","2019-05-23T15:00:00-00:00","SP15","Wind","Renewable Forecast Actual Generation","RENEW_FCST_ACT_MW",3,1,1149.19388,"ACTUAL",4
"84","2019-05-23",9,0,"2019-05-23T15:00:00-00:00","2019-05-23T16:00:00-00:00","SP15","Wind","Renewable Forecast Actual Generation","RENEW_FCST_ACT_MW",3,1,1043.93253,"ACTUAL",4
"85","2019-05-23",10,0,"2019-05-23T16:00:00-00:00","2019-05-23T17:00:00-00:00","SP15","Wind","Renewable Forecast Actual Generation","RENEW_FCST_ACT_MW",3,1,1118.90041,"ACTUAL",4
"86","2019-05-23",11,0,"2019-05-23T17:00:00-00:00","2019-05-23T18:00:00-00:00","SP15","Wind","Renewable Forecast Actual Generation","RENEW_FCST_ACT_MW",3,1,1090.24815,"ACTUAL",4
"87","2019-05-23",12,0,"2019-05-23T18:00:00-00:00","2019-05-23T19:00:00-00:00","SP15","Wind","Renewable Forecast Actual Generation","RENEW_FCST_ACT_MW",3,1,1129.45584,"ACTUAL",4
"88","2019-05-23",13,0,"2019-05-23T19:00:00-00:00","2019-05-23T20:00:00-00:00","SP15","Wind","Renewable Forecast Actual Generation","RENEW_FCST_ACT_MW",3,1,1242.86388,"ACTUAL",4
"89","2019-05-23",14,0,"2019-05-23T20:00:00-00:00","2019-05-23T21:00:00-00:00","SP15","Wind","Renewable Forecast Actual Generation","RENEW_FCST_ACT_MW",3,1,1587.68744,"ACTUAL",4
"90","2019-05-23",15,0,"2019-05-23T21:00:00-00:00","2019-05-23T22:00:00-00:00","SP15","Wind","Renewable Forecast Actual Generation","RENEW_FCST_ACT_MW",3,1,1759.3082,"ACTUAL",4
"91","2019-05-23",16,0,"2019-05-23T22:00:00-00:00","2019-05-23T23:00:00-00:00","SP15","Wind","Renewable Forecast Actual Generation","RENEW_FCST_ACT_MW",3,1,1887.22928,"ACTUAL",4
"92","2019-05-23",17,0,"2019-05-23T23:00:00-00:00","2019-05-24T00:00:00-00:00","SP15","Wind","Renewable Forecast Actual Generation","RENEW_FCST_ACT_MW",3,1,1736.95234,"ACTUAL",4
"93","2019-05-23",18,0,"2019-05-24T00:00:00-00:00","2019-05-24T01:00:00-00:00","ZP26","Solar","Renewable Forecast Actual Generation","RENEW_FCST_ACT_MW",3,3,691.65205,"ACTUAL",5
"94","2019-05-23",17,0,"2019-05-23T23:00:00-00:00","2019-05-24T00:00:00-00:00","ZP26","Solar","Renewable Forecast Actual Generation","RENEW_FCST_ACT_MW",3,3,678.7854,"ACTUAL",5
"95","2019-05-23",20,0,"2019-05-24T02:00:00-00:00","2019-05-24T03:00:00-00:00","ZP26","Solar","Renewable Forecast Actual Generation","RENEW_FCST_ACT_MW",3,3,44.03017,"ACTUAL",5
"96","2019-05-23",21,0,"2019-05-24T03:00:00-00:00","2019-05-24T04:00:00-00:00","ZP26","Solar","Renewable Forecast Actual Generation","RENEW_FCST_ACT_MW",3,3,-5.26938,"ACTUAL",5
"97","2019-05-23",22,0,"2019-05-24T04:00:00-00:00","2019-05-24T05:00:00-00:00","ZP26","Solar","Renewable Forecast Actual Generation","RENEW_FCST_ACT_MW",3,3,-4.98809,"ACTUAL",5
"98","2019-05-23",23,0,"2019-05-24T05:00:00-00:00","2019-05-24T06:00:00-00:00","ZP26","Solar","Renewable Forecast Actual Generation","RENEW_FCST_ACT_MW",3,3,-5.00776,"ACTUAL",5
"99","2019-05-23",24,0,"2019-05-24T06:00:00-00:00","2019-05-24T07:00:00-00:00","ZP26","Solar","Renewable Forecast Actual Generation","RENEW_FCST_ACT_MW",3,3,-5.06474,"ACTUAL",5
"100","2019-05-23",2,0,"2019-05-23T08:00:00-00:00","2019-05-23T09:00:00-00:00","ZP26","Solar","Renewable Forecast Actual Generation","RENEW_FCST_ACT_MW",3,3,-4.89773,"ACTUAL",5
"101","2019-05-23",3,0,"2019-05-23T09:00:00-00:00","2019-05-23T10:00:00-00:00","ZP26","Solar","Renewable Forecast Actual Generation","RENEW_FCST_ACT_MW",3,3,-5.01484,"ACTUAL",5
"102","2019-05-23",4,0,"2019-05-23T10:00:00-00:00","2019-05-23T11:00:00-00:00","ZP26","Solar","Renewable Forecast Actual Generation","RENEW_FCST_ACT_MW",3,3,-5.01584,"ACTUAL",5
"103","2019-05-23",5,0,"2019-05-23T11:00:00-00:00","2019-05-23T12:00:00-00:00","ZP26","Solar","Renewable Forecast Actual Generation","RENEW_FCST_ACT_MW",3,3,-5.26237,"ACTUAL",5
"104","2019-05-23",6,0,"2019-05-23T12:00:00-00:00","2019-05-23T13:00:00-00:00","ZP26","Solar","Renewable Forecast Actual Generation","RENEW_FCST_ACT_MW",3,3,-5.40112,"ACTUAL",5
"105","2019-05-23",7,0,"2019-05-23T13:00:00-00:00","2019-05-23T14:00:00-00:00","ZP26","Solar","Renewable Forecast Actual Generation","RENEW_FCST_ACT_MW",3,3,22.67211,"ACTUAL",5
"106","2019-05-23",8,0,"2019-05-23T14:00:00-00:00","2019-05-23T15:00:00-00:00","ZP26","Solar","Renewable Forecast Actual Generation","RENEW_FCST_ACT_MW",3,3,148.18453,"ACTUAL",5
"107","2019-05-23",9,0,"2019-05-23T15:00:00-00:00","2019-05-23T16:00:00-00:00","ZP26","Solar","Renewable Forecast Actual Generation","RENEW_FCST_ACT_MW",3,3,534.611,"ACTUAL",5
"108","2019-05-23",10,0,"2019-05-23T16:00:00-00:00","2019-05-23T17:00:00-00:00","ZP26","Solar","Renewable Forecast Actual Generation","RENEW_FCST_ACT_MW",3,3,730.16487,"ACTUAL",5
"109","2019-05-23",11,0,"2019-05-23T17:00:00-00:00","2019-05-23T18:00:00-00:00","ZP26","Solar","Renewable Forecast Actual Generation","RENEW_FCST_ACT_MW",3,3,916.84205,"ACTUAL",5
"110","2019-05-23",12,0,"2019-05-23T18:00:00-00:00","2019-05-23T19:00:00-00:00","ZP26","Solar","Renewable Forecast Actual Generation","RENEW_FCST_ACT_MW",3,3,768.77875,"ACTUAL",5
"111","2019-05-23",13,0,"2019-05-23T19:00:00-00:00","2019-05-23T20:00:00-00:00","ZP26","Solar","Renewable Forecast Actual Generation","RENEW_FCST_ACT_MW",3,3,914.61289,"ACTUAL",5
"112","2019-05-23",14,0,"2019-05-23T20:00:00-00:00","2019-05-23T21:00:00-00:00","ZP26","Solar","Renewable Forecast Actual Generation","RENEW_FCST_ACT_MW",3,3,1228.13925,"ACTUAL",5
"113","2019-05-23",15,0,"2019-05-23T21:00:00-00:00","2019-05-23T22:00:00-00:00","ZP26","Solar","Renewable Forecast Actual Generation","RENEW_FCST_ACT_MW",3,3,1302.08789,"ACTUAL",5
"114","2019-05-23",16,0,"2019-05-23T22:00:00-00:00","2019-05-23T23:00:00-00:00","ZP26","Solar","Renewable Forecast Actual Generation","RENEW_FCST_ACT_MW",3,3,964.16076,"ACTUAL",5
"115","2019-05-23",19,0,"2019-05-24T01:00:00-00:00","2019-05-24T02:00:00-00:00","ZP26","Solar","Renewable Forecast Actual Generation","RENEW_FCST_ACT_MW",3,3,356.16752,"ACTUAL",5
"116","2019-05-24",1,0,"2019-05-24T07:00:00-00:00","2019-05-24T08:00:00-00:00","NP15","Solar","Renewable Forecast Actual Generation","RENEW_FCST_ACT_MW",3,3,-1.51126,"ACTUAL",6
"117","2019-05-24",1,0,"2019-05-24T07:00:00-00:00","2019-05-24T08:00:00-00:00","NP15","Wind","Renewable Forecast Actual Generation","RENEW_FCST_ACT_MW",3,1,768.99134,"ACTUAL",7
"118","2019-05-24",1,0,"2019-05-24T07:00:00-00:00","2019-05-24T08:00:00-00:00","SP15","Solar","Renewable Forecast Actual Generation","RENEW_FCST_ACT_MW",3,3,-3.83402,"ACTUAL",8
"119","2019-05-24",1,0,"2019-05-24T07:00:00-00:00","2019-05-24T08:00:00-00:00","SP15","Wind","Renewable Forecast Actual Generation","RENEW_FCST_ACT_MW",3,1,1160.08463,"ACTUAL",9
"120","2019-05-24",1,0,"2019-05-24T07:00:00-00:00","2019-05-24T08:00:00-00:00","ZP26","Solar","Renewable Forecast Actual Generation","RENEW_FCST_ACT_MW",3,3,-5.04402,"ACTUAL",10
