"","OPR_DT","OPR_HR","OPR_INTERVAL","INTERVALSTARTTIME_GMT","INTERVALENDTIME_GMT","TRADING_HUB","RENEWABLE_TYPE","LABEL","XML_DATA_ITEM","MARKET_RUN_ID_POS","RENEW_POS","MW","MARKET_RUN_ID","GROUP"
"1","2019-01-25",1,0,"2019-01-25T08:00:00-00:00","2019-01-25T09:00:00-00:00","NP15","Solar","Renewable Forecast Actual Generation","RENEW_FCST_ACT_MW",3,3,-2.78768,"ACTUAL",1
"2","2019-01-25",2,0,"2019-01-25T09:00:00-00:00","2019-01-25T10:00:00-00:00","NP15","Solar","Renewable Forecast Actual Generation","RENEW_FCST_ACT_MW",3,3,-2.8024,"ACTUAL",1
"3","2019-01-25",3,0,"2019-01-25T10:00:00-00:00","2019-01-25T11:00:00-00:00","NP15","Solar","Renewable Forecast Actual Generation","RENEW_FCST_ACT_MW",3,3,-2.79679,"ACTUAL",1
"4","2019-01-25",4,0,"2019-01-25T11:00:00-00:00","2019-01-25T12:00:00-00:00","NP15","Solar","Renewable Forecast Actual Generation","RENEW_FCST_ACT_MW",3,3,-2.89475,"ACTUAL",1
"5","2019-01-25",5,0,"2019-01-25T12:00:00-00:00","2019-01-25T13:00:00-00:00","NP15","Solar","Renewable Forecast Actual Generation","RENEW_FCST_ACT_MW",3,3,-3.31511,"ACTUAL",1
"6","2019-01-25",6,0,"2019-01-25T13:00:00-00:00","2019-01-25T14:00:00-00:00","NP15","Solar","Renewable Forecast Actual Generation","RENEW_FCST_ACT_MW",3,3,-3.29078,"ACTUAL",1
"7","2019-01-25",7,0,"2019-01-25T14:00:00-00:00","2019-01-25T15:00:00-00:00","NP15","Solar","Renewable Forecast Actual Generation","RENEW_FCST_ACT_MW",3,3,-3.37893,"ACTUAL",1
"8","2019-01-25",8,0,"2019-01-25T15:00:00-00:00","2019-01-25T16:00:00-00:00","NP15","Solar","Renewable Forecast Actual Generation","RENEW_FCST_ACT_MW",3,3,87.59228,"ACTUAL",1
"9","2019-01-25",9,0,"2019-01-25T16:00:00-00:00","2019-01-25T17:00:00-00:00","NP15","Solar","Renewable Forecast Actual Generation","RENEW_FCST_ACT_MW",3,3,695.22914,"ACTUAL",1
"10","2019-01-25",10,0,"2019-01-25T17:00:00-00:00","2019-01-25T18:00:00-00:00","NP15","Solar","Renewable Forecast Actual Generation","RENEW_FCST_ACT_MW",3,3,1049.06052,"ACTUAL",1
"11","2019-01-25",11,0,"2019-01-25T18:00:00-00:00","2019-01-25T19:00:00-00:00","NP15","Solar","Renewable Forecast Actual Generation","RENEW_FCST_ACT_MW",3,3,1080.2851,"ACTUAL",1
"12","2019-01-25",12,0,"2019-01-25T19:00:00-00:00","2019-01-25T20:00:00-00:00","NP15","Solar","Renewable Forecast Actual Generation","RENEW_FCST_ACT_MW",3,3,1028.80947,"ACTUAL",1
"13","2019-01-25",13,0,"2019-01-25T20:00:00-00:00","2019-01-25T21:00:00-00:00","NP15","Solar","Renewable Forecast Actual Generation","RENEW_FCST_ACT_MW",3,3,1015.40778,"ACTUAL",1
"14","2019-01-25",14,0,"2019-01-25T21:00:00-00:00","2019-01-25T22:00:00-00:00","NP15","Solar","Renewable Forecast Actual Generation","RENEW_FCST_ACT_MW",3,3,1049.13962,"ACTUAL",1
"15","2019-01-25",15,0,"2019-01-25T22:00:00-00:00","2019-01-25T23:00:00-00:00","NP15","Solar","Renewable Forecast Actual Generation","RENEW_FCST_ACT_MW",3,3,1072.8483,"ACTUAL",1
"16","2019-01-25",16,0,"2019-01-25T23:00:00-00:00","2019-01-26T00:00:00-00:00","NP15","Solar","Renewable Forecast Actual Generation","RENEW_FCST_ACT_MW",3,3,930.59524,"ACTUAL",1
"17","2019-01-25",17,0,"2019-01-26T00:00:00-00:00","2019-01-26T01:00:00-00:00","NP15","Solar","Renewable Forecast Actual Generation","RENEW_FCST_ACT_MW",3,3,321.33212,"ACTUAL",1
"18","2019-01-25",18,0,"2019-01-26T01:00:00-00:00","2019-01-26T02:00:00-00:00","NP15","Solar","Renewable Forecast Actual Generation","RENEW_FCST_ACT_MW",3,3,0.83177,"ACTUAL",1
"19","2019-01-25",19,0,"2019-01-26T02:00:00-00:00","2019-01-26T03:00:00-00:00","NP15","Solar","Renewable Forecast Actual Generation","RENEW_FCST_ACT_MW",3,3,-2.27934,"ACTUAL",1
"20","2019-01-25",20,0,"2019-01-26T03:00:00-00:00","2019-01-26T04:00:00-00:00","NP15","Solar","Renewable Forecast Actual Generation","RENEW_FCST_ACT_MW",3,3,-2.29106,"ACTUAL",1
"21","2019-01-25",21,0,"2019-01-26T04:00:00-00:00","2019-01-26T05:00:00-00:00","NP15","Solar","Renewable Forecast Actual Generation","RENEW_FCST_ACT_MW",3,3,-2.30409,"ACTUAL",1
"22","2019-01-25",22,0,"2019-01-26T05:00:00-00:00","2019-01-26T06:00:00-00:00","NP15","Solar","Renewable Forecast Actual Generation","RENEW_FCST_ACT_MW",3,3,-2.30477,"ACTUAL",1
"23","2019-01-25",23,0,"2019-01-26T06:00:00-00:00","2019-01-26T07:00:00-00:00","NP15","Solar","Renewable Forecast Actual Generation","RENEW_FCST_ACT_MW",3,3,-2.332,"ACTUAL",1
"24","2019-01-25",24,0,"2019-01-26T07:00:00-00:00","2019-01-26T08:00:00-00:00","NP15","Solar","Renewable Forecast Actual Generation","RENEW_FCST_ACT_MW",3,3,-2.31447,"ACTUAL",1
"25","2019-01-25",1,0,"2019-01-25T08:00:00-00:00","2019-01-25T09:00:00-00:00","NP15","Wind","Renewable Forecast Actual Generation","RENEW_FCST_ACT_MW",3,1,38.38369,"ACTUAL",2
"26","2019-01-25",24,0,"2019-01-26T07:00:00-00:00","2019-01-26T08:00:00-00:00","NP15","Wind","Renewable Forecast Actual Generation","RENEW_FCST_ACT_MW",3,1,88.93882,"ACTUAL",2
"27","2019-01-25",3,0,"2019-01-25T10:00:00-00:00","2019-01-25T11:00:00-00:00","NP15","Wind","Renewable Forecast Actual Generation","RENEW_FCST_ACT_MW",3,1,39.27179,"ACTUAL",2
"28","2019-01-25",4,0,"2019-01-25T11:00:00-00:00","2019-01-25T12:00:00-00:00","NP15","Wind","Renewable Forecast Actual Generation","RENEW_FCST_ACT_MW",3,1,39.85569,"ACTUAL",2
"29","2019-01-25",5,0,"2019-01-25T12:00:00-00:00","2019-01-25T13:00:00-00:00","NP15","Wind","Renewable Forecast Actual Generation","RENEW_FCST_ACT_MW",3,1,33.03458,"ACTUAL",2
"30","2019-01-25",6,0,"2019-01-25T13:00:00-00:00","2019-01-25T14:00:00-00:00","NP15","Wind","Renewable Forecast Actual Generation","RENEW_FCST_ACT_MW",3,1,39.45245,"ACTUAL",2
"31","2019-01-25",7,0,"2019-01-25T14:00:00-00:00","2019-01-25T15:00:00-00:00","NP15","Wind","Renewable Forecast Actual Generation","RENEW_FCST_ACT_MW",3,1,47.61227,"ACTUAL",2
"32","2019-01-25",8,0,"2019-01-25T15:00:00-00:00","2019-01-25T16:00:00-00:00","NP15","Wind","Renewable Forecast Actual Generation","RENEW_FCST_ACT_MW",3,1,63.83333,"ACTUAL",2
"33","2019-01-25",9,0,"2019-01-25T16:00:00-00:00","2019-01-25T17:00:00-00:00","NP15","Wind","Renewable Forecast Actual Generation","RENEW_FCST_ACT_MW",3,1,65.91559,"ACTUAL",2
"34","2019-01-25",10,0,"2019-01-25T17:00:00-00:00","2019-01-25T18:00:00-00:00","NP15","Wind","Renewable Forecast Actual Generation","RENEW_FCST_ACT_MW",3,1,59.16741,"ACTUAL",2
"35","2019-01-25",11,0,"2019-01-25T18:00:00-00:00","2019-01-25T19:00:00-00:00","NP15","Wind","Renewable Forecast Actual Generation","RENEW_FCST_ACT_MW",3,1,45.56386,"ACTUAL",2
"36","2019-01-25",12,0,"2019-01-25T19:00:00-00:00","2019-01-25T20:00:00-00:00","NP15","Wind","Renewable Forecast Actual Generation","RENEW_FCST_ACT_MW",3,1,50.41494,"ACTUAL",2
"37","2019-01-25",13,0,"2019-01-25T20:00:00-00:00","2019-01-25T21:00:00-00:00","NP15","Wind","Renewable Forecast Actual Generation","RENEW_FCST_ACT_MW",3,1,61.54149,"ACTUAL",2
"38","2019-01-25",14,0,"2019-01-25T21:00:00-00:00","2019-01-25T22:00:00-00:00","NP15","Wind","Renewable Forecast Actual Generation","RENEW_FCST_ACT_MW",3,1,65.4414,"ACTUAL",2
"39","2019-01-25",15,0,"2019-01-25T22:00:00-00:00","2019-01-25T23:00:00-00:00","NP15","Wind","Renewable Forecast Actual Generation","RENEW_FCST_ACT_MW",3,1,63.55443,"ACTUAL",2
"40","2019-01-25",16,0,"2019-01-25T23:00:00-00:00","2019-01-26T00:00:00-00:00","NP15","Wind","Renewable Forecast Actual Generation","RENEW_FCST_ACT_MW",3,1,56.24375,"ACTUAL",2
"41","2019-01-25",17,0,"2019-01-26T00:00:00-00:00","2019-01-26T01:00:00-00:00","NP15","Wind","Renewable Forecast Actual Generation","RENEW_FCST_ACT_MW",3,1,48.35844,"ACTUAL",2
"42","2019-01-25",18,0,"2019-01-26T01:00:00-00:00","2019-01-26T02:00:00-00:00","NP15","Wind","Renewable Forecast Actual Generation","RENEW_FCST_ACT_MW",3,1,56.71045,"ACTUAL",2
"43","2019-01-25",19,0,"2019-01-26T02:00:00-00:00","2019-01-26T03:00:00-00:00","NP15","Wind","Renewable Forecast Actual Generation","RENEW_FCST_ACT_MW",3,1,83.78764,"ACTUAL",2
"44","2019-01-25",20,0,"2019-01-26T03:00:00-00:00","2019-01-26T04:00:00-00:00","NP15","Wind","Renewable Forecast Actual Generation","RENEW_FCST_ACT_MW",3,1,84.05485,"ACTUAL",2
"45","2019-01-25",21,0,"2019-01-26T04:00:00-00:00","2019-01-26T05:00:00-00:00","NP15","Wind","Renewable Forecast Actual Generation","RENEW_FCST_ACT_MW",3,1,78.24323,"ACTUAL",2
"46","2019-01-25",22,0,"2019-01-26T05:00:00-00:00","2019-01-26T06:00:00-00:00","NP15","Wind","Renewable Forecast Actual Generation","RENEW_FCST_ACT_MW",3,1,109.73678,"ACTUAL",2
"47","2019-01-25",23,0,"2019-01-26T06:00:00-00:00","2019-01-26T07:00:00-00:00","NP15","Wind","Renewable Forecast Actual Generation","RENEW_FCST_ACT_MW",3,1,97.07152,"ACTUAL",2
"48","2019-01-25",2,0,"2019-01-25T09:00:00-00:00","2019-01-25T10:00:00-00:00","NP15","Wind","Renewable Forecast Actual Generation","RENEW_FCST_ACT_MW",3,1,39.49746,"ACTUAL",2
"49","2019-01-25",24,0,"2019-01-26T07:00:00-00:00","2019-01-26T08:00:00-00:00","SP15","Solar","Renewable Forecast Actual Generation","RENEW_FCST_ACT_MW",3,3,-23.82939,"ACTUAL",3
"50","2019-01-25",2,0,"2019-01-25T09:00:00-00:00","2019-01-25T10:00:00-00:00","SP15","Solar","Renewable Forecast Actual Generation","RENEW_FCST_ACT_MW",3,3,-10.82249,"ACTUAL",3
"51","2019-01-25",23,0,"2019-01-26T06:00:00-00:00","2019-01-26T07:00:00-00:00","SP15","Solar","Renewable Forecast Actual Generation","RENEW_FCST_ACT_MW",3,3,-22.99999,"ACTUAL",3
"52","2019-01-25",6,0,"2019-01-25T13:00:00-00:00","2019-01-25T14:00:00-00:00","SP15","Solar","Renewable Forecast Actual Generation","RENEW_FCST_ACT_MW",3,3,-8.65326,"ACTUAL",3
"53","2019-01-25",22,0,"2019-01-26T05:00:00-00:00","2019-01-26T06:00:00-00:00","SP15","Solar","Renewable Forecast Actual Generation","RENEW_FCST_ACT_MW",3,3,-24.07112,"ACTUAL",3
"54","2019-01-25",11,0,"2019-01-25T18:00:00-00:00","2019-01-25T19:00:00-00:00","SP15","Solar","Renewable Forecast Actual Generation","RENEW_FCST_ACT_MW",3,3,4852.9465,"ACTUAL",3
"55","2019-01-25",21,0,"2019-01-26T04:00:00-00:00","2019-01-26T05:00:00-00:00","SP15","Solar","Renewable Forecast Actual Generation","RENEW_FCST_ACT_MW",3,3,-25.01271,"ACTUAL",3
"56","2019-01-25",3,0,"2019-01-25T10:00:00-00:00","2019-01-25T11:00:00-00:00","SP15","Solar","Renewable Forecast Actual Generation","RENEW_FCST_ACT_MW",3,3,-10.18854,"ACTUAL",3
"57","2019-01-25",20,0,"2019-01-26T03:00:00-00:00","2019-01-26T04:00:00-00:00","SP15","Solar","Renewable Forecast Actual Generation","RENEW_FCST_ACT_MW",3,3,-22.72656,"ACTUAL",3
"58","2019-01-25",10,0,"2019-01-25T17:00:00-00:00","2019-01-25T18:00:00-00:00","SP15","Solar","Renewable Forecast Actual Generation","RENEW_FCST_ACT_MW",3,3,4826.03911,"ACTUAL",3
"59","2019-01-25",19,0,"2019-01-26T02:00:00-00:00","2019-01-26T03:00:00-00:00","SP15","Solar","Renewable Forecast Actual Generation","RENEW_FCST_ACT_MW",3,3,20.71053,"ACTUAL",3
"60","2019-01-25",5,0,"2019-01-25T12:00:00-00:00","2019-01-25T13:00:00-00:00","SP15","Solar","Renewable Forecast Actual Generation","RENEW_FCST_ACT_MW",3,3,-8.17808,"ACTUAL",3
"61","2019-01-25",18,0,"2019-01-26T01:00:00-00:00","2019-01-26T02:00:00-00:00","SP15","Solar","Renewable Forecast Actual Generation","RENEW_FCST_ACT_MW",3,3,190.76736,"ACTUAL",3
"62","2019-01-25",9,0,"2019-01-25T16:00:00-00:00","2019-01-25T17:00:00-00:00","SP15","Solar","Renewable Forecast Actual Generation","RENEW_FCST_ACT_MW",3,3,3695.46954,"ACTUAL",3
"63","2019-01-25",17,0,"2019-01-26T00:00:00-00:00","2019-01-26T01:00:00-00:00","SP15","Solar","Renewable Forecast Actual Generation","RENEW_FCST_ACT_MW",3,3,1321.86482,"ACTUAL",3
"64","2019-01-25",1,0,"2019-01-25T08:00:00-00:00","2019-01-25T09:00:00-00:00","SP15","Solar","Renewable Forecast Actual Generation","RENEW_FCST_ACT_MW",3,3,-8.3405,"ACTUAL",3
"65","2019-01-25",16,0,"2019-01-25T23:00:00-00:00","2019-01-26T00:00:00-00:00","SP15","Solar","Renewable Forecast Actual Generation","RENEW_FCST_ACT_MW",3,3,4064.55233,"ACTUAL",3
"66","2019-01-25",8,0,"2019-01-25T15:00:00-00:00","2019-01-25T16:00:00-00:00","SP15","Solar","Renewable Forecast Actual Generation","RENEW_FCST_ACT_MW",3,3,1169.10712,"ACTUAL",3
"67","2019-01-25",15,0,"2019-01-25T22:00:00-00:00","2019-01-25T23:00:00-00:00","SP15","Solar","Renewable Forecast Actual Generation","RENEW_FCST_ACT_MW",3,3,4930.88301,"ACTUAL",3
"68","2019-01-25",4,0,"2019-01-25T11:00:00-00:00","2019-01-25T12:00:00-00:00","SP15","Solar","Renewable Forecast Actual Generation","RENEW_FCST_ACT_MW",3,3,-9.13094,"ACTUAL",3
"69","2019-01-25",14,0,"2019-01-25T21:00:00-00:00","2019-01-25T22:00:00-00:00","SP15","Solar","Renewable Forecast Actual Generation","RENEW_FCST_ACT_MW",3,3,5053.29007,"ACTUAL",3
"70","2019-01-25",7,0,"2019-01-25T14:00:00-00:00","2019-01-25T15:00:00-00:00","SP15","Solar","Renewable Forecast Actual Generation","RENEW_FCST_ACT_MW",3,3,8.79042,"ACTUAL",3
"71","2019-01-25",13,0,"2019-01-25T20:00:00-00:00","2019-01-25T21:00:00-00:00","SP15","Solar","Renewable Forecast Actual Generation","RENEW_FCST_ACT_MW",3,3,5072.2413,"ACTUAL",3
"72","2019-01-25",12,0,"2019-01-25T19:00:00-00:00","2019-01-25T20:00:00-00:00","SP15","Solar","Renewable Forecast Actual Generation","RENEW_FCST_ACT_MW",3,3,5013.88428,"ACTUAL",3
"73","2019-01-25",23,0,"2019-01-26T06:00:00-00:00","2019-01-26T07:00:00-00:00","SP15","Wind","Renewable Forecast Actual Generation","RENEW_FCST_ACT_MW",3,1,123.84886,"ACTUAL",4
"74","2019-01-25",22,0,"2019-01-26T05:00:00-00:00","2019-01-26T06:00:00-00:00","SP15","Wind","Renewable Forecast Actual Generation","RENEW_FCST_ACT_MW",3,1,144.41327,"ACTUAL",4
"75","2019-01-25",21,0,"2019-01-26T04:00:00-00:00","2019-01-26T05:00:00-00:00","SP15","Wind","Renewable Forecast Actual Generation","RENEW_FCST_ACT_MW",3,1,120.94403,"ACTUAL",4
"76","2019-01-25",20,0,"2019-01-26T03:00:00-00:00","2019-01-26T04:00:00-00:00","SP15","Wind","Renewable Forecast Actual Generation","RENEW_FCST_ACT_MW",3,1,134.59471,"ACTUAL",4
"77","2019-01-25",19,0,"2019-01-26T02:00:00-00:00","2019-01-26T03:00:00-00:00","SP15","Wind","Renewable Forecast Actual Generation","RENEW_FCST_ACT_MW",3,1,129.73886,"ACTUAL",4
"78","2019-01-25",18,0,"2019-01-26T01:00:00-00:00","2019-01-26T02:00:00-00:00","SP15","Wind","Renewable Forecast Actual Generation","RENEW_FCST_ACT_MW",3,1,103.63804,"ACTUAL",4
"79","2019-01-25",17,0,"2019-01-26T00:00:00-00:00","2019-01-26T01:00:00-00:00","SP15","Wind","Renewable Forecast Actual Generation","RENEW_FCST_ACT_MW",3,1,73.34558,"ACTUAL",4
"80","2019-01-25",16,0,"2019-01-25T23:00:00-00:00","2019-01-26T00:00:00-00:00","SP15","Wind","Renewable Forecast Actual Generation","RENEW_FCST_ACT_MW",3,1,74.81349,"ACTUAL",4
"81","2019-01-25",15,0,"2019-01-25T22:00:00-00:00","2019-01-25T23:00:00-00:00","SP15","Wind","Renewable Forecast Actual Generation","RENEW_FCST_ACT_MW",3,1,65.70079,"ACTUAL",4
"82","2019-01-25",14,0,"2019-01-25T21:00:00-00:00","2019-01-25T22:00:00-00:00","SP15","Wind","Renewable Forecast Actual Generation","RENEW_FCST_ACT_MW",3,1,71.6538,"ACTUAL",4
"83","2019-01-25",13,0,"2019-01-25T20:00:00-00:00","2019-01-25T21:00:00-00:00","SP15","Wind","Renewable Forecast Actual Generation","RENEW_FCST_ACT_MW",3,1,67.48709,"ACTUAL",4
"84","2019-01-25",12,0,"2019-01-25T19:00:00-00:00","2019-01-25T20:00:00-00:00","SP15","Wind","Renewable Forecast Actual Generation","RENEW_FCST_ACT_MW",3,1,91.4865,"ACTUAL",4
"85","2019-01-25",11,0,"2019-01-25T18:00:00-00:00","2019-01-25T19:00:00-00:00","SP15","Wind","Renewable Forecast Actual Generation","RENEW_FCST_ACT_MW",3,1,123.34959,"ACTUAL",4
"86","2019-01-25",10,0,"2019-01-25T17:00:00-00:00","2019-01-25T18:00:00-00:00","SP15","Wind","Renewable Forecast Actual Generation","RENEW_FCST_ACT_MW",3,1,111.42667,"ACTUAL",4
"87","2019-01-25",9,0,"2019-01-25T16:00:00-00:00","2019-01-25T17:00:00-00:00","SP15","Wind","Renewable Forecast Actual Generation","RENEW_FCST_ACT_MW",3,1,201.34797,"ACTUAL",4
"88","2019-01-25",8,0,"2019-01-25T15:00:00-00:00","2019-01-25T16:00:00-00:00","SP15","Wind","Renewable Forecast Actual Generation","RENEW_FCST_ACT_MW",3,1,285.14271,"ACTUAL",4
"89","2019-01-25",7,0,"2019-01-25T14:00:00-00:00","2019-01-25T15:00:00-00:00","SP15","Wind","Renewable Forecast Actual Generation","RENEW_FCST_ACT_MW",3,1,293.34338,"ACTUAL",4
"90","2019-01-25",6,0,"2019-01-25T13:00:00-00:00","2019-01-25T14:00:00-00:00","SP15","Wind","Renewable Forecast Actual Generation","RENEW_FCST_ACT_MW",3,1,279.79788,"ACTUAL",4
"91","2019-01-25",5,0,"2019-01-25T12:00:00-00:00","2019-01-25T13:00:00-00:00","SP15","Wind","Renewable Forecast Actual Generation","RENEW_FCST_ACT_MW",3,1,272.2782,"ACTUAL",4
"92","2019-01-25",4,0,"2019-01-25T11:00:00-00:00","2019-01-25T12:00:00-00:00","SP15","Wind","Renewable Forecast Actual Generation","RENEW_FCST_ACT_MW",3,1,268.09819,"ACTUAL",4
"93","2019-01-25",3,0,"2019-01-25T10:00:00-00:00","2019-01-25T11:00:00-00:00","SP15","Wind","Renewable Forecast Actual Generation","RENEW_FCST_ACT_MW",3,1,296.52846,"ACTUAL",4
"94","2019-01-25",2,0,"2019-01-25T09:00:00-00:00","2019-01-25T10:00:00-00:00","SP15","Wind","Renewable Forecast Actual Generation","RENEW_FCST_ACT_MW",3,1,283.68934,"ACTUAL",4
"95","2019-01-25",24,0,"2019-01-26T07:00:00-00:00","2019-01-26T08:00:00-00:00","SP15","Wind","Renewable Forecast Actual Generation","RENEW_FCST_ACT_MW",3,1,139.50781,"ACTUAL",4
"96","2019-01-25",1,0,"2019-01-25T08:00:00-00:00","2019-01-25T09:00:00-00:00","SP15","Wind","Renewable Forecast Actual Generation","RENEW_FCST_ACT_MW",3,1,345.28369,"ACTUAL",4
"97","2019-01-25",1,0,"2019-01-25T08:00:00-00:00","2019-01-25T09:00:00-00:00","ZP26","Solar","Renewable Forecast Actual Generation","RENEW_FCST_ACT_MW",3,3,-3.79028,"ACTUAL",5
"98","2019-01-25",24,0,"2019-01-26T07:00:00-00:00","2019-01-26T08:00:00-00:00","ZP26","Solar","Renewable Forecast Actual Generation","RENEW_FCST_ACT_MW",3,3,-4.87217,"ACTUAL",5
"99","2019-01-25",3,0,"2019-01-25T10:00:00-00:00","2019-01-25T11:00:00-00:00","ZP26","Solar","Renewable Forecast Actual Generation","RENEW_FCST_ACT_MW",3,3,-4.94467,"ACTUAL",5
"100","2019-01-25",4,0,"2019-01-25T11:00:00-00:00","2019-01-25T12:00:00-00:00","ZP26","Solar","Renewable Forecast Actual Generation","RENEW_FCST_ACT_MW",3,3,-5.34342,"ACTUAL",5
"101","2019-01-25",5,0,"2019-01-25T12:00:00-00:00","2019-01-25T13:00:00-00:00","ZP26","Solar","Renewable Forecast Actual Generation","RENEW_FCST_ACT_MW",3,3,-5.36076,"ACTUAL",5
"102","2019-01-25",6,0,"2019-01-25T13:00:00-00:00","2019-01-25T14:00:00-00:00","ZP26","Solar","Renewable Forecast Actual Generation","RENEW_FCST_ACT_MW",3,3,-5.34811,"ACTUAL",5
"103","2019-01-25",7,0,"2019-01-25T14:00:00-00:00","2019-01-25T15:00:00-00:00","ZP26","Solar","Renewable Forecast Actual Generation","RENEW_FCST_ACT_MW",3,3,-5.41188,"ACTUAL",5
"104","2019-01-25",8,0,"2019-01-25T15:00:00-00:00","2019-01-25T16:00:00-00:00","ZP26","Solar","Renewable Forecast Actual Generation","RENEW_FCST_ACT_MW",3,3,122.19202,"ACTUAL",5
"105","2019-01-25",9,0,"2019-01-25T16:00:00-00:00","2019-01-25T17:00:00-00:00","ZP26","Solar","Renewable Forecast Actual Generation","RENEW_FCST_ACT_MW",3,3,708.35462,"ACTUAL",5
"106","2019-01-25",10,0,"2019-01-25T17:00:00-00:00","2019-01-25T18:00:00-00:00","ZP26","Solar","Renewable Forecast Actual Generation","RENEW_FCST_ACT_MW",3,3,1129.11378,"ACTUAL",5
"107","2019-01-25",11,0,"2019-01-25T18:00:00-00:00","2019-01-25T19:00:00-00:00","ZP26","Solar","Renewable Forecast Actual Generation","RENEW_FCST_ACT_MW",3,3,1285.84473,"ACTUAL",5
"108","2019-01-25",12,0,"2019-01-25T19:00:00-00:00","2019-01-25T20:00:00-00:00","ZP26","Solar","Renewable Forecast Actual Generation","RENEW_FCST_ACT_MW",3,3,1303.85958,"ACTUAL",5
"109","2019-01-25",13,0,"2019-01-25T20:00:00-00:00","2019-01-25T21:00:00-00:00","ZP26","Solar","Renewable Forecast Actual Generation","RENEW_FCST_ACT_MW",3,3,1304.43007,"ACTUAL",5
"110","2019-01-25",14,0,"2019-01-25T21:00:00-00:00","2019-01-25T22:00:00-00:00","ZP26","Solar","Renewable Forecast Actual Generation","RENEW_FCST_ACT_MW",3,3,1334.0286,"ACTUAL",5
"111","2019-01-25",15,0,"2019-01-25T22:00:00-00:00","2019-01-25T23:00:00-00:00","ZP26","Solar","Renewable Forecast Actual Generation","RENEW_FCST_ACT_MW",3,3,1276.92974,"ACTUAL",5
"112","2019-01-25",16,0,"2019-01-25T23:00:00-00:00","2019-01-26T00:00:00-00:00","ZP26","Solar","Renewable Forecast Actual Generation","RENEW_FCST_ACT_MW",3,3,1005.39952,"ACTUAL",5
"113","2019-01-25",17,0,"2019-01-26T00:00:00-00:00","2019-01-26T01:00:00-00:00","ZP26","Solar","Renewable Forecast Actual Generation","RENEW_FCST_ACT_MW",3,3,345.53344,"ACTUAL",5
"114","2019-01-25",18,0,"2019-01-26T01:00:00-00:00","2019-01-26T02:00:00-00:00","ZP26","Solar","Renewable Forecast Actual Generation","RENEW_FCST_ACT_MW",3,3,-0.02463,"ACTUAL",5
"115","2019-01-25",19,0,"2019-01-26T02:00:00-00:00","2019-01-26T03:00:00-00:00","ZP26","Solar","Renewable Forecast Actual Generation","RENEW_FCST_ACT_MW",3,3,-4.71801,"ACTUAL",5
"116","2019-01-25",20,0,"2019-01-26T03:00:00-00:00","2019-01-26T04:00:00-00:00","ZP26","Solar","Renewable Forecast Actual Generation","RENEW_FCST_ACT_MW",3,3,-4.86943,"ACTUAL",5
"117","2019-01-25",21,0,"2019-01-26T04:00:00-00:00","2019-01-26T05:00:00-00:00","ZP26","Solar","Renewable Forecast Actual Generation","RENEW_FCST_ACT_MW",3,3,-4.86625,"ACTUAL",5
"118","2019-01-25",22,0,"2019-01-26T05:00:00-00:00","2019-01-26T06:00:00-00:00","ZP26","Solar","Renewable Forecast Actual Generation","RENEW_FCST_ACT_MW",3,3,-4.86697,"ACTUAL",5
"119","2019-01-25",23,0,"2019-01-26T06:00:00-00:00","2019-01-26T07:00:00-00:00","ZP26","Solar","Renewable Forecast Actual Generation","RENEW_FCST_ACT_MW",3,3,-4.87305,"ACTUAL",5
"120","2019-01-25",2,0,"2019-01-25T09:00:00-00:00","2019-01-25T10:00:00-00:00","ZP26","Solar","Renewable Forecast Actual Generation","RENEW_FCST_ACT_MW",3,3,-4.93155,"ACTUAL",5
