"","OPR_DT","OPR_HR","OPR_INTERVAL","INTERVALSTARTTIME_GMT","INTERVALENDTIME_GMT","TRADING_HUB","RENEWABLE_TYPE","LABEL","XML_DATA_ITEM","MARKET_RUN_ID_POS","RENEW_POS","MW","MARKET_RUN_ID","GROUP"
"1","2019-01-30",1,0,"2019-01-30T08:00:00-00:00","2019-01-30T09:00:00-00:00","NP15","Solar","Renewable Forecast Actual Generation","RENEW_FCST_ACT_MW",3,3,-0.33434,"ACTUAL",1
"2","2019-01-30",2,0,"2019-01-30T09:00:00-00:00","2019-01-30T10:00:00-00:00","NP15","Solar","Renewable Forecast Actual Generation","RENEW_FCST_ACT_MW",3,3,-0.33458,"ACTUAL",1
"3","2019-01-30",3,0,"2019-01-30T10:00:00-00:00","2019-01-30T11:00:00-00:00","NP15","Solar","Renewable Forecast Actual Generation","RENEW_FCST_ACT_MW",3,3,-0.46178,"ACTUAL",1
"4","2019-01-30",4,0,"2019-01-30T11:00:00-00:00","2019-01-30T12:00:00-00:00","NP15","Solar","Renewable Forecast Actual Generation","RENEW_FCST_ACT_MW",3,3,-0.83595,"ACTUAL",1
"5","2019-01-30",5,0,"2019-01-30T12:00:00-00:00","2019-01-30T13:00:00-00:00","NP15","Solar","Renewable Forecast Actual Generation","RENEW_FCST_ACT_MW",3,3,-0.86793,"ACTUAL",1
"6","2019-01-30",6,0,"2019-01-30T13:00:00-00:00","2019-01-30T14:00:00-00:00","NP15","Solar","Renewable Forecast Actual Generation","RENEW_FCST_ACT_MW",3,3,-0.84383,"ACTUAL",1
"7","2019-01-30",7,0,"2019-01-30T14:00:00-00:00","2019-01-30T15:00:00-00:00","NP15","Solar","Renewable Forecast Actual Generation","RENEW_FCST_ACT_MW",3,3,-0.92034,"ACTUAL",1
"8","2019-01-30",8,0,"2019-01-30T15:00:00-00:00","2019-01-30T16:00:00-00:00","NP15","Solar","Renewable Forecast Actual Generation","RENEW_FCST_ACT_MW",3,3,35.06439,"ACTUAL",1
"9","2019-01-30",9,0,"2019-01-30T16:00:00-00:00","2019-01-30T17:00:00-00:00","NP15","Solar","Renewable Forecast Actual Generation","RENEW_FCST_ACT_MW",3,3,430.15436,"ACTUAL",1
"10","2019-01-30",10,0,"2019-01-30T17:00:00-00:00","2019-01-30T18:00:00-00:00","NP15","Solar","Renewable Forecast Actual Generation","RENEW_FCST_ACT_MW",3,3,743.93067,"ACTUAL",1
"11","2019-01-30",11,0,"2019-01-30T18:00:00-00:00","2019-01-30T19:00:00-00:00","NP15","Solar","Renewable Forecast Actual Generation","RENEW_FCST_ACT_MW",3,3,889.34181,"ACTUAL",1
"12","2019-01-30",12,0,"2019-01-30T19:00:00-00:00","2019-01-30T20:00:00-00:00","NP15","Solar","Renewable Forecast Actual Generation","RENEW_FCST_ACT_MW",3,3,951.56969,"ACTUAL",1
"13","2019-01-30",13,0,"2019-01-30T20:00:00-00:00","2019-01-30T21:00:00-00:00","NP15","Solar","Renewable Forecast Actual Generation","RENEW_FCST_ACT_MW",3,3,947.83227,"ACTUAL",1
"14","2019-01-30",14,0,"2019-01-30T21:00:00-00:00","2019-01-30T22:00:00-00:00","NP15","Solar","Renewable Forecast Actual Generation","RENEW_FCST_ACT_MW",3,3,916.58024,"ACTUAL",1
"15","2019-01-30",15,0,"2019-01-30T22:00:00-00:00","2019-01-30T23:00:00-00:00","NP15","Solar","Renewable Forecast Actual Generation","RENEW_FCST_ACT_MW",3,3,718.74043,"ACTUAL",1
"16","2019-01-30",16,0,"2019-01-30T23:00:00-00:00","2019-01-31T00:00:00-00:00","NP15","Solar","Renewable Forecast Actual Generation","RENEW_FCST_ACT_MW",3,3,454.86515,"ACTUAL",1
"17","2019-01-30",17,0,"2019-01-31T00:00:00-00:00","2019-01-31T01:00:00-00:00","NP15","Solar","Renewable Forecast Actual Generation","RENEW_FCST_ACT_MW",3,3,154.73828,"ACTUAL",1
"18","2019-01-30",18,0,"2019-01-31T01:00:00-00:00","2019-01-31T02:00:00-00:00","NP15","Solar","Renewable Forecast Actual Generation","RENEW_FCST_ACT_MW",3,3,9.24423,"ACTUAL",1
"19","2019-01-30",19,0,"2019-01-31T02:00:00-00:00","2019-01-31T03:00:00-00:00","NP15","Solar","Renewable Forecast Actual Generation","RENEW_FCST_ACT_MW",3,3,-1.11686,"ACTUAL",1
"20","2019-01-30",20,0,"2019-01-31T03:00:00-00:00","2019-01-31T04:00:00-00:00","NP15","Solar","Renewable Forecast Actual Generation","RENEW_FCST_ACT_MW",3,3,-1.10228,"ACTUAL",1
"21","2019-01-30",21,0,"2019-01-31T04:00:00-00:00","2019-01-31T05:00:00-00:00","NP15","Solar","Renewable Forecast Actual Generation","RENEW_FCST_ACT_MW",3,3,-1.0866,"ACTUAL",1
"22","2019-01-30",22,0,"2019-01-31T05:00:00-00:00","2019-01-31T06:00:00-00:00","NP15","Solar","Renewable Forecast Actual Generation","RENEW_FCST_ACT_MW",3,3,-1.0929,"ACTUAL",1
"23","2019-01-30",23,0,"2019-01-31T06:00:00-00:00","2019-01-31T07:00:00-00:00","NP15","Solar","Renewable Forecast Actual Generation","RENEW_FCST_ACT_MW",3,3,-1.12133,"ACTUAL",1
"24","2019-01-30",24,0,"2019-01-31T07:00:00-00:00","2019-01-31T08:00:00-00:00","NP15","Solar","Renewable Forecast Actual Generation","RENEW_FCST_ACT_MW",3,3,-1.10144,"ACTUAL",1
"25","2019-01-30",1,0,"2019-01-30T08:00:00-00:00","2019-01-30T09:00:00-00:00","NP15","Wind","Renewable Forecast Actual Generation","RENEW_FCST_ACT_MW",3,1,276.78598,"ACTUAL",2
"26","2019-01-30",24,0,"2019-01-31T07:00:00-00:00","2019-01-31T08:00:00-00:00","NP15","Wind","Renewable Forecast Actual Generation","RENEW_FCST_ACT_MW",3,1,106.78465,"ACTUAL",2
"27","2019-01-30",3,0,"2019-01-30T10:00:00-00:00","2019-01-30T11:00:00-00:00","NP15","Wind","Renewable Forecast Actual Generation","RENEW_FCST_ACT_MW",3,1,50.65117,"ACTUAL",2
"28","2019-01-30",4,0,"2019-01-30T11:00:00-00:00","2019-01-30T12:00:00-00:00","NP15","Wind","Renewable Forecast Actual Generation","RENEW_FCST_ACT_MW",3,1,5.38094,"ACTUAL",2
"29","2019-01-30",5,0,"2019-01-30T12:00:00-00:00","2019-01-30T13:00:00-00:00","NP15","Wind","Renewable Forecast Actual Generation","RENEW_FCST_ACT_MW",3,1,-0.66836,"ACTUAL",2
"30","2019-01-30",6,0,"2019-01-30T13:00:00-00:00","2019-01-30T14:00:00-00:00","NP15","Wind","Renewable Forecast Actual Generation","RENEW_FCST_ACT_MW",3,1,-5.92448,"ACTUAL",2
"31","2019-01-30",7,0,"2019-01-30T14:00:00-00:00","2019-01-30T15:00:00-00:00","NP15","Wind","Renewable Forecast Actual Generation","RENEW_FCST_ACT_MW",3,1,-5.7564,"ACTUAL",2
"32","2019-01-30",8,0,"2019-01-30T15:00:00-00:00","2019-01-30T16:00:00-00:00","NP15","Wind","Renewable Forecast Actual Generation","RENEW_FCST_ACT_MW",3,1,-5.5511,"ACTUAL",2
"33","2019-01-30",9,0,"2019-01-30T16:00:00-00:00","2019-01-30T17:00:00-00:00","NP15","Wind","Renewable Forecast Actual Generation","RENEW_FCST_ACT_MW",3,1,-4.91693,"ACTUAL",2
"34","2019-01-30",10,0,"2019-01-30T17:00:00-00:00","2019-01-30T18:00:00-00:00","NP15","Wind","Renewable Forecast Actual Generation","RENEW_FCST_ACT_MW",3,1,-8.40784,"ACTUAL",2
"35","2019-01-30",11,0,"2019-01-30T18:00:00-00:00","2019-01-30T19:00:00-00:00","NP15","Wind","Renewable Forecast Actual Generation","RENEW_FCST_ACT_MW",3,1,-8.72159,"ACTUAL",2
"36","2019-01-30",12,0,"2019-01-30T19:00:00-00:00","2019-01-30T20:00:00-00:00","NP15","Wind","Renewable Forecast Actual Generation","RENEW_FCST_ACT_MW",3,1,-7.40563,"ACTUAL",2
"37","2019-01-30",13,0,"2019-01-30T20:00:00-00:00","2019-01-30T21:00:00-00:00","NP15","Wind","Renewable Forecast Actual Generation","RENEW_FCST_ACT_MW",3,1,-7.59759,"ACTUAL",2
"38","2019-01-30",14,0,"2019-01-30T21:00:00-00:00","2019-01-30T22:00:00-00:00","NP15","Wind","Renewable Forecast Actual Generation","RENEW_FCST_ACT_MW",3,1,-0.48251,"ACTUAL",2
"39","2019-01-30",15,0,"2019-01-30T22:00:00-00:00","2019-01-30T23:00:00-00:00","NP15","Wind","Renewable Forecast Actual Generation","RENEW_FCST_ACT_MW",3,1,-1.07907,"ACTUAL",2
"40","2019-01-30",16,0,"2019-01-30T23:00:00-00:00","2019-01-31T00:00:00-00:00","NP15","Wind","Renewable Forecast Actual Generation","RENEW_FCST_ACT_MW",3,1,0.67236,"ACTUAL",2
"41","2019-01-30",17,0,"2019-01-31T00:00:00-00:00","2019-01-31T01:00:00-00:00","NP15","Wind","Renewable Forecast Actual Generation","RENEW_FCST_ACT_MW",3,1,2.21699,"ACTUAL",2
"42","2019-01-30",18,0,"2019-01-31T01:00:00-00:00","2019-01-31T02:00:00-00:00","NP15","Wind","Renewable Forecast Actual Generation","RENEW_FCST_ACT_MW",3,1,-1.79915,"ACTUAL",2
"43","2019-01-30",19,0,"2019-01-31T02:00:00-00:00","2019-01-31T03:00:00-00:00","NP15","Wind","Renewable Forecast Actual Generation","RENEW_FCST_ACT_MW",3,1,20.05203,"ACTUAL",2
"44","2019-01-30",20,0,"2019-01-31T03:00:00-00:00","2019-01-31T04:00:00-00:00","NP15","Wind","Renewable Forecast Actual Generation","RENEW_FCST_ACT_MW",3,1,46.36111,"ACTUAL",2
"45","2019-01-30",21,0,"2019-01-31T04:00:00-00:00","2019-01-31T05:00:00-00:00","NP15","Wind","Renewable Forecast Actual Generation","RENEW_FCST_ACT_MW",3,1,113.67441,"ACTUAL",2
"46","2019-01-30",22,0,"2019-01-31T05:00:00-00:00","2019-01-31T06:00:00-00:00","NP15","Wind","Renewable Forecast Actual Generation","RENEW_FCST_ACT_MW",3,1,137.33847,"ACTUAL",2
"47","2019-01-30",23,0,"2019-01-31T06:00:00-00:00","2019-01-31T07:00:00-00:00","NP15","Wind","Renewable Forecast Actual Generation","RENEW_FCST_ACT_MW",3,1,106.47781,"ACTUAL",2
"48","2019-01-30",2,0,"2019-01-30T09:00:00-00:00","2019-01-30T10:00:00-00:00","NP15","Wind","Renewable Forecast Actual Generation","RENEW_FCST_ACT_MW",3,1,152.33058,"ACTUAL",2
"49","2019-01-30",24,0,"2019-01-31T07:00:00-00:00","2019-01-31T08:00:00-00:00","SP15","Solar","Renewable Forecast Actual Generation","RENEW_FCST_ACT_MW",3,3,-6.41699,"ACTUAL",3
"50","2019-01-30",2,0,"2019-01-30T09:00:00-00:00","2019-01-30T10:00:00-00:00","SP15","Solar","Renewable Forecast Actual Generation","RENEW_FCST_ACT_MW",3,3,-6.80978,"ACTUAL",3
"51","2019-01-30",23,0,"2019-01-31T06:00:00-00:00","2019-01-31T07:00:00-00:00","SP15","Solar","Renewable Forecast Actual Generation","RENEW_FCST_ACT_MW",3,3,-6.8705,"ACTUAL",3
"52","2019-01-30",6,0,"2019-01-30T13:00:00-00:00","2019-01-30T14:00:00-00:00","SP15","Solar","Renewable Forecast Actual Generation","RENEW_FCST_ACT_MW",3,3,-8.21404,"ACTUAL",3
"53","2019-01-30",22,0,"2019-01-31T05:00:00-00:00","2019-01-31T06:00:00-00:00","SP15","Solar","Renewable Forecast Actual Generation","RENEW_FCST_ACT_MW",3,3,-6.23571,"ACTUAL",3
"54","2019-01-30",11,0,"2019-01-30T18:00:00-00:00","2019-01-30T19:00:00-00:00","SP15","Solar","Renewable Forecast Actual Generation","RENEW_FCST_ACT_MW",3,3,3447.92875,"ACTUAL",3
"55","2019-01-30",21,0,"2019-01-31T04:00:00-00:00","2019-01-31T05:00:00-00:00","SP15","Solar","Renewable Forecast Actual Generation","RENEW_FCST_ACT_MW",3,3,-6.28435,"ACTUAL",3
"56","2019-01-30",3,0,"2019-01-30T10:00:00-00:00","2019-01-30T11:00:00-00:00","SP15","Solar","Renewable Forecast Actual Generation","RENEW_FCST_ACT_MW",3,3,-6.73762,"ACTUAL",3
"57","2019-01-30",20,0,"2019-01-31T03:00:00-00:00","2019-01-31T04:00:00-00:00","SP15","Solar","Renewable Forecast Actual Generation","RENEW_FCST_ACT_MW",3,3,-6.84986,"ACTUAL",3
"58","2019-01-30",10,0,"2019-01-30T17:00:00-00:00","2019-01-30T18:00:00-00:00","SP15","Solar","Renewable Forecast Actual Generation","RENEW_FCST_ACT_MW",3,3,2774.4241,"ACTUAL",3
"59","2019-01-30",19,0,"2019-01-31T02:00:00-00:00","2019-01-31T03:00:00-00:00","SP15","Solar","Renewable Forecast Actual Generation","RENEW_FCST_ACT_MW",3,3,-8.15977,"ACTUAL",3
"60","2019-01-30",5,0,"2019-01-30T12:00:00-00:00","2019-01-30T13:00:00-00:00","SP15","Solar","Renewable Forecast Actual Generation","RENEW_FCST_ACT_MW",3,3,-7.50587,"ACTUAL",3
"61","2019-01-30",18,0,"2019-01-31T01:00:00-00:00","2019-01-31T02:00:00-00:00","SP15","Solar","Renewable Forecast Actual Generation","RENEW_FCST_ACT_MW",3,3,16.48333,"ACTUAL",3
"62","2019-01-30",9,0,"2019-01-30T16:00:00-00:00","2019-01-30T17:00:00-00:00","SP15","Solar","Renewable Forecast Actual Generation","RENEW_FCST_ACT_MW",3,3,1754.83172,"ACTUAL",3
"63","2019-01-30",17,0,"2019-01-31T00:00:00-00:00","2019-01-31T01:00:00-00:00","SP15","Solar","Renewable Forecast Actual Generation","RENEW_FCST_ACT_MW",3,3,981.96048,"ACTUAL",3
"64","2019-01-30",1,0,"2019-01-30T08:00:00-00:00","2019-01-30T09:00:00-00:00","SP15","Solar","Renewable Forecast Actual Generation","RENEW_FCST_ACT_MW",3,3,-6.77557,"ACTUAL",3
"65","2019-01-30",16,0,"2019-01-30T23:00:00-00:00","2019-01-31T00:00:00-00:00","SP15","Solar","Renewable Forecast Actual Generation","RENEW_FCST_ACT_MW",3,3,3076.12294,"ACTUAL",3
"66","2019-01-30",8,0,"2019-01-30T15:00:00-00:00","2019-01-30T16:00:00-00:00","SP15","Solar","Renewable Forecast Actual Generation","RENEW_FCST_ACT_MW",3,3,547.15929,"ACTUAL",3
"67","2019-01-30",15,0,"2019-01-30T22:00:00-00:00","2019-01-30T23:00:00-00:00","SP15","Solar","Renewable Forecast Actual Generation","RENEW_FCST_ACT_MW",3,3,4049.75408,"ACTUAL",3
"68","2019-01-30",4,0,"2019-01-30T11:00:00-00:00","2019-01-30T12:00:00-00:00","SP15","Solar","Renewable Forecast Actual Generation","RENEW_FCST_ACT_MW",3,3,-6.68573,"ACTUAL",3
"69","2019-01-30",14,0,"2019-01-30T21:00:00-00:00","2019-01-30T22:00:00-00:00","SP15","Solar","Renewable Forecast Actual Generation","RENEW_FCST_ACT_MW",3,3,4323.53314,"ACTUAL",3
"70","2019-01-30",7,0,"2019-01-30T14:00:00-00:00","2019-01-30T15:00:00-00:00","SP15","Solar","Renewable Forecast Actual Generation","RENEW_FCST_ACT_MW",3,3,-0.8737,"ACTUAL",3
"71","2019-01-30",13,0,"2019-01-30T20:00:00-00:00","2019-01-30T21:00:00-00:00","SP15","Solar","Renewable Forecast Actual Generation","RENEW_FCST_ACT_MW",3,3,4765.21615,"ACTUAL",3
"72","2019-01-30",12,0,"2019-01-30T19:00:00-00:00","2019-01-30T20:00:00-00:00","SP15","Solar","Renewable Forecast Actual Generation","RENEW_FCST_ACT_MW",3,3,4476.62209,"ACTUAL",3
"73","2019-01-30",23,0,"2019-01-31T06:00:00-00:00","2019-01-31T07:00:00-00:00","SP15","Wind","Renewable Forecast Actual Generation","RENEW_FCST_ACT_MW",3,1,69.25433,"ACTUAL",4
"74","2019-01-30",22,0,"2019-01-31T05:00:00-00:00","2019-01-31T06:00:00-00:00","SP15","Wind","Renewable Forecast Actual Generation","RENEW_FCST_ACT_MW",3,1,132.3202,"ACTUAL",4
"75","2019-01-30",21,0,"2019-01-31T04:00:00-00:00","2019-01-31T05:00:00-00:00","SP15","Wind","Renewable Forecast Actual Generation","RENEW_FCST_ACT_MW",3,1,59.16594,"ACTUAL",4
"76","2019-01-30",20,0,"2019-01-31T03:00:00-00:00","2019-01-31T04:00:00-00:00","SP15","Wind","Renewable Forecast Actual Generation","RENEW_FCST_ACT_MW",3,1,65.31053,"ACTUAL",4
"77","2019-01-30",19,0,"2019-01-31T02:00:00-00:00","2019-01-31T03:00:00-00:00","SP15","Wind","Renewable Forecast Actual Generation","RENEW_FCST_ACT_MW",3,1,61.95814,"ACTUAL",4
"78","2019-01-30",18,0,"2019-01-31T01:00:00-00:00","2019-01-31T02:00:00-00:00","SP15","Wind","Renewable Forecast Actual Generation","RENEW_FCST_ACT_MW",3,1,73.73634,"ACTUAL",4
"79","2019-01-30",17,0,"2019-01-31T00:00:00-00:00","2019-01-31T01:00:00-00:00","SP15","Wind","Renewable Forecast Actual Generation","RENEW_FCST_ACT_MW",3,1,83.79457,"ACTUAL",4
"80","2019-01-30",16,0,"2019-01-30T23:00:00-00:00","2019-01-31T00:00:00-00:00","SP15","Wind","Renewable Forecast Actual Generation","RENEW_FCST_ACT_MW",3,1,98.41489,"ACTUAL",4
"81","2019-01-30",15,0,"2019-01-30T22:00:00-00:00","2019-01-30T23:00:00-00:00","SP15","Wind","Renewable Forecast Actual Generation","RENEW_FCST_ACT_MW",3,1,93.17224,"ACTUAL",4
"82","2019-01-30",14,0,"2019-01-30T21:00:00-00:00","2019-01-30T22:00:00-00:00","SP15","Wind","Renewable Forecast Actual Generation","RENEW_FCST_ACT_MW",3,1,86.07006,"ACTUAL",4
"83","2019-01-30",13,0,"2019-01-30T20:00:00-00:00","2019-01-30T21:00:00-00:00","SP15","Wind","Renewable Forecast Actual Generation","RENEW_FCST_ACT_MW",3,1,88.34197,"ACTUAL",4
"84","2019-01-30",12,0,"2019-01-30T19:00:00-00:00","2019-01-30T20:00:00-00:00","SP15","Wind","Renewable Forecast Actual Generation","RENEW_FCST_ACT_MW",3,1,82.04202,"ACTUAL",4
"85","2019-01-30",11,0,"2019-01-30T18:00:00-00:00","2019-01-30T19:00:00-00:00","SP15","Wind","Renewable Forecast Actual Generation","RENEW_FCST_ACT_MW",3,1,96.45771,"ACTUAL",4
"86","2019-01-30",10,0,"2019-01-30T17:00:00-00:00","2019-01-30T18:00:00-00:00","SP15","Wind","Renewable Forecast Actual Generation","RENEW_FCST_ACT_MW",3,1,105.11207,"ACTUAL",4
"87","2019-01-30",9,0,"2019-01-30T16:00:00-00:00","2019-01-30T17:00:00-00:00","SP15","Wind","Renewable Forecast Actual Generation","RENEW_FCST_ACT_MW",3,1,94.25406,"ACTUAL",4
"88","2019-01-30",8,0,"2019-01-30T15:00:00-00:00","2019-01-30T16:00:00-00:00","SP15","Wind","Renewable Forecast Actual Generation","RENEW_FCST_ACT_MW",3,1,92.51947,"ACTUAL",4
"89","2019-01-30",7,0,"2019-01-30T14:00:00-00:00","2019-01-30T15:00:00-00:00","SP15","Wind","Renewable Forecast Actual Generation","RENEW_FCST_ACT_MW",3,1,96.85147,"ACTUAL",4
"90","2019-01-30",6,0,"2019-01-30T13:00:00-00:00","2019-01-30T14:00:00-00:00","SP15","Wind","Renewable Forecast Actual Generation","RENEW_FCST_ACT_MW",3,1,88.60846,"ACTUAL",4
"91","2019-01-30",5,0,"2019-01-30T12:00:00-00:00","2019-01-30T13:00:00-00:00","SP15","Wind","Renewable Forecast Actual Generation","RENEW_FCST_ACT_MW",3,1,74.52085,"ACTUAL",4
"92","2019-01-30",4,0,"2019-01-30T11:00:00-00:00","2019-01-30T12:00:00-00:00","SP15","Wind","Renewable Forecast Actual Generation","RENEW_FCST_ACT_MW",3,1,77.78599,"ACTUAL",4
"93","2019-01-30",3,0,"2019-01-30T10:00:00-00:00","2019-01-30T11:00:00-00:00","SP15","Wind","Renewable Forecast Actual Generation","RENEW_FCST_ACT_MW",3,1,72.77224,"ACTUAL",4
"94","2019-01-30",2,0,"2019-01-30T09:00:00-00:00","2019-01-30T10:00:00-00:00","SP15","Wind","Renewable Forecast Actual Generation","RENEW_FCST_ACT_MW",3,1,79.11338,"ACTUAL",4
"95","2019-01-30",24,0,"2019-01-31T07:00:00-00:00","2019-01-31T08:00:00-00:00","SP15","Wind","Renewable Forecast Actual Generation","RENEW_FCST_ACT_MW",3,1,66.31805,"ACTUAL",4
"96","2019-01-30",1,0,"2019-01-30T08:00:00-00:00","2019-01-30T09:00:00-00:00","SP15","Wind","Renewable Forecast Actual Generation","RENEW_FCST_ACT_MW",3,1,95.60135,"ACTUAL",4
"97","2019-01-30",1,0,"2019-01-30T08:00:00-00:00","2019-01-30T09:00:00-00:00","ZP26","Solar","Renewable Forecast Actual Generation","RENEW_FCST_ACT_MW",3,3,-4.06724,"ACTUAL",5
"98","2019-01-30",24,0,"2019-01-31T07:00:00-00:00","2019-01-31T08:00:00-00:00","ZP26","Solar","Renewable Forecast Actual Generation","RENEW_FCST_ACT_MW",3,3,-4.10412,"ACTUAL",5
"99","2019-01-30",3,0,"2019-01-30T10:00:00-00:00","2019-01-30T11:00:00-00:00","ZP26","Solar","Renewable Forecast Actual Generation","RENEW_FCST_ACT_MW",3,3,-4.0735,"ACTUAL",5
"100","2019-01-30",4,0,"2019-01-30T11:00:00-00:00","2019-01-30T12:00:00-00:00","ZP26","Solar","Renewable Forecast Actual Generation","RENEW_FCST_ACT_MW",3,3,-4.53732,"ACTUAL",5
"101","2019-01-30",5,0,"2019-01-30T12:00:00-00:00","2019-01-30T13:00:00-00:00","ZP26","Solar","Renewable Forecast Actual Generation","RENEW_FCST_ACT_MW",3,3,-4.50682,"ACTUAL",5
"102","2019-01-30",6,0,"2019-01-30T13:00:00-00:00","2019-01-30T14:00:00-00:00","ZP26","Solar","Renewable Forecast Actual Generation","RENEW_FCST_ACT_MW",3,3,-4.5304,"ACTUAL",5
"103","2019-01-30",7,0,"2019-01-30T14:00:00-00:00","2019-01-30T15:00:00-00:00","ZP26","Solar","Renewable Forecast Actual Generation","RENEW_FCST_ACT_MW",3,3,-4.48841,"ACTUAL",5
"104","2019-01-30",8,0,"2019-01-30T15:00:00-00:00","2019-01-30T16:00:00-00:00","ZP26","Solar","Renewable Forecast Actual Generation","RENEW_FCST_ACT_MW",3,3,56.36985,"ACTUAL",5
"105","2019-01-30",9,0,"2019-01-30T16:00:00-00:00","2019-01-30T17:00:00-00:00","ZP26","Solar","Renewable Forecast Actual Generation","RENEW_FCST_ACT_MW",3,3,447.52457,"ACTUAL",5
"106","2019-01-30",10,0,"2019-01-30T17:00:00-00:00","2019-01-30T18:00:00-00:00","ZP26","Solar","Renewable Forecast Actual Generation","RENEW_FCST_ACT_MW",3,3,902.63222,"ACTUAL",5
"107","2019-01-30",11,0,"2019-01-30T18:00:00-00:00","2019-01-30T19:00:00-00:00","ZP26","Solar","Renewable Forecast Actual Generation","RENEW_FCST_ACT_MW",3,3,1259.54046,"ACTUAL",5
"108","2019-01-30",12,0,"2019-01-30T19:00:00-00:00","2019-01-30T20:00:00-00:00","ZP26","Solar","Renewable Forecast Actual Generation","RENEW_FCST_ACT_MW",3,3,1323.17687,"ACTUAL",5
"109","2019-01-30",13,0,"2019-01-30T20:00:00-00:00","2019-01-30T21:00:00-00:00","ZP26","Solar","Renewable Forecast Actual Generation","RENEW_FCST_ACT_MW",3,3,1304.77843,"ACTUAL",5
"110","2019-01-30",14,0,"2019-01-30T21:00:00-00:00","2019-01-30T22:00:00-00:00","ZP26","Solar","Renewable Forecast Actual Generation","RENEW_FCST_ACT_MW",3,3,1309.60644,"ACTUAL",5
"111","2019-01-30",15,0,"2019-01-30T22:00:00-00:00","2019-01-30T23:00:00-00:00","ZP26","Solar","Renewable Forecast Actual Generation","RENEW_FCST_ACT_MW",3,3,1168.76606,"ACTUAL",5
"112","2019-01-30",16,0,"2019-01-30T23:00:00-00:00","2019-01-31T00:00:00-00:00","ZP26","Solar","Renewable Forecast Actual Generation","RENEW_FCST_ACT_MW",3,3,721.68758,"ACTUAL",5
"113","2019-01-30",17,0,"2019-01-31T00:00:00-00:00","2019-01-31T01:00:00-00:00","ZP26","Solar","Renewable Forecast Actual Generation","RENEW_FCST_ACT_MW",3,3,339.33906,"ACTUAL",5
"114","2019-01-30",18,0,"2019-01-31T01:00:00-00:00","2019-01-31T02:00:00-00:00","ZP26","Solar","Renewable Forecast Actual Generation","RENEW_FCST_ACT_MW",3,3,9.33063,"ACTUAL",5
"115","2019-01-30",19,0,"2019-01-31T02:00:00-00:00","2019-01-31T03:00:00-00:00","ZP26","Solar","Renewable Forecast Actual Generation","RENEW_FCST_ACT_MW",3,3,-4.07432,"ACTUAL",5
"116","2019-01-30",20,0,"2019-01-31T03:00:00-00:00","2019-01-31T04:00:00-00:00","ZP26","Solar","Renewable Forecast Actual Generation","RENEW_FCST_ACT_MW",3,3,-4.05037,"ACTUAL",5
"117","2019-01-30",21,0,"2019-01-31T04:00:00-00:00","2019-01-31T05:00:00-00:00","ZP26","Solar","Renewable Forecast Actual Generation","RENEW_FCST_ACT_MW",3,3,-4.04984,"ACTUAL",5
"118","2019-01-30",22,0,"2019-01-31T05:00:00-00:00","2019-01-31T06:00:00-00:00","ZP26","Solar","Renewable Forecast Actual Generation","RENEW_FCST_ACT_MW",3,3,-4.06188,"ACTUAL",5
"119","2019-01-30",23,0,"2019-01-31T06:00:00-00:00","2019-01-31T07:00:00-00:00","ZP26","Solar","Renewable Forecast Actual Generation","RENEW_FCST_ACT_MW",3,3,-4.11112,"ACTUAL",5
"120","2019-01-30",2,0,"2019-01-30T09:00:00-00:00","2019-01-30T10:00:00-00:00","ZP26","Solar","Renewable Forecast Actual Generation","RENEW_FCST_ACT_MW",3,3,-4.05986,"ACTUAL",5
