"","OPR_DT","OPR_HR","OPR_INTERVAL","INTERVALSTARTTIME_GMT","INTERVALENDTIME_GMT","TRADING_HUB","RENEWABLE_TYPE","LABEL","XML_DATA_ITEM","MARKET_RUN_ID_POS","RENEW_POS","MW","MARKET_RUN_ID","GROUP"
"1","2019-05-09",2,0,"2019-05-09T08:00:00-00:00","2019-05-09T09:00:00-00:00","NP15","Solar","Renewable Forecast Actual Generation","RENEW_FCST_ACT_MW",3,3,-2.17364,"ACTUAL",1
"2","2019-05-09",3,0,"2019-05-09T09:00:00-00:00","2019-05-09T10:00:00-00:00","NP15","Solar","Renewable Forecast Actual Generation","RENEW_FCST_ACT_MW",3,3,-2.15174,"ACTUAL",1
"3","2019-05-09",4,0,"2019-05-09T10:00:00-00:00","2019-05-09T11:00:00-00:00","NP15","Solar","Renewable Forecast Actual Generation","RENEW_FCST_ACT_MW",3,3,-2.18617,"ACTUAL",1
"4","2019-05-09",5,0,"2019-05-09T11:00:00-00:00","2019-05-09T12:00:00-00:00","NP15","Solar","Renewable Forecast Actual Generation","RENEW_FCST_ACT_MW",3,3,-2.18884,"ACTUAL",1
"5","2019-05-09",6,0,"2019-05-09T12:00:00-00:00","2019-05-09T13:00:00-00:00","NP15","Solar","Renewable Forecast Actual Generation","RENEW_FCST_ACT_MW",3,3,-2.17832,"ACTUAL",1
"6","2019-05-09",7,0,"2019-05-09T13:00:00-00:00","2019-05-09T14:00:00-00:00","NP15","Solar","Renewable Forecast Actual Generation","RENEW_FCST_ACT_MW",3,3,110.27601,"ACTUAL",1
"7","2019-05-09",8,0,"2019-05-09T14:00:00-00:00","2019-05-09T15:00:00-00:00","NP15","Solar","Renewable Forecast Actual Generation","RENEW_FCST_ACT_MW",3,3,734.08889,"ACTUAL",1
"8","2019-05-09",9,0,"2019-05-09T15:00:00-00:00","2019-05-09T16:00:00-00:00","NP15","Solar","Renewable Forecast Actual Generation","RENEW_FCST_ACT_MW",3,3,1191.98495,"ACTUAL",1
"9","2019-05-09",10,0,"2019-05-09T16:00:00-00:00","2019-05-09T17:00:00-00:00","NP15","Solar","Renewable Forecast Actual Generation","RENEW_FCST_ACT_MW",3,3,1333.86581,"ACTUAL",1
"10","2019-05-09",11,0,"2019-05-09T17:00:00-00:00","2019-05-09T18:00:00-00:00","NP15","Solar","Renewable Forecast Actual Generation","RENEW_FCST_ACT_MW",3,3,1377.44866,"ACTUAL",1
"11","2019-05-09",12,0,"2019-05-09T18:00:00-00:00","2019-05-09T19:00:00-00:00","NP15","Solar","Renewable Forecast Actual Generation","RENEW_FCST_ACT_MW",3,3,1392.19516,"ACTUAL",1
"12","2019-05-09",13,0,"2019-05-09T19:00:00-00:00","2019-05-09T20:00:00-00:00","NP15","Solar","Renewable Forecast Actual Generation","RENEW_FCST_ACT_MW",3,3,1393.44431,"ACTUAL",1
"13","2019-05-09",14,0,"2019-05-09T20:00:00-00:00","2019-05-09T21:00:00-00:00","NP15","Solar","Renewable Forecast Actual Generation","RENEW_FCST_ACT_MW",3,3,1370.24992,"ACTUAL",1
"14","2019-05-09",15,0,"2019-05-09T21:00:00-00:00","2019-05-09T22:00:00-00:00","NP15","Solar","Renewable Forecast Actual Generation","RENEW_FCST_ACT_MW",3,3,1369.87228,"ACTUAL",1
"15","2019-05-09",16,0,"2019-05-09T22:00:00-00:00","2019-05-09T23:00:00-00:00","NP15","Solar","Renewable Forecast Actual Generation","RENEW_FCST_ACT_MW",3,3,1370.59512,"ACTUAL",1
"16","2019-05-09",17,0,"2019-05-09T23:00:00-00:00","2019-05-10T00:00:00-00:00","NP15","Solar","Renewable Forecast Actual Generation","RENEW_FCST_ACT_MW",3,3,1276.47151,"ACTUAL",1
"17","2019-05-09",18,0,"2019-05-10T00:00:00-00:00","2019-05-10T01:00:00-00:00","NP15","Solar","Renewable Forecast Actual Generation","RENEW_FCST_ACT_MW",3,3,1121.1652,"ACTUAL",1
"18","2019-05-09",19,0,"2019-05-10T01:00:00-00:00","2019-05-10T02:00:00-00:00","NP15","Solar","Renewable Forecast Actual Generation","RENEW_FCST_ACT_MW",3,3,652.45302,"ACTUAL",1
"19","2019-05-09",20,0,"2019-05-10T02:00:00-00:00","2019-05-10T03:00:00-00:00","NP15","Solar","Renewable Forecast Actual Generation","RENEW_FCST_ACT_MW",3,3,108.40045,"ACTUAL",1
"20","2019-05-09",21,0,"2019-05-10T03:00:00-00:00","2019-05-10T04:00:00-00:00","NP15","Solar","Renewable Forecast Actual Generation","RENEW_FCST_ACT_MW",3,3,4.28438,"ACTUAL",1
"21","2019-05-09",22,0,"2019-05-10T04:00:00-00:00","2019-05-10T05:00:00-00:00","NP15","Solar","Renewable Forecast Actual Generation","RENEW_FCST_ACT_MW",3,3,-0.22491,"ACTUAL",1
"22","2019-05-09",23,0,"2019-05-10T05:00:00-00:00","2019-05-10T06:00:00-00:00","NP15","Solar","Renewable Forecast Actual Generation","RENEW_FCST_ACT_MW",3,3,-0.22492,"ACTUAL",1
"23","2019-05-09",24,0,"2019-05-10T06:00:00-00:00","2019-05-10T07:00:00-00:00","NP15","Solar","Renewable Forecast Actual Generation","RENEW_FCST_ACT_MW",3,3,-0.25057,"ACTUAL",1
"24","2019-05-09",18,0,"2019-05-10T00:00:00-00:00","2019-05-10T01:00:00-00:00","NP15","Wind","Renewable Forecast Actual Generation","RENEW_FCST_ACT_MW",3,1,1396.28987,"ACTUAL",2
"25","2019-05-09",6,0,"2019-05-09T12:00:00-00:00","2019-05-09T13:00:00-00:00","NP15","Wind","Renewable Forecast Actual Generation","RENEW_FCST_ACT_MW",3,1,1313.69493,"ACTUAL",2
"26","2019-05-09",17,0,"2019-05-09T23:00:00-00:00","2019-05-10T00:00:00-00:00","NP15","Wind","Renewable Forecast Actual Generation","RENEW_FCST_ACT_MW",3,1,1393.38708,"ACTUAL",2
"27","2019-05-09",16,0,"2019-05-09T22:00:00-00:00","2019-05-09T23:00:00-00:00","NP15","Wind","Renewable Forecast Actual Generation","RENEW_FCST_ACT_MW",3,1,1366.22023,"ACTUAL",2
"28","2019-05-09",15,0,"2019-05-09T21:00:00-00:00","2019-05-09T22:00:00-00:00","NP15","Wind","Renewable Forecast Actual Generation","RENEW_FCST_ACT_MW",3,1,1327.17155,"ACTUAL",2
"29","2019-05-09",14,0,"2019-05-09T20:00:00-00:00","2019-05-09T21:00:00-00:00","NP15","Wind","Renewable Forecast Actual Generation","RENEW_FCST_ACT_MW",3,1,1166.45979,"ACTUAL",2
"30","2019-05-09",13,0,"2019-05-09T19:00:00-00:00","2019-05-09T20:00:00-00:00","NP15","Wind","Renewable Forecast Actual Generation","RENEW_FCST_ACT_MW",3,1,1012.96757,"ACTUAL",2
"31","2019-05-09",12,0,"2019-05-09T18:00:00-00:00","2019-05-09T19:00:00-00:00","NP15","Wind","Renewable Forecast Actual Generation","RENEW_FCST_ACT_MW",3,1,970.53845,"ACTUAL",2
"32","2019-05-09",11,0,"2019-05-09T17:00:00-00:00","2019-05-09T18:00:00-00:00","NP15","Wind","Renewable Forecast Actual Generation","RENEW_FCST_ACT_MW",3,1,970.01604,"ACTUAL",2
"33","2019-05-09",10,0,"2019-05-09T16:00:00-00:00","2019-05-09T17:00:00-00:00","NP15","Wind","Renewable Forecast Actual Generation","RENEW_FCST_ACT_MW",3,1,967.98449,"ACTUAL",2
"34","2019-05-09",9,0,"2019-05-09T15:00:00-00:00","2019-05-09T16:00:00-00:00","NP15","Wind","Renewable Forecast Actual Generation","RENEW_FCST_ACT_MW",3,1,1002.66679,"ACTUAL",2
"35","2019-05-09",8,0,"2019-05-09T14:00:00-00:00","2019-05-09T15:00:00-00:00","NP15","Wind","Renewable Forecast Actual Generation","RENEW_FCST_ACT_MW",3,1,1118.89903,"ACTUAL",2
"36","2019-05-09",7,0,"2019-05-09T13:00:00-00:00","2019-05-09T14:00:00-00:00","NP15","Wind","Renewable Forecast Actual Generation","RENEW_FCST_ACT_MW",3,1,1212.39094,"ACTUAL",2
"37","2019-05-09",5,0,"2019-05-09T11:00:00-00:00","2019-05-09T12:00:00-00:00","NP15","Wind","Renewable Forecast Actual Generation","RENEW_FCST_ACT_MW",3,1,1382.21367,"ACTUAL",2
"38","2019-05-09",4,0,"2019-05-09T10:00:00-00:00","2019-05-09T11:00:00-00:00","NP15","Wind","Renewable Forecast Actual Generation","RENEW_FCST_ACT_MW",3,1,1404.96646,"ACTUAL",2
"39","2019-05-09",3,0,"2019-05-09T09:00:00-00:00","2019-05-09T10:00:00-00:00","NP15","Wind","Renewable Forecast Actual Generation","RENEW_FCST_ACT_MW",3,1,1414.8706,"ACTUAL",2
"40","2019-05-09",2,0,"2019-05-09T08:00:00-00:00","2019-05-09T09:00:00-00:00","NP15","Wind","Renewable Forecast Actual Generation","RENEW_FCST_ACT_MW",3,1,1418.61099,"ACTUAL",2
"41","2019-05-09",24,0,"2019-05-10T06:00:00-00:00","2019-05-10T07:00:00-00:00","NP15","Wind","Renewable Forecast Actual Generation","RENEW_FCST_ACT_MW",3,1,1420.08463,"ACTUAL",2
"42","2019-05-09",23,0,"2019-05-10T05:00:00-00:00","2019-05-10T06:00:00-00:00","NP15","Wind","Renewable Forecast Actual Generation","RENEW_FCST_ACT_MW",3,1,1427.35845,"ACTUAL",2
"43","2019-05-09",22,0,"2019-05-10T04:00:00-00:00","2019-05-10T05:00:00-00:00","NP15","Wind","Renewable Forecast Actual Generation","RENEW_FCST_ACT_MW",3,1,1438.3348,"ACTUAL",2
"44","2019-05-09",21,0,"2019-05-10T03:00:00-00:00","2019-05-10T04:00:00-00:00","NP15","Wind","Renewable Forecast Actual Generation","RENEW_FCST_ACT_MW",3,1,1381.10188,"ACTUAL",2
"45","2019-05-09",20,0,"2019-05-10T02:00:00-00:00","2019-05-10T03:00:00-00:00","NP15","Wind","Renewable Forecast Actual Generation","RENEW_FCST_ACT_MW",3,1,1418.79474,"ACTUAL",2
"46","2019-05-09",19,0,"2019-05-10T01:00:00-00:00","2019-05-10T02:00:00-00:00","NP15","Wind","Renewable Forecast Actual Generation","RENEW_FCST_ACT_MW",3,1,1408.12182,"ACTUAL",2
"47","2019-05-09",6,0,"2019-05-09T12:00:00-00:00","2019-05-09T13:00:00-00:00","SP15","Solar","Renewable Forecast Actual Generation","RENEW_FCST_ACT_MW",3,3,4.15517,"ACTUAL",3
"48","2019-05-09",18,0,"2019-05-10T00:00:00-00:00","2019-05-10T01:00:00-00:00","SP15","Solar","Renewable Forecast Actual Generation","RENEW_FCST_ACT_MW",3,3,3941.18224,"ACTUAL",3
"49","2019-05-09",5,0,"2019-05-09T11:00:00-00:00","2019-05-09T12:00:00-00:00","SP15","Solar","Renewable Forecast Actual Generation","RENEW_FCST_ACT_MW",3,3,3.34529,"ACTUAL",3
"50","2019-05-09",11,0,"2019-05-09T17:00:00-00:00","2019-05-09T18:00:00-00:00","SP15","Solar","Renewable Forecast Actual Generation","RENEW_FCST_ACT_MW",3,3,6136.48025,"ACTUAL",3
"51","2019-05-09",4,0,"2019-05-09T10:00:00-00:00","2019-05-09T11:00:00-00:00","SP15","Solar","Renewable Forecast Actual Generation","RENEW_FCST_ACT_MW",3,3,4.1444,"ACTUAL",3
"52","2019-05-09",15,0,"2019-05-09T21:00:00-00:00","2019-05-09T22:00:00-00:00","SP15","Solar","Renewable Forecast Actual Generation","RENEW_FCST_ACT_MW",3,3,6480.06213,"ACTUAL",3
"53","2019-05-09",3,0,"2019-05-09T09:00:00-00:00","2019-05-09T10:00:00-00:00","SP15","Solar","Renewable Forecast Actual Generation","RENEW_FCST_ACT_MW",3,3,5.50301,"ACTUAL",3
"54","2019-05-09",10,0,"2019-05-09T16:00:00-00:00","2019-05-09T17:00:00-00:00","SP15","Solar","Renewable Forecast Actual Generation","RENEW_FCST_ACT_MW",3,3,5173.31018,"ACTUAL",3
"55","2019-05-09",2,0,"2019-05-09T08:00:00-00:00","2019-05-09T09:00:00-00:00","SP15","Solar","Renewable Forecast Actual Generation","RENEW_FCST_ACT_MW",3,3,5.03227,"ACTUAL",3
"56","2019-05-09",13,0,"2019-05-09T19:00:00-00:00","2019-05-09T20:00:00-00:00","SP15","Solar","Renewable Forecast Actual Generation","RENEW_FCST_ACT_MW",3,3,6498.80696,"ACTUAL",3
"57","2019-05-09",24,0,"2019-05-10T06:00:00-00:00","2019-05-10T07:00:00-00:00","SP15","Solar","Renewable Forecast Actual Generation","RENEW_FCST_ACT_MW",3,3,4.73553,"ACTUAL",3
"58","2019-05-09",9,0,"2019-05-09T15:00:00-00:00","2019-05-09T16:00:00-00:00","SP15","Solar","Renewable Forecast Actual Generation","RENEW_FCST_ACT_MW",3,3,3502.11256,"ACTUAL",3
"59","2019-05-09",23,0,"2019-05-10T05:00:00-00:00","2019-05-10T06:00:00-00:00","SP15","Solar","Renewable Forecast Actual Generation","RENEW_FCST_ACT_MW",3,3,4.9353,"ACTUAL",3
"60","2019-05-09",16,0,"2019-05-09T22:00:00-00:00","2019-05-09T23:00:00-00:00","SP15","Solar","Renewable Forecast Actual Generation","RENEW_FCST_ACT_MW",3,3,6063.87968,"ACTUAL",3
"61","2019-05-09",22,0,"2019-05-10T04:00:00-00:00","2019-05-10T05:00:00-00:00","SP15","Solar","Renewable Forecast Actual Generation","RENEW_FCST_ACT_MW",3,3,4.49968,"ACTUAL",3
"62","2019-05-09",8,0,"2019-05-09T14:00:00-00:00","2019-05-09T15:00:00-00:00","SP15","Solar","Renewable Forecast Actual Generation","RENEW_FCST_ACT_MW",3,3,1981.51556,"ACTUAL",3
"63","2019-05-09",21,0,"2019-05-10T03:00:00-00:00","2019-05-10T04:00:00-00:00","SP15","Solar","Renewable Forecast Actual Generation","RENEW_FCST_ACT_MW",3,3,3.50032,"ACTUAL",3
"64","2019-05-09",12,0,"2019-05-09T18:00:00-00:00","2019-05-09T19:00:00-00:00","SP15","Solar","Renewable Forecast Actual Generation","RENEW_FCST_ACT_MW",3,3,6442.82499,"ACTUAL",3
"65","2019-05-09",20,0,"2019-05-10T02:00:00-00:00","2019-05-10T03:00:00-00:00","SP15","Solar","Renewable Forecast Actual Generation","RENEW_FCST_ACT_MW",3,3,124.6679,"ACTUAL",3
"66","2019-05-09",7,0,"2019-05-09T13:00:00-00:00","2019-05-09T14:00:00-00:00","SP15","Solar","Renewable Forecast Actual Generation","RENEW_FCST_ACT_MW",3,3,561.33364,"ACTUAL",3
"67","2019-05-09",19,0,"2019-05-10T01:00:00-00:00","2019-05-10T02:00:00-00:00","SP15","Solar","Renewable Forecast Actual Generation","RENEW_FCST_ACT_MW",3,3,1591.38515,"ACTUAL",3
"68","2019-05-09",14,0,"2019-05-09T20:00:00-00:00","2019-05-09T21:00:00-00:00","SP15","Solar","Renewable Forecast Actual Generation","RENEW_FCST_ACT_MW",3,3,6501.39025,"ACTUAL",3
"69","2019-05-09",17,0,"2019-05-09T23:00:00-00:00","2019-05-10T00:00:00-00:00","SP15","Solar","Renewable Forecast Actual Generation","RENEW_FCST_ACT_MW",3,3,5622.84364,"ACTUAL",3
"70","2019-05-09",18,0,"2019-05-10T00:00:00-00:00","2019-05-10T01:00:00-00:00","SP15","Wind","Renewable Forecast Actual Generation","RENEW_FCST_ACT_MW",3,1,1952.94355,"ACTUAL",4
"71","2019-05-09",19,0,"2019-05-10T01:00:00-00:00","2019-05-10T02:00:00-00:00","SP15","Wind","Renewable Forecast Actual Generation","RENEW_FCST_ACT_MW",3,1,2097.16395,"ACTUAL",4
"72","2019-05-09",20,0,"2019-05-10T02:00:00-00:00","2019-05-10T03:00:00-00:00","SP15","Wind","Renewable Forecast Actual Generation","RENEW_FCST_ACT_MW",3,1,1880.30643,"ACTUAL",4
"73","2019-05-09",21,0,"2019-05-10T03:00:00-00:00","2019-05-10T04:00:00-00:00","SP15","Wind","Renewable Forecast Actual Generation","RENEW_FCST_ACT_MW",3,1,1961.2072,"ACTUAL",4
"74","2019-05-09",22,0,"2019-05-10T04:00:00-00:00","2019-05-10T05:00:00-00:00","SP15","Wind","Renewable Forecast Actual Generation","RENEW_FCST_ACT_MW",3,1,1851.61318,"ACTUAL",4
"75","2019-05-09",23,0,"2019-05-10T05:00:00-00:00","2019-05-10T06:00:00-00:00","SP15","Wind","Renewable Forecast Actual Generation","RENEW_FCST_ACT_MW",3,1,1727.51271,"ACTUAL",4
"76","2019-05-09",24,0,"2019-05-10T06:00:00-00:00","2019-05-10T07:00:00-00:00","SP15","Wind","Renewable Forecast Actual Generation","RENEW_FCST_ACT_MW",3,1,1425.90902,"ACTUAL",4
"77","2019-05-09",2,0,"2019-05-09T08:00:00-00:00","2019-05-09T09:00:00-00:00","SP15","Wind","Renewable Forecast Actual Generation","RENEW_FCST_ACT_MW",3,1,2321.2024,"ACTUAL",4
"78","2019-05-09",3,0,"2019-05-09T09:00:00-00:00","2019-05-09T10:00:00-00:00","SP15","Wind","Renewable Forecast Actual Generation","RENEW_FCST_ACT_MW",3,1,1935.34639,"ACTUAL",4
"79","2019-05-09",4,0,"2019-05-09T10:00:00-00:00","2019-05-09T11:00:00-00:00","SP15","Wind","Renewable Forecast Actual Generation","RENEW_FCST_ACT_MW",3,1,1768.80816,"ACTUAL",4
"80","2019-05-09",5,0,"2019-05-09T11:00:00-00:00","2019-05-09T12:00:00-00:00","SP15","Wind","Renewable Forecast Actual Generation","RENEW_FCST_ACT_MW",3,1,1594.43013,"ACTUAL",4
"81","2019-05-09",6,0,"2019-05-09T12:00:00-00:00","2019-05-09T13:00:00-00:00","SP15","Wind","Renewable Forecast Actual Generation","RENEW_FCST_ACT_MW",3,1,1333.16525,"ACTUAL",4
"82","2019-05-09",7,0,"2019-05-09T13:00:00-00:00","2019-05-09T14:00:00-00:00","SP15","Wind","Renewable Forecast Actual Generation","RENEW_FCST_ACT_MW",3,1,1133.43683,"ACTUAL",4
"83","2019-05-09",8,0,"2019-05-09T14:00:00-00:00","2019-05-09T15:00:00-00:00","SP15","Wind","Renewable Forecast Actual Generation","RENEW_FCST_ACT_MW",3,1,959.06723,"ACTUAL",4
"84","2019-05-09",9,0,"2019-05-09T15:00:00-00:00","2019-05-09T16:00:00-00:00","SP15","Wind","Renewable Forecast Actual Generation","RENEW_FCST_ACT_MW",3,1,857.94619,"ACTUAL",4
"85","2019-05-09",10,0,"2019-05-09T16:00:00-00:00","2019-05-09T17:00:00-00:00","SP15","Wind","Renewable Forecast Actual Generation","RENEW_FCST_ACT_MW",3,1,836.99031,"ACTUAL",4
"86","2019-05-09",11,0,"2019-05-09T17:00:00-00:00","2019-05-09T18:00:00-00:00","SP15","Wind","Renewable Forecast Actual Generation","RENEW_FCST_ACT_MW",3,1,929.58801,"ACTUAL",4
"87","2019-05-09",12,0,"2019-05-09T18:00:00-00:00","2019-05-09T19:00:00-00:00","SP15","Wind","Renewable Forecast Actual Generation","RENEW_FCST_ACT_MW",3,1,967.36915,"ACTUAL",4
"88","2019-05-09",13,0,"2019-05-09T19:00:00-00:00","2019-05-09T20:00:00-00:00","SP15","Wind","Renewable Forecast Actual Generation","RENEW_FCST_ACT_MW",3,1,882.13062,"ACTUAL",4
"89","2019-05-09",14,0,"2019-05-09T20:00:00-00:00","2019-05-09T21:00:00-00:00","SP15","Wind","Renewable Forecast Actual Generation","RENEW_FCST_ACT_MW",3,1,889.07713,"ACTUAL",4
"90","2019-05-09",15,0,"2019-05-09T21:00:00-00:00","2019-05-09T22:00:00-00:00","SP15","Wind","Renewable Forecast Actual Generation","RENEW_FCST_ACT_MW",3,1,1016.30583,"ACTUAL",4
"91","2019-05-09",16,0,"2019-05-09T22:00:00-00:00","2019-05-09T23:00:00-00:00","SP15","Wind","Renewable Forecast Actual Generation","RENEW_FCST_ACT_MW",3,1,1235.40909,"ACTUAL",4
"92","2019-05-09",17,0,"2019-05-09T23:00:00-00:00","2019-05-10T00:00:00-00:00","SP15","Wind","Renewable Forecast Actual Generation","RENEW_FCST_ACT_MW",3,1,1490.67246,"ACTUAL",4
"93","2019-05-09",18,0,"2019-05-10T00:00:00-00:00","2019-05-10T01:00:00-00:00","ZP26","Solar","Renewable Forecast Actual Generation","RENEW_FCST_ACT_MW",3,3,1017.64636,"ACTUAL",5
"94","2019-05-09",17,0,"2019-05-09T23:00:00-00:00","2019-05-10T00:00:00-00:00","ZP26","Solar","Renewable Forecast Actual Generation","RENEW_FCST_ACT_MW",3,3,1361.7922,"ACTUAL",5
"95","2019-05-09",20,0,"2019-05-10T02:00:00-00:00","2019-05-10T03:00:00-00:00","ZP26","Solar","Renewable Forecast Actual Generation","RENEW_FCST_ACT_MW",3,3,36.19423,"ACTUAL",5
"96","2019-05-09",21,0,"2019-05-10T03:00:00-00:00","2019-05-10T04:00:00-00:00","ZP26","Solar","Renewable Forecast Actual Generation","RENEW_FCST_ACT_MW",3,3,-5.31386,"ACTUAL",5
"97","2019-05-09",22,0,"2019-05-10T04:00:00-00:00","2019-05-10T05:00:00-00:00","ZP26","Solar","Renewable Forecast Actual Generation","RENEW_FCST_ACT_MW",3,3,-5.13072,"ACTUAL",5
"98","2019-05-09",23,0,"2019-05-10T05:00:00-00:00","2019-05-10T06:00:00-00:00","ZP26","Solar","Renewable Forecast Actual Generation","RENEW_FCST_ACT_MW",3,3,-5.12068,"ACTUAL",5
"99","2019-05-09",24,0,"2019-05-10T06:00:00-00:00","2019-05-10T07:00:00-00:00","ZP26","Solar","Renewable Forecast Actual Generation","RENEW_FCST_ACT_MW",3,3,-5.19915,"ACTUAL",5
"100","2019-05-09",2,0,"2019-05-09T08:00:00-00:00","2019-05-09T09:00:00-00:00","ZP26","Solar","Renewable Forecast Actual Generation","RENEW_FCST_ACT_MW",3,3,-5.17222,"ACTUAL",5
"101","2019-05-09",3,0,"2019-05-09T09:00:00-00:00","2019-05-09T10:00:00-00:00","ZP26","Solar","Renewable Forecast Actual Generation","RENEW_FCST_ACT_MW",3,3,-5.13929,"ACTUAL",5
"102","2019-05-09",4,0,"2019-05-09T10:00:00-00:00","2019-05-09T11:00:00-00:00","ZP26","Solar","Renewable Forecast Actual Generation","RENEW_FCST_ACT_MW",3,3,-5.14013,"ACTUAL",5
"103","2019-05-09",5,0,"2019-05-09T11:00:00-00:00","2019-05-09T12:00:00-00:00","ZP26","Solar","Renewable Forecast Actual Generation","RENEW_FCST_ACT_MW",3,3,-5.2585,"ACTUAL",5
"104","2019-05-09",6,0,"2019-05-09T12:00:00-00:00","2019-05-09T13:00:00-00:00","ZP26","Solar","Renewable Forecast Actual Generation","RENEW_FCST_ACT_MW",3,3,-5.2398,"ACTUAL",5
"105","2019-05-09",7,0,"2019-05-09T13:00:00-00:00","2019-05-09T14:00:00-00:00","ZP26","Solar","Renewable Forecast Actual Generation","RENEW_FCST_ACT_MW",3,3,47.98364,"ACTUAL",5
"106","2019-05-09",8,0,"2019-05-09T14:00:00-00:00","2019-05-09T15:00:00-00:00","ZP26","Solar","Renewable Forecast Actual Generation","RENEW_FCST_ACT_MW",3,3,353.21678,"ACTUAL",5
"107","2019-05-09",9,0,"2019-05-09T15:00:00-00:00","2019-05-09T16:00:00-00:00","ZP26","Solar","Renewable Forecast Actual Generation","RENEW_FCST_ACT_MW",3,3,649.83691,"ACTUAL",5
"108","2019-05-09",10,0,"2019-05-09T16:00:00-00:00","2019-05-09T17:00:00-00:00","ZP26","Solar","Renewable Forecast Actual Generation","RENEW_FCST_ACT_MW",3,3,852.08925,"ACTUAL",5
"109","2019-05-09",11,0,"2019-05-09T17:00:00-00:00","2019-05-09T18:00:00-00:00","ZP26","Solar","Renewable Forecast Actual Generation","RENEW_FCST_ACT_MW",3,3,1308.34854,"ACTUAL",5
"110","2019-05-09",12,0,"2019-05-09T18:00:00-00:00","2019-05-09T19:00:00-00:00","ZP26","Solar","Renewable Forecast Actual Generation","RENEW_FCST_ACT_MW",3,3,1546.93273,"ACTUAL",5
"111","2019-05-09",13,0,"2019-05-09T19:00:00-00:00","2019-05-09T20:00:00-00:00","ZP26","Solar","Renewable Forecast Actual Generation","RENEW_FCST_ACT_MW",3,3,1638.83106,"ACTUAL",5
"112","2019-05-09",14,0,"2019-05-09T20:00:00-00:00","2019-05-09T21:00:00-00:00","ZP26","Solar","Renewable Forecast Actual Generation","RENEW_FCST_ACT_MW",3,3,1658.35394,"ACTUAL",5
"113","2019-05-09",15,0,"2019-05-09T21:00:00-00:00","2019-05-09T22:00:00-00:00","ZP26","Solar","Renewable Forecast Actual Generation","RENEW_FCST_ACT_MW",3,3,1678.69086,"ACTUAL",5
"114","2019-05-09",16,0,"2019-05-09T22:00:00-00:00","2019-05-09T23:00:00-00:00","ZP26","Solar","Renewable Forecast Actual Generation","RENEW_FCST_ACT_MW",3,3,1593.23055,"ACTUAL",5
"115","2019-05-09",19,0,"2019-05-10T01:00:00-00:00","2019-05-10T02:00:00-00:00","ZP26","Solar","Renewable Forecast Actual Generation","RENEW_FCST_ACT_MW",3,3,412.46237,"ACTUAL",5
"116","2019-05-10",1,0,"2019-05-10T07:00:00-00:00","2019-05-10T08:00:00-00:00","NP15","Solar","Renewable Forecast Actual Generation","RENEW_FCST_ACT_MW",3,3,-0.27249,"ACTUAL",6
"117","2019-05-10",1,0,"2019-05-10T07:00:00-00:00","2019-05-10T08:00:00-00:00","NP15","Wind","Renewable Forecast Actual Generation","RENEW_FCST_ACT_MW",3,1,1380.80754,"ACTUAL",7
"118","2019-05-10",1,0,"2019-05-10T07:00:00-00:00","2019-05-10T08:00:00-00:00","SP15","Solar","Renewable Forecast Actual Generation","RENEW_FCST_ACT_MW",3,3,4.46278,"ACTUAL",8
"119","2019-05-10",1,0,"2019-05-10T07:00:00-00:00","2019-05-10T08:00:00-00:00","SP15","Wind","Renewable Forecast Actual Generation","RENEW_FCST_ACT_MW",3,1,1203.73584,"ACTUAL",9
"120","2019-05-10",1,0,"2019-05-10T07:00:00-00:00","2019-05-10T08:00:00-00:00","ZP26","Solar","Renewable Forecast Actual Generation","RENEW_FCST_ACT_MW",3,3,-5.18794,"ACTUAL",10
