"","OPR_DT","OPR_HR","OPR_INTERVAL","INTERVALSTARTTIME_GMT","INTERVALENDTIME_GMT","TRADING_HUB","RENEWABLE_TYPE","LABEL","XML_DATA_ITEM","MARKET_RUN_ID_POS","RENEW_POS","MW","MARKET_RUN_ID","GROUP"
"1","2019-01-18",1,0,"2019-01-18T08:00:00-00:00","2019-01-18T09:00:00-00:00","NP15","Solar","Renewable Forecast Actual Generation","RENEW_FCST_ACT_MW",3,3,-2.91275,"ACTUAL",1
"2","2019-01-18",2,0,"2019-01-18T09:00:00-00:00","2019-01-18T10:00:00-00:00","NP15","Solar","Renewable Forecast Actual Generation","RENEW_FCST_ACT_MW",3,3,-2.92332,"ACTUAL",1
"3","2019-01-18",3,0,"2019-01-18T10:00:00-00:00","2019-01-18T11:00:00-00:00","NP15","Solar","Renewable Forecast Actual Generation","RENEW_FCST_ACT_MW",3,3,-2.9194,"ACTUAL",1
"4","2019-01-18",4,0,"2019-01-18T11:00:00-00:00","2019-01-18T12:00:00-00:00","NP15","Solar","Renewable Forecast Actual Generation","RENEW_FCST_ACT_MW",3,3,-2.92042,"ACTUAL",1
"5","2019-01-18",5,0,"2019-01-18T12:00:00-00:00","2019-01-18T13:00:00-00:00","NP15","Solar","Renewable Forecast Actual Generation","RENEW_FCST_ACT_MW",3,3,-2.92462,"ACTUAL",1
"6","2019-01-18",6,0,"2019-01-18T13:00:00-00:00","2019-01-18T14:00:00-00:00","NP15","Solar","Renewable Forecast Actual Generation","RENEW_FCST_ACT_MW",3,3,-2.91583,"ACTUAL",1
"7","2019-01-18",7,0,"2019-01-18T14:00:00-00:00","2019-01-18T15:00:00-00:00","NP15","Solar","Renewable Forecast Actual Generation","RENEW_FCST_ACT_MW",3,3,-2.94209,"ACTUAL",1
"8","2019-01-18",8,0,"2019-01-18T15:00:00-00:00","2019-01-18T16:00:00-00:00","NP15","Solar","Renewable Forecast Actual Generation","RENEW_FCST_ACT_MW",3,3,54.18152,"ACTUAL",1
"9","2019-01-18",9,0,"2019-01-18T16:00:00-00:00","2019-01-18T17:00:00-00:00","NP15","Solar","Renewable Forecast Actual Generation","RENEW_FCST_ACT_MW",3,3,416.69492,"ACTUAL",1
"10","2019-01-18",10,0,"2019-01-18T17:00:00-00:00","2019-01-18T18:00:00-00:00","NP15","Solar","Renewable Forecast Actual Generation","RENEW_FCST_ACT_MW",3,3,742.35321,"ACTUAL",1
"11","2019-01-18",11,0,"2019-01-18T18:00:00-00:00","2019-01-18T19:00:00-00:00","NP15","Solar","Renewable Forecast Actual Generation","RENEW_FCST_ACT_MW",3,3,888.5471,"ACTUAL",1
"12","2019-01-18",12,0,"2019-01-18T19:00:00-00:00","2019-01-18T20:00:00-00:00","NP15","Solar","Renewable Forecast Actual Generation","RENEW_FCST_ACT_MW",3,3,810.41246,"ACTUAL",1
"13","2019-01-18",13,0,"2019-01-18T20:00:00-00:00","2019-01-18T21:00:00-00:00","NP15","Solar","Renewable Forecast Actual Generation","RENEW_FCST_ACT_MW",3,3,835.2237,"ACTUAL",1
"14","2019-01-18",14,0,"2019-01-18T21:00:00-00:00","2019-01-18T22:00:00-00:00","NP15","Solar","Renewable Forecast Actual Generation","RENEW_FCST_ACT_MW",3,3,804.57372,"ACTUAL",1
"15","2019-01-18",15,0,"2019-01-18T22:00:00-00:00","2019-01-18T23:00:00-00:00","NP15","Solar","Renewable Forecast Actual Generation","RENEW_FCST_ACT_MW",3,3,796.98946,"ACTUAL",1
"16","2019-01-18",16,0,"2019-01-18T23:00:00-00:00","2019-01-19T00:00:00-00:00","NP15","Solar","Renewable Forecast Actual Generation","RENEW_FCST_ACT_MW",3,3,457.64629,"ACTUAL",1
"17","2019-01-18",17,0,"2019-01-19T00:00:00-00:00","2019-01-19T01:00:00-00:00","NP15","Solar","Renewable Forecast Actual Generation","RENEW_FCST_ACT_MW",3,3,91.45878,"ACTUAL",1
"18","2019-01-18",18,0,"2019-01-19T01:00:00-00:00","2019-01-19T02:00:00-00:00","NP15","Solar","Renewable Forecast Actual Generation","RENEW_FCST_ACT_MW",3,3,0.02517,"ACTUAL",1
"19","2019-01-18",19,0,"2019-01-19T02:00:00-00:00","2019-01-19T03:00:00-00:00","NP15","Solar","Renewable Forecast Actual Generation","RENEW_FCST_ACT_MW",3,3,-3.36842,"ACTUAL",1
"20","2019-01-18",20,0,"2019-01-19T03:00:00-00:00","2019-01-19T04:00:00-00:00","NP15","Solar","Renewable Forecast Actual Generation","RENEW_FCST_ACT_MW",3,3,-3.39514,"ACTUAL",1
"21","2019-01-18",21,0,"2019-01-19T04:00:00-00:00","2019-01-19T05:00:00-00:00","NP15","Solar","Renewable Forecast Actual Generation","RENEW_FCST_ACT_MW",3,3,-3.37946,"ACTUAL",1
"22","2019-01-18",22,0,"2019-01-19T05:00:00-00:00","2019-01-19T06:00:00-00:00","NP15","Solar","Renewable Forecast Actual Generation","RENEW_FCST_ACT_MW",3,3,-3.34983,"ACTUAL",1
"23","2019-01-18",23,0,"2019-01-19T06:00:00-00:00","2019-01-19T07:00:00-00:00","NP15","Solar","Renewable Forecast Actual Generation","RENEW_FCST_ACT_MW",3,3,-3.33602,"ACTUAL",1
"24","2019-01-18",24,0,"2019-01-19T07:00:00-00:00","2019-01-19T08:00:00-00:00","NP15","Solar","Renewable Forecast Actual Generation","RENEW_FCST_ACT_MW",3,3,-3.34486,"ACTUAL",1
"25","2019-01-18",1,0,"2019-01-18T08:00:00-00:00","2019-01-18T09:00:00-00:00","NP15","Wind","Renewable Forecast Actual Generation","RENEW_FCST_ACT_MW",3,1,60.4044,"ACTUAL",2
"26","2019-01-18",24,0,"2019-01-19T07:00:00-00:00","2019-01-19T08:00:00-00:00","NP15","Wind","Renewable Forecast Actual Generation","RENEW_FCST_ACT_MW",3,1,18.98499,"ACTUAL",2
"27","2019-01-18",3,0,"2019-01-18T10:00:00-00:00","2019-01-18T11:00:00-00:00","NP15","Wind","Renewable Forecast Actual Generation","RENEW_FCST_ACT_MW",3,1,53.41174,"ACTUAL",2
"28","2019-01-18",4,0,"2019-01-18T11:00:00-00:00","2019-01-18T12:00:00-00:00","NP15","Wind","Renewable Forecast Actual Generation","RENEW_FCST_ACT_MW",3,1,10.01098,"ACTUAL",2
"29","2019-01-18",5,0,"2019-01-18T12:00:00-00:00","2019-01-18T13:00:00-00:00","NP15","Wind","Renewable Forecast Actual Generation","RENEW_FCST_ACT_MW",3,1,1.69564,"ACTUAL",2
"30","2019-01-18",6,0,"2019-01-18T13:00:00-00:00","2019-01-18T14:00:00-00:00","NP15","Wind","Renewable Forecast Actual Generation","RENEW_FCST_ACT_MW",3,1,-1.97765,"ACTUAL",2
"31","2019-01-18",7,0,"2019-01-18T14:00:00-00:00","2019-01-18T15:00:00-00:00","NP15","Wind","Renewable Forecast Actual Generation","RENEW_FCST_ACT_MW",3,1,5.78111,"ACTUAL",2
"32","2019-01-18",8,0,"2019-01-18T15:00:00-00:00","2019-01-18T16:00:00-00:00","NP15","Wind","Renewable Forecast Actual Generation","RENEW_FCST_ACT_MW",3,1,2.33376,"ACTUAL",2
"33","2019-01-18",9,0,"2019-01-18T16:00:00-00:00","2019-01-18T17:00:00-00:00","NP15","Wind","Renewable Forecast Actual Generation","RENEW_FCST_ACT_MW",3,1,3.92616,"ACTUAL",2
"34","2019-01-18",10,0,"2019-01-18T17:00:00-00:00","2019-01-18T18:00:00-00:00","NP15","Wind","Renewable Forecast Actual Generation","RENEW_FCST_ACT_MW",3,1,-2.80356,"ACTUAL",2
"35","2019-01-18",11,0,"2019-01-18T18:00:00-00:00","2019-01-18T19:00:00-00:00","NP15","Wind","Renewable Forecast Actual Generation","RENEW_FCST_ACT_MW",3,1,-3.87016,"ACTUAL",2
"36","2019-01-18",12,0,"2019-01-18T19:00:00-00:00","2019-01-18T20:00:00-00:00","NP15","Wind","Renewable Forecast Actual Generation","RENEW_FCST_ACT_MW",3,1,1.61753,"ACTUAL",2
"37","2019-01-18",13,0,"2019-01-18T20:00:00-00:00","2019-01-18T21:00:00-00:00","NP15","Wind","Renewable Forecast Actual Generation","RENEW_FCST_ACT_MW",3,1,3.70263,"ACTUAL",2
"38","2019-01-18",14,0,"2019-01-18T21:00:00-00:00","2019-01-18T22:00:00-00:00","NP15","Wind","Renewable Forecast Actual Generation","RENEW_FCST_ACT_MW",3,1,-1.00891,"ACTUAL",2
"39","2019-01-18",15,0,"2019-01-18T22:00:00-00:00","2019-01-18T23:00:00-00:00","NP15","Wind","Renewable Forecast Actual Generation","RENEW_FCST_ACT_MW",3,1,0.70867,"ACTUAL",2
"40","2019-01-18",16,0,"2019-01-18T23:00:00-00:00","2019-01-19T00:00:00-00:00","NP15","Wind","Renewable Forecast Actual Generation","RENEW_FCST_ACT_MW",3,1,0.30346,"ACTUAL",2
"41","2019-01-18",17,0,"2019-01-19T00:00:00-00:00","2019-01-19T01:00:00-00:00","NP15","Wind","Renewable Forecast Actual Generation","RENEW_FCST_ACT_MW",3,1,-2.87608,"ACTUAL",2
"42","2019-01-18",18,0,"2019-01-19T01:00:00-00:00","2019-01-19T02:00:00-00:00","NP15","Wind","Renewable Forecast Actual Generation","RENEW_FCST_ACT_MW",3,1,1.7986,"ACTUAL",2
"43","2019-01-18",19,0,"2019-01-19T02:00:00-00:00","2019-01-19T03:00:00-00:00","NP15","Wind","Renewable Forecast Actual Generation","RENEW_FCST_ACT_MW",3,1,11.96197,"ACTUAL",2
"44","2019-01-18",20,0,"2019-01-19T03:00:00-00:00","2019-01-19T04:00:00-00:00","NP15","Wind","Renewable Forecast Actual Generation","RENEW_FCST_ACT_MW",3,1,5.93961,"ACTUAL",2
"45","2019-01-18",21,0,"2019-01-19T04:00:00-00:00","2019-01-19T05:00:00-00:00","NP15","Wind","Renewable Forecast Actual Generation","RENEW_FCST_ACT_MW",3,1,2.81756,"ACTUAL",2
"46","2019-01-18",22,0,"2019-01-19T05:00:00-00:00","2019-01-19T06:00:00-00:00","NP15","Wind","Renewable Forecast Actual Generation","RENEW_FCST_ACT_MW",3,1,10.3528,"ACTUAL",2
"47","2019-01-18",23,0,"2019-01-19T06:00:00-00:00","2019-01-19T07:00:00-00:00","NP15","Wind","Renewable Forecast Actual Generation","RENEW_FCST_ACT_MW",3,1,17.55691,"ACTUAL",2
"48","2019-01-18",2,0,"2019-01-18T09:00:00-00:00","2019-01-18T10:00:00-00:00","NP15","Wind","Renewable Forecast Actual Generation","RENEW_FCST_ACT_MW",3,1,27.05498,"ACTUAL",2
"49","2019-01-18",24,0,"2019-01-19T07:00:00-00:00","2019-01-19T08:00:00-00:00","SP15","Solar","Renewable Forecast Actual Generation","RENEW_FCST_ACT_MW",3,3,-6.26208,"ACTUAL",3
"50","2019-01-18",2,0,"2019-01-18T09:00:00-00:00","2019-01-18T10:00:00-00:00","SP15","Solar","Renewable Forecast Actual Generation","RENEW_FCST_ACT_MW",3,3,-1.26741,"ACTUAL",3
"51","2019-01-18",23,0,"2019-01-19T06:00:00-00:00","2019-01-19T07:00:00-00:00","SP15","Solar","Renewable Forecast Actual Generation","RENEW_FCST_ACT_MW",3,3,-5.61739,"ACTUAL",3
"52","2019-01-18",6,0,"2019-01-18T13:00:00-00:00","2019-01-18T14:00:00-00:00","SP15","Solar","Renewable Forecast Actual Generation","RENEW_FCST_ACT_MW",3,3,-1.78029,"ACTUAL",3
"53","2019-01-18",22,0,"2019-01-19T05:00:00-00:00","2019-01-19T06:00:00-00:00","SP15","Solar","Renewable Forecast Actual Generation","RENEW_FCST_ACT_MW",3,3,-0.5012,"ACTUAL",3
"54","2019-01-18",11,0,"2019-01-18T18:00:00-00:00","2019-01-18T19:00:00-00:00","SP15","Solar","Renewable Forecast Actual Generation","RENEW_FCST_ACT_MW",3,3,3954.16445,"ACTUAL",3
"55","2019-01-18",21,0,"2019-01-19T04:00:00-00:00","2019-01-19T05:00:00-00:00","SP15","Solar","Renewable Forecast Actual Generation","RENEW_FCST_ACT_MW",3,3,5.77604,"ACTUAL",3
"56","2019-01-18",3,0,"2019-01-18T10:00:00-00:00","2019-01-18T11:00:00-00:00","SP15","Solar","Renewable Forecast Actual Generation","RENEW_FCST_ACT_MW",3,3,-1.52595,"ACTUAL",3
"57","2019-01-18",20,0,"2019-01-19T03:00:00-00:00","2019-01-19T04:00:00-00:00","SP15","Solar","Renewable Forecast Actual Generation","RENEW_FCST_ACT_MW",3,3,4.1746,"ACTUAL",3
"58","2019-01-18",10,0,"2019-01-18T17:00:00-00:00","2019-01-18T18:00:00-00:00","SP15","Solar","Renewable Forecast Actual Generation","RENEW_FCST_ACT_MW",3,3,3240.99923,"ACTUAL",3
"59","2019-01-18",19,0,"2019-01-19T02:00:00-00:00","2019-01-19T03:00:00-00:00","SP15","Solar","Renewable Forecast Actual Generation","RENEW_FCST_ACT_MW",3,3,11.62032,"ACTUAL",3
"60","2019-01-18",5,0,"2019-01-18T12:00:00-00:00","2019-01-18T13:00:00-00:00","SP15","Solar","Renewable Forecast Actual Generation","RENEW_FCST_ACT_MW",3,3,-1.4964,"ACTUAL",3
"61","2019-01-18",18,0,"2019-01-19T01:00:00-00:00","2019-01-19T02:00:00-00:00","SP15","Solar","Renewable Forecast Actual Generation","RENEW_FCST_ACT_MW",3,3,19.06356,"ACTUAL",3
"62","2019-01-18",9,0,"2019-01-18T16:00:00-00:00","2019-01-18T17:00:00-00:00","SP15","Solar","Renewable Forecast Actual Generation","RENEW_FCST_ACT_MW",3,3,2729.89021,"ACTUAL",3
"63","2019-01-18",17,0,"2019-01-19T00:00:00-00:00","2019-01-19T01:00:00-00:00","SP15","Solar","Renewable Forecast Actual Generation","RENEW_FCST_ACT_MW",3,3,797.1896,"ACTUAL",3
"64","2019-01-18",1,0,"2019-01-18T08:00:00-00:00","2019-01-18T09:00:00-00:00","SP15","Solar","Renewable Forecast Actual Generation","RENEW_FCST_ACT_MW",3,3,-2.93265,"ACTUAL",3
"65","2019-01-18",16,0,"2019-01-18T23:00:00-00:00","2019-01-19T00:00:00-00:00","SP15","Solar","Renewable Forecast Actual Generation","RENEW_FCST_ACT_MW",3,3,2969.08626,"ACTUAL",3
"66","2019-01-18",8,0,"2019-01-18T15:00:00-00:00","2019-01-18T16:00:00-00:00","SP15","Solar","Renewable Forecast Actual Generation","RENEW_FCST_ACT_MW",3,3,735.18559,"ACTUAL",3
"67","2019-01-18",15,0,"2019-01-18T22:00:00-00:00","2019-01-18T23:00:00-00:00","SP15","Solar","Renewable Forecast Actual Generation","RENEW_FCST_ACT_MW",3,3,4250.43318,"ACTUAL",3
"68","2019-01-18",4,0,"2019-01-18T11:00:00-00:00","2019-01-18T12:00:00-00:00","SP15","Solar","Renewable Forecast Actual Generation","RENEW_FCST_ACT_MW",3,3,-1.06953,"ACTUAL",3
"69","2019-01-18",14,0,"2019-01-18T21:00:00-00:00","2019-01-18T22:00:00-00:00","SP15","Solar","Renewable Forecast Actual Generation","RENEW_FCST_ACT_MW",3,3,4446.08358,"ACTUAL",3
"70","2019-01-18",7,0,"2019-01-18T14:00:00-00:00","2019-01-18T15:00:00-00:00","SP15","Solar","Renewable Forecast Actual Generation","RENEW_FCST_ACT_MW",3,3,2.97557,"ACTUAL",3
"71","2019-01-18",13,0,"2019-01-18T20:00:00-00:00","2019-01-18T21:00:00-00:00","SP15","Solar","Renewable Forecast Actual Generation","RENEW_FCST_ACT_MW",3,3,4404.37915,"ACTUAL",3
"72","2019-01-18",12,0,"2019-01-18T19:00:00-00:00","2019-01-18T20:00:00-00:00","SP15","Solar","Renewable Forecast Actual Generation","RENEW_FCST_ACT_MW",3,3,4469.58223,"ACTUAL",3
"73","2019-01-18",23,0,"2019-01-19T06:00:00-00:00","2019-01-19T07:00:00-00:00","SP15","Wind","Renewable Forecast Actual Generation","RENEW_FCST_ACT_MW",3,1,162.11949,"ACTUAL",4
"74","2019-01-18",22,0,"2019-01-19T05:00:00-00:00","2019-01-19T06:00:00-00:00","SP15","Wind","Renewable Forecast Actual Generation","RENEW_FCST_ACT_MW",3,1,174.92325,"ACTUAL",4
"75","2019-01-18",21,0,"2019-01-19T04:00:00-00:00","2019-01-19T05:00:00-00:00","SP15","Wind","Renewable Forecast Actual Generation","RENEW_FCST_ACT_MW",3,1,231.57841,"ACTUAL",4
"76","2019-01-18",20,0,"2019-01-19T03:00:00-00:00","2019-01-19T04:00:00-00:00","SP15","Wind","Renewable Forecast Actual Generation","RENEW_FCST_ACT_MW",3,1,310.24357,"ACTUAL",4
"77","2019-01-18",19,0,"2019-01-19T02:00:00-00:00","2019-01-19T03:00:00-00:00","SP15","Wind","Renewable Forecast Actual Generation","RENEW_FCST_ACT_MW",3,1,541.10786,"ACTUAL",4
"78","2019-01-18",18,0,"2019-01-19T01:00:00-00:00","2019-01-19T02:00:00-00:00","SP15","Wind","Renewable Forecast Actual Generation","RENEW_FCST_ACT_MW",3,1,681.07061,"ACTUAL",4
"79","2019-01-18",17,0,"2019-01-19T00:00:00-00:00","2019-01-19T01:00:00-00:00","SP15","Wind","Renewable Forecast Actual Generation","RENEW_FCST_ACT_MW",3,1,749.20893,"ACTUAL",4
"80","2019-01-18",16,0,"2019-01-18T23:00:00-00:00","2019-01-19T00:00:00-00:00","SP15","Wind","Renewable Forecast Actual Generation","RENEW_FCST_ACT_MW",3,1,575.45127,"ACTUAL",4
"81","2019-01-18",15,0,"2019-01-18T22:00:00-00:00","2019-01-18T23:00:00-00:00","SP15","Wind","Renewable Forecast Actual Generation","RENEW_FCST_ACT_MW",3,1,695.65568,"ACTUAL",4
"82","2019-01-18",14,0,"2019-01-18T21:00:00-00:00","2019-01-18T22:00:00-00:00","SP15","Wind","Renewable Forecast Actual Generation","RENEW_FCST_ACT_MW",3,1,889.12226,"ACTUAL",4
"83","2019-01-18",13,0,"2019-01-18T20:00:00-00:00","2019-01-18T21:00:00-00:00","SP15","Wind","Renewable Forecast Actual Generation","RENEW_FCST_ACT_MW",3,1,1279.19781,"ACTUAL",4
"84","2019-01-18",12,0,"2019-01-18T19:00:00-00:00","2019-01-18T20:00:00-00:00","SP15","Wind","Renewable Forecast Actual Generation","RENEW_FCST_ACT_MW",3,1,1859.46356,"ACTUAL",4
"85","2019-01-18",11,0,"2019-01-18T18:00:00-00:00","2019-01-18T19:00:00-00:00","SP15","Wind","Renewable Forecast Actual Generation","RENEW_FCST_ACT_MW",3,1,1971.50595,"ACTUAL",4
"86","2019-01-18",10,0,"2019-01-18T17:00:00-00:00","2019-01-18T18:00:00-00:00","SP15","Wind","Renewable Forecast Actual Generation","RENEW_FCST_ACT_MW",3,1,1884.21793,"ACTUAL",4
"87","2019-01-18",9,0,"2019-01-18T16:00:00-00:00","2019-01-18T17:00:00-00:00","SP15","Wind","Renewable Forecast Actual Generation","RENEW_FCST_ACT_MW",3,1,1520.74878,"ACTUAL",4
"88","2019-01-18",8,0,"2019-01-18T15:00:00-00:00","2019-01-18T16:00:00-00:00","SP15","Wind","Renewable Forecast Actual Generation","RENEW_FCST_ACT_MW",3,1,1422.64914,"ACTUAL",4
"89","2019-01-18",7,0,"2019-01-18T14:00:00-00:00","2019-01-18T15:00:00-00:00","SP15","Wind","Renewable Forecast Actual Generation","RENEW_FCST_ACT_MW",3,1,1543.12764,"ACTUAL",4
"90","2019-01-18",6,0,"2019-01-18T13:00:00-00:00","2019-01-18T14:00:00-00:00","SP15","Wind","Renewable Forecast Actual Generation","RENEW_FCST_ACT_MW",3,1,1671.70771,"ACTUAL",4
"91","2019-01-18",5,0,"2019-01-18T12:00:00-00:00","2019-01-18T13:00:00-00:00","SP15","Wind","Renewable Forecast Actual Generation","RENEW_FCST_ACT_MW",3,1,1991.42083,"ACTUAL",4
"92","2019-01-18",4,0,"2019-01-18T11:00:00-00:00","2019-01-18T12:00:00-00:00","SP15","Wind","Renewable Forecast Actual Generation","RENEW_FCST_ACT_MW",3,1,2122.54481,"ACTUAL",4
"93","2019-01-18",3,0,"2019-01-18T10:00:00-00:00","2019-01-18T11:00:00-00:00","SP15","Wind","Renewable Forecast Actual Generation","RENEW_FCST_ACT_MW",3,1,2230.34195,"ACTUAL",4
"94","2019-01-18",2,0,"2019-01-18T09:00:00-00:00","2019-01-18T10:00:00-00:00","SP15","Wind","Renewable Forecast Actual Generation","RENEW_FCST_ACT_MW",3,1,2235.84158,"ACTUAL",4
"95","2019-01-18",24,0,"2019-01-19T07:00:00-00:00","2019-01-19T08:00:00-00:00","SP15","Wind","Renewable Forecast Actual Generation","RENEW_FCST_ACT_MW",3,1,177.037,"ACTUAL",4
"96","2019-01-18",1,0,"2019-01-18T08:00:00-00:00","2019-01-18T09:00:00-00:00","SP15","Wind","Renewable Forecast Actual Generation","RENEW_FCST_ACT_MW",3,1,2362.16906,"ACTUAL",4
"97","2019-01-18",1,0,"2019-01-18T08:00:00-00:00","2019-01-18T09:00:00-00:00","ZP26","Solar","Renewable Forecast Actual Generation","RENEW_FCST_ACT_MW",3,3,-1.54972,"ACTUAL",5
"98","2019-01-18",24,0,"2019-01-19T07:00:00-00:00","2019-01-19T08:00:00-00:00","ZP26","Solar","Renewable Forecast Actual Generation","RENEW_FCST_ACT_MW",3,3,-4.67144,"ACTUAL",5
"99","2019-01-18",3,0,"2019-01-18T10:00:00-00:00","2019-01-18T11:00:00-00:00","ZP26","Solar","Renewable Forecast Actual Generation","RENEW_FCST_ACT_MW",3,3,-1.6533,"ACTUAL",5
"100","2019-01-18",4,0,"2019-01-18T11:00:00-00:00","2019-01-18T12:00:00-00:00","ZP26","Solar","Renewable Forecast Actual Generation","RENEW_FCST_ACT_MW",3,3,-1.97811,"ACTUAL",5
"101","2019-01-18",5,0,"2019-01-18T12:00:00-00:00","2019-01-18T13:00:00-00:00","ZP26","Solar","Renewable Forecast Actual Generation","RENEW_FCST_ACT_MW",3,3,-2.04413,"ACTUAL",5
"102","2019-01-18",6,0,"2019-01-18T13:00:00-00:00","2019-01-18T14:00:00-00:00","ZP26","Solar","Renewable Forecast Actual Generation","RENEW_FCST_ACT_MW",3,3,-1.93632,"ACTUAL",5
"103","2019-01-18",7,0,"2019-01-18T14:00:00-00:00","2019-01-18T15:00:00-00:00","ZP26","Solar","Renewable Forecast Actual Generation","RENEW_FCST_ACT_MW",3,3,-1.97945,"ACTUAL",5
"104","2019-01-18",8,0,"2019-01-18T15:00:00-00:00","2019-01-18T16:00:00-00:00","ZP26","Solar","Renewable Forecast Actual Generation","RENEW_FCST_ACT_MW",3,3,46.74579,"ACTUAL",5
"105","2019-01-18",9,0,"2019-01-18T16:00:00-00:00","2019-01-18T17:00:00-00:00","ZP26","Solar","Renewable Forecast Actual Generation","RENEW_FCST_ACT_MW",3,3,244.67463,"ACTUAL",5
"106","2019-01-18",10,0,"2019-01-18T17:00:00-00:00","2019-01-18T18:00:00-00:00","ZP26","Solar","Renewable Forecast Actual Generation","RENEW_FCST_ACT_MW",3,3,557.85863,"ACTUAL",5
"107","2019-01-18",11,0,"2019-01-18T18:00:00-00:00","2019-01-18T19:00:00-00:00","ZP26","Solar","Renewable Forecast Actual Generation","RENEW_FCST_ACT_MW",3,3,727.23651,"ACTUAL",5
"108","2019-01-18",12,0,"2019-01-18T19:00:00-00:00","2019-01-18T20:00:00-00:00","ZP26","Solar","Renewable Forecast Actual Generation","RENEW_FCST_ACT_MW",3,3,858.95562,"ACTUAL",5
"109","2019-01-18",13,0,"2019-01-18T20:00:00-00:00","2019-01-18T21:00:00-00:00","ZP26","Solar","Renewable Forecast Actual Generation","RENEW_FCST_ACT_MW",3,3,976.91598,"ACTUAL",5
"110","2019-01-18",14,0,"2019-01-18T21:00:00-00:00","2019-01-18T22:00:00-00:00","ZP26","Solar","Renewable Forecast Actual Generation","RENEW_FCST_ACT_MW",3,3,1034.67927,"ACTUAL",5
"111","2019-01-18",15,0,"2019-01-18T22:00:00-00:00","2019-01-18T23:00:00-00:00","ZP26","Solar","Renewable Forecast Actual Generation","RENEW_FCST_ACT_MW",3,3,1006.1406,"ACTUAL",5
"112","2019-01-18",16,0,"2019-01-18T23:00:00-00:00","2019-01-19T00:00:00-00:00","ZP26","Solar","Renewable Forecast Actual Generation","RENEW_FCST_ACT_MW",3,3,768.09516,"ACTUAL",5
"113","2019-01-18",17,0,"2019-01-19T00:00:00-00:00","2019-01-19T01:00:00-00:00","ZP26","Solar","Renewable Forecast Actual Generation","RENEW_FCST_ACT_MW",3,3,208.58416,"ACTUAL",5
"114","2019-01-18",18,0,"2019-01-19T01:00:00-00:00","2019-01-19T02:00:00-00:00","ZP26","Solar","Renewable Forecast Actual Generation","RENEW_FCST_ACT_MW",3,3,28.39405,"ACTUAL",5
"115","2019-01-18",19,0,"2019-01-19T02:00:00-00:00","2019-01-19T03:00:00-00:00","ZP26","Solar","Renewable Forecast Actual Generation","RENEW_FCST_ACT_MW",3,3,23.22204,"ACTUAL",5
"116","2019-01-18",20,0,"2019-01-19T03:00:00-00:00","2019-01-19T04:00:00-00:00","ZP26","Solar","Renewable Forecast Actual Generation","RENEW_FCST_ACT_MW",3,3,-2.96819,"ACTUAL",5
"117","2019-01-18",21,0,"2019-01-19T04:00:00-00:00","2019-01-19T05:00:00-00:00","ZP26","Solar","Renewable Forecast Actual Generation","RENEW_FCST_ACT_MW",3,3,-4.73271,"ACTUAL",5
"118","2019-01-18",22,0,"2019-01-19T05:00:00-00:00","2019-01-19T06:00:00-00:00","ZP26","Solar","Renewable Forecast Actual Generation","RENEW_FCST_ACT_MW",3,3,-4.71006,"ACTUAL",5
"119","2019-01-18",23,0,"2019-01-19T06:00:00-00:00","2019-01-19T07:00:00-00:00","ZP26","Solar","Renewable Forecast Actual Generation","RENEW_FCST_ACT_MW",3,3,-4.71405,"ACTUAL",5
"120","2019-01-18",2,0,"2019-01-18T09:00:00-00:00","2019-01-18T10:00:00-00:00","ZP26","Solar","Renewable Forecast Actual Generation","RENEW_FCST_ACT_MW",3,3,-1.59895,"ACTUAL",5
