"","OPR_DT","OPR_HR","OPR_INTERVAL","INTERVALSTARTTIME_GMT","INTERVALENDTIME_GMT","TRADING_HUB","RENEWABLE_TYPE","LABEL","XML_DATA_ITEM","MARKET_RUN_ID_POS","RENEW_POS","MW","MARKET_RUN_ID","GROUP"
"1","2019-03-08",1,0,"2019-03-08T08:00:00-00:00","2019-03-08T09:00:00-00:00","NP15","Solar","Renewable Forecast Actual Generation","RENEW_FCST_ACT_MW",3,3,-1.03496,"ACTUAL",1
"2","2019-03-08",2,0,"2019-03-08T09:00:00-00:00","2019-03-08T10:00:00-00:00","NP15","Solar","Renewable Forecast Actual Generation","RENEW_FCST_ACT_MW",3,3,-1.13346,"ACTUAL",1
"3","2019-03-08",3,0,"2019-03-08T10:00:00-00:00","2019-03-08T11:00:00-00:00","NP15","Solar","Renewable Forecast Actual Generation","RENEW_FCST_ACT_MW",3,3,-1.14484,"ACTUAL",1
"4","2019-03-08",4,0,"2019-03-08T11:00:00-00:00","2019-03-08T12:00:00-00:00","NP15","Solar","Renewable Forecast Actual Generation","RENEW_FCST_ACT_MW",3,3,-1.14351,"ACTUAL",1
"5","2019-03-08",5,0,"2019-03-08T12:00:00-00:00","2019-03-08T13:00:00-00:00","NP15","Solar","Renewable Forecast Actual Generation","RENEW_FCST_ACT_MW",3,3,-1.14381,"ACTUAL",1
"6","2019-03-08",6,0,"2019-03-08T13:00:00-00:00","2019-03-08T14:00:00-00:00","NP15","Solar","Renewable Forecast Actual Generation","RENEW_FCST_ACT_MW",3,3,-1.12698,"ACTUAL",1
"7","2019-03-08",7,0,"2019-03-08T14:00:00-00:00","2019-03-08T15:00:00-00:00","NP15","Solar","Renewable Forecast Actual Generation","RENEW_FCST_ACT_MW",3,3,38.98133,"ACTUAL",1
"8","2019-03-08",8,0,"2019-03-08T15:00:00-00:00","2019-03-08T16:00:00-00:00","NP15","Solar","Renewable Forecast Actual Generation","RENEW_FCST_ACT_MW",3,3,654.54996,"ACTUAL",1
"9","2019-03-08",9,0,"2019-03-08T16:00:00-00:00","2019-03-08T17:00:00-00:00","NP15","Solar","Renewable Forecast Actual Generation","RENEW_FCST_ACT_MW",3,3,1188.26198,"ACTUAL",1
"10","2019-03-08",10,0,"2019-03-08T17:00:00-00:00","2019-03-08T18:00:00-00:00","NP15","Solar","Renewable Forecast Actual Generation","RENEW_FCST_ACT_MW",3,3,1198.92049,"ACTUAL",1
"11","2019-03-08",11,0,"2019-03-08T18:00:00-00:00","2019-03-08T19:00:00-00:00","NP15","Solar","Renewable Forecast Actual Generation","RENEW_FCST_ACT_MW",3,3,1060.88739,"ACTUAL",1
"12","2019-03-08",12,0,"2019-03-08T19:00:00-00:00","2019-03-08T20:00:00-00:00","NP15","Solar","Renewable Forecast Actual Generation","RENEW_FCST_ACT_MW",3,3,1044.48572,"ACTUAL",1
"13","2019-03-08",13,0,"2019-03-08T20:00:00-00:00","2019-03-08T21:00:00-00:00","NP15","Solar","Renewable Forecast Actual Generation","RENEW_FCST_ACT_MW",3,3,1071.97683,"ACTUAL",1
"14","2019-03-08",14,0,"2019-03-08T21:00:00-00:00","2019-03-08T22:00:00-00:00","NP15","Solar","Renewable Forecast Actual Generation","RENEW_FCST_ACT_MW",3,3,1085.69406,"ACTUAL",1
"15","2019-03-08",15,0,"2019-03-08T22:00:00-00:00","2019-03-08T23:00:00-00:00","NP15","Solar","Renewable Forecast Actual Generation","RENEW_FCST_ACT_MW",3,3,947.06314,"ACTUAL",1
"16","2019-03-08",16,0,"2019-03-08T23:00:00-00:00","2019-03-09T00:00:00-00:00","NP15","Solar","Renewable Forecast Actual Generation","RENEW_FCST_ACT_MW",3,3,985.84688,"ACTUAL",1
"17","2019-03-08",17,0,"2019-03-09T00:00:00-00:00","2019-03-09T01:00:00-00:00","NP15","Solar","Renewable Forecast Actual Generation","RENEW_FCST_ACT_MW",3,3,657.42884,"ACTUAL",1
"18","2019-03-08",18,0,"2019-03-09T01:00:00-00:00","2019-03-09T02:00:00-00:00","NP15","Solar","Renewable Forecast Actual Generation","RENEW_FCST_ACT_MW",3,3,123.12418,"ACTUAL",1
"19","2019-03-08",19,0,"2019-03-09T02:00:00-00:00","2019-03-09T03:00:00-00:00","NP15","Solar","Renewable Forecast Actual Generation","RENEW_FCST_ACT_MW",3,3,-3.51496,"ACTUAL",1
"20","2019-03-08",20,0,"2019-03-09T03:00:00-00:00","2019-03-09T04:00:00-00:00","NP15","Solar","Renewable Forecast Actual Generation","RENEW_FCST_ACT_MW",3,3,-3.3267,"ACTUAL",1
"21","2019-03-08",21,0,"2019-03-09T04:00:00-00:00","2019-03-09T05:00:00-00:00","NP15","Solar","Renewable Forecast Actual Generation","RENEW_FCST_ACT_MW",3,3,-3.33004,"ACTUAL",1
"22","2019-03-08",22,0,"2019-03-09T05:00:00-00:00","2019-03-09T06:00:00-00:00","NP15","Solar","Renewable Forecast Actual Generation","RENEW_FCST_ACT_MW",3,3,-3.34006,"ACTUAL",1
"23","2019-03-08",23,0,"2019-03-09T06:00:00-00:00","2019-03-09T07:00:00-00:00","NP15","Solar","Renewable Forecast Actual Generation","RENEW_FCST_ACT_MW",3,3,-3.35199,"ACTUAL",1
"24","2019-03-08",24,0,"2019-03-09T07:00:00-00:00","2019-03-09T08:00:00-00:00","NP15","Solar","Renewable Forecast Actual Generation","RENEW_FCST_ACT_MW",3,3,-3.33391,"ACTUAL",1
"25","2019-03-08",1,0,"2019-03-08T08:00:00-00:00","2019-03-08T09:00:00-00:00","NP15","Wind","Renewable Forecast Actual Generation","RENEW_FCST_ACT_MW",3,1,358.02771,"ACTUAL",2
"26","2019-03-08",24,0,"2019-03-09T07:00:00-00:00","2019-03-09T08:00:00-00:00","NP15","Wind","Renewable Forecast Actual Generation","RENEW_FCST_ACT_MW",3,1,356.7681,"ACTUAL",2
"27","2019-03-08",3,0,"2019-03-08T10:00:00-00:00","2019-03-08T11:00:00-00:00","NP15","Wind","Renewable Forecast Actual Generation","RENEW_FCST_ACT_MW",3,1,551.2045,"ACTUAL",2
"28","2019-03-08",4,0,"2019-03-08T11:00:00-00:00","2019-03-08T12:00:00-00:00","NP15","Wind","Renewable Forecast Actual Generation","RENEW_FCST_ACT_MW",3,1,597.29939,"ACTUAL",2
"29","2019-03-08",5,0,"2019-03-08T12:00:00-00:00","2019-03-08T13:00:00-00:00","NP15","Wind","Renewable Forecast Actual Generation","RENEW_FCST_ACT_MW",3,1,643.44815,"ACTUAL",2
"30","2019-03-08",6,0,"2019-03-08T13:00:00-00:00","2019-03-08T14:00:00-00:00","NP15","Wind","Renewable Forecast Actual Generation","RENEW_FCST_ACT_MW",3,1,778.57715,"ACTUAL",2
"31","2019-03-08",7,0,"2019-03-08T14:00:00-00:00","2019-03-08T15:00:00-00:00","NP15","Wind","Renewable Forecast Actual Generation","RENEW_FCST_ACT_MW",3,1,915.48996,"ACTUAL",2
"32","2019-03-08",8,0,"2019-03-08T15:00:00-00:00","2019-03-08T16:00:00-00:00","NP15","Wind","Renewable Forecast Actual Generation","RENEW_FCST_ACT_MW",3,1,866.16994,"ACTUAL",2
"33","2019-03-08",9,0,"2019-03-08T16:00:00-00:00","2019-03-08T17:00:00-00:00","NP15","Wind","Renewable Forecast Actual Generation","RENEW_FCST_ACT_MW",3,1,775.13283,"ACTUAL",2
"34","2019-03-08",10,0,"2019-03-08T17:00:00-00:00","2019-03-08T18:00:00-00:00","NP15","Wind","Renewable Forecast Actual Generation","RENEW_FCST_ACT_MW",3,1,792.50469,"ACTUAL",2
"35","2019-03-08",11,0,"2019-03-08T18:00:00-00:00","2019-03-08T19:00:00-00:00","NP15","Wind","Renewable Forecast Actual Generation","RENEW_FCST_ACT_MW",3,1,772.41549,"ACTUAL",2
"36","2019-03-08",12,0,"2019-03-08T19:00:00-00:00","2019-03-08T20:00:00-00:00","NP15","Wind","Renewable Forecast Actual Generation","RENEW_FCST_ACT_MW",3,1,774.25041,"ACTUAL",2
"37","2019-03-08",13,0,"2019-03-08T20:00:00-00:00","2019-03-08T21:00:00-00:00","NP15","Wind","Renewable Forecast Actual Generation","RENEW_FCST_ACT_MW",3,1,972.20003,"ACTUAL",2
"38","2019-03-08",14,0,"2019-03-08T21:00:00-00:00","2019-03-08T22:00:00-00:00","NP15","Wind","Renewable Forecast Actual Generation","RENEW_FCST_ACT_MW",3,1,915.11887,"ACTUAL",2
"39","2019-03-08",15,0,"2019-03-08T22:00:00-00:00","2019-03-08T23:00:00-00:00","NP15","Wind","Renewable Forecast Actual Generation","RENEW_FCST_ACT_MW",3,1,923.76446,"ACTUAL",2
"40","2019-03-08",16,0,"2019-03-08T23:00:00-00:00","2019-03-09T00:00:00-00:00","NP15","Wind","Renewable Forecast Actual Generation","RENEW_FCST_ACT_MW",3,1,932.56263,"ACTUAL",2
"41","2019-03-08",17,0,"2019-03-09T00:00:00-00:00","2019-03-09T01:00:00-00:00","NP15","Wind","Renewable Forecast Actual Generation","RENEW_FCST_ACT_MW",3,1,896.61645,"ACTUAL",2
"42","2019-03-08",18,0,"2019-03-09T01:00:00-00:00","2019-03-09T02:00:00-00:00","NP15","Wind","Renewable Forecast Actual Generation","RENEW_FCST_ACT_MW",3,1,889.46208,"ACTUAL",2
"43","2019-03-08",19,0,"2019-03-09T02:00:00-00:00","2019-03-09T03:00:00-00:00","NP15","Wind","Renewable Forecast Actual Generation","RENEW_FCST_ACT_MW",3,1,939.13456,"ACTUAL",2
"44","2019-03-08",20,0,"2019-03-09T03:00:00-00:00","2019-03-09T04:00:00-00:00","NP15","Wind","Renewable Forecast Actual Generation","RENEW_FCST_ACT_MW",3,1,828.91358,"ACTUAL",2
"45","2019-03-08",21,0,"2019-03-09T04:00:00-00:00","2019-03-09T05:00:00-00:00","NP15","Wind","Renewable Forecast Actual Generation","RENEW_FCST_ACT_MW",3,1,737.56775,"ACTUAL",2
"46","2019-03-08",22,0,"2019-03-09T05:00:00-00:00","2019-03-09T06:00:00-00:00","NP15","Wind","Renewable Forecast Actual Generation","RENEW_FCST_ACT_MW",3,1,519.31437,"ACTUAL",2
"47","2019-03-08",23,0,"2019-03-09T06:00:00-00:00","2019-03-09T07:00:00-00:00","NP15","Wind","Renewable Forecast Actual Generation","RENEW_FCST_ACT_MW",3,1,430.72257,"ACTUAL",2
"48","2019-03-08",2,0,"2019-03-08T09:00:00-00:00","2019-03-08T10:00:00-00:00","NP15","Wind","Renewable Forecast Actual Generation","RENEW_FCST_ACT_MW",3,1,440.94752,"ACTUAL",2
"49","2019-03-08",24,0,"2019-03-09T07:00:00-00:00","2019-03-09T08:00:00-00:00","SP15","Solar","Renewable Forecast Actual Generation","RENEW_FCST_ACT_MW",3,3,-9.51796,"ACTUAL",3
"50","2019-03-08",2,0,"2019-03-08T09:00:00-00:00","2019-03-08T10:00:00-00:00","SP15","Solar","Renewable Forecast Actual Generation","RENEW_FCST_ACT_MW",3,3,-9.82241,"ACTUAL",3
"51","2019-03-08",23,0,"2019-03-09T06:00:00-00:00","2019-03-09T07:00:00-00:00","SP15","Solar","Renewable Forecast Actual Generation","RENEW_FCST_ACT_MW",3,3,-9.19925,"ACTUAL",3
"52","2019-03-08",6,0,"2019-03-08T13:00:00-00:00","2019-03-08T14:00:00-00:00","SP15","Solar","Renewable Forecast Actual Generation","RENEW_FCST_ACT_MW",3,3,-11.93999,"ACTUAL",3
"53","2019-03-08",22,0,"2019-03-09T05:00:00-00:00","2019-03-09T06:00:00-00:00","SP15","Solar","Renewable Forecast Actual Generation","RENEW_FCST_ACT_MW",3,3,-8.63038,"ACTUAL",3
"54","2019-03-08",11,0,"2019-03-08T18:00:00-00:00","2019-03-08T19:00:00-00:00","SP15","Solar","Renewable Forecast Actual Generation","RENEW_FCST_ACT_MW",3,3,6275.68656,"ACTUAL",3
"55","2019-03-08",21,0,"2019-03-09T04:00:00-00:00","2019-03-09T05:00:00-00:00","SP15","Solar","Renewable Forecast Actual Generation","RENEW_FCST_ACT_MW",3,3,-8.83723,"ACTUAL",3
"56","2019-03-08",3,0,"2019-03-08T10:00:00-00:00","2019-03-08T11:00:00-00:00","SP15","Solar","Renewable Forecast Actual Generation","RENEW_FCST_ACT_MW",3,3,-10.01493,"ACTUAL",3
"57","2019-03-08",20,0,"2019-03-09T03:00:00-00:00","2019-03-09T04:00:00-00:00","SP15","Solar","Renewable Forecast Actual Generation","RENEW_FCST_ACT_MW",3,3,-9.23496,"ACTUAL",3
"58","2019-03-08",10,0,"2019-03-08T17:00:00-00:00","2019-03-08T18:00:00-00:00","SP15","Solar","Renewable Forecast Actual Generation","RENEW_FCST_ACT_MW",3,3,6200.3256,"ACTUAL",3
"59","2019-03-08",19,0,"2019-03-09T02:00:00-00:00","2019-03-09T03:00:00-00:00","SP15","Solar","Renewable Forecast Actual Generation","RENEW_FCST_ACT_MW",3,3,-5.55085,"ACTUAL",3
"60","2019-03-08",5,0,"2019-03-08T12:00:00-00:00","2019-03-08T13:00:00-00:00","SP15","Solar","Renewable Forecast Actual Generation","RENEW_FCST_ACT_MW",3,3,-11.02692,"ACTUAL",3
"61","2019-03-08",18,0,"2019-03-09T01:00:00-00:00","2019-03-09T02:00:00-00:00","SP15","Solar","Renewable Forecast Actual Generation","RENEW_FCST_ACT_MW",3,3,407.61671,"ACTUAL",3
"62","2019-03-08",9,0,"2019-03-08T16:00:00-00:00","2019-03-08T17:00:00-00:00","SP15","Solar","Renewable Forecast Actual Generation","RENEW_FCST_ACT_MW",3,3,5311.66224,"ACTUAL",3
"63","2019-03-08",17,0,"2019-03-09T00:00:00-00:00","2019-03-09T01:00:00-00:00","SP15","Solar","Renewable Forecast Actual Generation","RENEW_FCST_ACT_MW",3,3,3341.71301,"ACTUAL",3
"64","2019-03-08",1,0,"2019-03-08T08:00:00-00:00","2019-03-08T09:00:00-00:00","SP15","Solar","Renewable Forecast Actual Generation","RENEW_FCST_ACT_MW",3,3,-9.6952,"ACTUAL",3
"65","2019-03-08",16,0,"2019-03-08T23:00:00-00:00","2019-03-09T00:00:00-00:00","SP15","Solar","Renewable Forecast Actual Generation","RENEW_FCST_ACT_MW",3,3,5575.89865,"ACTUAL",3
"66","2019-03-08",8,0,"2019-03-08T15:00:00-00:00","2019-03-08T16:00:00-00:00","SP15","Solar","Renewable Forecast Actual Generation","RENEW_FCST_ACT_MW",3,3,3134.82476,"ACTUAL",3
"67","2019-03-08",15,0,"2019-03-08T22:00:00-00:00","2019-03-08T23:00:00-00:00","SP15","Solar","Renewable Forecast Actual Generation","RENEW_FCST_ACT_MW",3,3,6027.94001,"ACTUAL",3
"68","2019-03-08",4,0,"2019-03-08T11:00:00-00:00","2019-03-08T12:00:00-00:00","SP15","Solar","Renewable Forecast Actual Generation","RENEW_FCST_ACT_MW",3,3,-10.43161,"ACTUAL",3
"69","2019-03-08",14,0,"2019-03-08T21:00:00-00:00","2019-03-08T22:00:00-00:00","SP15","Solar","Renewable Forecast Actual Generation","RENEW_FCST_ACT_MW",3,3,5642.51592,"ACTUAL",3
"70","2019-03-08",7,0,"2019-03-08T14:00:00-00:00","2019-03-08T15:00:00-00:00","SP15","Solar","Renewable Forecast Actual Generation","RENEW_FCST_ACT_MW",3,3,342.17268,"ACTUAL",3
"71","2019-03-08",13,0,"2019-03-08T20:00:00-00:00","2019-03-08T21:00:00-00:00","SP15","Solar","Renewable Forecast Actual Generation","RENEW_FCST_ACT_MW",3,3,5666.49245,"ACTUAL",3
"72","2019-03-08",12,0,"2019-03-08T19:00:00-00:00","2019-03-08T20:00:00-00:00","SP15","Solar","Renewable Forecast Actual Generation","RENEW_FCST_ACT_MW",3,3,5636.0553,"ACTUAL",3
"73","2019-03-08",23,0,"2019-03-09T06:00:00-00:00","2019-03-09T07:00:00-00:00","SP15","Wind","Renewable Forecast Actual Generation","RENEW_FCST_ACT_MW",3,1,2441.07726,"ACTUAL",4
"74","2019-03-08",22,0,"2019-03-09T05:00:00-00:00","2019-03-09T06:00:00-00:00","SP15","Wind","Renewable Forecast Actual Generation","RENEW_FCST_ACT_MW",3,1,2116.35426,"ACTUAL",4
"75","2019-03-08",21,0,"2019-03-09T04:00:00-00:00","2019-03-09T05:00:00-00:00","SP15","Wind","Renewable Forecast Actual Generation","RENEW_FCST_ACT_MW",3,1,1668.39407,"ACTUAL",4
"76","2019-03-08",20,0,"2019-03-09T03:00:00-00:00","2019-03-09T04:00:00-00:00","SP15","Wind","Renewable Forecast Actual Generation","RENEW_FCST_ACT_MW",3,1,1637.54097,"ACTUAL",4
"77","2019-03-08",19,0,"2019-03-09T02:00:00-00:00","2019-03-09T03:00:00-00:00","SP15","Wind","Renewable Forecast Actual Generation","RENEW_FCST_ACT_MW",3,1,1686.37412,"ACTUAL",4
"78","2019-03-08",18,0,"2019-03-09T01:00:00-00:00","2019-03-09T02:00:00-00:00","SP15","Wind","Renewable Forecast Actual Generation","RENEW_FCST_ACT_MW",3,1,1987.26622,"ACTUAL",4
"79","2019-03-08",17,0,"2019-03-09T00:00:00-00:00","2019-03-09T01:00:00-00:00","SP15","Wind","Renewable Forecast Actual Generation","RENEW_FCST_ACT_MW",3,1,2258.95161,"ACTUAL",4
"80","2019-03-08",16,0,"2019-03-08T23:00:00-00:00","2019-03-09T00:00:00-00:00","SP15","Wind","Renewable Forecast Actual Generation","RENEW_FCST_ACT_MW",3,1,2369.53895,"ACTUAL",4
"81","2019-03-08",15,0,"2019-03-08T22:00:00-00:00","2019-03-08T23:00:00-00:00","SP15","Wind","Renewable Forecast Actual Generation","RENEW_FCST_ACT_MW",3,1,2504.48926,"ACTUAL",4
"82","2019-03-08",14,0,"2019-03-08T21:00:00-00:00","2019-03-08T22:00:00-00:00","SP15","Wind","Renewable Forecast Actual Generation","RENEW_FCST_ACT_MW",3,1,2732.11425,"ACTUAL",4
"83","2019-03-08",13,0,"2019-03-08T20:00:00-00:00","2019-03-08T21:00:00-00:00","SP15","Wind","Renewable Forecast Actual Generation","RENEW_FCST_ACT_MW",3,1,2775.81032,"ACTUAL",4
"84","2019-03-08",12,0,"2019-03-08T19:00:00-00:00","2019-03-08T20:00:00-00:00","SP15","Wind","Renewable Forecast Actual Generation","RENEW_FCST_ACT_MW",3,1,2799.35659,"ACTUAL",4
"85","2019-03-08",11,0,"2019-03-08T18:00:00-00:00","2019-03-08T19:00:00-00:00","SP15","Wind","Renewable Forecast Actual Generation","RENEW_FCST_ACT_MW",3,1,2420.95243,"ACTUAL",4
"86","2019-03-08",10,0,"2019-03-08T17:00:00-00:00","2019-03-08T18:00:00-00:00","SP15","Wind","Renewable Forecast Actual Generation","RENEW_FCST_ACT_MW",3,1,2334.91724,"ACTUAL",4
"87","2019-03-08",9,0,"2019-03-08T16:00:00-00:00","2019-03-08T17:00:00-00:00","SP15","Wind","Renewable Forecast Actual Generation","RENEW_FCST_ACT_MW",3,1,2546.43059,"ACTUAL",4
"88","2019-03-08",8,0,"2019-03-08T15:00:00-00:00","2019-03-08T16:00:00-00:00","SP15","Wind","Renewable Forecast Actual Generation","RENEW_FCST_ACT_MW",3,1,2558.30731,"ACTUAL",4
"89","2019-03-08",7,0,"2019-03-08T14:00:00-00:00","2019-03-08T15:00:00-00:00","SP15","Wind","Renewable Forecast Actual Generation","RENEW_FCST_ACT_MW",3,1,2573.55716,"ACTUAL",4
"90","2019-03-08",6,0,"2019-03-08T13:00:00-00:00","2019-03-08T14:00:00-00:00","SP15","Wind","Renewable Forecast Actual Generation","RENEW_FCST_ACT_MW",3,1,2634.86138,"ACTUAL",4
"91","2019-03-08",5,0,"2019-03-08T12:00:00-00:00","2019-03-08T13:00:00-00:00","SP15","Wind","Renewable Forecast Actual Generation","RENEW_FCST_ACT_MW",3,1,2380.51359,"ACTUAL",4
"92","2019-03-08",4,0,"2019-03-08T11:00:00-00:00","2019-03-08T12:00:00-00:00","SP15","Wind","Renewable Forecast Actual Generation","RENEW_FCST_ACT_MW",3,1,2116.77335,"ACTUAL",4
"93","2019-03-08",3,0,"2019-03-08T10:00:00-00:00","2019-03-08T11:00:00-00:00","SP15","Wind","Renewable Forecast Actual Generation","RENEW_FCST_ACT_MW",3,1,2240.87212,"ACTUAL",4
"94","2019-03-08",2,0,"2019-03-08T09:00:00-00:00","2019-03-08T10:00:00-00:00","SP15","Wind","Renewable Forecast Actual Generation","RENEW_FCST_ACT_MW",3,1,2306.72561,"ACTUAL",4
"95","2019-03-08",24,0,"2019-03-09T07:00:00-00:00","2019-03-09T08:00:00-00:00","SP15","Wind","Renewable Forecast Actual Generation","RENEW_FCST_ACT_MW",3,1,2470.768,"ACTUAL",4
"96","2019-03-08",1,0,"2019-03-08T08:00:00-00:00","2019-03-08T09:00:00-00:00","SP15","Wind","Renewable Forecast Actual Generation","RENEW_FCST_ACT_MW",3,1,1801.71376,"ACTUAL",4
"97","2019-03-08",1,0,"2019-03-08T08:00:00-00:00","2019-03-08T09:00:00-00:00","ZP26","Solar","Renewable Forecast Actual Generation","RENEW_FCST_ACT_MW",3,3,-3.6662,"ACTUAL",5
"98","2019-03-08",24,0,"2019-03-09T07:00:00-00:00","2019-03-09T08:00:00-00:00","ZP26","Solar","Renewable Forecast Actual Generation","RENEW_FCST_ACT_MW",3,3,-3.75924,"ACTUAL",5
"99","2019-03-08",3,0,"2019-03-08T10:00:00-00:00","2019-03-08T11:00:00-00:00","ZP26","Solar","Renewable Forecast Actual Generation","RENEW_FCST_ACT_MW",3,3,-3.65895,"ACTUAL",5
"100","2019-03-08",4,0,"2019-03-08T11:00:00-00:00","2019-03-08T12:00:00-00:00","ZP26","Solar","Renewable Forecast Actual Generation","RENEW_FCST_ACT_MW",3,3,-4.05535,"ACTUAL",5
"101","2019-03-08",5,0,"2019-03-08T12:00:00-00:00","2019-03-08T13:00:00-00:00","ZP26","Solar","Renewable Forecast Actual Generation","RENEW_FCST_ACT_MW",3,3,-4.03642,"ACTUAL",5
"102","2019-03-08",6,0,"2019-03-08T13:00:00-00:00","2019-03-08T14:00:00-00:00","ZP26","Solar","Renewable Forecast Actual Generation","RENEW_FCST_ACT_MW",3,3,-3.97915,"ACTUAL",5
"103","2019-03-08",7,0,"2019-03-08T14:00:00-00:00","2019-03-08T15:00:00-00:00","ZP26","Solar","Renewable Forecast Actual Generation","RENEW_FCST_ACT_MW",3,3,31.50498,"ACTUAL",5
"104","2019-03-08",8,0,"2019-03-08T15:00:00-00:00","2019-03-08T16:00:00-00:00","ZP26","Solar","Renewable Forecast Actual Generation","RENEW_FCST_ACT_MW",3,3,403.30812,"ACTUAL",5
"105","2019-03-08",9,0,"2019-03-08T16:00:00-00:00","2019-03-08T17:00:00-00:00","ZP26","Solar","Renewable Forecast Actual Generation","RENEW_FCST_ACT_MW",3,3,803.22152,"ACTUAL",5
"106","2019-03-08",10,0,"2019-03-08T17:00:00-00:00","2019-03-08T18:00:00-00:00","ZP26","Solar","Renewable Forecast Actual Generation","RENEW_FCST_ACT_MW",3,3,1034.65388,"ACTUAL",5
"107","2019-03-08",11,0,"2019-03-08T18:00:00-00:00","2019-03-08T19:00:00-00:00","ZP26","Solar","Renewable Forecast Actual Generation","RENEW_FCST_ACT_MW",3,3,1109.38428,"ACTUAL",5
"108","2019-03-08",12,0,"2019-03-08T19:00:00-00:00","2019-03-08T20:00:00-00:00","ZP26","Solar","Renewable Forecast Actual Generation","RENEW_FCST_ACT_MW",3,3,873.50076,"ACTUAL",5
"109","2019-03-08",13,0,"2019-03-08T20:00:00-00:00","2019-03-08T21:00:00-00:00","ZP26","Solar","Renewable Forecast Actual Generation","RENEW_FCST_ACT_MW",3,3,970.45546,"ACTUAL",5
"110","2019-03-08",14,0,"2019-03-08T21:00:00-00:00","2019-03-08T22:00:00-00:00","ZP26","Solar","Renewable Forecast Actual Generation","RENEW_FCST_ACT_MW",3,3,1008.43278,"ACTUAL",5
"111","2019-03-08",15,0,"2019-03-08T22:00:00-00:00","2019-03-08T23:00:00-00:00","ZP26","Solar","Renewable Forecast Actual Generation","RENEW_FCST_ACT_MW",3,3,1015.26726,"ACTUAL",5
"112","2019-03-08",16,0,"2019-03-08T23:00:00-00:00","2019-03-09T00:00:00-00:00","ZP26","Solar","Renewable Forecast Actual Generation","RENEW_FCST_ACT_MW",3,3,611.11012,"ACTUAL",5
"113","2019-03-08",17,0,"2019-03-09T00:00:00-00:00","2019-03-09T01:00:00-00:00","ZP26","Solar","Renewable Forecast Actual Generation","RENEW_FCST_ACT_MW",3,3,555.1403,"ACTUAL",5
"114","2019-03-08",18,0,"2019-03-09T01:00:00-00:00","2019-03-09T02:00:00-00:00","ZP26","Solar","Renewable Forecast Actual Generation","RENEW_FCST_ACT_MW",3,3,144.8968,"ACTUAL",5
"115","2019-03-08",19,0,"2019-03-09T02:00:00-00:00","2019-03-09T03:00:00-00:00","ZP26","Solar","Renewable Forecast Actual Generation","RENEW_FCST_ACT_MW",3,3,-3.84759,"ACTUAL",5
"116","2019-03-08",20,0,"2019-03-09T03:00:00-00:00","2019-03-09T04:00:00-00:00","ZP26","Solar","Renewable Forecast Actual Generation","RENEW_FCST_ACT_MW",3,3,-3.61142,"ACTUAL",5
"117","2019-03-08",21,0,"2019-03-09T04:00:00-00:00","2019-03-09T05:00:00-00:00","ZP26","Solar","Renewable Forecast Actual Generation","RENEW_FCST_ACT_MW",3,3,-3.62352,"ACTUAL",5
"118","2019-03-08",22,0,"2019-03-09T05:00:00-00:00","2019-03-09T06:00:00-00:00","ZP26","Solar","Renewable Forecast Actual Generation","RENEW_FCST_ACT_MW",3,3,-3.71063,"ACTUAL",5
"119","2019-03-08",23,0,"2019-03-09T06:00:00-00:00","2019-03-09T07:00:00-00:00","ZP26","Solar","Renewable Forecast Actual Generation","RENEW_FCST_ACT_MW",3,3,-3.77367,"ACTUAL",5
"120","2019-03-08",2,0,"2019-03-08T09:00:00-00:00","2019-03-08T10:00:00-00:00","ZP26","Solar","Renewable Forecast Actual Generation","RENEW_FCST_ACT_MW",3,3,-3.67728,"ACTUAL",5
