"","OPR_DT","OPR_HR","OPR_INTERVAL","INTERVALSTARTTIME_GMT","INTERVALENDTIME_GMT","TRADING_HUB","RENEWABLE_TYPE","LABEL","XML_DATA_ITEM","MARKET_RUN_ID_POS","RENEW_POS","MW","MARKET_RUN_ID","GROUP"
"1","2019-09-21",2,0,"2019-09-21T08:00:00-00:00","2019-09-21T09:00:00-00:00","NP15","Solar","Renewable Forecast Actual Generation","RENEW_FCST_ACT_MW",3,3,-2.58293,"ACTUAL",1
"2","2019-09-21",3,0,"2019-09-21T09:00:00-00:00","2019-09-21T10:00:00-00:00","NP15","Solar","Renewable Forecast Actual Generation","RENEW_FCST_ACT_MW",3,3,-2.57056,"ACTUAL",1
"3","2019-09-21",4,0,"2019-09-21T10:00:00-00:00","2019-09-21T11:00:00-00:00","NP15","Solar","Renewable Forecast Actual Generation","RENEW_FCST_ACT_MW",3,3,-2.95252,"ACTUAL",1
"4","2019-09-21",5,0,"2019-09-21T11:00:00-00:00","2019-09-21T12:00:00-00:00","NP15","Solar","Renewable Forecast Actual Generation","RENEW_FCST_ACT_MW",3,3,-3.51061,"ACTUAL",1
"5","2019-09-21",6,0,"2019-09-21T12:00:00-00:00","2019-09-21T13:00:00-00:00","NP15","Solar","Renewable Forecast Actual Generation","RENEW_FCST_ACT_MW",3,3,-3.49061,"ACTUAL",1
"6","2019-09-21",7,0,"2019-09-21T13:00:00-00:00","2019-09-21T14:00:00-00:00","NP15","Solar","Renewable Forecast Actual Generation","RENEW_FCST_ACT_MW",3,3,-2.59971,"ACTUAL",1
"7","2019-09-21",8,0,"2019-09-21T14:00:00-00:00","2019-09-21T15:00:00-00:00","NP15","Solar","Renewable Forecast Actual Generation","RENEW_FCST_ACT_MW",3,3,267.24494,"ACTUAL",1
"8","2019-09-21",9,0,"2019-09-21T15:00:00-00:00","2019-09-21T16:00:00-00:00","NP15","Solar","Renewable Forecast Actual Generation","RENEW_FCST_ACT_MW",3,3,975.4806,"ACTUAL",1
"9","2019-09-21",10,0,"2019-09-21T16:00:00-00:00","2019-09-21T17:00:00-00:00","NP15","Solar","Renewable Forecast Actual Generation","RENEW_FCST_ACT_MW",3,3,1229.52839,"ACTUAL",1
"10","2019-09-21",11,0,"2019-09-21T17:00:00-00:00","2019-09-21T18:00:00-00:00","NP15","Solar","Renewable Forecast Actual Generation","RENEW_FCST_ACT_MW",3,3,1268.81421,"ACTUAL",1
"11","2019-09-21",12,0,"2019-09-21T18:00:00-00:00","2019-09-21T19:00:00-00:00","NP15","Solar","Renewable Forecast Actual Generation","RENEW_FCST_ACT_MW",3,3,1253.06129,"ACTUAL",1
"12","2019-09-21",13,0,"2019-09-21T19:00:00-00:00","2019-09-21T20:00:00-00:00","NP15","Solar","Renewable Forecast Actual Generation","RENEW_FCST_ACT_MW",3,3,1230.01705,"ACTUAL",1
"13","2019-09-21",14,0,"2019-09-21T20:00:00-00:00","2019-09-21T21:00:00-00:00","NP15","Solar","Renewable Forecast Actual Generation","RENEW_FCST_ACT_MW",3,3,1230.73861,"ACTUAL",1
"14","2019-09-21",15,0,"2019-09-21T21:00:00-00:00","2019-09-21T22:00:00-00:00","NP15","Solar","Renewable Forecast Actual Generation","RENEW_FCST_ACT_MW",3,3,1244.56594,"ACTUAL",1
"15","2019-09-21",16,0,"2019-09-21T22:00:00-00:00","2019-09-21T23:00:00-00:00","NP15","Solar","Renewable Forecast Actual Generation","RENEW_FCST_ACT_MW",3,3,1253.24119,"ACTUAL",1
"16","2019-09-21",17,0,"2019-09-21T23:00:00-00:00","2019-09-22T00:00:00-00:00","NP15","Solar","Renewable Forecast Actual Generation","RENEW_FCST_ACT_MW",3,3,1183.11676,"ACTUAL",1
"17","2019-09-21",18,0,"2019-09-22T00:00:00-00:00","2019-09-22T01:00:00-00:00","NP15","Solar","Renewable Forecast Actual Generation","RENEW_FCST_ACT_MW",3,3,803.08992,"ACTUAL",1
"18","2019-09-21",19,0,"2019-09-22T01:00:00-00:00","2019-09-22T02:00:00-00:00","NP15","Solar","Renewable Forecast Actual Generation","RENEW_FCST_ACT_MW",3,3,130.43598,"ACTUAL",1
"19","2019-09-21",20,0,"2019-09-22T02:00:00-00:00","2019-09-22T03:00:00-00:00","NP15","Solar","Renewable Forecast Actual Generation","RENEW_FCST_ACT_MW",3,3,-3.75569,"ACTUAL",1
"20","2019-09-21",21,0,"2019-09-22T03:00:00-00:00","2019-09-22T04:00:00-00:00","NP15","Solar","Renewable Forecast Actual Generation","RENEW_FCST_ACT_MW",3,3,-3.53397,"ACTUAL",1
"21","2019-09-21",22,0,"2019-09-22T04:00:00-00:00","2019-09-22T05:00:00-00:00","NP15","Solar","Renewable Forecast Actual Generation","RENEW_FCST_ACT_MW",3,3,-3.4997,"ACTUAL",1
"22","2019-09-21",23,0,"2019-09-22T05:00:00-00:00","2019-09-22T06:00:00-00:00","NP15","Solar","Renewable Forecast Actual Generation","RENEW_FCST_ACT_MW",3,3,-3.5382,"ACTUAL",1
"23","2019-09-21",24,0,"2019-09-22T06:00:00-00:00","2019-09-22T07:00:00-00:00","NP15","Solar","Renewable Forecast Actual Generation","RENEW_FCST_ACT_MW",3,3,-3.54247,"ACTUAL",1
"24","2019-09-21",18,0,"2019-09-22T00:00:00-00:00","2019-09-22T01:00:00-00:00","NP15","Wind","Renewable Forecast Actual Generation","RENEW_FCST_ACT_MW",3,1,73.44046,"ACTUAL",2
"25","2019-09-21",6,0,"2019-09-21T12:00:00-00:00","2019-09-21T13:00:00-00:00","NP15","Wind","Renewable Forecast Actual Generation","RENEW_FCST_ACT_MW",3,1,117.37252,"ACTUAL",2
"26","2019-09-21",17,0,"2019-09-21T23:00:00-00:00","2019-09-22T00:00:00-00:00","NP15","Wind","Renewable Forecast Actual Generation","RENEW_FCST_ACT_MW",3,1,115.6436,"ACTUAL",2
"27","2019-09-21",16,0,"2019-09-21T22:00:00-00:00","2019-09-21T23:00:00-00:00","NP15","Wind","Renewable Forecast Actual Generation","RENEW_FCST_ACT_MW",3,1,138.54531,"ACTUAL",2
"28","2019-09-21",15,0,"2019-09-21T21:00:00-00:00","2019-09-21T22:00:00-00:00","NP15","Wind","Renewable Forecast Actual Generation","RENEW_FCST_ACT_MW",3,1,181.77534,"ACTUAL",2
"29","2019-09-21",14,0,"2019-09-21T20:00:00-00:00","2019-09-21T21:00:00-00:00","NP15","Wind","Renewable Forecast Actual Generation","RENEW_FCST_ACT_MW",3,1,296.97672,"ACTUAL",2
"30","2019-09-21",13,0,"2019-09-21T19:00:00-00:00","2019-09-21T20:00:00-00:00","NP15","Wind","Renewable Forecast Actual Generation","RENEW_FCST_ACT_MW",3,1,341.99543,"ACTUAL",2
"31","2019-09-21",12,0,"2019-09-21T18:00:00-00:00","2019-09-21T19:00:00-00:00","NP15","Wind","Renewable Forecast Actual Generation","RENEW_FCST_ACT_MW",3,1,371.04584,"ACTUAL",2
"32","2019-09-21",11,0,"2019-09-21T17:00:00-00:00","2019-09-21T18:00:00-00:00","NP15","Wind","Renewable Forecast Actual Generation","RENEW_FCST_ACT_MW",3,1,378.4567,"ACTUAL",2
"33","2019-09-21",10,0,"2019-09-21T16:00:00-00:00","2019-09-21T17:00:00-00:00","NP15","Wind","Renewable Forecast Actual Generation","RENEW_FCST_ACT_MW",3,1,428.75039,"ACTUAL",2
"34","2019-09-21",9,0,"2019-09-21T15:00:00-00:00","2019-09-21T16:00:00-00:00","NP15","Wind","Renewable Forecast Actual Generation","RENEW_FCST_ACT_MW",3,1,404.239,"ACTUAL",2
"35","2019-09-21",8,0,"2019-09-21T14:00:00-00:00","2019-09-21T15:00:00-00:00","NP15","Wind","Renewable Forecast Actual Generation","RENEW_FCST_ACT_MW",3,1,218.9847,"ACTUAL",2
"36","2019-09-21",7,0,"2019-09-21T13:00:00-00:00","2019-09-21T14:00:00-00:00","NP15","Wind","Renewable Forecast Actual Generation","RENEW_FCST_ACT_MW",3,1,141.66331,"ACTUAL",2
"37","2019-09-21",5,0,"2019-09-21T11:00:00-00:00","2019-09-21T12:00:00-00:00","NP15","Wind","Renewable Forecast Actual Generation","RENEW_FCST_ACT_MW",3,1,119.52489,"ACTUAL",2
"38","2019-09-21",4,0,"2019-09-21T10:00:00-00:00","2019-09-21T11:00:00-00:00","NP15","Wind","Renewable Forecast Actual Generation","RENEW_FCST_ACT_MW",3,1,134.32045,"ACTUAL",2
"39","2019-09-21",3,0,"2019-09-21T09:00:00-00:00","2019-09-21T10:00:00-00:00","NP15","Wind","Renewable Forecast Actual Generation","RENEW_FCST_ACT_MW",3,1,162.08377,"ACTUAL",2
"40","2019-09-21",2,0,"2019-09-21T08:00:00-00:00","2019-09-21T09:00:00-00:00","NP15","Wind","Renewable Forecast Actual Generation","RENEW_FCST_ACT_MW",3,1,222.03516,"ACTUAL",2
"41","2019-09-21",24,0,"2019-09-22T06:00:00-00:00","2019-09-22T07:00:00-00:00","NP15","Wind","Renewable Forecast Actual Generation","RENEW_FCST_ACT_MW",3,1,72.36386,"ACTUAL",2
"42","2019-09-21",23,0,"2019-09-22T05:00:00-00:00","2019-09-22T06:00:00-00:00","NP15","Wind","Renewable Forecast Actual Generation","RENEW_FCST_ACT_MW",3,1,114.98642,"ACTUAL",2
"43","2019-09-21",22,0,"2019-09-22T04:00:00-00:00","2019-09-22T05:00:00-00:00","NP15","Wind","Renewable Forecast Actual Generation","RENEW_FCST_ACT_MW",3,1,157.96352,"ACTUAL",2
"44","2019-09-21",21,0,"2019-09-22T03:00:00-00:00","2019-09-22T04:00:00-00:00","NP15","Wind","Renewable Forecast Actual Generation","RENEW_FCST_ACT_MW",3,1,100.63904,"ACTUAL",2
"45","2019-09-21",20,0,"2019-09-22T02:00:00-00:00","2019-09-22T03:00:00-00:00","NP15","Wind","Renewable Forecast Actual Generation","RENEW_FCST_ACT_MW",3,1,63.72726,"ACTUAL",2
"46","2019-09-21",19,0,"2019-09-22T01:00:00-00:00","2019-09-22T02:00:00-00:00","NP15","Wind","Renewable Forecast Actual Generation","RENEW_FCST_ACT_MW",3,1,2.56654,"ACTUAL",2
"47","2019-09-21",6,0,"2019-09-21T12:00:00-00:00","2019-09-21T13:00:00-00:00","SP15","Solar","Renewable Forecast Actual Generation","RENEW_FCST_ACT_MW",3,3,-22.16304,"ACTUAL",3
"48","2019-09-21",18,0,"2019-09-22T00:00:00-00:00","2019-09-22T01:00:00-00:00","SP15","Solar","Renewable Forecast Actual Generation","RENEW_FCST_ACT_MW",3,3,3337.75631,"ACTUAL",3
"49","2019-09-21",5,0,"2019-09-21T11:00:00-00:00","2019-09-21T12:00:00-00:00","SP15","Solar","Renewable Forecast Actual Generation","RENEW_FCST_ACT_MW",3,3,-21.90906,"ACTUAL",3
"50","2019-09-21",11,0,"2019-09-21T17:00:00-00:00","2019-09-21T18:00:00-00:00","SP15","Solar","Renewable Forecast Actual Generation","RENEW_FCST_ACT_MW",3,3,7184.03682,"ACTUAL",3
"51","2019-09-21",4,0,"2019-09-21T10:00:00-00:00","2019-09-21T11:00:00-00:00","SP15","Solar","Renewable Forecast Actual Generation","RENEW_FCST_ACT_MW",3,3,-21.89642,"ACTUAL",3
"52","2019-09-21",15,0,"2019-09-21T21:00:00-00:00","2019-09-21T22:00:00-00:00","SP15","Solar","Renewable Forecast Actual Generation","RENEW_FCST_ACT_MW",3,3,7205.97785,"ACTUAL",3
"53","2019-09-21",3,0,"2019-09-21T09:00:00-00:00","2019-09-21T10:00:00-00:00","SP15","Solar","Renewable Forecast Actual Generation","RENEW_FCST_ACT_MW",3,3,-19.89412,"ACTUAL",3
"54","2019-09-21",10,0,"2019-09-21T16:00:00-00:00","2019-09-21T17:00:00-00:00","SP15","Solar","Renewable Forecast Actual Generation","RENEW_FCST_ACT_MW",3,3,6704.30469,"ACTUAL",3
"55","2019-09-21",2,0,"2019-09-21T08:00:00-00:00","2019-09-21T09:00:00-00:00","SP15","Solar","Renewable Forecast Actual Generation","RENEW_FCST_ACT_MW",3,3,-13.23297,"ACTUAL",3
"56","2019-09-21",13,0,"2019-09-21T19:00:00-00:00","2019-09-21T20:00:00-00:00","SP15","Solar","Renewable Forecast Actual Generation","RENEW_FCST_ACT_MW",3,3,7313.85993,"ACTUAL",3
"57","2019-09-21",24,0,"2019-09-22T06:00:00-00:00","2019-09-22T07:00:00-00:00","SP15","Solar","Renewable Forecast Actual Generation","RENEW_FCST_ACT_MW",3,3,-12.00706,"ACTUAL",3
"58","2019-09-21",9,0,"2019-09-21T15:00:00-00:00","2019-09-21T16:00:00-00:00","SP15","Solar","Renewable Forecast Actual Generation","RENEW_FCST_ACT_MW",3,3,5124.10647,"ACTUAL",3
"59","2019-09-21",23,0,"2019-09-22T05:00:00-00:00","2019-09-22T06:00:00-00:00","SP15","Solar","Renewable Forecast Actual Generation","RENEW_FCST_ACT_MW",3,3,-8.78904,"ACTUAL",3
"60","2019-09-21",16,0,"2019-09-21T22:00:00-00:00","2019-09-21T23:00:00-00:00","SP15","Solar","Renewable Forecast Actual Generation","RENEW_FCST_ACT_MW",3,3,6835.81552,"ACTUAL",3
"61","2019-09-21",22,0,"2019-09-22T04:00:00-00:00","2019-09-22T05:00:00-00:00","SP15","Solar","Renewable Forecast Actual Generation","RENEW_FCST_ACT_MW",3,3,-6.20326,"ACTUAL",3
"62","2019-09-21",8,0,"2019-09-21T14:00:00-00:00","2019-09-21T15:00:00-00:00","SP15","Solar","Renewable Forecast Actual Generation","RENEW_FCST_ACT_MW",3,3,1843.46882,"ACTUAL",3
"63","2019-09-21",21,0,"2019-09-22T03:00:00-00:00","2019-09-22T04:00:00-00:00","SP15","Solar","Renewable Forecast Actual Generation","RENEW_FCST_ACT_MW",3,3,-3.36416,"ACTUAL",3
"64","2019-09-21",12,0,"2019-09-21T18:00:00-00:00","2019-09-21T19:00:00-00:00","SP15","Solar","Renewable Forecast Actual Generation","RENEW_FCST_ACT_MW",3,3,7325.60958,"ACTUAL",3
"65","2019-09-21",20,0,"2019-09-22T02:00:00-00:00","2019-09-22T03:00:00-00:00","SP15","Solar","Renewable Forecast Actual Generation","RENEW_FCST_ACT_MW",3,3,7.75624,"ACTUAL",3
"66","2019-09-21",7,0,"2019-09-21T13:00:00-00:00","2019-09-21T14:00:00-00:00","SP15","Solar","Renewable Forecast Actual Generation","RENEW_FCST_ACT_MW",3,3,45.15319,"ACTUAL",3
"67","2019-09-21",19,0,"2019-09-22T01:00:00-00:00","2019-09-22T02:00:00-00:00","SP15","Solar","Renewable Forecast Actual Generation","RENEW_FCST_ACT_MW",3,3,469.17591,"ACTUAL",3
"68","2019-09-21",14,0,"2019-09-21T20:00:00-00:00","2019-09-21T21:00:00-00:00","SP15","Solar","Renewable Forecast Actual Generation","RENEW_FCST_ACT_MW",3,3,7321.59226,"ACTUAL",3
"69","2019-09-21",17,0,"2019-09-21T23:00:00-00:00","2019-09-22T00:00:00-00:00","SP15","Solar","Renewable Forecast Actual Generation","RENEW_FCST_ACT_MW",3,3,5903.6441,"ACTUAL",3
"70","2019-09-21",18,0,"2019-09-22T00:00:00-00:00","2019-09-22T01:00:00-00:00","SP15","Wind","Renewable Forecast Actual Generation","RENEW_FCST_ACT_MW",3,1,189.31835,"ACTUAL",4
"71","2019-09-21",19,0,"2019-09-22T01:00:00-00:00","2019-09-22T02:00:00-00:00","SP15","Wind","Renewable Forecast Actual Generation","RENEW_FCST_ACT_MW",3,1,137.92944,"ACTUAL",4
"72","2019-09-21",20,0,"2019-09-22T02:00:00-00:00","2019-09-22T03:00:00-00:00","SP15","Wind","Renewable Forecast Actual Generation","RENEW_FCST_ACT_MW",3,1,110.05677,"ACTUAL",4
"73","2019-09-21",21,0,"2019-09-22T03:00:00-00:00","2019-09-22T04:00:00-00:00","SP15","Wind","Renewable Forecast Actual Generation","RENEW_FCST_ACT_MW",3,1,117.03143,"ACTUAL",4
"74","2019-09-21",22,0,"2019-09-22T04:00:00-00:00","2019-09-22T05:00:00-00:00","SP15","Wind","Renewable Forecast Actual Generation","RENEW_FCST_ACT_MW",3,1,119.24738,"ACTUAL",4
"75","2019-09-21",23,0,"2019-09-22T05:00:00-00:00","2019-09-22T06:00:00-00:00","SP15","Wind","Renewable Forecast Actual Generation","RENEW_FCST_ACT_MW",3,1,114.23644,"ACTUAL",4
"76","2019-09-21",24,0,"2019-09-22T06:00:00-00:00","2019-09-22T07:00:00-00:00","SP15","Wind","Renewable Forecast Actual Generation","RENEW_FCST_ACT_MW",3,1,112.86253,"ACTUAL",4
"77","2019-09-21",2,0,"2019-09-21T08:00:00-00:00","2019-09-21T09:00:00-00:00","SP15","Wind","Renewable Forecast Actual Generation","RENEW_FCST_ACT_MW",3,1,414.13917,"ACTUAL",4
"78","2019-09-21",3,0,"2019-09-21T09:00:00-00:00","2019-09-21T10:00:00-00:00","SP15","Wind","Renewable Forecast Actual Generation","RENEW_FCST_ACT_MW",3,1,262.70687,"ACTUAL",4
"79","2019-09-21",4,0,"2019-09-21T10:00:00-00:00","2019-09-21T11:00:00-00:00","SP15","Wind","Renewable Forecast Actual Generation","RENEW_FCST_ACT_MW",3,1,283.1721,"ACTUAL",4
"80","2019-09-21",5,0,"2019-09-21T11:00:00-00:00","2019-09-21T12:00:00-00:00","SP15","Wind","Renewable Forecast Actual Generation","RENEW_FCST_ACT_MW",3,1,296.64615,"ACTUAL",4
"81","2019-09-21",6,0,"2019-09-21T12:00:00-00:00","2019-09-21T13:00:00-00:00","SP15","Wind","Renewable Forecast Actual Generation","RENEW_FCST_ACT_MW",3,1,226.7228,"ACTUAL",4
"82","2019-09-21",7,0,"2019-09-21T13:00:00-00:00","2019-09-21T14:00:00-00:00","SP15","Wind","Renewable Forecast Actual Generation","RENEW_FCST_ACT_MW",3,1,175.58783,"ACTUAL",4
"83","2019-09-21",8,0,"2019-09-21T14:00:00-00:00","2019-09-21T15:00:00-00:00","SP15","Wind","Renewable Forecast Actual Generation","RENEW_FCST_ACT_MW",3,1,148.89962,"ACTUAL",4
"84","2019-09-21",9,0,"2019-09-21T15:00:00-00:00","2019-09-21T16:00:00-00:00","SP15","Wind","Renewable Forecast Actual Generation","RENEW_FCST_ACT_MW",3,1,127.82105,"ACTUAL",4
"85","2019-09-21",10,0,"2019-09-21T16:00:00-00:00","2019-09-21T17:00:00-00:00","SP15","Wind","Renewable Forecast Actual Generation","RENEW_FCST_ACT_MW",3,1,152.10987,"ACTUAL",4
"86","2019-09-21",11,0,"2019-09-21T17:00:00-00:00","2019-09-21T18:00:00-00:00","SP15","Wind","Renewable Forecast Actual Generation","RENEW_FCST_ACT_MW",3,1,345.93556,"ACTUAL",4
"87","2019-09-21",12,0,"2019-09-21T18:00:00-00:00","2019-09-21T19:00:00-00:00","SP15","Wind","Renewable Forecast Actual Generation","RENEW_FCST_ACT_MW",3,1,493.75507,"ACTUAL",4
"88","2019-09-21",13,0,"2019-09-21T19:00:00-00:00","2019-09-21T20:00:00-00:00","SP15","Wind","Renewable Forecast Actual Generation","RENEW_FCST_ACT_MW",3,1,405.30306,"ACTUAL",4
"89","2019-09-21",14,0,"2019-09-21T20:00:00-00:00","2019-09-21T21:00:00-00:00","SP15","Wind","Renewable Forecast Actual Generation","RENEW_FCST_ACT_MW",3,1,309.74215,"ACTUAL",4
"90","2019-09-21",15,0,"2019-09-21T21:00:00-00:00","2019-09-21T22:00:00-00:00","SP15","Wind","Renewable Forecast Actual Generation","RENEW_FCST_ACT_MW",3,1,273.22659,"ACTUAL",4
"91","2019-09-21",16,0,"2019-09-21T22:00:00-00:00","2019-09-21T23:00:00-00:00","SP15","Wind","Renewable Forecast Actual Generation","RENEW_FCST_ACT_MW",3,1,226.28172,"ACTUAL",4
"92","2019-09-21",17,0,"2019-09-21T23:00:00-00:00","2019-09-22T00:00:00-00:00","SP15","Wind","Renewable Forecast Actual Generation","RENEW_FCST_ACT_MW",3,1,209.85228,"ACTUAL",4
"93","2019-09-21",18,0,"2019-09-22T00:00:00-00:00","2019-09-22T01:00:00-00:00","ZP26","Solar","Renewable Forecast Actual Generation","RENEW_FCST_ACT_MW",3,3,774.27796,"ACTUAL",5
"94","2019-09-21",17,0,"2019-09-21T23:00:00-00:00","2019-09-22T00:00:00-00:00","ZP26","Solar","Renewable Forecast Actual Generation","RENEW_FCST_ACT_MW",3,3,1301.27762,"ACTUAL",5
"95","2019-09-21",20,0,"2019-09-22T02:00:00-00:00","2019-09-22T03:00:00-00:00","ZP26","Solar","Renewable Forecast Actual Generation","RENEW_FCST_ACT_MW",3,3,-5.78027,"ACTUAL",5
"96","2019-09-21",21,0,"2019-09-22T03:00:00-00:00","2019-09-22T04:00:00-00:00","ZP26","Solar","Renewable Forecast Actual Generation","RENEW_FCST_ACT_MW",3,3,-5.19138,"ACTUAL",5
"97","2019-09-21",22,0,"2019-09-22T04:00:00-00:00","2019-09-22T05:00:00-00:00","ZP26","Solar","Renewable Forecast Actual Generation","RENEW_FCST_ACT_MW",3,3,-5.26515,"ACTUAL",5
"98","2019-09-21",23,0,"2019-09-22T05:00:00-00:00","2019-09-22T06:00:00-00:00","ZP26","Solar","Renewable Forecast Actual Generation","RENEW_FCST_ACT_MW",3,3,-5.27302,"ACTUAL",5
"99","2019-09-21",24,0,"2019-09-22T06:00:00-00:00","2019-09-22T07:00:00-00:00","ZP26","Solar","Renewable Forecast Actual Generation","RENEW_FCST_ACT_MW",3,3,-5.17986,"ACTUAL",5
"100","2019-09-21",2,0,"2019-09-21T08:00:00-00:00","2019-09-21T09:00:00-00:00","ZP26","Solar","Renewable Forecast Actual Generation","RENEW_FCST_ACT_MW",3,3,5.81029,"ACTUAL",5
"101","2019-09-21",3,0,"2019-09-21T09:00:00-00:00","2019-09-21T10:00:00-00:00","ZP26","Solar","Renewable Forecast Actual Generation","RENEW_FCST_ACT_MW",3,3,5.82466,"ACTUAL",5
"102","2019-09-21",4,0,"2019-09-21T10:00:00-00:00","2019-09-21T11:00:00-00:00","ZP26","Solar","Renewable Forecast Actual Generation","RENEW_FCST_ACT_MW",3,3,1.46053,"ACTUAL",5
"103","2019-09-21",5,0,"2019-09-21T11:00:00-00:00","2019-09-21T12:00:00-00:00","ZP26","Solar","Renewable Forecast Actual Generation","RENEW_FCST_ACT_MW",3,3,-5.44534,"ACTUAL",5
"104","2019-09-21",6,0,"2019-09-21T12:00:00-00:00","2019-09-21T13:00:00-00:00","ZP26","Solar","Renewable Forecast Actual Generation","RENEW_FCST_ACT_MW",3,3,-5.41492,"ACTUAL",5
"105","2019-09-21",7,0,"2019-09-21T13:00:00-00:00","2019-09-21T14:00:00-00:00","ZP26","Solar","Renewable Forecast Actual Generation","RENEW_FCST_ACT_MW",3,3,-4.06626,"ACTUAL",5
"106","2019-09-21",8,0,"2019-09-21T14:00:00-00:00","2019-09-21T15:00:00-00:00","ZP26","Solar","Renewable Forecast Actual Generation","RENEW_FCST_ACT_MW",3,3,272.43468,"ACTUAL",5
"107","2019-09-21",9,0,"2019-09-21T15:00:00-00:00","2019-09-21T16:00:00-00:00","ZP26","Solar","Renewable Forecast Actual Generation","RENEW_FCST_ACT_MW",3,3,971.11088,"ACTUAL",5
"108","2019-09-21",10,0,"2019-09-21T16:00:00-00:00","2019-09-21T17:00:00-00:00","ZP26","Solar","Renewable Forecast Actual Generation","RENEW_FCST_ACT_MW",3,3,1378.73651,"ACTUAL",5
"109","2019-09-21",11,0,"2019-09-21T17:00:00-00:00","2019-09-21T18:00:00-00:00","ZP26","Solar","Renewable Forecast Actual Generation","RENEW_FCST_ACT_MW",3,3,1532.11395,"ACTUAL",5
"110","2019-09-21",12,0,"2019-09-21T18:00:00-00:00","2019-09-21T19:00:00-00:00","ZP26","Solar","Renewable Forecast Actual Generation","RENEW_FCST_ACT_MW",3,3,1582.04197,"ACTUAL",5
"111","2019-09-21",13,0,"2019-09-21T19:00:00-00:00","2019-09-21T20:00:00-00:00","ZP26","Solar","Renewable Forecast Actual Generation","RENEW_FCST_ACT_MW",3,3,1570.6007,"ACTUAL",5
"112","2019-09-21",14,0,"2019-09-21T20:00:00-00:00","2019-09-21T21:00:00-00:00","ZP26","Solar","Renewable Forecast Actual Generation","RENEW_FCST_ACT_MW",3,3,1580.78083,"ACTUAL",5
"113","2019-09-21",15,0,"2019-09-21T21:00:00-00:00","2019-09-21T22:00:00-00:00","ZP26","Solar","Renewable Forecast Actual Generation","RENEW_FCST_ACT_MW",3,3,1577.07355,"ACTUAL",5
"114","2019-09-21",16,0,"2019-09-21T22:00:00-00:00","2019-09-21T23:00:00-00:00","ZP26","Solar","Renewable Forecast Actual Generation","RENEW_FCST_ACT_MW",3,3,1496.51409,"ACTUAL",5
"115","2019-09-21",19,0,"2019-09-22T01:00:00-00:00","2019-09-22T02:00:00-00:00","ZP26","Solar","Renewable Forecast Actual Generation","RENEW_FCST_ACT_MW",3,3,127.38035,"ACTUAL",5
"116","2019-09-22",1,0,"2019-09-22T07:00:00-00:00","2019-09-22T08:00:00-00:00","NP15","Solar","Renewable Forecast Actual Generation","RENEW_FCST_ACT_MW",3,3,-3.53969,"ACTUAL",6
"117","2019-09-22",1,0,"2019-09-22T07:00:00-00:00","2019-09-22T08:00:00-00:00","NP15","Wind","Renewable Forecast Actual Generation","RENEW_FCST_ACT_MW",3,1,49.9011,"ACTUAL",7
"118","2019-09-22",1,0,"2019-09-22T07:00:00-00:00","2019-09-22T08:00:00-00:00","SP15","Solar","Renewable Forecast Actual Generation","RENEW_FCST_ACT_MW",3,3,-11.45698,"ACTUAL",8
"119","2019-09-22",1,0,"2019-09-22T07:00:00-00:00","2019-09-22T08:00:00-00:00","SP15","Wind","Renewable Forecast Actual Generation","RENEW_FCST_ACT_MW",3,1,119.66888,"ACTUAL",9
"120","2019-09-22",1,0,"2019-09-22T07:00:00-00:00","2019-09-22T08:00:00-00:00","ZP26","Solar","Renewable Forecast Actual Generation","RENEW_FCST_ACT_MW",3,3,-5.18028,"ACTUAL",10
