"","OPR_DT","OPR_HR","OPR_INTERVAL","INTERVALSTARTTIME_GMT","INTERVALENDTIME_GMT","TRADING_HUB","RENEWABLE_TYPE","LABEL","XML_DATA_ITEM","MARKET_RUN_ID_POS","RENEW_POS","MW","MARKET_RUN_ID","GROUP"
"1","2019-01-13",1,0,"2019-01-13T08:00:00-00:00","2019-01-13T09:00:00-00:00","NP15","Solar","Renewable Forecast Actual Generation","RENEW_FCST_ACT_MW",3,3,-2.76973,"ACTUAL",1
"2","2019-01-13",2,0,"2019-01-13T09:00:00-00:00","2019-01-13T10:00:00-00:00","NP15","Solar","Renewable Forecast Actual Generation","RENEW_FCST_ACT_MW",3,3,-2.77033,"ACTUAL",1
"3","2019-01-13",3,0,"2019-01-13T10:00:00-00:00","2019-01-13T11:00:00-00:00","NP15","Solar","Renewable Forecast Actual Generation","RENEW_FCST_ACT_MW",3,3,-2.79284,"ACTUAL",1
"4","2019-01-13",4,0,"2019-01-13T11:00:00-00:00","2019-01-13T12:00:00-00:00","NP15","Solar","Renewable Forecast Actual Generation","RENEW_FCST_ACT_MW",3,3,-2.7874,"ACTUAL",1
"5","2019-01-13",5,0,"2019-01-13T12:00:00-00:00","2019-01-13T13:00:00-00:00","NP15","Solar","Renewable Forecast Actual Generation","RENEW_FCST_ACT_MW",3,3,-2.79775,"ACTUAL",1
"6","2019-01-13",6,0,"2019-01-13T13:00:00-00:00","2019-01-13T14:00:00-00:00","NP15","Solar","Renewable Forecast Actual Generation","RENEW_FCST_ACT_MW",3,3,-2.79735,"ACTUAL",1
"7","2019-01-13",7,0,"2019-01-13T14:00:00-00:00","2019-01-13T15:00:00-00:00","NP15","Solar","Renewable Forecast Actual Generation","RENEW_FCST_ACT_MW",3,3,-2.8131,"ACTUAL",1
"8","2019-01-13",8,0,"2019-01-13T15:00:00-00:00","2019-01-13T16:00:00-00:00","NP15","Solar","Renewable Forecast Actual Generation","RENEW_FCST_ACT_MW",3,3,53.29003,"ACTUAL",1
"9","2019-01-13",9,0,"2019-01-13T16:00:00-00:00","2019-01-13T17:00:00-00:00","NP15","Solar","Renewable Forecast Actual Generation","RENEW_FCST_ACT_MW",3,3,488.69667,"ACTUAL",1
"10","2019-01-13",10,0,"2019-01-13T17:00:00-00:00","2019-01-13T18:00:00-00:00","NP15","Solar","Renewable Forecast Actual Generation","RENEW_FCST_ACT_MW",3,3,967.04532,"ACTUAL",1
"11","2019-01-13",11,0,"2019-01-13T18:00:00-00:00","2019-01-13T19:00:00-00:00","NP15","Solar","Renewable Forecast Actual Generation","RENEW_FCST_ACT_MW",3,3,957.65764,"ACTUAL",1
"12","2019-01-13",12,0,"2019-01-13T19:00:00-00:00","2019-01-13T20:00:00-00:00","NP15","Solar","Renewable Forecast Actual Generation","RENEW_FCST_ACT_MW",3,3,723.90717,"ACTUAL",1
"13","2019-01-13",13,0,"2019-01-13T20:00:00-00:00","2019-01-13T21:00:00-00:00","NP15","Solar","Renewable Forecast Actual Generation","RENEW_FCST_ACT_MW",3,3,558.46647,"ACTUAL",1
"14","2019-01-13",14,0,"2019-01-13T21:00:00-00:00","2019-01-13T22:00:00-00:00","NP15","Solar","Renewable Forecast Actual Generation","RENEW_FCST_ACT_MW",3,3,492.09013,"ACTUAL",1
"15","2019-01-13",15,0,"2019-01-13T22:00:00-00:00","2019-01-13T23:00:00-00:00","NP15","Solar","Renewable Forecast Actual Generation","RENEW_FCST_ACT_MW",3,3,525.79344,"ACTUAL",1
"16","2019-01-13",16,0,"2019-01-13T23:00:00-00:00","2019-01-14T00:00:00-00:00","NP15","Solar","Renewable Forecast Actual Generation","RENEW_FCST_ACT_MW",3,3,292.24378,"ACTUAL",1
"17","2019-01-13",17,0,"2019-01-14T00:00:00-00:00","2019-01-14T01:00:00-00:00","NP15","Solar","Renewable Forecast Actual Generation","RENEW_FCST_ACT_MW",3,3,62.00903,"ACTUAL",1
"18","2019-01-13",18,0,"2019-01-14T01:00:00-00:00","2019-01-14T02:00:00-00:00","NP15","Solar","Renewable Forecast Actual Generation","RENEW_FCST_ACT_MW",3,3,5.1183,"ACTUAL",1
"19","2019-01-13",19,0,"2019-01-14T02:00:00-00:00","2019-01-14T03:00:00-00:00","NP15","Solar","Renewable Forecast Actual Generation","RENEW_FCST_ACT_MW",3,3,5.20683,"ACTUAL",1
"20","2019-01-13",20,0,"2019-01-14T03:00:00-00:00","2019-01-14T04:00:00-00:00","NP15","Solar","Renewable Forecast Actual Generation","RENEW_FCST_ACT_MW",3,3,5.20862,"ACTUAL",1
"21","2019-01-13",21,0,"2019-01-14T04:00:00-00:00","2019-01-14T05:00:00-00:00","NP15","Solar","Renewable Forecast Actual Generation","RENEW_FCST_ACT_MW",3,3,5.2028,"ACTUAL",1
"22","2019-01-13",22,0,"2019-01-14T05:00:00-00:00","2019-01-14T06:00:00-00:00","NP15","Solar","Renewable Forecast Actual Generation","RENEW_FCST_ACT_MW",3,3,5.20506,"ACTUAL",1
"23","2019-01-13",23,0,"2019-01-14T06:00:00-00:00","2019-01-14T07:00:00-00:00","NP15","Solar","Renewable Forecast Actual Generation","RENEW_FCST_ACT_MW",3,3,5.19761,"ACTUAL",1
"24","2019-01-13",24,0,"2019-01-14T07:00:00-00:00","2019-01-14T08:00:00-00:00","NP15","Solar","Renewable Forecast Actual Generation","RENEW_FCST_ACT_MW",3,3,5.21401,"ACTUAL",1
"25","2019-01-13",1,0,"2019-01-13T08:00:00-00:00","2019-01-13T09:00:00-00:00","NP15","Wind","Renewable Forecast Actual Generation","RENEW_FCST_ACT_MW",3,1,9.40084,"ACTUAL",2
"26","2019-01-13",24,0,"2019-01-14T07:00:00-00:00","2019-01-14T08:00:00-00:00","NP15","Wind","Renewable Forecast Actual Generation","RENEW_FCST_ACT_MW",3,1,91.82545,"ACTUAL",2
"27","2019-01-13",3,0,"2019-01-13T10:00:00-00:00","2019-01-13T11:00:00-00:00","NP15","Wind","Renewable Forecast Actual Generation","RENEW_FCST_ACT_MW",3,1,1.10641,"ACTUAL",2
"28","2019-01-13",4,0,"2019-01-13T11:00:00-00:00","2019-01-13T12:00:00-00:00","NP15","Wind","Renewable Forecast Actual Generation","RENEW_FCST_ACT_MW",3,1,17.27947,"ACTUAL",2
"29","2019-01-13",5,0,"2019-01-13T12:00:00-00:00","2019-01-13T13:00:00-00:00","NP15","Wind","Renewable Forecast Actual Generation","RENEW_FCST_ACT_MW",3,1,52.49742,"ACTUAL",2
"30","2019-01-13",6,0,"2019-01-13T13:00:00-00:00","2019-01-13T14:00:00-00:00","NP15","Wind","Renewable Forecast Actual Generation","RENEW_FCST_ACT_MW",3,1,102.51697,"ACTUAL",2
"31","2019-01-13",7,0,"2019-01-13T14:00:00-00:00","2019-01-13T15:00:00-00:00","NP15","Wind","Renewable Forecast Actual Generation","RENEW_FCST_ACT_MW",3,1,109.09932,"ACTUAL",2
"32","2019-01-13",8,0,"2019-01-13T15:00:00-00:00","2019-01-13T16:00:00-00:00","NP15","Wind","Renewable Forecast Actual Generation","RENEW_FCST_ACT_MW",3,1,93.95733,"ACTUAL",2
"33","2019-01-13",9,0,"2019-01-13T16:00:00-00:00","2019-01-13T17:00:00-00:00","NP15","Wind","Renewable Forecast Actual Generation","RENEW_FCST_ACT_MW",3,1,111.50328,"ACTUAL",2
"34","2019-01-13",10,0,"2019-01-13T17:00:00-00:00","2019-01-13T18:00:00-00:00","NP15","Wind","Renewable Forecast Actual Generation","RENEW_FCST_ACT_MW",3,1,93.52881,"ACTUAL",2
"35","2019-01-13",11,0,"2019-01-13T18:00:00-00:00","2019-01-13T19:00:00-00:00","NP15","Wind","Renewable Forecast Actual Generation","RENEW_FCST_ACT_MW",3,1,105.24026,"ACTUAL",2
"36","2019-01-13",12,0,"2019-01-13T19:00:00-00:00","2019-01-13T20:00:00-00:00","NP15","Wind","Renewable Forecast Actual Generation","RENEW_FCST_ACT_MW",3,1,81.08732,"ACTUAL",2
"37","2019-01-13",13,0,"2019-01-13T20:00:00-00:00","2019-01-13T21:00:00-00:00","NP15","Wind","Renewable Forecast Actual Generation","RENEW_FCST_ACT_MW",3,1,128.13477,"ACTUAL",2
"38","2019-01-13",14,0,"2019-01-13T21:00:00-00:00","2019-01-13T22:00:00-00:00","NP15","Wind","Renewable Forecast Actual Generation","RENEW_FCST_ACT_MW",3,1,48.36064,"ACTUAL",2
"39","2019-01-13",15,0,"2019-01-13T22:00:00-00:00","2019-01-13T23:00:00-00:00","NP15","Wind","Renewable Forecast Actual Generation","RENEW_FCST_ACT_MW",3,1,42.62481,"ACTUAL",2
"40","2019-01-13",16,0,"2019-01-13T23:00:00-00:00","2019-01-14T00:00:00-00:00","NP15","Wind","Renewable Forecast Actual Generation","RENEW_FCST_ACT_MW",3,1,41.75442,"ACTUAL",2
"41","2019-01-13",17,0,"2019-01-14T00:00:00-00:00","2019-01-14T01:00:00-00:00","NP15","Wind","Renewable Forecast Actual Generation","RENEW_FCST_ACT_MW",3,1,53.26855,"ACTUAL",2
"42","2019-01-13",18,0,"2019-01-14T01:00:00-00:00","2019-01-14T02:00:00-00:00","NP15","Wind","Renewable Forecast Actual Generation","RENEW_FCST_ACT_MW",3,1,96.92011,"ACTUAL",2
"43","2019-01-13",19,0,"2019-01-14T02:00:00-00:00","2019-01-14T03:00:00-00:00","NP15","Wind","Renewable Forecast Actual Generation","RENEW_FCST_ACT_MW",3,1,116.81004,"ACTUAL",2
"44","2019-01-13",20,0,"2019-01-14T03:00:00-00:00","2019-01-14T04:00:00-00:00","NP15","Wind","Renewable Forecast Actual Generation","RENEW_FCST_ACT_MW",3,1,133.18608,"ACTUAL",2
"45","2019-01-13",21,0,"2019-01-14T04:00:00-00:00","2019-01-14T05:00:00-00:00","NP15","Wind","Renewable Forecast Actual Generation","RENEW_FCST_ACT_MW",3,1,157.10905,"ACTUAL",2
"46","2019-01-13",22,0,"2019-01-14T05:00:00-00:00","2019-01-14T06:00:00-00:00","NP15","Wind","Renewable Forecast Actual Generation","RENEW_FCST_ACT_MW",3,1,135.98606,"ACTUAL",2
"47","2019-01-13",23,0,"2019-01-14T06:00:00-00:00","2019-01-14T07:00:00-00:00","NP15","Wind","Renewable Forecast Actual Generation","RENEW_FCST_ACT_MW",3,1,120.37553,"ACTUAL",2
"48","2019-01-13",2,0,"2019-01-13T09:00:00-00:00","2019-01-13T10:00:00-00:00","NP15","Wind","Renewable Forecast Actual Generation","RENEW_FCST_ACT_MW",3,1,1.33006,"ACTUAL",2
"49","2019-01-13",24,0,"2019-01-14T07:00:00-00:00","2019-01-14T08:00:00-00:00","SP15","Solar","Renewable Forecast Actual Generation","RENEW_FCST_ACT_MW",3,3,-3.89751,"ACTUAL",3
"50","2019-01-13",2,0,"2019-01-13T09:00:00-00:00","2019-01-13T10:00:00-00:00","SP15","Solar","Renewable Forecast Actual Generation","RENEW_FCST_ACT_MW",3,3,-6.47075,"ACTUAL",3
"51","2019-01-13",23,0,"2019-01-14T06:00:00-00:00","2019-01-14T07:00:00-00:00","SP15","Solar","Renewable Forecast Actual Generation","RENEW_FCST_ACT_MW",3,3,-2.20217,"ACTUAL",3
"52","2019-01-13",6,0,"2019-01-13T13:00:00-00:00","2019-01-13T14:00:00-00:00","SP15","Solar","Renewable Forecast Actual Generation","RENEW_FCST_ACT_MW",3,3,-8.73594,"ACTUAL",3
"53","2019-01-13",22,0,"2019-01-14T05:00:00-00:00","2019-01-14T06:00:00-00:00","SP15","Solar","Renewable Forecast Actual Generation","RENEW_FCST_ACT_MW",3,3,-1.6976,"ACTUAL",3
"54","2019-01-13",11,0,"2019-01-13T18:00:00-00:00","2019-01-13T19:00:00-00:00","SP15","Solar","Renewable Forecast Actual Generation","RENEW_FCST_ACT_MW",3,3,4848.39401,"ACTUAL",3
"55","2019-01-13",21,0,"2019-01-14T04:00:00-00:00","2019-01-14T05:00:00-00:00","SP15","Solar","Renewable Forecast Actual Generation","RENEW_FCST_ACT_MW",3,3,-1.70605,"ACTUAL",3
"56","2019-01-13",3,0,"2019-01-13T10:00:00-00:00","2019-01-13T11:00:00-00:00","SP15","Solar","Renewable Forecast Actual Generation","RENEW_FCST_ACT_MW",3,3,-7.25675,"ACTUAL",3
"57","2019-01-13",20,0,"2019-01-14T03:00:00-00:00","2019-01-14T04:00:00-00:00","SP15","Solar","Renewable Forecast Actual Generation","RENEW_FCST_ACT_MW",3,3,-1.67478,"ACTUAL",3
"58","2019-01-13",10,0,"2019-01-13T17:00:00-00:00","2019-01-13T18:00:00-00:00","SP15","Solar","Renewable Forecast Actual Generation","RENEW_FCST_ACT_MW",3,3,4220.6045,"ACTUAL",3
"59","2019-01-13",19,0,"2019-01-14T02:00:00-00:00","2019-01-14T03:00:00-00:00","SP15","Solar","Renewable Forecast Actual Generation","RENEW_FCST_ACT_MW",3,3,-2.18949,"ACTUAL",3
"60","2019-01-13",5,0,"2019-01-13T12:00:00-00:00","2019-01-13T13:00:00-00:00","SP15","Solar","Renewable Forecast Actual Generation","RENEW_FCST_ACT_MW",3,3,-9.14554,"ACTUAL",3
"61","2019-01-13",18,0,"2019-01-14T01:00:00-00:00","2019-01-14T02:00:00-00:00","SP15","Solar","Renewable Forecast Actual Generation","RENEW_FCST_ACT_MW",3,3,133.75672,"ACTUAL",3
"62","2019-01-13",9,0,"2019-01-13T16:00:00-00:00","2019-01-13T17:00:00-00:00","SP15","Solar","Renewable Forecast Actual Generation","RENEW_FCST_ACT_MW",3,3,3192.40704,"ACTUAL",3
"63","2019-01-13",17,0,"2019-01-14T00:00:00-00:00","2019-01-14T01:00:00-00:00","SP15","Solar","Renewable Forecast Actual Generation","RENEW_FCST_ACT_MW",3,3,387.09757,"ACTUAL",3
"64","2019-01-13",1,0,"2019-01-13T08:00:00-00:00","2019-01-13T09:00:00-00:00","SP15","Solar","Renewable Forecast Actual Generation","RENEW_FCST_ACT_MW",3,3,-7.14433,"ACTUAL",3
"65","2019-01-13",16,0,"2019-01-13T23:00:00-00:00","2019-01-14T00:00:00-00:00","SP15","Solar","Renewable Forecast Actual Generation","RENEW_FCST_ACT_MW",3,3,1736.76132,"ACTUAL",3
"66","2019-01-13",8,0,"2019-01-13T15:00:00-00:00","2019-01-13T16:00:00-00:00","SP15","Solar","Renewable Forecast Actual Generation","RENEW_FCST_ACT_MW",3,3,804.94602,"ACTUAL",3
"67","2019-01-13",15,0,"2019-01-13T22:00:00-00:00","2019-01-13T23:00:00-00:00","SP15","Solar","Renewable Forecast Actual Generation","RENEW_FCST_ACT_MW",3,3,3331.3635,"ACTUAL",3
"68","2019-01-13",4,0,"2019-01-13T11:00:00-00:00","2019-01-13T12:00:00-00:00","SP15","Solar","Renewable Forecast Actual Generation","RENEW_FCST_ACT_MW",3,3,-8.27646,"ACTUAL",3
"69","2019-01-13",14,0,"2019-01-13T21:00:00-00:00","2019-01-13T22:00:00-00:00","SP15","Solar","Renewable Forecast Actual Generation","RENEW_FCST_ACT_MW",3,3,4007.85631,"ACTUAL",3
"70","2019-01-13",7,0,"2019-01-13T14:00:00-00:00","2019-01-13T15:00:00-00:00","SP15","Solar","Renewable Forecast Actual Generation","RENEW_FCST_ACT_MW",3,3,-4.15716,"ACTUAL",3
"71","2019-01-13",13,0,"2019-01-13T20:00:00-00:00","2019-01-13T21:00:00-00:00","SP15","Solar","Renewable Forecast Actual Generation","RENEW_FCST_ACT_MW",3,3,4324.64646,"ACTUAL",3
"72","2019-01-13",12,0,"2019-01-13T19:00:00-00:00","2019-01-13T20:00:00-00:00","SP15","Solar","Renewable Forecast Actual Generation","RENEW_FCST_ACT_MW",3,3,4952.6901,"ACTUAL",3
"73","2019-01-13",23,0,"2019-01-14T06:00:00-00:00","2019-01-14T07:00:00-00:00","SP15","Wind","Renewable Forecast Actual Generation","RENEW_FCST_ACT_MW",3,1,978.41187,"ACTUAL",4
"74","2019-01-13",22,0,"2019-01-14T05:00:00-00:00","2019-01-14T06:00:00-00:00","SP15","Wind","Renewable Forecast Actual Generation","RENEW_FCST_ACT_MW",3,1,964.97772,"ACTUAL",4
"75","2019-01-13",21,0,"2019-01-14T04:00:00-00:00","2019-01-14T05:00:00-00:00","SP15","Wind","Renewable Forecast Actual Generation","RENEW_FCST_ACT_MW",3,1,833.61893,"ACTUAL",4
"76","2019-01-13",20,0,"2019-01-14T03:00:00-00:00","2019-01-14T04:00:00-00:00","SP15","Wind","Renewable Forecast Actual Generation","RENEW_FCST_ACT_MW",3,1,654.85382,"ACTUAL",4
"77","2019-01-13",19,0,"2019-01-14T02:00:00-00:00","2019-01-14T03:00:00-00:00","SP15","Wind","Renewable Forecast Actual Generation","RENEW_FCST_ACT_MW",3,1,508.60681,"ACTUAL",4
"78","2019-01-13",18,0,"2019-01-14T01:00:00-00:00","2019-01-14T02:00:00-00:00","SP15","Wind","Renewable Forecast Actual Generation","RENEW_FCST_ACT_MW",3,1,451.16842,"ACTUAL",4
"79","2019-01-13",17,0,"2019-01-14T00:00:00-00:00","2019-01-14T01:00:00-00:00","SP15","Wind","Renewable Forecast Actual Generation","RENEW_FCST_ACT_MW",3,1,487.73983,"ACTUAL",4
"80","2019-01-13",16,0,"2019-01-13T23:00:00-00:00","2019-01-14T00:00:00-00:00","SP15","Wind","Renewable Forecast Actual Generation","RENEW_FCST_ACT_MW",3,1,585.08019,"ACTUAL",4
"81","2019-01-13",15,0,"2019-01-13T22:00:00-00:00","2019-01-13T23:00:00-00:00","SP15","Wind","Renewable Forecast Actual Generation","RENEW_FCST_ACT_MW",3,1,653.06309,"ACTUAL",4
"82","2019-01-13",14,0,"2019-01-13T21:00:00-00:00","2019-01-13T22:00:00-00:00","SP15","Wind","Renewable Forecast Actual Generation","RENEW_FCST_ACT_MW",3,1,564.39016,"ACTUAL",4
"83","2019-01-13",13,0,"2019-01-13T20:00:00-00:00","2019-01-13T21:00:00-00:00","SP15","Wind","Renewable Forecast Actual Generation","RENEW_FCST_ACT_MW",3,1,553.88118,"ACTUAL",4
"84","2019-01-13",12,0,"2019-01-13T19:00:00-00:00","2019-01-13T20:00:00-00:00","SP15","Wind","Renewable Forecast Actual Generation","RENEW_FCST_ACT_MW",3,1,484.87821,"ACTUAL",4
"85","2019-01-13",11,0,"2019-01-13T18:00:00-00:00","2019-01-13T19:00:00-00:00","SP15","Wind","Renewable Forecast Actual Generation","RENEW_FCST_ACT_MW",3,1,270.68353,"ACTUAL",4
"86","2019-01-13",10,0,"2019-01-13T17:00:00-00:00","2019-01-13T18:00:00-00:00","SP15","Wind","Renewable Forecast Actual Generation","RENEW_FCST_ACT_MW",3,1,201.78066,"ACTUAL",4
"87","2019-01-13",9,0,"2019-01-13T16:00:00-00:00","2019-01-13T17:00:00-00:00","SP15","Wind","Renewable Forecast Actual Generation","RENEW_FCST_ACT_MW",3,1,169.50037,"ACTUAL",4
"88","2019-01-13",8,0,"2019-01-13T15:00:00-00:00","2019-01-13T16:00:00-00:00","SP15","Wind","Renewable Forecast Actual Generation","RENEW_FCST_ACT_MW",3,1,177.95205,"ACTUAL",4
"89","2019-01-13",7,0,"2019-01-13T14:00:00-00:00","2019-01-13T15:00:00-00:00","SP15","Wind","Renewable Forecast Actual Generation","RENEW_FCST_ACT_MW",3,1,160.4806,"ACTUAL",4
"90","2019-01-13",6,0,"2019-01-13T13:00:00-00:00","2019-01-13T14:00:00-00:00","SP15","Wind","Renewable Forecast Actual Generation","RENEW_FCST_ACT_MW",3,1,111.11926,"ACTUAL",4
"91","2019-01-13",5,0,"2019-01-13T12:00:00-00:00","2019-01-13T13:00:00-00:00","SP15","Wind","Renewable Forecast Actual Generation","RENEW_FCST_ACT_MW",3,1,108.3726,"ACTUAL",4
"92","2019-01-13",4,0,"2019-01-13T11:00:00-00:00","2019-01-13T12:00:00-00:00","SP15","Wind","Renewable Forecast Actual Generation","RENEW_FCST_ACT_MW",3,1,123.82839,"ACTUAL",4
"93","2019-01-13",3,0,"2019-01-13T10:00:00-00:00","2019-01-13T11:00:00-00:00","SP15","Wind","Renewable Forecast Actual Generation","RENEW_FCST_ACT_MW",3,1,142.96039,"ACTUAL",4
"94","2019-01-13",2,0,"2019-01-13T09:00:00-00:00","2019-01-13T10:00:00-00:00","SP15","Wind","Renewable Forecast Actual Generation","RENEW_FCST_ACT_MW",3,1,170.27086,"ACTUAL",4
"95","2019-01-13",24,0,"2019-01-14T07:00:00-00:00","2019-01-14T08:00:00-00:00","SP15","Wind","Renewable Forecast Actual Generation","RENEW_FCST_ACT_MW",3,1,989.70169,"ACTUAL",4
"96","2019-01-13",1,0,"2019-01-13T08:00:00-00:00","2019-01-13T09:00:00-00:00","SP15","Wind","Renewable Forecast Actual Generation","RENEW_FCST_ACT_MW",3,1,196.89254,"ACTUAL",4
"97","2019-01-13",1,0,"2019-01-13T08:00:00-00:00","2019-01-13T09:00:00-00:00","ZP26","Solar","Renewable Forecast Actual Generation","RENEW_FCST_ACT_MW",3,3,-4.93456,"ACTUAL",5
"98","2019-01-13",24,0,"2019-01-14T07:00:00-00:00","2019-01-14T08:00:00-00:00","ZP26","Solar","Renewable Forecast Actual Generation","RENEW_FCST_ACT_MW",3,3,-4.96225,"ACTUAL",5
"99","2019-01-13",3,0,"2019-01-13T10:00:00-00:00","2019-01-13T11:00:00-00:00","ZP26","Solar","Renewable Forecast Actual Generation","RENEW_FCST_ACT_MW",3,3,-5.00336,"ACTUAL",5
"100","2019-01-13",4,0,"2019-01-13T11:00:00-00:00","2019-01-13T12:00:00-00:00","ZP26","Solar","Renewable Forecast Actual Generation","RENEW_FCST_ACT_MW",3,3,-5.39159,"ACTUAL",5
"101","2019-01-13",5,0,"2019-01-13T12:00:00-00:00","2019-01-13T13:00:00-00:00","ZP26","Solar","Renewable Forecast Actual Generation","RENEW_FCST_ACT_MW",3,3,-5.35426,"ACTUAL",5
"102","2019-01-13",6,0,"2019-01-13T13:00:00-00:00","2019-01-13T14:00:00-00:00","ZP26","Solar","Renewable Forecast Actual Generation","RENEW_FCST_ACT_MW",3,3,-5.26201,"ACTUAL",5
"103","2019-01-13",7,0,"2019-01-13T14:00:00-00:00","2019-01-13T15:00:00-00:00","ZP26","Solar","Renewable Forecast Actual Generation","RENEW_FCST_ACT_MW",3,3,-5.37539,"ACTUAL",5
"104","2019-01-13",8,0,"2019-01-13T15:00:00-00:00","2019-01-13T16:00:00-00:00","ZP26","Solar","Renewable Forecast Actual Generation","RENEW_FCST_ACT_MW",3,3,102.15347,"ACTUAL",5
"105","2019-01-13",9,0,"2019-01-13T16:00:00-00:00","2019-01-13T17:00:00-00:00","ZP26","Solar","Renewable Forecast Actual Generation","RENEW_FCST_ACT_MW",3,3,645.75367,"ACTUAL",5
"106","2019-01-13",10,0,"2019-01-13T17:00:00-00:00","2019-01-13T18:00:00-00:00","ZP26","Solar","Renewable Forecast Actual Generation","RENEW_FCST_ACT_MW",3,3,946.93404,"ACTUAL",5
"107","2019-01-13",11,0,"2019-01-13T18:00:00-00:00","2019-01-13T19:00:00-00:00","ZP26","Solar","Renewable Forecast Actual Generation","RENEW_FCST_ACT_MW",3,3,803.62766,"ACTUAL",5
"108","2019-01-13",12,0,"2019-01-13T19:00:00-00:00","2019-01-13T20:00:00-00:00","ZP26","Solar","Renewable Forecast Actual Generation","RENEW_FCST_ACT_MW",3,3,677.33729,"ACTUAL",5
"109","2019-01-13",13,0,"2019-01-13T20:00:00-00:00","2019-01-13T21:00:00-00:00","ZP26","Solar","Renewable Forecast Actual Generation","RENEW_FCST_ACT_MW",3,3,845.88015,"ACTUAL",5
"110","2019-01-13",14,0,"2019-01-13T21:00:00-00:00","2019-01-13T22:00:00-00:00","ZP26","Solar","Renewable Forecast Actual Generation","RENEW_FCST_ACT_MW",3,3,779.79048,"ACTUAL",5
"111","2019-01-13",15,0,"2019-01-13T22:00:00-00:00","2019-01-13T23:00:00-00:00","ZP26","Solar","Renewable Forecast Actual Generation","RENEW_FCST_ACT_MW",3,3,422.36688,"ACTUAL",5
"112","2019-01-13",16,0,"2019-01-13T23:00:00-00:00","2019-01-14T00:00:00-00:00","ZP26","Solar","Renewable Forecast Actual Generation","RENEW_FCST_ACT_MW",3,3,195.6748,"ACTUAL",5
"113","2019-01-13",17,0,"2019-01-14T00:00:00-00:00","2019-01-14T01:00:00-00:00","ZP26","Solar","Renewable Forecast Actual Generation","RENEW_FCST_ACT_MW",3,3,48.5837,"ACTUAL",5
"114","2019-01-13",18,0,"2019-01-14T01:00:00-00:00","2019-01-14T02:00:00-00:00","ZP26","Solar","Renewable Forecast Actual Generation","RENEW_FCST_ACT_MW",3,3,-5.1805,"ACTUAL",5
"115","2019-01-13",19,0,"2019-01-14T02:00:00-00:00","2019-01-14T03:00:00-00:00","ZP26","Solar","Renewable Forecast Actual Generation","RENEW_FCST_ACT_MW",3,3,-4.98575,"ACTUAL",5
"116","2019-01-13",20,0,"2019-01-14T03:00:00-00:00","2019-01-14T04:00:00-00:00","ZP26","Solar","Renewable Forecast Actual Generation","RENEW_FCST_ACT_MW",3,3,-4.96608,"ACTUAL",5
"117","2019-01-13",21,0,"2019-01-14T04:00:00-00:00","2019-01-14T05:00:00-00:00","ZP26","Solar","Renewable Forecast Actual Generation","RENEW_FCST_ACT_MW",3,3,-4.9644,"ACTUAL",5
"118","2019-01-13",22,0,"2019-01-14T05:00:00-00:00","2019-01-14T06:00:00-00:00","ZP26","Solar","Renewable Forecast Actual Generation","RENEW_FCST_ACT_MW",3,3,-4.96968,"ACTUAL",5
"119","2019-01-13",23,0,"2019-01-14T06:00:00-00:00","2019-01-14T07:00:00-00:00","ZP26","Solar","Renewable Forecast Actual Generation","RENEW_FCST_ACT_MW",3,3,-4.97679,"ACTUAL",5
"120","2019-01-13",2,0,"2019-01-13T09:00:00-00:00","2019-01-13T10:00:00-00:00","ZP26","Solar","Renewable Forecast Actual Generation","RENEW_FCST_ACT_MW",3,3,-4.93075,"ACTUAL",5
