"","OPR_DT","OPR_HR","OPR_INTERVAL","INTERVALSTARTTIME_GMT","INTERVALENDTIME_GMT","TRADING_HUB","RENEWABLE_TYPE","LABEL","XML_DATA_ITEM","MARKET_RUN_ID_POS","RENEW_POS","MW","MARKET_RUN_ID","GROUP"
"1","2019-03-17",2,0,"2019-03-17T08:00:00-00:00","2019-03-17T09:00:00-00:00","NP15","Solar","Renewable Forecast Actual Generation","RENEW_FCST_ACT_MW",3,3,-3.59054,"ACTUAL",1
"2","2019-03-17",3,0,"2019-03-17T09:00:00-00:00","2019-03-17T10:00:00-00:00","NP15","Solar","Renewable Forecast Actual Generation","RENEW_FCST_ACT_MW",3,3,-3.60825,"ACTUAL",1
"3","2019-03-17",4,0,"2019-03-17T10:00:00-00:00","2019-03-17T11:00:00-00:00","NP15","Solar","Renewable Forecast Actual Generation","RENEW_FCST_ACT_MW",3,3,-3.60107,"ACTUAL",1
"4","2019-03-17",5,0,"2019-03-17T11:00:00-00:00","2019-03-17T12:00:00-00:00","NP15","Solar","Renewable Forecast Actual Generation","RENEW_FCST_ACT_MW",3,3,-3.61224,"ACTUAL",1
"5","2019-03-17",6,0,"2019-03-17T12:00:00-00:00","2019-03-17T13:00:00-00:00","NP15","Solar","Renewable Forecast Actual Generation","RENEW_FCST_ACT_MW",3,3,-3.59795,"ACTUAL",1
"6","2019-03-17",7,0,"2019-03-17T13:00:00-00:00","2019-03-17T14:00:00-00:00","NP15","Solar","Renewable Forecast Actual Generation","RENEW_FCST_ACT_MW",3,3,-3.65448,"ACTUAL",1
"7","2019-03-17",8,0,"2019-03-17T14:00:00-00:00","2019-03-17T15:00:00-00:00","NP15","Solar","Renewable Forecast Actual Generation","RENEW_FCST_ACT_MW",3,3,118.91058,"ACTUAL",1
"8","2019-03-17",9,0,"2019-03-17T15:00:00-00:00","2019-03-17T16:00:00-00:00","NP15","Solar","Renewable Forecast Actual Generation","RENEW_FCST_ACT_MW",3,3,867.22577,"ACTUAL",1
"9","2019-03-17",10,0,"2019-03-17T16:00:00-00:00","2019-03-17T17:00:00-00:00","NP15","Solar","Renewable Forecast Actual Generation","RENEW_FCST_ACT_MW",3,3,1292.57831,"ACTUAL",1
"10","2019-03-17",11,0,"2019-03-17T17:00:00-00:00","2019-03-17T18:00:00-00:00","NP15","Solar","Renewable Forecast Actual Generation","RENEW_FCST_ACT_MW",3,3,1347.53217,"ACTUAL",1
"11","2019-03-17",12,0,"2019-03-17T18:00:00-00:00","2019-03-17T19:00:00-00:00","NP15","Solar","Renewable Forecast Actual Generation","RENEW_FCST_ACT_MW",3,3,1310.4605,"ACTUAL",1
"12","2019-03-17",13,0,"2019-03-17T19:00:00-00:00","2019-03-17T20:00:00-00:00","NP15","Solar","Renewable Forecast Actual Generation","RENEW_FCST_ACT_MW",3,3,1265.72564,"ACTUAL",1
"13","2019-03-17",14,0,"2019-03-17T20:00:00-00:00","2019-03-17T21:00:00-00:00","NP15","Solar","Renewable Forecast Actual Generation","RENEW_FCST_ACT_MW",3,3,1254.50178,"ACTUAL",1
"14","2019-03-17",15,0,"2019-03-17T21:00:00-00:00","2019-03-17T22:00:00-00:00","NP15","Solar","Renewable Forecast Actual Generation","RENEW_FCST_ACT_MW",3,3,1318.60058,"ACTUAL",1
"15","2019-03-17",16,0,"2019-03-17T22:00:00-00:00","2019-03-17T23:00:00-00:00","NP15","Solar","Renewable Forecast Actual Generation","RENEW_FCST_ACT_MW",3,3,1324.53713,"ACTUAL",1
"16","2019-03-17",17,0,"2019-03-17T23:00:00-00:00","2019-03-18T00:00:00-00:00","NP15","Solar","Renewable Forecast Actual Generation","RENEW_FCST_ACT_MW",3,3,1274.61735,"ACTUAL",1
"17","2019-03-17",18,0,"2019-03-18T00:00:00-00:00","2019-03-18T01:00:00-00:00","NP15","Solar","Renewable Forecast Actual Generation","RENEW_FCST_ACT_MW",3,3,942.60447,"ACTUAL",1
"18","2019-03-17",19,0,"2019-03-18T01:00:00-00:00","2019-03-18T02:00:00-00:00","NP15","Solar","Renewable Forecast Actual Generation","RENEW_FCST_ACT_MW",3,3,187.05642,"ACTUAL",1
"19","2019-03-17",20,0,"2019-03-18T02:00:00-00:00","2019-03-18T03:00:00-00:00","NP15","Solar","Renewable Forecast Actual Generation","RENEW_FCST_ACT_MW",3,3,-2.57096,"ACTUAL",1
"20","2019-03-17",21,0,"2019-03-18T03:00:00-00:00","2019-03-18T04:00:00-00:00","NP15","Solar","Renewable Forecast Actual Generation","RENEW_FCST_ACT_MW",3,3,-3.40863,"ACTUAL",1
"21","2019-03-17",22,0,"2019-03-18T04:00:00-00:00","2019-03-18T05:00:00-00:00","NP15","Solar","Renewable Forecast Actual Generation","RENEW_FCST_ACT_MW",3,3,-3.41211,"ACTUAL",1
"22","2019-03-17",23,0,"2019-03-18T05:00:00-00:00","2019-03-18T06:00:00-00:00","NP15","Solar","Renewable Forecast Actual Generation","RENEW_FCST_ACT_MW",3,3,-3.41187,"ACTUAL",1
"23","2019-03-17",24,0,"2019-03-18T06:00:00-00:00","2019-03-18T07:00:00-00:00","NP15","Solar","Renewable Forecast Actual Generation","RENEW_FCST_ACT_MW",3,3,-3.40108,"ACTUAL",1
"24","2019-03-17",18,0,"2019-03-18T00:00:00-00:00","2019-03-18T01:00:00-00:00","NP15","Wind","Renewable Forecast Actual Generation","RENEW_FCST_ACT_MW",3,1,-6.17979,"ACTUAL",2
"25","2019-03-17",6,0,"2019-03-17T12:00:00-00:00","2019-03-17T13:00:00-00:00","NP15","Wind","Renewable Forecast Actual Generation","RENEW_FCST_ACT_MW",3,1,5.59821,"ACTUAL",2
"26","2019-03-17",17,0,"2019-03-17T23:00:00-00:00","2019-03-18T00:00:00-00:00","NP15","Wind","Renewable Forecast Actual Generation","RENEW_FCST_ACT_MW",3,1,-6.77018,"ACTUAL",2
"27","2019-03-17",16,0,"2019-03-17T22:00:00-00:00","2019-03-17T23:00:00-00:00","NP15","Wind","Renewable Forecast Actual Generation","RENEW_FCST_ACT_MW",3,1,-4.21586,"ACTUAL",2
"28","2019-03-17",15,0,"2019-03-17T21:00:00-00:00","2019-03-17T22:00:00-00:00","NP15","Wind","Renewable Forecast Actual Generation","RENEW_FCST_ACT_MW",3,1,-4.8552,"ACTUAL",2
"29","2019-03-17",14,0,"2019-03-17T20:00:00-00:00","2019-03-17T21:00:00-00:00","NP15","Wind","Renewable Forecast Actual Generation","RENEW_FCST_ACT_MW",3,1,3.06474,"ACTUAL",2
"30","2019-03-17",13,0,"2019-03-17T19:00:00-00:00","2019-03-17T20:00:00-00:00","NP15","Wind","Renewable Forecast Actual Generation","RENEW_FCST_ACT_MW",3,1,7.22519,"ACTUAL",2
"31","2019-03-17",12,0,"2019-03-17T18:00:00-00:00","2019-03-17T19:00:00-00:00","NP15","Wind","Renewable Forecast Actual Generation","RENEW_FCST_ACT_MW",3,1,9.84831,"ACTUAL",2
"32","2019-03-17",11,0,"2019-03-17T17:00:00-00:00","2019-03-17T18:00:00-00:00","NP15","Wind","Renewable Forecast Actual Generation","RENEW_FCST_ACT_MW",3,1,9.58835,"ACTUAL",2
"33","2019-03-17",10,0,"2019-03-17T16:00:00-00:00","2019-03-17T17:00:00-00:00","NP15","Wind","Renewable Forecast Actual Generation","RENEW_FCST_ACT_MW",3,1,10.15765,"ACTUAL",2
"34","2019-03-17",9,0,"2019-03-17T15:00:00-00:00","2019-03-17T16:00:00-00:00","NP15","Wind","Renewable Forecast Actual Generation","RENEW_FCST_ACT_MW",3,1,9.80723,"ACTUAL",2
"35","2019-03-17",8,0,"2019-03-17T14:00:00-00:00","2019-03-17T15:00:00-00:00","NP15","Wind","Renewable Forecast Actual Generation","RENEW_FCST_ACT_MW",3,1,11.97132,"ACTUAL",2
"36","2019-03-17",7,0,"2019-03-17T13:00:00-00:00","2019-03-17T14:00:00-00:00","NP15","Wind","Renewable Forecast Actual Generation","RENEW_FCST_ACT_MW",3,1,8.95225,"ACTUAL",2
"37","2019-03-17",5,0,"2019-03-17T11:00:00-00:00","2019-03-17T12:00:00-00:00","NP15","Wind","Renewable Forecast Actual Generation","RENEW_FCST_ACT_MW",3,1,4.89322,"ACTUAL",2
"38","2019-03-17",4,0,"2019-03-17T10:00:00-00:00","2019-03-17T11:00:00-00:00","NP15","Wind","Renewable Forecast Actual Generation","RENEW_FCST_ACT_MW",3,1,12.35505,"ACTUAL",2
"39","2019-03-17",3,0,"2019-03-17T09:00:00-00:00","2019-03-17T10:00:00-00:00","NP15","Wind","Renewable Forecast Actual Generation","RENEW_FCST_ACT_MW",3,1,18.86586,"ACTUAL",2
"40","2019-03-17",2,0,"2019-03-17T08:00:00-00:00","2019-03-17T09:00:00-00:00","NP15","Wind","Renewable Forecast Actual Generation","RENEW_FCST_ACT_MW",3,1,24.72769,"ACTUAL",2
"41","2019-03-17",24,0,"2019-03-18T06:00:00-00:00","2019-03-18T07:00:00-00:00","NP15","Wind","Renewable Forecast Actual Generation","RENEW_FCST_ACT_MW",3,1,4.60751,"ACTUAL",2
"42","2019-03-17",23,0,"2019-03-18T05:00:00-00:00","2019-03-18T06:00:00-00:00","NP15","Wind","Renewable Forecast Actual Generation","RENEW_FCST_ACT_MW",3,1,8.02329,"ACTUAL",2
"43","2019-03-17",22,0,"2019-03-18T04:00:00-00:00","2019-03-18T05:00:00-00:00","NP15","Wind","Renewable Forecast Actual Generation","RENEW_FCST_ACT_MW",3,1,13.93785,"ACTUAL",2
"44","2019-03-17",21,0,"2019-03-18T03:00:00-00:00","2019-03-18T04:00:00-00:00","NP15","Wind","Renewable Forecast Actual Generation","RENEW_FCST_ACT_MW",3,1,11.58229,"ACTUAL",2
"45","2019-03-17",20,0,"2019-03-18T02:00:00-00:00","2019-03-18T03:00:00-00:00","NP15","Wind","Renewable Forecast Actual Generation","RENEW_FCST_ACT_MW",3,1,2.56556,"ACTUAL",2
"46","2019-03-17",19,0,"2019-03-18T01:00:00-00:00","2019-03-18T02:00:00-00:00","NP15","Wind","Renewable Forecast Actual Generation","RENEW_FCST_ACT_MW",3,1,-4.50805,"ACTUAL",2
"47","2019-03-17",6,0,"2019-03-17T12:00:00-00:00","2019-03-17T13:00:00-00:00","SP15","Solar","Renewable Forecast Actual Generation","RENEW_FCST_ACT_MW",3,3,2.676,"ACTUAL",3
"48","2019-03-17",18,0,"2019-03-18T00:00:00-00:00","2019-03-18T01:00:00-00:00","SP15","Solar","Renewable Forecast Actual Generation","RENEW_FCST_ACT_MW",3,3,4082.4439,"ACTUAL",3
"49","2019-03-17",5,0,"2019-03-17T11:00:00-00:00","2019-03-17T12:00:00-00:00","SP15","Solar","Renewable Forecast Actual Generation","RENEW_FCST_ACT_MW",3,3,3.69217,"ACTUAL",3
"50","2019-03-17",11,0,"2019-03-17T17:00:00-00:00","2019-03-17T18:00:00-00:00","SP15","Solar","Renewable Forecast Actual Generation","RENEW_FCST_ACT_MW",3,3,6973.01779,"ACTUAL",3
"51","2019-03-17",4,0,"2019-03-17T10:00:00-00:00","2019-03-17T11:00:00-00:00","SP15","Solar","Renewable Forecast Actual Generation","RENEW_FCST_ACT_MW",3,3,5.37295,"ACTUAL",3
"52","2019-03-17",15,0,"2019-03-17T21:00:00-00:00","2019-03-17T22:00:00-00:00","SP15","Solar","Renewable Forecast Actual Generation","RENEW_FCST_ACT_MW",3,3,7009.99097,"ACTUAL",3
"53","2019-03-17",3,0,"2019-03-17T09:00:00-00:00","2019-03-17T10:00:00-00:00","SP15","Solar","Renewable Forecast Actual Generation","RENEW_FCST_ACT_MW",3,3,3.98614,"ACTUAL",3
"54","2019-03-17",10,0,"2019-03-17T16:00:00-00:00","2019-03-17T17:00:00-00:00","SP15","Solar","Renewable Forecast Actual Generation","RENEW_FCST_ACT_MW",3,3,6307.71804,"ACTUAL",3
"55","2019-03-17",2,0,"2019-03-17T08:00:00-00:00","2019-03-17T09:00:00-00:00","SP15","Solar","Renewable Forecast Actual Generation","RENEW_FCST_ACT_MW",3,3,1.57276,"ACTUAL",3
"56","2019-03-17",13,0,"2019-03-17T19:00:00-00:00","2019-03-17T20:00:00-00:00","SP15","Solar","Renewable Forecast Actual Generation","RENEW_FCST_ACT_MW",3,3,6896.5884,"ACTUAL",3
"57","2019-03-17",24,0,"2019-03-18T06:00:00-00:00","2019-03-18T07:00:00-00:00","SP15","Solar","Renewable Forecast Actual Generation","RENEW_FCST_ACT_MW",3,3,-9.19996,"ACTUAL",3
"58","2019-03-17",9,0,"2019-03-17T15:00:00-00:00","2019-03-17T16:00:00-00:00","SP15","Solar","Renewable Forecast Actual Generation","RENEW_FCST_ACT_MW",3,3,4157.73042,"ACTUAL",3
"59","2019-03-17",23,0,"2019-03-18T05:00:00-00:00","2019-03-18T06:00:00-00:00","SP15","Solar","Renewable Forecast Actual Generation","RENEW_FCST_ACT_MW",3,3,-7.76848,"ACTUAL",3
"60","2019-03-17",16,0,"2019-03-17T22:00:00-00:00","2019-03-17T23:00:00-00:00","SP15","Solar","Renewable Forecast Actual Generation","RENEW_FCST_ACT_MW",3,3,7007.67256,"ACTUAL",3
"61","2019-03-17",22,0,"2019-03-18T04:00:00-00:00","2019-03-18T05:00:00-00:00","SP15","Solar","Renewable Forecast Actual Generation","RENEW_FCST_ACT_MW",3,3,-7.63769,"ACTUAL",3
"62","2019-03-17",8,0,"2019-03-17T14:00:00-00:00","2019-03-17T15:00:00-00:00","SP15","Solar","Renewable Forecast Actual Generation","RENEW_FCST_ACT_MW",3,3,966.27392,"ACTUAL",3
"63","2019-03-17",21,0,"2019-03-18T03:00:00-00:00","2019-03-18T04:00:00-00:00","SP15","Solar","Renewable Forecast Actual Generation","RENEW_FCST_ACT_MW",3,3,-7.80206,"ACTUAL",3
"64","2019-03-17",12,0,"2019-03-17T18:00:00-00:00","2019-03-17T19:00:00-00:00","SP15","Solar","Renewable Forecast Actual Generation","RENEW_FCST_ACT_MW",3,3,7031.40853,"ACTUAL",3
"65","2019-03-17",20,0,"2019-03-18T02:00:00-00:00","2019-03-18T03:00:00-00:00","SP15","Solar","Renewable Forecast Actual Generation","RENEW_FCST_ACT_MW",3,3,4.56756,"ACTUAL",3
"66","2019-03-17",7,0,"2019-03-17T13:00:00-00:00","2019-03-17T14:00:00-00:00","SP15","Solar","Renewable Forecast Actual Generation","RENEW_FCST_ACT_MW",3,3,5.34449,"ACTUAL",3
"67","2019-03-17",19,0,"2019-03-18T01:00:00-00:00","2019-03-18T02:00:00-00:00","SP15","Solar","Renewable Forecast Actual Generation","RENEW_FCST_ACT_MW",3,3,821.21884,"ACTUAL",3
"68","2019-03-17",14,0,"2019-03-17T20:00:00-00:00","2019-03-17T21:00:00-00:00","SP15","Solar","Renewable Forecast Actual Generation","RENEW_FCST_ACT_MW",3,3,6617.8704,"ACTUAL",3
"69","2019-03-17",17,0,"2019-03-17T23:00:00-00:00","2019-03-18T00:00:00-00:00","SP15","Solar","Renewable Forecast Actual Generation","RENEW_FCST_ACT_MW",3,3,6245.95889,"ACTUAL",3
"70","2019-03-17",18,0,"2019-03-18T00:00:00-00:00","2019-03-18T01:00:00-00:00","SP15","Wind","Renewable Forecast Actual Generation","RENEW_FCST_ACT_MW",3,1,113.69128,"ACTUAL",4
"71","2019-03-17",19,0,"2019-03-18T01:00:00-00:00","2019-03-18T02:00:00-00:00","SP15","Wind","Renewable Forecast Actual Generation","RENEW_FCST_ACT_MW",3,1,95.29813,"ACTUAL",4
"72","2019-03-17",20,0,"2019-03-18T02:00:00-00:00","2019-03-18T03:00:00-00:00","SP15","Wind","Renewable Forecast Actual Generation","RENEW_FCST_ACT_MW",3,1,86.6711,"ACTUAL",4
"73","2019-03-17",21,0,"2019-03-18T03:00:00-00:00","2019-03-18T04:00:00-00:00","SP15","Wind","Renewable Forecast Actual Generation","RENEW_FCST_ACT_MW",3,1,111.86247,"ACTUAL",4
"74","2019-03-17",22,0,"2019-03-18T04:00:00-00:00","2019-03-18T05:00:00-00:00","SP15","Wind","Renewable Forecast Actual Generation","RENEW_FCST_ACT_MW",3,1,112.33239,"ACTUAL",4
"75","2019-03-17",23,0,"2019-03-18T05:00:00-00:00","2019-03-18T06:00:00-00:00","SP15","Wind","Renewable Forecast Actual Generation","RENEW_FCST_ACT_MW",3,1,106.37193,"ACTUAL",4
"76","2019-03-17",24,0,"2019-03-18T06:00:00-00:00","2019-03-18T07:00:00-00:00","SP15","Wind","Renewable Forecast Actual Generation","RENEW_FCST_ACT_MW",3,1,107.80738,"ACTUAL",4
"77","2019-03-17",2,0,"2019-03-17T08:00:00-00:00","2019-03-17T09:00:00-00:00","SP15","Wind","Renewable Forecast Actual Generation","RENEW_FCST_ACT_MW",3,1,308.56378,"ACTUAL",4
"78","2019-03-17",3,0,"2019-03-17T09:00:00-00:00","2019-03-17T10:00:00-00:00","SP15","Wind","Renewable Forecast Actual Generation","RENEW_FCST_ACT_MW",3,1,298.92097,"ACTUAL",4
"79","2019-03-17",4,0,"2019-03-17T10:00:00-00:00","2019-03-17T11:00:00-00:00","SP15","Wind","Renewable Forecast Actual Generation","RENEW_FCST_ACT_MW",3,1,290.12068,"ACTUAL",4
"80","2019-03-17",5,0,"2019-03-17T11:00:00-00:00","2019-03-17T12:00:00-00:00","SP15","Wind","Renewable Forecast Actual Generation","RENEW_FCST_ACT_MW",3,1,274.45306,"ACTUAL",4
"81","2019-03-17",6,0,"2019-03-17T12:00:00-00:00","2019-03-17T13:00:00-00:00","SP15","Wind","Renewable Forecast Actual Generation","RENEW_FCST_ACT_MW",3,1,269.2816,"ACTUAL",4
"82","2019-03-17",7,0,"2019-03-17T13:00:00-00:00","2019-03-17T14:00:00-00:00","SP15","Wind","Renewable Forecast Actual Generation","RENEW_FCST_ACT_MW",3,1,286.2942,"ACTUAL",4
"83","2019-03-17",8,0,"2019-03-17T14:00:00-00:00","2019-03-17T15:00:00-00:00","SP15","Wind","Renewable Forecast Actual Generation","RENEW_FCST_ACT_MW",3,1,304.55108,"ACTUAL",4
"84","2019-03-17",9,0,"2019-03-17T15:00:00-00:00","2019-03-17T16:00:00-00:00","SP15","Wind","Renewable Forecast Actual Generation","RENEW_FCST_ACT_MW",3,1,312.20751,"ACTUAL",4
"85","2019-03-17",10,0,"2019-03-17T16:00:00-00:00","2019-03-17T17:00:00-00:00","SP15","Wind","Renewable Forecast Actual Generation","RENEW_FCST_ACT_MW",3,1,311.20776,"ACTUAL",4
"86","2019-03-17",11,0,"2019-03-17T17:00:00-00:00","2019-03-17T18:00:00-00:00","SP15","Wind","Renewable Forecast Actual Generation","RENEW_FCST_ACT_MW",3,1,326.18734,"ACTUAL",4
"87","2019-03-17",12,0,"2019-03-17T18:00:00-00:00","2019-03-17T19:00:00-00:00","SP15","Wind","Renewable Forecast Actual Generation","RENEW_FCST_ACT_MW",3,1,381.60632,"ACTUAL",4
"88","2019-03-17",13,0,"2019-03-17T19:00:00-00:00","2019-03-17T20:00:00-00:00","SP15","Wind","Renewable Forecast Actual Generation","RENEW_FCST_ACT_MW",3,1,460.84772,"ACTUAL",4
"89","2019-03-17",14,0,"2019-03-17T20:00:00-00:00","2019-03-17T21:00:00-00:00","SP15","Wind","Renewable Forecast Actual Generation","RENEW_FCST_ACT_MW",3,1,388.85835,"ACTUAL",4
"90","2019-03-17",15,0,"2019-03-17T21:00:00-00:00","2019-03-17T22:00:00-00:00","SP15","Wind","Renewable Forecast Actual Generation","RENEW_FCST_ACT_MW",3,1,267.59902,"ACTUAL",4
"91","2019-03-17",16,0,"2019-03-17T22:00:00-00:00","2019-03-17T23:00:00-00:00","SP15","Wind","Renewable Forecast Actual Generation","RENEW_FCST_ACT_MW",3,1,218.11145,"ACTUAL",4
"92","2019-03-17",17,0,"2019-03-17T23:00:00-00:00","2019-03-18T00:00:00-00:00","SP15","Wind","Renewable Forecast Actual Generation","RENEW_FCST_ACT_MW",3,1,168.35941,"ACTUAL",4
"93","2019-03-17",18,0,"2019-03-18T00:00:00-00:00","2019-03-18T01:00:00-00:00","ZP26","Solar","Renewable Forecast Actual Generation","RENEW_FCST_ACT_MW",3,3,903.16421,"ACTUAL",5
"94","2019-03-17",17,0,"2019-03-17T23:00:00-00:00","2019-03-18T00:00:00-00:00","ZP26","Solar","Renewable Forecast Actual Generation","RENEW_FCST_ACT_MW",3,3,1312.05034,"ACTUAL",5
"95","2019-03-17",20,0,"2019-03-18T02:00:00-00:00","2019-03-18T03:00:00-00:00","ZP26","Solar","Renewable Forecast Actual Generation","RENEW_FCST_ACT_MW",3,3,-2.28596,"ACTUAL",5
"96","2019-03-17",21,0,"2019-03-18T03:00:00-00:00","2019-03-18T04:00:00-00:00","ZP26","Solar","Renewable Forecast Actual Generation","RENEW_FCST_ACT_MW",3,3,-2.32695,"ACTUAL",5
"97","2019-03-17",22,0,"2019-03-18T04:00:00-00:00","2019-03-18T05:00:00-00:00","ZP26","Solar","Renewable Forecast Actual Generation","RENEW_FCST_ACT_MW",3,3,-2.2889,"ACTUAL",5
"98","2019-03-17",23,0,"2019-03-18T05:00:00-00:00","2019-03-18T06:00:00-00:00","ZP26","Solar","Renewable Forecast Actual Generation","RENEW_FCST_ACT_MW",3,3,-2.37207,"ACTUAL",5
"99","2019-03-17",24,0,"2019-03-18T06:00:00-00:00","2019-03-18T07:00:00-00:00","ZP26","Solar","Renewable Forecast Actual Generation","RENEW_FCST_ACT_MW",3,3,-2.42582,"ACTUAL",5
"100","2019-03-17",2,0,"2019-03-17T08:00:00-00:00","2019-03-17T09:00:00-00:00","ZP26","Solar","Renewable Forecast Actual Generation","RENEW_FCST_ACT_MW",3,3,-2.47585,"ACTUAL",5
"101","2019-03-17",3,0,"2019-03-17T09:00:00-00:00","2019-03-17T10:00:00-00:00","ZP26","Solar","Renewable Forecast Actual Generation","RENEW_FCST_ACT_MW",3,3,-2.50733,"ACTUAL",5
"102","2019-03-17",4,0,"2019-03-17T10:00:00-00:00","2019-03-17T11:00:00-00:00","ZP26","Solar","Renewable Forecast Actual Generation","RENEW_FCST_ACT_MW",3,3,-2.53094,"ACTUAL",5
"103","2019-03-17",5,0,"2019-03-17T11:00:00-00:00","2019-03-17T12:00:00-00:00","ZP26","Solar","Renewable Forecast Actual Generation","RENEW_FCST_ACT_MW",3,3,-2.8626,"ACTUAL",5
"104","2019-03-17",6,0,"2019-03-17T12:00:00-00:00","2019-03-17T13:00:00-00:00","ZP26","Solar","Renewable Forecast Actual Generation","RENEW_FCST_ACT_MW",3,3,-2.87561,"ACTUAL",5
"105","2019-03-17",7,0,"2019-03-17T13:00:00-00:00","2019-03-17T14:00:00-00:00","ZP26","Solar","Renewable Forecast Actual Generation","RENEW_FCST_ACT_MW",3,3,-2.90284,"ACTUAL",5
"106","2019-03-17",8,0,"2019-03-17T14:00:00-00:00","2019-03-17T15:00:00-00:00","ZP26","Solar","Renewable Forecast Actual Generation","RENEW_FCST_ACT_MW",3,3,118.80218,"ACTUAL",5
"107","2019-03-17",9,0,"2019-03-17T15:00:00-00:00","2019-03-17T16:00:00-00:00","ZP26","Solar","Renewable Forecast Actual Generation","RENEW_FCST_ACT_MW",3,3,767.19333,"ACTUAL",5
"108","2019-03-17",10,0,"2019-03-17T16:00:00-00:00","2019-03-17T17:00:00-00:00","ZP26","Solar","Renewable Forecast Actual Generation","RENEW_FCST_ACT_MW",3,3,1263.17513,"ACTUAL",5
"109","2019-03-17",11,0,"2019-03-17T17:00:00-00:00","2019-03-17T18:00:00-00:00","ZP26","Solar","Renewable Forecast Actual Generation","RENEW_FCST_ACT_MW",3,3,1440.7592,"ACTUAL",5
"110","2019-03-17",12,0,"2019-03-17T18:00:00-00:00","2019-03-17T19:00:00-00:00","ZP26","Solar","Renewable Forecast Actual Generation","RENEW_FCST_ACT_MW",3,3,1509.38446,"ACTUAL",5
"111","2019-03-17",13,0,"2019-03-17T19:00:00-00:00","2019-03-17T20:00:00-00:00","ZP26","Solar","Renewable Forecast Actual Generation","RENEW_FCST_ACT_MW",3,3,1467.43228,"ACTUAL",5
"112","2019-03-17",14,0,"2019-03-17T20:00:00-00:00","2019-03-17T21:00:00-00:00","ZP26","Solar","Renewable Forecast Actual Generation","RENEW_FCST_ACT_MW",3,3,1478.53556,"ACTUAL",5
"113","2019-03-17",15,0,"2019-03-17T21:00:00-00:00","2019-03-17T22:00:00-00:00","ZP26","Solar","Renewable Forecast Actual Generation","RENEW_FCST_ACT_MW",3,3,1520.96463,"ACTUAL",5
"114","2019-03-17",16,0,"2019-03-17T22:00:00-00:00","2019-03-17T23:00:00-00:00","ZP26","Solar","Renewable Forecast Actual Generation","RENEW_FCST_ACT_MW",3,3,1468.00713,"ACTUAL",5
"115","2019-03-17",19,0,"2019-03-18T01:00:00-00:00","2019-03-18T02:00:00-00:00","ZP26","Solar","Renewable Forecast Actual Generation","RENEW_FCST_ACT_MW",3,3,218.01066,"ACTUAL",5
"116","2019-03-18",1,0,"2019-03-18T07:00:00-00:00","2019-03-18T08:00:00-00:00","NP15","Solar","Renewable Forecast Actual Generation","RENEW_FCST_ACT_MW",3,3,-3.39065,"ACTUAL",6
"117","2019-03-18",1,0,"2019-03-18T07:00:00-00:00","2019-03-18T08:00:00-00:00","NP15","Wind","Renewable Forecast Actual Generation","RENEW_FCST_ACT_MW",3,1,3.94938,"ACTUAL",7
"118","2019-03-18",1,0,"2019-03-18T07:00:00-00:00","2019-03-18T08:00:00-00:00","SP15","Solar","Renewable Forecast Actual Generation","RENEW_FCST_ACT_MW",3,3,-7.71968,"ACTUAL",8
"119","2019-03-18",1,0,"2019-03-18T07:00:00-00:00","2019-03-18T08:00:00-00:00","SP15","Wind","Renewable Forecast Actual Generation","RENEW_FCST_ACT_MW",3,1,99.33179,"ACTUAL",9
"120","2019-03-18",1,0,"2019-03-18T07:00:00-00:00","2019-03-18T08:00:00-00:00","ZP26","Solar","Renewable Forecast Actual Generation","RENEW_FCST_ACT_MW",3,3,-2.47834,"ACTUAL",10
