"","OPR_DT","OPR_HR","OPR_INTERVAL","INTERVALSTARTTIME_GMT","INTERVALENDTIME_GMT","TRADING_HUB","RENEWABLE_TYPE","LABEL","XML_DATA_ITEM","MARKET_RUN_ID_POS","RENEW_POS","MW","MARKET_RUN_ID","GROUP"
"1","2019-11-06",1,0,"2019-11-06T08:00:00-00:00","2019-11-06T09:00:00-00:00","NP15","Solar","Renewable Forecast Actual Generation","RENEW_FCST_ACT_MW",3,3,-1.06737,"ACTUAL",1
"2","2019-11-06",2,0,"2019-11-06T09:00:00-00:00","2019-11-06T10:00:00-00:00","NP15","Solar","Renewable Forecast Actual Generation","RENEW_FCST_ACT_MW",3,3,-1.05684,"ACTUAL",1
"3","2019-11-06",3,0,"2019-11-06T10:00:00-00:00","2019-11-06T11:00:00-00:00","NP15","Solar","Renewable Forecast Actual Generation","RENEW_FCST_ACT_MW",3,3,-1.08534,"ACTUAL",1
"4","2019-11-06",4,0,"2019-11-06T11:00:00-00:00","2019-11-06T12:00:00-00:00","NP15","Solar","Renewable Forecast Actual Generation","RENEW_FCST_ACT_MW",3,3,-1.93021,"ACTUAL",1
"5","2019-11-06",5,0,"2019-11-06T12:00:00-00:00","2019-11-06T13:00:00-00:00","NP15","Solar","Renewable Forecast Actual Generation","RENEW_FCST_ACT_MW",3,3,-1.30608,"ACTUAL",1
"6","2019-11-06",6,0,"2019-11-06T13:00:00-00:00","2019-11-06T14:00:00-00:00","NP15","Solar","Renewable Forecast Actual Generation","RENEW_FCST_ACT_MW",3,3,-1.29431,"ACTUAL",1
"7","2019-11-06",7,0,"2019-11-06T14:00:00-00:00","2019-11-06T15:00:00-00:00","NP15","Solar","Renewable Forecast Actual Generation","RENEW_FCST_ACT_MW",3,3,12.42966,"ACTUAL",1
"8","2019-11-06",8,0,"2019-11-06T15:00:00-00:00","2019-11-06T16:00:00-00:00","NP15","Solar","Renewable Forecast Actual Generation","RENEW_FCST_ACT_MW",3,3,340.12529,"ACTUAL",1
"9","2019-11-06",9,0,"2019-11-06T16:00:00-00:00","2019-11-06T17:00:00-00:00","NP15","Solar","Renewable Forecast Actual Generation","RENEW_FCST_ACT_MW",3,3,800.46573,"ACTUAL",1
"10","2019-11-06",10,0,"2019-11-06T17:00:00-00:00","2019-11-06T18:00:00-00:00","NP15","Solar","Renewable Forecast Actual Generation","RENEW_FCST_ACT_MW",3,3,892.98849,"ACTUAL",1
"11","2019-11-06",11,0,"2019-11-06T18:00:00-00:00","2019-11-06T19:00:00-00:00","NP15","Solar","Renewable Forecast Actual Generation","RENEW_FCST_ACT_MW",3,3,866.95512,"ACTUAL",1
"12","2019-11-06",12,0,"2019-11-06T19:00:00-00:00","2019-11-06T20:00:00-00:00","NP15","Solar","Renewable Forecast Actual Generation","RENEW_FCST_ACT_MW",3,3,836.87802,"ACTUAL",1
"13","2019-11-06",13,0,"2019-11-06T20:00:00-00:00","2019-11-06T21:00:00-00:00","NP15","Solar","Renewable Forecast Actual Generation","RENEW_FCST_ACT_MW",3,3,850.01415,"ACTUAL",1
"14","2019-11-06",14,0,"2019-11-06T21:00:00-00:00","2019-11-06T22:00:00-00:00","NP15","Solar","Renewable Forecast Actual Generation","RENEW_FCST_ACT_MW",3,3,888.19596,"ACTUAL",1
"15","2019-11-06",15,0,"2019-11-06T22:00:00-00:00","2019-11-06T23:00:00-00:00","NP15","Solar","Renewable Forecast Actual Generation","RENEW_FCST_ACT_MW",3,3,863.95834,"ACTUAL",1
"16","2019-11-06",16,0,"2019-11-06T23:00:00-00:00","2019-11-07T00:00:00-00:00","NP15","Solar","Renewable Forecast Actual Generation","RENEW_FCST_ACT_MW",3,3,571.64215,"ACTUAL",1
"17","2019-11-06",17,0,"2019-11-07T00:00:00-00:00","2019-11-07T01:00:00-00:00","NP15","Solar","Renewable Forecast Actual Generation","RENEW_FCST_ACT_MW",3,3,91.60726,"ACTUAL",1
"18","2019-11-06",18,0,"2019-11-07T01:00:00-00:00","2019-11-07T02:00:00-00:00","NP15","Solar","Renewable Forecast Actual Generation","RENEW_FCST_ACT_MW",3,3,-3.26189,"ACTUAL",1
"19","2019-11-06",19,0,"2019-11-07T02:00:00-00:00","2019-11-07T03:00:00-00:00","NP15","Solar","Renewable Forecast Actual Generation","RENEW_FCST_ACT_MW",3,3,-3.14916,"ACTUAL",1
"20","2019-11-06",20,0,"2019-11-07T03:00:00-00:00","2019-11-07T04:00:00-00:00","NP15","Solar","Renewable Forecast Actual Generation","RENEW_FCST_ACT_MW",3,3,-3.2503,"ACTUAL",1
"21","2019-11-06",21,0,"2019-11-07T04:00:00-00:00","2019-11-07T05:00:00-00:00","NP15","Solar","Renewable Forecast Actual Generation","RENEW_FCST_ACT_MW",3,3,-3.25578,"ACTUAL",1
"22","2019-11-06",22,0,"2019-11-07T05:00:00-00:00","2019-11-07T06:00:00-00:00","NP15","Solar","Renewable Forecast Actual Generation","RENEW_FCST_ACT_MW",3,3,-3.23152,"ACTUAL",1
"23","2019-11-06",23,0,"2019-11-07T06:00:00-00:00","2019-11-07T07:00:00-00:00","NP15","Solar","Renewable Forecast Actual Generation","RENEW_FCST_ACT_MW",3,3,-3.23416,"ACTUAL",1
"24","2019-11-06",24,0,"2019-11-07T07:00:00-00:00","2019-11-07T08:00:00-00:00","NP15","Solar","Renewable Forecast Actual Generation","RENEW_FCST_ACT_MW",3,3,-3.23723,"ACTUAL",1
"25","2019-11-06",1,0,"2019-11-06T08:00:00-00:00","2019-11-06T09:00:00-00:00","NP15","Wind","Renewable Forecast Actual Generation","RENEW_FCST_ACT_MW",3,1,136.70843,"ACTUAL",2
"26","2019-11-06",24,0,"2019-11-07T07:00:00-00:00","2019-11-07T08:00:00-00:00","NP15","Wind","Renewable Forecast Actual Generation","RENEW_FCST_ACT_MW",3,1,170.38081,"ACTUAL",2
"27","2019-11-06",3,0,"2019-11-06T10:00:00-00:00","2019-11-06T11:00:00-00:00","NP15","Wind","Renewable Forecast Actual Generation","RENEW_FCST_ACT_MW",3,1,90.68169,"ACTUAL",2
"28","2019-11-06",4,0,"2019-11-06T11:00:00-00:00","2019-11-06T12:00:00-00:00","NP15","Wind","Renewable Forecast Actual Generation","RENEW_FCST_ACT_MW",3,1,149.10743,"ACTUAL",2
"29","2019-11-06",5,0,"2019-11-06T12:00:00-00:00","2019-11-06T13:00:00-00:00","NP15","Wind","Renewable Forecast Actual Generation","RENEW_FCST_ACT_MW",3,1,144.63026,"ACTUAL",2
"30","2019-11-06",6,0,"2019-11-06T13:00:00-00:00","2019-11-06T14:00:00-00:00","NP15","Wind","Renewable Forecast Actual Generation","RENEW_FCST_ACT_MW",3,1,110.38735,"ACTUAL",2
"31","2019-11-06",7,0,"2019-11-06T14:00:00-00:00","2019-11-06T15:00:00-00:00","NP15","Wind","Renewable Forecast Actual Generation","RENEW_FCST_ACT_MW",3,1,83.0607,"ACTUAL",2
"32","2019-11-06",8,0,"2019-11-06T15:00:00-00:00","2019-11-06T16:00:00-00:00","NP15","Wind","Renewable Forecast Actual Generation","RENEW_FCST_ACT_MW",3,1,92.11357,"ACTUAL",2
"33","2019-11-06",9,0,"2019-11-06T16:00:00-00:00","2019-11-06T17:00:00-00:00","NP15","Wind","Renewable Forecast Actual Generation","RENEW_FCST_ACT_MW",3,1,23.37971,"ACTUAL",2
"34","2019-11-06",10,0,"2019-11-06T17:00:00-00:00","2019-11-06T18:00:00-00:00","NP15","Wind","Renewable Forecast Actual Generation","RENEW_FCST_ACT_MW",3,1,1.21359,"ACTUAL",2
"35","2019-11-06",11,0,"2019-11-06T18:00:00-00:00","2019-11-06T19:00:00-00:00","NP15","Wind","Renewable Forecast Actual Generation","RENEW_FCST_ACT_MW",3,1,-1.87409,"ACTUAL",2
"36","2019-11-06",12,0,"2019-11-06T19:00:00-00:00","2019-11-06T20:00:00-00:00","NP15","Wind","Renewable Forecast Actual Generation","RENEW_FCST_ACT_MW",3,1,-3.0548,"ACTUAL",2
"37","2019-11-06",13,0,"2019-11-06T20:00:00-00:00","2019-11-06T21:00:00-00:00","NP15","Wind","Renewable Forecast Actual Generation","RENEW_FCST_ACT_MW",3,1,-5.19715,"ACTUAL",2
"38","2019-11-06",14,0,"2019-11-06T21:00:00-00:00","2019-11-06T22:00:00-00:00","NP15","Wind","Renewable Forecast Actual Generation","RENEW_FCST_ACT_MW",3,1,-7.66066,"ACTUAL",2
"39","2019-11-06",15,0,"2019-11-06T22:00:00-00:00","2019-11-06T23:00:00-00:00","NP15","Wind","Renewable Forecast Actual Generation","RENEW_FCST_ACT_MW",3,1,-8.07838,"ACTUAL",2
"40","2019-11-06",16,0,"2019-11-06T23:00:00-00:00","2019-11-07T00:00:00-00:00","NP15","Wind","Renewable Forecast Actual Generation","RENEW_FCST_ACT_MW",3,1,-7.50372,"ACTUAL",2
"41","2019-11-06",17,0,"2019-11-07T00:00:00-00:00","2019-11-07T01:00:00-00:00","NP15","Wind","Renewable Forecast Actual Generation","RENEW_FCST_ACT_MW",3,1,-6.22313,"ACTUAL",2
"42","2019-11-06",18,0,"2019-11-07T01:00:00-00:00","2019-11-07T02:00:00-00:00","NP15","Wind","Renewable Forecast Actual Generation","RENEW_FCST_ACT_MW",3,1,0.06087,"ACTUAL",2
"43","2019-11-06",19,0,"2019-11-07T02:00:00-00:00","2019-11-07T03:00:00-00:00","NP15","Wind","Renewable Forecast Actual Generation","RENEW_FCST_ACT_MW",3,1,8.54523,"ACTUAL",2
"44","2019-11-06",20,0,"2019-11-07T03:00:00-00:00","2019-11-07T04:00:00-00:00","NP15","Wind","Renewable Forecast Actual Generation","RENEW_FCST_ACT_MW",3,1,33.07472,"ACTUAL",2
"45","2019-11-06",21,0,"2019-11-07T04:00:00-00:00","2019-11-07T05:00:00-00:00","NP15","Wind","Renewable Forecast Actual Generation","RENEW_FCST_ACT_MW",3,1,96.304,"ACTUAL",2
"46","2019-11-06",22,0,"2019-11-07T05:00:00-00:00","2019-11-07T06:00:00-00:00","NP15","Wind","Renewable Forecast Actual Generation","RENEW_FCST_ACT_MW",3,1,185.3129,"ACTUAL",2
"47","2019-11-06",23,0,"2019-11-07T06:00:00-00:00","2019-11-07T07:00:00-00:00","NP15","Wind","Renewable Forecast Actual Generation","RENEW_FCST_ACT_MW",3,1,222.47649,"ACTUAL",2
"48","2019-11-06",2,0,"2019-11-06T09:00:00-00:00","2019-11-06T10:00:00-00:00","NP15","Wind","Renewable Forecast Actual Generation","RENEW_FCST_ACT_MW",3,1,110.53369,"ACTUAL",2
"49","2019-11-06",24,0,"2019-11-07T07:00:00-00:00","2019-11-07T08:00:00-00:00","SP15","Solar","Renewable Forecast Actual Generation","RENEW_FCST_ACT_MW",3,3,-30.67152,"ACTUAL",3
"50","2019-11-06",2,0,"2019-11-06T09:00:00-00:00","2019-11-06T10:00:00-00:00","SP15","Solar","Renewable Forecast Actual Generation","RENEW_FCST_ACT_MW",3,3,-31.61338,"ACTUAL",3
"51","2019-11-06",23,0,"2019-11-07T06:00:00-00:00","2019-11-07T07:00:00-00:00","SP15","Solar","Renewable Forecast Actual Generation","RENEW_FCST_ACT_MW",3,3,-29.63488,"ACTUAL",3
"52","2019-11-06",6,0,"2019-11-06T13:00:00-00:00","2019-11-06T14:00:00-00:00","SP15","Solar","Renewable Forecast Actual Generation","RENEW_FCST_ACT_MW",3,3,-35.0229,"ACTUAL",3
"53","2019-11-06",22,0,"2019-11-07T05:00:00-00:00","2019-11-07T06:00:00-00:00","SP15","Solar","Renewable Forecast Actual Generation","RENEW_FCST_ACT_MW",3,3,-29.46358,"ACTUAL",3
"54","2019-11-06",11,0,"2019-11-06T18:00:00-00:00","2019-11-06T19:00:00-00:00","SP15","Solar","Renewable Forecast Actual Generation","RENEW_FCST_ACT_MW",3,3,5908.72517,"ACTUAL",3
"55","2019-11-06",21,0,"2019-11-07T04:00:00-00:00","2019-11-07T05:00:00-00:00","SP15","Solar","Renewable Forecast Actual Generation","RENEW_FCST_ACT_MW",3,3,-29.54577,"ACTUAL",3
"56","2019-11-06",3,0,"2019-11-06T10:00:00-00:00","2019-11-06T11:00:00-00:00","SP15","Solar","Renewable Forecast Actual Generation","RENEW_FCST_ACT_MW",3,3,-31.41506,"ACTUAL",3
"57","2019-11-06",20,0,"2019-11-07T03:00:00-00:00","2019-11-07T04:00:00-00:00","SP15","Solar","Renewable Forecast Actual Generation","RENEW_FCST_ACT_MW",3,3,-29.21309,"ACTUAL",3
"58","2019-11-06",10,0,"2019-11-06T17:00:00-00:00","2019-11-06T18:00:00-00:00","SP15","Solar","Renewable Forecast Actual Generation","RENEW_FCST_ACT_MW",3,3,5798.24858,"ACTUAL",3
"59","2019-11-06",19,0,"2019-11-07T02:00:00-00:00","2019-11-07T03:00:00-00:00","SP15","Solar","Renewable Forecast Actual Generation","RENEW_FCST_ACT_MW",3,3,-29.14774,"ACTUAL",3
"60","2019-11-06",5,0,"2019-11-06T12:00:00-00:00","2019-11-06T13:00:00-00:00","SP15","Solar","Renewable Forecast Actual Generation","RENEW_FCST_ACT_MW",3,3,-31.97949,"ACTUAL",3
"61","2019-11-06",18,0,"2019-11-07T01:00:00-00:00","2019-11-07T02:00:00-00:00","SP15","Solar","Renewable Forecast Actual Generation","RENEW_FCST_ACT_MW",3,3,-26.51977,"ACTUAL",3
"62","2019-11-06",9,0,"2019-11-06T16:00:00-00:00","2019-11-06T17:00:00-00:00","SP15","Solar","Renewable Forecast Actual Generation","RENEW_FCST_ACT_MW",3,3,5125.08261,"ACTUAL",3
"63","2019-11-06",17,0,"2019-11-07T00:00:00-00:00","2019-11-07T01:00:00-00:00","SP15","Solar","Renewable Forecast Actual Generation","RENEW_FCST_ACT_MW",3,3,501.00746,"ACTUAL",3
"64","2019-11-06",1,0,"2019-11-06T08:00:00-00:00","2019-11-06T09:00:00-00:00","SP15","Solar","Renewable Forecast Actual Generation","RENEW_FCST_ACT_MW",3,3,-31.30043,"ACTUAL",3
"65","2019-11-06",16,0,"2019-11-06T23:00:00-00:00","2019-11-07T00:00:00-00:00","SP15","Solar","Renewable Forecast Actual Generation","RENEW_FCST_ACT_MW",3,3,3104.10456,"ACTUAL",3
"66","2019-11-06",8,0,"2019-11-06T15:00:00-00:00","2019-11-06T16:00:00-00:00","SP15","Solar","Renewable Forecast Actual Generation","RENEW_FCST_ACT_MW",3,3,2660.89165,"ACTUAL",3
"67","2019-11-06",15,0,"2019-11-06T22:00:00-00:00","2019-11-06T23:00:00-00:00","SP15","Solar","Renewable Forecast Actual Generation","RENEW_FCST_ACT_MW",3,3,5274.90434,"ACTUAL",3
"68","2019-11-06",4,0,"2019-11-06T11:00:00-00:00","2019-11-06T12:00:00-00:00","SP15","Solar","Renewable Forecast Actual Generation","RENEW_FCST_ACT_MW",3,3,-31.61642,"ACTUAL",3
"69","2019-11-06",14,0,"2019-11-06T21:00:00-00:00","2019-11-06T22:00:00-00:00","SP15","Solar","Renewable Forecast Actual Generation","RENEW_FCST_ACT_MW",3,3,5708.4449,"ACTUAL",3
"70","2019-11-06",7,0,"2019-11-06T14:00:00-00:00","2019-11-06T15:00:00-00:00","SP15","Solar","Renewable Forecast Actual Generation","RENEW_FCST_ACT_MW",3,3,369.98118,"ACTUAL",3
"71","2019-11-06",13,0,"2019-11-06T20:00:00-00:00","2019-11-06T21:00:00-00:00","SP15","Solar","Renewable Forecast Actual Generation","RENEW_FCST_ACT_MW",3,3,6008.227,"ACTUAL",3
"72","2019-11-06",12,0,"2019-11-06T19:00:00-00:00","2019-11-06T20:00:00-00:00","SP15","Solar","Renewable Forecast Actual Generation","RENEW_FCST_ACT_MW",3,3,5911.91113,"ACTUAL",3
"73","2019-11-06",23,0,"2019-11-07T06:00:00-00:00","2019-11-07T07:00:00-00:00","SP15","Wind","Renewable Forecast Actual Generation","RENEW_FCST_ACT_MW",3,1,243.16186,"ACTUAL",4
"74","2019-11-06",22,0,"2019-11-07T05:00:00-00:00","2019-11-07T06:00:00-00:00","SP15","Wind","Renewable Forecast Actual Generation","RENEW_FCST_ACT_MW",3,1,296.5975,"ACTUAL",4
"75","2019-11-06",21,0,"2019-11-07T04:00:00-00:00","2019-11-07T05:00:00-00:00","SP15","Wind","Renewable Forecast Actual Generation","RENEW_FCST_ACT_MW",3,1,375.74625,"ACTUAL",4
"76","2019-11-06",20,0,"2019-11-07T03:00:00-00:00","2019-11-07T04:00:00-00:00","SP15","Wind","Renewable Forecast Actual Generation","RENEW_FCST_ACT_MW",3,1,518.74813,"ACTUAL",4
"77","2019-11-06",19,0,"2019-11-07T02:00:00-00:00","2019-11-07T03:00:00-00:00","SP15","Wind","Renewable Forecast Actual Generation","RENEW_FCST_ACT_MW",3,1,578.51922,"ACTUAL",4
"78","2019-11-06",18,0,"2019-11-07T01:00:00-00:00","2019-11-07T02:00:00-00:00","SP15","Wind","Renewable Forecast Actual Generation","RENEW_FCST_ACT_MW",3,1,594.5123,"ACTUAL",4
"79","2019-11-06",17,0,"2019-11-07T00:00:00-00:00","2019-11-07T01:00:00-00:00","SP15","Wind","Renewable Forecast Actual Generation","RENEW_FCST_ACT_MW",3,1,583.7896,"ACTUAL",4
"80","2019-11-06",16,0,"2019-11-06T23:00:00-00:00","2019-11-07T00:00:00-00:00","SP15","Wind","Renewable Forecast Actual Generation","RENEW_FCST_ACT_MW",3,1,636.42905,"ACTUAL",4
"81","2019-11-06",15,0,"2019-11-06T22:00:00-00:00","2019-11-06T23:00:00-00:00","SP15","Wind","Renewable Forecast Actual Generation","RENEW_FCST_ACT_MW",3,1,524.60369,"ACTUAL",4
"82","2019-11-06",14,0,"2019-11-06T21:00:00-00:00","2019-11-06T22:00:00-00:00","SP15","Wind","Renewable Forecast Actual Generation","RENEW_FCST_ACT_MW",3,1,289.02997,"ACTUAL",4
"83","2019-11-06",13,0,"2019-11-06T20:00:00-00:00","2019-11-06T21:00:00-00:00","SP15","Wind","Renewable Forecast Actual Generation","RENEW_FCST_ACT_MW",3,1,160.5298,"ACTUAL",4
"84","2019-11-06",12,0,"2019-11-06T19:00:00-00:00","2019-11-06T20:00:00-00:00","SP15","Wind","Renewable Forecast Actual Generation","RENEW_FCST_ACT_MW",3,1,115.82916,"ACTUAL",4
"85","2019-11-06",11,0,"2019-11-06T18:00:00-00:00","2019-11-06T19:00:00-00:00","SP15","Wind","Renewable Forecast Actual Generation","RENEW_FCST_ACT_MW",3,1,90.60333,"ACTUAL",4
"86","2019-11-06",10,0,"2019-11-06T17:00:00-00:00","2019-11-06T18:00:00-00:00","SP15","Wind","Renewable Forecast Actual Generation","RENEW_FCST_ACT_MW",3,1,73.94058,"ACTUAL",4
"87","2019-11-06",9,0,"2019-11-06T16:00:00-00:00","2019-11-06T17:00:00-00:00","SP15","Wind","Renewable Forecast Actual Generation","RENEW_FCST_ACT_MW",3,1,73.39542,"ACTUAL",4
"88","2019-11-06",8,0,"2019-11-06T15:00:00-00:00","2019-11-06T16:00:00-00:00","SP15","Wind","Renewable Forecast Actual Generation","RENEW_FCST_ACT_MW",3,1,90.02682,"ACTUAL",4
"89","2019-11-06",7,0,"2019-11-06T14:00:00-00:00","2019-11-06T15:00:00-00:00","SP15","Wind","Renewable Forecast Actual Generation","RENEW_FCST_ACT_MW",3,1,102.94147,"ACTUAL",4
"90","2019-11-06",6,0,"2019-11-06T13:00:00-00:00","2019-11-06T14:00:00-00:00","SP15","Wind","Renewable Forecast Actual Generation","RENEW_FCST_ACT_MW",3,1,109.1643,"ACTUAL",4
"91","2019-11-06",5,0,"2019-11-06T12:00:00-00:00","2019-11-06T13:00:00-00:00","SP15","Wind","Renewable Forecast Actual Generation","RENEW_FCST_ACT_MW",3,1,156.15137,"ACTUAL",4
"92","2019-11-06",4,0,"2019-11-06T11:00:00-00:00","2019-11-06T12:00:00-00:00","SP15","Wind","Renewable Forecast Actual Generation","RENEW_FCST_ACT_MW",3,1,150.85647,"ACTUAL",4
"93","2019-11-06",3,0,"2019-11-06T10:00:00-00:00","2019-11-06T11:00:00-00:00","SP15","Wind","Renewable Forecast Actual Generation","RENEW_FCST_ACT_MW",3,1,146.68837,"ACTUAL",4
"94","2019-11-06",2,0,"2019-11-06T09:00:00-00:00","2019-11-06T10:00:00-00:00","SP15","Wind","Renewable Forecast Actual Generation","RENEW_FCST_ACT_MW",3,1,121.80289,"ACTUAL",4
"95","2019-11-06",24,0,"2019-11-07T07:00:00-00:00","2019-11-07T08:00:00-00:00","SP15","Wind","Renewable Forecast Actual Generation","RENEW_FCST_ACT_MW",3,1,147.28164,"ACTUAL",4
"96","2019-11-06",1,0,"2019-11-06T08:00:00-00:00","2019-11-06T09:00:00-00:00","SP15","Wind","Renewable Forecast Actual Generation","RENEW_FCST_ACT_MW",3,1,103.22357,"ACTUAL",4
"97","2019-11-06",1,0,"2019-11-06T08:00:00-00:00","2019-11-06T09:00:00-00:00","ZP26","Solar","Renewable Forecast Actual Generation","RENEW_FCST_ACT_MW",3,3,-5.75952,"ACTUAL",5
"98","2019-11-06",24,0,"2019-11-07T07:00:00-00:00","2019-11-07T08:00:00-00:00","ZP26","Solar","Renewable Forecast Actual Generation","RENEW_FCST_ACT_MW",3,3,-5.75484,"ACTUAL",5
"99","2019-11-06",3,0,"2019-11-06T10:00:00-00:00","2019-11-06T11:00:00-00:00","ZP26","Solar","Renewable Forecast Actual Generation","RENEW_FCST_ACT_MW",3,3,-6.59118,"ACTUAL",5
"100","2019-11-06",4,0,"2019-11-06T11:00:00-00:00","2019-11-06T12:00:00-00:00","ZP26","Solar","Renewable Forecast Actual Generation","RENEW_FCST_ACT_MW",3,3,-5.72307,"ACTUAL",5
"101","2019-11-06",5,0,"2019-11-06T12:00:00-00:00","2019-11-06T13:00:00-00:00","ZP26","Solar","Renewable Forecast Actual Generation","RENEW_FCST_ACT_MW",3,3,-5.66477,"ACTUAL",5
"102","2019-11-06",6,0,"2019-11-06T13:00:00-00:00","2019-11-06T14:00:00-00:00","ZP26","Solar","Renewable Forecast Actual Generation","RENEW_FCST_ACT_MW",3,3,-5.67905,"ACTUAL",5
"103","2019-11-06",7,0,"2019-11-06T14:00:00-00:00","2019-11-06T15:00:00-00:00","ZP26","Solar","Renewable Forecast Actual Generation","RENEW_FCST_ACT_MW",3,3,23.44779,"ACTUAL",5
"104","2019-11-06",8,0,"2019-11-06T15:00:00-00:00","2019-11-06T16:00:00-00:00","ZP26","Solar","Renewable Forecast Actual Generation","RENEW_FCST_ACT_MW",3,3,474.87502,"ACTUAL",5
"105","2019-11-06",9,0,"2019-11-06T16:00:00-00:00","2019-11-06T17:00:00-00:00","ZP26","Solar","Renewable Forecast Actual Generation","RENEW_FCST_ACT_MW",3,3,1077.7221,"ACTUAL",5
"106","2019-11-06",10,0,"2019-11-06T17:00:00-00:00","2019-11-06T18:00:00-00:00","ZP26","Solar","Renewable Forecast Actual Generation","RENEW_FCST_ACT_MW",3,3,1278.48334,"ACTUAL",5
"107","2019-11-06",11,0,"2019-11-06T18:00:00-00:00","2019-11-06T19:00:00-00:00","ZP26","Solar","Renewable Forecast Actual Generation","RENEW_FCST_ACT_MW",3,3,1314.09628,"ACTUAL",5
"108","2019-11-06",12,0,"2019-11-06T19:00:00-00:00","2019-11-06T20:00:00-00:00","ZP26","Solar","Renewable Forecast Actual Generation","RENEW_FCST_ACT_MW",3,3,1302.1232,"ACTUAL",5
"109","2019-11-06",13,0,"2019-11-06T20:00:00-00:00","2019-11-06T21:00:00-00:00","ZP26","Solar","Renewable Forecast Actual Generation","RENEW_FCST_ACT_MW",3,3,1308.18423,"ACTUAL",5
"110","2019-11-06",14,0,"2019-11-06T21:00:00-00:00","2019-11-06T22:00:00-00:00","ZP26","Solar","Renewable Forecast Actual Generation","RENEW_FCST_ACT_MW",3,3,1283.48122,"ACTUAL",5
"111","2019-11-06",15,0,"2019-11-06T22:00:00-00:00","2019-11-06T23:00:00-00:00","ZP26","Solar","Renewable Forecast Actual Generation","RENEW_FCST_ACT_MW",3,3,1161.64177,"ACTUAL",5
"112","2019-11-06",16,0,"2019-11-06T23:00:00-00:00","2019-11-07T00:00:00-00:00","ZP26","Solar","Renewable Forecast Actual Generation","RENEW_FCST_ACT_MW",3,3,725.36229,"ACTUAL",5
"113","2019-11-06",17,0,"2019-11-07T00:00:00-00:00","2019-11-07T01:00:00-00:00","ZP26","Solar","Renewable Forecast Actual Generation","RENEW_FCST_ACT_MW",3,3,131.11077,"ACTUAL",5
"114","2019-11-06",18,0,"2019-11-07T01:00:00-00:00","2019-11-07T02:00:00-00:00","ZP26","Solar","Renewable Forecast Actual Generation","RENEW_FCST_ACT_MW",3,3,-5.94544,"ACTUAL",5
"115","2019-11-06",19,0,"2019-11-07T02:00:00-00:00","2019-11-07T03:00:00-00:00","ZP26","Solar","Renewable Forecast Actual Generation","RENEW_FCST_ACT_MW",3,3,-5.68959,"ACTUAL",5
"116","2019-11-06",20,0,"2019-11-07T03:00:00-00:00","2019-11-07T04:00:00-00:00","ZP26","Solar","Renewable Forecast Actual Generation","RENEW_FCST_ACT_MW",3,3,-5.64045,"ACTUAL",5
"117","2019-11-06",21,0,"2019-11-07T04:00:00-00:00","2019-11-07T05:00:00-00:00","ZP26","Solar","Renewable Forecast Actual Generation","RENEW_FCST_ACT_MW",3,3,-5.63534,"ACTUAL",5
"118","2019-11-06",22,0,"2019-11-07T05:00:00-00:00","2019-11-07T06:00:00-00:00","ZP26","Solar","Renewable Forecast Actual Generation","RENEW_FCST_ACT_MW",3,3,-5.70054,"ACTUAL",5
"119","2019-11-06",23,0,"2019-11-07T06:00:00-00:00","2019-11-07T07:00:00-00:00","ZP26","Solar","Renewable Forecast Actual Generation","RENEW_FCST_ACT_MW",3,3,-5.68567,"ACTUAL",5
"120","2019-11-06",2,0,"2019-11-06T09:00:00-00:00","2019-11-06T10:00:00-00:00","ZP26","Solar","Renewable Forecast Actual Generation","RENEW_FCST_ACT_MW",3,3,-5.70956,"ACTUAL",5
