"","OPR_DT","OPR_HR","OPR_INTERVAL","INTERVALSTARTTIME_GMT","INTERVALENDTIME_GMT","TRADING_HUB","RENEWABLE_TYPE","LABEL","XML_DATA_ITEM","MARKET_RUN_ID_POS","RENEW_POS","MW","MARKET_RUN_ID","GROUP"
"1","2019-12-27",1,0,"2019-12-27T08:00:00-00:00","2019-12-27T09:00:00-00:00","NP15","Solar","Renewable Forecast Actual Generation","RENEW_FCST_ACT_MW",3,3,-3.57918,"ACTUAL",1
"2","2019-12-27",2,0,"2019-12-27T09:00:00-00:00","2019-12-27T10:00:00-00:00","NP15","Solar","Renewable Forecast Actual Generation","RENEW_FCST_ACT_MW",3,3,-3.55041,"ACTUAL",1
"3","2019-12-27",3,0,"2019-12-27T10:00:00-00:00","2019-12-27T11:00:00-00:00","NP15","Solar","Renewable Forecast Actual Generation","RENEW_FCST_ACT_MW",3,3,-3.57296,"ACTUAL",1
"4","2019-12-27",4,0,"2019-12-27T11:00:00-00:00","2019-12-27T12:00:00-00:00","NP15","Solar","Renewable Forecast Actual Generation","RENEW_FCST_ACT_MW",3,3,-3.63643,"ACTUAL",1
"5","2019-12-27",5,0,"2019-12-27T12:00:00-00:00","2019-12-27T13:00:00-00:00","NP15","Solar","Renewable Forecast Actual Generation","RENEW_FCST_ACT_MW",3,3,-3.61532,"ACTUAL",1
"6","2019-12-27",6,0,"2019-12-27T13:00:00-00:00","2019-12-27T14:00:00-00:00","NP15","Solar","Renewable Forecast Actual Generation","RENEW_FCST_ACT_MW",3,3,-3.61592,"ACTUAL",1
"7","2019-12-27",7,0,"2019-12-27T14:00:00-00:00","2019-12-27T15:00:00-00:00","NP15","Solar","Renewable Forecast Actual Generation","RENEW_FCST_ACT_MW",3,3,-3.67987,"ACTUAL",1
"8","2019-12-27",8,0,"2019-12-27T15:00:00-00:00","2019-12-27T16:00:00-00:00","NP15","Solar","Renewable Forecast Actual Generation","RENEW_FCST_ACT_MW",3,3,80.77673,"ACTUAL",1
"9","2019-12-27",9,0,"2019-12-27T16:00:00-00:00","2019-12-27T17:00:00-00:00","NP15","Solar","Renewable Forecast Actual Generation","RENEW_FCST_ACT_MW",3,3,679.11632,"ACTUAL",1
"10","2019-12-27",10,0,"2019-12-27T17:00:00-00:00","2019-12-27T18:00:00-00:00","NP15","Solar","Renewable Forecast Actual Generation","RENEW_FCST_ACT_MW",3,3,1018.45973,"ACTUAL",1
"11","2019-12-27",11,0,"2019-12-27T18:00:00-00:00","2019-12-27T19:00:00-00:00","NP15","Solar","Renewable Forecast Actual Generation","RENEW_FCST_ACT_MW",3,3,1005.5334,"ACTUAL",1
"12","2019-12-27",12,0,"2019-12-27T19:00:00-00:00","2019-12-27T20:00:00-00:00","NP15","Solar","Renewable Forecast Actual Generation","RENEW_FCST_ACT_MW",3,3,939.48338,"ACTUAL",1
"13","2019-12-27",13,0,"2019-12-27T20:00:00-00:00","2019-12-27T21:00:00-00:00","NP15","Solar","Renewable Forecast Actual Generation","RENEW_FCST_ACT_MW",3,3,958.72776,"ACTUAL",1
"14","2019-12-27",14,0,"2019-12-27T21:00:00-00:00","2019-12-27T22:00:00-00:00","NP15","Solar","Renewable Forecast Actual Generation","RENEW_FCST_ACT_MW",3,3,1023.85233,"ACTUAL",1
"15","2019-12-27",15,0,"2019-12-27T22:00:00-00:00","2019-12-27T23:00:00-00:00","NP15","Solar","Renewable Forecast Actual Generation","RENEW_FCST_ACT_MW",3,3,1037.67884,"ACTUAL",1
"16","2019-12-27",16,0,"2019-12-27T23:00:00-00:00","2019-12-28T00:00:00-00:00","NP15","Solar","Renewable Forecast Actual Generation","RENEW_FCST_ACT_MW",3,3,707.56215,"ACTUAL",1
"17","2019-12-27",17,0,"2019-12-28T00:00:00-00:00","2019-12-28T01:00:00-00:00","NP15","Solar","Renewable Forecast Actual Generation","RENEW_FCST_ACT_MW",3,3,108.49865,"ACTUAL",1
"18","2019-12-27",18,0,"2019-12-28T01:00:00-00:00","2019-12-28T02:00:00-00:00","NP15","Solar","Renewable Forecast Actual Generation","RENEW_FCST_ACT_MW",3,3,-3.42821,"ACTUAL",1
"19","2019-12-27",19,0,"2019-12-28T02:00:00-00:00","2019-12-28T03:00:00-00:00","NP15","Solar","Renewable Forecast Actual Generation","RENEW_FCST_ACT_MW",3,3,-3.43241,"ACTUAL",1
"20","2019-12-27",20,0,"2019-12-28T03:00:00-00:00","2019-12-28T04:00:00-00:00","NP15","Solar","Renewable Forecast Actual Generation","RENEW_FCST_ACT_MW",3,3,-3.41766,"ACTUAL",1
"21","2019-12-27",21,0,"2019-12-28T04:00:00-00:00","2019-12-28T05:00:00-00:00","NP15","Solar","Renewable Forecast Actual Generation","RENEW_FCST_ACT_MW",3,3,-3.43604,"ACTUAL",1
"22","2019-12-27",22,0,"2019-12-28T05:00:00-00:00","2019-12-28T06:00:00-00:00","NP15","Solar","Renewable Forecast Actual Generation","RENEW_FCST_ACT_MW",3,3,-3.457,"ACTUAL",1
"23","2019-12-27",23,0,"2019-12-28T06:00:00-00:00","2019-12-28T07:00:00-00:00","NP15","Solar","Renewable Forecast Actual Generation","RENEW_FCST_ACT_MW",3,3,-3.49307,"ACTUAL",1
"24","2019-12-27",24,0,"2019-12-28T07:00:00-00:00","2019-12-28T08:00:00-00:00","NP15","Solar","Renewable Forecast Actual Generation","RENEW_FCST_ACT_MW",3,3,-3.46862,"ACTUAL",1
"25","2019-12-27",1,0,"2019-12-27T08:00:00-00:00","2019-12-27T09:00:00-00:00","NP15","Wind","Renewable Forecast Actual Generation","RENEW_FCST_ACT_MW",3,1,372.36099,"ACTUAL",2
"26","2019-12-27",24,0,"2019-12-28T07:00:00-00:00","2019-12-28T08:00:00-00:00","NP15","Wind","Renewable Forecast Actual Generation","RENEW_FCST_ACT_MW",3,1,74.59701,"ACTUAL",2
"27","2019-12-27",3,0,"2019-12-27T10:00:00-00:00","2019-12-27T11:00:00-00:00","NP15","Wind","Renewable Forecast Actual Generation","RENEW_FCST_ACT_MW",3,1,141.50158,"ACTUAL",2
"28","2019-12-27",4,0,"2019-12-27T11:00:00-00:00","2019-12-27T12:00:00-00:00","NP15","Wind","Renewable Forecast Actual Generation","RENEW_FCST_ACT_MW",3,1,135.88507,"ACTUAL",2
"29","2019-12-27",5,0,"2019-12-27T12:00:00-00:00","2019-12-27T13:00:00-00:00","NP15","Wind","Renewable Forecast Actual Generation","RENEW_FCST_ACT_MW",3,1,142.42834,"ACTUAL",2
"30","2019-12-27",6,0,"2019-12-27T13:00:00-00:00","2019-12-27T14:00:00-00:00","NP15","Wind","Renewable Forecast Actual Generation","RENEW_FCST_ACT_MW",3,1,142.51209,"ACTUAL",2
"31","2019-12-27",7,0,"2019-12-27T14:00:00-00:00","2019-12-27T15:00:00-00:00","NP15","Wind","Renewable Forecast Actual Generation","RENEW_FCST_ACT_MW",3,1,125.56279,"ACTUAL",2
"32","2019-12-27",8,0,"2019-12-27T15:00:00-00:00","2019-12-27T16:00:00-00:00","NP15","Wind","Renewable Forecast Actual Generation","RENEW_FCST_ACT_MW",3,1,164.88175,"ACTUAL",2
"33","2019-12-27",9,0,"2019-12-27T16:00:00-00:00","2019-12-27T17:00:00-00:00","NP15","Wind","Renewable Forecast Actual Generation","RENEW_FCST_ACT_MW",3,1,139.25384,"ACTUAL",2
"34","2019-12-27",10,0,"2019-12-27T17:00:00-00:00","2019-12-27T18:00:00-00:00","NP15","Wind","Renewable Forecast Actual Generation","RENEW_FCST_ACT_MW",3,1,136.18468,"ACTUAL",2
"35","2019-12-27",11,0,"2019-12-27T18:00:00-00:00","2019-12-27T19:00:00-00:00","NP15","Wind","Renewable Forecast Actual Generation","RENEW_FCST_ACT_MW",3,1,291.76197,"ACTUAL",2
"36","2019-12-27",12,0,"2019-12-27T19:00:00-00:00","2019-12-27T20:00:00-00:00","NP15","Wind","Renewable Forecast Actual Generation","RENEW_FCST_ACT_MW",3,1,226.81992,"ACTUAL",2
"37","2019-12-27",13,0,"2019-12-27T20:00:00-00:00","2019-12-27T21:00:00-00:00","NP15","Wind","Renewable Forecast Actual Generation","RENEW_FCST_ACT_MW",3,1,127.03596,"ACTUAL",2
"38","2019-12-27",14,0,"2019-12-27T21:00:00-00:00","2019-12-27T22:00:00-00:00","NP15","Wind","Renewable Forecast Actual Generation","RENEW_FCST_ACT_MW",3,1,79.84318,"ACTUAL",2
"39","2019-12-27",15,0,"2019-12-27T22:00:00-00:00","2019-12-27T23:00:00-00:00","NP15","Wind","Renewable Forecast Actual Generation","RENEW_FCST_ACT_MW",3,1,95.49497,"ACTUAL",2
"40","2019-12-27",16,0,"2019-12-27T23:00:00-00:00","2019-12-28T00:00:00-00:00","NP15","Wind","Renewable Forecast Actual Generation","RENEW_FCST_ACT_MW",3,1,51.3508,"ACTUAL",2
"41","2019-12-27",17,0,"2019-12-28T00:00:00-00:00","2019-12-28T01:00:00-00:00","NP15","Wind","Renewable Forecast Actual Generation","RENEW_FCST_ACT_MW",3,1,20.52764,"ACTUAL",2
"42","2019-12-27",18,0,"2019-12-28T01:00:00-00:00","2019-12-28T02:00:00-00:00","NP15","Wind","Renewable Forecast Actual Generation","RENEW_FCST_ACT_MW",3,1,16.74347,"ACTUAL",2
"43","2019-12-27",19,0,"2019-12-28T02:00:00-00:00","2019-12-28T03:00:00-00:00","NP15","Wind","Renewable Forecast Actual Generation","RENEW_FCST_ACT_MW",3,1,21.98814,"ACTUAL",2
"44","2019-12-27",20,0,"2019-12-28T03:00:00-00:00","2019-12-28T04:00:00-00:00","NP15","Wind","Renewable Forecast Actual Generation","RENEW_FCST_ACT_MW",3,1,20.17278,"ACTUAL",2
"45","2019-12-27",21,0,"2019-12-28T04:00:00-00:00","2019-12-28T05:00:00-00:00","NP15","Wind","Renewable Forecast Actual Generation","RENEW_FCST_ACT_MW",3,1,25.09787,"ACTUAL",2
"46","2019-12-27",22,0,"2019-12-28T05:00:00-00:00","2019-12-28T06:00:00-00:00","NP15","Wind","Renewable Forecast Actual Generation","RENEW_FCST_ACT_MW",3,1,57.25036,"ACTUAL",2
"47","2019-12-27",23,0,"2019-12-28T06:00:00-00:00","2019-12-28T07:00:00-00:00","NP15","Wind","Renewable Forecast Actual Generation","RENEW_FCST_ACT_MW",3,1,51.3122,"ACTUAL",2
"48","2019-12-27",2,0,"2019-12-27T09:00:00-00:00","2019-12-27T10:00:00-00:00","NP15","Wind","Renewable Forecast Actual Generation","RENEW_FCST_ACT_MW",3,1,213.18919,"ACTUAL",2
"49","2019-12-27",24,0,"2019-12-28T07:00:00-00:00","2019-12-28T08:00:00-00:00","SP15","Solar","Renewable Forecast Actual Generation","RENEW_FCST_ACT_MW",3,3,-9.06409,"ACTUAL",3
"50","2019-12-27",2,0,"2019-12-27T09:00:00-00:00","2019-12-27T10:00:00-00:00","SP15","Solar","Renewable Forecast Actual Generation","RENEW_FCST_ACT_MW",3,3,-5.69815,"ACTUAL",3
"51","2019-12-27",23,0,"2019-12-28T06:00:00-00:00","2019-12-28T07:00:00-00:00","SP15","Solar","Renewable Forecast Actual Generation","RENEW_FCST_ACT_MW",3,3,-8.13261,"ACTUAL",3
"52","2019-12-27",6,0,"2019-12-27T13:00:00-00:00","2019-12-27T14:00:00-00:00","SP15","Solar","Renewable Forecast Actual Generation","RENEW_FCST_ACT_MW",3,3,-3.65226,"ACTUAL",3
"53","2019-12-27",22,0,"2019-12-28T05:00:00-00:00","2019-12-28T06:00:00-00:00","SP15","Solar","Renewable Forecast Actual Generation","RENEW_FCST_ACT_MW",3,3,-5.53523,"ACTUAL",3
"54","2019-12-27",11,0,"2019-12-27T18:00:00-00:00","2019-12-27T19:00:00-00:00","SP15","Solar","Renewable Forecast Actual Generation","RENEW_FCST_ACT_MW",3,3,3862.65464,"ACTUAL",3
"55","2019-12-27",21,0,"2019-12-28T04:00:00-00:00","2019-12-28T05:00:00-00:00","SP15","Solar","Renewable Forecast Actual Generation","RENEW_FCST_ACT_MW",3,3,-3.55213,"ACTUAL",3
"56","2019-12-27",3,0,"2019-12-27T10:00:00-00:00","2019-12-27T11:00:00-00:00","SP15","Solar","Renewable Forecast Actual Generation","RENEW_FCST_ACT_MW",3,3,-5.9107,"ACTUAL",3
"57","2019-12-27",20,0,"2019-12-28T03:00:00-00:00","2019-12-28T04:00:00-00:00","SP15","Solar","Renewable Forecast Actual Generation","RENEW_FCST_ACT_MW",3,3,-3.28151,"ACTUAL",3
"58","2019-12-27",10,0,"2019-12-27T17:00:00-00:00","2019-12-27T18:00:00-00:00","SP15","Solar","Renewable Forecast Actual Generation","RENEW_FCST_ACT_MW",3,3,3236.16389,"ACTUAL",3
"59","2019-12-27",19,0,"2019-12-28T02:00:00-00:00","2019-12-28T03:00:00-00:00","SP15","Solar","Renewable Forecast Actual Generation","RENEW_FCST_ACT_MW",3,3,-2.51254,"ACTUAL",3
"60","2019-12-27",5,0,"2019-12-27T12:00:00-00:00","2019-12-27T13:00:00-00:00","SP15","Solar","Renewable Forecast Actual Generation","RENEW_FCST_ACT_MW",3,3,-3.86183,"ACTUAL",3
"61","2019-12-27",18,0,"2019-12-28T01:00:00-00:00","2019-12-28T02:00:00-00:00","SP15","Solar","Renewable Forecast Actual Generation","RENEW_FCST_ACT_MW",3,3,6.42697,"ACTUAL",3
"62","2019-12-27",9,0,"2019-12-27T16:00:00-00:00","2019-12-27T17:00:00-00:00","SP15","Solar","Renewable Forecast Actual Generation","RENEW_FCST_ACT_MW",3,3,2049.83297,"ACTUAL",3
"63","2019-12-27",17,0,"2019-12-28T00:00:00-00:00","2019-12-28T01:00:00-00:00","SP15","Solar","Renewable Forecast Actual Generation","RENEW_FCST_ACT_MW",3,3,385.47653,"ACTUAL",3
"64","2019-12-27",1,0,"2019-12-27T08:00:00-00:00","2019-12-27T09:00:00-00:00","SP15","Solar","Renewable Forecast Actual Generation","RENEW_FCST_ACT_MW",3,3,-5.95649,"ACTUAL",3
"65","2019-12-27",16,0,"2019-12-27T23:00:00-00:00","2019-12-28T00:00:00-00:00","SP15","Solar","Renewable Forecast Actual Generation","RENEW_FCST_ACT_MW",3,3,2505.59893,"ACTUAL",3
"66","2019-12-27",8,0,"2019-12-27T15:00:00-00:00","2019-12-27T16:00:00-00:00","SP15","Solar","Renewable Forecast Actual Generation","RENEW_FCST_ACT_MW",3,3,464.50941,"ACTUAL",3
"67","2019-12-27",15,0,"2019-12-27T22:00:00-00:00","2019-12-27T23:00:00-00:00","SP15","Solar","Renewable Forecast Actual Generation","RENEW_FCST_ACT_MW",3,3,4156.29809,"ACTUAL",3
"68","2019-12-27",4,0,"2019-12-27T11:00:00-00:00","2019-12-27T12:00:00-00:00","SP15","Solar","Renewable Forecast Actual Generation","RENEW_FCST_ACT_MW",3,3,-5.5405,"ACTUAL",3
"69","2019-12-27",14,0,"2019-12-27T21:00:00-00:00","2019-12-27T22:00:00-00:00","SP15","Solar","Renewable Forecast Actual Generation","RENEW_FCST_ACT_MW",3,3,4482.83706,"ACTUAL",3
"70","2019-12-27",7,0,"2019-12-27T14:00:00-00:00","2019-12-27T15:00:00-00:00","SP15","Solar","Renewable Forecast Actual Generation","RENEW_FCST_ACT_MW",3,3,-1.26123,"ACTUAL",3
"71","2019-12-27",13,0,"2019-12-27T20:00:00-00:00","2019-12-27T21:00:00-00:00","SP15","Solar","Renewable Forecast Actual Generation","RENEW_FCST_ACT_MW",3,3,4224.52333,"ACTUAL",3
"72","2019-12-27",12,0,"2019-12-27T19:00:00-00:00","2019-12-27T20:00:00-00:00","SP15","Solar","Renewable Forecast Actual Generation","RENEW_FCST_ACT_MW",3,3,4379.34704,"ACTUAL",3
"73","2019-12-27",23,0,"2019-12-28T06:00:00-00:00","2019-12-28T07:00:00-00:00","SP15","Wind","Renewable Forecast Actual Generation","RENEW_FCST_ACT_MW",3,1,149.02541,"ACTUAL",4
"74","2019-12-27",22,0,"2019-12-28T05:00:00-00:00","2019-12-28T06:00:00-00:00","SP15","Wind","Renewable Forecast Actual Generation","RENEW_FCST_ACT_MW",3,1,208.18361,"ACTUAL",4
"75","2019-12-27",21,0,"2019-12-28T04:00:00-00:00","2019-12-28T05:00:00-00:00","SP15","Wind","Renewable Forecast Actual Generation","RENEW_FCST_ACT_MW",3,1,360.08076,"ACTUAL",4
"76","2019-12-27",20,0,"2019-12-28T03:00:00-00:00","2019-12-28T04:00:00-00:00","SP15","Wind","Renewable Forecast Actual Generation","RENEW_FCST_ACT_MW",3,1,578.37888,"ACTUAL",4
"77","2019-12-27",19,0,"2019-12-28T02:00:00-00:00","2019-12-28T03:00:00-00:00","SP15","Wind","Renewable Forecast Actual Generation","RENEW_FCST_ACT_MW",3,1,906.3968,"ACTUAL",4
"78","2019-12-27",18,0,"2019-12-28T01:00:00-00:00","2019-12-28T02:00:00-00:00","SP15","Wind","Renewable Forecast Actual Generation","RENEW_FCST_ACT_MW",3,1,727.81332,"ACTUAL",4
"79","2019-12-27",17,0,"2019-12-28T00:00:00-00:00","2019-12-28T01:00:00-00:00","SP15","Wind","Renewable Forecast Actual Generation","RENEW_FCST_ACT_MW",3,1,698.56985,"ACTUAL",4
"80","2019-12-27",16,0,"2019-12-27T23:00:00-00:00","2019-12-28T00:00:00-00:00","SP15","Wind","Renewable Forecast Actual Generation","RENEW_FCST_ACT_MW",3,1,761.84357,"ACTUAL",4
"81","2019-12-27",15,0,"2019-12-27T22:00:00-00:00","2019-12-27T23:00:00-00:00","SP15","Wind","Renewable Forecast Actual Generation","RENEW_FCST_ACT_MW",3,1,931.46061,"ACTUAL",4
"82","2019-12-27",14,0,"2019-12-27T21:00:00-00:00","2019-12-27T22:00:00-00:00","SP15","Wind","Renewable Forecast Actual Generation","RENEW_FCST_ACT_MW",3,1,1045.19253,"ACTUAL",4
"83","2019-12-27",13,0,"2019-12-27T20:00:00-00:00","2019-12-27T21:00:00-00:00","SP15","Wind","Renewable Forecast Actual Generation","RENEW_FCST_ACT_MW",3,1,1127.18198,"ACTUAL",4
"84","2019-12-27",12,0,"2019-12-27T19:00:00-00:00","2019-12-27T20:00:00-00:00","SP15","Wind","Renewable Forecast Actual Generation","RENEW_FCST_ACT_MW",3,1,1046.31933,"ACTUAL",4
"85","2019-12-27",11,0,"2019-12-27T18:00:00-00:00","2019-12-27T19:00:00-00:00","SP15","Wind","Renewable Forecast Actual Generation","RENEW_FCST_ACT_MW",3,1,1023.00724,"ACTUAL",4
"86","2019-12-27",10,0,"2019-12-27T17:00:00-00:00","2019-12-27T18:00:00-00:00","SP15","Wind","Renewable Forecast Actual Generation","RENEW_FCST_ACT_MW",3,1,1028.93702,"ACTUAL",4
"87","2019-12-27",9,0,"2019-12-27T16:00:00-00:00","2019-12-27T17:00:00-00:00","SP15","Wind","Renewable Forecast Actual Generation","RENEW_FCST_ACT_MW",3,1,1016.7703,"ACTUAL",4
"88","2019-12-27",8,0,"2019-12-27T15:00:00-00:00","2019-12-27T16:00:00-00:00","SP15","Wind","Renewable Forecast Actual Generation","RENEW_FCST_ACT_MW",3,1,659.13052,"ACTUAL",4
"89","2019-12-27",7,0,"2019-12-27T14:00:00-00:00","2019-12-27T15:00:00-00:00","SP15","Wind","Renewable Forecast Actual Generation","RENEW_FCST_ACT_MW",3,1,886.71666,"ACTUAL",4
"90","2019-12-27",6,0,"2019-12-27T13:00:00-00:00","2019-12-27T14:00:00-00:00","SP15","Wind","Renewable Forecast Actual Generation","RENEW_FCST_ACT_MW",3,1,918.3745,"ACTUAL",4
"91","2019-12-27",5,0,"2019-12-27T12:00:00-00:00","2019-12-27T13:00:00-00:00","SP15","Wind","Renewable Forecast Actual Generation","RENEW_FCST_ACT_MW",3,1,1011.74798,"ACTUAL",4
"92","2019-12-27",4,0,"2019-12-27T11:00:00-00:00","2019-12-27T12:00:00-00:00","SP15","Wind","Renewable Forecast Actual Generation","RENEW_FCST_ACT_MW",3,1,703.87638,"ACTUAL",4
"93","2019-12-27",3,0,"2019-12-27T10:00:00-00:00","2019-12-27T11:00:00-00:00","SP15","Wind","Renewable Forecast Actual Generation","RENEW_FCST_ACT_MW",3,1,469.93711,"ACTUAL",4
"94","2019-12-27",2,0,"2019-12-27T09:00:00-00:00","2019-12-27T10:00:00-00:00","SP15","Wind","Renewable Forecast Actual Generation","RENEW_FCST_ACT_MW",3,1,370.0922,"ACTUAL",4
"95","2019-12-27",24,0,"2019-12-28T07:00:00-00:00","2019-12-28T08:00:00-00:00","SP15","Wind","Renewable Forecast Actual Generation","RENEW_FCST_ACT_MW",3,1,303.48927,"ACTUAL",4
"96","2019-12-27",1,0,"2019-12-27T08:00:00-00:00","2019-12-27T09:00:00-00:00","SP15","Wind","Renewable Forecast Actual Generation","RENEW_FCST_ACT_MW",3,1,279.28395,"ACTUAL",4
"97","2019-12-27",1,0,"2019-12-27T08:00:00-00:00","2019-12-27T09:00:00-00:00","ZP26","Solar","Renewable Forecast Actual Generation","RENEW_FCST_ACT_MW",3,3,-5.80638,"ACTUAL",5
"98","2019-12-27",24,0,"2019-12-28T07:00:00-00:00","2019-12-28T08:00:00-00:00","ZP26","Solar","Renewable Forecast Actual Generation","RENEW_FCST_ACT_MW",3,3,-5.72145,"ACTUAL",5
"99","2019-12-27",3,0,"2019-12-27T10:00:00-00:00","2019-12-27T11:00:00-00:00","ZP26","Solar","Renewable Forecast Actual Generation","RENEW_FCST_ACT_MW",3,3,-6.60096,"ACTUAL",5
"100","2019-12-27",4,0,"2019-12-27T11:00:00-00:00","2019-12-27T12:00:00-00:00","ZP26","Solar","Renewable Forecast Actual Generation","RENEW_FCST_ACT_MW",3,3,-5.80487,"ACTUAL",5
"101","2019-12-27",5,0,"2019-12-27T12:00:00-00:00","2019-12-27T13:00:00-00:00","ZP26","Solar","Renewable Forecast Actual Generation","RENEW_FCST_ACT_MW",3,3,-5.80355,"ACTUAL",5
"102","2019-12-27",6,0,"2019-12-27T13:00:00-00:00","2019-12-27T14:00:00-00:00","ZP26","Solar","Renewable Forecast Actual Generation","RENEW_FCST_ACT_MW",3,3,-5.8192,"ACTUAL",5
"103","2019-12-27",7,0,"2019-12-27T14:00:00-00:00","2019-12-27T15:00:00-00:00","ZP26","Solar","Renewable Forecast Actual Generation","RENEW_FCST_ACT_MW",3,3,-5.88825,"ACTUAL",5
"104","2019-12-27",8,0,"2019-12-27T15:00:00-00:00","2019-12-27T16:00:00-00:00","ZP26","Solar","Renewable Forecast Actual Generation","RENEW_FCST_ACT_MW",3,3,69.1589,"ACTUAL",5
"105","2019-12-27",9,0,"2019-12-27T16:00:00-00:00","2019-12-27T17:00:00-00:00","ZP26","Solar","Renewable Forecast Actual Generation","RENEW_FCST_ACT_MW",3,3,590.78873,"ACTUAL",5
"106","2019-12-27",10,0,"2019-12-27T17:00:00-00:00","2019-12-27T18:00:00-00:00","ZP26","Solar","Renewable Forecast Actual Generation","RENEW_FCST_ACT_MW",3,3,1109.07072,"ACTUAL",5
"107","2019-12-27",11,0,"2019-12-27T18:00:00-00:00","2019-12-27T19:00:00-00:00","ZP26","Solar","Renewable Forecast Actual Generation","RENEW_FCST_ACT_MW",3,3,1301.89579,"ACTUAL",5
"108","2019-12-27",12,0,"2019-12-27T19:00:00-00:00","2019-12-27T20:00:00-00:00","ZP26","Solar","Renewable Forecast Actual Generation","RENEW_FCST_ACT_MW",3,3,1304.42819,"ACTUAL",5
"109","2019-12-27",13,0,"2019-12-27T20:00:00-00:00","2019-12-27T21:00:00-00:00","ZP26","Solar","Renewable Forecast Actual Generation","RENEW_FCST_ACT_MW",3,3,1295.66737,"ACTUAL",5
"110","2019-12-27",14,0,"2019-12-27T21:00:00-00:00","2019-12-27T22:00:00-00:00","ZP26","Solar","Renewable Forecast Actual Generation","RENEW_FCST_ACT_MW",3,3,1305.73042,"ACTUAL",5
"111","2019-12-27",15,0,"2019-12-27T22:00:00-00:00","2019-12-27T23:00:00-00:00","ZP26","Solar","Renewable Forecast Actual Generation","RENEW_FCST_ACT_MW",3,3,1159.90251,"ACTUAL",5
"112","2019-12-27",16,0,"2019-12-27T23:00:00-00:00","2019-12-28T00:00:00-00:00","ZP26","Solar","Renewable Forecast Actual Generation","RENEW_FCST_ACT_MW",3,3,708.22708,"ACTUAL",5
"113","2019-12-27",17,0,"2019-12-28T00:00:00-00:00","2019-12-28T01:00:00-00:00","ZP26","Solar","Renewable Forecast Actual Generation","RENEW_FCST_ACT_MW",3,3,120.37543,"ACTUAL",5
"114","2019-12-27",18,0,"2019-12-28T01:00:00-00:00","2019-12-28T02:00:00-00:00","ZP26","Solar","Renewable Forecast Actual Generation","RENEW_FCST_ACT_MW",3,3,-5.83542,"ACTUAL",5
"115","2019-12-27",19,0,"2019-12-28T02:00:00-00:00","2019-12-28T03:00:00-00:00","ZP26","Solar","Renewable Forecast Actual Generation","RENEW_FCST_ACT_MW",3,3,-5.66152,"ACTUAL",5
"116","2019-12-27",20,0,"2019-12-28T03:00:00-00:00","2019-12-28T04:00:00-00:00","ZP26","Solar","Renewable Forecast Actual Generation","RENEW_FCST_ACT_MW",3,3,-5.67959,"ACTUAL",5
"117","2019-12-27",21,0,"2019-12-28T04:00:00-00:00","2019-12-28T05:00:00-00:00","ZP26","Solar","Renewable Forecast Actual Generation","RENEW_FCST_ACT_MW",3,3,-5.6589,"ACTUAL",5
"118","2019-12-27",22,0,"2019-12-28T05:00:00-00:00","2019-12-28T06:00:00-00:00","ZP26","Solar","Renewable Forecast Actual Generation","RENEW_FCST_ACT_MW",3,3,-5.67584,"ACTUAL",5
"119","2019-12-27",23,0,"2019-12-28T06:00:00-00:00","2019-12-28T07:00:00-00:00","ZP26","Solar","Renewable Forecast Actual Generation","RENEW_FCST_ACT_MW",3,3,-5.70074,"ACTUAL",5
"120","2019-12-27",2,0,"2019-12-27T09:00:00-00:00","2019-12-27T10:00:00-00:00","ZP26","Solar","Renewable Forecast Actual Generation","RENEW_FCST_ACT_MW",3,3,-5.77409,"ACTUAL",5
