"","OPR_DT","OPR_HR","OPR_INTERVAL","INTERVALSTARTTIME_GMT","INTERVALENDTIME_GMT","TRADING_HUB","RENEWABLE_TYPE","LABEL","XML_DATA_ITEM","MARKET_RUN_ID_POS","RENEW_POS","MW","MARKET_RUN_ID","GROUP"
"1","2019-12-07",1,0,"2019-12-07T08:00:00-00:00","2019-12-07T09:00:00-00:00","NP15","Solar","Renewable Forecast Actual Generation","RENEW_FCST_ACT_MW",3,3,-3.57056,"ACTUAL",1
"2","2019-12-07",2,0,"2019-12-07T09:00:00-00:00","2019-12-07T10:00:00-00:00","NP15","Solar","Renewable Forecast Actual Generation","RENEW_FCST_ACT_MW",3,3,-3.55863,"ACTUAL",1
"3","2019-12-07",3,0,"2019-12-07T10:00:00-00:00","2019-12-07T11:00:00-00:00","NP15","Solar","Renewable Forecast Actual Generation","RENEW_FCST_ACT_MW",3,3,-3.54492,"ACTUAL",1
"4","2019-12-07",4,0,"2019-12-07T11:00:00-00:00","2019-12-07T12:00:00-00:00","NP15","Solar","Renewable Forecast Actual Generation","RENEW_FCST_ACT_MW",3,3,-3.56065,"ACTUAL",1
"5","2019-12-07",5,0,"2019-12-07T12:00:00-00:00","2019-12-07T13:00:00-00:00","NP15","Solar","Renewable Forecast Actual Generation","RENEW_FCST_ACT_MW",3,3,-3.54649,"ACTUAL",1
"6","2019-12-07",6,0,"2019-12-07T13:00:00-00:00","2019-12-07T14:00:00-00:00","NP15","Solar","Renewable Forecast Actual Generation","RENEW_FCST_ACT_MW",3,3,-3.55434,"ACTUAL",1
"7","2019-12-07",7,0,"2019-12-07T14:00:00-00:00","2019-12-07T15:00:00-00:00","NP15","Solar","Renewable Forecast Actual Generation","RENEW_FCST_ACT_MW",3,3,-3.74802,"ACTUAL",1
"8","2019-12-07",8,0,"2019-12-07T15:00:00-00:00","2019-12-07T16:00:00-00:00","NP15","Solar","Renewable Forecast Actual Generation","RENEW_FCST_ACT_MW",3,3,41.02731,"ACTUAL",1
"9","2019-12-07",9,0,"2019-12-07T16:00:00-00:00","2019-12-07T17:00:00-00:00","NP15","Solar","Renewable Forecast Actual Generation","RENEW_FCST_ACT_MW",3,3,179.66391,"ACTUAL",1
"10","2019-12-07",10,0,"2019-12-07T17:00:00-00:00","2019-12-07T18:00:00-00:00","NP15","Solar","Renewable Forecast Actual Generation","RENEW_FCST_ACT_MW",3,3,262.27152,"ACTUAL",1
"11","2019-12-07",11,0,"2019-12-07T18:00:00-00:00","2019-12-07T19:00:00-00:00","NP15","Solar","Renewable Forecast Actual Generation","RENEW_FCST_ACT_MW",3,3,362.43002,"ACTUAL",1
"12","2019-12-07",12,0,"2019-12-07T19:00:00-00:00","2019-12-07T20:00:00-00:00","NP15","Solar","Renewable Forecast Actual Generation","RENEW_FCST_ACT_MW",3,3,382.10597,"ACTUAL",1
"13","2019-12-07",13,0,"2019-12-07T20:00:00-00:00","2019-12-07T21:00:00-00:00","NP15","Solar","Renewable Forecast Actual Generation","RENEW_FCST_ACT_MW",3,3,393.25121,"ACTUAL",1
"14","2019-12-07",14,0,"2019-12-07T21:00:00-00:00","2019-12-07T22:00:00-00:00","NP15","Solar","Renewable Forecast Actual Generation","RENEW_FCST_ACT_MW",3,3,275.43525,"ACTUAL",1
"15","2019-12-07",15,0,"2019-12-07T22:00:00-00:00","2019-12-07T23:00:00-00:00","NP15","Solar","Renewable Forecast Actual Generation","RENEW_FCST_ACT_MW",3,3,219.00669,"ACTUAL",1
"16","2019-12-07",16,0,"2019-12-07T23:00:00-00:00","2019-12-08T00:00:00-00:00","NP15","Solar","Renewable Forecast Actual Generation","RENEW_FCST_ACT_MW",3,3,119.31129,"ACTUAL",1
"17","2019-12-07",17,0,"2019-12-08T00:00:00-00:00","2019-12-08T01:00:00-00:00","NP15","Solar","Renewable Forecast Actual Generation","RENEW_FCST_ACT_MW",3,3,11.27615,"ACTUAL",1
"18","2019-12-07",18,0,"2019-12-08T01:00:00-00:00","2019-12-08T02:00:00-00:00","NP15","Solar","Renewable Forecast Actual Generation","RENEW_FCST_ACT_MW",3,3,-3.62854,"ACTUAL",1
"19","2019-12-07",19,0,"2019-12-08T02:00:00-00:00","2019-12-08T03:00:00-00:00","NP15","Solar","Renewable Forecast Actual Generation","RENEW_FCST_ACT_MW",3,3,-3.51308,"ACTUAL",1
"20","2019-12-07",20,0,"2019-12-08T03:00:00-00:00","2019-12-08T04:00:00-00:00","NP15","Solar","Renewable Forecast Actual Generation","RENEW_FCST_ACT_MW",3,3,-3.50674,"ACTUAL",1
"21","2019-12-07",21,0,"2019-12-08T04:00:00-00:00","2019-12-08T05:00:00-00:00","NP15","Solar","Renewable Forecast Actual Generation","RENEW_FCST_ACT_MW",3,3,-3.55372,"ACTUAL",1
"22","2019-12-07",22,0,"2019-12-08T05:00:00-00:00","2019-12-08T06:00:00-00:00","NP15","Solar","Renewable Forecast Actual Generation","RENEW_FCST_ACT_MW",3,3,-3.56357,"ACTUAL",1
"23","2019-12-07",23,0,"2019-12-08T06:00:00-00:00","2019-12-08T07:00:00-00:00","NP15","Solar","Renewable Forecast Actual Generation","RENEW_FCST_ACT_MW",3,3,-3.54641,"ACTUAL",1
"24","2019-12-07",24,0,"2019-12-08T07:00:00-00:00","2019-12-08T08:00:00-00:00","NP15","Solar","Renewable Forecast Actual Generation","RENEW_FCST_ACT_MW",3,3,-3.50686,"ACTUAL",1
"25","2019-12-07",1,0,"2019-12-07T08:00:00-00:00","2019-12-07T09:00:00-00:00","NP15","Wind","Renewable Forecast Actual Generation","RENEW_FCST_ACT_MW",3,1,184.25955,"ACTUAL",2
"26","2019-12-07",24,0,"2019-12-08T07:00:00-00:00","2019-12-08T08:00:00-00:00","NP15","Wind","Renewable Forecast Actual Generation","RENEW_FCST_ACT_MW",3,1,221.17543,"ACTUAL",2
"27","2019-12-07",3,0,"2019-12-07T10:00:00-00:00","2019-12-07T11:00:00-00:00","NP15","Wind","Renewable Forecast Actual Generation","RENEW_FCST_ACT_MW",3,1,311.15484,"ACTUAL",2
"28","2019-12-07",4,0,"2019-12-07T11:00:00-00:00","2019-12-07T12:00:00-00:00","NP15","Wind","Renewable Forecast Actual Generation","RENEW_FCST_ACT_MW",3,1,273.94895,"ACTUAL",2
"29","2019-12-07",5,0,"2019-12-07T12:00:00-00:00","2019-12-07T13:00:00-00:00","NP15","Wind","Renewable Forecast Actual Generation","RENEW_FCST_ACT_MW",3,1,205.98794,"ACTUAL",2
"30","2019-12-07",6,0,"2019-12-07T13:00:00-00:00","2019-12-07T14:00:00-00:00","NP15","Wind","Renewable Forecast Actual Generation","RENEW_FCST_ACT_MW",3,1,233.20038,"ACTUAL",2
"31","2019-12-07",7,0,"2019-12-07T14:00:00-00:00","2019-12-07T15:00:00-00:00","NP15","Wind","Renewable Forecast Actual Generation","RENEW_FCST_ACT_MW",3,1,311.45355,"ACTUAL",2
"32","2019-12-07",8,0,"2019-12-07T15:00:00-00:00","2019-12-07T16:00:00-00:00","NP15","Wind","Renewable Forecast Actual Generation","RENEW_FCST_ACT_MW",3,1,374.15919,"ACTUAL",2
"33","2019-12-07",9,0,"2019-12-07T16:00:00-00:00","2019-12-07T17:00:00-00:00","NP15","Wind","Renewable Forecast Actual Generation","RENEW_FCST_ACT_MW",3,1,461.41106,"ACTUAL",2
"34","2019-12-07",10,0,"2019-12-07T17:00:00-00:00","2019-12-07T18:00:00-00:00","NP15","Wind","Renewable Forecast Actual Generation","RENEW_FCST_ACT_MW",3,1,707.23794,"ACTUAL",2
"35","2019-12-07",11,0,"2019-12-07T18:00:00-00:00","2019-12-07T19:00:00-00:00","NP15","Wind","Renewable Forecast Actual Generation","RENEW_FCST_ACT_MW",3,1,990.70688,"ACTUAL",2
"36","2019-12-07",12,0,"2019-12-07T19:00:00-00:00","2019-12-07T20:00:00-00:00","NP15","Wind","Renewable Forecast Actual Generation","RENEW_FCST_ACT_MW",3,1,1183.04188,"ACTUAL",2
"37","2019-12-07",13,0,"2019-12-07T20:00:00-00:00","2019-12-07T21:00:00-00:00","NP15","Wind","Renewable Forecast Actual Generation","RENEW_FCST_ACT_MW",3,1,1222.61146,"ACTUAL",2
"38","2019-12-07",14,0,"2019-12-07T21:00:00-00:00","2019-12-07T22:00:00-00:00","NP15","Wind","Renewable Forecast Actual Generation","RENEW_FCST_ACT_MW",3,1,1163.71321,"ACTUAL",2
"39","2019-12-07",15,0,"2019-12-07T22:00:00-00:00","2019-12-07T23:00:00-00:00","NP15","Wind","Renewable Forecast Actual Generation","RENEW_FCST_ACT_MW",3,1,838.86514,"ACTUAL",2
"40","2019-12-07",16,0,"2019-12-07T23:00:00-00:00","2019-12-08T00:00:00-00:00","NP15","Wind","Renewable Forecast Actual Generation","RENEW_FCST_ACT_MW",3,1,1024.27586,"ACTUAL",2
"41","2019-12-07",17,0,"2019-12-08T00:00:00-00:00","2019-12-08T01:00:00-00:00","NP15","Wind","Renewable Forecast Actual Generation","RENEW_FCST_ACT_MW",3,1,725.23319,"ACTUAL",2
"42","2019-12-07",18,0,"2019-12-08T01:00:00-00:00","2019-12-08T02:00:00-00:00","NP15","Wind","Renewable Forecast Actual Generation","RENEW_FCST_ACT_MW",3,1,429.88005,"ACTUAL",2
"43","2019-12-07",19,0,"2019-12-08T02:00:00-00:00","2019-12-08T03:00:00-00:00","NP15","Wind","Renewable Forecast Actual Generation","RENEW_FCST_ACT_MW",3,1,443.77832,"ACTUAL",2
"44","2019-12-07",20,0,"2019-12-08T03:00:00-00:00","2019-12-08T04:00:00-00:00","NP15","Wind","Renewable Forecast Actual Generation","RENEW_FCST_ACT_MW",3,1,537.39504,"ACTUAL",2
"45","2019-12-07",21,0,"2019-12-08T04:00:00-00:00","2019-12-08T05:00:00-00:00","NP15","Wind","Renewable Forecast Actual Generation","RENEW_FCST_ACT_MW",3,1,611.31844,"ACTUAL",2
"46","2019-12-07",22,0,"2019-12-08T05:00:00-00:00","2019-12-08T06:00:00-00:00","NP15","Wind","Renewable Forecast Actual Generation","RENEW_FCST_ACT_MW",3,1,422.52897,"ACTUAL",2
"47","2019-12-07",23,0,"2019-12-08T06:00:00-00:00","2019-12-08T07:00:00-00:00","NP15","Wind","Renewable Forecast Actual Generation","RENEW_FCST_ACT_MW",3,1,198.60297,"ACTUAL",2
"48","2019-12-07",2,0,"2019-12-07T09:00:00-00:00","2019-12-07T10:00:00-00:00","NP15","Wind","Renewable Forecast Actual Generation","RENEW_FCST_ACT_MW",3,1,226.01183,"ACTUAL",2
"49","2019-12-07",24,0,"2019-12-08T07:00:00-00:00","2019-12-08T08:00:00-00:00","SP15","Solar","Renewable Forecast Actual Generation","RENEW_FCST_ACT_MW",3,3,-9.07779,"ACTUAL",3
"50","2019-12-07",2,0,"2019-12-07T09:00:00-00:00","2019-12-07T10:00:00-00:00","SP15","Solar","Renewable Forecast Actual Generation","RENEW_FCST_ACT_MW",3,3,-13.01423,"ACTUAL",3
"51","2019-12-07",23,0,"2019-12-08T06:00:00-00:00","2019-12-08T07:00:00-00:00","SP15","Solar","Renewable Forecast Actual Generation","RENEW_FCST_ACT_MW",3,3,-7.55307,"ACTUAL",3
"52","2019-12-07",6,0,"2019-12-07T13:00:00-00:00","2019-12-07T14:00:00-00:00","SP15","Solar","Renewable Forecast Actual Generation","RENEW_FCST_ACT_MW",3,3,-14.64136,"ACTUAL",3
"53","2019-12-07",22,0,"2019-12-08T05:00:00-00:00","2019-12-08T06:00:00-00:00","SP15","Solar","Renewable Forecast Actual Generation","RENEW_FCST_ACT_MW",3,3,-4.05316,"ACTUAL",3
"54","2019-12-07",11,0,"2019-12-07T18:00:00-00:00","2019-12-07T19:00:00-00:00","SP15","Solar","Renewable Forecast Actual Generation","RENEW_FCST_ACT_MW",3,3,1881.12695,"ACTUAL",3
"55","2019-12-07",21,0,"2019-12-08T04:00:00-00:00","2019-12-08T05:00:00-00:00","SP15","Solar","Renewable Forecast Actual Generation","RENEW_FCST_ACT_MW",3,3,-4.50979,"ACTUAL",3
"56","2019-12-07",3,0,"2019-12-07T10:00:00-00:00","2019-12-07T11:00:00-00:00","SP15","Solar","Renewable Forecast Actual Generation","RENEW_FCST_ACT_MW",3,3,-14.22351,"ACTUAL",3
"57","2019-12-07",20,0,"2019-12-08T03:00:00-00:00","2019-12-08T04:00:00-00:00","SP15","Solar","Renewable Forecast Actual Generation","RENEW_FCST_ACT_MW",3,3,-10.28582,"ACTUAL",3
"58","2019-12-07",10,0,"2019-12-07T17:00:00-00:00","2019-12-07T18:00:00-00:00","SP15","Solar","Renewable Forecast Actual Generation","RENEW_FCST_ACT_MW",3,3,1445.85021,"ACTUAL",3
"59","2019-12-07",19,0,"2019-12-08T02:00:00-00:00","2019-12-08T03:00:00-00:00","SP15","Solar","Renewable Forecast Actual Generation","RENEW_FCST_ACT_MW",3,3,-8.47074,"ACTUAL",3
"60","2019-12-07",5,0,"2019-12-07T12:00:00-00:00","2019-12-07T13:00:00-00:00","SP15","Solar","Renewable Forecast Actual Generation","RENEW_FCST_ACT_MW",3,3,-16.01559,"ACTUAL",3
"61","2019-12-07",18,0,"2019-12-08T01:00:00-00:00","2019-12-08T02:00:00-00:00","SP15","Solar","Renewable Forecast Actual Generation","RENEW_FCST_ACT_MW",3,3,-7.04899,"ACTUAL",3
"62","2019-12-07",9,0,"2019-12-07T16:00:00-00:00","2019-12-07T17:00:00-00:00","SP15","Solar","Renewable Forecast Actual Generation","RENEW_FCST_ACT_MW",3,3,988.73706,"ACTUAL",3
"63","2019-12-07",17,0,"2019-12-08T00:00:00-00:00","2019-12-08T01:00:00-00:00","SP15","Solar","Renewable Forecast Actual Generation","RENEW_FCST_ACT_MW",3,3,10.78134,"ACTUAL",3
"64","2019-12-07",1,0,"2019-12-07T08:00:00-00:00","2019-12-07T09:00:00-00:00","SP15","Solar","Renewable Forecast Actual Generation","RENEW_FCST_ACT_MW",3,3,-14.24355,"ACTUAL",3
"65","2019-12-07",16,0,"2019-12-07T23:00:00-00:00","2019-12-08T00:00:00-00:00","SP15","Solar","Renewable Forecast Actual Generation","RENEW_FCST_ACT_MW",3,3,302.29738,"ACTUAL",3
"66","2019-12-07",8,0,"2019-12-07T15:00:00-00:00","2019-12-07T16:00:00-00:00","SP15","Solar","Renewable Forecast Actual Generation","RENEW_FCST_ACT_MW",3,3,456.5477,"ACTUAL",3
"67","2019-12-07",15,0,"2019-12-07T22:00:00-00:00","2019-12-07T23:00:00-00:00","SP15","Solar","Renewable Forecast Actual Generation","RENEW_FCST_ACT_MW",3,3,639.3291,"ACTUAL",3
"68","2019-12-07",4,0,"2019-12-07T11:00:00-00:00","2019-12-07T12:00:00-00:00","SP15","Solar","Renewable Forecast Actual Generation","RENEW_FCST_ACT_MW",3,3,-14.61898,"ACTUAL",3
"69","2019-12-07",14,0,"2019-12-07T21:00:00-00:00","2019-12-07T22:00:00-00:00","SP15","Solar","Renewable Forecast Actual Generation","RENEW_FCST_ACT_MW",3,3,1063.40175,"ACTUAL",3
"70","2019-12-07",7,0,"2019-12-07T14:00:00-00:00","2019-12-07T15:00:00-00:00","SP15","Solar","Renewable Forecast Actual Generation","RENEW_FCST_ACT_MW",3,3,9.83455,"ACTUAL",3
"71","2019-12-07",13,0,"2019-12-07T20:00:00-00:00","2019-12-07T21:00:00-00:00","SP15","Solar","Renewable Forecast Actual Generation","RENEW_FCST_ACT_MW",3,3,1542.8942,"ACTUAL",3
"72","2019-12-07",12,0,"2019-12-07T19:00:00-00:00","2019-12-07T20:00:00-00:00","SP15","Solar","Renewable Forecast Actual Generation","RENEW_FCST_ACT_MW",3,3,2067.64172,"ACTUAL",3
"73","2019-12-07",23,0,"2019-12-08T06:00:00-00:00","2019-12-08T07:00:00-00:00","SP15","Wind","Renewable Forecast Actual Generation","RENEW_FCST_ACT_MW",3,1,406.75312,"ACTUAL",4
"74","2019-12-07",22,0,"2019-12-08T05:00:00-00:00","2019-12-08T06:00:00-00:00","SP15","Wind","Renewable Forecast Actual Generation","RENEW_FCST_ACT_MW",3,1,341.32935,"ACTUAL",4
"75","2019-12-07",21,0,"2019-12-08T04:00:00-00:00","2019-12-08T05:00:00-00:00","SP15","Wind","Renewable Forecast Actual Generation","RENEW_FCST_ACT_MW",3,1,378.07543,"ACTUAL",4
"76","2019-12-07",20,0,"2019-12-08T03:00:00-00:00","2019-12-08T04:00:00-00:00","SP15","Wind","Renewable Forecast Actual Generation","RENEW_FCST_ACT_MW",3,1,400.77911,"ACTUAL",4
"77","2019-12-07",19,0,"2019-12-08T02:00:00-00:00","2019-12-08T03:00:00-00:00","SP15","Wind","Renewable Forecast Actual Generation","RENEW_FCST_ACT_MW",3,1,361.02897,"ACTUAL",4
"78","2019-12-07",18,0,"2019-12-08T01:00:00-00:00","2019-12-08T02:00:00-00:00","SP15","Wind","Renewable Forecast Actual Generation","RENEW_FCST_ACT_MW",3,1,349.67722,"ACTUAL",4
"79","2019-12-07",17,0,"2019-12-08T00:00:00-00:00","2019-12-08T01:00:00-00:00","SP15","Wind","Renewable Forecast Actual Generation","RENEW_FCST_ACT_MW",3,1,454.07607,"ACTUAL",4
"80","2019-12-07",16,0,"2019-12-07T23:00:00-00:00","2019-12-08T00:00:00-00:00","SP15","Wind","Renewable Forecast Actual Generation","RENEW_FCST_ACT_MW",3,1,420.96529,"ACTUAL",4
"81","2019-12-07",15,0,"2019-12-07T22:00:00-00:00","2019-12-07T23:00:00-00:00","SP15","Wind","Renewable Forecast Actual Generation","RENEW_FCST_ACT_MW",3,1,476.62229,"ACTUAL",4
"82","2019-12-07",14,0,"2019-12-07T21:00:00-00:00","2019-12-07T22:00:00-00:00","SP15","Wind","Renewable Forecast Actual Generation","RENEW_FCST_ACT_MW",3,1,475.73312,"ACTUAL",4
"83","2019-12-07",13,0,"2019-12-07T20:00:00-00:00","2019-12-07T21:00:00-00:00","SP15","Wind","Renewable Forecast Actual Generation","RENEW_FCST_ACT_MW",3,1,346.95557,"ACTUAL",4
"84","2019-12-07",12,0,"2019-12-07T19:00:00-00:00","2019-12-07T20:00:00-00:00","SP15","Wind","Renewable Forecast Actual Generation","RENEW_FCST_ACT_MW",3,1,213.39521,"ACTUAL",4
"85","2019-12-07",11,0,"2019-12-07T18:00:00-00:00","2019-12-07T19:00:00-00:00","SP15","Wind","Renewable Forecast Actual Generation","RENEW_FCST_ACT_MW",3,1,142.19087,"ACTUAL",4
"86","2019-12-07",10,0,"2019-12-07T17:00:00-00:00","2019-12-07T18:00:00-00:00","SP15","Wind","Renewable Forecast Actual Generation","RENEW_FCST_ACT_MW",3,1,101.89244,"ACTUAL",4
"87","2019-12-07",9,0,"2019-12-07T16:00:00-00:00","2019-12-07T17:00:00-00:00","SP15","Wind","Renewable Forecast Actual Generation","RENEW_FCST_ACT_MW",3,1,114.89382,"ACTUAL",4
"88","2019-12-07",8,0,"2019-12-07T15:00:00-00:00","2019-12-07T16:00:00-00:00","SP15","Wind","Renewable Forecast Actual Generation","RENEW_FCST_ACT_MW",3,1,89.20278,"ACTUAL",4
"89","2019-12-07",7,0,"2019-12-07T14:00:00-00:00","2019-12-07T15:00:00-00:00","SP15","Wind","Renewable Forecast Actual Generation","RENEW_FCST_ACT_MW",3,1,83.34946,"ACTUAL",4
"90","2019-12-07",6,0,"2019-12-07T13:00:00-00:00","2019-12-07T14:00:00-00:00","SP15","Wind","Renewable Forecast Actual Generation","RENEW_FCST_ACT_MW",3,1,96.59133,"ACTUAL",4
"91","2019-12-07",5,0,"2019-12-07T12:00:00-00:00","2019-12-07T13:00:00-00:00","SP15","Wind","Renewable Forecast Actual Generation","RENEW_FCST_ACT_MW",3,1,114.78962,"ACTUAL",4
"92","2019-12-07",4,0,"2019-12-07T11:00:00-00:00","2019-12-07T12:00:00-00:00","SP15","Wind","Renewable Forecast Actual Generation","RENEW_FCST_ACT_MW",3,1,127.12844,"ACTUAL",4
"93","2019-12-07",3,0,"2019-12-07T10:00:00-00:00","2019-12-07T11:00:00-00:00","SP15","Wind","Renewable Forecast Actual Generation","RENEW_FCST_ACT_MW",3,1,117.88374,"ACTUAL",4
"94","2019-12-07",2,0,"2019-12-07T09:00:00-00:00","2019-12-07T10:00:00-00:00","SP15","Wind","Renewable Forecast Actual Generation","RENEW_FCST_ACT_MW",3,1,113.19903,"ACTUAL",4
"95","2019-12-07",24,0,"2019-12-08T07:00:00-00:00","2019-12-08T08:00:00-00:00","SP15","Wind","Renewable Forecast Actual Generation","RENEW_FCST_ACT_MW",3,1,472.6816,"ACTUAL",4
"96","2019-12-07",1,0,"2019-12-07T08:00:00-00:00","2019-12-07T09:00:00-00:00","SP15","Wind","Renewable Forecast Actual Generation","RENEW_FCST_ACT_MW",3,1,103.88197,"ACTUAL",4
"97","2019-12-07",1,0,"2019-12-07T08:00:00-00:00","2019-12-07T09:00:00-00:00","ZP26","Solar","Renewable Forecast Actual Generation","RENEW_FCST_ACT_MW",3,3,-5.68209,"ACTUAL",5
"98","2019-12-07",24,0,"2019-12-08T07:00:00-00:00","2019-12-08T08:00:00-00:00","ZP26","Solar","Renewable Forecast Actual Generation","RENEW_FCST_ACT_MW",3,3,-5.68316,"ACTUAL",5
"99","2019-12-07",3,0,"2019-12-07T10:00:00-00:00","2019-12-07T11:00:00-00:00","ZP26","Solar","Renewable Forecast Actual Generation","RENEW_FCST_ACT_MW",3,3,-5.70772,"ACTUAL",5
"100","2019-12-07",4,0,"2019-12-07T11:00:00-00:00","2019-12-07T12:00:00-00:00","ZP26","Solar","Renewable Forecast Actual Generation","RENEW_FCST_ACT_MW",3,3,-5.71214,"ACTUAL",5
"101","2019-12-07",5,0,"2019-12-07T12:00:00-00:00","2019-12-07T13:00:00-00:00","ZP26","Solar","Renewable Forecast Actual Generation","RENEW_FCST_ACT_MW",3,3,-5.69566,"ACTUAL",5
"102","2019-12-07",6,0,"2019-12-07T13:00:00-00:00","2019-12-07T14:00:00-00:00","ZP26","Solar","Renewable Forecast Actual Generation","RENEW_FCST_ACT_MW",3,3,-5.67368,"ACTUAL",5
"103","2019-12-07",7,0,"2019-12-07T14:00:00-00:00","2019-12-07T15:00:00-00:00","ZP26","Solar","Renewable Forecast Actual Generation","RENEW_FCST_ACT_MW",3,3,-4.76207,"ACTUAL",5
"104","2019-12-07",8,0,"2019-12-07T15:00:00-00:00","2019-12-07T16:00:00-00:00","ZP26","Solar","Renewable Forecast Actual Generation","RENEW_FCST_ACT_MW",3,3,54.36965,"ACTUAL",5
"105","2019-12-07",9,0,"2019-12-07T16:00:00-00:00","2019-12-07T17:00:00-00:00","ZP26","Solar","Renewable Forecast Actual Generation","RENEW_FCST_ACT_MW",3,3,199.34588,"ACTUAL",5
"106","2019-12-07",10,0,"2019-12-07T17:00:00-00:00","2019-12-07T18:00:00-00:00","ZP26","Solar","Renewable Forecast Actual Generation","RENEW_FCST_ACT_MW",3,3,330.76302,"ACTUAL",5
"107","2019-12-07",11,0,"2019-12-07T18:00:00-00:00","2019-12-07T19:00:00-00:00","ZP26","Solar","Renewable Forecast Actual Generation","RENEW_FCST_ACT_MW",3,3,382.35434,"ACTUAL",5
"108","2019-12-07",12,0,"2019-12-07T19:00:00-00:00","2019-12-07T20:00:00-00:00","ZP26","Solar","Renewable Forecast Actual Generation","RENEW_FCST_ACT_MW",3,3,420.22619,"ACTUAL",5
"109","2019-12-07",13,0,"2019-12-07T20:00:00-00:00","2019-12-07T21:00:00-00:00","ZP26","Solar","Renewable Forecast Actual Generation","RENEW_FCST_ACT_MW",3,3,353.10534,"ACTUAL",5
"110","2019-12-07",14,0,"2019-12-07T21:00:00-00:00","2019-12-07T22:00:00-00:00","ZP26","Solar","Renewable Forecast Actual Generation","RENEW_FCST_ACT_MW",3,3,230.79109,"ACTUAL",5
"111","2019-12-07",15,0,"2019-12-07T22:00:00-00:00","2019-12-07T23:00:00-00:00","ZP26","Solar","Renewable Forecast Actual Generation","RENEW_FCST_ACT_MW",3,3,172.91574,"ACTUAL",5
"112","2019-12-07",16,0,"2019-12-07T23:00:00-00:00","2019-12-08T00:00:00-00:00","ZP26","Solar","Renewable Forecast Actual Generation","RENEW_FCST_ACT_MW",3,3,83.78146,"ACTUAL",5
"113","2019-12-07",17,0,"2019-12-08T00:00:00-00:00","2019-12-08T01:00:00-00:00","ZP26","Solar","Renewable Forecast Actual Generation","RENEW_FCST_ACT_MW",3,3,6.04254,"ACTUAL",5
"114","2019-12-07",18,0,"2019-12-08T01:00:00-00:00","2019-12-08T02:00:00-00:00","ZP26","Solar","Renewable Forecast Actual Generation","RENEW_FCST_ACT_MW",3,3,-5.87527,"ACTUAL",5
"115","2019-12-07",19,0,"2019-12-08T02:00:00-00:00","2019-12-08T03:00:00-00:00","ZP26","Solar","Renewable Forecast Actual Generation","RENEW_FCST_ACT_MW",3,3,-5.68123,"ACTUAL",5
"116","2019-12-07",20,0,"2019-12-08T03:00:00-00:00","2019-12-08T04:00:00-00:00","ZP26","Solar","Renewable Forecast Actual Generation","RENEW_FCST_ACT_MW",3,3,-5.67792,"ACTUAL",5
"117","2019-12-07",21,0,"2019-12-08T04:00:00-00:00","2019-12-08T05:00:00-00:00","ZP26","Solar","Renewable Forecast Actual Generation","RENEW_FCST_ACT_MW",3,3,-5.27596,"ACTUAL",5
"118","2019-12-07",22,0,"2019-12-08T05:00:00-00:00","2019-12-08T06:00:00-00:00","ZP26","Solar","Renewable Forecast Actual Generation","RENEW_FCST_ACT_MW",3,3,-5.72744,"ACTUAL",5
"119","2019-12-07",23,0,"2019-12-08T06:00:00-00:00","2019-12-08T07:00:00-00:00","ZP26","Solar","Renewable Forecast Actual Generation","RENEW_FCST_ACT_MW",3,3,-5.68832,"ACTUAL",5
"120","2019-12-07",2,0,"2019-12-07T09:00:00-00:00","2019-12-07T10:00:00-00:00","ZP26","Solar","Renewable Forecast Actual Generation","RENEW_FCST_ACT_MW",3,3,-5.69208,"ACTUAL",5
