"","OPR_DT","OPR_HR","OPR_INTERVAL","INTERVALSTARTTIME_GMT","INTERVALENDTIME_GMT","TRADING_HUB","RENEWABLE_TYPE","LABEL","XML_DATA_ITEM","MARKET_RUN_ID_POS","RENEW_POS","MW","MARKET_RUN_ID","GROUP"
"1","2019-08-10",2,0,"2019-08-10T08:00:00-00:00","2019-08-10T09:00:00-00:00","NP15","Solar","Renewable Forecast Actual Generation","RENEW_FCST_ACT_MW",3,3,-2.54781,"ACTUAL",1
"2","2019-08-10",3,0,"2019-08-10T09:00:00-00:00","2019-08-10T10:00:00-00:00","NP15","Solar","Renewable Forecast Actual Generation","RENEW_FCST_ACT_MW",3,3,-2.49494,"ACTUAL",1
"3","2019-08-10",4,0,"2019-08-10T10:00:00-00:00","2019-08-10T11:00:00-00:00","NP15","Solar","Renewable Forecast Actual Generation","RENEW_FCST_ACT_MW",3,3,-2.51427,"ACTUAL",1
"4","2019-08-10",5,0,"2019-08-10T11:00:00-00:00","2019-08-10T12:00:00-00:00","NP15","Solar","Renewable Forecast Actual Generation","RENEW_FCST_ACT_MW",3,3,-2.51609,"ACTUAL",1
"5","2019-08-10",6,0,"2019-08-10T12:00:00-00:00","2019-08-10T13:00:00-00:00","NP15","Solar","Renewable Forecast Actual Generation","RENEW_FCST_ACT_MW",3,3,-2.53511,"ACTUAL",1
"6","2019-08-10",7,0,"2019-08-10T13:00:00-00:00","2019-08-10T14:00:00-00:00","NP15","Solar","Renewable Forecast Actual Generation","RENEW_FCST_ACT_MW",3,3,48.5877,"ACTUAL",1
"7","2019-08-10",8,0,"2019-08-10T14:00:00-00:00","2019-08-10T15:00:00-00:00","NP15","Solar","Renewable Forecast Actual Generation","RENEW_FCST_ACT_MW",3,3,584.82756,"ACTUAL",1
"8","2019-08-10",9,0,"2019-08-10T15:00:00-00:00","2019-08-10T16:00:00-00:00","NP15","Solar","Renewable Forecast Actual Generation","RENEW_FCST_ACT_MW",3,3,1130.70986,"ACTUAL",1
"9","2019-08-10",10,0,"2019-08-10T16:00:00-00:00","2019-08-10T17:00:00-00:00","NP15","Solar","Renewable Forecast Actual Generation","RENEW_FCST_ACT_MW",3,3,1278.63698,"ACTUAL",1
"10","2019-08-10",11,0,"2019-08-10T17:00:00-00:00","2019-08-10T18:00:00-00:00","NP15","Solar","Renewable Forecast Actual Generation","RENEW_FCST_ACT_MW",3,3,1183.09632,"ACTUAL",1
"11","2019-08-10",12,0,"2019-08-10T18:00:00-00:00","2019-08-10T19:00:00-00:00","NP15","Solar","Renewable Forecast Actual Generation","RENEW_FCST_ACT_MW",3,3,1254.96462,"ACTUAL",1
"12","2019-08-10",13,0,"2019-08-10T19:00:00-00:00","2019-08-10T20:00:00-00:00","NP15","Solar","Renewable Forecast Actual Generation","RENEW_FCST_ACT_MW",3,3,1249.17718,"ACTUAL",1
"13","2019-08-10",14,0,"2019-08-10T20:00:00-00:00","2019-08-10T21:00:00-00:00","NP15","Solar","Renewable Forecast Actual Generation","RENEW_FCST_ACT_MW",3,3,1271.74593,"ACTUAL",1
"14","2019-08-10",15,0,"2019-08-10T21:00:00-00:00","2019-08-10T22:00:00-00:00","NP15","Solar","Renewable Forecast Actual Generation","RENEW_FCST_ACT_MW",3,3,1246.80854,"ACTUAL",1
"15","2019-08-10",16,0,"2019-08-10T22:00:00-00:00","2019-08-10T23:00:00-00:00","NP15","Solar","Renewable Forecast Actual Generation","RENEW_FCST_ACT_MW",3,3,1209.51565,"ACTUAL",1
"16","2019-08-10",17,0,"2019-08-10T23:00:00-00:00","2019-08-11T00:00:00-00:00","NP15","Solar","Renewable Forecast Actual Generation","RENEW_FCST_ACT_MW",3,3,1172.49318,"ACTUAL",1
"17","2019-08-10",18,0,"2019-08-11T00:00:00-00:00","2019-08-11T01:00:00-00:00","NP15","Solar","Renewable Forecast Actual Generation","RENEW_FCST_ACT_MW",3,3,954.94292,"ACTUAL",1
"18","2019-08-10",19,0,"2019-08-11T01:00:00-00:00","2019-08-11T02:00:00-00:00","NP15","Solar","Renewable Forecast Actual Generation","RENEW_FCST_ACT_MW",3,3,519.46236,"ACTUAL",1
"19","2019-08-10",20,0,"2019-08-11T02:00:00-00:00","2019-08-11T03:00:00-00:00","NP15","Solar","Renewable Forecast Actual Generation","RENEW_FCST_ACT_MW",3,3,74.40308,"ACTUAL",1
"20","2019-08-10",21,0,"2019-08-11T03:00:00-00:00","2019-08-11T04:00:00-00:00","NP15","Solar","Renewable Forecast Actual Generation","RENEW_FCST_ACT_MW",3,3,-2.29161,"ACTUAL",1
"21","2019-08-10",22,0,"2019-08-11T04:00:00-00:00","2019-08-11T05:00:00-00:00","NP15","Solar","Renewable Forecast Actual Generation","RENEW_FCST_ACT_MW",3,3,-2.40034,"ACTUAL",1
"22","2019-08-10",23,0,"2019-08-11T05:00:00-00:00","2019-08-11T06:00:00-00:00","NP15","Solar","Renewable Forecast Actual Generation","RENEW_FCST_ACT_MW",3,3,-3.0178,"ACTUAL",1
"23","2019-08-10",24,0,"2019-08-11T06:00:00-00:00","2019-08-11T07:00:00-00:00","NP15","Solar","Renewable Forecast Actual Generation","RENEW_FCST_ACT_MW",3,3,-2.98932,"ACTUAL",1
"24","2019-08-10",18,0,"2019-08-11T00:00:00-00:00","2019-08-11T01:00:00-00:00","NP15","Wind","Renewable Forecast Actual Generation","RENEW_FCST_ACT_MW",3,1,718.19345,"ACTUAL",2
"25","2019-08-10",6,0,"2019-08-10T12:00:00-00:00","2019-08-10T13:00:00-00:00","NP15","Wind","Renewable Forecast Actual Generation","RENEW_FCST_ACT_MW",3,1,398.19741,"ACTUAL",2
"26","2019-08-10",17,0,"2019-08-10T23:00:00-00:00","2019-08-11T00:00:00-00:00","NP15","Wind","Renewable Forecast Actual Generation","RENEW_FCST_ACT_MW",3,1,605.01627,"ACTUAL",2
"27","2019-08-10",16,0,"2019-08-10T22:00:00-00:00","2019-08-10T23:00:00-00:00","NP15","Wind","Renewable Forecast Actual Generation","RENEW_FCST_ACT_MW",3,1,566.26945,"ACTUAL",2
"28","2019-08-10",15,0,"2019-08-10T21:00:00-00:00","2019-08-10T22:00:00-00:00","NP15","Wind","Renewable Forecast Actual Generation","RENEW_FCST_ACT_MW",3,1,589.58712,"ACTUAL",2
"29","2019-08-10",14,0,"2019-08-10T20:00:00-00:00","2019-08-10T21:00:00-00:00","NP15","Wind","Renewable Forecast Actual Generation","RENEW_FCST_ACT_MW",3,1,738.8162,"ACTUAL",2
"30","2019-08-10",13,0,"2019-08-10T19:00:00-00:00","2019-08-10T20:00:00-00:00","NP15","Wind","Renewable Forecast Actual Generation","RENEW_FCST_ACT_MW",3,1,614.9036,"ACTUAL",2
"31","2019-08-10",12,0,"2019-08-10T18:00:00-00:00","2019-08-10T19:00:00-00:00","NP15","Wind","Renewable Forecast Actual Generation","RENEW_FCST_ACT_MW",3,1,417.6061,"ACTUAL",2
"32","2019-08-10",11,0,"2019-08-10T17:00:00-00:00","2019-08-10T18:00:00-00:00","NP15","Wind","Renewable Forecast Actual Generation","RENEW_FCST_ACT_MW",3,1,260.78977,"ACTUAL",2
"33","2019-08-10",10,0,"2019-08-10T16:00:00-00:00","2019-08-10T17:00:00-00:00","NP15","Wind","Renewable Forecast Actual Generation","RENEW_FCST_ACT_MW",3,1,391.93645,"ACTUAL",2
"34","2019-08-10",9,0,"2019-08-10T15:00:00-00:00","2019-08-10T16:00:00-00:00","NP15","Wind","Renewable Forecast Actual Generation","RENEW_FCST_ACT_MW",3,1,450.98647,"ACTUAL",2
"35","2019-08-10",8,0,"2019-08-10T14:00:00-00:00","2019-08-10T15:00:00-00:00","NP15","Wind","Renewable Forecast Actual Generation","RENEW_FCST_ACT_MW",3,1,357.72788,"ACTUAL",2
"36","2019-08-10",7,0,"2019-08-10T13:00:00-00:00","2019-08-10T14:00:00-00:00","NP15","Wind","Renewable Forecast Actual Generation","RENEW_FCST_ACT_MW",3,1,311.6726,"ACTUAL",2
"37","2019-08-10",5,0,"2019-08-10T11:00:00-00:00","2019-08-10T12:00:00-00:00","NP15","Wind","Renewable Forecast Actual Generation","RENEW_FCST_ACT_MW",3,1,663.23199,"ACTUAL",2
"38","2019-08-10",4,0,"2019-08-10T10:00:00-00:00","2019-08-10T11:00:00-00:00","NP15","Wind","Renewable Forecast Actual Generation","RENEW_FCST_ACT_MW",3,1,834.31315,"ACTUAL",2
"39","2019-08-10",3,0,"2019-08-10T09:00:00-00:00","2019-08-10T10:00:00-00:00","NP15","Wind","Renewable Forecast Actual Generation","RENEW_FCST_ACT_MW",3,1,710.83983,"ACTUAL",2
"40","2019-08-10",2,0,"2019-08-10T08:00:00-00:00","2019-08-10T09:00:00-00:00","NP15","Wind","Renewable Forecast Actual Generation","RENEW_FCST_ACT_MW",3,1,544.22459,"ACTUAL",2
"41","2019-08-10",24,0,"2019-08-11T06:00:00-00:00","2019-08-11T07:00:00-00:00","NP15","Wind","Renewable Forecast Actual Generation","RENEW_FCST_ACT_MW",3,1,846.76316,"ACTUAL",2
"42","2019-08-10",23,0,"2019-08-11T05:00:00-00:00","2019-08-11T06:00:00-00:00","NP15","Wind","Renewable Forecast Actual Generation","RENEW_FCST_ACT_MW",3,1,993.10751,"ACTUAL",2
"43","2019-08-10",22,0,"2019-08-11T04:00:00-00:00","2019-08-11T05:00:00-00:00","NP15","Wind","Renewable Forecast Actual Generation","RENEW_FCST_ACT_MW",3,1,998.86102,"ACTUAL",2
"44","2019-08-10",21,0,"2019-08-11T03:00:00-00:00","2019-08-11T04:00:00-00:00","NP15","Wind","Renewable Forecast Actual Generation","RENEW_FCST_ACT_MW",3,1,959.0648,"ACTUAL",2
"45","2019-08-10",20,0,"2019-08-11T02:00:00-00:00","2019-08-11T03:00:00-00:00","NP15","Wind","Renewable Forecast Actual Generation","RENEW_FCST_ACT_MW",3,1,735.15629,"ACTUAL",2
"46","2019-08-10",19,0,"2019-08-11T01:00:00-00:00","2019-08-11T02:00:00-00:00","NP15","Wind","Renewable Forecast Actual Generation","RENEW_FCST_ACT_MW",3,1,865.57553,"ACTUAL",2
"47","2019-08-10",6,0,"2019-08-10T12:00:00-00:00","2019-08-10T13:00:00-00:00","SP15","Solar","Renewable Forecast Actual Generation","RENEW_FCST_ACT_MW",3,3,3.78116,"ACTUAL",3
"48","2019-08-10",18,0,"2019-08-11T00:00:00-00:00","2019-08-11T01:00:00-00:00","SP15","Solar","Renewable Forecast Actual Generation","RENEW_FCST_ACT_MW",3,3,5342.42254,"ACTUAL",3
"49","2019-08-10",5,0,"2019-08-10T11:00:00-00:00","2019-08-10T12:00:00-00:00","SP15","Solar","Renewable Forecast Actual Generation","RENEW_FCST_ACT_MW",3,3,2.3598,"ACTUAL",3
"50","2019-08-10",11,0,"2019-08-10T17:00:00-00:00","2019-08-10T18:00:00-00:00","SP15","Solar","Renewable Forecast Actual Generation","RENEW_FCST_ACT_MW",3,3,7176.22057,"ACTUAL",3
"51","2019-08-10",4,0,"2019-08-10T10:00:00-00:00","2019-08-10T11:00:00-00:00","SP15","Solar","Renewable Forecast Actual Generation","RENEW_FCST_ACT_MW",3,3,3.16031,"ACTUAL",3
"52","2019-08-10",15,0,"2019-08-10T21:00:00-00:00","2019-08-10T22:00:00-00:00","SP15","Solar","Renewable Forecast Actual Generation","RENEW_FCST_ACT_MW",3,3,7409.86493,"ACTUAL",3
"53","2019-08-10",3,0,"2019-08-10T09:00:00-00:00","2019-08-10T10:00:00-00:00","SP15","Solar","Renewable Forecast Actual Generation","RENEW_FCST_ACT_MW",3,3,6.29975,"ACTUAL",3
"54","2019-08-10",10,0,"2019-08-10T16:00:00-00:00","2019-08-10T17:00:00-00:00","SP15","Solar","Renewable Forecast Actual Generation","RENEW_FCST_ACT_MW",3,3,6543.79801,"ACTUAL",3
"55","2019-08-10",2,0,"2019-08-10T08:00:00-00:00","2019-08-10T09:00:00-00:00","SP15","Solar","Renewable Forecast Actual Generation","RENEW_FCST_ACT_MW",3,3,7.87684,"ACTUAL",3
"56","2019-08-10",13,0,"2019-08-10T19:00:00-00:00","2019-08-10T20:00:00-00:00","SP15","Solar","Renewable Forecast Actual Generation","RENEW_FCST_ACT_MW",3,3,7488.1559,"ACTUAL",3
"57","2019-08-10",24,0,"2019-08-11T06:00:00-00:00","2019-08-11T07:00:00-00:00","SP15","Solar","Renewable Forecast Actual Generation","RENEW_FCST_ACT_MW",3,3,-11.03494,"ACTUAL",3
"58","2019-08-10",9,0,"2019-08-10T15:00:00-00:00","2019-08-10T16:00:00-00:00","SP15","Solar","Renewable Forecast Actual Generation","RENEW_FCST_ACT_MW",3,3,5513.35226,"ACTUAL",3
"59","2019-08-10",23,0,"2019-08-11T05:00:00-00:00","2019-08-11T06:00:00-00:00","SP15","Solar","Renewable Forecast Actual Generation","RENEW_FCST_ACT_MW",3,3,-10.95344,"ACTUAL",3
"60","2019-08-10",16,0,"2019-08-10T22:00:00-00:00","2019-08-10T23:00:00-00:00","SP15","Solar","Renewable Forecast Actual Generation","RENEW_FCST_ACT_MW",3,3,7122.11501,"ACTUAL",3
"61","2019-08-10",22,0,"2019-08-11T04:00:00-00:00","2019-08-11T05:00:00-00:00","SP15","Solar","Renewable Forecast Actual Generation","RENEW_FCST_ACT_MW",3,3,56.3445,"ACTUAL",3
"62","2019-08-10",8,0,"2019-08-10T14:00:00-00:00","2019-08-10T15:00:00-00:00","SP15","Solar","Renewable Forecast Actual Generation","RENEW_FCST_ACT_MW",3,3,2876.98095,"ACTUAL",3
"63","2019-08-10",21,0,"2019-08-11T03:00:00-00:00","2019-08-11T04:00:00-00:00","SP15","Solar","Renewable Forecast Actual Generation","RENEW_FCST_ACT_MW",3,3,129.75631,"ACTUAL",3
"64","2019-08-10",12,0,"2019-08-10T18:00:00-00:00","2019-08-10T19:00:00-00:00","SP15","Solar","Renewable Forecast Actual Generation","RENEW_FCST_ACT_MW",3,3,7472.94971,"ACTUAL",3
"65","2019-08-10",20,0,"2019-08-11T02:00:00-00:00","2019-08-11T03:00:00-00:00","SP15","Solar","Renewable Forecast Actual Generation","RENEW_FCST_ACT_MW",3,3,415.64067,"ACTUAL",3
"66","2019-08-10",7,0,"2019-08-10T13:00:00-00:00","2019-08-10T14:00:00-00:00","SP15","Solar","Renewable Forecast Actual Generation","RENEW_FCST_ACT_MW",3,3,401.6675,"ACTUAL",3
"67","2019-08-10",19,0,"2019-08-11T01:00:00-00:00","2019-08-11T02:00:00-00:00","SP15","Solar","Renewable Forecast Actual Generation","RENEW_FCST_ACT_MW",3,3,2669.60759,"ACTUAL",3
"68","2019-08-10",14,0,"2019-08-10T20:00:00-00:00","2019-08-10T21:00:00-00:00","SP15","Solar","Renewable Forecast Actual Generation","RENEW_FCST_ACT_MW",3,3,7495.9765,"ACTUAL",3
"69","2019-08-10",17,0,"2019-08-10T23:00:00-00:00","2019-08-11T00:00:00-00:00","SP15","Solar","Renewable Forecast Actual Generation","RENEW_FCST_ACT_MW",3,3,6544.51416,"ACTUAL",3
"70","2019-08-10",18,0,"2019-08-11T00:00:00-00:00","2019-08-11T01:00:00-00:00","SP15","Wind","Renewable Forecast Actual Generation","RENEW_FCST_ACT_MW",3,1,2796.93687,"ACTUAL",4
"71","2019-08-10",19,0,"2019-08-11T01:00:00-00:00","2019-08-11T02:00:00-00:00","SP15","Wind","Renewable Forecast Actual Generation","RENEW_FCST_ACT_MW",3,1,2688.19901,"ACTUAL",4
"72","2019-08-10",20,0,"2019-08-11T02:00:00-00:00","2019-08-11T03:00:00-00:00","SP15","Wind","Renewable Forecast Actual Generation","RENEW_FCST_ACT_MW",3,1,2469.34569,"ACTUAL",4
"73","2019-08-10",21,0,"2019-08-11T03:00:00-00:00","2019-08-11T04:00:00-00:00","SP15","Wind","Renewable Forecast Actual Generation","RENEW_FCST_ACT_MW",3,1,2346.62341,"ACTUAL",4
"74","2019-08-10",22,0,"2019-08-11T04:00:00-00:00","2019-08-11T05:00:00-00:00","SP15","Wind","Renewable Forecast Actual Generation","RENEW_FCST_ACT_MW",3,1,2301.1771,"ACTUAL",4
"75","2019-08-10",23,0,"2019-08-11T05:00:00-00:00","2019-08-11T06:00:00-00:00","SP15","Wind","Renewable Forecast Actual Generation","RENEW_FCST_ACT_MW",3,1,2254.69879,"ACTUAL",4
"76","2019-08-10",24,0,"2019-08-11T06:00:00-00:00","2019-08-11T07:00:00-00:00","SP15","Wind","Renewable Forecast Actual Generation","RENEW_FCST_ACT_MW",3,1,2376.43942,"ACTUAL",4
"77","2019-08-10",2,0,"2019-08-10T08:00:00-00:00","2019-08-10T09:00:00-00:00","SP15","Wind","Renewable Forecast Actual Generation","RENEW_FCST_ACT_MW",3,1,2434.52721,"ACTUAL",4
"78","2019-08-10",3,0,"2019-08-10T09:00:00-00:00","2019-08-10T10:00:00-00:00","SP15","Wind","Renewable Forecast Actual Generation","RENEW_FCST_ACT_MW",3,1,2461.11153,"ACTUAL",4
"79","2019-08-10",4,0,"2019-08-10T10:00:00-00:00","2019-08-10T11:00:00-00:00","SP15","Wind","Renewable Forecast Actual Generation","RENEW_FCST_ACT_MW",3,1,2203.51474,"ACTUAL",4
"80","2019-08-10",5,0,"2019-08-10T11:00:00-00:00","2019-08-10T12:00:00-00:00","SP15","Wind","Renewable Forecast Actual Generation","RENEW_FCST_ACT_MW",3,1,1944.01957,"ACTUAL",4
"81","2019-08-10",6,0,"2019-08-10T12:00:00-00:00","2019-08-10T13:00:00-00:00","SP15","Wind","Renewable Forecast Actual Generation","RENEW_FCST_ACT_MW",3,1,1874.28698,"ACTUAL",4
"82","2019-08-10",7,0,"2019-08-10T13:00:00-00:00","2019-08-10T14:00:00-00:00","SP15","Wind","Renewable Forecast Actual Generation","RENEW_FCST_ACT_MW",3,1,1775.69498,"ACTUAL",4
"83","2019-08-10",8,0,"2019-08-10T14:00:00-00:00","2019-08-10T15:00:00-00:00","SP15","Wind","Renewable Forecast Actual Generation","RENEW_FCST_ACT_MW",3,1,1776.13773,"ACTUAL",4
"84","2019-08-10",9,0,"2019-08-10T15:00:00-00:00","2019-08-10T16:00:00-00:00","SP15","Wind","Renewable Forecast Actual Generation","RENEW_FCST_ACT_MW",3,1,1662.66668,"ACTUAL",4
"85","2019-08-10",10,0,"2019-08-10T16:00:00-00:00","2019-08-10T17:00:00-00:00","SP15","Wind","Renewable Forecast Actual Generation","RENEW_FCST_ACT_MW",3,1,1348.48941,"ACTUAL",4
"86","2019-08-10",11,0,"2019-08-10T17:00:00-00:00","2019-08-10T18:00:00-00:00","SP15","Wind","Renewable Forecast Actual Generation","RENEW_FCST_ACT_MW",3,1,1305.53345,"ACTUAL",4
"87","2019-08-10",12,0,"2019-08-10T18:00:00-00:00","2019-08-10T19:00:00-00:00","SP15","Wind","Renewable Forecast Actual Generation","RENEW_FCST_ACT_MW",3,1,1361.32961,"ACTUAL",4
"88","2019-08-10",13,0,"2019-08-10T19:00:00-00:00","2019-08-10T20:00:00-00:00","SP15","Wind","Renewable Forecast Actual Generation","RENEW_FCST_ACT_MW",3,1,1552.83034,"ACTUAL",4
"89","2019-08-10",14,0,"2019-08-10T20:00:00-00:00","2019-08-10T21:00:00-00:00","SP15","Wind","Renewable Forecast Actual Generation","RENEW_FCST_ACT_MW",3,1,1875.19772,"ACTUAL",4
"90","2019-08-10",15,0,"2019-08-10T21:00:00-00:00","2019-08-10T22:00:00-00:00","SP15","Wind","Renewable Forecast Actual Generation","RENEW_FCST_ACT_MW",3,1,2129.83695,"ACTUAL",4
"91","2019-08-10",16,0,"2019-08-10T22:00:00-00:00","2019-08-10T23:00:00-00:00","SP15","Wind","Renewable Forecast Actual Generation","RENEW_FCST_ACT_MW",3,1,2452.63415,"ACTUAL",4
"92","2019-08-10",17,0,"2019-08-10T23:00:00-00:00","2019-08-11T00:00:00-00:00","SP15","Wind","Renewable Forecast Actual Generation","RENEW_FCST_ACT_MW",3,1,2678.5033,"ACTUAL",4
"93","2019-08-10",18,0,"2019-08-11T00:00:00-00:00","2019-08-11T01:00:00-00:00","ZP26","Solar","Renewable Forecast Actual Generation","RENEW_FCST_ACT_MW",3,3,1197.06609,"ACTUAL",5
"94","2019-08-10",17,0,"2019-08-10T23:00:00-00:00","2019-08-11T00:00:00-00:00","ZP26","Solar","Renewable Forecast Actual Generation","RENEW_FCST_ACT_MW",3,3,1492.71234,"ACTUAL",5
"95","2019-08-10",20,0,"2019-08-11T02:00:00-00:00","2019-08-11T03:00:00-00:00","ZP26","Solar","Renewable Forecast Actual Generation","RENEW_FCST_ACT_MW",3,3,64.3791,"ACTUAL",5
"96","2019-08-10",21,0,"2019-08-11T03:00:00-00:00","2019-08-11T04:00:00-00:00","ZP26","Solar","Renewable Forecast Actual Generation","RENEW_FCST_ACT_MW",3,3,-5.71844,"ACTUAL",5
"97","2019-08-10",22,0,"2019-08-11T04:00:00-00:00","2019-08-11T05:00:00-00:00","ZP26","Solar","Renewable Forecast Actual Generation","RENEW_FCST_ACT_MW",3,3,-5.21916,"ACTUAL",5
"98","2019-08-10",23,0,"2019-08-11T05:00:00-00:00","2019-08-11T06:00:00-00:00","ZP26","Solar","Renewable Forecast Actual Generation","RENEW_FCST_ACT_MW",3,3,-5.16149,"ACTUAL",5
"99","2019-08-10",24,0,"2019-08-11T06:00:00-00:00","2019-08-11T07:00:00-00:00","ZP26","Solar","Renewable Forecast Actual Generation","RENEW_FCST_ACT_MW",3,3,-5.1602,"ACTUAL",5
"100","2019-08-10",2,0,"2019-08-10T08:00:00-00:00","2019-08-10T09:00:00-00:00","ZP26","Solar","Renewable Forecast Actual Generation","RENEW_FCST_ACT_MW",3,3,-5.20682,"ACTUAL",5
"101","2019-08-10",3,0,"2019-08-10T09:00:00-00:00","2019-08-10T10:00:00-00:00","ZP26","Solar","Renewable Forecast Actual Generation","RENEW_FCST_ACT_MW",3,3,-5.24508,"ACTUAL",5
"102","2019-08-10",4,0,"2019-08-10T10:00:00-00:00","2019-08-10T11:00:00-00:00","ZP26","Solar","Renewable Forecast Actual Generation","RENEW_FCST_ACT_MW",3,3,-5.25424,"ACTUAL",5
"103","2019-08-10",5,0,"2019-08-10T11:00:00-00:00","2019-08-10T12:00:00-00:00","ZP26","Solar","Renewable Forecast Actual Generation","RENEW_FCST_ACT_MW",3,3,-5.28925,"ACTUAL",5
"104","2019-08-10",6,0,"2019-08-10T12:00:00-00:00","2019-08-10T13:00:00-00:00","ZP26","Solar","Renewable Forecast Actual Generation","RENEW_FCST_ACT_MW",3,3,-5.22746,"ACTUAL",5
"105","2019-08-10",7,0,"2019-08-10T13:00:00-00:00","2019-08-10T14:00:00-00:00","ZP26","Solar","Renewable Forecast Actual Generation","RENEW_FCST_ACT_MW",3,3,43.92253,"ACTUAL",5
"106","2019-08-10",8,0,"2019-08-10T14:00:00-00:00","2019-08-10T15:00:00-00:00","ZP26","Solar","Renewable Forecast Actual Generation","RENEW_FCST_ACT_MW",3,3,533.31251,"ACTUAL",5
"107","2019-08-10",9,0,"2019-08-10T15:00:00-00:00","2019-08-10T16:00:00-00:00","ZP26","Solar","Renewable Forecast Actual Generation","RENEW_FCST_ACT_MW",3,3,1158.8222,"ACTUAL",5
"108","2019-08-10",10,0,"2019-08-10T16:00:00-00:00","2019-08-10T17:00:00-00:00","ZP26","Solar","Renewable Forecast Actual Generation","RENEW_FCST_ACT_MW",3,3,1474.99165,"ACTUAL",5
"109","2019-08-10",11,0,"2019-08-10T17:00:00-00:00","2019-08-10T18:00:00-00:00","ZP26","Solar","Renewable Forecast Actual Generation","RENEW_FCST_ACT_MW",3,3,1620.82706,"ACTUAL",5
"110","2019-08-10",12,0,"2019-08-10T18:00:00-00:00","2019-08-10T19:00:00-00:00","ZP26","Solar","Renewable Forecast Actual Generation","RENEW_FCST_ACT_MW",3,3,1651.6469,"ACTUAL",5
"111","2019-08-10",13,0,"2019-08-10T19:00:00-00:00","2019-08-10T20:00:00-00:00","ZP26","Solar","Renewable Forecast Actual Generation","RENEW_FCST_ACT_MW",3,3,1618.28856,"ACTUAL",5
"112","2019-08-10",14,0,"2019-08-10T20:00:00-00:00","2019-08-10T21:00:00-00:00","ZP26","Solar","Renewable Forecast Actual Generation","RENEW_FCST_ACT_MW",3,3,1611.70639,"ACTUAL",5
"113","2019-08-10",15,0,"2019-08-10T21:00:00-00:00","2019-08-10T22:00:00-00:00","ZP26","Solar","Renewable Forecast Actual Generation","RENEW_FCST_ACT_MW",3,3,1609.11214,"ACTUAL",5
"114","2019-08-10",16,0,"2019-08-10T22:00:00-00:00","2019-08-10T23:00:00-00:00","ZP26","Solar","Renewable Forecast Actual Generation","RENEW_FCST_ACT_MW",3,3,1574.2044,"ACTUAL",5
"115","2019-08-10",19,0,"2019-08-11T01:00:00-00:00","2019-08-11T02:00:00-00:00","ZP26","Solar","Renewable Forecast Actual Generation","RENEW_FCST_ACT_MW",3,3,610.88051,"ACTUAL",5
"116","2019-08-11",1,0,"2019-08-11T07:00:00-00:00","2019-08-11T08:00:00-00:00","NP15","Solar","Renewable Forecast Actual Generation","RENEW_FCST_ACT_MW",3,3,-3.24946,"ACTUAL",6
"117","2019-08-11",1,0,"2019-08-11T07:00:00-00:00","2019-08-11T08:00:00-00:00","NP15","Wind","Renewable Forecast Actual Generation","RENEW_FCST_ACT_MW",3,1,753.75265,"ACTUAL",7
"118","2019-08-11",1,0,"2019-08-11T07:00:00-00:00","2019-08-11T08:00:00-00:00","SP15","Solar","Renewable Forecast Actual Generation","RENEW_FCST_ACT_MW",3,3,-10.62677,"ACTUAL",8
"119","2019-08-11",1,0,"2019-08-11T07:00:00-00:00","2019-08-11T08:00:00-00:00","SP15","Wind","Renewable Forecast Actual Generation","RENEW_FCST_ACT_MW",3,1,2364.17849,"ACTUAL",9
"120","2019-08-11",1,0,"2019-08-11T07:00:00-00:00","2019-08-11T08:00:00-00:00","ZP26","Solar","Renewable Forecast Actual Generation","RENEW_FCST_ACT_MW",3,3,-5.20755,"ACTUAL",10
