"","OPR_DT","OPR_HR","OPR_INTERVAL","INTERVALSTARTTIME_GMT","INTERVALENDTIME_GMT","TRADING_HUB","RENEWABLE_TYPE","LABEL","XML_DATA_ITEM","MARKET_RUN_ID_POS","RENEW_POS","MW","MARKET_RUN_ID","GROUP"
"1","2019-03-26",2,0,"2019-03-26T08:00:00-00:00","2019-03-26T09:00:00-00:00","NP15","Solar","Renewable Forecast Actual Generation","RENEW_FCST_ACT_MW",3,3,-2.33223,"ACTUAL",1
"2","2019-03-26",3,0,"2019-03-26T09:00:00-00:00","2019-03-26T10:00:00-00:00","NP15","Solar","Renewable Forecast Actual Generation","RENEW_FCST_ACT_MW",3,3,-2.3319,"ACTUAL",1
"3","2019-03-26",4,0,"2019-03-26T10:00:00-00:00","2019-03-26T11:00:00-00:00","NP15","Solar","Renewable Forecast Actual Generation","RENEW_FCST_ACT_MW",3,3,-2.34112,"ACTUAL",1
"4","2019-03-26",5,0,"2019-03-26T11:00:00-00:00","2019-03-26T12:00:00-00:00","NP15","Solar","Renewable Forecast Actual Generation","RENEW_FCST_ACT_MW",3,3,-2.31273,"ACTUAL",1
"5","2019-03-26",6,0,"2019-03-26T12:00:00-00:00","2019-03-26T13:00:00-00:00","NP15","Solar","Renewable Forecast Actual Generation","RENEW_FCST_ACT_MW",3,3,-2.28569,"ACTUAL",1
"6","2019-03-26",7,0,"2019-03-26T13:00:00-00:00","2019-03-26T14:00:00-00:00","NP15","Solar","Renewable Forecast Actual Generation","RENEW_FCST_ACT_MW",3,3,-2.36363,"ACTUAL",1
"7","2019-03-26",8,0,"2019-03-26T14:00:00-00:00","2019-03-26T15:00:00-00:00","NP15","Solar","Renewable Forecast Actual Generation","RENEW_FCST_ACT_MW",3,3,74.05549,"ACTUAL",1
"8","2019-03-26",9,0,"2019-03-26T15:00:00-00:00","2019-03-26T16:00:00-00:00","NP15","Solar","Renewable Forecast Actual Generation","RENEW_FCST_ACT_MW",3,3,406.56428,"ACTUAL",1
"9","2019-03-26",10,0,"2019-03-26T16:00:00-00:00","2019-03-26T17:00:00-00:00","NP15","Solar","Renewable Forecast Actual Generation","RENEW_FCST_ACT_MW",3,3,772.26136,"ACTUAL",1
"10","2019-03-26",11,0,"2019-03-26T17:00:00-00:00","2019-03-26T18:00:00-00:00","NP15","Solar","Renewable Forecast Actual Generation","RENEW_FCST_ACT_MW",3,3,987.47818,"ACTUAL",1
"11","2019-03-26",12,0,"2019-03-26T18:00:00-00:00","2019-03-26T19:00:00-00:00","NP15","Solar","Renewable Forecast Actual Generation","RENEW_FCST_ACT_MW",3,3,1200.4422,"ACTUAL",1
"12","2019-03-26",13,0,"2019-03-26T19:00:00-00:00","2019-03-26T20:00:00-00:00","NP15","Solar","Renewable Forecast Actual Generation","RENEW_FCST_ACT_MW",3,3,1183.12364,"ACTUAL",1
"13","2019-03-26",14,0,"2019-03-26T20:00:00-00:00","2019-03-26T21:00:00-00:00","NP15","Solar","Renewable Forecast Actual Generation","RENEW_FCST_ACT_MW",3,3,1152.64649,"ACTUAL",1
"14","2019-03-26",15,0,"2019-03-26T21:00:00-00:00","2019-03-26T22:00:00-00:00","NP15","Solar","Renewable Forecast Actual Generation","RENEW_FCST_ACT_MW",3,3,1170.75439,"ACTUAL",1
"15","2019-03-26",16,0,"2019-03-26T22:00:00-00:00","2019-03-26T23:00:00-00:00","NP15","Solar","Renewable Forecast Actual Generation","RENEW_FCST_ACT_MW",3,3,988.53896,"ACTUAL",1
"16","2019-03-26",17,0,"2019-03-26T23:00:00-00:00","2019-03-27T00:00:00-00:00","NP15","Solar","Renewable Forecast Actual Generation","RENEW_FCST_ACT_MW",3,3,796.72759,"ACTUAL",1
"17","2019-03-26",18,0,"2019-03-27T00:00:00-00:00","2019-03-27T01:00:00-00:00","NP15","Solar","Renewable Forecast Actual Generation","RENEW_FCST_ACT_MW",3,3,563.4596,"ACTUAL",1
"18","2019-03-26",19,0,"2019-03-27T01:00:00-00:00","2019-03-27T02:00:00-00:00","NP15","Solar","Renewable Forecast Actual Generation","RENEW_FCST_ACT_MW",3,3,165.45286,"ACTUAL",1
"19","2019-03-26",20,0,"2019-03-27T02:00:00-00:00","2019-03-27T03:00:00-00:00","NP15","Solar","Renewable Forecast Actual Generation","RENEW_FCST_ACT_MW",3,3,-0.23679,"ACTUAL",1
"20","2019-03-26",21,0,"2019-03-27T03:00:00-00:00","2019-03-27T04:00:00-00:00","NP15","Solar","Renewable Forecast Actual Generation","RENEW_FCST_ACT_MW",3,3,-3.30523,"ACTUAL",1
"21","2019-03-26",22,0,"2019-03-27T04:00:00-00:00","2019-03-27T05:00:00-00:00","NP15","Solar","Renewable Forecast Actual Generation","RENEW_FCST_ACT_MW",3,3,-3.29034,"ACTUAL",1
"22","2019-03-26",23,0,"2019-03-27T05:00:00-00:00","2019-03-27T06:00:00-00:00","NP15","Solar","Renewable Forecast Actual Generation","RENEW_FCST_ACT_MW",3,3,-3.31538,"ACTUAL",1
"23","2019-03-26",24,0,"2019-03-27T06:00:00-00:00","2019-03-27T07:00:00-00:00","NP15","Solar","Renewable Forecast Actual Generation","RENEW_FCST_ACT_MW",3,3,-3.35252,"ACTUAL",1
"24","2019-03-26",18,0,"2019-03-27T00:00:00-00:00","2019-03-27T01:00:00-00:00","NP15","Wind","Renewable Forecast Actual Generation","RENEW_FCST_ACT_MW",3,1,25.92111,"ACTUAL",2
"25","2019-03-26",6,0,"2019-03-26T12:00:00-00:00","2019-03-26T13:00:00-00:00","NP15","Wind","Renewable Forecast Actual Generation","RENEW_FCST_ACT_MW",3,1,103.59439,"ACTUAL",2
"26","2019-03-26",17,0,"2019-03-26T23:00:00-00:00","2019-03-27T00:00:00-00:00","NP15","Wind","Renewable Forecast Actual Generation","RENEW_FCST_ACT_MW",3,1,23.2548,"ACTUAL",2
"27","2019-03-26",16,0,"2019-03-26T22:00:00-00:00","2019-03-26T23:00:00-00:00","NP15","Wind","Renewable Forecast Actual Generation","RENEW_FCST_ACT_MW",3,1,36.50764,"ACTUAL",2
"28","2019-03-26",15,0,"2019-03-26T21:00:00-00:00","2019-03-26T22:00:00-00:00","NP15","Wind","Renewable Forecast Actual Generation","RENEW_FCST_ACT_MW",3,1,34.37913,"ACTUAL",2
"29","2019-03-26",14,0,"2019-03-26T20:00:00-00:00","2019-03-26T21:00:00-00:00","NP15","Wind","Renewable Forecast Actual Generation","RENEW_FCST_ACT_MW",3,1,32.3074,"ACTUAL",2
"30","2019-03-26",13,0,"2019-03-26T19:00:00-00:00","2019-03-26T20:00:00-00:00","NP15","Wind","Renewable Forecast Actual Generation","RENEW_FCST_ACT_MW",3,1,20.51729,"ACTUAL",2
"31","2019-03-26",12,0,"2019-03-26T18:00:00-00:00","2019-03-26T19:00:00-00:00","NP15","Wind","Renewable Forecast Actual Generation","RENEW_FCST_ACT_MW",3,1,5.31972,"ACTUAL",2
"32","2019-03-26",11,0,"2019-03-26T17:00:00-00:00","2019-03-26T18:00:00-00:00","NP15","Wind","Renewable Forecast Actual Generation","RENEW_FCST_ACT_MW",3,1,16.05763,"ACTUAL",2
"33","2019-03-26",10,0,"2019-03-26T16:00:00-00:00","2019-03-26T17:00:00-00:00","NP15","Wind","Renewable Forecast Actual Generation","RENEW_FCST_ACT_MW",3,1,72.78375,"ACTUAL",2
"34","2019-03-26",9,0,"2019-03-26T15:00:00-00:00","2019-03-26T16:00:00-00:00","NP15","Wind","Renewable Forecast Actual Generation","RENEW_FCST_ACT_MW",3,1,123.65335,"ACTUAL",2
"35","2019-03-26",8,0,"2019-03-26T14:00:00-00:00","2019-03-26T15:00:00-00:00","NP15","Wind","Renewable Forecast Actual Generation","RENEW_FCST_ACT_MW",3,1,115.37055,"ACTUAL",2
"36","2019-03-26",7,0,"2019-03-26T13:00:00-00:00","2019-03-26T14:00:00-00:00","NP15","Wind","Renewable Forecast Actual Generation","RENEW_FCST_ACT_MW",3,1,130.90324,"ACTUAL",2
"37","2019-03-26",5,0,"2019-03-26T11:00:00-00:00","2019-03-26T12:00:00-00:00","NP15","Wind","Renewable Forecast Actual Generation","RENEW_FCST_ACT_MW",3,1,98.16371,"ACTUAL",2
"38","2019-03-26",4,0,"2019-03-26T10:00:00-00:00","2019-03-26T11:00:00-00:00","NP15","Wind","Renewable Forecast Actual Generation","RENEW_FCST_ACT_MW",3,1,101.92945,"ACTUAL",2
"39","2019-03-26",3,0,"2019-03-26T09:00:00-00:00","2019-03-26T10:00:00-00:00","NP15","Wind","Renewable Forecast Actual Generation","RENEW_FCST_ACT_MW",3,1,82.34759,"ACTUAL",2
"40","2019-03-26",2,0,"2019-03-26T08:00:00-00:00","2019-03-26T09:00:00-00:00","NP15","Wind","Renewable Forecast Actual Generation","RENEW_FCST_ACT_MW",3,1,86.86533,"ACTUAL",2
"41","2019-03-26",24,0,"2019-03-27T06:00:00-00:00","2019-03-27T07:00:00-00:00","NP15","Wind","Renewable Forecast Actual Generation","RENEW_FCST_ACT_MW",3,1,125.68739,"ACTUAL",2
"42","2019-03-26",23,0,"2019-03-27T05:00:00-00:00","2019-03-27T06:00:00-00:00","NP15","Wind","Renewable Forecast Actual Generation","RENEW_FCST_ACT_MW",3,1,127.30519,"ACTUAL",2
"43","2019-03-26",22,0,"2019-03-27T04:00:00-00:00","2019-03-27T05:00:00-00:00","NP15","Wind","Renewable Forecast Actual Generation","RENEW_FCST_ACT_MW",3,1,27.19438,"ACTUAL",2
"44","2019-03-26",21,0,"2019-03-27T03:00:00-00:00","2019-03-27T04:00:00-00:00","NP15","Wind","Renewable Forecast Actual Generation","RENEW_FCST_ACT_MW",3,1,44.11711,"ACTUAL",2
"45","2019-03-26",20,0,"2019-03-27T02:00:00-00:00","2019-03-27T03:00:00-00:00","NP15","Wind","Renewable Forecast Actual Generation","RENEW_FCST_ACT_MW",3,1,59.25821,"ACTUAL",2
"46","2019-03-26",19,0,"2019-03-27T01:00:00-00:00","2019-03-27T02:00:00-00:00","NP15","Wind","Renewable Forecast Actual Generation","RENEW_FCST_ACT_MW",3,1,18.79182,"ACTUAL",2
"47","2019-03-26",6,0,"2019-03-26T12:00:00-00:00","2019-03-26T13:00:00-00:00","SP15","Solar","Renewable Forecast Actual Generation","RENEW_FCST_ACT_MW",3,3,-6.61929,"ACTUAL",3
"48","2019-03-26",18,0,"2019-03-27T00:00:00-00:00","2019-03-27T01:00:00-00:00","SP15","Solar","Renewable Forecast Actual Generation","RENEW_FCST_ACT_MW",3,3,2763.46608,"ACTUAL",3
"49","2019-03-26",5,0,"2019-03-26T11:00:00-00:00","2019-03-26T12:00:00-00:00","SP15","Solar","Renewable Forecast Actual Generation","RENEW_FCST_ACT_MW",3,3,-5.24668,"ACTUAL",3
"50","2019-03-26",11,0,"2019-03-26T17:00:00-00:00","2019-03-26T18:00:00-00:00","SP15","Solar","Renewable Forecast Actual Generation","RENEW_FCST_ACT_MW",3,3,5638.29795,"ACTUAL",3
"51","2019-03-26",4,0,"2019-03-26T10:00:00-00:00","2019-03-26T11:00:00-00:00","SP15","Solar","Renewable Forecast Actual Generation","RENEW_FCST_ACT_MW",3,3,-4.367,"ACTUAL",3
"52","2019-03-26",15,0,"2019-03-26T21:00:00-00:00","2019-03-26T22:00:00-00:00","SP15","Solar","Renewable Forecast Actual Generation","RENEW_FCST_ACT_MW",3,3,5603.18833,"ACTUAL",3
"53","2019-03-26",3,0,"2019-03-26T09:00:00-00:00","2019-03-26T10:00:00-00:00","SP15","Solar","Renewable Forecast Actual Generation","RENEW_FCST_ACT_MW",3,3,-4.60612,"ACTUAL",3
"54","2019-03-26",10,0,"2019-03-26T16:00:00-00:00","2019-03-26T17:00:00-00:00","SP15","Solar","Renewable Forecast Actual Generation","RENEW_FCST_ACT_MW",3,3,4784.56724,"ACTUAL",3
"55","2019-03-26",2,0,"2019-03-26T08:00:00-00:00","2019-03-26T09:00:00-00:00","SP15","Solar","Renewable Forecast Actual Generation","RENEW_FCST_ACT_MW",3,3,-9.21384,"ACTUAL",3
"56","2019-03-26",13,0,"2019-03-26T19:00:00-00:00","2019-03-26T20:00:00-00:00","SP15","Solar","Renewable Forecast Actual Generation","RENEW_FCST_ACT_MW",3,3,5585.67791,"ACTUAL",3
"57","2019-03-26",24,0,"2019-03-27T06:00:00-00:00","2019-03-27T07:00:00-00:00","SP15","Solar","Renewable Forecast Actual Generation","RENEW_FCST_ACT_MW",3,3,-4.14528,"ACTUAL",3
"58","2019-03-26",9,0,"2019-03-26T15:00:00-00:00","2019-03-26T16:00:00-00:00","SP15","Solar","Renewable Forecast Actual Generation","RENEW_FCST_ACT_MW",3,3,3118.35486,"ACTUAL",3
"59","2019-03-26",23,0,"2019-03-27T05:00:00-00:00","2019-03-27T06:00:00-00:00","SP15","Solar","Renewable Forecast Actual Generation","RENEW_FCST_ACT_MW",3,3,0.05503,"ACTUAL",3
"60","2019-03-26",16,0,"2019-03-26T22:00:00-00:00","2019-03-26T23:00:00-00:00","SP15","Solar","Renewable Forecast Actual Generation","RENEW_FCST_ACT_MW",3,3,5132.25059,"ACTUAL",3
"61","2019-03-26",22,0,"2019-03-27T04:00:00-00:00","2019-03-27T05:00:00-00:00","SP15","Solar","Renewable Forecast Actual Generation","RENEW_FCST_ACT_MW",3,3,-1.55086,"ACTUAL",3
"62","2019-03-26",8,0,"2019-03-26T14:00:00-00:00","2019-03-26T15:00:00-00:00","SP15","Solar","Renewable Forecast Actual Generation","RENEW_FCST_ACT_MW",3,3,949.25571,"ACTUAL",3
"63","2019-03-26",21,0,"2019-03-27T03:00:00-00:00","2019-03-27T04:00:00-00:00","SP15","Solar","Renewable Forecast Actual Generation","RENEW_FCST_ACT_MW",3,3,-10.45646,"ACTUAL",3
"64","2019-03-26",12,0,"2019-03-26T18:00:00-00:00","2019-03-26T19:00:00-00:00","SP15","Solar","Renewable Forecast Actual Generation","RENEW_FCST_ACT_MW",3,3,6071.64664,"ACTUAL",3
"65","2019-03-26",20,0,"2019-03-27T02:00:00-00:00","2019-03-27T03:00:00-00:00","SP15","Solar","Renewable Forecast Actual Generation","RENEW_FCST_ACT_MW",3,3,-2.61772,"ACTUAL",3
"66","2019-03-26",7,0,"2019-03-26T13:00:00-00:00","2019-03-26T14:00:00-00:00","SP15","Solar","Renewable Forecast Actual Generation","RENEW_FCST_ACT_MW",3,3,15.46059,"ACTUAL",3
"67","2019-03-26",19,0,"2019-03-27T01:00:00-00:00","2019-03-27T02:00:00-00:00","SP15","Solar","Renewable Forecast Actual Generation","RENEW_FCST_ACT_MW",3,3,664.1741,"ACTUAL",3
"68","2019-03-26",14,0,"2019-03-26T20:00:00-00:00","2019-03-26T21:00:00-00:00","SP15","Solar","Renewable Forecast Actual Generation","RENEW_FCST_ACT_MW",3,3,5609.37397,"ACTUAL",3
"69","2019-03-26",17,0,"2019-03-26T23:00:00-00:00","2019-03-27T00:00:00-00:00","SP15","Solar","Renewable Forecast Actual Generation","RENEW_FCST_ACT_MW",3,3,4439.71831,"ACTUAL",3
"70","2019-03-26",18,0,"2019-03-27T00:00:00-00:00","2019-03-27T01:00:00-00:00","SP15","Wind","Renewable Forecast Actual Generation","RENEW_FCST_ACT_MW",3,1,862.70464,"ACTUAL",4
"71","2019-03-26",19,0,"2019-03-27T01:00:00-00:00","2019-03-27T02:00:00-00:00","SP15","Wind","Renewable Forecast Actual Generation","RENEW_FCST_ACT_MW",3,1,730.09937,"ACTUAL",4
"72","2019-03-26",20,0,"2019-03-27T02:00:00-00:00","2019-03-27T03:00:00-00:00","SP15","Wind","Renewable Forecast Actual Generation","RENEW_FCST_ACT_MW",3,1,643.14421,"ACTUAL",4
"73","2019-03-26",21,0,"2019-03-27T03:00:00-00:00","2019-03-27T04:00:00-00:00","SP15","Wind","Renewable Forecast Actual Generation","RENEW_FCST_ACT_MW",3,1,575.25909,"ACTUAL",4
"74","2019-03-26",22,0,"2019-03-27T04:00:00-00:00","2019-03-27T05:00:00-00:00","SP15","Wind","Renewable Forecast Actual Generation","RENEW_FCST_ACT_MW",3,1,770.09252,"ACTUAL",4
"75","2019-03-26",23,0,"2019-03-27T05:00:00-00:00","2019-03-27T06:00:00-00:00","SP15","Wind","Renewable Forecast Actual Generation","RENEW_FCST_ACT_MW",3,1,824.20034,"ACTUAL",4
"76","2019-03-26",24,0,"2019-03-27T06:00:00-00:00","2019-03-27T07:00:00-00:00","SP15","Wind","Renewable Forecast Actual Generation","RENEW_FCST_ACT_MW",3,1,808.41667,"ACTUAL",4
"77","2019-03-26",2,0,"2019-03-26T08:00:00-00:00","2019-03-26T09:00:00-00:00","SP15","Wind","Renewable Forecast Actual Generation","RENEW_FCST_ACT_MW",3,1,289.78932,"ACTUAL",4
"78","2019-03-26",3,0,"2019-03-26T09:00:00-00:00","2019-03-26T10:00:00-00:00","SP15","Wind","Renewable Forecast Actual Generation","RENEW_FCST_ACT_MW",3,1,495.13609,"ACTUAL",4
"79","2019-03-26",4,0,"2019-03-26T10:00:00-00:00","2019-03-26T11:00:00-00:00","SP15","Wind","Renewable Forecast Actual Generation","RENEW_FCST_ACT_MW",3,1,362.48349,"ACTUAL",4
"80","2019-03-26",5,0,"2019-03-26T11:00:00-00:00","2019-03-26T12:00:00-00:00","SP15","Wind","Renewable Forecast Actual Generation","RENEW_FCST_ACT_MW",3,1,405.89917,"ACTUAL",4
"81","2019-03-26",6,0,"2019-03-26T12:00:00-00:00","2019-03-26T13:00:00-00:00","SP15","Wind","Renewable Forecast Actual Generation","RENEW_FCST_ACT_MW",3,1,482.33997,"ACTUAL",4
"82","2019-03-26",7,0,"2019-03-26T13:00:00-00:00","2019-03-26T14:00:00-00:00","SP15","Wind","Renewable Forecast Actual Generation","RENEW_FCST_ACT_MW",3,1,415.34407,"ACTUAL",4
"83","2019-03-26",8,0,"2019-03-26T14:00:00-00:00","2019-03-26T15:00:00-00:00","SP15","Wind","Renewable Forecast Actual Generation","RENEW_FCST_ACT_MW",3,1,374.93824,"ACTUAL",4
"84","2019-03-26",9,0,"2019-03-26T15:00:00-00:00","2019-03-26T16:00:00-00:00","SP15","Wind","Renewable Forecast Actual Generation","RENEW_FCST_ACT_MW",3,1,226.27819,"ACTUAL",4
"85","2019-03-26",10,0,"2019-03-26T16:00:00-00:00","2019-03-26T17:00:00-00:00","SP15","Wind","Renewable Forecast Actual Generation","RENEW_FCST_ACT_MW",3,1,154.56727,"ACTUAL",4
"86","2019-03-26",11,0,"2019-03-26T17:00:00-00:00","2019-03-26T18:00:00-00:00","SP15","Wind","Renewable Forecast Actual Generation","RENEW_FCST_ACT_MW",3,1,199.6309,"ACTUAL",4
"87","2019-03-26",12,0,"2019-03-26T18:00:00-00:00","2019-03-26T19:00:00-00:00","SP15","Wind","Renewable Forecast Actual Generation","RENEW_FCST_ACT_MW",3,1,305.494,"ACTUAL",4
"88","2019-03-26",13,0,"2019-03-26T19:00:00-00:00","2019-03-26T20:00:00-00:00","SP15","Wind","Renewable Forecast Actual Generation","RENEW_FCST_ACT_MW",3,1,406.96966,"ACTUAL",4
"89","2019-03-26",14,0,"2019-03-26T20:00:00-00:00","2019-03-26T21:00:00-00:00","SP15","Wind","Renewable Forecast Actual Generation","RENEW_FCST_ACT_MW",3,1,481.83451,"ACTUAL",4
"90","2019-03-26",15,0,"2019-03-26T21:00:00-00:00","2019-03-26T22:00:00-00:00","SP15","Wind","Renewable Forecast Actual Generation","RENEW_FCST_ACT_MW",3,1,733.06037,"ACTUAL",4
"91","2019-03-26",16,0,"2019-03-26T22:00:00-00:00","2019-03-26T23:00:00-00:00","SP15","Wind","Renewable Forecast Actual Generation","RENEW_FCST_ACT_MW",3,1,1029.77649,"ACTUAL",4
"92","2019-03-26",17,0,"2019-03-26T23:00:00-00:00","2019-03-27T00:00:00-00:00","SP15","Wind","Renewable Forecast Actual Generation","RENEW_FCST_ACT_MW",3,1,1088.86653,"ACTUAL",4
"93","2019-03-26",18,0,"2019-03-27T00:00:00-00:00","2019-03-27T01:00:00-00:00","ZP26","Solar","Renewable Forecast Actual Generation","RENEW_FCST_ACT_MW",3,3,667.81154,"ACTUAL",5
"94","2019-03-26",17,0,"2019-03-26T23:00:00-00:00","2019-03-27T00:00:00-00:00","ZP26","Solar","Renewable Forecast Actual Generation","RENEW_FCST_ACT_MW",3,3,946.38709,"ACTUAL",5
"95","2019-03-26",20,0,"2019-03-27T02:00:00-00:00","2019-03-27T03:00:00-00:00","ZP26","Solar","Renewable Forecast Actual Generation","RENEW_FCST_ACT_MW",3,3,-2.02392,"ACTUAL",5
"96","2019-03-26",21,0,"2019-03-27T03:00:00-00:00","2019-03-27T04:00:00-00:00","ZP26","Solar","Renewable Forecast Actual Generation","RENEW_FCST_ACT_MW",3,3,-3.54822,"ACTUAL",5
"97","2019-03-26",22,0,"2019-03-27T04:00:00-00:00","2019-03-27T05:00:00-00:00","ZP26","Solar","Renewable Forecast Actual Generation","RENEW_FCST_ACT_MW",3,3,-3.60319,"ACTUAL",5
"98","2019-03-26",23,0,"2019-03-27T05:00:00-00:00","2019-03-27T06:00:00-00:00","ZP26","Solar","Renewable Forecast Actual Generation","RENEW_FCST_ACT_MW",3,3,-3.64042,"ACTUAL",5
"99","2019-03-26",24,0,"2019-03-27T06:00:00-00:00","2019-03-27T07:00:00-00:00","ZP26","Solar","Renewable Forecast Actual Generation","RENEW_FCST_ACT_MW",3,3,-3.62795,"ACTUAL",5
"100","2019-03-26",2,0,"2019-03-26T08:00:00-00:00","2019-03-26T09:00:00-00:00","ZP26","Solar","Renewable Forecast Actual Generation","RENEW_FCST_ACT_MW",3,3,-3.64805,"ACTUAL",5
"101","2019-03-26",3,0,"2019-03-26T09:00:00-00:00","2019-03-26T10:00:00-00:00","ZP26","Solar","Renewable Forecast Actual Generation","RENEW_FCST_ACT_MW",3,3,-3.65927,"ACTUAL",5
"102","2019-03-26",4,0,"2019-03-26T10:00:00-00:00","2019-03-26T11:00:00-00:00","ZP26","Solar","Renewable Forecast Actual Generation","RENEW_FCST_ACT_MW",3,3,-3.66209,"ACTUAL",5
"103","2019-03-26",5,0,"2019-03-26T11:00:00-00:00","2019-03-26T12:00:00-00:00","ZP26","Solar","Renewable Forecast Actual Generation","RENEW_FCST_ACT_MW",3,3,-4.10483,"ACTUAL",5
"104","2019-03-26",6,0,"2019-03-26T12:00:00-00:00","2019-03-26T13:00:00-00:00","ZP26","Solar","Renewable Forecast Actual Generation","RENEW_FCST_ACT_MW",3,3,-4.0361,"ACTUAL",5
"105","2019-03-26",7,0,"2019-03-26T13:00:00-00:00","2019-03-26T14:00:00-00:00","ZP26","Solar","Renewable Forecast Actual Generation","RENEW_FCST_ACT_MW",3,3,-4.0309,"ACTUAL",5
"106","2019-03-26",8,0,"2019-03-26T14:00:00-00:00","2019-03-26T15:00:00-00:00","ZP26","Solar","Renewable Forecast Actual Generation","RENEW_FCST_ACT_MW",3,3,147.45124,"ACTUAL",5
"107","2019-03-26",9,0,"2019-03-26T15:00:00-00:00","2019-03-26T16:00:00-00:00","ZP26","Solar","Renewable Forecast Actual Generation","RENEW_FCST_ACT_MW",3,3,698.31948,"ACTUAL",5
"108","2019-03-26",10,0,"2019-03-26T16:00:00-00:00","2019-03-26T17:00:00-00:00","ZP26","Solar","Renewable Forecast Actual Generation","RENEW_FCST_ACT_MW",3,3,1160.69246,"ACTUAL",5
"109","2019-03-26",11,0,"2019-03-26T17:00:00-00:00","2019-03-26T18:00:00-00:00","ZP26","Solar","Renewable Forecast Actual Generation","RENEW_FCST_ACT_MW",3,3,1363.21714,"ACTUAL",5
"110","2019-03-26",12,0,"2019-03-26T18:00:00-00:00","2019-03-26T19:00:00-00:00","ZP26","Solar","Renewable Forecast Actual Generation","RENEW_FCST_ACT_MW",3,3,1458.65739,"ACTUAL",5
"111","2019-03-26",13,0,"2019-03-26T19:00:00-00:00","2019-03-26T20:00:00-00:00","ZP26","Solar","Renewable Forecast Actual Generation","RENEW_FCST_ACT_MW",3,3,1425.03718,"ACTUAL",5
"112","2019-03-26",14,0,"2019-03-26T20:00:00-00:00","2019-03-26T21:00:00-00:00","ZP26","Solar","Renewable Forecast Actual Generation","RENEW_FCST_ACT_MW",3,3,1404.81885,"ACTUAL",5
"113","2019-03-26",15,0,"2019-03-26T21:00:00-00:00","2019-03-26T22:00:00-00:00","ZP26","Solar","Renewable Forecast Actual Generation","RENEW_FCST_ACT_MW",3,3,1318.95871,"ACTUAL",5
"114","2019-03-26",16,0,"2019-03-26T22:00:00-00:00","2019-03-26T23:00:00-00:00","ZP26","Solar","Renewable Forecast Actual Generation","RENEW_FCST_ACT_MW",3,3,1083.79492,"ACTUAL",5
"115","2019-03-26",19,0,"2019-03-27T01:00:00-00:00","2019-03-27T02:00:00-00:00","ZP26","Solar","Renewable Forecast Actual Generation","RENEW_FCST_ACT_MW",3,3,160.52201,"ACTUAL",5
"116","2019-03-27",1,0,"2019-03-27T07:00:00-00:00","2019-03-27T08:00:00-00:00","NP15","Solar","Renewable Forecast Actual Generation","RENEW_FCST_ACT_MW",3,3,-3.501,"ACTUAL",6
"117","2019-03-27",1,0,"2019-03-27T07:00:00-00:00","2019-03-27T08:00:00-00:00","NP15","Wind","Renewable Forecast Actual Generation","RENEW_FCST_ACT_MW",3,1,65.10393,"ACTUAL",7
"118","2019-03-27",1,0,"2019-03-27T07:00:00-00:00","2019-03-27T08:00:00-00:00","SP15","Solar","Renewable Forecast Actual Generation","RENEW_FCST_ACT_MW",3,3,-1.3877,"ACTUAL",8
"119","2019-03-27",1,0,"2019-03-27T07:00:00-00:00","2019-03-27T08:00:00-00:00","SP15","Wind","Renewable Forecast Actual Generation","RENEW_FCST_ACT_MW",3,1,782.10959,"ACTUAL",9
"120","2019-03-27",1,0,"2019-03-27T07:00:00-00:00","2019-03-27T08:00:00-00:00","ZP26","Solar","Renewable Forecast Actual Generation","RENEW_FCST_ACT_MW",3,3,-3.64346,"ACTUAL",10
