"","OPR_DT","OPR_HR","OPR_INTERVAL","INTERVALSTARTTIME_GMT","INTERVALENDTIME_GMT","TRADING_HUB","RENEWABLE_TYPE","LABEL","XML_DATA_ITEM","MARKET_RUN_ID_POS","RENEW_POS","MW","MARKET_RUN_ID","GROUP"
"1","2019-10-01",2,0,"2019-10-01T08:00:00-00:00","2019-10-01T09:00:00-00:00","NP15","Solar","Renewable Forecast Actual Generation","RENEW_FCST_ACT_MW",3,3,-2.80283,"ACTUAL",1
"2","2019-10-01",3,0,"2019-10-01T09:00:00-00:00","2019-10-01T10:00:00-00:00","NP15","Solar","Renewable Forecast Actual Generation","RENEW_FCST_ACT_MW",3,3,-3.04203,"ACTUAL",1
"3","2019-10-01",4,0,"2019-10-01T10:00:00-00:00","2019-10-01T11:00:00-00:00","NP15","Solar","Renewable Forecast Actual Generation","RENEW_FCST_ACT_MW",3,3,-2.8131,"ACTUAL",1
"4","2019-10-01",5,0,"2019-10-01T11:00:00-00:00","2019-10-01T12:00:00-00:00","NP15","Solar","Renewable Forecast Actual Generation","RENEW_FCST_ACT_MW",3,3,-2.86723,"ACTUAL",1
"5","2019-10-01",6,0,"2019-10-01T12:00:00-00:00","2019-10-01T13:00:00-00:00","NP15","Solar","Renewable Forecast Actual Generation","RENEW_FCST_ACT_MW",3,3,-3.0187,"ACTUAL",1
"6","2019-10-01",7,0,"2019-10-01T13:00:00-00:00","2019-10-01T14:00:00-00:00","NP15","Solar","Renewable Forecast Actual Generation","RENEW_FCST_ACT_MW",3,3,-2.66444,"ACTUAL",1
"7","2019-10-01",8,0,"2019-10-01T14:00:00-00:00","2019-10-01T15:00:00-00:00","NP15","Solar","Renewable Forecast Actual Generation","RENEW_FCST_ACT_MW",3,3,175.86734,"ACTUAL",1
"8","2019-10-01",9,0,"2019-10-01T15:00:00-00:00","2019-10-01T16:00:00-00:00","NP15","Solar","Renewable Forecast Actual Generation","RENEW_FCST_ACT_MW",3,3,837.10361,"ACTUAL",1
"9","2019-10-01",10,0,"2019-10-01T16:00:00-00:00","2019-10-01T17:00:00-00:00","NP15","Solar","Renewable Forecast Actual Generation","RENEW_FCST_ACT_MW",3,3,1139.58911,"ACTUAL",1
"10","2019-10-01",11,0,"2019-10-01T17:00:00-00:00","2019-10-01T18:00:00-00:00","NP15","Solar","Renewable Forecast Actual Generation","RENEW_FCST_ACT_MW",3,3,1173.95503,"ACTUAL",1
"11","2019-10-01",12,0,"2019-10-01T18:00:00-00:00","2019-10-01T19:00:00-00:00","NP15","Solar","Renewable Forecast Actual Generation","RENEW_FCST_ACT_MW",3,3,1163.59532,"ACTUAL",1
"12","2019-10-01",13,0,"2019-10-01T19:00:00-00:00","2019-10-01T20:00:00-00:00","NP15","Solar","Renewable Forecast Actual Generation","RENEW_FCST_ACT_MW",3,3,1128.33575,"ACTUAL",1
"13","2019-10-01",14,0,"2019-10-01T20:00:00-00:00","2019-10-01T21:00:00-00:00","NP15","Solar","Renewable Forecast Actual Generation","RENEW_FCST_ACT_MW",3,3,1134.57705,"ACTUAL",1
"14","2019-10-01",15,0,"2019-10-01T21:00:00-00:00","2019-10-01T22:00:00-00:00","NP15","Solar","Renewable Forecast Actual Generation","RENEW_FCST_ACT_MW",3,3,1157.06626,"ACTUAL",1
"15","2019-10-01",16,0,"2019-10-01T22:00:00-00:00","2019-10-01T23:00:00-00:00","NP15","Solar","Renewable Forecast Actual Generation","RENEW_FCST_ACT_MW",3,3,1163.1188,"ACTUAL",1
"16","2019-10-01",17,0,"2019-10-01T23:00:00-00:00","2019-10-02T00:00:00-00:00","NP15","Solar","Renewable Forecast Actual Generation","RENEW_FCST_ACT_MW",3,3,1067.27403,"ACTUAL",1
"17","2019-10-01",18,0,"2019-10-02T00:00:00-00:00","2019-10-02T01:00:00-00:00","NP15","Solar","Renewable Forecast Actual Generation","RENEW_FCST_ACT_MW",3,3,644.89335,"ACTUAL",1
"18","2019-10-01",19,0,"2019-10-02T01:00:00-00:00","2019-10-02T02:00:00-00:00","NP15","Solar","Renewable Forecast Actual Generation","RENEW_FCST_ACT_MW",3,3,100.76561,"ACTUAL",1
"19","2019-10-01",20,0,"2019-10-02T02:00:00-00:00","2019-10-02T03:00:00-00:00","NP15","Solar","Renewable Forecast Actual Generation","RENEW_FCST_ACT_MW",3,3,48.42,"ACTUAL",1
"20","2019-10-01",21,0,"2019-10-02T03:00:00-00:00","2019-10-02T04:00:00-00:00","NP15","Solar","Renewable Forecast Actual Generation","RENEW_FCST_ACT_MW",3,3,-0.32492,"ACTUAL",1
"21","2019-10-01",22,0,"2019-10-02T04:00:00-00:00","2019-10-02T05:00:00-00:00","NP15","Solar","Renewable Forecast Actual Generation","RENEW_FCST_ACT_MW",3,3,-2.98907,"ACTUAL",1
"22","2019-10-01",23,0,"2019-10-02T05:00:00-00:00","2019-10-02T06:00:00-00:00","NP15","Solar","Renewable Forecast Actual Generation","RENEW_FCST_ACT_MW",3,3,-2.99899,"ACTUAL",1
"23","2019-10-01",24,0,"2019-10-02T06:00:00-00:00","2019-10-02T07:00:00-00:00","NP15","Solar","Renewable Forecast Actual Generation","RENEW_FCST_ACT_MW",3,3,-3.05782,"ACTUAL",1
"24","2019-10-01",18,0,"2019-10-02T00:00:00-00:00","2019-10-02T01:00:00-00:00","NP15","Wind","Renewable Forecast Actual Generation","RENEW_FCST_ACT_MW",3,1,149.26252,"ACTUAL",2
"25","2019-10-01",6,0,"2019-10-01T12:00:00-00:00","2019-10-01T13:00:00-00:00","NP15","Wind","Renewable Forecast Actual Generation","RENEW_FCST_ACT_MW",3,1,49.41196,"ACTUAL",2
"26","2019-10-01",17,0,"2019-10-01T23:00:00-00:00","2019-10-02T00:00:00-00:00","NP15","Wind","Renewable Forecast Actual Generation","RENEW_FCST_ACT_MW",3,1,56.67252,"ACTUAL",2
"27","2019-10-01",16,0,"2019-10-01T22:00:00-00:00","2019-10-01T23:00:00-00:00","NP15","Wind","Renewable Forecast Actual Generation","RENEW_FCST_ACT_MW",3,1,72.05721,"ACTUAL",2
"28","2019-10-01",15,0,"2019-10-01T21:00:00-00:00","2019-10-01T22:00:00-00:00","NP15","Wind","Renewable Forecast Actual Generation","RENEW_FCST_ACT_MW",3,1,99.56239,"ACTUAL",2
"29","2019-10-01",14,0,"2019-10-01T20:00:00-00:00","2019-10-01T21:00:00-00:00","NP15","Wind","Renewable Forecast Actual Generation","RENEW_FCST_ACT_MW",3,1,122.64046,"ACTUAL",2
"30","2019-10-01",13,0,"2019-10-01T19:00:00-00:00","2019-10-01T20:00:00-00:00","NP15","Wind","Renewable Forecast Actual Generation","RENEW_FCST_ACT_MW",3,1,120.48078,"ACTUAL",2
"31","2019-10-01",12,0,"2019-10-01T18:00:00-00:00","2019-10-01T19:00:00-00:00","NP15","Wind","Renewable Forecast Actual Generation","RENEW_FCST_ACT_MW",3,1,134.91764,"ACTUAL",2
"32","2019-10-01",11,0,"2019-10-01T17:00:00-00:00","2019-10-01T18:00:00-00:00","NP15","Wind","Renewable Forecast Actual Generation","RENEW_FCST_ACT_MW",3,1,179.54926,"ACTUAL",2
"33","2019-10-01",10,0,"2019-10-01T16:00:00-00:00","2019-10-01T17:00:00-00:00","NP15","Wind","Renewable Forecast Actual Generation","RENEW_FCST_ACT_MW",3,1,95.44939,"ACTUAL",2
"34","2019-10-01",9,0,"2019-10-01T15:00:00-00:00","2019-10-01T16:00:00-00:00","NP15","Wind","Renewable Forecast Actual Generation","RENEW_FCST_ACT_MW",3,1,75.50886,"ACTUAL",2
"35","2019-10-01",8,0,"2019-10-01T14:00:00-00:00","2019-10-01T15:00:00-00:00","NP15","Wind","Renewable Forecast Actual Generation","RENEW_FCST_ACT_MW",3,1,69.49916,"ACTUAL",2
"36","2019-10-01",7,0,"2019-10-01T13:00:00-00:00","2019-10-01T14:00:00-00:00","NP15","Wind","Renewable Forecast Actual Generation","RENEW_FCST_ACT_MW",3,1,70.09163,"ACTUAL",2
"37","2019-10-01",5,0,"2019-10-01T11:00:00-00:00","2019-10-01T12:00:00-00:00","NP15","Wind","Renewable Forecast Actual Generation","RENEW_FCST_ACT_MW",3,1,42.2478,"ACTUAL",2
"38","2019-10-01",4,0,"2019-10-01T10:00:00-00:00","2019-10-01T11:00:00-00:00","NP15","Wind","Renewable Forecast Actual Generation","RENEW_FCST_ACT_MW",3,1,62.9985,"ACTUAL",2
"39","2019-10-01",3,0,"2019-10-01T09:00:00-00:00","2019-10-01T10:00:00-00:00","NP15","Wind","Renewable Forecast Actual Generation","RENEW_FCST_ACT_MW",3,1,85.87875,"ACTUAL",2
"40","2019-10-01",2,0,"2019-10-01T08:00:00-00:00","2019-10-01T09:00:00-00:00","NP15","Wind","Renewable Forecast Actual Generation","RENEW_FCST_ACT_MW",3,1,91.85152,"ACTUAL",2
"41","2019-10-01",24,0,"2019-10-02T06:00:00-00:00","2019-10-02T07:00:00-00:00","NP15","Wind","Renewable Forecast Actual Generation","RENEW_FCST_ACT_MW",3,1,120.6543,"ACTUAL",2
"42","2019-10-01",23,0,"2019-10-02T05:00:00-00:00","2019-10-02T06:00:00-00:00","NP15","Wind","Renewable Forecast Actual Generation","RENEW_FCST_ACT_MW",3,1,130.14238,"ACTUAL",2
"43","2019-10-01",22,0,"2019-10-02T04:00:00-00:00","2019-10-02T05:00:00-00:00","NP15","Wind","Renewable Forecast Actual Generation","RENEW_FCST_ACT_MW",3,1,126.30808,"ACTUAL",2
"44","2019-10-01",21,0,"2019-10-02T03:00:00-00:00","2019-10-02T04:00:00-00:00","NP15","Wind","Renewable Forecast Actual Generation","RENEW_FCST_ACT_MW",3,1,140.12524,"ACTUAL",2
"45","2019-10-01",20,0,"2019-10-02T02:00:00-00:00","2019-10-02T03:00:00-00:00","NP15","Wind","Renewable Forecast Actual Generation","RENEW_FCST_ACT_MW",3,1,142.57336,"ACTUAL",2
"46","2019-10-01",19,0,"2019-10-02T01:00:00-00:00","2019-10-02T02:00:00-00:00","NP15","Wind","Renewable Forecast Actual Generation","RENEW_FCST_ACT_MW",3,1,188.96808,"ACTUAL",2
"47","2019-10-01",6,0,"2019-10-01T12:00:00-00:00","2019-10-01T13:00:00-00:00","SP15","Solar","Renewable Forecast Actual Generation","RENEW_FCST_ACT_MW",3,3,-9.11985,"ACTUAL",3
"48","2019-10-01",18,0,"2019-10-02T00:00:00-00:00","2019-10-02T01:00:00-00:00","SP15","Solar","Renewable Forecast Actual Generation","RENEW_FCST_ACT_MW",3,3,2772.677,"ACTUAL",3
"49","2019-10-01",5,0,"2019-10-01T11:00:00-00:00","2019-10-01T12:00:00-00:00","SP15","Solar","Renewable Forecast Actual Generation","RENEW_FCST_ACT_MW",3,3,-12.06022,"ACTUAL",3
"50","2019-10-01",11,0,"2019-10-01T17:00:00-00:00","2019-10-01T18:00:00-00:00","SP15","Solar","Renewable Forecast Actual Generation","RENEW_FCST_ACT_MW",3,3,6482.31149,"ACTUAL",3
"51","2019-10-01",4,0,"2019-10-01T10:00:00-00:00","2019-10-01T11:00:00-00:00","SP15","Solar","Renewable Forecast Actual Generation","RENEW_FCST_ACT_MW",3,3,-12.26056,"ACTUAL",3
"52","2019-10-01",15,0,"2019-10-01T21:00:00-00:00","2019-10-01T22:00:00-00:00","SP15","Solar","Renewable Forecast Actual Generation","RENEW_FCST_ACT_MW",3,3,6687.48915,"ACTUAL",3
"53","2019-10-01",3,0,"2019-10-01T09:00:00-00:00","2019-10-01T10:00:00-00:00","SP15","Solar","Renewable Forecast Actual Generation","RENEW_FCST_ACT_MW",3,3,-10.16538,"ACTUAL",3
"54","2019-10-01",10,0,"2019-10-01T16:00:00-00:00","2019-10-01T17:00:00-00:00","SP15","Solar","Renewable Forecast Actual Generation","RENEW_FCST_ACT_MW",3,3,6042.19503,"ACTUAL",3
"55","2019-10-01",2,0,"2019-10-01T08:00:00-00:00","2019-10-01T09:00:00-00:00","SP15","Solar","Renewable Forecast Actual Generation","RENEW_FCST_ACT_MW",3,3,-9.94197,"ACTUAL",3
"56","2019-10-01",13,0,"2019-10-01T19:00:00-00:00","2019-10-01T20:00:00-00:00","SP15","Solar","Renewable Forecast Actual Generation","RENEW_FCST_ACT_MW",3,3,6863.231,"ACTUAL",3
"57","2019-10-01",24,0,"2019-10-02T06:00:00-00:00","2019-10-02T07:00:00-00:00","SP15","Solar","Renewable Forecast Actual Generation","RENEW_FCST_ACT_MW",3,3,-9.32229,"ACTUAL",3
"58","2019-10-01",9,0,"2019-10-01T15:00:00-00:00","2019-10-01T16:00:00-00:00","SP15","Solar","Renewable Forecast Actual Generation","RENEW_FCST_ACT_MW",3,3,4513.45871,"ACTUAL",3
"59","2019-10-01",23,0,"2019-10-02T05:00:00-00:00","2019-10-02T06:00:00-00:00","SP15","Solar","Renewable Forecast Actual Generation","RENEW_FCST_ACT_MW",3,3,-5.65763,"ACTUAL",3
"60","2019-10-01",16,0,"2019-10-01T22:00:00-00:00","2019-10-01T23:00:00-00:00","SP15","Solar","Renewable Forecast Actual Generation","RENEW_FCST_ACT_MW",3,3,6122.72211,"ACTUAL",3
"61","2019-10-01",22,0,"2019-10-02T04:00:00-00:00","2019-10-02T05:00:00-00:00","SP15","Solar","Renewable Forecast Actual Generation","RENEW_FCST_ACT_MW",3,3,-3.95171,"ACTUAL",3
"62","2019-10-01",8,0,"2019-10-01T14:00:00-00:00","2019-10-01T15:00:00-00:00","SP15","Solar","Renewable Forecast Actual Generation","RENEW_FCST_ACT_MW",3,3,1591.16145,"ACTUAL",3
"63","2019-10-01",21,0,"2019-10-02T03:00:00-00:00","2019-10-02T04:00:00-00:00","SP15","Solar","Renewable Forecast Actual Generation","RENEW_FCST_ACT_MW",3,3,-3.2665,"ACTUAL",3
"64","2019-10-01",12,0,"2019-10-01T18:00:00-00:00","2019-10-01T19:00:00-00:00","SP15","Solar","Renewable Forecast Actual Generation","RENEW_FCST_ACT_MW",3,3,6664.65199,"ACTUAL",3
"65","2019-10-01",20,0,"2019-10-02T02:00:00-00:00","2019-10-02T03:00:00-00:00","SP15","Solar","Renewable Forecast Actual Generation","RENEW_FCST_ACT_MW",3,3,312.70635,"ACTUAL",3
"66","2019-10-01",7,0,"2019-10-01T13:00:00-00:00","2019-10-01T14:00:00-00:00","SP15","Solar","Renewable Forecast Actual Generation","RENEW_FCST_ACT_MW",3,3,25.59955,"ACTUAL",3
"67","2019-10-01",19,0,"2019-10-02T01:00:00-00:00","2019-10-02T02:00:00-00:00","SP15","Solar","Renewable Forecast Actual Generation","RENEW_FCST_ACT_MW",3,3,519.50289,"ACTUAL",3
"68","2019-10-01",14,0,"2019-10-01T20:00:00-00:00","2019-10-01T21:00:00-00:00","SP15","Solar","Renewable Forecast Actual Generation","RENEW_FCST_ACT_MW",3,3,6682.28008,"ACTUAL",3
"69","2019-10-01",17,0,"2019-10-01T23:00:00-00:00","2019-10-02T00:00:00-00:00","SP15","Solar","Renewable Forecast Actual Generation","RENEW_FCST_ACT_MW",3,3,5446.54314,"ACTUAL",3
"70","2019-10-01",18,0,"2019-10-02T00:00:00-00:00","2019-10-02T01:00:00-00:00","SP15","Wind","Renewable Forecast Actual Generation","RENEW_FCST_ACT_MW",3,1,2282.777,"ACTUAL",4
"71","2019-10-01",19,0,"2019-10-02T01:00:00-00:00","2019-10-02T02:00:00-00:00","SP15","Wind","Renewable Forecast Actual Generation","RENEW_FCST_ACT_MW",3,1,2261.63238,"ACTUAL",4
"72","2019-10-01",20,0,"2019-10-02T02:00:00-00:00","2019-10-02T03:00:00-00:00","SP15","Wind","Renewable Forecast Actual Generation","RENEW_FCST_ACT_MW",3,1,2103.12866,"ACTUAL",4
"73","2019-10-01",21,0,"2019-10-02T03:00:00-00:00","2019-10-02T04:00:00-00:00","SP15","Wind","Renewable Forecast Actual Generation","RENEW_FCST_ACT_MW",3,1,1739.92469,"ACTUAL",4
"74","2019-10-01",22,0,"2019-10-02T04:00:00-00:00","2019-10-02T05:00:00-00:00","SP15","Wind","Renewable Forecast Actual Generation","RENEW_FCST_ACT_MW",3,1,1570.66753,"ACTUAL",4
"75","2019-10-01",23,0,"2019-10-02T05:00:00-00:00","2019-10-02T06:00:00-00:00","SP15","Wind","Renewable Forecast Actual Generation","RENEW_FCST_ACT_MW",3,1,1329.17463,"ACTUAL",4
"76","2019-10-01",24,0,"2019-10-02T06:00:00-00:00","2019-10-02T07:00:00-00:00","SP15","Wind","Renewable Forecast Actual Generation","RENEW_FCST_ACT_MW",3,1,1377.83384,"ACTUAL",4
"77","2019-10-01",2,0,"2019-10-01T08:00:00-00:00","2019-10-01T09:00:00-00:00","SP15","Wind","Renewable Forecast Actual Generation","RENEW_FCST_ACT_MW",3,1,3214.92625,"ACTUAL",4
"78","2019-10-01",3,0,"2019-10-01T09:00:00-00:00","2019-10-01T10:00:00-00:00","SP15","Wind","Renewable Forecast Actual Generation","RENEW_FCST_ACT_MW",3,1,3225.78251,"ACTUAL",4
"79","2019-10-01",4,0,"2019-10-01T10:00:00-00:00","2019-10-01T11:00:00-00:00","SP15","Wind","Renewable Forecast Actual Generation","RENEW_FCST_ACT_MW",3,1,3206.27783,"ACTUAL",4
"80","2019-10-01",5,0,"2019-10-01T11:00:00-00:00","2019-10-01T12:00:00-00:00","SP15","Wind","Renewable Forecast Actual Generation","RENEW_FCST_ACT_MW",3,1,2979.42708,"ACTUAL",4
"81","2019-10-01",6,0,"2019-10-01T12:00:00-00:00","2019-10-01T13:00:00-00:00","SP15","Wind","Renewable Forecast Actual Generation","RENEW_FCST_ACT_MW",3,1,2613.81797,"ACTUAL",4
"82","2019-10-01",7,0,"2019-10-01T13:00:00-00:00","2019-10-01T14:00:00-00:00","SP15","Wind","Renewable Forecast Actual Generation","RENEW_FCST_ACT_MW",3,1,2404.97345,"ACTUAL",4
"83","2019-10-01",8,0,"2019-10-01T14:00:00-00:00","2019-10-01T15:00:00-00:00","SP15","Wind","Renewable Forecast Actual Generation","RENEW_FCST_ACT_MW",3,1,2305.40766,"ACTUAL",4
"84","2019-10-01",9,0,"2019-10-01T15:00:00-00:00","2019-10-01T16:00:00-00:00","SP15","Wind","Renewable Forecast Actual Generation","RENEW_FCST_ACT_MW",3,1,1950.4958,"ACTUAL",4
"85","2019-10-01",10,0,"2019-10-01T16:00:00-00:00","2019-10-01T17:00:00-00:00","SP15","Wind","Renewable Forecast Actual Generation","RENEW_FCST_ACT_MW",3,1,1483.1898,"ACTUAL",4
"86","2019-10-01",11,0,"2019-10-01T17:00:00-00:00","2019-10-01T18:00:00-00:00","SP15","Wind","Renewable Forecast Actual Generation","RENEW_FCST_ACT_MW",3,1,1319.41611,"ACTUAL",4
"87","2019-10-01",12,0,"2019-10-01T18:00:00-00:00","2019-10-01T19:00:00-00:00","SP15","Wind","Renewable Forecast Actual Generation","RENEW_FCST_ACT_MW",3,1,1187.23995,"ACTUAL",4
"88","2019-10-01",13,0,"2019-10-01T19:00:00-00:00","2019-10-01T20:00:00-00:00","SP15","Wind","Renewable Forecast Actual Generation","RENEW_FCST_ACT_MW",3,1,1141.99321,"ACTUAL",4
"89","2019-10-01",14,0,"2019-10-01T20:00:00-00:00","2019-10-01T21:00:00-00:00","SP15","Wind","Renewable Forecast Actual Generation","RENEW_FCST_ACT_MW",3,1,1201.73925,"ACTUAL",4
"90","2019-10-01",15,0,"2019-10-01T21:00:00-00:00","2019-10-01T22:00:00-00:00","SP15","Wind","Renewable Forecast Actual Generation","RENEW_FCST_ACT_MW",3,1,1494.95689,"ACTUAL",4
"91","2019-10-01",16,0,"2019-10-01T22:00:00-00:00","2019-10-01T23:00:00-00:00","SP15","Wind","Renewable Forecast Actual Generation","RENEW_FCST_ACT_MW",3,1,1832.8332,"ACTUAL",4
"92","2019-10-01",17,0,"2019-10-01T23:00:00-00:00","2019-10-02T00:00:00-00:00","SP15","Wind","Renewable Forecast Actual Generation","RENEW_FCST_ACT_MW",3,1,2076.1544,"ACTUAL",4
"93","2019-10-01",18,0,"2019-10-02T00:00:00-00:00","2019-10-02T01:00:00-00:00","ZP26","Solar","Renewable Forecast Actual Generation","RENEW_FCST_ACT_MW",3,3,680.47606,"ACTUAL",5
"94","2019-10-01",17,0,"2019-10-01T23:00:00-00:00","2019-10-02T00:00:00-00:00","ZP26","Solar","Renewable Forecast Actual Generation","RENEW_FCST_ACT_MW",3,3,1293.00486,"ACTUAL",5
"95","2019-10-01",20,0,"2019-10-02T02:00:00-00:00","2019-10-02T03:00:00-00:00","ZP26","Solar","Renewable Forecast Actual Generation","RENEW_FCST_ACT_MW",3,3,46.84622,"ACTUAL",5
"96","2019-10-01",21,0,"2019-10-02T03:00:00-00:00","2019-10-02T04:00:00-00:00","ZP26","Solar","Renewable Forecast Actual Generation","RENEW_FCST_ACT_MW",3,3,-4.4204,"ACTUAL",5
"97","2019-10-01",22,0,"2019-10-02T04:00:00-00:00","2019-10-02T05:00:00-00:00","ZP26","Solar","Renewable Forecast Actual Generation","RENEW_FCST_ACT_MW",3,3,-5.00189,"ACTUAL",5
"98","2019-10-01",23,0,"2019-10-02T05:00:00-00:00","2019-10-02T06:00:00-00:00","ZP26","Solar","Renewable Forecast Actual Generation","RENEW_FCST_ACT_MW",3,3,-5.17638,"ACTUAL",5
"99","2019-10-01",24,0,"2019-10-02T06:00:00-00:00","2019-10-02T07:00:00-00:00","ZP26","Solar","Renewable Forecast Actual Generation","RENEW_FCST_ACT_MW",3,3,-5.09968,"ACTUAL",5
"100","2019-10-01",2,0,"2019-10-01T08:00:00-00:00","2019-10-01T09:00:00-00:00","ZP26","Solar","Renewable Forecast Actual Generation","RENEW_FCST_ACT_MW",3,3,-4.92257,"ACTUAL",5
"101","2019-10-01",3,0,"2019-10-01T09:00:00-00:00","2019-10-01T10:00:00-00:00","ZP26","Solar","Renewable Forecast Actual Generation","RENEW_FCST_ACT_MW",3,3,-4.8742,"ACTUAL",5
"102","2019-10-01",4,0,"2019-10-01T10:00:00-00:00","2019-10-01T11:00:00-00:00","ZP26","Solar","Renewable Forecast Actual Generation","RENEW_FCST_ACT_MW",3,3,-4.87603,"ACTUAL",5
"103","2019-10-01",5,0,"2019-10-01T11:00:00-00:00","2019-10-01T12:00:00-00:00","ZP26","Solar","Renewable Forecast Actual Generation","RENEW_FCST_ACT_MW",3,3,-4.86062,"ACTUAL",5
"104","2019-10-01",6,0,"2019-10-01T12:00:00-00:00","2019-10-01T13:00:00-00:00","ZP26","Solar","Renewable Forecast Actual Generation","RENEW_FCST_ACT_MW",3,3,-4.87689,"ACTUAL",5
"105","2019-10-01",7,0,"2019-10-01T13:00:00-00:00","2019-10-01T14:00:00-00:00","ZP26","Solar","Renewable Forecast Actual Generation","RENEW_FCST_ACT_MW",3,3,-4.52807,"ACTUAL",5
"106","2019-10-01",8,0,"2019-10-01T14:00:00-00:00","2019-10-01T15:00:00-00:00","ZP26","Solar","Renewable Forecast Actual Generation","RENEW_FCST_ACT_MW",3,3,193.81599,"ACTUAL",5
"107","2019-10-01",9,0,"2019-10-01T15:00:00-00:00","2019-10-01T16:00:00-00:00","ZP26","Solar","Renewable Forecast Actual Generation","RENEW_FCST_ACT_MW",3,3,849.61571,"ACTUAL",5
"108","2019-10-01",10,0,"2019-10-01T16:00:00-00:00","2019-10-01T17:00:00-00:00","ZP26","Solar","Renewable Forecast Actual Generation","RENEW_FCST_ACT_MW",3,3,1273.29193,"ACTUAL",5
"109","2019-10-01",11,0,"2019-10-01T17:00:00-00:00","2019-10-01T18:00:00-00:00","ZP26","Solar","Renewable Forecast Actual Generation","RENEW_FCST_ACT_MW",3,3,1505.98856,"ACTUAL",5
"110","2019-10-01",12,0,"2019-10-01T18:00:00-00:00","2019-10-01T19:00:00-00:00","ZP26","Solar","Renewable Forecast Actual Generation","RENEW_FCST_ACT_MW",3,3,1580.6297,"ACTUAL",5
"111","2019-10-01",13,0,"2019-10-01T19:00:00-00:00","2019-10-01T20:00:00-00:00","ZP26","Solar","Renewable Forecast Actual Generation","RENEW_FCST_ACT_MW",3,3,1568.64005,"ACTUAL",5
"112","2019-10-01",14,0,"2019-10-01T20:00:00-00:00","2019-10-01T21:00:00-00:00","ZP26","Solar","Renewable Forecast Actual Generation","RENEW_FCST_ACT_MW",3,3,1580.94064,"ACTUAL",5
"113","2019-10-01",15,0,"2019-10-01T21:00:00-00:00","2019-10-01T22:00:00-00:00","ZP26","Solar","Renewable Forecast Actual Generation","RENEW_FCST_ACT_MW",3,3,1598.23229,"ACTUAL",5
"114","2019-10-01",16,0,"2019-10-01T22:00:00-00:00","2019-10-01T23:00:00-00:00","ZP26","Solar","Renewable Forecast Actual Generation","RENEW_FCST_ACT_MW",3,3,1612.14899,"ACTUAL",5
"115","2019-10-01",19,0,"2019-10-02T01:00:00-00:00","2019-10-02T02:00:00-00:00","ZP26","Solar","Renewable Forecast Actual Generation","RENEW_FCST_ACT_MW",3,3,110.66097,"ACTUAL",5
"116","2019-10-02",1,0,"2019-10-02T07:00:00-00:00","2019-10-02T08:00:00-00:00","NP15","Solar","Renewable Forecast Actual Generation","RENEW_FCST_ACT_MW",3,3,-3.06913,"ACTUAL",6
"117","2019-10-02",1,0,"2019-10-02T07:00:00-00:00","2019-10-02T08:00:00-00:00","NP15","Wind","Renewable Forecast Actual Generation","RENEW_FCST_ACT_MW",3,1,124.94771,"ACTUAL",7
"118","2019-10-02",1,0,"2019-10-02T07:00:00-00:00","2019-10-02T08:00:00-00:00","SP15","Solar","Renewable Forecast Actual Generation","RENEW_FCST_ACT_MW",3,3,-9.0923,"ACTUAL",8
"119","2019-10-02",1,0,"2019-10-02T07:00:00-00:00","2019-10-02T08:00:00-00:00","SP15","Wind","Renewable Forecast Actual Generation","RENEW_FCST_ACT_MW",3,1,891.24451,"ACTUAL",9
"120","2019-10-02",1,0,"2019-10-02T07:00:00-00:00","2019-10-02T08:00:00-00:00","ZP26","Solar","Renewable Forecast Actual Generation","RENEW_FCST_ACT_MW",3,3,-5.1057,"ACTUAL",10
