"","OPR_DT","OPR_HR","OPR_INTERVAL","INTERVALSTARTTIME_GMT","INTERVALENDTIME_GMT","TRADING_HUB","RENEWABLE_TYPE","LABEL","XML_DATA_ITEM","MARKET_RUN_ID_POS","RENEW_POS","MW","MARKET_RUN_ID","GROUP"
"1","2019-02-09",1,0,"2019-02-09T08:00:00-00:00","2019-02-09T09:00:00-00:00","NP15","Solar","Renewable Forecast Actual Generation","RENEW_FCST_ACT_MW",3,3,-3.51718,"ACTUAL",1
"2","2019-02-09",2,0,"2019-02-09T09:00:00-00:00","2019-02-09T10:00:00-00:00","NP15","Solar","Renewable Forecast Actual Generation","RENEW_FCST_ACT_MW",3,3,-3.54112,"ACTUAL",1
"3","2019-02-09",3,0,"2019-02-09T10:00:00-00:00","2019-02-09T11:00:00-00:00","NP15","Solar","Renewable Forecast Actual Generation","RENEW_FCST_ACT_MW",3,3,-3.51767,"ACTUAL",1
"4","2019-02-09",4,0,"2019-02-09T11:00:00-00:00","2019-02-09T12:00:00-00:00","NP15","Solar","Renewable Forecast Actual Generation","RENEW_FCST_ACT_MW",3,3,-3.55222,"ACTUAL",1
"5","2019-02-09",5,0,"2019-02-09T12:00:00-00:00","2019-02-09T13:00:00-00:00","NP15","Solar","Renewable Forecast Actual Generation","RENEW_FCST_ACT_MW",3,3,-3.56922,"ACTUAL",1
"6","2019-02-09",6,0,"2019-02-09T13:00:00-00:00","2019-02-09T14:00:00-00:00","NP15","Solar","Renewable Forecast Actual Generation","RENEW_FCST_ACT_MW",3,3,-3.54796,"ACTUAL",1
"7","2019-02-09",7,0,"2019-02-09T14:00:00-00:00","2019-02-09T15:00:00-00:00","NP15","Solar","Renewable Forecast Actual Generation","RENEW_FCST_ACT_MW",3,3,-3.65087,"ACTUAL",1
"8","2019-02-09",8,0,"2019-02-09T15:00:00-00:00","2019-02-09T16:00:00-00:00","NP15","Solar","Renewable Forecast Actual Generation","RENEW_FCST_ACT_MW",3,3,104.32832,"ACTUAL",1
"9","2019-02-09",9,0,"2019-02-09T16:00:00-00:00","2019-02-09T17:00:00-00:00","NP15","Solar","Renewable Forecast Actual Generation","RENEW_FCST_ACT_MW",3,3,844.11477,"ACTUAL",1
"10","2019-02-09",10,0,"2019-02-09T17:00:00-00:00","2019-02-09T18:00:00-00:00","NP15","Solar","Renewable Forecast Actual Generation","RENEW_FCST_ACT_MW",3,3,1095.41749,"ACTUAL",1
"11","2019-02-09",11,0,"2019-02-09T18:00:00-00:00","2019-02-09T19:00:00-00:00","NP15","Solar","Renewable Forecast Actual Generation","RENEW_FCST_ACT_MW",3,3,1074.90318,"ACTUAL",1
"12","2019-02-09",12,0,"2019-02-09T19:00:00-00:00","2019-02-09T20:00:00-00:00","NP15","Solar","Renewable Forecast Actual Generation","RENEW_FCST_ACT_MW",3,3,987.22471,"ACTUAL",1
"13","2019-02-09",13,0,"2019-02-09T20:00:00-00:00","2019-02-09T21:00:00-00:00","NP15","Solar","Renewable Forecast Actual Generation","RENEW_FCST_ACT_MW",3,3,941.57185,"ACTUAL",1
"14","2019-02-09",14,0,"2019-02-09T21:00:00-00:00","2019-02-09T22:00:00-00:00","NP15","Solar","Renewable Forecast Actual Generation","RENEW_FCST_ACT_MW",3,3,1004.21948,"ACTUAL",1
"15","2019-02-09",15,0,"2019-02-09T22:00:00-00:00","2019-02-09T23:00:00-00:00","NP15","Solar","Renewable Forecast Actual Generation","RENEW_FCST_ACT_MW",3,3,884.11325,"ACTUAL",1
"16","2019-02-09",16,0,"2019-02-09T23:00:00-00:00","2019-02-10T00:00:00-00:00","NP15","Solar","Renewable Forecast Actual Generation","RENEW_FCST_ACT_MW",3,3,658.95175,"ACTUAL",1
"17","2019-02-09",17,0,"2019-02-10T00:00:00-00:00","2019-02-10T01:00:00-00:00","NP15","Solar","Renewable Forecast Actual Generation","RENEW_FCST_ACT_MW",3,3,207.78725,"ACTUAL",1
"18","2019-02-09",18,0,"2019-02-10T01:00:00-00:00","2019-02-10T02:00:00-00:00","NP15","Solar","Renewable Forecast Actual Generation","RENEW_FCST_ACT_MW",3,3,12.06594,"ACTUAL",1
"19","2019-02-09",19,0,"2019-02-10T02:00:00-00:00","2019-02-10T03:00:00-00:00","NP15","Solar","Renewable Forecast Actual Generation","RENEW_FCST_ACT_MW",3,3,-3.57452,"ACTUAL",1
"20","2019-02-09",20,0,"2019-02-10T03:00:00-00:00","2019-02-10T04:00:00-00:00","NP15","Solar","Renewable Forecast Actual Generation","RENEW_FCST_ACT_MW",3,3,-3.48504,"ACTUAL",1
"21","2019-02-09",21,0,"2019-02-10T04:00:00-00:00","2019-02-10T05:00:00-00:00","NP15","Solar","Renewable Forecast Actual Generation","RENEW_FCST_ACT_MW",3,3,-3.50366,"ACTUAL",1
"22","2019-02-09",22,0,"2019-02-10T05:00:00-00:00","2019-02-10T06:00:00-00:00","NP15","Solar","Renewable Forecast Actual Generation","RENEW_FCST_ACT_MW",3,3,-3.49651,"ACTUAL",1
"23","2019-02-09",23,0,"2019-02-10T06:00:00-00:00","2019-02-10T07:00:00-00:00","NP15","Solar","Renewable Forecast Actual Generation","RENEW_FCST_ACT_MW",3,3,-3.48109,"ACTUAL",1
"24","2019-02-09",24,0,"2019-02-10T07:00:00-00:00","2019-02-10T08:00:00-00:00","NP15","Solar","Renewable Forecast Actual Generation","RENEW_FCST_ACT_MW",3,3,-3.48429,"ACTUAL",1
"25","2019-02-09",1,0,"2019-02-09T08:00:00-00:00","2019-02-09T09:00:00-00:00","NP15","Wind","Renewable Forecast Actual Generation","RENEW_FCST_ACT_MW",3,1,93.93011,"ACTUAL",2
"26","2019-02-09",24,0,"2019-02-10T07:00:00-00:00","2019-02-10T08:00:00-00:00","NP15","Wind","Renewable Forecast Actual Generation","RENEW_FCST_ACT_MW",3,1,400.25956,"ACTUAL",2
"27","2019-02-09",3,0,"2019-02-09T10:00:00-00:00","2019-02-09T11:00:00-00:00","NP15","Wind","Renewable Forecast Actual Generation","RENEW_FCST_ACT_MW",3,1,18.4699,"ACTUAL",2
"28","2019-02-09",4,0,"2019-02-09T11:00:00-00:00","2019-02-09T12:00:00-00:00","NP15","Wind","Renewable Forecast Actual Generation","RENEW_FCST_ACT_MW",3,1,17.46959,"ACTUAL",2
"29","2019-02-09",5,0,"2019-02-09T12:00:00-00:00","2019-02-09T13:00:00-00:00","NP15","Wind","Renewable Forecast Actual Generation","RENEW_FCST_ACT_MW",3,1,28.12558,"ACTUAL",2
"30","2019-02-09",6,0,"2019-02-09T13:00:00-00:00","2019-02-09T14:00:00-00:00","NP15","Wind","Renewable Forecast Actual Generation","RENEW_FCST_ACT_MW",3,1,46.72357,"ACTUAL",2
"31","2019-02-09",7,0,"2019-02-09T14:00:00-00:00","2019-02-09T15:00:00-00:00","NP15","Wind","Renewable Forecast Actual Generation","RENEW_FCST_ACT_MW",3,1,72.65701,"ACTUAL",2
"32","2019-02-09",8,0,"2019-02-09T15:00:00-00:00","2019-02-09T16:00:00-00:00","NP15","Wind","Renewable Forecast Actual Generation","RENEW_FCST_ACT_MW",3,1,68.04399,"ACTUAL",2
"33","2019-02-09",9,0,"2019-02-09T16:00:00-00:00","2019-02-09T17:00:00-00:00","NP15","Wind","Renewable Forecast Actual Generation","RENEW_FCST_ACT_MW",3,1,30.19452,"ACTUAL",2
"34","2019-02-09",10,0,"2019-02-09T17:00:00-00:00","2019-02-09T18:00:00-00:00","NP15","Wind","Renewable Forecast Actual Generation","RENEW_FCST_ACT_MW",3,1,94.86166,"ACTUAL",2
"35","2019-02-09",11,0,"2019-02-09T18:00:00-00:00","2019-02-09T19:00:00-00:00","NP15","Wind","Renewable Forecast Actual Generation","RENEW_FCST_ACT_MW",3,1,145.28634,"ACTUAL",2
"36","2019-02-09",12,0,"2019-02-09T19:00:00-00:00","2019-02-09T20:00:00-00:00","NP15","Wind","Renewable Forecast Actual Generation","RENEW_FCST_ACT_MW",3,1,257.28522,"ACTUAL",2
"37","2019-02-09",13,0,"2019-02-09T20:00:00-00:00","2019-02-09T21:00:00-00:00","NP15","Wind","Renewable Forecast Actual Generation","RENEW_FCST_ACT_MW",3,1,585.30256,"ACTUAL",2
"38","2019-02-09",14,0,"2019-02-09T21:00:00-00:00","2019-02-09T22:00:00-00:00","NP15","Wind","Renewable Forecast Actual Generation","RENEW_FCST_ACT_MW",3,1,701.17412,"ACTUAL",2
"39","2019-02-09",15,0,"2019-02-09T22:00:00-00:00","2019-02-09T23:00:00-00:00","NP15","Wind","Renewable Forecast Actual Generation","RENEW_FCST_ACT_MW",3,1,764.60453,"ACTUAL",2
"40","2019-02-09",16,0,"2019-02-09T23:00:00-00:00","2019-02-10T00:00:00-00:00","NP15","Wind","Renewable Forecast Actual Generation","RENEW_FCST_ACT_MW",3,1,784.21114,"ACTUAL",2
"41","2019-02-09",17,0,"2019-02-10T00:00:00-00:00","2019-02-10T01:00:00-00:00","NP15","Wind","Renewable Forecast Actual Generation","RENEW_FCST_ACT_MW",3,1,863.05683,"ACTUAL",2
"42","2019-02-09",18,0,"2019-02-10T01:00:00-00:00","2019-02-10T02:00:00-00:00","NP15","Wind","Renewable Forecast Actual Generation","RENEW_FCST_ACT_MW",3,1,1105.98835,"ACTUAL",2
"43","2019-02-09",19,0,"2019-02-10T02:00:00-00:00","2019-02-10T03:00:00-00:00","NP15","Wind","Renewable Forecast Actual Generation","RENEW_FCST_ACT_MW",3,1,965.41165,"ACTUAL",2
"44","2019-02-09",20,0,"2019-02-10T03:00:00-00:00","2019-02-10T04:00:00-00:00","NP15","Wind","Renewable Forecast Actual Generation","RENEW_FCST_ACT_MW",3,1,1007.06995,"ACTUAL",2
"45","2019-02-09",21,0,"2019-02-10T04:00:00-00:00","2019-02-10T05:00:00-00:00","NP15","Wind","Renewable Forecast Actual Generation","RENEW_FCST_ACT_MW",3,1,960.60172,"ACTUAL",2
"46","2019-02-09",22,0,"2019-02-10T05:00:00-00:00","2019-02-10T06:00:00-00:00","NP15","Wind","Renewable Forecast Actual Generation","RENEW_FCST_ACT_MW",3,1,607.58969,"ACTUAL",2
"47","2019-02-09",23,0,"2019-02-10T06:00:00-00:00","2019-02-10T07:00:00-00:00","NP15","Wind","Renewable Forecast Actual Generation","RENEW_FCST_ACT_MW",3,1,620.50342,"ACTUAL",2
"48","2019-02-09",2,0,"2019-02-09T09:00:00-00:00","2019-02-09T10:00:00-00:00","NP15","Wind","Renewable Forecast Actual Generation","RENEW_FCST_ACT_MW",3,1,48.42116,"ACTUAL",2
"49","2019-02-09",24,0,"2019-02-10T07:00:00-00:00","2019-02-10T08:00:00-00:00","SP15","Solar","Renewable Forecast Actual Generation","RENEW_FCST_ACT_MW",3,3,-22.10082,"ACTUAL",3
"50","2019-02-09",2,0,"2019-02-09T09:00:00-00:00","2019-02-09T10:00:00-00:00","SP15","Solar","Renewable Forecast Actual Generation","RENEW_FCST_ACT_MW",3,3,4.24901,"ACTUAL",3
"51","2019-02-09",23,0,"2019-02-10T06:00:00-00:00","2019-02-10T07:00:00-00:00","SP15","Solar","Renewable Forecast Actual Generation","RENEW_FCST_ACT_MW",3,3,-22.42057,"ACTUAL",3
"52","2019-02-09",6,0,"2019-02-09T13:00:00-00:00","2019-02-09T14:00:00-00:00","SP15","Solar","Renewable Forecast Actual Generation","RENEW_FCST_ACT_MW",3,3,-15.78277,"ACTUAL",3
"53","2019-02-09",22,0,"2019-02-10T05:00:00-00:00","2019-02-10T06:00:00-00:00","SP15","Solar","Renewable Forecast Actual Generation","RENEW_FCST_ACT_MW",3,3,-22.35406,"ACTUAL",3
"54","2019-02-09",11,0,"2019-02-09T18:00:00-00:00","2019-02-09T19:00:00-00:00","SP15","Solar","Renewable Forecast Actual Generation","RENEW_FCST_ACT_MW",3,3,3761.74715,"ACTUAL",3
"55","2019-02-09",21,0,"2019-02-10T04:00:00-00:00","2019-02-10T05:00:00-00:00","SP15","Solar","Renewable Forecast Actual Generation","RENEW_FCST_ACT_MW",3,3,-22.37903,"ACTUAL",3
"56","2019-02-09",3,0,"2019-02-09T10:00:00-00:00","2019-02-09T11:00:00-00:00","SP15","Solar","Renewable Forecast Actual Generation","RENEW_FCST_ACT_MW",3,3,0.08239,"ACTUAL",3
"57","2019-02-09",20,0,"2019-02-10T03:00:00-00:00","2019-02-10T04:00:00-00:00","SP15","Solar","Renewable Forecast Actual Generation","RENEW_FCST_ACT_MW",3,3,-22.20771,"ACTUAL",3
"58","2019-02-09",10,0,"2019-02-09T17:00:00-00:00","2019-02-09T18:00:00-00:00","SP15","Solar","Renewable Forecast Actual Generation","RENEW_FCST_ACT_MW",3,3,2953.25412,"ACTUAL",3
"59","2019-02-09",19,0,"2019-02-10T02:00:00-00:00","2019-02-10T03:00:00-00:00","SP15","Solar","Renewable Forecast Actual Generation","RENEW_FCST_ACT_MW",3,3,-22.35423,"ACTUAL",3
"60","2019-02-09",5,0,"2019-02-09T12:00:00-00:00","2019-02-09T13:00:00-00:00","SP15","Solar","Renewable Forecast Actual Generation","RENEW_FCST_ACT_MW",3,3,-15.78586,"ACTUAL",3
"61","2019-02-09",18,0,"2019-02-10T01:00:00-00:00","2019-02-10T02:00:00-00:00","SP15","Solar","Renewable Forecast Actual Generation","RENEW_FCST_ACT_MW",3,3,63.23704,"ACTUAL",3
"62","2019-02-09",9,0,"2019-02-09T16:00:00-00:00","2019-02-09T17:00:00-00:00","SP15","Solar","Renewable Forecast Actual Generation","RENEW_FCST_ACT_MW",3,3,2259.89489,"ACTUAL",3
"63","2019-02-09",17,0,"2019-02-10T00:00:00-00:00","2019-02-10T01:00:00-00:00","SP15","Solar","Renewable Forecast Actual Generation","RENEW_FCST_ACT_MW",3,3,1280.35321,"ACTUAL",3
"64","2019-02-09",1,0,"2019-02-09T08:00:00-00:00","2019-02-09T09:00:00-00:00","SP15","Solar","Renewable Forecast Actual Generation","RENEW_FCST_ACT_MW",3,3,4.18288,"ACTUAL",3
"65","2019-02-09",16,0,"2019-02-09T23:00:00-00:00","2019-02-10T00:00:00-00:00","SP15","Solar","Renewable Forecast Actual Generation","RENEW_FCST_ACT_MW",3,3,2981.43528,"ACTUAL",3
"66","2019-02-09",8,0,"2019-02-09T15:00:00-00:00","2019-02-09T16:00:00-00:00","SP15","Solar","Renewable Forecast Actual Generation","RENEW_FCST_ACT_MW",3,3,542.71162,"ACTUAL",3
"67","2019-02-09",15,0,"2019-02-09T22:00:00-00:00","2019-02-09T23:00:00-00:00","SP15","Solar","Renewable Forecast Actual Generation","RENEW_FCST_ACT_MW",3,3,3783.49087,"ACTUAL",3
"68","2019-02-09",4,0,"2019-02-09T11:00:00-00:00","2019-02-09T12:00:00-00:00","SP15","Solar","Renewable Forecast Actual Generation","RENEW_FCST_ACT_MW",3,3,-13.2785,"ACTUAL",3
"69","2019-02-09",14,0,"2019-02-09T21:00:00-00:00","2019-02-09T22:00:00-00:00","SP15","Solar","Renewable Forecast Actual Generation","RENEW_FCST_ACT_MW",3,3,4221.36053,"ACTUAL",3
"70","2019-02-09",7,0,"2019-02-09T14:00:00-00:00","2019-02-09T15:00:00-00:00","SP15","Solar","Renewable Forecast Actual Generation","RENEW_FCST_ACT_MW",3,3,-3.51269,"ACTUAL",3
"71","2019-02-09",13,0,"2019-02-09T20:00:00-00:00","2019-02-09T21:00:00-00:00","SP15","Solar","Renewable Forecast Actual Generation","RENEW_FCST_ACT_MW",3,3,3990.7702,"ACTUAL",3
"72","2019-02-09",12,0,"2019-02-09T19:00:00-00:00","2019-02-09T20:00:00-00:00","SP15","Solar","Renewable Forecast Actual Generation","RENEW_FCST_ACT_MW",3,3,3958.4776,"ACTUAL",3
"73","2019-02-09",23,0,"2019-02-10T06:00:00-00:00","2019-02-10T07:00:00-00:00","SP15","Wind","Renewable Forecast Actual Generation","RENEW_FCST_ACT_MW",3,1,870.82836,"ACTUAL",4
"74","2019-02-09",22,0,"2019-02-10T05:00:00-00:00","2019-02-10T06:00:00-00:00","SP15","Wind","Renewable Forecast Actual Generation","RENEW_FCST_ACT_MW",3,1,861.36175,"ACTUAL",4
"75","2019-02-09",21,0,"2019-02-10T04:00:00-00:00","2019-02-10T05:00:00-00:00","SP15","Wind","Renewable Forecast Actual Generation","RENEW_FCST_ACT_MW",3,1,720.0856,"ACTUAL",4
"76","2019-02-09",20,0,"2019-02-10T03:00:00-00:00","2019-02-10T04:00:00-00:00","SP15","Wind","Renewable Forecast Actual Generation","RENEW_FCST_ACT_MW",3,1,603.85375,"ACTUAL",4
"77","2019-02-09",19,0,"2019-02-10T02:00:00-00:00","2019-02-10T03:00:00-00:00","SP15","Wind","Renewable Forecast Actual Generation","RENEW_FCST_ACT_MW",3,1,661.27015,"ACTUAL",4
"78","2019-02-09",18,0,"2019-02-10T01:00:00-00:00","2019-02-10T02:00:00-00:00","SP15","Wind","Renewable Forecast Actual Generation","RENEW_FCST_ACT_MW",3,1,832.76022,"ACTUAL",4
"79","2019-02-09",17,0,"2019-02-10T00:00:00-00:00","2019-02-10T01:00:00-00:00","SP15","Wind","Renewable Forecast Actual Generation","RENEW_FCST_ACT_MW",3,1,1253.07953,"ACTUAL",4
"80","2019-02-09",16,0,"2019-02-09T23:00:00-00:00","2019-02-10T00:00:00-00:00","SP15","Wind","Renewable Forecast Actual Generation","RENEW_FCST_ACT_MW",3,1,1526.42854,"ACTUAL",4
"81","2019-02-09",15,0,"2019-02-09T22:00:00-00:00","2019-02-09T23:00:00-00:00","SP15","Wind","Renewable Forecast Actual Generation","RENEW_FCST_ACT_MW",3,1,1798.30003,"ACTUAL",4
"82","2019-02-09",14,0,"2019-02-09T21:00:00-00:00","2019-02-09T22:00:00-00:00","SP15","Wind","Renewable Forecast Actual Generation","RENEW_FCST_ACT_MW",3,1,1784.13431,"ACTUAL",4
"83","2019-02-09",13,0,"2019-02-09T20:00:00-00:00","2019-02-09T21:00:00-00:00","SP15","Wind","Renewable Forecast Actual Generation","RENEW_FCST_ACT_MW",3,1,1736.92584,"ACTUAL",4
"84","2019-02-09",12,0,"2019-02-09T19:00:00-00:00","2019-02-09T20:00:00-00:00","SP15","Wind","Renewable Forecast Actual Generation","RENEW_FCST_ACT_MW",3,1,1822.14783,"ACTUAL",4
"85","2019-02-09",11,0,"2019-02-09T18:00:00-00:00","2019-02-09T19:00:00-00:00","SP15","Wind","Renewable Forecast Actual Generation","RENEW_FCST_ACT_MW",3,1,1502.58685,"ACTUAL",4
"86","2019-02-09",10,0,"2019-02-09T17:00:00-00:00","2019-02-09T18:00:00-00:00","SP15","Wind","Renewable Forecast Actual Generation","RENEW_FCST_ACT_MW",3,1,1639.81197,"ACTUAL",4
"87","2019-02-09",9,0,"2019-02-09T16:00:00-00:00","2019-02-09T17:00:00-00:00","SP15","Wind","Renewable Forecast Actual Generation","RENEW_FCST_ACT_MW",3,1,1556.42319,"ACTUAL",4
"88","2019-02-09",8,0,"2019-02-09T15:00:00-00:00","2019-02-09T16:00:00-00:00","SP15","Wind","Renewable Forecast Actual Generation","RENEW_FCST_ACT_MW",3,1,1262.28153,"ACTUAL",4
"89","2019-02-09",7,0,"2019-02-09T14:00:00-00:00","2019-02-09T15:00:00-00:00","SP15","Wind","Renewable Forecast Actual Generation","RENEW_FCST_ACT_MW",3,1,1055.59782,"ACTUAL",4
"90","2019-02-09",6,0,"2019-02-09T13:00:00-00:00","2019-02-09T14:00:00-00:00","SP15","Wind","Renewable Forecast Actual Generation","RENEW_FCST_ACT_MW",3,1,1026.5057,"ACTUAL",4
"91","2019-02-09",5,0,"2019-02-09T12:00:00-00:00","2019-02-09T13:00:00-00:00","SP15","Wind","Renewable Forecast Actual Generation","RENEW_FCST_ACT_MW",3,1,903.86746,"ACTUAL",4
"92","2019-02-09",4,0,"2019-02-09T11:00:00-00:00","2019-02-09T12:00:00-00:00","SP15","Wind","Renewable Forecast Actual Generation","RENEW_FCST_ACT_MW",3,1,706.51881,"ACTUAL",4
"93","2019-02-09",3,0,"2019-02-09T10:00:00-00:00","2019-02-09T11:00:00-00:00","SP15","Wind","Renewable Forecast Actual Generation","RENEW_FCST_ACT_MW",3,1,637.92093,"ACTUAL",4
"94","2019-02-09",2,0,"2019-02-09T09:00:00-00:00","2019-02-09T10:00:00-00:00","SP15","Wind","Renewable Forecast Actual Generation","RENEW_FCST_ACT_MW",3,1,663.12458,"ACTUAL",4
"95","2019-02-09",24,0,"2019-02-10T07:00:00-00:00","2019-02-10T08:00:00-00:00","SP15","Wind","Renewable Forecast Actual Generation","RENEW_FCST_ACT_MW",3,1,992.21854,"ACTUAL",4
"96","2019-02-09",1,0,"2019-02-09T08:00:00-00:00","2019-02-09T09:00:00-00:00","SP15","Wind","Renewable Forecast Actual Generation","RENEW_FCST_ACT_MW",3,1,534.17229,"ACTUAL",4
"97","2019-02-09",1,0,"2019-02-09T08:00:00-00:00","2019-02-09T09:00:00-00:00","ZP26","Solar","Renewable Forecast Actual Generation","RENEW_FCST_ACT_MW",3,3,-4.56395,"ACTUAL",5
"98","2019-02-09",24,0,"2019-02-10T07:00:00-00:00","2019-02-10T08:00:00-00:00","ZP26","Solar","Renewable Forecast Actual Generation","RENEW_FCST_ACT_MW",3,3,-4.41722,"ACTUAL",5
"99","2019-02-09",3,0,"2019-02-09T10:00:00-00:00","2019-02-09T11:00:00-00:00","ZP26","Solar","Renewable Forecast Actual Generation","RENEW_FCST_ACT_MW",3,3,-4.66807,"ACTUAL",5
"100","2019-02-09",4,0,"2019-02-09T11:00:00-00:00","2019-02-09T12:00:00-00:00","ZP26","Solar","Renewable Forecast Actual Generation","RENEW_FCST_ACT_MW",3,3,-5.05407,"ACTUAL",5
"101","2019-02-09",5,0,"2019-02-09T12:00:00-00:00","2019-02-09T13:00:00-00:00","ZP26","Solar","Renewable Forecast Actual Generation","RENEW_FCST_ACT_MW",3,3,-4.97799,"ACTUAL",5
"102","2019-02-09",6,0,"2019-02-09T13:00:00-00:00","2019-02-09T14:00:00-00:00","ZP26","Solar","Renewable Forecast Actual Generation","RENEW_FCST_ACT_MW",3,3,-4.94939,"ACTUAL",5
"103","2019-02-09",7,0,"2019-02-09T14:00:00-00:00","2019-02-09T15:00:00-00:00","ZP26","Solar","Renewable Forecast Actual Generation","RENEW_FCST_ACT_MW",3,3,-4.94943,"ACTUAL",5
"104","2019-02-09",8,0,"2019-02-09T15:00:00-00:00","2019-02-09T16:00:00-00:00","ZP26","Solar","Renewable Forecast Actual Generation","RENEW_FCST_ACT_MW",3,3,64.78763,"ACTUAL",5
"105","2019-02-09",9,0,"2019-02-09T16:00:00-00:00","2019-02-09T17:00:00-00:00","ZP26","Solar","Renewable Forecast Actual Generation","RENEW_FCST_ACT_MW",3,3,502.06412,"ACTUAL",5
"106","2019-02-09",10,0,"2019-02-09T17:00:00-00:00","2019-02-09T18:00:00-00:00","ZP26","Solar","Renewable Forecast Actual Generation","RENEW_FCST_ACT_MW",3,3,745.42841,"ACTUAL",5
"107","2019-02-09",11,0,"2019-02-09T18:00:00-00:00","2019-02-09T19:00:00-00:00","ZP26","Solar","Renewable Forecast Actual Generation","RENEW_FCST_ACT_MW",3,3,1008.85844,"ACTUAL",5
"108","2019-02-09",12,0,"2019-02-09T19:00:00-00:00","2019-02-09T20:00:00-00:00","ZP26","Solar","Renewable Forecast Actual Generation","RENEW_FCST_ACT_MW",3,3,1040.2361,"ACTUAL",5
"109","2019-02-09",13,0,"2019-02-09T20:00:00-00:00","2019-02-09T21:00:00-00:00","ZP26","Solar","Renewable Forecast Actual Generation","RENEW_FCST_ACT_MW",3,3,1021.32333,"ACTUAL",5
"110","2019-02-09",14,0,"2019-02-09T21:00:00-00:00","2019-02-09T22:00:00-00:00","ZP26","Solar","Renewable Forecast Actual Generation","RENEW_FCST_ACT_MW",3,3,912.2567,"ACTUAL",5
"111","2019-02-09",15,0,"2019-02-09T22:00:00-00:00","2019-02-09T23:00:00-00:00","ZP26","Solar","Renewable Forecast Actual Generation","RENEW_FCST_ACT_MW",3,3,912.50335,"ACTUAL",5
"112","2019-02-09",16,0,"2019-02-09T23:00:00-00:00","2019-02-10T00:00:00-00:00","ZP26","Solar","Renewable Forecast Actual Generation","RENEW_FCST_ACT_MW",3,3,953.66221,"ACTUAL",5
"113","2019-02-09",17,0,"2019-02-10T00:00:00-00:00","2019-02-10T01:00:00-00:00","ZP26","Solar","Renewable Forecast Actual Generation","RENEW_FCST_ACT_MW",3,3,469.86512,"ACTUAL",5
"114","2019-02-09",18,0,"2019-02-10T01:00:00-00:00","2019-02-10T02:00:00-00:00","ZP26","Solar","Renewable Forecast Actual Generation","RENEW_FCST_ACT_MW",3,3,23.18761,"ACTUAL",5
"115","2019-02-09",19,0,"2019-02-10T02:00:00-00:00","2019-02-10T03:00:00-00:00","ZP26","Solar","Renewable Forecast Actual Generation","RENEW_FCST_ACT_MW",3,3,-4.45925,"ACTUAL",5
"116","2019-02-09",20,0,"2019-02-10T03:00:00-00:00","2019-02-10T04:00:00-00:00","ZP26","Solar","Renewable Forecast Actual Generation","RENEW_FCST_ACT_MW",3,3,-4.40763,"ACTUAL",5
"117","2019-02-09",21,0,"2019-02-10T04:00:00-00:00","2019-02-10T05:00:00-00:00","ZP26","Solar","Renewable Forecast Actual Generation","RENEW_FCST_ACT_MW",3,3,-4.41061,"ACTUAL",5
"118","2019-02-09",22,0,"2019-02-10T05:00:00-00:00","2019-02-10T06:00:00-00:00","ZP26","Solar","Renewable Forecast Actual Generation","RENEW_FCST_ACT_MW",3,3,-4.39701,"ACTUAL",5
"119","2019-02-09",23,0,"2019-02-10T06:00:00-00:00","2019-02-10T07:00:00-00:00","ZP26","Solar","Renewable Forecast Actual Generation","RENEW_FCST_ACT_MW",3,3,-4.39633,"ACTUAL",5
"120","2019-02-09",2,0,"2019-02-09T09:00:00-00:00","2019-02-09T10:00:00-00:00","ZP26","Solar","Renewable Forecast Actual Generation","RENEW_FCST_ACT_MW",3,3,-4.5839,"ACTUAL",5
