"","OPR_DT","OPR_HR","OPR_INTERVAL","INTERVALSTARTTIME_GMT","INTERVALENDTIME_GMT","TRADING_HUB","RENEWABLE_TYPE","LABEL","XML_DATA_ITEM","MARKET_RUN_ID_POS","RENEW_POS","MW","MARKET_RUN_ID","GROUP"
"1","2019-12-28",1,0,"2019-12-28T08:00:00-00:00","2019-12-28T09:00:00-00:00","NP15","Solar","Renewable Forecast Actual Generation","RENEW_FCST_ACT_MW",3,3,-3.49503,"ACTUAL",1
"2","2019-12-28",2,0,"2019-12-28T09:00:00-00:00","2019-12-28T10:00:00-00:00","NP15","Solar","Renewable Forecast Actual Generation","RENEW_FCST_ACT_MW",3,3,-3.52165,"ACTUAL",1
"3","2019-12-28",3,0,"2019-12-28T10:00:00-00:00","2019-12-28T11:00:00-00:00","NP15","Solar","Renewable Forecast Actual Generation","RENEW_FCST_ACT_MW",3,3,-3.5441,"ACTUAL",1
"4","2019-12-28",4,0,"2019-12-28T11:00:00-00:00","2019-12-28T12:00:00-00:00","NP15","Solar","Renewable Forecast Actual Generation","RENEW_FCST_ACT_MW",3,3,-3.57269,"ACTUAL",1
"5","2019-12-28",5,0,"2019-12-28T12:00:00-00:00","2019-12-28T13:00:00-00:00","NP15","Solar","Renewable Forecast Actual Generation","RENEW_FCST_ACT_MW",3,3,-3.53892,"ACTUAL",1
"6","2019-12-28",6,0,"2019-12-28T13:00:00-00:00","2019-12-28T14:00:00-00:00","NP15","Solar","Renewable Forecast Actual Generation","RENEW_FCST_ACT_MW",3,3,-3.53669,"ACTUAL",1
"7","2019-12-28",7,0,"2019-12-28T14:00:00-00:00","2019-12-28T15:00:00-00:00","NP15","Solar","Renewable Forecast Actual Generation","RENEW_FCST_ACT_MW",3,3,-3.7219,"ACTUAL",1
"8","2019-12-28",8,0,"2019-12-28T15:00:00-00:00","2019-12-28T16:00:00-00:00","NP15","Solar","Renewable Forecast Actual Generation","RENEW_FCST_ACT_MW",3,3,73.00013,"ACTUAL",1
"9","2019-12-28",9,0,"2019-12-28T16:00:00-00:00","2019-12-28T17:00:00-00:00","NP15","Solar","Renewable Forecast Actual Generation","RENEW_FCST_ACT_MW",3,3,627.66633,"ACTUAL",1
"10","2019-12-28",10,0,"2019-12-28T17:00:00-00:00","2019-12-28T18:00:00-00:00","NP15","Solar","Renewable Forecast Actual Generation","RENEW_FCST_ACT_MW",3,3,853.80817,"ACTUAL",1
"11","2019-12-28",11,0,"2019-12-28T18:00:00-00:00","2019-12-28T19:00:00-00:00","NP15","Solar","Renewable Forecast Actual Generation","RENEW_FCST_ACT_MW",3,3,912.62056,"ACTUAL",1
"12","2019-12-28",12,0,"2019-12-28T19:00:00-00:00","2019-12-28T20:00:00-00:00","NP15","Solar","Renewable Forecast Actual Generation","RENEW_FCST_ACT_MW",3,3,894.14037,"ACTUAL",1
"13","2019-12-28",13,0,"2019-12-28T20:00:00-00:00","2019-12-28T21:00:00-00:00","NP15","Solar","Renewable Forecast Actual Generation","RENEW_FCST_ACT_MW",3,3,902.98996,"ACTUAL",1
"14","2019-12-28",14,0,"2019-12-28T21:00:00-00:00","2019-12-28T22:00:00-00:00","NP15","Solar","Renewable Forecast Actual Generation","RENEW_FCST_ACT_MW",3,3,950.12153,"ACTUAL",1
"15","2019-12-28",15,0,"2019-12-28T22:00:00-00:00","2019-12-28T23:00:00-00:00","NP15","Solar","Renewable Forecast Actual Generation","RENEW_FCST_ACT_MW",3,3,956.86195,"ACTUAL",1
"16","2019-12-28",16,0,"2019-12-28T23:00:00-00:00","2019-12-29T00:00:00-00:00","NP15","Solar","Renewable Forecast Actual Generation","RENEW_FCST_ACT_MW",3,3,654.68831,"ACTUAL",1
"17","2019-12-28",17,0,"2019-12-29T00:00:00-00:00","2019-12-29T01:00:00-00:00","NP15","Solar","Renewable Forecast Actual Generation","RENEW_FCST_ACT_MW",3,3,80.5398,"ACTUAL",1
"18","2019-12-28",18,0,"2019-12-29T01:00:00-00:00","2019-12-29T02:00:00-00:00","NP15","Solar","Renewable Forecast Actual Generation","RENEW_FCST_ACT_MW",3,3,-3.62503,"ACTUAL",1
"19","2019-12-28",19,0,"2019-12-29T02:00:00-00:00","2019-12-29T03:00:00-00:00","NP15","Solar","Renewable Forecast Actual Generation","RENEW_FCST_ACT_MW",3,3,-3.44496,"ACTUAL",1
"20","2019-12-28",20,0,"2019-12-29T03:00:00-00:00","2019-12-29T04:00:00-00:00","NP15","Solar","Renewable Forecast Actual Generation","RENEW_FCST_ACT_MW",3,3,-3.45042,"ACTUAL",1
"21","2019-12-28",21,0,"2019-12-29T04:00:00-00:00","2019-12-29T05:00:00-00:00","NP15","Solar","Renewable Forecast Actual Generation","RENEW_FCST_ACT_MW",3,3,-3.47098,"ACTUAL",1
"22","2019-12-28",22,0,"2019-12-29T05:00:00-00:00","2019-12-29T06:00:00-00:00","NP15","Solar","Renewable Forecast Actual Generation","RENEW_FCST_ACT_MW",3,3,-3.48361,"ACTUAL",1
"23","2019-12-28",23,0,"2019-12-29T06:00:00-00:00","2019-12-29T07:00:00-00:00","NP15","Solar","Renewable Forecast Actual Generation","RENEW_FCST_ACT_MW",3,3,-3.47516,"ACTUAL",1
"24","2019-12-28",24,0,"2019-12-29T07:00:00-00:00","2019-12-29T08:00:00-00:00","NP15","Solar","Renewable Forecast Actual Generation","RENEW_FCST_ACT_MW",3,3,-3.48197,"ACTUAL",1
"25","2019-12-28",1,0,"2019-12-28T08:00:00-00:00","2019-12-28T09:00:00-00:00","NP15","Wind","Renewable Forecast Actual Generation","RENEW_FCST_ACT_MW",3,1,49.97999,"ACTUAL",2
"26","2019-12-28",24,0,"2019-12-29T07:00:00-00:00","2019-12-29T08:00:00-00:00","NP15","Wind","Renewable Forecast Actual Generation","RENEW_FCST_ACT_MW",3,1,38.83064,"ACTUAL",2
"27","2019-12-28",3,0,"2019-12-28T10:00:00-00:00","2019-12-28T11:00:00-00:00","NP15","Wind","Renewable Forecast Actual Generation","RENEW_FCST_ACT_MW",3,1,42.14253,"ACTUAL",2
"28","2019-12-28",4,0,"2019-12-28T11:00:00-00:00","2019-12-28T12:00:00-00:00","NP15","Wind","Renewable Forecast Actual Generation","RENEW_FCST_ACT_MW",3,1,48.36446,"ACTUAL",2
"29","2019-12-28",5,0,"2019-12-28T12:00:00-00:00","2019-12-28T13:00:00-00:00","NP15","Wind","Renewable Forecast Actual Generation","RENEW_FCST_ACT_MW",3,1,51.07665,"ACTUAL",2
"30","2019-12-28",6,0,"2019-12-28T13:00:00-00:00","2019-12-28T14:00:00-00:00","NP15","Wind","Renewable Forecast Actual Generation","RENEW_FCST_ACT_MW",3,1,73.27729,"ACTUAL",2
"31","2019-12-28",7,0,"2019-12-28T14:00:00-00:00","2019-12-28T15:00:00-00:00","NP15","Wind","Renewable Forecast Actual Generation","RENEW_FCST_ACT_MW",3,1,94.83131,"ACTUAL",2
"32","2019-12-28",8,0,"2019-12-28T15:00:00-00:00","2019-12-28T16:00:00-00:00","NP15","Wind","Renewable Forecast Actual Generation","RENEW_FCST_ACT_MW",3,1,103.45813,"ACTUAL",2
"33","2019-12-28",9,0,"2019-12-28T16:00:00-00:00","2019-12-28T17:00:00-00:00","NP15","Wind","Renewable Forecast Actual Generation","RENEW_FCST_ACT_MW",3,1,78.30215,"ACTUAL",2
"34","2019-12-28",10,0,"2019-12-28T17:00:00-00:00","2019-12-28T18:00:00-00:00","NP15","Wind","Renewable Forecast Actual Generation","RENEW_FCST_ACT_MW",3,1,56.97284,"ACTUAL",2
"35","2019-12-28",11,0,"2019-12-28T18:00:00-00:00","2019-12-28T19:00:00-00:00","NP15","Wind","Renewable Forecast Actual Generation","RENEW_FCST_ACT_MW",3,1,63.95526,"ACTUAL",2
"36","2019-12-28",12,0,"2019-12-28T19:00:00-00:00","2019-12-28T20:00:00-00:00","NP15","Wind","Renewable Forecast Actual Generation","RENEW_FCST_ACT_MW",3,1,84.03483,"ACTUAL",2
"37","2019-12-28",13,0,"2019-12-28T20:00:00-00:00","2019-12-28T21:00:00-00:00","NP15","Wind","Renewable Forecast Actual Generation","RENEW_FCST_ACT_MW",3,1,62.03092,"ACTUAL",2
"38","2019-12-28",14,0,"2019-12-28T21:00:00-00:00","2019-12-28T22:00:00-00:00","NP15","Wind","Renewable Forecast Actual Generation","RENEW_FCST_ACT_MW",3,1,42.04985,"ACTUAL",2
"39","2019-12-28",15,0,"2019-12-28T22:00:00-00:00","2019-12-28T23:00:00-00:00","NP15","Wind","Renewable Forecast Actual Generation","RENEW_FCST_ACT_MW",3,1,27.77955,"ACTUAL",2
"40","2019-12-28",16,0,"2019-12-28T23:00:00-00:00","2019-12-29T00:00:00-00:00","NP15","Wind","Renewable Forecast Actual Generation","RENEW_FCST_ACT_MW",3,1,19.16548,"ACTUAL",2
"41","2019-12-28",17,0,"2019-12-29T00:00:00-00:00","2019-12-29T01:00:00-00:00","NP15","Wind","Renewable Forecast Actual Generation","RENEW_FCST_ACT_MW",3,1,13.4157,"ACTUAL",2
"42","2019-12-28",18,0,"2019-12-29T01:00:00-00:00","2019-12-29T02:00:00-00:00","NP15","Wind","Renewable Forecast Actual Generation","RENEW_FCST_ACT_MW",3,1,7.09442,"ACTUAL",2
"43","2019-12-28",19,0,"2019-12-29T02:00:00-00:00","2019-12-29T03:00:00-00:00","NP15","Wind","Renewable Forecast Actual Generation","RENEW_FCST_ACT_MW",3,1,1.94557,"ACTUAL",2
"44","2019-12-28",20,0,"2019-12-29T03:00:00-00:00","2019-12-29T04:00:00-00:00","NP15","Wind","Renewable Forecast Actual Generation","RENEW_FCST_ACT_MW",3,1,4.26431,"ACTUAL",2
"45","2019-12-28",21,0,"2019-12-29T04:00:00-00:00","2019-12-29T05:00:00-00:00","NP15","Wind","Renewable Forecast Actual Generation","RENEW_FCST_ACT_MW",3,1,7.94873,"ACTUAL",2
"46","2019-12-28",22,0,"2019-12-29T05:00:00-00:00","2019-12-29T06:00:00-00:00","NP15","Wind","Renewable Forecast Actual Generation","RENEW_FCST_ACT_MW",3,1,8.6406,"ACTUAL",2
"47","2019-12-28",23,0,"2019-12-29T06:00:00-00:00","2019-12-29T07:00:00-00:00","NP15","Wind","Renewable Forecast Actual Generation","RENEW_FCST_ACT_MW",3,1,8.75039,"ACTUAL",2
"48","2019-12-28",2,0,"2019-12-28T09:00:00-00:00","2019-12-28T10:00:00-00:00","NP15","Wind","Renewable Forecast Actual Generation","RENEW_FCST_ACT_MW",3,1,43.01088,"ACTUAL",2
"49","2019-12-28",24,0,"2019-12-29T07:00:00-00:00","2019-12-29T08:00:00-00:00","SP15","Solar","Renewable Forecast Actual Generation","RENEW_FCST_ACT_MW",3,3,-6.86346,"ACTUAL",3
"50","2019-12-28",2,0,"2019-12-28T09:00:00-00:00","2019-12-28T10:00:00-00:00","SP15","Solar","Renewable Forecast Actual Generation","RENEW_FCST_ACT_MW",3,3,-9.96341,"ACTUAL",3
"51","2019-12-28",23,0,"2019-12-29T06:00:00-00:00","2019-12-29T07:00:00-00:00","SP15","Solar","Renewable Forecast Actual Generation","RENEW_FCST_ACT_MW",3,3,-8.60461,"ACTUAL",3
"52","2019-12-28",6,0,"2019-12-28T13:00:00-00:00","2019-12-28T14:00:00-00:00","SP15","Solar","Renewable Forecast Actual Generation","RENEW_FCST_ACT_MW",3,3,-11.55875,"ACTUAL",3
"53","2019-12-28",22,0,"2019-12-29T05:00:00-00:00","2019-12-29T06:00:00-00:00","SP15","Solar","Renewable Forecast Actual Generation","RENEW_FCST_ACT_MW",3,3,-5.56825,"ACTUAL",3
"54","2019-12-28",11,0,"2019-12-28T18:00:00-00:00","2019-12-28T19:00:00-00:00","SP15","Solar","Renewable Forecast Actual Generation","RENEW_FCST_ACT_MW",3,3,4866.63298,"ACTUAL",3
"55","2019-12-28",21,0,"2019-12-29T04:00:00-00:00","2019-12-29T05:00:00-00:00","SP15","Solar","Renewable Forecast Actual Generation","RENEW_FCST_ACT_MW",3,3,-5.00314,"ACTUAL",3
"56","2019-12-28",3,0,"2019-12-28T10:00:00-00:00","2019-12-28T11:00:00-00:00","SP15","Solar","Renewable Forecast Actual Generation","RENEW_FCST_ACT_MW",3,3,-9.91824,"ACTUAL",3
"57","2019-12-28",20,0,"2019-12-29T03:00:00-00:00","2019-12-29T04:00:00-00:00","SP15","Solar","Renewable Forecast Actual Generation","RENEW_FCST_ACT_MW",3,3,-4.87327,"ACTUAL",3
"58","2019-12-28",10,0,"2019-12-28T17:00:00-00:00","2019-12-28T18:00:00-00:00","SP15","Solar","Renewable Forecast Actual Generation","RENEW_FCST_ACT_MW",3,3,5165.19732,"ACTUAL",3
"59","2019-12-28",19,0,"2019-12-29T02:00:00-00:00","2019-12-29T03:00:00-00:00","SP15","Solar","Renewable Forecast Actual Generation","RENEW_FCST_ACT_MW",3,3,-4.76612,"ACTUAL",3
"60","2019-12-28",5,0,"2019-12-28T12:00:00-00:00","2019-12-28T13:00:00-00:00","SP15","Solar","Renewable Forecast Actual Generation","RENEW_FCST_ACT_MW",3,3,-12.31703,"ACTUAL",3
"61","2019-12-28",18,0,"2019-12-29T01:00:00-00:00","2019-12-29T02:00:00-00:00","SP15","Solar","Renewable Forecast Actual Generation","RENEW_FCST_ACT_MW",3,3,-5.29061,"ACTUAL",3
"62","2019-12-28",9,0,"2019-12-28T16:00:00-00:00","2019-12-28T17:00:00-00:00","SP15","Solar","Renewable Forecast Actual Generation","RENEW_FCST_ACT_MW",3,3,3557.60023,"ACTUAL",3
"63","2019-12-28",17,0,"2019-12-29T00:00:00-00:00","2019-12-29T01:00:00-00:00","SP15","Solar","Renewable Forecast Actual Generation","RENEW_FCST_ACT_MW",3,3,395.29595,"ACTUAL",3
"64","2019-12-28",1,0,"2019-12-28T08:00:00-00:00","2019-12-28T09:00:00-00:00","SP15","Solar","Renewable Forecast Actual Generation","RENEW_FCST_ACT_MW",3,3,-9.475,"ACTUAL",3
"65","2019-12-28",16,0,"2019-12-28T23:00:00-00:00","2019-12-29T00:00:00-00:00","SP15","Solar","Renewable Forecast Actual Generation","RENEW_FCST_ACT_MW",3,3,2778.31729,"ACTUAL",3
"66","2019-12-28",8,0,"2019-12-28T15:00:00-00:00","2019-12-28T16:00:00-00:00","SP15","Solar","Renewable Forecast Actual Generation","RENEW_FCST_ACT_MW",3,3,1048.70894,"ACTUAL",3
"67","2019-12-28",15,0,"2019-12-28T22:00:00-00:00","2019-12-28T23:00:00-00:00","SP15","Solar","Renewable Forecast Actual Generation","RENEW_FCST_ACT_MW",3,3,4741.88986,"ACTUAL",3
"68","2019-12-28",4,0,"2019-12-28T11:00:00-00:00","2019-12-28T12:00:00-00:00","SP15","Solar","Renewable Forecast Actual Generation","RENEW_FCST_ACT_MW",3,3,-11.78545,"ACTUAL",3
"69","2019-12-28",14,0,"2019-12-28T21:00:00-00:00","2019-12-28T22:00:00-00:00","SP15","Solar","Renewable Forecast Actual Generation","RENEW_FCST_ACT_MW",3,3,5091.9995,"ACTUAL",3
"70","2019-12-28",7,0,"2019-12-28T14:00:00-00:00","2019-12-28T15:00:00-00:00","SP15","Solar","Renewable Forecast Actual Generation","RENEW_FCST_ACT_MW",3,3,-0.6259,"ACTUAL",3
"71","2019-12-28",13,0,"2019-12-28T20:00:00-00:00","2019-12-28T21:00:00-00:00","SP15","Solar","Renewable Forecast Actual Generation","RENEW_FCST_ACT_MW",3,3,4920.33384,"ACTUAL",3
"72","2019-12-28",12,0,"2019-12-28T19:00:00-00:00","2019-12-28T20:00:00-00:00","SP15","Solar","Renewable Forecast Actual Generation","RENEW_FCST_ACT_MW",3,3,4871.10665,"ACTUAL",3
"73","2019-12-28",23,0,"2019-12-29T06:00:00-00:00","2019-12-29T07:00:00-00:00","SP15","Wind","Renewable Forecast Actual Generation","RENEW_FCST_ACT_MW",3,1,73.80578,"ACTUAL",4
"74","2019-12-28",22,0,"2019-12-29T05:00:00-00:00","2019-12-29T06:00:00-00:00","SP15","Wind","Renewable Forecast Actual Generation","RENEW_FCST_ACT_MW",3,1,97.90941,"ACTUAL",4
"75","2019-12-28",21,0,"2019-12-29T04:00:00-00:00","2019-12-29T05:00:00-00:00","SP15","Wind","Renewable Forecast Actual Generation","RENEW_FCST_ACT_MW",3,1,89.36186,"ACTUAL",4
"76","2019-12-28",20,0,"2019-12-29T03:00:00-00:00","2019-12-29T04:00:00-00:00","SP15","Wind","Renewable Forecast Actual Generation","RENEW_FCST_ACT_MW",3,1,65.55545,"ACTUAL",4
"77","2019-12-28",19,0,"2019-12-29T02:00:00-00:00","2019-12-29T03:00:00-00:00","SP15","Wind","Renewable Forecast Actual Generation","RENEW_FCST_ACT_MW",3,1,56.94433,"ACTUAL",4
"78","2019-12-28",18,0,"2019-12-29T01:00:00-00:00","2019-12-29T02:00:00-00:00","SP15","Wind","Renewable Forecast Actual Generation","RENEW_FCST_ACT_MW",3,1,78.59037,"ACTUAL",4
"79","2019-12-28",17,0,"2019-12-29T00:00:00-00:00","2019-12-29T01:00:00-00:00","SP15","Wind","Renewable Forecast Actual Generation","RENEW_FCST_ACT_MW",3,1,110.58832,"ACTUAL",4
"80","2019-12-28",16,0,"2019-12-28T23:00:00-00:00","2019-12-29T00:00:00-00:00","SP15","Wind","Renewable Forecast Actual Generation","RENEW_FCST_ACT_MW",3,1,138.38543,"ACTUAL",4
"81","2019-12-28",15,0,"2019-12-28T22:00:00-00:00","2019-12-28T23:00:00-00:00","SP15","Wind","Renewable Forecast Actual Generation","RENEW_FCST_ACT_MW",3,1,154.33993,"ACTUAL",4
"82","2019-12-28",14,0,"2019-12-28T21:00:00-00:00","2019-12-28T22:00:00-00:00","SP15","Wind","Renewable Forecast Actual Generation","RENEW_FCST_ACT_MW",3,1,139.56847,"ACTUAL",4
"83","2019-12-28",13,0,"2019-12-28T20:00:00-00:00","2019-12-28T21:00:00-00:00","SP15","Wind","Renewable Forecast Actual Generation","RENEW_FCST_ACT_MW",3,1,137.27429,"ACTUAL",4
"84","2019-12-28",12,0,"2019-12-28T19:00:00-00:00","2019-12-28T20:00:00-00:00","SP15","Wind","Renewable Forecast Actual Generation","RENEW_FCST_ACT_MW",3,1,108.66337,"ACTUAL",4
"85","2019-12-28",11,0,"2019-12-28T18:00:00-00:00","2019-12-28T19:00:00-00:00","SP15","Wind","Renewable Forecast Actual Generation","RENEW_FCST_ACT_MW",3,1,59.56088,"ACTUAL",4
"86","2019-12-28",10,0,"2019-12-28T17:00:00-00:00","2019-12-28T18:00:00-00:00","SP15","Wind","Renewable Forecast Actual Generation","RENEW_FCST_ACT_MW",3,1,55.17155,"ACTUAL",4
"87","2019-12-28",9,0,"2019-12-28T16:00:00-00:00","2019-12-28T17:00:00-00:00","SP15","Wind","Renewable Forecast Actual Generation","RENEW_FCST_ACT_MW",3,1,92.78766,"ACTUAL",4
"88","2019-12-28",8,0,"2019-12-28T15:00:00-00:00","2019-12-28T16:00:00-00:00","SP15","Wind","Renewable Forecast Actual Generation","RENEW_FCST_ACT_MW",3,1,199.77229,"ACTUAL",4
"89","2019-12-28",7,0,"2019-12-28T14:00:00-00:00","2019-12-28T15:00:00-00:00","SP15","Wind","Renewable Forecast Actual Generation","RENEW_FCST_ACT_MW",3,1,270.71212,"ACTUAL",4
"90","2019-12-28",6,0,"2019-12-28T13:00:00-00:00","2019-12-28T14:00:00-00:00","SP15","Wind","Renewable Forecast Actual Generation","RENEW_FCST_ACT_MW",3,1,321.33232,"ACTUAL",4
"91","2019-12-28",5,0,"2019-12-28T12:00:00-00:00","2019-12-28T13:00:00-00:00","SP15","Wind","Renewable Forecast Actual Generation","RENEW_FCST_ACT_MW",3,1,419.03684,"ACTUAL",4
"92","2019-12-28",4,0,"2019-12-28T11:00:00-00:00","2019-12-28T12:00:00-00:00","SP15","Wind","Renewable Forecast Actual Generation","RENEW_FCST_ACT_MW",3,1,294.57985,"ACTUAL",4
"93","2019-12-28",3,0,"2019-12-28T10:00:00-00:00","2019-12-28T11:00:00-00:00","SP15","Wind","Renewable Forecast Actual Generation","RENEW_FCST_ACT_MW",3,1,164.81065,"ACTUAL",4
"94","2019-12-28",2,0,"2019-12-28T09:00:00-00:00","2019-12-28T10:00:00-00:00","SP15","Wind","Renewable Forecast Actual Generation","RENEW_FCST_ACT_MW",3,1,142.48386,"ACTUAL",4
"95","2019-12-28",24,0,"2019-12-29T07:00:00-00:00","2019-12-29T08:00:00-00:00","SP15","Wind","Renewable Forecast Actual Generation","RENEW_FCST_ACT_MW",3,1,66.83604,"ACTUAL",4
"96","2019-12-28",1,0,"2019-12-28T08:00:00-00:00","2019-12-28T09:00:00-00:00","SP15","Wind","Renewable Forecast Actual Generation","RENEW_FCST_ACT_MW",3,1,327.09858,"ACTUAL",4
"97","2019-12-28",1,0,"2019-12-28T08:00:00-00:00","2019-12-28T09:00:00-00:00","ZP26","Solar","Renewable Forecast Actual Generation","RENEW_FCST_ACT_MW",3,3,-5.79478,"ACTUAL",5
"98","2019-12-28",24,0,"2019-12-29T07:00:00-00:00","2019-12-29T08:00:00-00:00","ZP26","Solar","Renewable Forecast Actual Generation","RENEW_FCST_ACT_MW",3,3,-5.74019,"ACTUAL",5
"99","2019-12-28",3,0,"2019-12-28T10:00:00-00:00","2019-12-28T11:00:00-00:00","ZP26","Solar","Renewable Forecast Actual Generation","RENEW_FCST_ACT_MW",3,3,-6.64066,"ACTUAL",5
"100","2019-12-28",4,0,"2019-12-28T11:00:00-00:00","2019-12-28T12:00:00-00:00","ZP26","Solar","Renewable Forecast Actual Generation","RENEW_FCST_ACT_MW",3,3,-6.31007,"ACTUAL",5
"101","2019-12-28",5,0,"2019-12-28T12:00:00-00:00","2019-12-28T13:00:00-00:00","ZP26","Solar","Renewable Forecast Actual Generation","RENEW_FCST_ACT_MW",3,3,-5.79153,"ACTUAL",5
"102","2019-12-28",6,0,"2019-12-28T13:00:00-00:00","2019-12-28T14:00:00-00:00","ZP26","Solar","Renewable Forecast Actual Generation","RENEW_FCST_ACT_MW",3,3,-5.77542,"ACTUAL",5
"103","2019-12-28",7,0,"2019-12-28T14:00:00-00:00","2019-12-28T15:00:00-00:00","ZP26","Solar","Renewable Forecast Actual Generation","RENEW_FCST_ACT_MW",3,3,-5.88525,"ACTUAL",5
"104","2019-12-28",8,0,"2019-12-28T15:00:00-00:00","2019-12-28T16:00:00-00:00","ZP26","Solar","Renewable Forecast Actual Generation","RENEW_FCST_ACT_MW",3,3,114.89223,"ACTUAL",5
"105","2019-12-28",9,0,"2019-12-28T16:00:00-00:00","2019-12-28T17:00:00-00:00","ZP26","Solar","Renewable Forecast Actual Generation","RENEW_FCST_ACT_MW",3,3,768.87491,"ACTUAL",5
"106","2019-12-28",10,0,"2019-12-28T17:00:00-00:00","2019-12-28T18:00:00-00:00","ZP26","Solar","Renewable Forecast Actual Generation","RENEW_FCST_ACT_MW",3,3,1254.15704,"ACTUAL",5
"107","2019-12-28",11,0,"2019-12-28T18:00:00-00:00","2019-12-28T19:00:00-00:00","ZP26","Solar","Renewable Forecast Actual Generation","RENEW_FCST_ACT_MW",3,3,1350.30556,"ACTUAL",5
"108","2019-12-28",12,0,"2019-12-28T19:00:00-00:00","2019-12-28T20:00:00-00:00","ZP26","Solar","Renewable Forecast Actual Generation","RENEW_FCST_ACT_MW",3,3,1356.9618,"ACTUAL",5
"109","2019-12-28",13,0,"2019-12-28T20:00:00-00:00","2019-12-28T21:00:00-00:00","ZP26","Solar","Renewable Forecast Actual Generation","RENEW_FCST_ACT_MW",3,3,1354.08833,"ACTUAL",5
"110","2019-12-28",14,0,"2019-12-28T21:00:00-00:00","2019-12-28T22:00:00-00:00","ZP26","Solar","Renewable Forecast Actual Generation","RENEW_FCST_ACT_MW",3,3,1360.35401,"ACTUAL",5
"111","2019-12-28",15,0,"2019-12-28T22:00:00-00:00","2019-12-28T23:00:00-00:00","ZP26","Solar","Renewable Forecast Actual Generation","RENEW_FCST_ACT_MW",3,3,1255.67426,"ACTUAL",5
"112","2019-12-28",16,0,"2019-12-28T23:00:00-00:00","2019-12-29T00:00:00-00:00","ZP26","Solar","Renewable Forecast Actual Generation","RENEW_FCST_ACT_MW",3,3,781.64329,"ACTUAL",5
"113","2019-12-28",17,0,"2019-12-29T00:00:00-00:00","2019-12-29T01:00:00-00:00","ZP26","Solar","Renewable Forecast Actual Generation","RENEW_FCST_ACT_MW",3,3,123.42634,"ACTUAL",5
"114","2019-12-28",18,0,"2019-12-29T01:00:00-00:00","2019-12-29T02:00:00-00:00","ZP26","Solar","Renewable Forecast Actual Generation","RENEW_FCST_ACT_MW",3,3,-5.90608,"ACTUAL",5
"115","2019-12-28",19,0,"2019-12-29T02:00:00-00:00","2019-12-29T03:00:00-00:00","ZP26","Solar","Renewable Forecast Actual Generation","RENEW_FCST_ACT_MW",3,3,-5.69678,"ACTUAL",5
"116","2019-12-28",20,0,"2019-12-29T03:00:00-00:00","2019-12-29T04:00:00-00:00","ZP26","Solar","Renewable Forecast Actual Generation","RENEW_FCST_ACT_MW",3,3,-5.68579,"ACTUAL",5
"117","2019-12-28",21,0,"2019-12-29T04:00:00-00:00","2019-12-29T05:00:00-00:00","ZP26","Solar","Renewable Forecast Actual Generation","RENEW_FCST_ACT_MW",3,3,-5.70904,"ACTUAL",5
"118","2019-12-28",22,0,"2019-12-29T05:00:00-00:00","2019-12-29T06:00:00-00:00","ZP26","Solar","Renewable Forecast Actual Generation","RENEW_FCST_ACT_MW",3,3,-5.71522,"ACTUAL",5
"119","2019-12-28",23,0,"2019-12-29T06:00:00-00:00","2019-12-29T07:00:00-00:00","ZP26","Solar","Renewable Forecast Actual Generation","RENEW_FCST_ACT_MW",3,3,-5.72654,"ACTUAL",5
"120","2019-12-28",2,0,"2019-12-28T09:00:00-00:00","2019-12-28T10:00:00-00:00","ZP26","Solar","Renewable Forecast Actual Generation","RENEW_FCST_ACT_MW",3,3,-5.76838,"ACTUAL",5
