"","OPR_DT","OPR_HR","OPR_INTERVAL","INTERVALSTARTTIME_GMT","INTERVALENDTIME_GMT","TRADING_HUB","RENEWABLE_TYPE","LABEL","XML_DATA_ITEM","MARKET_RUN_ID_POS","RENEW_POS","MW","MARKET_RUN_ID","GROUP"
"1","2019-03-27",2,0,"2019-03-27T08:00:00-00:00","2019-03-27T09:00:00-00:00","NP15","Solar","Renewable Forecast Actual Generation","RENEW_FCST_ACT_MW",3,3,-3.61578,"ACTUAL",1
"2","2019-03-27",3,0,"2019-03-27T09:00:00-00:00","2019-03-27T10:00:00-00:00","NP15","Solar","Renewable Forecast Actual Generation","RENEW_FCST_ACT_MW",3,3,-3.5952,"ACTUAL",1
"3","2019-03-27",4,0,"2019-03-27T10:00:00-00:00","2019-03-27T11:00:00-00:00","NP15","Solar","Renewable Forecast Actual Generation","RENEW_FCST_ACT_MW",3,3,-3.5775,"ACTUAL",1
"4","2019-03-27",5,0,"2019-03-27T11:00:00-00:00","2019-03-27T12:00:00-00:00","NP15","Solar","Renewable Forecast Actual Generation","RENEW_FCST_ACT_MW",3,3,-3.56595,"ACTUAL",1
"5","2019-03-27",6,0,"2019-03-27T12:00:00-00:00","2019-03-27T13:00:00-00:00","NP15","Solar","Renewable Forecast Actual Generation","RENEW_FCST_ACT_MW",3,3,-3.54702,"ACTUAL",1
"6","2019-03-27",7,0,"2019-03-27T13:00:00-00:00","2019-03-27T14:00:00-00:00","NP15","Solar","Renewable Forecast Actual Generation","RENEW_FCST_ACT_MW",3,3,-3.67569,"ACTUAL",1
"7","2019-03-27",8,0,"2019-03-27T14:00:00-00:00","2019-03-27T15:00:00-00:00","NP15","Solar","Renewable Forecast Actual Generation","RENEW_FCST_ACT_MW",3,3,23.51402,"ACTUAL",1
"8","2019-03-27",9,0,"2019-03-27T15:00:00-00:00","2019-03-27T16:00:00-00:00","NP15","Solar","Renewable Forecast Actual Generation","RENEW_FCST_ACT_MW",3,3,159.88379,"ACTUAL",1
"9","2019-03-27",10,0,"2019-03-27T16:00:00-00:00","2019-03-27T17:00:00-00:00","NP15","Solar","Renewable Forecast Actual Generation","RENEW_FCST_ACT_MW",3,3,364.63209,"ACTUAL",1
"10","2019-03-27",11,0,"2019-03-27T17:00:00-00:00","2019-03-27T18:00:00-00:00","NP15","Solar","Renewable Forecast Actual Generation","RENEW_FCST_ACT_MW",3,3,722.53465,"ACTUAL",1
"11","2019-03-27",12,0,"2019-03-27T18:00:00-00:00","2019-03-27T19:00:00-00:00","NP15","Solar","Renewable Forecast Actual Generation","RENEW_FCST_ACT_MW",3,3,931.43888,"ACTUAL",1
"12","2019-03-27",13,0,"2019-03-27T19:00:00-00:00","2019-03-27T20:00:00-00:00","NP15","Solar","Renewable Forecast Actual Generation","RENEW_FCST_ACT_MW",3,3,808.06016,"ACTUAL",1
"13","2019-03-27",14,0,"2019-03-27T20:00:00-00:00","2019-03-27T21:00:00-00:00","NP15","Solar","Renewable Forecast Actual Generation","RENEW_FCST_ACT_MW",3,3,864.46321,"ACTUAL",1
"14","2019-03-27",15,0,"2019-03-27T21:00:00-00:00","2019-03-27T22:00:00-00:00","NP15","Solar","Renewable Forecast Actual Generation","RENEW_FCST_ACT_MW",3,3,1024.21405,"ACTUAL",1
"15","2019-03-27",16,0,"2019-03-27T22:00:00-00:00","2019-03-27T23:00:00-00:00","NP15","Solar","Renewable Forecast Actual Generation","RENEW_FCST_ACT_MW",3,3,800.1963,"ACTUAL",1
"16","2019-03-27",17,0,"2019-03-27T23:00:00-00:00","2019-03-28T00:00:00-00:00","NP15","Solar","Renewable Forecast Actual Generation","RENEW_FCST_ACT_MW",3,3,689.72715,"ACTUAL",1
"17","2019-03-27",18,0,"2019-03-28T00:00:00-00:00","2019-03-28T01:00:00-00:00","NP15","Solar","Renewable Forecast Actual Generation","RENEW_FCST_ACT_MW",3,3,592.26279,"ACTUAL",1
"18","2019-03-27",19,0,"2019-03-28T01:00:00-00:00","2019-03-28T02:00:00-00:00","NP15","Solar","Renewable Forecast Actual Generation","RENEW_FCST_ACT_MW",3,3,249.76595,"ACTUAL",1
"19","2019-03-27",20,0,"2019-03-28T02:00:00-00:00","2019-03-28T03:00:00-00:00","NP15","Solar","Renewable Forecast Actual Generation","RENEW_FCST_ACT_MW",3,3,6.28617,"ACTUAL",1
"20","2019-03-27",21,0,"2019-03-28T03:00:00-00:00","2019-03-28T04:00:00-00:00","NP15","Solar","Renewable Forecast Actual Generation","RENEW_FCST_ACT_MW",3,3,-0.27989,"ACTUAL",1
"21","2019-03-27",22,0,"2019-03-28T04:00:00-00:00","2019-03-28T05:00:00-00:00","NP15","Solar","Renewable Forecast Actual Generation","RENEW_FCST_ACT_MW",3,3,-0.25542,"ACTUAL",1
"22","2019-03-27",23,0,"2019-03-28T05:00:00-00:00","2019-03-28T06:00:00-00:00","NP15","Solar","Renewable Forecast Actual Generation","RENEW_FCST_ACT_MW",3,3,-0.28758,"ACTUAL",1
"23","2019-03-27",24,0,"2019-03-28T06:00:00-00:00","2019-03-28T07:00:00-00:00","NP15","Solar","Renewable Forecast Actual Generation","RENEW_FCST_ACT_MW",3,3,-0.30125,"ACTUAL",1
"24","2019-03-27",18,0,"2019-03-28T00:00:00-00:00","2019-03-28T01:00:00-00:00","NP15","Wind","Renewable Forecast Actual Generation","RENEW_FCST_ACT_MW",3,1,942.05641,"ACTUAL",2
"25","2019-03-27",6,0,"2019-03-27T12:00:00-00:00","2019-03-27T13:00:00-00:00","NP15","Wind","Renewable Forecast Actual Generation","RENEW_FCST_ACT_MW",3,1,570.90051,"ACTUAL",2
"26","2019-03-27",17,0,"2019-03-27T23:00:00-00:00","2019-03-28T00:00:00-00:00","NP15","Wind","Renewable Forecast Actual Generation","RENEW_FCST_ACT_MW",3,1,1085.96083,"ACTUAL",2
"27","2019-03-27",16,0,"2019-03-27T22:00:00-00:00","2019-03-27T23:00:00-00:00","NP15","Wind","Renewable Forecast Actual Generation","RENEW_FCST_ACT_MW",3,1,686.28145,"ACTUAL",2
"28","2019-03-27",15,0,"2019-03-27T21:00:00-00:00","2019-03-27T22:00:00-00:00","NP15","Wind","Renewable Forecast Actual Generation","RENEW_FCST_ACT_MW",3,1,462.48472,"ACTUAL",2
"29","2019-03-27",14,0,"2019-03-27T20:00:00-00:00","2019-03-27T21:00:00-00:00","NP15","Wind","Renewable Forecast Actual Generation","RENEW_FCST_ACT_MW",3,1,390.01113,"ACTUAL",2
"30","2019-03-27",13,0,"2019-03-27T19:00:00-00:00","2019-03-27T20:00:00-00:00","NP15","Wind","Renewable Forecast Actual Generation","RENEW_FCST_ACT_MW",3,1,329.59437,"ACTUAL",2
"31","2019-03-27",12,0,"2019-03-27T18:00:00-00:00","2019-03-27T19:00:00-00:00","NP15","Wind","Renewable Forecast Actual Generation","RENEW_FCST_ACT_MW",3,1,505.26934,"ACTUAL",2
"32","2019-03-27",11,0,"2019-03-27T17:00:00-00:00","2019-03-27T18:00:00-00:00","NP15","Wind","Renewable Forecast Actual Generation","RENEW_FCST_ACT_MW",3,1,415.57831,"ACTUAL",2
"33","2019-03-27",10,0,"2019-03-27T16:00:00-00:00","2019-03-27T17:00:00-00:00","NP15","Wind","Renewable Forecast Actual Generation","RENEW_FCST_ACT_MW",3,1,452.59244,"ACTUAL",2
"34","2019-03-27",9,0,"2019-03-27T15:00:00-00:00","2019-03-27T16:00:00-00:00","NP15","Wind","Renewable Forecast Actual Generation","RENEW_FCST_ACT_MW",3,1,471.10435,"ACTUAL",2
"35","2019-03-27",8,0,"2019-03-27T14:00:00-00:00","2019-03-27T15:00:00-00:00","NP15","Wind","Renewable Forecast Actual Generation","RENEW_FCST_ACT_MW",3,1,357.42701,"ACTUAL",2
"36","2019-03-27",7,0,"2019-03-27T13:00:00-00:00","2019-03-27T14:00:00-00:00","NP15","Wind","Renewable Forecast Actual Generation","RENEW_FCST_ACT_MW",3,1,451.73875,"ACTUAL",2
"37","2019-03-27",5,0,"2019-03-27T11:00:00-00:00","2019-03-27T12:00:00-00:00","NP15","Wind","Renewable Forecast Actual Generation","RENEW_FCST_ACT_MW",3,1,837.62671,"ACTUAL",2
"38","2019-03-27",4,0,"2019-03-27T10:00:00-00:00","2019-03-27T11:00:00-00:00","NP15","Wind","Renewable Forecast Actual Generation","RENEW_FCST_ACT_MW",3,1,644.41306,"ACTUAL",2
"39","2019-03-27",3,0,"2019-03-27T09:00:00-00:00","2019-03-27T10:00:00-00:00","NP15","Wind","Renewable Forecast Actual Generation","RENEW_FCST_ACT_MW",3,1,496.78933,"ACTUAL",2
"40","2019-03-27",2,0,"2019-03-27T08:00:00-00:00","2019-03-27T09:00:00-00:00","NP15","Wind","Renewable Forecast Actual Generation","RENEW_FCST_ACT_MW",3,1,215.12248,"ACTUAL",2
"41","2019-03-27",24,0,"2019-03-28T06:00:00-00:00","2019-03-28T07:00:00-00:00","NP15","Wind","Renewable Forecast Actual Generation","RENEW_FCST_ACT_MW",3,1,78.6836,"ACTUAL",2
"42","2019-03-27",23,0,"2019-03-28T05:00:00-00:00","2019-03-28T06:00:00-00:00","NP15","Wind","Renewable Forecast Actual Generation","RENEW_FCST_ACT_MW",3,1,75.94133,"ACTUAL",2
"43","2019-03-27",22,0,"2019-03-28T04:00:00-00:00","2019-03-28T05:00:00-00:00","NP15","Wind","Renewable Forecast Actual Generation","RENEW_FCST_ACT_MW",3,1,106.85746,"ACTUAL",2
"44","2019-03-27",21,0,"2019-03-28T03:00:00-00:00","2019-03-28T04:00:00-00:00","NP15","Wind","Renewable Forecast Actual Generation","RENEW_FCST_ACT_MW",3,1,414.22934,"ACTUAL",2
"45","2019-03-27",20,0,"2019-03-28T02:00:00-00:00","2019-03-28T03:00:00-00:00","NP15","Wind","Renewable Forecast Actual Generation","RENEW_FCST_ACT_MW",3,1,613.00814,"ACTUAL",2
"46","2019-03-27",19,0,"2019-03-28T01:00:00-00:00","2019-03-28T02:00:00-00:00","NP15","Wind","Renewable Forecast Actual Generation","RENEW_FCST_ACT_MW",3,1,801.69102,"ACTUAL",2
"47","2019-03-27",6,0,"2019-03-27T12:00:00-00:00","2019-03-27T13:00:00-00:00","SP15","Solar","Renewable Forecast Actual Generation","RENEW_FCST_ACT_MW",3,3,-1.90034,"ACTUAL",3
"48","2019-03-27",18,0,"2019-03-28T00:00:00-00:00","2019-03-28T01:00:00-00:00","SP15","Solar","Renewable Forecast Actual Generation","RENEW_FCST_ACT_MW",3,3,3185.12376,"ACTUAL",3
"49","2019-03-27",5,0,"2019-03-27T11:00:00-00:00","2019-03-27T12:00:00-00:00","SP15","Solar","Renewable Forecast Actual Generation","RENEW_FCST_ACT_MW",3,3,-0.98648,"ACTUAL",3
"50","2019-03-27",11,0,"2019-03-27T17:00:00-00:00","2019-03-27T18:00:00-00:00","SP15","Solar","Renewable Forecast Actual Generation","RENEW_FCST_ACT_MW",3,3,4213.66959,"ACTUAL",3
"51","2019-03-27",4,0,"2019-03-27T10:00:00-00:00","2019-03-27T11:00:00-00:00","SP15","Solar","Renewable Forecast Actual Generation","RENEW_FCST_ACT_MW",3,3,-2.01212,"ACTUAL",3
"52","2019-03-27",15,0,"2019-03-27T21:00:00-00:00","2019-03-27T22:00:00-00:00","SP15","Solar","Renewable Forecast Actual Generation","RENEW_FCST_ACT_MW",3,3,4979.1277,"ACTUAL",3
"53","2019-03-27",3,0,"2019-03-27T09:00:00-00:00","2019-03-27T10:00:00-00:00","SP15","Solar","Renewable Forecast Actual Generation","RENEW_FCST_ACT_MW",3,3,-0.74701,"ACTUAL",3
"54","2019-03-27",10,0,"2019-03-27T16:00:00-00:00","2019-03-27T17:00:00-00:00","SP15","Solar","Renewable Forecast Actual Generation","RENEW_FCST_ACT_MW",3,3,3384.88912,"ACTUAL",3
"55","2019-03-27",2,0,"2019-03-27T08:00:00-00:00","2019-03-27T09:00:00-00:00","SP15","Solar","Renewable Forecast Actual Generation","RENEW_FCST_ACT_MW",3,3,0.2992,"ACTUAL",3
"56","2019-03-27",13,0,"2019-03-27T19:00:00-00:00","2019-03-27T20:00:00-00:00","SP15","Solar","Renewable Forecast Actual Generation","RENEW_FCST_ACT_MW",3,3,4867.20265,"ACTUAL",3
"57","2019-03-27",24,0,"2019-03-28T06:00:00-00:00","2019-03-28T07:00:00-00:00","SP15","Solar","Renewable Forecast Actual Generation","RENEW_FCST_ACT_MW",3,3,-27.19666,"ACTUAL",3
"58","2019-03-27",9,0,"2019-03-27T15:00:00-00:00","2019-03-27T16:00:00-00:00","SP15","Solar","Renewable Forecast Actual Generation","RENEW_FCST_ACT_MW",3,3,2178.37741,"ACTUAL",3
"59","2019-03-27",23,0,"2019-03-28T05:00:00-00:00","2019-03-28T06:00:00-00:00","SP15","Solar","Renewable Forecast Actual Generation","RENEW_FCST_ACT_MW",3,3,-25.39515,"ACTUAL",3
"60","2019-03-27",16,0,"2019-03-27T22:00:00-00:00","2019-03-27T23:00:00-00:00","SP15","Solar","Renewable Forecast Actual Generation","RENEW_FCST_ACT_MW",3,3,3956.33068,"ACTUAL",3
"61","2019-03-27",22,0,"2019-03-28T04:00:00-00:00","2019-03-28T05:00:00-00:00","SP15","Solar","Renewable Forecast Actual Generation","RENEW_FCST_ACT_MW",3,3,-25.70207,"ACTUAL",3
"62","2019-03-27",8,0,"2019-03-27T14:00:00-00:00","2019-03-27T15:00:00-00:00","SP15","Solar","Renewable Forecast Actual Generation","RENEW_FCST_ACT_MW",3,3,512.3275,"ACTUAL",3
"63","2019-03-27",21,0,"2019-03-28T03:00:00-00:00","2019-03-28T04:00:00-00:00","SP15","Solar","Renewable Forecast Actual Generation","RENEW_FCST_ACT_MW",3,3,-18.81244,"ACTUAL",3
"64","2019-03-27",12,0,"2019-03-27T18:00:00-00:00","2019-03-27T19:00:00-00:00","SP15","Solar","Renewable Forecast Actual Generation","RENEW_FCST_ACT_MW",3,3,4842.61206,"ACTUAL",3
"65","2019-03-27",20,0,"2019-03-28T02:00:00-00:00","2019-03-28T03:00:00-00:00","SP15","Solar","Renewable Forecast Actual Generation","RENEW_FCST_ACT_MW",3,3,7.68733,"ACTUAL",3
"66","2019-03-27",7,0,"2019-03-27T13:00:00-00:00","2019-03-27T14:00:00-00:00","SP15","Solar","Renewable Forecast Actual Generation","RENEW_FCST_ACT_MW",3,3,7.03232,"ACTUAL",3
"67","2019-03-27",19,0,"2019-03-28T01:00:00-00:00","2019-03-28T02:00:00-00:00","SP15","Solar","Renewable Forecast Actual Generation","RENEW_FCST_ACT_MW",3,3,880.60264,"ACTUAL",3
"68","2019-03-27",14,0,"2019-03-27T20:00:00-00:00","2019-03-27T21:00:00-00:00","SP15","Solar","Renewable Forecast Actual Generation","RENEW_FCST_ACT_MW",3,3,4840.49693,"ACTUAL",3
"69","2019-03-27",17,0,"2019-03-27T23:00:00-00:00","2019-03-28T00:00:00-00:00","SP15","Solar","Renewable Forecast Actual Generation","RENEW_FCST_ACT_MW",3,3,3833.72901,"ACTUAL",3
"70","2019-03-27",18,0,"2019-03-28T00:00:00-00:00","2019-03-28T01:00:00-00:00","SP15","Wind","Renewable Forecast Actual Generation","RENEW_FCST_ACT_MW",3,1,1394.64761,"ACTUAL",4
"71","2019-03-27",19,0,"2019-03-28T01:00:00-00:00","2019-03-28T02:00:00-00:00","SP15","Wind","Renewable Forecast Actual Generation","RENEW_FCST_ACT_MW",3,1,1217.6371,"ACTUAL",4
"72","2019-03-27",20,0,"2019-03-28T02:00:00-00:00","2019-03-28T03:00:00-00:00","SP15","Wind","Renewable Forecast Actual Generation","RENEW_FCST_ACT_MW",3,1,1013.76112,"ACTUAL",4
"73","2019-03-27",21,0,"2019-03-28T03:00:00-00:00","2019-03-28T04:00:00-00:00","SP15","Wind","Renewable Forecast Actual Generation","RENEW_FCST_ACT_MW",3,1,1225.31597,"ACTUAL",4
"74","2019-03-27",22,0,"2019-03-28T04:00:00-00:00","2019-03-28T05:00:00-00:00","SP15","Wind","Renewable Forecast Actual Generation","RENEW_FCST_ACT_MW",3,1,1563.11836,"ACTUAL",4
"75","2019-03-27",23,0,"2019-03-28T05:00:00-00:00","2019-03-28T06:00:00-00:00","SP15","Wind","Renewable Forecast Actual Generation","RENEW_FCST_ACT_MW",3,1,1638.44032,"ACTUAL",4
"76","2019-03-27",24,0,"2019-03-28T06:00:00-00:00","2019-03-28T07:00:00-00:00","SP15","Wind","Renewable Forecast Actual Generation","RENEW_FCST_ACT_MW",3,1,1643.13178,"ACTUAL",4
"77","2019-03-27",2,0,"2019-03-27T08:00:00-00:00","2019-03-27T09:00:00-00:00","SP15","Wind","Renewable Forecast Actual Generation","RENEW_FCST_ACT_MW",3,1,809.00479,"ACTUAL",4
"78","2019-03-27",3,0,"2019-03-27T09:00:00-00:00","2019-03-27T10:00:00-00:00","SP15","Wind","Renewable Forecast Actual Generation","RENEW_FCST_ACT_MW",3,1,812.24696,"ACTUAL",4
"79","2019-03-27",4,0,"2019-03-27T10:00:00-00:00","2019-03-27T11:00:00-00:00","SP15","Wind","Renewable Forecast Actual Generation","RENEW_FCST_ACT_MW",3,1,830.97299,"ACTUAL",4
"80","2019-03-27",5,0,"2019-03-27T11:00:00-00:00","2019-03-27T12:00:00-00:00","SP15","Wind","Renewable Forecast Actual Generation","RENEW_FCST_ACT_MW",3,1,1071.10671,"ACTUAL",4
"81","2019-03-27",6,0,"2019-03-27T12:00:00-00:00","2019-03-27T13:00:00-00:00","SP15","Wind","Renewable Forecast Actual Generation","RENEW_FCST_ACT_MW",3,1,1018.84072,"ACTUAL",4
"82","2019-03-27",7,0,"2019-03-27T13:00:00-00:00","2019-03-27T14:00:00-00:00","SP15","Wind","Renewable Forecast Actual Generation","RENEW_FCST_ACT_MW",3,1,960.05807,"ACTUAL",4
"83","2019-03-27",8,0,"2019-03-27T14:00:00-00:00","2019-03-27T15:00:00-00:00","SP15","Wind","Renewable Forecast Actual Generation","RENEW_FCST_ACT_MW",3,1,1071.36768,"ACTUAL",4
"84","2019-03-27",9,0,"2019-03-27T15:00:00-00:00","2019-03-27T16:00:00-00:00","SP15","Wind","Renewable Forecast Actual Generation","RENEW_FCST_ACT_MW",3,1,881.6124,"ACTUAL",4
"85","2019-03-27",10,0,"2019-03-27T16:00:00-00:00","2019-03-27T17:00:00-00:00","SP15","Wind","Renewable Forecast Actual Generation","RENEW_FCST_ACT_MW",3,1,927.1109,"ACTUAL",4
"86","2019-03-27",11,0,"2019-03-27T17:00:00-00:00","2019-03-27T18:00:00-00:00","SP15","Wind","Renewable Forecast Actual Generation","RENEW_FCST_ACT_MW",3,1,999.29833,"ACTUAL",4
"87","2019-03-27",12,0,"2019-03-27T18:00:00-00:00","2019-03-27T19:00:00-00:00","SP15","Wind","Renewable Forecast Actual Generation","RENEW_FCST_ACT_MW",3,1,1092.3634,"ACTUAL",4
"88","2019-03-27",13,0,"2019-03-27T19:00:00-00:00","2019-03-27T20:00:00-00:00","SP15","Wind","Renewable Forecast Actual Generation","RENEW_FCST_ACT_MW",3,1,1152.47275,"ACTUAL",4
"89","2019-03-27",14,0,"2019-03-27T20:00:00-00:00","2019-03-27T21:00:00-00:00","SP15","Wind","Renewable Forecast Actual Generation","RENEW_FCST_ACT_MW",3,1,1425.96602,"ACTUAL",4
"90","2019-03-27",15,0,"2019-03-27T21:00:00-00:00","2019-03-27T22:00:00-00:00","SP15","Wind","Renewable Forecast Actual Generation","RENEW_FCST_ACT_MW",3,1,1474.27621,"ACTUAL",4
"91","2019-03-27",16,0,"2019-03-27T22:00:00-00:00","2019-03-27T23:00:00-00:00","SP15","Wind","Renewable Forecast Actual Generation","RENEW_FCST_ACT_MW",3,1,1561.67811,"ACTUAL",4
"92","2019-03-27",17,0,"2019-03-27T23:00:00-00:00","2019-03-28T00:00:00-00:00","SP15","Wind","Renewable Forecast Actual Generation","RENEW_FCST_ACT_MW",3,1,1384.86982,"ACTUAL",4
"93","2019-03-27",18,0,"2019-03-28T00:00:00-00:00","2019-03-28T01:00:00-00:00","ZP26","Solar","Renewable Forecast Actual Generation","RENEW_FCST_ACT_MW",3,3,573.73688,"ACTUAL",5
"94","2019-03-27",17,0,"2019-03-27T23:00:00-00:00","2019-03-28T00:00:00-00:00","ZP26","Solar","Renewable Forecast Actual Generation","RENEW_FCST_ACT_MW",3,3,771.29024,"ACTUAL",5
"95","2019-03-27",20,0,"2019-03-28T02:00:00-00:00","2019-03-28T03:00:00-00:00","ZP26","Solar","Renewable Forecast Actual Generation","RENEW_FCST_ACT_MW",3,3,-2.38446,"ACTUAL",5
"96","2019-03-27",21,0,"2019-03-28T03:00:00-00:00","2019-03-28T04:00:00-00:00","ZP26","Solar","Renewable Forecast Actual Generation","RENEW_FCST_ACT_MW",3,3,-3.58348,"ACTUAL",5
"97","2019-03-27",22,0,"2019-03-28T04:00:00-00:00","2019-03-28T05:00:00-00:00","ZP26","Solar","Renewable Forecast Actual Generation","RENEW_FCST_ACT_MW",3,3,-3.57373,"ACTUAL",5
"98","2019-03-27",23,0,"2019-03-28T05:00:00-00:00","2019-03-28T06:00:00-00:00","ZP26","Solar","Renewable Forecast Actual Generation","RENEW_FCST_ACT_MW",3,3,-3.57124,"ACTUAL",5
"99","2019-03-27",24,0,"2019-03-28T06:00:00-00:00","2019-03-28T07:00:00-00:00","ZP26","Solar","Renewable Forecast Actual Generation","RENEW_FCST_ACT_MW",3,3,-3.52491,"ACTUAL",5
"100","2019-03-27",2,0,"2019-03-27T08:00:00-00:00","2019-03-27T09:00:00-00:00","ZP26","Solar","Renewable Forecast Actual Generation","RENEW_FCST_ACT_MW",3,3,-3.62655,"ACTUAL",5
"101","2019-03-27",3,0,"2019-03-27T09:00:00-00:00","2019-03-27T10:00:00-00:00","ZP26","Solar","Renewable Forecast Actual Generation","RENEW_FCST_ACT_MW",3,3,-3.61518,"ACTUAL",5
"102","2019-03-27",4,0,"2019-03-27T10:00:00-00:00","2019-03-27T11:00:00-00:00","ZP26","Solar","Renewable Forecast Actual Generation","RENEW_FCST_ACT_MW",3,3,-3.61705,"ACTUAL",5
"103","2019-03-27",5,0,"2019-03-27T11:00:00-00:00","2019-03-27T12:00:00-00:00","ZP26","Solar","Renewable Forecast Actual Generation","RENEW_FCST_ACT_MW",3,3,-3.82495,"ACTUAL",5
"104","2019-03-27",6,0,"2019-03-27T12:00:00-00:00","2019-03-27T13:00:00-00:00","ZP26","Solar","Renewable Forecast Actual Generation","RENEW_FCST_ACT_MW",3,3,-3.74447,"ACTUAL",5
"105","2019-03-27",7,0,"2019-03-27T13:00:00-00:00","2019-03-27T14:00:00-00:00","ZP26","Solar","Renewable Forecast Actual Generation","RENEW_FCST_ACT_MW",3,3,-3.82464,"ACTUAL",5
"106","2019-03-27",8,0,"2019-03-27T14:00:00-00:00","2019-03-27T15:00:00-00:00","ZP26","Solar","Renewable Forecast Actual Generation","RENEW_FCST_ACT_MW",3,3,53.07374,"ACTUAL",5
"107","2019-03-27",9,0,"2019-03-27T15:00:00-00:00","2019-03-27T16:00:00-00:00","ZP26","Solar","Renewable Forecast Actual Generation","RENEW_FCST_ACT_MW",3,3,237.8933,"ACTUAL",5
"108","2019-03-27",10,0,"2019-03-27T16:00:00-00:00","2019-03-27T17:00:00-00:00","ZP26","Solar","Renewable Forecast Actual Generation","RENEW_FCST_ACT_MW",3,3,377.41387,"ACTUAL",5
"109","2019-03-27",11,0,"2019-03-27T17:00:00-00:00","2019-03-27T18:00:00-00:00","ZP26","Solar","Renewable Forecast Actual Generation","RENEW_FCST_ACT_MW",3,3,521.58281,"ACTUAL",5
"110","2019-03-27",12,0,"2019-03-27T18:00:00-00:00","2019-03-27T19:00:00-00:00","ZP26","Solar","Renewable Forecast Actual Generation","RENEW_FCST_ACT_MW",3,3,816.77116,"ACTUAL",5
"111","2019-03-27",13,0,"2019-03-27T19:00:00-00:00","2019-03-27T20:00:00-00:00","ZP26","Solar","Renewable Forecast Actual Generation","RENEW_FCST_ACT_MW",3,3,1130.56542,"ACTUAL",5
"112","2019-03-27",14,0,"2019-03-27T20:00:00-00:00","2019-03-27T21:00:00-00:00","ZP26","Solar","Renewable Forecast Actual Generation","RENEW_FCST_ACT_MW",3,3,1095.92348,"ACTUAL",5
"113","2019-03-27",15,0,"2019-03-27T21:00:00-00:00","2019-03-27T22:00:00-00:00","ZP26","Solar","Renewable Forecast Actual Generation","RENEW_FCST_ACT_MW",3,3,1037.68487,"ACTUAL",5
"114","2019-03-27",16,0,"2019-03-27T22:00:00-00:00","2019-03-27T23:00:00-00:00","ZP26","Solar","Renewable Forecast Actual Generation","RENEW_FCST_ACT_MW",3,3,863.33586,"ACTUAL",5
"115","2019-03-27",19,0,"2019-03-28T01:00:00-00:00","2019-03-28T02:00:00-00:00","ZP26","Solar","Renewable Forecast Actual Generation","RENEW_FCST_ACT_MW",3,3,182.36514,"ACTUAL",5
"116","2019-03-28",1,0,"2019-03-28T07:00:00-00:00","2019-03-28T08:00:00-00:00","NP15","Solar","Renewable Forecast Actual Generation","RENEW_FCST_ACT_MW",3,3,-0.74439,"ACTUAL",6
"117","2019-03-28",1,0,"2019-03-28T07:00:00-00:00","2019-03-28T08:00:00-00:00","NP15","Wind","Renewable Forecast Actual Generation","RENEW_FCST_ACT_MW",3,1,61.46525,"ACTUAL",7
"118","2019-03-28",1,0,"2019-03-28T07:00:00-00:00","2019-03-28T08:00:00-00:00","SP15","Solar","Renewable Forecast Actual Generation","RENEW_FCST_ACT_MW",3,3,-27.14278,"ACTUAL",8
"119","2019-03-28",1,0,"2019-03-28T07:00:00-00:00","2019-03-28T08:00:00-00:00","SP15","Wind","Renewable Forecast Actual Generation","RENEW_FCST_ACT_MW",3,1,1563.14036,"ACTUAL",9
"120","2019-03-28",1,0,"2019-03-28T07:00:00-00:00","2019-03-28T08:00:00-00:00","ZP26","Solar","Renewable Forecast Actual Generation","RENEW_FCST_ACT_MW",3,3,-3.63863,"ACTUAL",10
