"","OPR_DT","OPR_HR","OPR_INTERVAL","INTERVALSTARTTIME_GMT","INTERVALENDTIME_GMT","TRADING_HUB","RENEWABLE_TYPE","LABEL","XML_DATA_ITEM","MARKET_RUN_ID_POS","RENEW_POS","MW","MARKET_RUN_ID","GROUP"
"1","2019-11-16",1,0,"2019-11-16T08:00:00-00:00","2019-11-16T09:00:00-00:00","NP15","Solar","Renewable Forecast Actual Generation","RENEW_FCST_ACT_MW",3,3,-3.52819,"ACTUAL",1
"2","2019-11-16",2,0,"2019-11-16T09:00:00-00:00","2019-11-16T10:00:00-00:00","NP15","Solar","Renewable Forecast Actual Generation","RENEW_FCST_ACT_MW",3,3,-3.48193,"ACTUAL",1
"3","2019-11-16",3,0,"2019-11-16T10:00:00-00:00","2019-11-16T11:00:00-00:00","NP15","Solar","Renewable Forecast Actual Generation","RENEW_FCST_ACT_MW",3,3,-3.54122,"ACTUAL",1
"4","2019-11-16",4,0,"2019-11-16T11:00:00-00:00","2019-11-16T12:00:00-00:00","NP15","Solar","Renewable Forecast Actual Generation","RENEW_FCST_ACT_MW",3,3,-3.5616,"ACTUAL",1
"5","2019-11-16",5,0,"2019-11-16T12:00:00-00:00","2019-11-16T13:00:00-00:00","NP15","Solar","Renewable Forecast Actual Generation","RENEW_FCST_ACT_MW",3,3,-3.54915,"ACTUAL",1
"6","2019-11-16",6,0,"2019-11-16T13:00:00-00:00","2019-11-16T14:00:00-00:00","NP15","Solar","Renewable Forecast Actual Generation","RENEW_FCST_ACT_MW",3,3,-3.53573,"ACTUAL",1
"7","2019-11-16",7,0,"2019-11-16T14:00:00-00:00","2019-11-16T15:00:00-00:00","NP15","Solar","Renewable Forecast Actual Generation","RENEW_FCST_ACT_MW",3,3,0.93464,"ACTUAL",1
"8","2019-11-16",8,0,"2019-11-16T15:00:00-00:00","2019-11-16T16:00:00-00:00","NP15","Solar","Renewable Forecast Actual Generation","RENEW_FCST_ACT_MW",3,3,261.36916,"ACTUAL",1
"9","2019-11-16",9,0,"2019-11-16T16:00:00-00:00","2019-11-16T17:00:00-00:00","NP15","Solar","Renewable Forecast Actual Generation","RENEW_FCST_ACT_MW",3,3,704.61839,"ACTUAL",1
"10","2019-11-16",10,0,"2019-11-16T17:00:00-00:00","2019-11-16T18:00:00-00:00","NP15","Solar","Renewable Forecast Actual Generation","RENEW_FCST_ACT_MW",3,3,813.41917,"ACTUAL",1
"11","2019-11-16",11,0,"2019-11-16T18:00:00-00:00","2019-11-16T19:00:00-00:00","NP15","Solar","Renewable Forecast Actual Generation","RENEW_FCST_ACT_MW",3,3,807.08534,"ACTUAL",1
"12","2019-11-16",12,0,"2019-11-16T19:00:00-00:00","2019-11-16T20:00:00-00:00","NP15","Solar","Renewable Forecast Actual Generation","RENEW_FCST_ACT_MW",3,3,775.74032,"ACTUAL",1
"13","2019-11-16",13,0,"2019-11-16T20:00:00-00:00","2019-11-16T21:00:00-00:00","NP15","Solar","Renewable Forecast Actual Generation","RENEW_FCST_ACT_MW",3,3,796.22791,"ACTUAL",1
"14","2019-11-16",14,0,"2019-11-16T21:00:00-00:00","2019-11-16T22:00:00-00:00","NP15","Solar","Renewable Forecast Actual Generation","RENEW_FCST_ACT_MW",3,3,846.83039,"ACTUAL",1
"15","2019-11-16",15,0,"2019-11-16T22:00:00-00:00","2019-11-16T23:00:00-00:00","NP15","Solar","Renewable Forecast Actual Generation","RENEW_FCST_ACT_MW",3,3,842.66773,"ACTUAL",1
"16","2019-11-16",16,0,"2019-11-16T23:00:00-00:00","2019-11-17T00:00:00-00:00","NP15","Solar","Renewable Forecast Actual Generation","RENEW_FCST_ACT_MW",3,3,539.56236,"ACTUAL",1
"17","2019-11-16",17,0,"2019-11-17T00:00:00-00:00","2019-11-17T01:00:00-00:00","NP15","Solar","Renewable Forecast Actual Generation","RENEW_FCST_ACT_MW",3,3,60.49458,"ACTUAL",1
"18","2019-11-16",18,0,"2019-11-17T01:00:00-00:00","2019-11-17T02:00:00-00:00","NP15","Solar","Renewable Forecast Actual Generation","RENEW_FCST_ACT_MW",3,3,-3.72258,"ACTUAL",1
"19","2019-11-16",19,0,"2019-11-17T02:00:00-00:00","2019-11-17T03:00:00-00:00","NP15","Solar","Renewable Forecast Actual Generation","RENEW_FCST_ACT_MW",3,3,-3.51721,"ACTUAL",1
"20","2019-11-16",20,0,"2019-11-17T03:00:00-00:00","2019-11-17T04:00:00-00:00","NP15","Solar","Renewable Forecast Actual Generation","RENEW_FCST_ACT_MW",3,3,-3.5245,"ACTUAL",1
"21","2019-11-16",21,0,"2019-11-17T04:00:00-00:00","2019-11-17T05:00:00-00:00","NP15","Solar","Renewable Forecast Actual Generation","RENEW_FCST_ACT_MW",3,3,-3.56305,"ACTUAL",1
"22","2019-11-16",22,0,"2019-11-17T05:00:00-00:00","2019-11-17T06:00:00-00:00","NP15","Solar","Renewable Forecast Actual Generation","RENEW_FCST_ACT_MW",3,3,-3.57487,"ACTUAL",1
"23","2019-11-16",23,0,"2019-11-17T06:00:00-00:00","2019-11-17T07:00:00-00:00","NP15","Solar","Renewable Forecast Actual Generation","RENEW_FCST_ACT_MW",3,3,-3.5708,"ACTUAL",1
"24","2019-11-16",24,0,"2019-11-17T07:00:00-00:00","2019-11-17T08:00:00-00:00","NP15","Solar","Renewable Forecast Actual Generation","RENEW_FCST_ACT_MW",3,3,-3.58524,"ACTUAL",1
"25","2019-11-16",1,0,"2019-11-16T08:00:00-00:00","2019-11-16T09:00:00-00:00","NP15","Wind","Renewable Forecast Actual Generation","RENEW_FCST_ACT_MW",3,1,188.99877,"ACTUAL",2
"26","2019-11-16",24,0,"2019-11-17T07:00:00-00:00","2019-11-17T08:00:00-00:00","NP15","Wind","Renewable Forecast Actual Generation","RENEW_FCST_ACT_MW",3,1,56.29878,"ACTUAL",2
"27","2019-11-16",3,0,"2019-11-16T10:00:00-00:00","2019-11-16T11:00:00-00:00","NP15","Wind","Renewable Forecast Actual Generation","RENEW_FCST_ACT_MW",3,1,189.67238,"ACTUAL",2
"28","2019-11-16",4,0,"2019-11-16T11:00:00-00:00","2019-11-16T12:00:00-00:00","NP15","Wind","Renewable Forecast Actual Generation","RENEW_FCST_ACT_MW",3,1,170.75052,"ACTUAL",2
"29","2019-11-16",5,0,"2019-11-16T12:00:00-00:00","2019-11-16T13:00:00-00:00","NP15","Wind","Renewable Forecast Actual Generation","RENEW_FCST_ACT_MW",3,1,106.16543,"ACTUAL",2
"30","2019-11-16",6,0,"2019-11-16T13:00:00-00:00","2019-11-16T14:00:00-00:00","NP15","Wind","Renewable Forecast Actual Generation","RENEW_FCST_ACT_MW",3,1,124.13128,"ACTUAL",2
"31","2019-11-16",7,0,"2019-11-16T14:00:00-00:00","2019-11-16T15:00:00-00:00","NP15","Wind","Renewable Forecast Actual Generation","RENEW_FCST_ACT_MW",3,1,108.93633,"ACTUAL",2
"32","2019-11-16",8,0,"2019-11-16T15:00:00-00:00","2019-11-16T16:00:00-00:00","NP15","Wind","Renewable Forecast Actual Generation","RENEW_FCST_ACT_MW",3,1,54.4776,"ACTUAL",2
"33","2019-11-16",9,0,"2019-11-16T16:00:00-00:00","2019-11-16T17:00:00-00:00","NP15","Wind","Renewable Forecast Actual Generation","RENEW_FCST_ACT_MW",3,1,28.07965,"ACTUAL",2
"34","2019-11-16",10,0,"2019-11-16T17:00:00-00:00","2019-11-16T18:00:00-00:00","NP15","Wind","Renewable Forecast Actual Generation","RENEW_FCST_ACT_MW",3,1,37.87142,"ACTUAL",2
"35","2019-11-16",11,0,"2019-11-16T18:00:00-00:00","2019-11-16T19:00:00-00:00","NP15","Wind","Renewable Forecast Actual Generation","RENEW_FCST_ACT_MW",3,1,93.47568,"ACTUAL",2
"36","2019-11-16",12,0,"2019-11-16T19:00:00-00:00","2019-11-16T20:00:00-00:00","NP15","Wind","Renewable Forecast Actual Generation","RENEW_FCST_ACT_MW",3,1,144.41244,"ACTUAL",2
"37","2019-11-16",13,0,"2019-11-16T20:00:00-00:00","2019-11-16T21:00:00-00:00","NP15","Wind","Renewable Forecast Actual Generation","RENEW_FCST_ACT_MW",3,1,69.08835,"ACTUAL",2
"38","2019-11-16",14,0,"2019-11-16T21:00:00-00:00","2019-11-16T22:00:00-00:00","NP15","Wind","Renewable Forecast Actual Generation","RENEW_FCST_ACT_MW",3,1,22.89908,"ACTUAL",2
"39","2019-11-16",15,0,"2019-11-16T22:00:00-00:00","2019-11-16T23:00:00-00:00","NP15","Wind","Renewable Forecast Actual Generation","RENEW_FCST_ACT_MW",3,1,14.3661,"ACTUAL",2
"40","2019-11-16",16,0,"2019-11-16T23:00:00-00:00","2019-11-17T00:00:00-00:00","NP15","Wind","Renewable Forecast Actual Generation","RENEW_FCST_ACT_MW",3,1,16.93538,"ACTUAL",2
"41","2019-11-16",17,0,"2019-11-17T00:00:00-00:00","2019-11-17T01:00:00-00:00","NP15","Wind","Renewable Forecast Actual Generation","RENEW_FCST_ACT_MW",3,1,11.16782,"ACTUAL",2
"42","2019-11-16",18,0,"2019-11-17T01:00:00-00:00","2019-11-17T02:00:00-00:00","NP15","Wind","Renewable Forecast Actual Generation","RENEW_FCST_ACT_MW",3,1,25.97725,"ACTUAL",2
"43","2019-11-16",19,0,"2019-11-17T02:00:00-00:00","2019-11-17T03:00:00-00:00","NP15","Wind","Renewable Forecast Actual Generation","RENEW_FCST_ACT_MW",3,1,41.29681,"ACTUAL",2
"44","2019-11-16",20,0,"2019-11-17T03:00:00-00:00","2019-11-17T04:00:00-00:00","NP15","Wind","Renewable Forecast Actual Generation","RENEW_FCST_ACT_MW",3,1,55.63025,"ACTUAL",2
"45","2019-11-16",21,0,"2019-11-17T04:00:00-00:00","2019-11-17T05:00:00-00:00","NP15","Wind","Renewable Forecast Actual Generation","RENEW_FCST_ACT_MW",3,1,55.09083,"ACTUAL",2
"46","2019-11-16",22,0,"2019-11-17T05:00:00-00:00","2019-11-17T06:00:00-00:00","NP15","Wind","Renewable Forecast Actual Generation","RENEW_FCST_ACT_MW",3,1,56.92503,"ACTUAL",2
"47","2019-11-16",23,0,"2019-11-17T06:00:00-00:00","2019-11-17T07:00:00-00:00","NP15","Wind","Renewable Forecast Actual Generation","RENEW_FCST_ACT_MW",3,1,58.93843,"ACTUAL",2
"48","2019-11-16",2,0,"2019-11-16T09:00:00-00:00","2019-11-16T10:00:00-00:00","NP15","Wind","Renewable Forecast Actual Generation","RENEW_FCST_ACT_MW",3,1,199.19608,"ACTUAL",2
"49","2019-11-16",24,0,"2019-11-17T07:00:00-00:00","2019-11-17T08:00:00-00:00","SP15","Solar","Renewable Forecast Actual Generation","RENEW_FCST_ACT_MW",3,3,-12.10807,"ACTUAL",3
"50","2019-11-16",2,0,"2019-11-16T09:00:00-00:00","2019-11-16T10:00:00-00:00","SP15","Solar","Renewable Forecast Actual Generation","RENEW_FCST_ACT_MW",3,3,-12.46378,"ACTUAL",3
"51","2019-11-16",23,0,"2019-11-17T06:00:00-00:00","2019-11-17T07:00:00-00:00","SP15","Solar","Renewable Forecast Actual Generation","RENEW_FCST_ACT_MW",3,3,-9.22433,"ACTUAL",3
"52","2019-11-16",6,0,"2019-11-16T13:00:00-00:00","2019-11-16T14:00:00-00:00","SP15","Solar","Renewable Forecast Actual Generation","RENEW_FCST_ACT_MW",3,3,-13.38771,"ACTUAL",3
"53","2019-11-16",22,0,"2019-11-17T05:00:00-00:00","2019-11-17T06:00:00-00:00","SP15","Solar","Renewable Forecast Actual Generation","RENEW_FCST_ACT_MW",3,3,-6.49947,"ACTUAL",3
"54","2019-11-16",11,0,"2019-11-16T18:00:00-00:00","2019-11-16T19:00:00-00:00","SP15","Solar","Renewable Forecast Actual Generation","RENEW_FCST_ACT_MW",3,3,5412.78629,"ACTUAL",3
"55","2019-11-16",21,0,"2019-11-17T04:00:00-00:00","2019-11-17T05:00:00-00:00","SP15","Solar","Renewable Forecast Actual Generation","RENEW_FCST_ACT_MW",3,3,-6.31487,"ACTUAL",3
"56","2019-11-16",3,0,"2019-11-16T10:00:00-00:00","2019-11-16T11:00:00-00:00","SP15","Solar","Renewable Forecast Actual Generation","RENEW_FCST_ACT_MW",3,3,-13.15261,"ACTUAL",3
"57","2019-11-16",20,0,"2019-11-17T03:00:00-00:00","2019-11-17T04:00:00-00:00","SP15","Solar","Renewable Forecast Actual Generation","RENEW_FCST_ACT_MW",3,3,-6.16466,"ACTUAL",3
"58","2019-11-16",10,0,"2019-11-16T17:00:00-00:00","2019-11-16T18:00:00-00:00","SP15","Solar","Renewable Forecast Actual Generation","RENEW_FCST_ACT_MW",3,3,5451.33866,"ACTUAL",3
"59","2019-11-16",19,0,"2019-11-17T02:00:00-00:00","2019-11-17T03:00:00-00:00","SP15","Solar","Renewable Forecast Actual Generation","RENEW_FCST_ACT_MW",3,3,-5.91685,"ACTUAL",3
"60","2019-11-16",5,0,"2019-11-16T12:00:00-00:00","2019-11-16T13:00:00-00:00","SP15","Solar","Renewable Forecast Actual Generation","RENEW_FCST_ACT_MW",3,3,-15.89226,"ACTUAL",3
"61","2019-11-16",18,0,"2019-11-17T01:00:00-00:00","2019-11-17T02:00:00-00:00","SP15","Solar","Renewable Forecast Actual Generation","RENEW_FCST_ACT_MW",3,3,-6.751,"ACTUAL",3
"62","2019-11-16",9,0,"2019-11-16T16:00:00-00:00","2019-11-16T17:00:00-00:00","SP15","Solar","Renewable Forecast Actual Generation","RENEW_FCST_ACT_MW",3,3,4732.00272,"ACTUAL",3
"63","2019-11-16",17,0,"2019-11-17T00:00:00-00:00","2019-11-17T01:00:00-00:00","SP15","Solar","Renewable Forecast Actual Generation","RENEW_FCST_ACT_MW",3,3,345.82638,"ACTUAL",3
"64","2019-11-16",1,0,"2019-11-16T08:00:00-00:00","2019-11-16T09:00:00-00:00","SP15","Solar","Renewable Forecast Actual Generation","RENEW_FCST_ACT_MW",3,3,-12.60187,"ACTUAL",3
"65","2019-11-16",16,0,"2019-11-16T23:00:00-00:00","2019-11-17T00:00:00-00:00","SP15","Solar","Renewable Forecast Actual Generation","RENEW_FCST_ACT_MW",3,3,2774.60215,"ACTUAL",3
"66","2019-11-16",8,0,"2019-11-16T15:00:00-00:00","2019-11-16T16:00:00-00:00","SP15","Solar","Renewable Forecast Actual Generation","RENEW_FCST_ACT_MW",3,3,2277.2558,"ACTUAL",3
"67","2019-11-16",15,0,"2019-11-16T22:00:00-00:00","2019-11-16T23:00:00-00:00","SP15","Solar","Renewable Forecast Actual Generation","RENEW_FCST_ACT_MW",3,3,4900.01286,"ACTUAL",3
"68","2019-11-16",4,0,"2019-11-16T11:00:00-00:00","2019-11-16T12:00:00-00:00","SP15","Solar","Renewable Forecast Actual Generation","RENEW_FCST_ACT_MW",3,3,-15.19586,"ACTUAL",3
"69","2019-11-16",14,0,"2019-11-16T21:00:00-00:00","2019-11-16T22:00:00-00:00","SP15","Solar","Renewable Forecast Actual Generation","RENEW_FCST_ACT_MW",3,3,5430.38078,"ACTUAL",3
"70","2019-11-16",7,0,"2019-11-16T14:00:00-00:00","2019-11-16T15:00:00-00:00","SP15","Solar","Renewable Forecast Actual Generation","RENEW_FCST_ACT_MW",3,3,204.38785,"ACTUAL",3
"71","2019-11-16",13,0,"2019-11-16T20:00:00-00:00","2019-11-16T21:00:00-00:00","SP15","Solar","Renewable Forecast Actual Generation","RENEW_FCST_ACT_MW",3,3,5504.15297,"ACTUAL",3
"72","2019-11-16",12,0,"2019-11-16T19:00:00-00:00","2019-11-16T20:00:00-00:00","SP15","Solar","Renewable Forecast Actual Generation","RENEW_FCST_ACT_MW",3,3,5339.01224,"ACTUAL",3
"73","2019-11-16",23,0,"2019-11-17T06:00:00-00:00","2019-11-17T07:00:00-00:00","SP15","Wind","Renewable Forecast Actual Generation","RENEW_FCST_ACT_MW",3,1,222.30471,"ACTUAL",4
"74","2019-11-16",22,0,"2019-11-17T05:00:00-00:00","2019-11-17T06:00:00-00:00","SP15","Wind","Renewable Forecast Actual Generation","RENEW_FCST_ACT_MW",3,1,213.38833,"ACTUAL",4
"75","2019-11-16",21,0,"2019-11-17T04:00:00-00:00","2019-11-17T05:00:00-00:00","SP15","Wind","Renewable Forecast Actual Generation","RENEW_FCST_ACT_MW",3,1,162.18255,"ACTUAL",4
"76","2019-11-16",20,0,"2019-11-17T03:00:00-00:00","2019-11-17T04:00:00-00:00","SP15","Wind","Renewable Forecast Actual Generation","RENEW_FCST_ACT_MW",3,1,126.99843,"ACTUAL",4
"77","2019-11-16",19,0,"2019-11-17T02:00:00-00:00","2019-11-17T03:00:00-00:00","SP15","Wind","Renewable Forecast Actual Generation","RENEW_FCST_ACT_MW",3,1,128.12698,"ACTUAL",4
"78","2019-11-16",18,0,"2019-11-17T01:00:00-00:00","2019-11-17T02:00:00-00:00","SP15","Wind","Renewable Forecast Actual Generation","RENEW_FCST_ACT_MW",3,1,127.26484,"ACTUAL",4
"79","2019-11-16",17,0,"2019-11-17T00:00:00-00:00","2019-11-17T01:00:00-00:00","SP15","Wind","Renewable Forecast Actual Generation","RENEW_FCST_ACT_MW",3,1,142.69113,"ACTUAL",4
"80","2019-11-16",16,0,"2019-11-16T23:00:00-00:00","2019-11-17T00:00:00-00:00","SP15","Wind","Renewable Forecast Actual Generation","RENEW_FCST_ACT_MW",3,1,199.97705,"ACTUAL",4
"81","2019-11-16",15,0,"2019-11-16T22:00:00-00:00","2019-11-16T23:00:00-00:00","SP15","Wind","Renewable Forecast Actual Generation","RENEW_FCST_ACT_MW",3,1,216.94834,"ACTUAL",4
"82","2019-11-16",14,0,"2019-11-16T21:00:00-00:00","2019-11-16T22:00:00-00:00","SP15","Wind","Renewable Forecast Actual Generation","RENEW_FCST_ACT_MW",3,1,248.61929,"ACTUAL",4
"83","2019-11-16",13,0,"2019-11-16T20:00:00-00:00","2019-11-16T21:00:00-00:00","SP15","Wind","Renewable Forecast Actual Generation","RENEW_FCST_ACT_MW",3,1,288.37903,"ACTUAL",4
"84","2019-11-16",12,0,"2019-11-16T19:00:00-00:00","2019-11-16T20:00:00-00:00","SP15","Wind","Renewable Forecast Actual Generation","RENEW_FCST_ACT_MW",3,1,296.40427,"ACTUAL",4
"85","2019-11-16",11,0,"2019-11-16T18:00:00-00:00","2019-11-16T19:00:00-00:00","SP15","Wind","Renewable Forecast Actual Generation","RENEW_FCST_ACT_MW",3,1,221.04307,"ACTUAL",4
"86","2019-11-16",10,0,"2019-11-16T17:00:00-00:00","2019-11-16T18:00:00-00:00","SP15","Wind","Renewable Forecast Actual Generation","RENEW_FCST_ACT_MW",3,1,205.30383,"ACTUAL",4
"87","2019-11-16",9,0,"2019-11-16T16:00:00-00:00","2019-11-16T17:00:00-00:00","SP15","Wind","Renewable Forecast Actual Generation","RENEW_FCST_ACT_MW",3,1,158.17373,"ACTUAL",4
"88","2019-11-16",8,0,"2019-11-16T15:00:00-00:00","2019-11-16T16:00:00-00:00","SP15","Wind","Renewable Forecast Actual Generation","RENEW_FCST_ACT_MW",3,1,141.59305,"ACTUAL",4
"89","2019-11-16",7,0,"2019-11-16T14:00:00-00:00","2019-11-16T15:00:00-00:00","SP15","Wind","Renewable Forecast Actual Generation","RENEW_FCST_ACT_MW",3,1,162.41361,"ACTUAL",4
"90","2019-11-16",6,0,"2019-11-16T13:00:00-00:00","2019-11-16T14:00:00-00:00","SP15","Wind","Renewable Forecast Actual Generation","RENEW_FCST_ACT_MW",3,1,190.32945,"ACTUAL",4
"91","2019-11-16",5,0,"2019-11-16T12:00:00-00:00","2019-11-16T13:00:00-00:00","SP15","Wind","Renewable Forecast Actual Generation","RENEW_FCST_ACT_MW",3,1,172.85761,"ACTUAL",4
"92","2019-11-16",4,0,"2019-11-16T11:00:00-00:00","2019-11-16T12:00:00-00:00","SP15","Wind","Renewable Forecast Actual Generation","RENEW_FCST_ACT_MW",3,1,136.81132,"ACTUAL",4
"93","2019-11-16",3,0,"2019-11-16T10:00:00-00:00","2019-11-16T11:00:00-00:00","SP15","Wind","Renewable Forecast Actual Generation","RENEW_FCST_ACT_MW",3,1,138.56959,"ACTUAL",4
"94","2019-11-16",2,0,"2019-11-16T09:00:00-00:00","2019-11-16T10:00:00-00:00","SP15","Wind","Renewable Forecast Actual Generation","RENEW_FCST_ACT_MW",3,1,114.43051,"ACTUAL",4
"95","2019-11-16",24,0,"2019-11-17T07:00:00-00:00","2019-11-17T08:00:00-00:00","SP15","Wind","Renewable Forecast Actual Generation","RENEW_FCST_ACT_MW",3,1,276.84689,"ACTUAL",4
"96","2019-11-16",1,0,"2019-11-16T08:00:00-00:00","2019-11-16T09:00:00-00:00","SP15","Wind","Renewable Forecast Actual Generation","RENEW_FCST_ACT_MW",3,1,100.30896,"ACTUAL",4
"97","2019-11-16",1,0,"2019-11-16T08:00:00-00:00","2019-11-16T09:00:00-00:00","ZP26","Solar","Renewable Forecast Actual Generation","RENEW_FCST_ACT_MW",3,3,-4.85101,"ACTUAL",5
"98","2019-11-16",24,0,"2019-11-17T07:00:00-00:00","2019-11-17T08:00:00-00:00","ZP26","Solar","Renewable Forecast Actual Generation","RENEW_FCST_ACT_MW",3,3,-5.78572,"ACTUAL",5
"99","2019-11-16",3,0,"2019-11-16T10:00:00-00:00","2019-11-16T11:00:00-00:00","ZP26","Solar","Renewable Forecast Actual Generation","RENEW_FCST_ACT_MW",3,3,-5.71935,"ACTUAL",5
"100","2019-11-16",4,0,"2019-11-16T11:00:00-00:00","2019-11-16T12:00:00-00:00","ZP26","Solar","Renewable Forecast Actual Generation","RENEW_FCST_ACT_MW",3,3,-4.9249,"ACTUAL",5
"101","2019-11-16",5,0,"2019-11-16T12:00:00-00:00","2019-11-16T13:00:00-00:00","ZP26","Solar","Renewable Forecast Actual Generation","RENEW_FCST_ACT_MW",3,3,-4.90052,"ACTUAL",5
"102","2019-11-16",6,0,"2019-11-16T13:00:00-00:00","2019-11-16T14:00:00-00:00","ZP26","Solar","Renewable Forecast Actual Generation","RENEW_FCST_ACT_MW",3,3,-4.88173,"ACTUAL",5
"103","2019-11-16",7,0,"2019-11-16T14:00:00-00:00","2019-11-16T15:00:00-00:00","ZP26","Solar","Renewable Forecast Actual Generation","RENEW_FCST_ACT_MW",3,3,1.50674,"ACTUAL",5
"104","2019-11-16",8,0,"2019-11-16T15:00:00-00:00","2019-11-16T16:00:00-00:00","ZP26","Solar","Renewable Forecast Actual Generation","RENEW_FCST_ACT_MW",3,3,265.75693,"ACTUAL",5
"105","2019-11-16",9,0,"2019-11-16T16:00:00-00:00","2019-11-16T17:00:00-00:00","ZP26","Solar","Renewable Forecast Actual Generation","RENEW_FCST_ACT_MW",3,3,844.70011,"ACTUAL",5
"106","2019-11-16",10,0,"2019-11-16T17:00:00-00:00","2019-11-16T18:00:00-00:00","ZP26","Solar","Renewable Forecast Actual Generation","RENEW_FCST_ACT_MW",3,3,1162.69982,"ACTUAL",5
"107","2019-11-16",11,0,"2019-11-16T18:00:00-00:00","2019-11-16T19:00:00-00:00","ZP26","Solar","Renewable Forecast Actual Generation","RENEW_FCST_ACT_MW",3,3,1235.99325,"ACTUAL",5
"108","2019-11-16",12,0,"2019-11-16T19:00:00-00:00","2019-11-16T20:00:00-00:00","ZP26","Solar","Renewable Forecast Actual Generation","RENEW_FCST_ACT_MW",3,3,1251.1408,"ACTUAL",5
"109","2019-11-16",13,0,"2019-11-16T20:00:00-00:00","2019-11-16T21:00:00-00:00","ZP26","Solar","Renewable Forecast Actual Generation","RENEW_FCST_ACT_MW",3,3,1265.35081,"ACTUAL",5
"110","2019-11-16",14,0,"2019-11-16T21:00:00-00:00","2019-11-16T22:00:00-00:00","ZP26","Solar","Renewable Forecast Actual Generation","RENEW_FCST_ACT_MW",3,3,1245.48323,"ACTUAL",5
"111","2019-11-16",15,0,"2019-11-16T22:00:00-00:00","2019-11-16T23:00:00-00:00","ZP26","Solar","Renewable Forecast Actual Generation","RENEW_FCST_ACT_MW",3,3,1115.25106,"ACTUAL",5
"112","2019-11-16",16,0,"2019-11-16T23:00:00-00:00","2019-11-17T00:00:00-00:00","ZP26","Solar","Renewable Forecast Actual Generation","RENEW_FCST_ACT_MW",3,3,632.6724,"ACTUAL",5
"113","2019-11-16",17,0,"2019-11-17T00:00:00-00:00","2019-11-17T01:00:00-00:00","ZP26","Solar","Renewable Forecast Actual Generation","RENEW_FCST_ACT_MW",3,3,85.7691,"ACTUAL",5
"114","2019-11-16",18,0,"2019-11-17T01:00:00-00:00","2019-11-17T02:00:00-00:00","ZP26","Solar","Renewable Forecast Actual Generation","RENEW_FCST_ACT_MW",3,3,-5.92477,"ACTUAL",5
"115","2019-11-16",19,0,"2019-11-17T02:00:00-00:00","2019-11-17T03:00:00-00:00","ZP26","Solar","Renewable Forecast Actual Generation","RENEW_FCST_ACT_MW",3,3,-5.75802,"ACTUAL",5
"116","2019-11-16",20,0,"2019-11-17T03:00:00-00:00","2019-11-17T04:00:00-00:00","ZP26","Solar","Renewable Forecast Actual Generation","RENEW_FCST_ACT_MW",3,3,-5.74572,"ACTUAL",5
"117","2019-11-16",21,0,"2019-11-17T04:00:00-00:00","2019-11-17T05:00:00-00:00","ZP26","Solar","Renewable Forecast Actual Generation","RENEW_FCST_ACT_MW",3,3,-5.758,"ACTUAL",5
"118","2019-11-16",22,0,"2019-11-17T05:00:00-00:00","2019-11-17T06:00:00-00:00","ZP26","Solar","Renewable Forecast Actual Generation","RENEW_FCST_ACT_MW",3,3,-5.70822,"ACTUAL",5
"119","2019-11-16",23,0,"2019-11-17T06:00:00-00:00","2019-11-17T07:00:00-00:00","ZP26","Solar","Renewable Forecast Actual Generation","RENEW_FCST_ACT_MW",3,3,-5.74073,"ACTUAL",5
"120","2019-11-16",2,0,"2019-11-16T09:00:00-00:00","2019-11-16T10:00:00-00:00","ZP26","Solar","Renewable Forecast Actual Generation","RENEW_FCST_ACT_MW",3,3,-4.86075,"ACTUAL",5
