"","OPR_DT","OPR_HR","OPR_INTERVAL","INTERVALSTARTTIME_GMT","INTERVALENDTIME_GMT","TRADING_HUB","RENEWABLE_TYPE","LABEL","XML_DATA_ITEM","MARKET_RUN_ID_POS","RENEW_POS","MW","MARKET_RUN_ID","GROUP"
"1","2019-09-03",2,0,"2019-09-03T08:00:00-00:00","2019-09-03T09:00:00-00:00","NP15","Solar","Renewable Forecast Actual Generation","RENEW_FCST_ACT_MW",3,3,-3.59898,"ACTUAL",1
"2","2019-09-03",3,0,"2019-09-03T09:00:00-00:00","2019-09-03T10:00:00-00:00","NP15","Solar","Renewable Forecast Actual Generation","RENEW_FCST_ACT_MW",3,3,-3.64573,"ACTUAL",1
"3","2019-09-03",4,0,"2019-09-03T10:00:00-00:00","2019-09-03T11:00:00-00:00","NP15","Solar","Renewable Forecast Actual Generation","RENEW_FCST_ACT_MW",3,3,-3.63969,"ACTUAL",1
"4","2019-09-03",5,0,"2019-09-03T11:00:00-00:00","2019-09-03T12:00:00-00:00","NP15","Solar","Renewable Forecast Actual Generation","RENEW_FCST_ACT_MW",3,3,-3.64345,"ACTUAL",1
"5","2019-09-03",6,0,"2019-09-03T12:00:00-00:00","2019-09-03T13:00:00-00:00","NP15","Solar","Renewable Forecast Actual Generation","RENEW_FCST_ACT_MW",3,3,-3.63396,"ACTUAL",1
"6","2019-09-03",7,0,"2019-09-03T13:00:00-00:00","2019-09-03T14:00:00-00:00","NP15","Solar","Renewable Forecast Actual Generation","RENEW_FCST_ACT_MW",3,3,4.06258,"ACTUAL",1
"7","2019-09-03",8,0,"2019-09-03T14:00:00-00:00","2019-09-03T15:00:00-00:00","NP15","Solar","Renewable Forecast Actual Generation","RENEW_FCST_ACT_MW",3,3,377.12974,"ACTUAL",1
"8","2019-09-03",9,0,"2019-09-03T15:00:00-00:00","2019-09-03T16:00:00-00:00","NP15","Solar","Renewable Forecast Actual Generation","RENEW_FCST_ACT_MW",3,3,1026.95352,"ACTUAL",1
"9","2019-09-03",10,0,"2019-09-03T16:00:00-00:00","2019-09-03T17:00:00-00:00","NP15","Solar","Renewable Forecast Actual Generation","RENEW_FCST_ACT_MW",3,3,1239.71316,"ACTUAL",1
"10","2019-09-03",11,0,"2019-09-03T17:00:00-00:00","2019-09-03T18:00:00-00:00","NP15","Solar","Renewable Forecast Actual Generation","RENEW_FCST_ACT_MW",3,3,1282.7978,"ACTUAL",1
"11","2019-09-03",12,0,"2019-09-03T18:00:00-00:00","2019-09-03T19:00:00-00:00","NP15","Solar","Renewable Forecast Actual Generation","RENEW_FCST_ACT_MW",3,3,1277.74959,"ACTUAL",1
"12","2019-09-03",13,0,"2019-09-03T19:00:00-00:00","2019-09-03T20:00:00-00:00","NP15","Solar","Renewable Forecast Actual Generation","RENEW_FCST_ACT_MW",3,3,1259.98901,"ACTUAL",1
"13","2019-09-03",14,0,"2019-09-03T20:00:00-00:00","2019-09-03T21:00:00-00:00","NP15","Solar","Renewable Forecast Actual Generation","RENEW_FCST_ACT_MW",3,3,1251.76923,"ACTUAL",1
"14","2019-09-03",15,0,"2019-09-03T21:00:00-00:00","2019-09-03T22:00:00-00:00","NP15","Solar","Renewable Forecast Actual Generation","RENEW_FCST_ACT_MW",3,3,1251.09787,"ACTUAL",1
"15","2019-09-03",16,0,"2019-09-03T22:00:00-00:00","2019-09-03T23:00:00-00:00","NP15","Solar","Renewable Forecast Actual Generation","RENEW_FCST_ACT_MW",3,3,1248.93683,"ACTUAL",1
"16","2019-09-03",17,0,"2019-09-03T23:00:00-00:00","2019-09-04T00:00:00-00:00","NP15","Solar","Renewable Forecast Actual Generation","RENEW_FCST_ACT_MW",3,3,1192.83341,"ACTUAL",1
"17","2019-09-03",18,0,"2019-09-04T00:00:00-00:00","2019-09-04T01:00:00-00:00","NP15","Solar","Renewable Forecast Actual Generation","RENEW_FCST_ACT_MW",3,3,954.85398,"ACTUAL",1
"18","2019-09-03",19,0,"2019-09-04T01:00:00-00:00","2019-09-04T02:00:00-00:00","NP15","Solar","Renewable Forecast Actual Generation","RENEW_FCST_ACT_MW",3,3,312.71132,"ACTUAL",1
"19","2019-09-03",20,0,"2019-09-04T02:00:00-00:00","2019-09-04T03:00:00-00:00","NP15","Solar","Renewable Forecast Actual Generation","RENEW_FCST_ACT_MW",3,3,6.49375,"ACTUAL",1
"20","2019-09-03",21,0,"2019-09-04T03:00:00-00:00","2019-09-04T04:00:00-00:00","NP15","Solar","Renewable Forecast Actual Generation","RENEW_FCST_ACT_MW",3,3,-2.78288,"ACTUAL",1
"21","2019-09-03",22,0,"2019-09-04T04:00:00-00:00","2019-09-04T05:00:00-00:00","NP15","Solar","Renewable Forecast Actual Generation","RENEW_FCST_ACT_MW",3,3,-2.74222,"ACTUAL",1
"22","2019-09-03",23,0,"2019-09-04T05:00:00-00:00","2019-09-04T06:00:00-00:00","NP15","Solar","Renewable Forecast Actual Generation","RENEW_FCST_ACT_MW",3,3,-2.72566,"ACTUAL",1
"23","2019-09-03",24,0,"2019-09-04T06:00:00-00:00","2019-09-04T07:00:00-00:00","NP15","Solar","Renewable Forecast Actual Generation","RENEW_FCST_ACT_MW",3,3,-2.69694,"ACTUAL",1
"24","2019-09-03",18,0,"2019-09-04T00:00:00-00:00","2019-09-04T01:00:00-00:00","NP15","Wind","Renewable Forecast Actual Generation","RENEW_FCST_ACT_MW",3,1,662.53342,"ACTUAL",2
"25","2019-09-03",6,0,"2019-09-03T12:00:00-00:00","2019-09-03T13:00:00-00:00","NP15","Wind","Renewable Forecast Actual Generation","RENEW_FCST_ACT_MW",3,1,913.00246,"ACTUAL",2
"26","2019-09-03",17,0,"2019-09-03T23:00:00-00:00","2019-09-04T00:00:00-00:00","NP15","Wind","Renewable Forecast Actual Generation","RENEW_FCST_ACT_MW",3,1,501.92775,"ACTUAL",2
"27","2019-09-03",16,0,"2019-09-03T22:00:00-00:00","2019-09-03T23:00:00-00:00","NP15","Wind","Renewable Forecast Actual Generation","RENEW_FCST_ACT_MW",3,1,431.20116,"ACTUAL",2
"28","2019-09-03",15,0,"2019-09-03T21:00:00-00:00","2019-09-03T22:00:00-00:00","NP15","Wind","Renewable Forecast Actual Generation","RENEW_FCST_ACT_MW",3,1,349.62842,"ACTUAL",2
"29","2019-09-03",14,0,"2019-09-03T20:00:00-00:00","2019-09-03T21:00:00-00:00","NP15","Wind","Renewable Forecast Actual Generation","RENEW_FCST_ACT_MW",3,1,334.35123,"ACTUAL",2
"30","2019-09-03",13,0,"2019-09-03T19:00:00-00:00","2019-09-03T20:00:00-00:00","NP15","Wind","Renewable Forecast Actual Generation","RENEW_FCST_ACT_MW",3,1,337.65845,"ACTUAL",2
"31","2019-09-03",12,0,"2019-09-03T18:00:00-00:00","2019-09-03T19:00:00-00:00","NP15","Wind","Renewable Forecast Actual Generation","RENEW_FCST_ACT_MW",3,1,381.34548,"ACTUAL",2
"32","2019-09-03",11,0,"2019-09-03T17:00:00-00:00","2019-09-03T18:00:00-00:00","NP15","Wind","Renewable Forecast Actual Generation","RENEW_FCST_ACT_MW",3,1,430.52158,"ACTUAL",2
"33","2019-09-03",10,0,"2019-09-03T16:00:00-00:00","2019-09-03T17:00:00-00:00","NP15","Wind","Renewable Forecast Actual Generation","RENEW_FCST_ACT_MW",3,1,566.69406,"ACTUAL",2
"34","2019-09-03",9,0,"2019-09-03T15:00:00-00:00","2019-09-03T16:00:00-00:00","NP15","Wind","Renewable Forecast Actual Generation","RENEW_FCST_ACT_MW",3,1,648.77143,"ACTUAL",2
"35","2019-09-03",8,0,"2019-09-03T14:00:00-00:00","2019-09-03T15:00:00-00:00","NP15","Wind","Renewable Forecast Actual Generation","RENEW_FCST_ACT_MW",3,1,853.60598,"ACTUAL",2
"36","2019-09-03",7,0,"2019-09-03T13:00:00-00:00","2019-09-03T14:00:00-00:00","NP15","Wind","Renewable Forecast Actual Generation","RENEW_FCST_ACT_MW",3,1,868.35079,"ACTUAL",2
"37","2019-09-03",5,0,"2019-09-03T11:00:00-00:00","2019-09-03T12:00:00-00:00","NP15","Wind","Renewable Forecast Actual Generation","RENEW_FCST_ACT_MW",3,1,957.25122,"ACTUAL",2
"38","2019-09-03",4,0,"2019-09-03T10:00:00-00:00","2019-09-03T11:00:00-00:00","NP15","Wind","Renewable Forecast Actual Generation","RENEW_FCST_ACT_MW",3,1,964.82012,"ACTUAL",2
"39","2019-09-03",3,0,"2019-09-03T09:00:00-00:00","2019-09-03T10:00:00-00:00","NP15","Wind","Renewable Forecast Actual Generation","RENEW_FCST_ACT_MW",3,1,922.79738,"ACTUAL",2
"40","2019-09-03",2,0,"2019-09-03T08:00:00-00:00","2019-09-03T09:00:00-00:00","NP15","Wind","Renewable Forecast Actual Generation","RENEW_FCST_ACT_MW",3,1,1032.20931,"ACTUAL",2
"41","2019-09-03",24,0,"2019-09-04T06:00:00-00:00","2019-09-04T07:00:00-00:00","NP15","Wind","Renewable Forecast Actual Generation","RENEW_FCST_ACT_MW",3,1,910.07171,"ACTUAL",2
"42","2019-09-03",23,0,"2019-09-04T05:00:00-00:00","2019-09-04T06:00:00-00:00","NP15","Wind","Renewable Forecast Actual Generation","RENEW_FCST_ACT_MW",3,1,866.43046,"ACTUAL",2
"43","2019-09-03",22,0,"2019-09-04T04:00:00-00:00","2019-09-04T05:00:00-00:00","NP15","Wind","Renewable Forecast Actual Generation","RENEW_FCST_ACT_MW",3,1,902.82018,"ACTUAL",2
"44","2019-09-03",21,0,"2019-09-04T03:00:00-00:00","2019-09-04T04:00:00-00:00","NP15","Wind","Renewable Forecast Actual Generation","RENEW_FCST_ACT_MW",3,1,956.34524,"ACTUAL",2
"45","2019-09-03",20,0,"2019-09-04T02:00:00-00:00","2019-09-04T03:00:00-00:00","NP15","Wind","Renewable Forecast Actual Generation","RENEW_FCST_ACT_MW",3,1,1028.96442,"ACTUAL",2
"46","2019-09-03",19,0,"2019-09-04T01:00:00-00:00","2019-09-04T02:00:00-00:00","NP15","Wind","Renewable Forecast Actual Generation","RENEW_FCST_ACT_MW",3,1,908.31829,"ACTUAL",2
"47","2019-09-03",6,0,"2019-09-03T12:00:00-00:00","2019-09-03T13:00:00-00:00","SP15","Solar","Renewable Forecast Actual Generation","RENEW_FCST_ACT_MW",3,3,-3.39327,"ACTUAL",3
"48","2019-09-03",18,0,"2019-09-04T00:00:00-00:00","2019-09-04T01:00:00-00:00","SP15","Solar","Renewable Forecast Actual Generation","RENEW_FCST_ACT_MW",3,3,3472.6531,"ACTUAL",3
"49","2019-09-03",5,0,"2019-09-03T11:00:00-00:00","2019-09-03T12:00:00-00:00","SP15","Solar","Renewable Forecast Actual Generation","RENEW_FCST_ACT_MW",3,3,-2.17805,"ACTUAL",3
"50","2019-09-03",11,0,"2019-09-03T17:00:00-00:00","2019-09-03T18:00:00-00:00","SP15","Solar","Renewable Forecast Actual Generation","RENEW_FCST_ACT_MW",3,3,6598.03129,"ACTUAL",3
"51","2019-09-03",4,0,"2019-09-03T10:00:00-00:00","2019-09-03T11:00:00-00:00","SP15","Solar","Renewable Forecast Actual Generation","RENEW_FCST_ACT_MW",3,3,-0.78275,"ACTUAL",3
"52","2019-09-03",15,0,"2019-09-03T21:00:00-00:00","2019-09-03T22:00:00-00:00","SP15","Solar","Renewable Forecast Actual Generation","RENEW_FCST_ACT_MW",3,3,6121.2815,"ACTUAL",3
"53","2019-09-03",3,0,"2019-09-03T09:00:00-00:00","2019-09-03T10:00:00-00:00","SP15","Solar","Renewable Forecast Actual Generation","RENEW_FCST_ACT_MW",3,3,0.45492,"ACTUAL",3
"54","2019-09-03",10,0,"2019-09-03T16:00:00-00:00","2019-09-03T17:00:00-00:00","SP15","Solar","Renewable Forecast Actual Generation","RENEW_FCST_ACT_MW",3,3,5858.47569,"ACTUAL",3
"55","2019-09-03",2,0,"2019-09-03T08:00:00-00:00","2019-09-03T09:00:00-00:00","SP15","Solar","Renewable Forecast Actual Generation","RENEW_FCST_ACT_MW",3,3,0.73009,"ACTUAL",3
"56","2019-09-03",13,0,"2019-09-03T19:00:00-00:00","2019-09-03T20:00:00-00:00","SP15","Solar","Renewable Forecast Actual Generation","RENEW_FCST_ACT_MW",3,3,6653.11692,"ACTUAL",3
"57","2019-09-03",24,0,"2019-09-04T06:00:00-00:00","2019-09-04T07:00:00-00:00","SP15","Solar","Renewable Forecast Actual Generation","RENEW_FCST_ACT_MW",3,3,-0.38334,"ACTUAL",3
"58","2019-09-03",9,0,"2019-09-03T15:00:00-00:00","2019-09-03T16:00:00-00:00","SP15","Solar","Renewable Forecast Actual Generation","RENEW_FCST_ACT_MW",3,3,4848.52801,"ACTUAL",3
"59","2019-09-03",23,0,"2019-09-04T05:00:00-00:00","2019-09-04T06:00:00-00:00","SP15","Solar","Renewable Forecast Actual Generation","RENEW_FCST_ACT_MW",3,3,-0.16224,"ACTUAL",3
"60","2019-09-03",16,0,"2019-09-03T22:00:00-00:00","2019-09-03T23:00:00-00:00","SP15","Solar","Renewable Forecast Actual Generation","RENEW_FCST_ACT_MW",3,3,5406.61535,"ACTUAL",3
"61","2019-09-03",22,0,"2019-09-04T04:00:00-00:00","2019-09-04T05:00:00-00:00","SP15","Solar","Renewable Forecast Actual Generation","RENEW_FCST_ACT_MW",3,3,-0.44571,"ACTUAL",3
"62","2019-09-03",8,0,"2019-09-03T14:00:00-00:00","2019-09-03T15:00:00-00:00","SP15","Solar","Renewable Forecast Actual Generation","RENEW_FCST_ACT_MW",3,3,2001.28187,"ACTUAL",3
"63","2019-09-03",21,0,"2019-09-04T03:00:00-00:00","2019-09-04T04:00:00-00:00","SP15","Solar","Renewable Forecast Actual Generation","RENEW_FCST_ACT_MW",3,3,69.25119,"ACTUAL",3
"64","2019-09-03",12,0,"2019-09-03T18:00:00-00:00","2019-09-03T19:00:00-00:00","SP15","Solar","Renewable Forecast Actual Generation","RENEW_FCST_ACT_MW",3,3,6961.22254,"ACTUAL",3
"65","2019-09-03",20,0,"2019-09-04T02:00:00-00:00","2019-09-04T03:00:00-00:00","SP15","Solar","Renewable Forecast Actual Generation","RENEW_FCST_ACT_MW",3,3,212.10989,"ACTUAL",3
"66","2019-09-03",7,0,"2019-09-03T13:00:00-00:00","2019-09-03T14:00:00-00:00","SP15","Solar","Renewable Forecast Actual Generation","RENEW_FCST_ACT_MW",3,3,119.3749,"ACTUAL",3
"67","2019-09-03",19,0,"2019-09-04T01:00:00-00:00","2019-09-04T02:00:00-00:00","SP15","Solar","Renewable Forecast Actual Generation","RENEW_FCST_ACT_MW",3,3,1067.86027,"ACTUAL",3
"68","2019-09-03",14,0,"2019-09-03T20:00:00-00:00","2019-09-03T21:00:00-00:00","SP15","Solar","Renewable Forecast Actual Generation","RENEW_FCST_ACT_MW",3,3,6467.64037,"ACTUAL",3
"69","2019-09-03",17,0,"2019-09-03T23:00:00-00:00","2019-09-04T00:00:00-00:00","SP15","Solar","Renewable Forecast Actual Generation","RENEW_FCST_ACT_MW",3,3,4807.10124,"ACTUAL",3
"70","2019-09-03",18,0,"2019-09-04T00:00:00-00:00","2019-09-04T01:00:00-00:00","SP15","Wind","Renewable Forecast Actual Generation","RENEW_FCST_ACT_MW",3,1,1649.01747,"ACTUAL",4
"71","2019-09-03",19,0,"2019-09-04T01:00:00-00:00","2019-09-04T02:00:00-00:00","SP15","Wind","Renewable Forecast Actual Generation","RENEW_FCST_ACT_MW",3,1,1936.59175,"ACTUAL",4
"72","2019-09-03",20,0,"2019-09-04T02:00:00-00:00","2019-09-04T03:00:00-00:00","SP15","Wind","Renewable Forecast Actual Generation","RENEW_FCST_ACT_MW",3,1,2032.30025,"ACTUAL",4
"73","2019-09-03",21,0,"2019-09-04T03:00:00-00:00","2019-09-04T04:00:00-00:00","SP15","Wind","Renewable Forecast Actual Generation","RENEW_FCST_ACT_MW",3,1,1764.61191,"ACTUAL",4
"74","2019-09-03",22,0,"2019-09-04T04:00:00-00:00","2019-09-04T05:00:00-00:00","SP15","Wind","Renewable Forecast Actual Generation","RENEW_FCST_ACT_MW",3,1,1626.20547,"ACTUAL",4
"75","2019-09-03",23,0,"2019-09-04T05:00:00-00:00","2019-09-04T06:00:00-00:00","SP15","Wind","Renewable Forecast Actual Generation","RENEW_FCST_ACT_MW",3,1,1713.85656,"ACTUAL",4
"76","2019-09-03",24,0,"2019-09-04T06:00:00-00:00","2019-09-04T07:00:00-00:00","SP15","Wind","Renewable Forecast Actual Generation","RENEW_FCST_ACT_MW",3,1,1587.29989,"ACTUAL",4
"77","2019-09-03",2,0,"2019-09-03T08:00:00-00:00","2019-09-03T09:00:00-00:00","SP15","Wind","Renewable Forecast Actual Generation","RENEW_FCST_ACT_MW",3,1,1270.00829,"ACTUAL",4
"78","2019-09-03",3,0,"2019-09-03T09:00:00-00:00","2019-09-03T10:00:00-00:00","SP15","Wind","Renewable Forecast Actual Generation","RENEW_FCST_ACT_MW",3,1,1313.99054,"ACTUAL",4
"79","2019-09-03",4,0,"2019-09-03T10:00:00-00:00","2019-09-03T11:00:00-00:00","SP15","Wind","Renewable Forecast Actual Generation","RENEW_FCST_ACT_MW",3,1,1089.69374,"ACTUAL",4
"80","2019-09-03",5,0,"2019-09-03T11:00:00-00:00","2019-09-03T12:00:00-00:00","SP15","Wind","Renewable Forecast Actual Generation","RENEW_FCST_ACT_MW",3,1,928.54638,"ACTUAL",4
"81","2019-09-03",6,0,"2019-09-03T12:00:00-00:00","2019-09-03T13:00:00-00:00","SP15","Wind","Renewable Forecast Actual Generation","RENEW_FCST_ACT_MW",3,1,853.72427,"ACTUAL",4
"82","2019-09-03",7,0,"2019-09-03T13:00:00-00:00","2019-09-03T14:00:00-00:00","SP15","Wind","Renewable Forecast Actual Generation","RENEW_FCST_ACT_MW",3,1,672.09569,"ACTUAL",4
"83","2019-09-03",8,0,"2019-09-03T14:00:00-00:00","2019-09-03T15:00:00-00:00","SP15","Wind","Renewable Forecast Actual Generation","RENEW_FCST_ACT_MW",3,1,458.78986,"ACTUAL",4
"84","2019-09-03",9,0,"2019-09-03T15:00:00-00:00","2019-09-03T16:00:00-00:00","SP15","Wind","Renewable Forecast Actual Generation","RENEW_FCST_ACT_MW",3,1,266.25086,"ACTUAL",4
"85","2019-09-03",10,0,"2019-09-03T16:00:00-00:00","2019-09-03T17:00:00-00:00","SP15","Wind","Renewable Forecast Actual Generation","RENEW_FCST_ACT_MW",3,1,203.4333,"ACTUAL",4
"86","2019-09-03",11,0,"2019-09-03T17:00:00-00:00","2019-09-03T18:00:00-00:00","SP15","Wind","Renewable Forecast Actual Generation","RENEW_FCST_ACT_MW",3,1,190.52973,"ACTUAL",4
"87","2019-09-03",12,0,"2019-09-03T18:00:00-00:00","2019-09-03T19:00:00-00:00","SP15","Wind","Renewable Forecast Actual Generation","RENEW_FCST_ACT_MW",3,1,187.80513,"ACTUAL",4
"88","2019-09-03",13,0,"2019-09-03T19:00:00-00:00","2019-09-03T20:00:00-00:00","SP15","Wind","Renewable Forecast Actual Generation","RENEW_FCST_ACT_MW",3,1,198.6718,"ACTUAL",4
"89","2019-09-03",14,0,"2019-09-03T20:00:00-00:00","2019-09-03T21:00:00-00:00","SP15","Wind","Renewable Forecast Actual Generation","RENEW_FCST_ACT_MW",3,1,222.65071,"ACTUAL",4
"90","2019-09-03",15,0,"2019-09-03T21:00:00-00:00","2019-09-03T22:00:00-00:00","SP15","Wind","Renewable Forecast Actual Generation","RENEW_FCST_ACT_MW",3,1,362.83404,"ACTUAL",4
"91","2019-09-03",16,0,"2019-09-03T22:00:00-00:00","2019-09-03T23:00:00-00:00","SP15","Wind","Renewable Forecast Actual Generation","RENEW_FCST_ACT_MW",3,1,724.43138,"ACTUAL",4
"92","2019-09-03",17,0,"2019-09-03T23:00:00-00:00","2019-09-04T00:00:00-00:00","SP15","Wind","Renewable Forecast Actual Generation","RENEW_FCST_ACT_MW",3,1,1186.69873,"ACTUAL",4
"93","2019-09-03",18,0,"2019-09-04T00:00:00-00:00","2019-09-04T01:00:00-00:00","ZP26","Solar","Renewable Forecast Actual Generation","RENEW_FCST_ACT_MW",3,3,948.62114,"ACTUAL",5
"94","2019-09-03",17,0,"2019-09-03T23:00:00-00:00","2019-09-04T00:00:00-00:00","ZP26","Solar","Renewable Forecast Actual Generation","RENEW_FCST_ACT_MW",3,3,1356.34259,"ACTUAL",5
"95","2019-09-03",20,0,"2019-09-04T02:00:00-00:00","2019-09-04T03:00:00-00:00","ZP26","Solar","Renewable Forecast Actual Generation","RENEW_FCST_ACT_MW",3,3,1.0698,"ACTUAL",5
"96","2019-09-03",21,0,"2019-09-04T03:00:00-00:00","2019-09-04T04:00:00-00:00","ZP26","Solar","Renewable Forecast Actual Generation","RENEW_FCST_ACT_MW",3,3,-5.5699,"ACTUAL",5
"97","2019-09-03",22,0,"2019-09-04T04:00:00-00:00","2019-09-04T05:00:00-00:00","ZP26","Solar","Renewable Forecast Actual Generation","RENEW_FCST_ACT_MW",3,3,-5.53836,"ACTUAL",5
"98","2019-09-03",23,0,"2019-09-04T05:00:00-00:00","2019-09-04T06:00:00-00:00","ZP26","Solar","Renewable Forecast Actual Generation","RENEW_FCST_ACT_MW",3,3,-5.58163,"ACTUAL",5
"99","2019-09-03",24,0,"2019-09-04T06:00:00-00:00","2019-09-04T07:00:00-00:00","ZP26","Solar","Renewable Forecast Actual Generation","RENEW_FCST_ACT_MW",3,3,-5.47257,"ACTUAL",5
"100","2019-09-03",2,0,"2019-09-03T08:00:00-00:00","2019-09-03T09:00:00-00:00","ZP26","Solar","Renewable Forecast Actual Generation","RENEW_FCST_ACT_MW",3,3,-5.50931,"ACTUAL",5
"101","2019-09-03",3,0,"2019-09-03T09:00:00-00:00","2019-09-03T10:00:00-00:00","ZP26","Solar","Renewable Forecast Actual Generation","RENEW_FCST_ACT_MW",3,3,-5.51846,"ACTUAL",5
"102","2019-09-03",4,0,"2019-09-03T10:00:00-00:00","2019-09-03T11:00:00-00:00","ZP26","Solar","Renewable Forecast Actual Generation","RENEW_FCST_ACT_MW",3,3,-5.51249,"ACTUAL",5
"103","2019-09-03",5,0,"2019-09-03T11:00:00-00:00","2019-09-03T12:00:00-00:00","ZP26","Solar","Renewable Forecast Actual Generation","RENEW_FCST_ACT_MW",3,3,-5.50819,"ACTUAL",5
"104","2019-09-03",6,0,"2019-09-03T12:00:00-00:00","2019-09-03T13:00:00-00:00","ZP26","Solar","Renewable Forecast Actual Generation","RENEW_FCST_ACT_MW",3,3,-5.46475,"ACTUAL",5
"105","2019-09-03",7,0,"2019-09-03T13:00:00-00:00","2019-09-03T14:00:00-00:00","ZP26","Solar","Renewable Forecast Actual Generation","RENEW_FCST_ACT_MW",3,3,2.36173,"ACTUAL",5
"106","2019-09-03",8,0,"2019-09-03T14:00:00-00:00","2019-09-03T15:00:00-00:00","ZP26","Solar","Renewable Forecast Actual Generation","RENEW_FCST_ACT_MW",3,3,342.18055,"ACTUAL",5
"107","2019-09-03",9,0,"2019-09-03T15:00:00-00:00","2019-09-03T16:00:00-00:00","ZP26","Solar","Renewable Forecast Actual Generation","RENEW_FCST_ACT_MW",3,3,1003.85165,"ACTUAL",5
"108","2019-09-03",10,0,"2019-09-03T16:00:00-00:00","2019-09-03T17:00:00-00:00","ZP26","Solar","Renewable Forecast Actual Generation","RENEW_FCST_ACT_MW",3,3,1396.76056,"ACTUAL",5
"109","2019-09-03",11,0,"2019-09-03T17:00:00-00:00","2019-09-03T18:00:00-00:00","ZP26","Solar","Renewable Forecast Actual Generation","RENEW_FCST_ACT_MW",3,3,1546.23427,"ACTUAL",5
"110","2019-09-03",12,0,"2019-09-03T18:00:00-00:00","2019-09-03T19:00:00-00:00","ZP26","Solar","Renewable Forecast Actual Generation","RENEW_FCST_ACT_MW",3,3,1616.72707,"ACTUAL",5
"111","2019-09-03",13,0,"2019-09-03T19:00:00-00:00","2019-09-03T20:00:00-00:00","ZP26","Solar","Renewable Forecast Actual Generation","RENEW_FCST_ACT_MW",3,3,1634.0254,"ACTUAL",5
"112","2019-09-03",14,0,"2019-09-03T20:00:00-00:00","2019-09-03T21:00:00-00:00","ZP26","Solar","Renewable Forecast Actual Generation","RENEW_FCST_ACT_MW",3,3,1627.73342,"ACTUAL",5
"113","2019-09-03",15,0,"2019-09-03T21:00:00-00:00","2019-09-03T22:00:00-00:00","ZP26","Solar","Renewable Forecast Actual Generation","RENEW_FCST_ACT_MW",3,3,1611.37976,"ACTUAL",5
"114","2019-09-03",16,0,"2019-09-03T22:00:00-00:00","2019-09-03T23:00:00-00:00","ZP26","Solar","Renewable Forecast Actual Generation","RENEW_FCST_ACT_MW",3,3,1528.22297,"ACTUAL",5
"115","2019-09-03",19,0,"2019-09-04T01:00:00-00:00","2019-09-04T02:00:00-00:00","ZP26","Solar","Renewable Forecast Actual Generation","RENEW_FCST_ACT_MW",3,3,294.93039,"ACTUAL",5
"116","2019-09-04",1,0,"2019-09-04T07:00:00-00:00","2019-09-04T08:00:00-00:00","NP15","Solar","Renewable Forecast Actual Generation","RENEW_FCST_ACT_MW",3,3,-2.71568,"ACTUAL",6
"117","2019-09-04",1,0,"2019-09-04T07:00:00-00:00","2019-09-04T08:00:00-00:00","NP15","Wind","Renewable Forecast Actual Generation","RENEW_FCST_ACT_MW",3,1,916.89132,"ACTUAL",7
"118","2019-09-04",1,0,"2019-09-04T07:00:00-00:00","2019-09-04T08:00:00-00:00","SP15","Solar","Renewable Forecast Actual Generation","RENEW_FCST_ACT_MW",3,3,1.25051,"ACTUAL",8
"119","2019-09-04",1,0,"2019-09-04T07:00:00-00:00","2019-09-04T08:00:00-00:00","SP15","Wind","Renewable Forecast Actual Generation","RENEW_FCST_ACT_MW",3,1,1348.9489,"ACTUAL",9
"120","2019-09-04",1,0,"2019-09-04T07:00:00-00:00","2019-09-04T08:00:00-00:00","ZP26","Solar","Renewable Forecast Actual Generation","RENEW_FCST_ACT_MW",3,3,-5.45966,"ACTUAL",10
