"","OPR_DT","OPR_HR","OPR_INTERVAL","INTERVALSTARTTIME_GMT","INTERVALENDTIME_GMT","TRADING_HUB","RENEWABLE_TYPE","LABEL","XML_DATA_ITEM","MARKET_RUN_ID_POS","RENEW_POS","MW","MARKET_RUN_ID","GROUP"
"1","2019-01-16",1,0,"2019-01-16T08:00:00-00:00","2019-01-16T09:00:00-00:00","NP15","Solar","Renewable Forecast Actual Generation","RENEW_FCST_ACT_MW",3,3,-2.93235,"ACTUAL",1
"2","2019-01-16",2,0,"2019-01-16T09:00:00-00:00","2019-01-16T10:00:00-00:00","NP15","Solar","Renewable Forecast Actual Generation","RENEW_FCST_ACT_MW",3,3,-2.93382,"ACTUAL",1
"3","2019-01-16",3,0,"2019-01-16T10:00:00-00:00","2019-01-16T11:00:00-00:00","NP15","Solar","Renewable Forecast Actual Generation","RENEW_FCST_ACT_MW",3,3,-2.93828,"ACTUAL",1
"4","2019-01-16",4,0,"2019-01-16T11:00:00-00:00","2019-01-16T12:00:00-00:00","NP15","Solar","Renewable Forecast Actual Generation","RENEW_FCST_ACT_MW",3,3,-2.94752,"ACTUAL",1
"5","2019-01-16",5,0,"2019-01-16T12:00:00-00:00","2019-01-16T13:00:00-00:00","NP15","Solar","Renewable Forecast Actual Generation","RENEW_FCST_ACT_MW",3,3,-2.95895,"ACTUAL",1
"6","2019-01-16",6,0,"2019-01-16T13:00:00-00:00","2019-01-16T14:00:00-00:00","NP15","Solar","Renewable Forecast Actual Generation","RENEW_FCST_ACT_MW",3,3,-2.9441,"ACTUAL",1
"7","2019-01-16",7,0,"2019-01-16T14:00:00-00:00","2019-01-16T15:00:00-00:00","NP15","Solar","Renewable Forecast Actual Generation","RENEW_FCST_ACT_MW",3,3,-2.97022,"ACTUAL",1
"8","2019-01-16",8,0,"2019-01-16T15:00:00-00:00","2019-01-16T16:00:00-00:00","NP15","Solar","Renewable Forecast Actual Generation","RENEW_FCST_ACT_MW",3,3,19.72221,"ACTUAL",1
"9","2019-01-16",9,0,"2019-01-16T16:00:00-00:00","2019-01-16T17:00:00-00:00","NP15","Solar","Renewable Forecast Actual Generation","RENEW_FCST_ACT_MW",3,3,207.7163,"ACTUAL",1
"10","2019-01-16",10,0,"2019-01-16T17:00:00-00:00","2019-01-16T18:00:00-00:00","NP15","Solar","Renewable Forecast Actual Generation","RENEW_FCST_ACT_MW",3,3,311.4879,"ACTUAL",1
"11","2019-01-16",11,0,"2019-01-16T18:00:00-00:00","2019-01-16T19:00:00-00:00","NP15","Solar","Renewable Forecast Actual Generation","RENEW_FCST_ACT_MW",3,3,285.09726,"ACTUAL",1
"12","2019-01-16",12,0,"2019-01-16T19:00:00-00:00","2019-01-16T20:00:00-00:00","NP15","Solar","Renewable Forecast Actual Generation","RENEW_FCST_ACT_MW",3,3,280.86241,"ACTUAL",1
"13","2019-01-16",13,0,"2019-01-16T20:00:00-00:00","2019-01-16T21:00:00-00:00","NP15","Solar","Renewable Forecast Actual Generation","RENEW_FCST_ACT_MW",3,3,195.3816,"ACTUAL",1
"14","2019-01-16",14,0,"2019-01-16T21:00:00-00:00","2019-01-16T22:00:00-00:00","NP15","Solar","Renewable Forecast Actual Generation","RENEW_FCST_ACT_MW",3,3,154.74562,"ACTUAL",1
"15","2019-01-16",15,0,"2019-01-16T22:00:00-00:00","2019-01-16T23:00:00-00:00","NP15","Solar","Renewable Forecast Actual Generation","RENEW_FCST_ACT_MW",3,3,218.74028,"ACTUAL",1
"16","2019-01-16",16,0,"2019-01-16T23:00:00-00:00","2019-01-17T00:00:00-00:00","NP15","Solar","Renewable Forecast Actual Generation","RENEW_FCST_ACT_MW",3,3,156.55295,"ACTUAL",1
"17","2019-01-16",17,0,"2019-01-17T00:00:00-00:00","2019-01-17T01:00:00-00:00","NP15","Solar","Renewable Forecast Actual Generation","RENEW_FCST_ACT_MW",3,3,13.63413,"ACTUAL",1
"18","2019-01-16",18,0,"2019-01-17T01:00:00-00:00","2019-01-17T02:00:00-00:00","NP15","Solar","Renewable Forecast Actual Generation","RENEW_FCST_ACT_MW",3,3,-3.12263,"ACTUAL",1
"19","2019-01-16",19,0,"2019-01-17T02:00:00-00:00","2019-01-17T03:00:00-00:00","NP15","Solar","Renewable Forecast Actual Generation","RENEW_FCST_ACT_MW",3,3,-2.98032,"ACTUAL",1
"20","2019-01-16",20,0,"2019-01-17T03:00:00-00:00","2019-01-17T04:00:00-00:00","NP15","Solar","Renewable Forecast Actual Generation","RENEW_FCST_ACT_MW",3,3,-2.97883,"ACTUAL",1
"21","2019-01-16",21,0,"2019-01-17T04:00:00-00:00","2019-01-17T05:00:00-00:00","NP15","Solar","Renewable Forecast Actual Generation","RENEW_FCST_ACT_MW",3,3,-2.9718,"ACTUAL",1
"22","2019-01-16",22,0,"2019-01-17T05:00:00-00:00","2019-01-17T06:00:00-00:00","NP15","Solar","Renewable Forecast Actual Generation","RENEW_FCST_ACT_MW",3,3,-2.97002,"ACTUAL",1
"23","2019-01-16",23,0,"2019-01-17T06:00:00-00:00","2019-01-17T07:00:00-00:00","NP15","Solar","Renewable Forecast Actual Generation","RENEW_FCST_ACT_MW",3,3,-2.98575,"ACTUAL",1
"24","2019-01-16",24,0,"2019-01-17T07:00:00-00:00","2019-01-17T08:00:00-00:00","NP15","Solar","Renewable Forecast Actual Generation","RENEW_FCST_ACT_MW",3,3,-2.97404,"ACTUAL",1
"25","2019-01-16",1,0,"2019-01-16T08:00:00-00:00","2019-01-16T09:00:00-00:00","NP15","Wind","Renewable Forecast Actual Generation","RENEW_FCST_ACT_MW",3,1,268.67833,"ACTUAL",2
"26","2019-01-16",24,0,"2019-01-17T07:00:00-00:00","2019-01-17T08:00:00-00:00","NP15","Wind","Renewable Forecast Actual Generation","RENEW_FCST_ACT_MW",3,1,1114.58361,"ACTUAL",2
"27","2019-01-16",3,0,"2019-01-16T10:00:00-00:00","2019-01-16T11:00:00-00:00","NP15","Wind","Renewable Forecast Actual Generation","RENEW_FCST_ACT_MW",3,1,469.65072,"ACTUAL",2
"28","2019-01-16",4,0,"2019-01-16T11:00:00-00:00","2019-01-16T12:00:00-00:00","NP15","Wind","Renewable Forecast Actual Generation","RENEW_FCST_ACT_MW",3,1,577.11138,"ACTUAL",2
"29","2019-01-16",5,0,"2019-01-16T12:00:00-00:00","2019-01-16T13:00:00-00:00","NP15","Wind","Renewable Forecast Actual Generation","RENEW_FCST_ACT_MW",3,1,508.08244,"ACTUAL",2
"30","2019-01-16",6,0,"2019-01-16T13:00:00-00:00","2019-01-16T14:00:00-00:00","NP15","Wind","Renewable Forecast Actual Generation","RENEW_FCST_ACT_MW",3,1,423.92133,"ACTUAL",2
"31","2019-01-16",7,0,"2019-01-16T14:00:00-00:00","2019-01-16T15:00:00-00:00","NP15","Wind","Renewable Forecast Actual Generation","RENEW_FCST_ACT_MW",3,1,515.6768,"ACTUAL",2
"32","2019-01-16",8,0,"2019-01-16T15:00:00-00:00","2019-01-16T16:00:00-00:00","NP15","Wind","Renewable Forecast Actual Generation","RENEW_FCST_ACT_MW",3,1,515.86128,"ACTUAL",2
"33","2019-01-16",9,0,"2019-01-16T16:00:00-00:00","2019-01-16T17:00:00-00:00","NP15","Wind","Renewable Forecast Actual Generation","RENEW_FCST_ACT_MW",3,1,394.49124,"ACTUAL",2
"34","2019-01-16",10,0,"2019-01-16T17:00:00-00:00","2019-01-16T18:00:00-00:00","NP15","Wind","Renewable Forecast Actual Generation","RENEW_FCST_ACT_MW",3,1,538.96114,"ACTUAL",2
"35","2019-01-16",11,0,"2019-01-16T18:00:00-00:00","2019-01-16T19:00:00-00:00","NP15","Wind","Renewable Forecast Actual Generation","RENEW_FCST_ACT_MW",3,1,652.85325,"ACTUAL",2
"36","2019-01-16",12,0,"2019-01-16T19:00:00-00:00","2019-01-16T20:00:00-00:00","NP15","Wind","Renewable Forecast Actual Generation","RENEW_FCST_ACT_MW",3,1,485.30208,"ACTUAL",2
"37","2019-01-16",13,0,"2019-01-16T20:00:00-00:00","2019-01-16T21:00:00-00:00","NP15","Wind","Renewable Forecast Actual Generation","RENEW_FCST_ACT_MW",3,1,495.55311,"ACTUAL",2
"38","2019-01-16",14,0,"2019-01-16T21:00:00-00:00","2019-01-16T22:00:00-00:00","NP15","Wind","Renewable Forecast Actual Generation","RENEW_FCST_ACT_MW",3,1,724.43143,"ACTUAL",2
"39","2019-01-16",15,0,"2019-01-16T22:00:00-00:00","2019-01-16T23:00:00-00:00","NP15","Wind","Renewable Forecast Actual Generation","RENEW_FCST_ACT_MW",3,1,1212.55592,"ACTUAL",2
"40","2019-01-16",16,0,"2019-01-16T23:00:00-00:00","2019-01-17T00:00:00-00:00","NP15","Wind","Renewable Forecast Actual Generation","RENEW_FCST_ACT_MW",3,1,1253.67877,"ACTUAL",2
"41","2019-01-16",17,0,"2019-01-17T00:00:00-00:00","2019-01-17T01:00:00-00:00","NP15","Wind","Renewable Forecast Actual Generation","RENEW_FCST_ACT_MW",3,1,1276.94112,"ACTUAL",2
"42","2019-01-16",18,0,"2019-01-17T01:00:00-00:00","2019-01-17T02:00:00-00:00","NP15","Wind","Renewable Forecast Actual Generation","RENEW_FCST_ACT_MW",3,1,1347.37718,"ACTUAL",2
"43","2019-01-16",19,0,"2019-01-17T02:00:00-00:00","2019-01-17T03:00:00-00:00","NP15","Wind","Renewable Forecast Actual Generation","RENEW_FCST_ACT_MW",3,1,1319.52682,"ACTUAL",2
"44","2019-01-16",20,0,"2019-01-17T03:00:00-00:00","2019-01-17T04:00:00-00:00","NP15","Wind","Renewable Forecast Actual Generation","RENEW_FCST_ACT_MW",3,1,1250.07665,"ACTUAL",2
"45","2019-01-16",21,0,"2019-01-17T04:00:00-00:00","2019-01-17T05:00:00-00:00","NP15","Wind","Renewable Forecast Actual Generation","RENEW_FCST_ACT_MW",3,1,1068.60729,"ACTUAL",2
"46","2019-01-16",22,0,"2019-01-17T05:00:00-00:00","2019-01-17T06:00:00-00:00","NP15","Wind","Renewable Forecast Actual Generation","RENEW_FCST_ACT_MW",3,1,967.51089,"ACTUAL",2
"47","2019-01-16",23,0,"2019-01-17T06:00:00-00:00","2019-01-17T07:00:00-00:00","NP15","Wind","Renewable Forecast Actual Generation","RENEW_FCST_ACT_MW",3,1,1140.74813,"ACTUAL",2
"48","2019-01-16",2,0,"2019-01-16T09:00:00-00:00","2019-01-16T10:00:00-00:00","NP15","Wind","Renewable Forecast Actual Generation","RENEW_FCST_ACT_MW",3,1,307.36375,"ACTUAL",2
"49","2019-01-16",24,0,"2019-01-17T07:00:00-00:00","2019-01-17T08:00:00-00:00","SP15","Solar","Renewable Forecast Actual Generation","RENEW_FCST_ACT_MW",3,3,-19.00378,"ACTUAL",3
"50","2019-01-16",2,0,"2019-01-16T09:00:00-00:00","2019-01-16T10:00:00-00:00","SP15","Solar","Renewable Forecast Actual Generation","RENEW_FCST_ACT_MW",3,3,-9.9826,"ACTUAL",3
"51","2019-01-16",23,0,"2019-01-17T06:00:00-00:00","2019-01-17T07:00:00-00:00","SP15","Solar","Renewable Forecast Actual Generation","RENEW_FCST_ACT_MW",3,3,-18.73237,"ACTUAL",3
"52","2019-01-16",6,0,"2019-01-16T13:00:00-00:00","2019-01-16T14:00:00-00:00","SP15","Solar","Renewable Forecast Actual Generation","RENEW_FCST_ACT_MW",3,3,-9.42252,"ACTUAL",3
"53","2019-01-16",22,0,"2019-01-17T05:00:00-00:00","2019-01-17T06:00:00-00:00","SP15","Solar","Renewable Forecast Actual Generation","RENEW_FCST_ACT_MW",3,3,-17.57512,"ACTUAL",3
"54","2019-01-16",11,0,"2019-01-16T18:00:00-00:00","2019-01-16T19:00:00-00:00","SP15","Solar","Renewable Forecast Actual Generation","RENEW_FCST_ACT_MW",3,3,2752.24542,"ACTUAL",3
"55","2019-01-16",21,0,"2019-01-17T04:00:00-00:00","2019-01-17T05:00:00-00:00","SP15","Solar","Renewable Forecast Actual Generation","RENEW_FCST_ACT_MW",3,3,-18.58678,"ACTUAL",3
"56","2019-01-16",3,0,"2019-01-16T10:00:00-00:00","2019-01-16T11:00:00-00:00","SP15","Solar","Renewable Forecast Actual Generation","RENEW_FCST_ACT_MW",3,3,-8.96511,"ACTUAL",3
"57","2019-01-16",20,0,"2019-01-17T03:00:00-00:00","2019-01-17T04:00:00-00:00","SP15","Solar","Renewable Forecast Actual Generation","RENEW_FCST_ACT_MW",3,3,-18.78876,"ACTUAL",3
"58","2019-01-16",10,0,"2019-01-16T17:00:00-00:00","2019-01-16T18:00:00-00:00","SP15","Solar","Renewable Forecast Actual Generation","RENEW_FCST_ACT_MW",3,3,2324.29312,"ACTUAL",3
"59","2019-01-16",19,0,"2019-01-17T02:00:00-00:00","2019-01-17T03:00:00-00:00","SP15","Solar","Renewable Forecast Actual Generation","RENEW_FCST_ACT_MW",3,3,-17.81641,"ACTUAL",3
"60","2019-01-16",5,0,"2019-01-16T12:00:00-00:00","2019-01-16T13:00:00-00:00","SP15","Solar","Renewable Forecast Actual Generation","RENEW_FCST_ACT_MW",3,3,-9.65199,"ACTUAL",3
"61","2019-01-16",18,0,"2019-01-17T01:00:00-00:00","2019-01-17T02:00:00-00:00","SP15","Solar","Renewable Forecast Actual Generation","RENEW_FCST_ACT_MW",3,3,-7.00179,"ACTUAL",3
"62","2019-01-16",9,0,"2019-01-16T16:00:00-00:00","2019-01-16T17:00:00-00:00","SP15","Solar","Renewable Forecast Actual Generation","RENEW_FCST_ACT_MW",3,3,1811.41879,"ACTUAL",3
"63","2019-01-16",17,0,"2019-01-17T00:00:00-00:00","2019-01-17T01:00:00-00:00","SP15","Solar","Renewable Forecast Actual Generation","RENEW_FCST_ACT_MW",3,3,340.90392,"ACTUAL",3
"64","2019-01-16",1,0,"2019-01-16T08:00:00-00:00","2019-01-16T09:00:00-00:00","SP15","Solar","Renewable Forecast Actual Generation","RENEW_FCST_ACT_MW",3,3,-9.96817,"ACTUAL",3
"65","2019-01-16",16,0,"2019-01-16T23:00:00-00:00","2019-01-17T00:00:00-00:00","SP15","Solar","Renewable Forecast Actual Generation","RENEW_FCST_ACT_MW",3,3,1485.67376,"ACTUAL",3
"66","2019-01-16",8,0,"2019-01-16T15:00:00-00:00","2019-01-16T16:00:00-00:00","SP15","Solar","Renewable Forecast Actual Generation","RENEW_FCST_ACT_MW",3,3,418.26335,"ACTUAL",3
"67","2019-01-16",15,0,"2019-01-16T22:00:00-00:00","2019-01-16T23:00:00-00:00","SP15","Solar","Renewable Forecast Actual Generation","RENEW_FCST_ACT_MW",3,3,2595.35182,"ACTUAL",3
"68","2019-01-16",4,0,"2019-01-16T11:00:00-00:00","2019-01-16T12:00:00-00:00","SP15","Solar","Renewable Forecast Actual Generation","RENEW_FCST_ACT_MW",3,3,-9.2357,"ACTUAL",3
"69","2019-01-16",14,0,"2019-01-16T21:00:00-00:00","2019-01-16T22:00:00-00:00","SP15","Solar","Renewable Forecast Actual Generation","RENEW_FCST_ACT_MW",3,3,2962.22374,"ACTUAL",3
"70","2019-01-16",7,0,"2019-01-16T14:00:00-00:00","2019-01-16T15:00:00-00:00","SP15","Solar","Renewable Forecast Actual Generation","RENEW_FCST_ACT_MW",3,3,-2.60745,"ACTUAL",3
"71","2019-01-16",13,0,"2019-01-16T20:00:00-00:00","2019-01-16T21:00:00-00:00","SP15","Solar","Renewable Forecast Actual Generation","RENEW_FCST_ACT_MW",3,3,3175.84724,"ACTUAL",3
"72","2019-01-16",12,0,"2019-01-16T19:00:00-00:00","2019-01-16T20:00:00-00:00","SP15","Solar","Renewable Forecast Actual Generation","RENEW_FCST_ACT_MW",3,3,3167.19878,"ACTUAL",3
"73","2019-01-16",23,0,"2019-01-17T06:00:00-00:00","2019-01-17T07:00:00-00:00","SP15","Wind","Renewable Forecast Actual Generation","RENEW_FCST_ACT_MW",3,1,302.47458,"ACTUAL",4
"74","2019-01-16",22,0,"2019-01-17T05:00:00-00:00","2019-01-17T06:00:00-00:00","SP15","Wind","Renewable Forecast Actual Generation","RENEW_FCST_ACT_MW",3,1,242.35506,"ACTUAL",4
"75","2019-01-16",21,0,"2019-01-17T04:00:00-00:00","2019-01-17T05:00:00-00:00","SP15","Wind","Renewable Forecast Actual Generation","RENEW_FCST_ACT_MW",3,1,167.56658,"ACTUAL",4
"76","2019-01-16",20,0,"2019-01-17T03:00:00-00:00","2019-01-17T04:00:00-00:00","SP15","Wind","Renewable Forecast Actual Generation","RENEW_FCST_ACT_MW",3,1,168.4449,"ACTUAL",4
"77","2019-01-16",19,0,"2019-01-17T02:00:00-00:00","2019-01-17T03:00:00-00:00","SP15","Wind","Renewable Forecast Actual Generation","RENEW_FCST_ACT_MW",3,1,149.44736,"ACTUAL",4
"78","2019-01-16",18,0,"2019-01-17T01:00:00-00:00","2019-01-17T02:00:00-00:00","SP15","Wind","Renewable Forecast Actual Generation","RENEW_FCST_ACT_MW",3,1,172.65001,"ACTUAL",4
"79","2019-01-16",17,0,"2019-01-17T00:00:00-00:00","2019-01-17T01:00:00-00:00","SP15","Wind","Renewable Forecast Actual Generation","RENEW_FCST_ACT_MW",3,1,484.57058,"ACTUAL",4
"80","2019-01-16",16,0,"2019-01-16T23:00:00-00:00","2019-01-17T00:00:00-00:00","SP15","Wind","Renewable Forecast Actual Generation","RENEW_FCST_ACT_MW",3,1,532.16396,"ACTUAL",4
"81","2019-01-16",15,0,"2019-01-16T22:00:00-00:00","2019-01-16T23:00:00-00:00","SP15","Wind","Renewable Forecast Actual Generation","RENEW_FCST_ACT_MW",3,1,365.10935,"ACTUAL",4
"82","2019-01-16",14,0,"2019-01-16T21:00:00-00:00","2019-01-16T22:00:00-00:00","SP15","Wind","Renewable Forecast Actual Generation","RENEW_FCST_ACT_MW",3,1,389.16947,"ACTUAL",4
"83","2019-01-16",13,0,"2019-01-16T20:00:00-00:00","2019-01-16T21:00:00-00:00","SP15","Wind","Renewable Forecast Actual Generation","RENEW_FCST_ACT_MW",3,1,409.12162,"ACTUAL",4
"84","2019-01-16",12,0,"2019-01-16T19:00:00-00:00","2019-01-16T20:00:00-00:00","SP15","Wind","Renewable Forecast Actual Generation","RENEW_FCST_ACT_MW",3,1,393.76523,"ACTUAL",4
"85","2019-01-16",11,0,"2019-01-16T18:00:00-00:00","2019-01-16T19:00:00-00:00","SP15","Wind","Renewable Forecast Actual Generation","RENEW_FCST_ACT_MW",3,1,388.90337,"ACTUAL",4
"86","2019-01-16",10,0,"2019-01-16T17:00:00-00:00","2019-01-16T18:00:00-00:00","SP15","Wind","Renewable Forecast Actual Generation","RENEW_FCST_ACT_MW",3,1,292.78931,"ACTUAL",4
"87","2019-01-16",9,0,"2019-01-16T16:00:00-00:00","2019-01-16T17:00:00-00:00","SP15","Wind","Renewable Forecast Actual Generation","RENEW_FCST_ACT_MW",3,1,209.48201,"ACTUAL",4
"88","2019-01-16",8,0,"2019-01-16T15:00:00-00:00","2019-01-16T16:00:00-00:00","SP15","Wind","Renewable Forecast Actual Generation","RENEW_FCST_ACT_MW",3,1,397.52276,"ACTUAL",4
"89","2019-01-16",7,0,"2019-01-16T14:00:00-00:00","2019-01-16T15:00:00-00:00","SP15","Wind","Renewable Forecast Actual Generation","RENEW_FCST_ACT_MW",3,1,785.45068,"ACTUAL",4
"90","2019-01-16",6,0,"2019-01-16T13:00:00-00:00","2019-01-16T14:00:00-00:00","SP15","Wind","Renewable Forecast Actual Generation","RENEW_FCST_ACT_MW",3,1,1016.59048,"ACTUAL",4
"91","2019-01-16",5,0,"2019-01-16T12:00:00-00:00","2019-01-16T13:00:00-00:00","SP15","Wind","Renewable Forecast Actual Generation","RENEW_FCST_ACT_MW",3,1,766.94293,"ACTUAL",4
"92","2019-01-16",4,0,"2019-01-16T11:00:00-00:00","2019-01-16T12:00:00-00:00","SP15","Wind","Renewable Forecast Actual Generation","RENEW_FCST_ACT_MW",3,1,522.95454,"ACTUAL",4
"93","2019-01-16",3,0,"2019-01-16T10:00:00-00:00","2019-01-16T11:00:00-00:00","SP15","Wind","Renewable Forecast Actual Generation","RENEW_FCST_ACT_MW",3,1,476.63429,"ACTUAL",4
"94","2019-01-16",2,0,"2019-01-16T09:00:00-00:00","2019-01-16T10:00:00-00:00","SP15","Wind","Renewable Forecast Actual Generation","RENEW_FCST_ACT_MW",3,1,499.47306,"ACTUAL",4
"95","2019-01-16",24,0,"2019-01-17T07:00:00-00:00","2019-01-17T08:00:00-00:00","SP15","Wind","Renewable Forecast Actual Generation","RENEW_FCST_ACT_MW",3,1,320.6976,"ACTUAL",4
"96","2019-01-16",1,0,"2019-01-16T08:00:00-00:00","2019-01-16T09:00:00-00:00","SP15","Wind","Renewable Forecast Actual Generation","RENEW_FCST_ACT_MW",3,1,506.96102,"ACTUAL",4
"97","2019-01-16",1,0,"2019-01-16T08:00:00-00:00","2019-01-16T09:00:00-00:00","ZP26","Solar","Renewable Forecast Actual Generation","RENEW_FCST_ACT_MW",3,3,-4.77277,"ACTUAL",5
"98","2019-01-16",24,0,"2019-01-17T07:00:00-00:00","2019-01-17T08:00:00-00:00","ZP26","Solar","Renewable Forecast Actual Generation","RENEW_FCST_ACT_MW",3,3,-5.02183,"ACTUAL",5
"99","2019-01-16",3,0,"2019-01-16T10:00:00-00:00","2019-01-16T11:00:00-00:00","ZP26","Solar","Renewable Forecast Actual Generation","RENEW_FCST_ACT_MW",3,3,-4.78597,"ACTUAL",5
"100","2019-01-16",4,0,"2019-01-16T11:00:00-00:00","2019-01-16T12:00:00-00:00","ZP26","Solar","Renewable Forecast Actual Generation","RENEW_FCST_ACT_MW",3,3,-5.14033,"ACTUAL",5
"101","2019-01-16",5,0,"2019-01-16T12:00:00-00:00","2019-01-16T13:00:00-00:00","ZP26","Solar","Renewable Forecast Actual Generation","RENEW_FCST_ACT_MW",3,3,-5.10812,"ACTUAL",5
"102","2019-01-16",6,0,"2019-01-16T13:00:00-00:00","2019-01-16T14:00:00-00:00","ZP26","Solar","Renewable Forecast Actual Generation","RENEW_FCST_ACT_MW",3,3,-5.15376,"ACTUAL",5
"103","2019-01-16",7,0,"2019-01-16T14:00:00-00:00","2019-01-16T15:00:00-00:00","ZP26","Solar","Renewable Forecast Actual Generation","RENEW_FCST_ACT_MW",3,3,-5.23624,"ACTUAL",5
"104","2019-01-16",8,0,"2019-01-16T15:00:00-00:00","2019-01-16T16:00:00-00:00","ZP26","Solar","Renewable Forecast Actual Generation","RENEW_FCST_ACT_MW",3,3,91.70286,"ACTUAL",5
"105","2019-01-16",9,0,"2019-01-16T16:00:00-00:00","2019-01-16T17:00:00-00:00","ZP26","Solar","Renewable Forecast Actual Generation","RENEW_FCST_ACT_MW",3,3,590.46502,"ACTUAL",5
"106","2019-01-16",10,0,"2019-01-16T17:00:00-00:00","2019-01-16T18:00:00-00:00","ZP26","Solar","Renewable Forecast Actual Generation","RENEW_FCST_ACT_MW",3,3,853.21343,"ACTUAL",5
"107","2019-01-16",11,0,"2019-01-16T18:00:00-00:00","2019-01-16T19:00:00-00:00","ZP26","Solar","Renewable Forecast Actual Generation","RENEW_FCST_ACT_MW",3,3,987.47034,"ACTUAL",5
"108","2019-01-16",12,0,"2019-01-16T19:00:00-00:00","2019-01-16T20:00:00-00:00","ZP26","Solar","Renewable Forecast Actual Generation","RENEW_FCST_ACT_MW",3,3,776.22304,"ACTUAL",5
"109","2019-01-16",13,0,"2019-01-16T20:00:00-00:00","2019-01-16T21:00:00-00:00","ZP26","Solar","Renewable Forecast Actual Generation","RENEW_FCST_ACT_MW",3,3,573.83038,"ACTUAL",5
"110","2019-01-16",14,0,"2019-01-16T21:00:00-00:00","2019-01-16T22:00:00-00:00","ZP26","Solar","Renewable Forecast Actual Generation","RENEW_FCST_ACT_MW",3,3,523.83762,"ACTUAL",5
"111","2019-01-16",15,0,"2019-01-16T22:00:00-00:00","2019-01-16T23:00:00-00:00","ZP26","Solar","Renewable Forecast Actual Generation","RENEW_FCST_ACT_MW",3,3,239.70285,"ACTUAL",5
"112","2019-01-16",16,0,"2019-01-16T23:00:00-00:00","2019-01-17T00:00:00-00:00","ZP26","Solar","Renewable Forecast Actual Generation","RENEW_FCST_ACT_MW",3,3,120.23203,"ACTUAL",5
"113","2019-01-16",17,0,"2019-01-17T00:00:00-00:00","2019-01-17T01:00:00-00:00","ZP26","Solar","Renewable Forecast Actual Generation","RENEW_FCST_ACT_MW",3,3,21.92571,"ACTUAL",5
"114","2019-01-16",18,0,"2019-01-17T01:00:00-00:00","2019-01-17T02:00:00-00:00","ZP26","Solar","Renewable Forecast Actual Generation","RENEW_FCST_ACT_MW",3,3,-5.18699,"ACTUAL",5
"115","2019-01-16",19,0,"2019-01-17T02:00:00-00:00","2019-01-17T03:00:00-00:00","ZP26","Solar","Renewable Forecast Actual Generation","RENEW_FCST_ACT_MW",3,3,-4.94536,"ACTUAL",5
"116","2019-01-16",20,0,"2019-01-17T03:00:00-00:00","2019-01-17T04:00:00-00:00","ZP26","Solar","Renewable Forecast Actual Generation","RENEW_FCST_ACT_MW",3,3,-4.94719,"ACTUAL",5
"117","2019-01-16",21,0,"2019-01-17T04:00:00-00:00","2019-01-17T05:00:00-00:00","ZP26","Solar","Renewable Forecast Actual Generation","RENEW_FCST_ACT_MW",3,3,-4.96489,"ACTUAL",5
"118","2019-01-16",22,0,"2019-01-17T05:00:00-00:00","2019-01-17T06:00:00-00:00","ZP26","Solar","Renewable Forecast Actual Generation","RENEW_FCST_ACT_MW",3,3,-4.96965,"ACTUAL",5
"119","2019-01-16",23,0,"2019-01-17T06:00:00-00:00","2019-01-17T07:00:00-00:00","ZP26","Solar","Renewable Forecast Actual Generation","RENEW_FCST_ACT_MW",3,3,-4.98685,"ACTUAL",5
"120","2019-01-16",2,0,"2019-01-16T09:00:00-00:00","2019-01-16T10:00:00-00:00","ZP26","Solar","Renewable Forecast Actual Generation","RENEW_FCST_ACT_MW",3,3,-4.79726,"ACTUAL",5
