"","OPR_DT","OPR_HR","OPR_INTERVAL","INTERVALSTARTTIME_GMT","INTERVALENDTIME_GMT","TRADING_HUB","RENEWABLE_TYPE","LABEL","XML_DATA_ITEM","MARKET_RUN_ID_POS","RENEW_POS","MW","MARKET_RUN_ID","GROUP"
"1","2019-03-06",1,0,"2019-03-06T08:00:00-00:00","2019-03-06T09:00:00-00:00","NP15","Solar","Renewable Forecast Actual Generation","RENEW_FCST_ACT_MW",3,3,-3.52474,"ACTUAL",1
"2","2019-03-06",2,0,"2019-03-06T09:00:00-00:00","2019-03-06T10:00:00-00:00","NP15","Solar","Renewable Forecast Actual Generation","RENEW_FCST_ACT_MW",3,3,-3.51691,"ACTUAL",1
"3","2019-03-06",3,0,"2019-03-06T10:00:00-00:00","2019-03-06T11:00:00-00:00","NP15","Solar","Renewable Forecast Actual Generation","RENEW_FCST_ACT_MW",3,3,-3.54292,"ACTUAL",1
"4","2019-03-06",4,0,"2019-03-06T11:00:00-00:00","2019-03-06T12:00:00-00:00","NP15","Solar","Renewable Forecast Actual Generation","RENEW_FCST_ACT_MW",3,3,-3.53388,"ACTUAL",1
"5","2019-03-06",5,0,"2019-03-06T12:00:00-00:00","2019-03-06T13:00:00-00:00","NP15","Solar","Renewable Forecast Actual Generation","RENEW_FCST_ACT_MW",3,3,-3.49159,"ACTUAL",1
"6","2019-03-06",6,0,"2019-03-06T13:00:00-00:00","2019-03-06T14:00:00-00:00","NP15","Solar","Renewable Forecast Actual Generation","RENEW_FCST_ACT_MW",3,3,-3.51194,"ACTUAL",1
"7","2019-03-06",7,0,"2019-03-06T14:00:00-00:00","2019-03-06T15:00:00-00:00","NP15","Solar","Renewable Forecast Actual Generation","RENEW_FCST_ACT_MW",3,3,15.94795,"ACTUAL",1
"8","2019-03-06",8,0,"2019-03-06T15:00:00-00:00","2019-03-06T16:00:00-00:00","NP15","Solar","Renewable Forecast Actual Generation","RENEW_FCST_ACT_MW",3,3,296.69763,"ACTUAL",1
"9","2019-03-06",9,0,"2019-03-06T16:00:00-00:00","2019-03-06T17:00:00-00:00","NP15","Solar","Renewable Forecast Actual Generation","RENEW_FCST_ACT_MW",3,3,480.72655,"ACTUAL",1
"10","2019-03-06",10,0,"2019-03-06T17:00:00-00:00","2019-03-06T18:00:00-00:00","NP15","Solar","Renewable Forecast Actual Generation","RENEW_FCST_ACT_MW",3,3,540.36199,"ACTUAL",1
"11","2019-03-06",11,0,"2019-03-06T18:00:00-00:00","2019-03-06T19:00:00-00:00","NP15","Solar","Renewable Forecast Actual Generation","RENEW_FCST_ACT_MW",3,3,673.88353,"ACTUAL",1
"12","2019-03-06",12,0,"2019-03-06T19:00:00-00:00","2019-03-06T20:00:00-00:00","NP15","Solar","Renewable Forecast Actual Generation","RENEW_FCST_ACT_MW",3,3,732.62537,"ACTUAL",1
"13","2019-03-06",13,0,"2019-03-06T20:00:00-00:00","2019-03-06T21:00:00-00:00","NP15","Solar","Renewable Forecast Actual Generation","RENEW_FCST_ACT_MW",3,3,729.36922,"ACTUAL",1
"14","2019-03-06",14,0,"2019-03-06T21:00:00-00:00","2019-03-06T22:00:00-00:00","NP15","Solar","Renewable Forecast Actual Generation","RENEW_FCST_ACT_MW",3,3,739.43315,"ACTUAL",1
"15","2019-03-06",15,0,"2019-03-06T22:00:00-00:00","2019-03-06T23:00:00-00:00","NP15","Solar","Renewable Forecast Actual Generation","RENEW_FCST_ACT_MW",3,3,701.44044,"ACTUAL",1
"16","2019-03-06",16,0,"2019-03-06T23:00:00-00:00","2019-03-07T00:00:00-00:00","NP15","Solar","Renewable Forecast Actual Generation","RENEW_FCST_ACT_MW",3,3,646.68676,"ACTUAL",1
"17","2019-03-06",17,0,"2019-03-07T00:00:00-00:00","2019-03-07T01:00:00-00:00","NP15","Solar","Renewable Forecast Actual Generation","RENEW_FCST_ACT_MW",3,3,421.1093,"ACTUAL",1
"18","2019-03-06",18,0,"2019-03-07T01:00:00-00:00","2019-03-07T02:00:00-00:00","NP15","Solar","Renewable Forecast Actual Generation","RENEW_FCST_ACT_MW",3,3,71.2922,"ACTUAL",1
"19","2019-03-06",19,0,"2019-03-07T02:00:00-00:00","2019-03-07T03:00:00-00:00","NP15","Solar","Renewable Forecast Actual Generation","RENEW_FCST_ACT_MW",3,3,-0.93679,"ACTUAL",1
"20","2019-03-06",20,0,"2019-03-07T03:00:00-00:00","2019-03-07T04:00:00-00:00","NP15","Solar","Renewable Forecast Actual Generation","RENEW_FCST_ACT_MW",3,3,-1.06501,"ACTUAL",1
"21","2019-03-06",21,0,"2019-03-07T04:00:00-00:00","2019-03-07T05:00:00-00:00","NP15","Solar","Renewable Forecast Actual Generation","RENEW_FCST_ACT_MW",3,3,-1.0868,"ACTUAL",1
"22","2019-03-06",22,0,"2019-03-07T05:00:00-00:00","2019-03-07T06:00:00-00:00","NP15","Solar","Renewable Forecast Actual Generation","RENEW_FCST_ACT_MW",3,3,-1.07089,"ACTUAL",1
"23","2019-03-06",23,0,"2019-03-07T06:00:00-00:00","2019-03-07T07:00:00-00:00","NP15","Solar","Renewable Forecast Actual Generation","RENEW_FCST_ACT_MW",3,3,-1.06592,"ACTUAL",1
"24","2019-03-06",24,0,"2019-03-07T07:00:00-00:00","2019-03-07T08:00:00-00:00","NP15","Solar","Renewable Forecast Actual Generation","RENEW_FCST_ACT_MW",3,3,-1.011,"ACTUAL",1
"25","2019-03-06",1,0,"2019-03-06T08:00:00-00:00","2019-03-06T09:00:00-00:00","NP15","Wind","Renewable Forecast Actual Generation","RENEW_FCST_ACT_MW",3,1,415.37332,"ACTUAL",2
"26","2019-03-06",24,0,"2019-03-07T07:00:00-00:00","2019-03-07T08:00:00-00:00","NP15","Wind","Renewable Forecast Actual Generation","RENEW_FCST_ACT_MW",3,1,475.45333,"ACTUAL",2
"27","2019-03-06",3,0,"2019-03-06T10:00:00-00:00","2019-03-06T11:00:00-00:00","NP15","Wind","Renewable Forecast Actual Generation","RENEW_FCST_ACT_MW",3,1,239.76123,"ACTUAL",2
"28","2019-03-06",4,0,"2019-03-06T11:00:00-00:00","2019-03-06T12:00:00-00:00","NP15","Wind","Renewable Forecast Actual Generation","RENEW_FCST_ACT_MW",3,1,469.16927,"ACTUAL",2
"29","2019-03-06",5,0,"2019-03-06T12:00:00-00:00","2019-03-06T13:00:00-00:00","NP15","Wind","Renewable Forecast Actual Generation","RENEW_FCST_ACT_MW",3,1,786.96077,"ACTUAL",2
"30","2019-03-06",6,0,"2019-03-06T13:00:00-00:00","2019-03-06T14:00:00-00:00","NP15","Wind","Renewable Forecast Actual Generation","RENEW_FCST_ACT_MW",3,1,761.08794,"ACTUAL",2
"31","2019-03-06",7,0,"2019-03-06T14:00:00-00:00","2019-03-06T15:00:00-00:00","NP15","Wind","Renewable Forecast Actual Generation","RENEW_FCST_ACT_MW",3,1,542.01097,"ACTUAL",2
"32","2019-03-06",8,0,"2019-03-06T15:00:00-00:00","2019-03-06T16:00:00-00:00","NP15","Wind","Renewable Forecast Actual Generation","RENEW_FCST_ACT_MW",3,1,451.69582,"ACTUAL",2
"33","2019-03-06",9,0,"2019-03-06T16:00:00-00:00","2019-03-06T17:00:00-00:00","NP15","Wind","Renewable Forecast Actual Generation","RENEW_FCST_ACT_MW",3,1,392.8685,"ACTUAL",2
"34","2019-03-06",10,0,"2019-03-06T17:00:00-00:00","2019-03-06T18:00:00-00:00","NP15","Wind","Renewable Forecast Actual Generation","RENEW_FCST_ACT_MW",3,1,421.11231,"ACTUAL",2
"35","2019-03-06",11,0,"2019-03-06T18:00:00-00:00","2019-03-06T19:00:00-00:00","NP15","Wind","Renewable Forecast Actual Generation","RENEW_FCST_ACT_MW",3,1,412.79784,"ACTUAL",2
"36","2019-03-06",12,0,"2019-03-06T19:00:00-00:00","2019-03-06T20:00:00-00:00","NP15","Wind","Renewable Forecast Actual Generation","RENEW_FCST_ACT_MW",3,1,404.72886,"ACTUAL",2
"37","2019-03-06",13,0,"2019-03-06T20:00:00-00:00","2019-03-06T21:00:00-00:00","NP15","Wind","Renewable Forecast Actual Generation","RENEW_FCST_ACT_MW",3,1,594.60834,"ACTUAL",2
"38","2019-03-06",14,0,"2019-03-06T21:00:00-00:00","2019-03-06T22:00:00-00:00","NP15","Wind","Renewable Forecast Actual Generation","RENEW_FCST_ACT_MW",3,1,1086.36289,"ACTUAL",2
"39","2019-03-06",15,0,"2019-03-06T22:00:00-00:00","2019-03-06T23:00:00-00:00","NP15","Wind","Renewable Forecast Actual Generation","RENEW_FCST_ACT_MW",3,1,1154.40746,"ACTUAL",2
"40","2019-03-06",16,0,"2019-03-06T23:00:00-00:00","2019-03-07T00:00:00-00:00","NP15","Wind","Renewable Forecast Actual Generation","RENEW_FCST_ACT_MW",3,1,818.36362,"ACTUAL",2
"41","2019-03-06",17,0,"2019-03-07T00:00:00-00:00","2019-03-07T01:00:00-00:00","NP15","Wind","Renewable Forecast Actual Generation","RENEW_FCST_ACT_MW",3,1,786.54288,"ACTUAL",2
"42","2019-03-06",18,0,"2019-03-07T01:00:00-00:00","2019-03-07T02:00:00-00:00","NP15","Wind","Renewable Forecast Actual Generation","RENEW_FCST_ACT_MW",3,1,567.62661,"ACTUAL",2
"43","2019-03-06",19,0,"2019-03-07T02:00:00-00:00","2019-03-07T03:00:00-00:00","NP15","Wind","Renewable Forecast Actual Generation","RENEW_FCST_ACT_MW",3,1,440.20654,"ACTUAL",2
"44","2019-03-06",20,0,"2019-03-07T03:00:00-00:00","2019-03-07T04:00:00-00:00","NP15","Wind","Renewable Forecast Actual Generation","RENEW_FCST_ACT_MW",3,1,377.97423,"ACTUAL",2
"45","2019-03-06",21,0,"2019-03-07T04:00:00-00:00","2019-03-07T05:00:00-00:00","NP15","Wind","Renewable Forecast Actual Generation","RENEW_FCST_ACT_MW",3,1,460.8926,"ACTUAL",2
"46","2019-03-06",22,0,"2019-03-07T05:00:00-00:00","2019-03-07T06:00:00-00:00","NP15","Wind","Renewable Forecast Actual Generation","RENEW_FCST_ACT_MW",3,1,426.76159,"ACTUAL",2
"47","2019-03-06",23,0,"2019-03-07T06:00:00-00:00","2019-03-07T07:00:00-00:00","NP15","Wind","Renewable Forecast Actual Generation","RENEW_FCST_ACT_MW",3,1,534.44396,"ACTUAL",2
"48","2019-03-06",2,0,"2019-03-06T09:00:00-00:00","2019-03-06T10:00:00-00:00","NP15","Wind","Renewable Forecast Actual Generation","RENEW_FCST_ACT_MW",3,1,408.29355,"ACTUAL",2
"49","2019-03-06",24,0,"2019-03-07T07:00:00-00:00","2019-03-07T08:00:00-00:00","SP15","Solar","Renewable Forecast Actual Generation","RENEW_FCST_ACT_MW",3,3,-1.73957,"ACTUAL",3
"50","2019-03-06",2,0,"2019-03-06T09:00:00-00:00","2019-03-06T10:00:00-00:00","SP15","Solar","Renewable Forecast Actual Generation","RENEW_FCST_ACT_MW",3,3,-10.16732,"ACTUAL",3
"51","2019-03-06",23,0,"2019-03-07T06:00:00-00:00","2019-03-07T07:00:00-00:00","SP15","Solar","Renewable Forecast Actual Generation","RENEW_FCST_ACT_MW",3,3,-1.24926,"ACTUAL",3
"52","2019-03-06",6,0,"2019-03-06T13:00:00-00:00","2019-03-06T14:00:00-00:00","SP15","Solar","Renewable Forecast Actual Generation","RENEW_FCST_ACT_MW",3,3,-12.04774,"ACTUAL",3
"53","2019-03-06",22,0,"2019-03-07T05:00:00-00:00","2019-03-07T06:00:00-00:00","SP15","Solar","Renewable Forecast Actual Generation","RENEW_FCST_ACT_MW",3,3,-1.14374,"ACTUAL",3
"54","2019-03-06",11,0,"2019-03-06T18:00:00-00:00","2019-03-06T19:00:00-00:00","SP15","Solar","Renewable Forecast Actual Generation","RENEW_FCST_ACT_MW",3,3,3564.43184,"ACTUAL",3
"55","2019-03-06",21,0,"2019-03-07T04:00:00-00:00","2019-03-07T05:00:00-00:00","SP15","Solar","Renewable Forecast Actual Generation","RENEW_FCST_ACT_MW",3,3,-1.21405,"ACTUAL",3
"56","2019-03-06",3,0,"2019-03-06T10:00:00-00:00","2019-03-06T11:00:00-00:00","SP15","Solar","Renewable Forecast Actual Generation","RENEW_FCST_ACT_MW",3,3,-11.12121,"ACTUAL",3
"57","2019-03-06",20,0,"2019-03-07T03:00:00-00:00","2019-03-07T04:00:00-00:00","SP15","Solar","Renewable Forecast Actual Generation","RENEW_FCST_ACT_MW",3,3,-0.50642,"ACTUAL",3
"58","2019-03-06",10,0,"2019-03-06T17:00:00-00:00","2019-03-06T18:00:00-00:00","SP15","Solar","Renewable Forecast Actual Generation","RENEW_FCST_ACT_MW",3,3,2985.45627,"ACTUAL",3
"59","2019-03-06",19,0,"2019-03-07T02:00:00-00:00","2019-03-07T03:00:00-00:00","SP15","Solar","Renewable Forecast Actual Generation","RENEW_FCST_ACT_MW",3,3,-1.33225,"ACTUAL",3
"60","2019-03-06",5,0,"2019-03-06T12:00:00-00:00","2019-03-06T13:00:00-00:00","SP15","Solar","Renewable Forecast Actual Generation","RENEW_FCST_ACT_MW",3,3,-11.72174,"ACTUAL",3
"61","2019-03-06",18,0,"2019-03-07T01:00:00-00:00","2019-03-07T02:00:00-00:00","SP15","Solar","Renewable Forecast Actual Generation","RENEW_FCST_ACT_MW",3,3,218.30044,"ACTUAL",3
"62","2019-03-06",9,0,"2019-03-06T16:00:00-00:00","2019-03-06T17:00:00-00:00","SP15","Solar","Renewable Forecast Actual Generation","RENEW_FCST_ACT_MW",3,3,2135.39161,"ACTUAL",3
"63","2019-03-06",17,0,"2019-03-07T00:00:00-00:00","2019-03-07T01:00:00-00:00","SP15","Solar","Renewable Forecast Actual Generation","RENEW_FCST_ACT_MW",3,3,1760.77529,"ACTUAL",3
"64","2019-03-06",1,0,"2019-03-06T08:00:00-00:00","2019-03-06T09:00:00-00:00","SP15","Solar","Renewable Forecast Actual Generation","RENEW_FCST_ACT_MW",3,3,-10.11353,"ACTUAL",3
"65","2019-03-06",16,0,"2019-03-06T23:00:00-00:00","2019-03-07T00:00:00-00:00","SP15","Solar","Renewable Forecast Actual Generation","RENEW_FCST_ACT_MW",3,3,2995.12199,"ACTUAL",3
"66","2019-03-06",8,0,"2019-03-06T15:00:00-00:00","2019-03-06T16:00:00-00:00","SP15","Solar","Renewable Forecast Actual Generation","RENEW_FCST_ACT_MW",3,3,1059.71857,"ACTUAL",3
"67","2019-03-06",15,0,"2019-03-06T22:00:00-00:00","2019-03-06T23:00:00-00:00","SP15","Solar","Renewable Forecast Actual Generation","RENEW_FCST_ACT_MW",3,3,3681.43479,"ACTUAL",3
"68","2019-03-06",4,0,"2019-03-06T11:00:00-00:00","2019-03-06T12:00:00-00:00","SP15","Solar","Renewable Forecast Actual Generation","RENEW_FCST_ACT_MW",3,3,-10.01768,"ACTUAL",3
"69","2019-03-06",14,0,"2019-03-06T21:00:00-00:00","2019-03-06T22:00:00-00:00","SP15","Solar","Renewable Forecast Actual Generation","RENEW_FCST_ACT_MW",3,3,4076.05951,"ACTUAL",3
"70","2019-03-06",7,0,"2019-03-06T14:00:00-00:00","2019-03-06T15:00:00-00:00","SP15","Solar","Renewable Forecast Actual Generation","RENEW_FCST_ACT_MW",3,3,213.46784,"ACTUAL",3
"71","2019-03-06",13,0,"2019-03-06T20:00:00-00:00","2019-03-06T21:00:00-00:00","SP15","Solar","Renewable Forecast Actual Generation","RENEW_FCST_ACT_MW",3,3,4029.0637,"ACTUAL",3
"72","2019-03-06",12,0,"2019-03-06T19:00:00-00:00","2019-03-06T20:00:00-00:00","SP15","Solar","Renewable Forecast Actual Generation","RENEW_FCST_ACT_MW",3,3,3742.90201,"ACTUAL",3
"73","2019-03-06",23,0,"2019-03-07T06:00:00-00:00","2019-03-07T07:00:00-00:00","SP15","Wind","Renewable Forecast Actual Generation","RENEW_FCST_ACT_MW",3,1,1093.95993,"ACTUAL",4
"74","2019-03-06",22,0,"2019-03-07T05:00:00-00:00","2019-03-07T06:00:00-00:00","SP15","Wind","Renewable Forecast Actual Generation","RENEW_FCST_ACT_MW",3,1,1224.14137,"ACTUAL",4
"75","2019-03-06",21,0,"2019-03-07T04:00:00-00:00","2019-03-07T05:00:00-00:00","SP15","Wind","Renewable Forecast Actual Generation","RENEW_FCST_ACT_MW",3,1,1370.85213,"ACTUAL",4
"76","2019-03-06",20,0,"2019-03-07T03:00:00-00:00","2019-03-07T04:00:00-00:00","SP15","Wind","Renewable Forecast Actual Generation","RENEW_FCST_ACT_MW",3,1,1255.18315,"ACTUAL",4
"77","2019-03-06",19,0,"2019-03-07T02:00:00-00:00","2019-03-07T03:00:00-00:00","SP15","Wind","Renewable Forecast Actual Generation","RENEW_FCST_ACT_MW",3,1,1271.03709,"ACTUAL",4
"78","2019-03-06",18,0,"2019-03-07T01:00:00-00:00","2019-03-07T02:00:00-00:00","SP15","Wind","Renewable Forecast Actual Generation","RENEW_FCST_ACT_MW",3,1,1302.79045,"ACTUAL",4
"79","2019-03-06",17,0,"2019-03-07T00:00:00-00:00","2019-03-07T01:00:00-00:00","SP15","Wind","Renewable Forecast Actual Generation","RENEW_FCST_ACT_MW",3,1,1203.91949,"ACTUAL",4
"80","2019-03-06",16,0,"2019-03-06T23:00:00-00:00","2019-03-07T00:00:00-00:00","SP15","Wind","Renewable Forecast Actual Generation","RENEW_FCST_ACT_MW",3,1,1157.76079,"ACTUAL",4
"81","2019-03-06",15,0,"2019-03-06T22:00:00-00:00","2019-03-06T23:00:00-00:00","SP15","Wind","Renewable Forecast Actual Generation","RENEW_FCST_ACT_MW",3,1,1241.02943,"ACTUAL",4
"82","2019-03-06",14,0,"2019-03-06T21:00:00-00:00","2019-03-06T22:00:00-00:00","SP15","Wind","Renewable Forecast Actual Generation","RENEW_FCST_ACT_MW",3,1,1094.58031,"ACTUAL",4
"83","2019-03-06",13,0,"2019-03-06T20:00:00-00:00","2019-03-06T21:00:00-00:00","SP15","Wind","Renewable Forecast Actual Generation","RENEW_FCST_ACT_MW",3,1,911.62759,"ACTUAL",4
"84","2019-03-06",12,0,"2019-03-06T19:00:00-00:00","2019-03-06T20:00:00-00:00","SP15","Wind","Renewable Forecast Actual Generation","RENEW_FCST_ACT_MW",3,1,1015.19119,"ACTUAL",4
"85","2019-03-06",11,0,"2019-03-06T18:00:00-00:00","2019-03-06T19:00:00-00:00","SP15","Wind","Renewable Forecast Actual Generation","RENEW_FCST_ACT_MW",3,1,964.30257,"ACTUAL",4
"86","2019-03-06",10,0,"2019-03-06T17:00:00-00:00","2019-03-06T18:00:00-00:00","SP15","Wind","Renewable Forecast Actual Generation","RENEW_FCST_ACT_MW",3,1,807.16283,"ACTUAL",4
"87","2019-03-06",9,0,"2019-03-06T16:00:00-00:00","2019-03-06T17:00:00-00:00","SP15","Wind","Renewable Forecast Actual Generation","RENEW_FCST_ACT_MW",3,1,852.91073,"ACTUAL",4
"88","2019-03-06",8,0,"2019-03-06T15:00:00-00:00","2019-03-06T16:00:00-00:00","SP15","Wind","Renewable Forecast Actual Generation","RENEW_FCST_ACT_MW",3,1,879.28783,"ACTUAL",4
"89","2019-03-06",7,0,"2019-03-06T14:00:00-00:00","2019-03-06T15:00:00-00:00","SP15","Wind","Renewable Forecast Actual Generation","RENEW_FCST_ACT_MW",3,1,682.22827,"ACTUAL",4
"90","2019-03-06",6,0,"2019-03-06T13:00:00-00:00","2019-03-06T14:00:00-00:00","SP15","Wind","Renewable Forecast Actual Generation","RENEW_FCST_ACT_MW",3,1,611.4642,"ACTUAL",4
"91","2019-03-06",5,0,"2019-03-06T12:00:00-00:00","2019-03-06T13:00:00-00:00","SP15","Wind","Renewable Forecast Actual Generation","RENEW_FCST_ACT_MW",3,1,714.74762,"ACTUAL",4
"92","2019-03-06",4,0,"2019-03-06T11:00:00-00:00","2019-03-06T12:00:00-00:00","SP15","Wind","Renewable Forecast Actual Generation","RENEW_FCST_ACT_MW",3,1,1088.12976,"ACTUAL",4
"93","2019-03-06",3,0,"2019-03-06T10:00:00-00:00","2019-03-06T11:00:00-00:00","SP15","Wind","Renewable Forecast Actual Generation","RENEW_FCST_ACT_MW",3,1,619.96087,"ACTUAL",4
"94","2019-03-06",2,0,"2019-03-06T09:00:00-00:00","2019-03-06T10:00:00-00:00","SP15","Wind","Renewable Forecast Actual Generation","RENEW_FCST_ACT_MW",3,1,680.86732,"ACTUAL",4
"95","2019-03-06",24,0,"2019-03-07T07:00:00-00:00","2019-03-07T08:00:00-00:00","SP15","Wind","Renewable Forecast Actual Generation","RENEW_FCST_ACT_MW",3,1,1006.28876,"ACTUAL",4
"96","2019-03-06",1,0,"2019-03-06T08:00:00-00:00","2019-03-06T09:00:00-00:00","SP15","Wind","Renewable Forecast Actual Generation","RENEW_FCST_ACT_MW",3,1,467.61549,"ACTUAL",4
"97","2019-03-06",1,0,"2019-03-06T08:00:00-00:00","2019-03-06T09:00:00-00:00","ZP26","Solar","Renewable Forecast Actual Generation","RENEW_FCST_ACT_MW",3,3,-3.78346,"ACTUAL",5
"98","2019-03-06",24,0,"2019-03-07T07:00:00-00:00","2019-03-07T08:00:00-00:00","ZP26","Solar","Renewable Forecast Actual Generation","RENEW_FCST_ACT_MW",3,3,-3.68022,"ACTUAL",5
"99","2019-03-06",3,0,"2019-03-06T10:00:00-00:00","2019-03-06T11:00:00-00:00","ZP26","Solar","Renewable Forecast Actual Generation","RENEW_FCST_ACT_MW",3,3,-3.81898,"ACTUAL",5
"100","2019-03-06",4,0,"2019-03-06T11:00:00-00:00","2019-03-06T12:00:00-00:00","ZP26","Solar","Renewable Forecast Actual Generation","RENEW_FCST_ACT_MW",3,3,-4.13073,"ACTUAL",5
"101","2019-03-06",5,0,"2019-03-06T12:00:00-00:00","2019-03-06T13:00:00-00:00","ZP26","Solar","Renewable Forecast Actual Generation","RENEW_FCST_ACT_MW",3,3,-4.17153,"ACTUAL",5
"102","2019-03-06",6,0,"2019-03-06T13:00:00-00:00","2019-03-06T14:00:00-00:00","ZP26","Solar","Renewable Forecast Actual Generation","RENEW_FCST_ACT_MW",3,3,-4.04674,"ACTUAL",5
"103","2019-03-06",7,0,"2019-03-06T14:00:00-00:00","2019-03-06T15:00:00-00:00","ZP26","Solar","Renewable Forecast Actual Generation","RENEW_FCST_ACT_MW",3,3,1.90286,"ACTUAL",5
"104","2019-03-06",8,0,"2019-03-06T15:00:00-00:00","2019-03-06T16:00:00-00:00","ZP26","Solar","Renewable Forecast Actual Generation","RENEW_FCST_ACT_MW",3,3,211.05938,"ACTUAL",5
"105","2019-03-06",9,0,"2019-03-06T16:00:00-00:00","2019-03-06T17:00:00-00:00","ZP26","Solar","Renewable Forecast Actual Generation","RENEW_FCST_ACT_MW",3,3,462.53689,"ACTUAL",5
"106","2019-03-06",10,0,"2019-03-06T17:00:00-00:00","2019-03-06T18:00:00-00:00","ZP26","Solar","Renewable Forecast Actual Generation","RENEW_FCST_ACT_MW",3,3,527.69124,"ACTUAL",5
"107","2019-03-06",11,0,"2019-03-06T18:00:00-00:00","2019-03-06T19:00:00-00:00","ZP26","Solar","Renewable Forecast Actual Generation","RENEW_FCST_ACT_MW",3,3,595.27503,"ACTUAL",5
"108","2019-03-06",12,0,"2019-03-06T19:00:00-00:00","2019-03-06T20:00:00-00:00","ZP26","Solar","Renewable Forecast Actual Generation","RENEW_FCST_ACT_MW",3,3,767.08889,"ACTUAL",5
"109","2019-03-06",13,0,"2019-03-06T20:00:00-00:00","2019-03-06T21:00:00-00:00","ZP26","Solar","Renewable Forecast Actual Generation","RENEW_FCST_ACT_MW",3,3,716.40244,"ACTUAL",5
"110","2019-03-06",14,0,"2019-03-06T21:00:00-00:00","2019-03-06T22:00:00-00:00","ZP26","Solar","Renewable Forecast Actual Generation","RENEW_FCST_ACT_MW",3,3,592.32009,"ACTUAL",5
"111","2019-03-06",15,0,"2019-03-06T22:00:00-00:00","2019-03-06T23:00:00-00:00","ZP26","Solar","Renewable Forecast Actual Generation","RENEW_FCST_ACT_MW",3,3,388.13744,"ACTUAL",5
"112","2019-03-06",16,0,"2019-03-06T23:00:00-00:00","2019-03-07T00:00:00-00:00","ZP26","Solar","Renewable Forecast Actual Generation","RENEW_FCST_ACT_MW",3,3,277.85559,"ACTUAL",5
"113","2019-03-06",17,0,"2019-03-07T00:00:00-00:00","2019-03-07T01:00:00-00:00","ZP26","Solar","Renewable Forecast Actual Generation","RENEW_FCST_ACT_MW",3,3,163.93675,"ACTUAL",5
"114","2019-03-06",18,0,"2019-03-07T01:00:00-00:00","2019-03-07T02:00:00-00:00","ZP26","Solar","Renewable Forecast Actual Generation","RENEW_FCST_ACT_MW",3,3,31.68157,"ACTUAL",5
"115","2019-03-06",19,0,"2019-03-07T02:00:00-00:00","2019-03-07T03:00:00-00:00","ZP26","Solar","Renewable Forecast Actual Generation","RENEW_FCST_ACT_MW",3,3,-3.8794,"ACTUAL",5
"116","2019-03-06",20,0,"2019-03-07T03:00:00-00:00","2019-03-07T04:00:00-00:00","ZP26","Solar","Renewable Forecast Actual Generation","RENEW_FCST_ACT_MW",3,3,-3.65684,"ACTUAL",5
"117","2019-03-06",21,0,"2019-03-07T04:00:00-00:00","2019-03-07T05:00:00-00:00","ZP26","Solar","Renewable Forecast Actual Generation","RENEW_FCST_ACT_MW",3,3,-3.6584,"ACTUAL",5
"118","2019-03-06",22,0,"2019-03-07T05:00:00-00:00","2019-03-07T06:00:00-00:00","ZP26","Solar","Renewable Forecast Actual Generation","RENEW_FCST_ACT_MW",3,3,-3.58551,"ACTUAL",5
"119","2019-03-06",23,0,"2019-03-07T06:00:00-00:00","2019-03-07T07:00:00-00:00","ZP26","Solar","Renewable Forecast Actual Generation","RENEW_FCST_ACT_MW",3,3,-3.64151,"ACTUAL",5
"120","2019-03-06",2,0,"2019-03-06T09:00:00-00:00","2019-03-06T10:00:00-00:00","ZP26","Solar","Renewable Forecast Actual Generation","RENEW_FCST_ACT_MW",3,3,-3.85053,"ACTUAL",5
