"","OPR_DT","OPR_HR","OPR_INTERVAL","INTERVALSTARTTIME_GMT","INTERVALENDTIME_GMT","TRADING_HUB","RENEWABLE_TYPE","LABEL","XML_DATA_ITEM","MARKET_RUN_ID_POS","RENEW_POS","MW","MARKET_RUN_ID","GROUP"
"1","2019-03-28",2,0,"2019-03-28T08:00:00-00:00","2019-03-28T09:00:00-00:00","NP15","Solar","Renewable Forecast Actual Generation","RENEW_FCST_ACT_MW",3,3,-0.94336,"ACTUAL",1
"2","2019-03-28",3,0,"2019-03-28T09:00:00-00:00","2019-03-28T10:00:00-00:00","NP15","Solar","Renewable Forecast Actual Generation","RENEW_FCST_ACT_MW",3,3,-1.28094,"ACTUAL",1
"3","2019-03-28",4,0,"2019-03-28T10:00:00-00:00","2019-03-28T11:00:00-00:00","NP15","Solar","Renewable Forecast Actual Generation","RENEW_FCST_ACT_MW",3,3,-1.27208,"ACTUAL",1
"4","2019-03-28",5,0,"2019-03-28T11:00:00-00:00","2019-03-28T12:00:00-00:00","NP15","Solar","Renewable Forecast Actual Generation","RENEW_FCST_ACT_MW",3,3,-1.25878,"ACTUAL",1
"5","2019-03-28",6,0,"2019-03-28T12:00:00-00:00","2019-03-28T13:00:00-00:00","NP15","Solar","Renewable Forecast Actual Generation","RENEW_FCST_ACT_MW",3,3,-1.23685,"ACTUAL",1
"6","2019-03-28",7,0,"2019-03-28T13:00:00-00:00","2019-03-28T14:00:00-00:00","NP15","Solar","Renewable Forecast Actual Generation","RENEW_FCST_ACT_MW",3,3,-1.06045,"ACTUAL",1
"7","2019-03-28",8,0,"2019-03-28T14:00:00-00:00","2019-03-28T15:00:00-00:00","NP15","Solar","Renewable Forecast Actual Generation","RENEW_FCST_ACT_MW",3,3,217.22215,"ACTUAL",1
"8","2019-03-28",9,0,"2019-03-28T15:00:00-00:00","2019-03-28T16:00:00-00:00","NP15","Solar","Renewable Forecast Actual Generation","RENEW_FCST_ACT_MW",3,3,1028.97099,"ACTUAL",1
"9","2019-03-28",10,0,"2019-03-28T16:00:00-00:00","2019-03-28T17:00:00-00:00","NP15","Solar","Renewable Forecast Actual Generation","RENEW_FCST_ACT_MW",3,3,1298.12923,"ACTUAL",1
"10","2019-03-28",11,0,"2019-03-28T17:00:00-00:00","2019-03-28T18:00:00-00:00","NP15","Solar","Renewable Forecast Actual Generation","RENEW_FCST_ACT_MW",3,3,1346.66514,"ACTUAL",1
"11","2019-03-28",12,0,"2019-03-28T18:00:00-00:00","2019-03-28T19:00:00-00:00","NP15","Solar","Renewable Forecast Actual Generation","RENEW_FCST_ACT_MW",3,3,1303.50914,"ACTUAL",1
"12","2019-03-28",13,0,"2019-03-28T19:00:00-00:00","2019-03-28T20:00:00-00:00","NP15","Solar","Renewable Forecast Actual Generation","RENEW_FCST_ACT_MW",3,3,1163.74742,"ACTUAL",1
"13","2019-03-28",14,0,"2019-03-28T20:00:00-00:00","2019-03-28T21:00:00-00:00","NP15","Solar","Renewable Forecast Actual Generation","RENEW_FCST_ACT_MW",3,3,1075.46557,"ACTUAL",1
"14","2019-03-28",15,0,"2019-03-28T21:00:00-00:00","2019-03-28T22:00:00-00:00","NP15","Solar","Renewable Forecast Actual Generation","RENEW_FCST_ACT_MW",3,3,1162.86302,"ACTUAL",1
"15","2019-03-28",16,0,"2019-03-28T22:00:00-00:00","2019-03-28T23:00:00-00:00","NP15","Solar","Renewable Forecast Actual Generation","RENEW_FCST_ACT_MW",3,3,1200.3851,"ACTUAL",1
"16","2019-03-28",17,0,"2019-03-28T23:00:00-00:00","2019-03-29T00:00:00-00:00","NP15","Solar","Renewable Forecast Actual Generation","RENEW_FCST_ACT_MW",3,3,1033.88079,"ACTUAL",1
"17","2019-03-28",18,0,"2019-03-29T00:00:00-00:00","2019-03-29T01:00:00-00:00","NP15","Solar","Renewable Forecast Actual Generation","RENEW_FCST_ACT_MW",3,3,858.33912,"ACTUAL",1
"18","2019-03-28",19,0,"2019-03-29T01:00:00-00:00","2019-03-29T02:00:00-00:00","NP15","Solar","Renewable Forecast Actual Generation","RENEW_FCST_ACT_MW",3,3,288.99834,"ACTUAL",1
"19","2019-03-28",20,0,"2019-03-29T02:00:00-00:00","2019-03-29T03:00:00-00:00","NP15","Solar","Renewable Forecast Actual Generation","RENEW_FCST_ACT_MW",3,3,5.96019,"ACTUAL",1
"20","2019-03-28",21,0,"2019-03-29T03:00:00-00:00","2019-03-29T04:00:00-00:00","NP15","Solar","Renewable Forecast Actual Generation","RENEW_FCST_ACT_MW",3,3,1.223,"ACTUAL",1
"21","2019-03-28",22,0,"2019-03-29T04:00:00-00:00","2019-03-29T05:00:00-00:00","NP15","Solar","Renewable Forecast Actual Generation","RENEW_FCST_ACT_MW",3,3,1.1517,"ACTUAL",1
"22","2019-03-28",23,0,"2019-03-29T05:00:00-00:00","2019-03-29T06:00:00-00:00","NP15","Solar","Renewable Forecast Actual Generation","RENEW_FCST_ACT_MW",3,3,1.10674,"ACTUAL",1
"23","2019-03-28",24,0,"2019-03-29T06:00:00-00:00","2019-03-29T07:00:00-00:00","NP15","Solar","Renewable Forecast Actual Generation","RENEW_FCST_ACT_MW",3,3,1.13644,"ACTUAL",1
"24","2019-03-28",18,0,"2019-03-29T00:00:00-00:00","2019-03-29T01:00:00-00:00","NP15","Wind","Renewable Forecast Actual Generation","RENEW_FCST_ACT_MW",3,1,445.34375,"ACTUAL",2
"25","2019-03-28",6,0,"2019-03-28T12:00:00-00:00","2019-03-28T13:00:00-00:00","NP15","Wind","Renewable Forecast Actual Generation","RENEW_FCST_ACT_MW",3,1,107.96915,"ACTUAL",2
"26","2019-03-28",17,0,"2019-03-28T23:00:00-00:00","2019-03-29T00:00:00-00:00","NP15","Wind","Renewable Forecast Actual Generation","RENEW_FCST_ACT_MW",3,1,456.95246,"ACTUAL",2
"27","2019-03-28",16,0,"2019-03-28T22:00:00-00:00","2019-03-28T23:00:00-00:00","NP15","Wind","Renewable Forecast Actual Generation","RENEW_FCST_ACT_MW",3,1,431.93956,"ACTUAL",2
"28","2019-03-28",15,0,"2019-03-28T21:00:00-00:00","2019-03-28T22:00:00-00:00","NP15","Wind","Renewable Forecast Actual Generation","RENEW_FCST_ACT_MW",3,1,543.96816,"ACTUAL",2
"29","2019-03-28",14,0,"2019-03-28T20:00:00-00:00","2019-03-28T21:00:00-00:00","NP15","Wind","Renewable Forecast Actual Generation","RENEW_FCST_ACT_MW",3,1,261.43942,"ACTUAL",2
"30","2019-03-28",13,0,"2019-03-28T19:00:00-00:00","2019-03-28T20:00:00-00:00","NP15","Wind","Renewable Forecast Actual Generation","RENEW_FCST_ACT_MW",3,1,245.7827,"ACTUAL",2
"31","2019-03-28",12,0,"2019-03-28T18:00:00-00:00","2019-03-28T19:00:00-00:00","NP15","Wind","Renewable Forecast Actual Generation","RENEW_FCST_ACT_MW",3,1,146.92543,"ACTUAL",2
"32","2019-03-28",11,0,"2019-03-28T17:00:00-00:00","2019-03-28T18:00:00-00:00","NP15","Wind","Renewable Forecast Actual Generation","RENEW_FCST_ACT_MW",3,1,95.7883,"ACTUAL",2
"33","2019-03-28",10,0,"2019-03-28T16:00:00-00:00","2019-03-28T17:00:00-00:00","NP15","Wind","Renewable Forecast Actual Generation","RENEW_FCST_ACT_MW",3,1,80.12643,"ACTUAL",2
"34","2019-03-28",9,0,"2019-03-28T15:00:00-00:00","2019-03-28T16:00:00-00:00","NP15","Wind","Renewable Forecast Actual Generation","RENEW_FCST_ACT_MW",3,1,87.24049,"ACTUAL",2
"35","2019-03-28",8,0,"2019-03-28T14:00:00-00:00","2019-03-28T15:00:00-00:00","NP15","Wind","Renewable Forecast Actual Generation","RENEW_FCST_ACT_MW",3,1,92.03793,"ACTUAL",2
"36","2019-03-28",7,0,"2019-03-28T13:00:00-00:00","2019-03-28T14:00:00-00:00","NP15","Wind","Renewable Forecast Actual Generation","RENEW_FCST_ACT_MW",3,1,87.95245,"ACTUAL",2
"37","2019-03-28",5,0,"2019-03-28T11:00:00-00:00","2019-03-28T12:00:00-00:00","NP15","Wind","Renewable Forecast Actual Generation","RENEW_FCST_ACT_MW",3,1,101.98727,"ACTUAL",2
"38","2019-03-28",4,0,"2019-03-28T10:00:00-00:00","2019-03-28T11:00:00-00:00","NP15","Wind","Renewable Forecast Actual Generation","RENEW_FCST_ACT_MW",3,1,125.51748,"ACTUAL",2
"39","2019-03-28",3,0,"2019-03-28T09:00:00-00:00","2019-03-28T10:00:00-00:00","NP15","Wind","Renewable Forecast Actual Generation","RENEW_FCST_ACT_MW",3,1,111.97549,"ACTUAL",2
"40","2019-03-28",2,0,"2019-03-28T08:00:00-00:00","2019-03-28T09:00:00-00:00","NP15","Wind","Renewable Forecast Actual Generation","RENEW_FCST_ACT_MW",3,1,94.28965,"ACTUAL",2
"41","2019-03-28",24,0,"2019-03-29T06:00:00-00:00","2019-03-29T07:00:00-00:00","NP15","Wind","Renewable Forecast Actual Generation","RENEW_FCST_ACT_MW",3,1,11.62503,"ACTUAL",2
"42","2019-03-28",23,0,"2019-03-29T05:00:00-00:00","2019-03-29T06:00:00-00:00","NP15","Wind","Renewable Forecast Actual Generation","RENEW_FCST_ACT_MW",3,1,33.30367,"ACTUAL",2
"43","2019-03-28",22,0,"2019-03-29T04:00:00-00:00","2019-03-29T05:00:00-00:00","NP15","Wind","Renewable Forecast Actual Generation","RENEW_FCST_ACT_MW",3,1,36.75565,"ACTUAL",2
"44","2019-03-28",21,0,"2019-03-29T03:00:00-00:00","2019-03-29T04:00:00-00:00","NP15","Wind","Renewable Forecast Actual Generation","RENEW_FCST_ACT_MW",3,1,48.77425,"ACTUAL",2
"45","2019-03-28",20,0,"2019-03-29T02:00:00-00:00","2019-03-29T03:00:00-00:00","NP15","Wind","Renewable Forecast Actual Generation","RENEW_FCST_ACT_MW",3,1,158.59405,"ACTUAL",2
"46","2019-03-28",19,0,"2019-03-29T01:00:00-00:00","2019-03-29T02:00:00-00:00","NP15","Wind","Renewable Forecast Actual Generation","RENEW_FCST_ACT_MW",3,1,410.89679,"ACTUAL",2
"47","2019-03-28",6,0,"2019-03-28T12:00:00-00:00","2019-03-28T13:00:00-00:00","SP15","Solar","Renewable Forecast Actual Generation","RENEW_FCST_ACT_MW",3,3,-18.38467,"ACTUAL",3
"48","2019-03-28",18,0,"2019-03-29T00:00:00-00:00","2019-03-29T01:00:00-00:00","SP15","Solar","Renewable Forecast Actual Generation","RENEW_FCST_ACT_MW",3,3,4266.34764,"ACTUAL",3
"49","2019-03-28",5,0,"2019-03-28T11:00:00-00:00","2019-03-28T12:00:00-00:00","SP15","Solar","Renewable Forecast Actual Generation","RENEW_FCST_ACT_MW",3,3,-15.72837,"ACTUAL",3
"50","2019-03-28",11,0,"2019-03-28T17:00:00-00:00","2019-03-28T18:00:00-00:00","SP15","Solar","Renewable Forecast Actual Generation","RENEW_FCST_ACT_MW",3,3,6115.94509,"ACTUAL",3
"51","2019-03-28",4,0,"2019-03-28T10:00:00-00:00","2019-03-28T11:00:00-00:00","SP15","Solar","Renewable Forecast Actual Generation","RENEW_FCST_ACT_MW",3,3,-15.68342,"ACTUAL",3
"52","2019-03-28",15,0,"2019-03-28T21:00:00-00:00","2019-03-28T22:00:00-00:00","SP15","Solar","Renewable Forecast Actual Generation","RENEW_FCST_ACT_MW",3,3,5277.30957,"ACTUAL",3
"53","2019-03-28",3,0,"2019-03-28T09:00:00-00:00","2019-03-28T10:00:00-00:00","SP15","Solar","Renewable Forecast Actual Generation","RENEW_FCST_ACT_MW",3,3,-16.07375,"ACTUAL",3
"54","2019-03-28",10,0,"2019-03-28T16:00:00-00:00","2019-03-28T17:00:00-00:00","SP15","Solar","Renewable Forecast Actual Generation","RENEW_FCST_ACT_MW",3,3,5785.82238,"ACTUAL",3
"55","2019-03-28",2,0,"2019-03-28T08:00:00-00:00","2019-03-28T09:00:00-00:00","SP15","Solar","Renewable Forecast Actual Generation","RENEW_FCST_ACT_MW",3,3,-25.96306,"ACTUAL",3
"56","2019-03-28",13,0,"2019-03-28T19:00:00-00:00","2019-03-28T20:00:00-00:00","SP15","Solar","Renewable Forecast Actual Generation","RENEW_FCST_ACT_MW",3,3,5660.60799,"ACTUAL",3
"57","2019-03-28",24,0,"2019-03-29T06:00:00-00:00","2019-03-29T07:00:00-00:00","SP15","Solar","Renewable Forecast Actual Generation","RENEW_FCST_ACT_MW",3,3,-21.01239,"ACTUAL",3
"58","2019-03-28",9,0,"2019-03-28T15:00:00-00:00","2019-03-28T16:00:00-00:00","SP15","Solar","Renewable Forecast Actual Generation","RENEW_FCST_ACT_MW",3,3,4296.03312,"ACTUAL",3
"59","2019-03-28",23,0,"2019-03-29T05:00:00-00:00","2019-03-29T06:00:00-00:00","SP15","Solar","Renewable Forecast Actual Generation","RENEW_FCST_ACT_MW",3,3,-21.34226,"ACTUAL",3
"60","2019-03-28",16,0,"2019-03-28T22:00:00-00:00","2019-03-28T23:00:00-00:00","SP15","Solar","Renewable Forecast Actual Generation","RENEW_FCST_ACT_MW",3,3,5349.45356,"ACTUAL",3
"61","2019-03-28",22,0,"2019-03-29T04:00:00-00:00","2019-03-29T05:00:00-00:00","SP15","Solar","Renewable Forecast Actual Generation","RENEW_FCST_ACT_MW",3,3,-23.95241,"ACTUAL",3
"62","2019-03-28",8,0,"2019-03-28T14:00:00-00:00","2019-03-28T15:00:00-00:00","SP15","Solar","Renewable Forecast Actual Generation","RENEW_FCST_ACT_MW",3,3,1452.18914,"ACTUAL",3
"63","2019-03-28",21,0,"2019-03-29T03:00:00-00:00","2019-03-29T04:00:00-00:00","SP15","Solar","Renewable Forecast Actual Generation","RENEW_FCST_ACT_MW",3,3,-25.09137,"ACTUAL",3
"64","2019-03-28",12,0,"2019-03-28T18:00:00-00:00","2019-03-28T19:00:00-00:00","SP15","Solar","Renewable Forecast Actual Generation","RENEW_FCST_ACT_MW",3,3,6409.17639,"ACTUAL",3
"65","2019-03-28",20,0,"2019-03-29T02:00:00-00:00","2019-03-29T03:00:00-00:00","SP15","Solar","Renewable Forecast Actual Generation","RENEW_FCST_ACT_MW",3,3,-4.7009,"ACTUAL",3
"66","2019-03-28",7,0,"2019-03-28T13:00:00-00:00","2019-03-28T14:00:00-00:00","SP15","Solar","Renewable Forecast Actual Generation","RENEW_FCST_ACT_MW",3,3,13.55769,"ACTUAL",3
"67","2019-03-28",19,0,"2019-03-29T01:00:00-00:00","2019-03-29T02:00:00-00:00","SP15","Solar","Renewable Forecast Actual Generation","RENEW_FCST_ACT_MW",3,3,1124.75613,"ACTUAL",3
"68","2019-03-28",14,0,"2019-03-28T20:00:00-00:00","2019-03-28T21:00:00-00:00","SP15","Solar","Renewable Forecast Actual Generation","RENEW_FCST_ACT_MW",3,3,5695.24969,"ACTUAL",3
"69","2019-03-28",17,0,"2019-03-28T23:00:00-00:00","2019-03-29T00:00:00-00:00","SP15","Solar","Renewable Forecast Actual Generation","RENEW_FCST_ACT_MW",3,3,5270.00091,"ACTUAL",3
"70","2019-03-28",18,0,"2019-03-29T00:00:00-00:00","2019-03-29T01:00:00-00:00","SP15","Wind","Renewable Forecast Actual Generation","RENEW_FCST_ACT_MW",3,1,2095.32237,"ACTUAL",4
"71","2019-03-28",19,0,"2019-03-29T01:00:00-00:00","2019-03-29T02:00:00-00:00","SP15","Wind","Renewable Forecast Actual Generation","RENEW_FCST_ACT_MW",3,1,1885.95345,"ACTUAL",4
"72","2019-03-28",20,0,"2019-03-29T02:00:00-00:00","2019-03-29T03:00:00-00:00","SP15","Wind","Renewable Forecast Actual Generation","RENEW_FCST_ACT_MW",3,1,1783.40769,"ACTUAL",4
"73","2019-03-28",21,0,"2019-03-29T03:00:00-00:00","2019-03-29T04:00:00-00:00","SP15","Wind","Renewable Forecast Actual Generation","RENEW_FCST_ACT_MW",3,1,1835.38759,"ACTUAL",4
"74","2019-03-28",22,0,"2019-03-29T04:00:00-00:00","2019-03-29T05:00:00-00:00","SP15","Wind","Renewable Forecast Actual Generation","RENEW_FCST_ACT_MW",3,1,1928.64224,"ACTUAL",4
"75","2019-03-28",23,0,"2019-03-29T05:00:00-00:00","2019-03-29T06:00:00-00:00","SP15","Wind","Renewable Forecast Actual Generation","RENEW_FCST_ACT_MW",3,1,2216.56781,"ACTUAL",4
"76","2019-03-28",24,0,"2019-03-29T06:00:00-00:00","2019-03-29T07:00:00-00:00","SP15","Wind","Renewable Forecast Actual Generation","RENEW_FCST_ACT_MW",3,1,2540.48337,"ACTUAL",4
"77","2019-03-28",2,0,"2019-03-28T08:00:00-00:00","2019-03-28T09:00:00-00:00","SP15","Wind","Renewable Forecast Actual Generation","RENEW_FCST_ACT_MW",3,1,1651.3541,"ACTUAL",4
"78","2019-03-28",3,0,"2019-03-28T09:00:00-00:00","2019-03-28T10:00:00-00:00","SP15","Wind","Renewable Forecast Actual Generation","RENEW_FCST_ACT_MW",3,1,1674.43676,"ACTUAL",4
"79","2019-03-28",4,0,"2019-03-28T10:00:00-00:00","2019-03-28T11:00:00-00:00","SP15","Wind","Renewable Forecast Actual Generation","RENEW_FCST_ACT_MW",3,1,1536.66918,"ACTUAL",4
"80","2019-03-28",5,0,"2019-03-28T11:00:00-00:00","2019-03-28T12:00:00-00:00","SP15","Wind","Renewable Forecast Actual Generation","RENEW_FCST_ACT_MW",3,1,1499.1054,"ACTUAL",4
"81","2019-03-28",6,0,"2019-03-28T12:00:00-00:00","2019-03-28T13:00:00-00:00","SP15","Wind","Renewable Forecast Actual Generation","RENEW_FCST_ACT_MW",3,1,1453.51176,"ACTUAL",4
"82","2019-03-28",7,0,"2019-03-28T13:00:00-00:00","2019-03-28T14:00:00-00:00","SP15","Wind","Renewable Forecast Actual Generation","RENEW_FCST_ACT_MW",3,1,1263.83702,"ACTUAL",4
"83","2019-03-28",8,0,"2019-03-28T14:00:00-00:00","2019-03-28T15:00:00-00:00","SP15","Wind","Renewable Forecast Actual Generation","RENEW_FCST_ACT_MW",3,1,1255.94681,"ACTUAL",4
"84","2019-03-28",9,0,"2019-03-28T15:00:00-00:00","2019-03-28T16:00:00-00:00","SP15","Wind","Renewable Forecast Actual Generation","RENEW_FCST_ACT_MW",3,1,1508.75725,"ACTUAL",4
"85","2019-03-28",10,0,"2019-03-28T16:00:00-00:00","2019-03-28T17:00:00-00:00","SP15","Wind","Renewable Forecast Actual Generation","RENEW_FCST_ACT_MW",3,1,1744.59597,"ACTUAL",4
"86","2019-03-28",11,0,"2019-03-28T17:00:00-00:00","2019-03-28T18:00:00-00:00","SP15","Wind","Renewable Forecast Actual Generation","RENEW_FCST_ACT_MW",3,1,2042.09346,"ACTUAL",4
"87","2019-03-28",12,0,"2019-03-28T18:00:00-00:00","2019-03-28T19:00:00-00:00","SP15","Wind","Renewable Forecast Actual Generation","RENEW_FCST_ACT_MW",3,1,2227.74449,"ACTUAL",4
"88","2019-03-28",13,0,"2019-03-28T19:00:00-00:00","2019-03-28T20:00:00-00:00","SP15","Wind","Renewable Forecast Actual Generation","RENEW_FCST_ACT_MW",3,1,2450.53171,"ACTUAL",4
"89","2019-03-28",14,0,"2019-03-28T20:00:00-00:00","2019-03-28T21:00:00-00:00","SP15","Wind","Renewable Forecast Actual Generation","RENEW_FCST_ACT_MW",3,1,2418.56582,"ACTUAL",4
"90","2019-03-28",15,0,"2019-03-28T21:00:00-00:00","2019-03-28T22:00:00-00:00","SP15","Wind","Renewable Forecast Actual Generation","RENEW_FCST_ACT_MW",3,1,2540.01355,"ACTUAL",4
"91","2019-03-28",16,0,"2019-03-28T22:00:00-00:00","2019-03-28T23:00:00-00:00","SP15","Wind","Renewable Forecast Actual Generation","RENEW_FCST_ACT_MW",3,1,2537.20077,"ACTUAL",4
"92","2019-03-28",17,0,"2019-03-28T23:00:00-00:00","2019-03-29T00:00:00-00:00","SP15","Wind","Renewable Forecast Actual Generation","RENEW_FCST_ACT_MW",3,1,2376.77566,"ACTUAL",4
"93","2019-03-28",18,0,"2019-03-29T00:00:00-00:00","2019-03-29T01:00:00-00:00","ZP26","Solar","Renewable Forecast Actual Generation","RENEW_FCST_ACT_MW",3,3,922.91103,"ACTUAL",5
"94","2019-03-28",17,0,"2019-03-28T23:00:00-00:00","2019-03-29T00:00:00-00:00","ZP26","Solar","Renewable Forecast Actual Generation","RENEW_FCST_ACT_MW",3,3,1244.98248,"ACTUAL",5
"95","2019-03-28",20,0,"2019-03-29T02:00:00-00:00","2019-03-29T03:00:00-00:00","ZP26","Solar","Renewable Forecast Actual Generation","RENEW_FCST_ACT_MW",3,3,0.20898,"ACTUAL",5
"96","2019-03-28",21,0,"2019-03-29T03:00:00-00:00","2019-03-29T04:00:00-00:00","ZP26","Solar","Renewable Forecast Actual Generation","RENEW_FCST_ACT_MW",3,3,-3.4851,"ACTUAL",5
"97","2019-03-28",22,0,"2019-03-29T04:00:00-00:00","2019-03-29T05:00:00-00:00","ZP26","Solar","Renewable Forecast Actual Generation","RENEW_FCST_ACT_MW",3,3,-3.49752,"ACTUAL",5
"98","2019-03-28",23,0,"2019-03-29T05:00:00-00:00","2019-03-29T06:00:00-00:00","ZP26","Solar","Renewable Forecast Actual Generation","RENEW_FCST_ACT_MW",3,3,-3.56652,"ACTUAL",5
"99","2019-03-28",24,0,"2019-03-29T06:00:00-00:00","2019-03-29T07:00:00-00:00","ZP26","Solar","Renewable Forecast Actual Generation","RENEW_FCST_ACT_MW",3,3,-3.5633,"ACTUAL",5
"100","2019-03-28",2,0,"2019-03-28T08:00:00-00:00","2019-03-28T09:00:00-00:00","ZP26","Solar","Renewable Forecast Actual Generation","RENEW_FCST_ACT_MW",3,3,-3.65387,"ACTUAL",5
"101","2019-03-28",3,0,"2019-03-28T09:00:00-00:00","2019-03-28T10:00:00-00:00","ZP26","Solar","Renewable Forecast Actual Generation","RENEW_FCST_ACT_MW",3,3,-3.60913,"ACTUAL",5
"102","2019-03-28",4,0,"2019-03-28T10:00:00-00:00","2019-03-28T11:00:00-00:00","ZP26","Solar","Renewable Forecast Actual Generation","RENEW_FCST_ACT_MW",3,3,-3.56337,"ACTUAL",5
"103","2019-03-28",5,0,"2019-03-28T11:00:00-00:00","2019-03-28T12:00:00-00:00","ZP26","Solar","Renewable Forecast Actual Generation","RENEW_FCST_ACT_MW",3,3,-3.78295,"ACTUAL",5
"104","2019-03-28",6,0,"2019-03-28T12:00:00-00:00","2019-03-28T13:00:00-00:00","ZP26","Solar","Renewable Forecast Actual Generation","RENEW_FCST_ACT_MW",3,3,-3.72442,"ACTUAL",5
"105","2019-03-28",7,0,"2019-03-28T13:00:00-00:00","2019-03-28T14:00:00-00:00","ZP26","Solar","Renewable Forecast Actual Generation","RENEW_FCST_ACT_MW",3,3,-3.76796,"ACTUAL",5
"106","2019-03-28",8,0,"2019-03-28T14:00:00-00:00","2019-03-28T15:00:00-00:00","ZP26","Solar","Renewable Forecast Actual Generation","RENEW_FCST_ACT_MW",3,3,76.70318,"ACTUAL",5
"107","2019-03-28",9,0,"2019-03-28T15:00:00-00:00","2019-03-28T16:00:00-00:00","ZP26","Solar","Renewable Forecast Actual Generation","RENEW_FCST_ACT_MW",3,3,541.31991,"ACTUAL",5
"108","2019-03-28",10,0,"2019-03-28T16:00:00-00:00","2019-03-28T17:00:00-00:00","ZP26","Solar","Renewable Forecast Actual Generation","RENEW_FCST_ACT_MW",3,3,905.20144,"ACTUAL",5
"109","2019-03-28",11,0,"2019-03-28T17:00:00-00:00","2019-03-28T18:00:00-00:00","ZP26","Solar","Renewable Forecast Actual Generation","RENEW_FCST_ACT_MW",3,3,1192.52817,"ACTUAL",5
"110","2019-03-28",12,0,"2019-03-28T18:00:00-00:00","2019-03-28T19:00:00-00:00","ZP26","Solar","Renewable Forecast Actual Generation","RENEW_FCST_ACT_MW",3,3,1341.95697,"ACTUAL",5
"111","2019-03-28",13,0,"2019-03-28T19:00:00-00:00","2019-03-28T20:00:00-00:00","ZP26","Solar","Renewable Forecast Actual Generation","RENEW_FCST_ACT_MW",3,3,1407.29155,"ACTUAL",5
"112","2019-03-28",14,0,"2019-03-28T20:00:00-00:00","2019-03-28T21:00:00-00:00","ZP26","Solar","Renewable Forecast Actual Generation","RENEW_FCST_ACT_MW",3,3,1409.0669,"ACTUAL",5
"113","2019-03-28",15,0,"2019-03-28T21:00:00-00:00","2019-03-28T22:00:00-00:00","ZP26","Solar","Renewable Forecast Actual Generation","RENEW_FCST_ACT_MW",3,3,1407.11731,"ACTUAL",5
"114","2019-03-28",16,0,"2019-03-28T22:00:00-00:00","2019-03-28T23:00:00-00:00","ZP26","Solar","Renewable Forecast Actual Generation","RENEW_FCST_ACT_MW",3,3,1405.34392,"ACTUAL",5
"115","2019-03-28",19,0,"2019-03-29T01:00:00-00:00","2019-03-29T02:00:00-00:00","ZP26","Solar","Renewable Forecast Actual Generation","RENEW_FCST_ACT_MW",3,3,301.53434,"ACTUAL",5
"116","2019-03-29",1,0,"2019-03-29T07:00:00-00:00","2019-03-29T08:00:00-00:00","NP15","Solar","Renewable Forecast Actual Generation","RENEW_FCST_ACT_MW",3,3,0.86276,"ACTUAL",6
"117","2019-03-29",1,0,"2019-03-29T07:00:00-00:00","2019-03-29T08:00:00-00:00","NP15","Wind","Renewable Forecast Actual Generation","RENEW_FCST_ACT_MW",3,1,1.82673,"ACTUAL",7
"118","2019-03-29",1,0,"2019-03-29T07:00:00-00:00","2019-03-29T08:00:00-00:00","SP15","Solar","Renewable Forecast Actual Generation","RENEW_FCST_ACT_MW",3,3,-14.61532,"ACTUAL",8
"119","2019-03-29",1,0,"2019-03-29T07:00:00-00:00","2019-03-29T08:00:00-00:00","SP15","Wind","Renewable Forecast Actual Generation","RENEW_FCST_ACT_MW",3,1,2344.19368,"ACTUAL",9
"120","2019-03-29",1,0,"2019-03-29T07:00:00-00:00","2019-03-29T08:00:00-00:00","ZP26","Solar","Renewable Forecast Actual Generation","RENEW_FCST_ACT_MW",3,3,-3.63978,"ACTUAL",10
