"","OPR_DT","OPR_HR","OPR_INTERVAL","INTERVALSTARTTIME_GMT","INTERVALENDTIME_GMT","TRADING_HUB","RENEWABLE_TYPE","LABEL","XML_DATA_ITEM","MARKET_RUN_ID_POS","RENEW_POS","MW","MARKET_RUN_ID","GROUP"
"1","2019-09-28",2,0,"2019-09-28T08:00:00-00:00","2019-09-28T09:00:00-00:00","NP15","Solar","Renewable Forecast Actual Generation","RENEW_FCST_ACT_MW",3,3,-3.58582,"ACTUAL",1
"2","2019-09-28",3,0,"2019-09-28T09:00:00-00:00","2019-09-28T10:00:00-00:00","NP15","Solar","Renewable Forecast Actual Generation","RENEW_FCST_ACT_MW",3,3,-3.60295,"ACTUAL",1
"3","2019-09-28",4,0,"2019-09-28T10:00:00-00:00","2019-09-28T11:00:00-00:00","NP15","Solar","Renewable Forecast Actual Generation","RENEW_FCST_ACT_MW",3,3,-3.89354,"ACTUAL",1
"4","2019-09-28",5,0,"2019-09-28T11:00:00-00:00","2019-09-28T12:00:00-00:00","NP15","Solar","Renewable Forecast Actual Generation","RENEW_FCST_ACT_MW",3,3,-3.6722,"ACTUAL",1
"5","2019-09-28",6,0,"2019-09-28T12:00:00-00:00","2019-09-28T13:00:00-00:00","NP15","Solar","Renewable Forecast Actual Generation","RENEW_FCST_ACT_MW",3,3,-3.66222,"ACTUAL",1
"6","2019-09-28",7,0,"2019-09-28T13:00:00-00:00","2019-09-28T14:00:00-00:00","NP15","Solar","Renewable Forecast Actual Generation","RENEW_FCST_ACT_MW",3,3,-3.32374,"ACTUAL",1
"7","2019-09-28",8,0,"2019-09-28T14:00:00-00:00","2019-09-28T15:00:00-00:00","NP15","Solar","Renewable Forecast Actual Generation","RENEW_FCST_ACT_MW",3,3,182.0225,"ACTUAL",1
"8","2019-09-28",9,0,"2019-09-28T15:00:00-00:00","2019-09-28T16:00:00-00:00","NP15","Solar","Renewable Forecast Actual Generation","RENEW_FCST_ACT_MW",3,3,888.90939,"ACTUAL",1
"9","2019-09-28",10,0,"2019-09-28T16:00:00-00:00","2019-09-28T17:00:00-00:00","NP15","Solar","Renewable Forecast Actual Generation","RENEW_FCST_ACT_MW",3,3,1238.15495,"ACTUAL",1
"10","2019-09-28",11,0,"2019-09-28T17:00:00-00:00","2019-09-28T18:00:00-00:00","NP15","Solar","Renewable Forecast Actual Generation","RENEW_FCST_ACT_MW",3,3,1241.36647,"ACTUAL",1
"11","2019-09-28",12,0,"2019-09-28T18:00:00-00:00","2019-09-28T19:00:00-00:00","NP15","Solar","Renewable Forecast Actual Generation","RENEW_FCST_ACT_MW",3,3,1244.54922,"ACTUAL",1
"12","2019-09-28",13,0,"2019-09-28T19:00:00-00:00","2019-09-28T20:00:00-00:00","NP15","Solar","Renewable Forecast Actual Generation","RENEW_FCST_ACT_MW",3,3,1222.85239,"ACTUAL",1
"13","2019-09-28",14,0,"2019-09-28T20:00:00-00:00","2019-09-28T21:00:00-00:00","NP15","Solar","Renewable Forecast Actual Generation","RENEW_FCST_ACT_MW",3,3,1193.87527,"ACTUAL",1
"14","2019-09-28",15,0,"2019-09-28T21:00:00-00:00","2019-09-28T22:00:00-00:00","NP15","Solar","Renewable Forecast Actual Generation","RENEW_FCST_ACT_MW",3,3,1233.2496,"ACTUAL",1
"15","2019-09-28",16,0,"2019-09-28T22:00:00-00:00","2019-09-28T23:00:00-00:00","NP15","Solar","Renewable Forecast Actual Generation","RENEW_FCST_ACT_MW",3,3,1242.98618,"ACTUAL",1
"16","2019-09-28",17,0,"2019-09-28T23:00:00-00:00","2019-09-29T00:00:00-00:00","NP15","Solar","Renewable Forecast Actual Generation","RENEW_FCST_ACT_MW",3,3,1114.48562,"ACTUAL",1
"17","2019-09-28",18,0,"2019-09-29T00:00:00-00:00","2019-09-29T01:00:00-00:00","NP15","Solar","Renewable Forecast Actual Generation","RENEW_FCST_ACT_MW",3,3,628.17051,"ACTUAL",1
"18","2019-09-28",19,0,"2019-09-29T01:00:00-00:00","2019-09-29T02:00:00-00:00","NP15","Solar","Renewable Forecast Actual Generation","RENEW_FCST_ACT_MW",3,3,73.27102,"ACTUAL",1
"19","2019-09-28",20,0,"2019-09-29T02:00:00-00:00","2019-09-29T03:00:00-00:00","NP15","Solar","Renewable Forecast Actual Generation","RENEW_FCST_ACT_MW",3,3,-3.66955,"ACTUAL",1
"20","2019-09-28",21,0,"2019-09-29T03:00:00-00:00","2019-09-29T04:00:00-00:00","NP15","Solar","Renewable Forecast Actual Generation","RENEW_FCST_ACT_MW",3,3,-3.46901,"ACTUAL",1
"21","2019-09-28",22,0,"2019-09-29T04:00:00-00:00","2019-09-29T05:00:00-00:00","NP15","Solar","Renewable Forecast Actual Generation","RENEW_FCST_ACT_MW",3,3,-3.48275,"ACTUAL",1
"22","2019-09-28",23,0,"2019-09-29T05:00:00-00:00","2019-09-29T06:00:00-00:00","NP15","Solar","Renewable Forecast Actual Generation","RENEW_FCST_ACT_MW",3,3,-3.49424,"ACTUAL",1
"23","2019-09-28",24,0,"2019-09-29T06:00:00-00:00","2019-09-29T07:00:00-00:00","NP15","Solar","Renewable Forecast Actual Generation","RENEW_FCST_ACT_MW",3,3,-3.48696,"ACTUAL",1
"24","2019-09-28",18,0,"2019-09-29T00:00:00-00:00","2019-09-29T01:00:00-00:00","NP15","Wind","Renewable Forecast Actual Generation","RENEW_FCST_ACT_MW",3,1,1199.55771,"ACTUAL",2
"25","2019-09-28",6,0,"2019-09-28T12:00:00-00:00","2019-09-28T13:00:00-00:00","NP15","Wind","Renewable Forecast Actual Generation","RENEW_FCST_ACT_MW",3,1,800.00271,"ACTUAL",2
"26","2019-09-28",17,0,"2019-09-28T23:00:00-00:00","2019-09-29T00:00:00-00:00","NP15","Wind","Renewable Forecast Actual Generation","RENEW_FCST_ACT_MW",3,1,883.90009,"ACTUAL",2
"27","2019-09-28",16,0,"2019-09-28T22:00:00-00:00","2019-09-28T23:00:00-00:00","NP15","Wind","Renewable Forecast Actual Generation","RENEW_FCST_ACT_MW",3,1,559.06812,"ACTUAL",2
"28","2019-09-28",15,0,"2019-09-28T21:00:00-00:00","2019-09-28T22:00:00-00:00","NP15","Wind","Renewable Forecast Actual Generation","RENEW_FCST_ACT_MW",3,1,158.94432,"ACTUAL",2
"29","2019-09-28",14,0,"2019-09-28T20:00:00-00:00","2019-09-28T21:00:00-00:00","NP15","Wind","Renewable Forecast Actual Generation","RENEW_FCST_ACT_MW",3,1,122.67627,"ACTUAL",2
"30","2019-09-28",13,0,"2019-09-28T19:00:00-00:00","2019-09-28T20:00:00-00:00","NP15","Wind","Renewable Forecast Actual Generation","RENEW_FCST_ACT_MW",3,1,166.37988,"ACTUAL",2
"31","2019-09-28",12,0,"2019-09-28T18:00:00-00:00","2019-09-28T19:00:00-00:00","NP15","Wind","Renewable Forecast Actual Generation","RENEW_FCST_ACT_MW",3,1,308.65182,"ACTUAL",2
"32","2019-09-28",11,0,"2019-09-28T17:00:00-00:00","2019-09-28T18:00:00-00:00","NP15","Wind","Renewable Forecast Actual Generation","RENEW_FCST_ACT_MW",3,1,875.15009,"ACTUAL",2
"33","2019-09-28",10,0,"2019-09-28T16:00:00-00:00","2019-09-28T17:00:00-00:00","NP15","Wind","Renewable Forecast Actual Generation","RENEW_FCST_ACT_MW",3,1,1041.2205,"ACTUAL",2
"34","2019-09-28",9,0,"2019-09-28T15:00:00-00:00","2019-09-28T16:00:00-00:00","NP15","Wind","Renewable Forecast Actual Generation","RENEW_FCST_ACT_MW",3,1,933.24883,"ACTUAL",2
"35","2019-09-28",8,0,"2019-09-28T14:00:00-00:00","2019-09-28T15:00:00-00:00","NP15","Wind","Renewable Forecast Actual Generation","RENEW_FCST_ACT_MW",3,1,941.59069,"ACTUAL",2
"36","2019-09-28",7,0,"2019-09-28T13:00:00-00:00","2019-09-28T14:00:00-00:00","NP15","Wind","Renewable Forecast Actual Generation","RENEW_FCST_ACT_MW",3,1,855.96985,"ACTUAL",2
"37","2019-09-28",5,0,"2019-09-28T11:00:00-00:00","2019-09-28T12:00:00-00:00","NP15","Wind","Renewable Forecast Actual Generation","RENEW_FCST_ACT_MW",3,1,798.66988,"ACTUAL",2
"38","2019-09-28",4,0,"2019-09-28T10:00:00-00:00","2019-09-28T11:00:00-00:00","NP15","Wind","Renewable Forecast Actual Generation","RENEW_FCST_ACT_MW",3,1,862.65652,"ACTUAL",2
"39","2019-09-28",3,0,"2019-09-28T09:00:00-00:00","2019-09-28T10:00:00-00:00","NP15","Wind","Renewable Forecast Actual Generation","RENEW_FCST_ACT_MW",3,1,949.54529,"ACTUAL",2
"40","2019-09-28",2,0,"2019-09-28T08:00:00-00:00","2019-09-28T09:00:00-00:00","NP15","Wind","Renewable Forecast Actual Generation","RENEW_FCST_ACT_MW",3,1,978.54264,"ACTUAL",2
"41","2019-09-28",24,0,"2019-09-29T06:00:00-00:00","2019-09-29T07:00:00-00:00","NP15","Wind","Renewable Forecast Actual Generation","RENEW_FCST_ACT_MW",3,1,20.49928,"ACTUAL",2
"42","2019-09-28",23,0,"2019-09-29T05:00:00-00:00","2019-09-29T06:00:00-00:00","NP15","Wind","Renewable Forecast Actual Generation","RENEW_FCST_ACT_MW",3,1,97.29646,"ACTUAL",2
"43","2019-09-28",22,0,"2019-09-29T04:00:00-00:00","2019-09-29T05:00:00-00:00","NP15","Wind","Renewable Forecast Actual Generation","RENEW_FCST_ACT_MW",3,1,325.52403,"ACTUAL",2
"44","2019-09-28",21,0,"2019-09-29T03:00:00-00:00","2019-09-29T04:00:00-00:00","NP15","Wind","Renewable Forecast Actual Generation","RENEW_FCST_ACT_MW",3,1,795.1278,"ACTUAL",2
"45","2019-09-28",20,0,"2019-09-29T02:00:00-00:00","2019-09-29T03:00:00-00:00","NP15","Wind","Renewable Forecast Actual Generation","RENEW_FCST_ACT_MW",3,1,1100.69368,"ACTUAL",2
"46","2019-09-28",19,0,"2019-09-29T01:00:00-00:00","2019-09-29T02:00:00-00:00","NP15","Wind","Renewable Forecast Actual Generation","RENEW_FCST_ACT_MW",3,1,1165.68408,"ACTUAL",2
"47","2019-09-28",6,0,"2019-09-28T12:00:00-00:00","2019-09-28T13:00:00-00:00","SP15","Solar","Renewable Forecast Actual Generation","RENEW_FCST_ACT_MW",3,3,-10.86215,"ACTUAL",3
"48","2019-09-28",18,0,"2019-09-29T00:00:00-00:00","2019-09-29T01:00:00-00:00","SP15","Solar","Renewable Forecast Actual Generation","RENEW_FCST_ACT_MW",3,3,2418.46346,"ACTUAL",3
"49","2019-09-28",5,0,"2019-09-28T11:00:00-00:00","2019-09-28T12:00:00-00:00","SP15","Solar","Renewable Forecast Actual Generation","RENEW_FCST_ACT_MW",3,3,-12.87583,"ACTUAL",3
"50","2019-09-28",11,0,"2019-09-28T17:00:00-00:00","2019-09-28T18:00:00-00:00","SP15","Solar","Renewable Forecast Actual Generation","RENEW_FCST_ACT_MW",3,3,6559.54653,"ACTUAL",3
"51","2019-09-28",4,0,"2019-09-28T10:00:00-00:00","2019-09-28T11:00:00-00:00","SP15","Solar","Renewable Forecast Actual Generation","RENEW_FCST_ACT_MW",3,3,-11.83272,"ACTUAL",3
"52","2019-09-28",15,0,"2019-09-28T21:00:00-00:00","2019-09-28T22:00:00-00:00","SP15","Solar","Renewable Forecast Actual Generation","RENEW_FCST_ACT_MW",3,3,6253.99166,"ACTUAL",3
"53","2019-09-28",3,0,"2019-09-28T09:00:00-00:00","2019-09-28T10:00:00-00:00","SP15","Solar","Renewable Forecast Actual Generation","RENEW_FCST_ACT_MW",3,3,-10.54814,"ACTUAL",3
"54","2019-09-28",10,0,"2019-09-28T16:00:00-00:00","2019-09-28T17:00:00-00:00","SP15","Solar","Renewable Forecast Actual Generation","RENEW_FCST_ACT_MW",3,3,6049.62087,"ACTUAL",3
"55","2019-09-28",2,0,"2019-09-28T08:00:00-00:00","2019-09-28T09:00:00-00:00","SP15","Solar","Renewable Forecast Actual Generation","RENEW_FCST_ACT_MW",3,3,-10.80893,"ACTUAL",3
"56","2019-09-28",13,0,"2019-09-28T19:00:00-00:00","2019-09-28T20:00:00-00:00","SP15","Solar","Renewable Forecast Actual Generation","RENEW_FCST_ACT_MW",3,3,6707.72894,"ACTUAL",3
"57","2019-09-28",24,0,"2019-09-29T06:00:00-00:00","2019-09-29T07:00:00-00:00","SP15","Solar","Renewable Forecast Actual Generation","RENEW_FCST_ACT_MW",3,3,-10.88747,"ACTUAL",3
"58","2019-09-28",9,0,"2019-09-28T15:00:00-00:00","2019-09-28T16:00:00-00:00","SP15","Solar","Renewable Forecast Actual Generation","RENEW_FCST_ACT_MW",3,3,4583.86569,"ACTUAL",3
"59","2019-09-28",23,0,"2019-09-29T05:00:00-00:00","2019-09-29T06:00:00-00:00","SP15","Solar","Renewable Forecast Actual Generation","RENEW_FCST_ACT_MW",3,3,-7.08664,"ACTUAL",3
"60","2019-09-28",16,0,"2019-09-28T22:00:00-00:00","2019-09-28T23:00:00-00:00","SP15","Solar","Renewable Forecast Actual Generation","RENEW_FCST_ACT_MW",3,3,6121.77265,"ACTUAL",3
"61","2019-09-28",22,0,"2019-09-29T04:00:00-00:00","2019-09-29T05:00:00-00:00","SP15","Solar","Renewable Forecast Actual Generation","RENEW_FCST_ACT_MW",3,3,-3.21394,"ACTUAL",3
"62","2019-09-28",8,0,"2019-09-28T14:00:00-00:00","2019-09-28T15:00:00-00:00","SP15","Solar","Renewable Forecast Actual Generation","RENEW_FCST_ACT_MW",3,3,1537.30789,"ACTUAL",3
"63","2019-09-28",21,0,"2019-09-29T03:00:00-00:00","2019-09-29T04:00:00-00:00","SP15","Solar","Renewable Forecast Actual Generation","RENEW_FCST_ACT_MW",3,3,-3.44268,"ACTUAL",3
"64","2019-09-28",12,0,"2019-09-28T18:00:00-00:00","2019-09-28T19:00:00-00:00","SP15","Solar","Renewable Forecast Actual Generation","RENEW_FCST_ACT_MW",3,3,6349.36601,"ACTUAL",3
"65","2019-09-28",20,0,"2019-09-29T02:00:00-00:00","2019-09-29T03:00:00-00:00","SP15","Solar","Renewable Forecast Actual Generation","RENEW_FCST_ACT_MW",3,3,32.45967,"ACTUAL",3
"66","2019-09-28",7,0,"2019-09-28T13:00:00-00:00","2019-09-28T14:00:00-00:00","SP15","Solar","Renewable Forecast Actual Generation","RENEW_FCST_ACT_MW",3,3,25.852,"ACTUAL",3
"67","2019-09-28",19,0,"2019-09-29T01:00:00-00:00","2019-09-29T02:00:00-00:00","SP15","Solar","Renewable Forecast Actual Generation","RENEW_FCST_ACT_MW",3,3,304.80337,"ACTUAL",3
"68","2019-09-28",14,0,"2019-09-28T20:00:00-00:00","2019-09-28T21:00:00-00:00","SP15","Solar","Renewable Forecast Actual Generation","RENEW_FCST_ACT_MW",3,3,6907.89787,"ACTUAL",3
"69","2019-09-28",17,0,"2019-09-28T23:00:00-00:00","2019-09-29T00:00:00-00:00","SP15","Solar","Renewable Forecast Actual Generation","RENEW_FCST_ACT_MW",3,3,5132.16805,"ACTUAL",3
"70","2019-09-28",18,0,"2019-09-29T00:00:00-00:00","2019-09-29T01:00:00-00:00","SP15","Wind","Renewable Forecast Actual Generation","RENEW_FCST_ACT_MW",3,1,2287.87268,"ACTUAL",4
"71","2019-09-28",19,0,"2019-09-29T01:00:00-00:00","2019-09-29T02:00:00-00:00","SP15","Wind","Renewable Forecast Actual Generation","RENEW_FCST_ACT_MW",3,1,1995.29428,"ACTUAL",4
"72","2019-09-28",20,0,"2019-09-29T02:00:00-00:00","2019-09-29T03:00:00-00:00","SP15","Wind","Renewable Forecast Actual Generation","RENEW_FCST_ACT_MW",3,1,1785.26767,"ACTUAL",4
"73","2019-09-28",21,0,"2019-09-29T03:00:00-00:00","2019-09-29T04:00:00-00:00","SP15","Wind","Renewable Forecast Actual Generation","RENEW_FCST_ACT_MW",3,1,1753.5719,"ACTUAL",4
"74","2019-09-28",22,0,"2019-09-29T04:00:00-00:00","2019-09-29T05:00:00-00:00","SP15","Wind","Renewable Forecast Actual Generation","RENEW_FCST_ACT_MW",3,1,2420.56264,"ACTUAL",4
"75","2019-09-28",23,0,"2019-09-29T05:00:00-00:00","2019-09-29T06:00:00-00:00","SP15","Wind","Renewable Forecast Actual Generation","RENEW_FCST_ACT_MW",3,1,2875.23849,"ACTUAL",4
"76","2019-09-28",24,0,"2019-09-29T06:00:00-00:00","2019-09-29T07:00:00-00:00","SP15","Wind","Renewable Forecast Actual Generation","RENEW_FCST_ACT_MW",3,1,3075.64772,"ACTUAL",4
"77","2019-09-28",2,0,"2019-09-28T08:00:00-00:00","2019-09-28T09:00:00-00:00","SP15","Wind","Renewable Forecast Actual Generation","RENEW_FCST_ACT_MW",3,1,2166.88958,"ACTUAL",4
"78","2019-09-28",3,0,"2019-09-28T09:00:00-00:00","2019-09-28T10:00:00-00:00","SP15","Wind","Renewable Forecast Actual Generation","RENEW_FCST_ACT_MW",3,1,2026.35877,"ACTUAL",4
"79","2019-09-28",4,0,"2019-09-28T10:00:00-00:00","2019-09-28T11:00:00-00:00","SP15","Wind","Renewable Forecast Actual Generation","RENEW_FCST_ACT_MW",3,1,1935.84859,"ACTUAL",4
"80","2019-09-28",5,0,"2019-09-28T11:00:00-00:00","2019-09-28T12:00:00-00:00","SP15","Wind","Renewable Forecast Actual Generation","RENEW_FCST_ACT_MW",3,1,2006.87728,"ACTUAL",4
"81","2019-09-28",6,0,"2019-09-28T12:00:00-00:00","2019-09-28T13:00:00-00:00","SP15","Wind","Renewable Forecast Actual Generation","RENEW_FCST_ACT_MW",3,1,2132.49609,"ACTUAL",4
"82","2019-09-28",7,0,"2019-09-28T13:00:00-00:00","2019-09-28T14:00:00-00:00","SP15","Wind","Renewable Forecast Actual Generation","RENEW_FCST_ACT_MW",3,1,2087.99617,"ACTUAL",4
"83","2019-09-28",8,0,"2019-09-28T14:00:00-00:00","2019-09-28T15:00:00-00:00","SP15","Wind","Renewable Forecast Actual Generation","RENEW_FCST_ACT_MW",3,1,1902.99381,"ACTUAL",4
"84","2019-09-28",9,0,"2019-09-28T15:00:00-00:00","2019-09-28T16:00:00-00:00","SP15","Wind","Renewable Forecast Actual Generation","RENEW_FCST_ACT_MW",3,1,1804.24373,"ACTUAL",4
"85","2019-09-28",10,0,"2019-09-28T16:00:00-00:00","2019-09-28T17:00:00-00:00","SP15","Wind","Renewable Forecast Actual Generation","RENEW_FCST_ACT_MW",3,1,1932.5968,"ACTUAL",4
"86","2019-09-28",11,0,"2019-09-28T17:00:00-00:00","2019-09-28T18:00:00-00:00","SP15","Wind","Renewable Forecast Actual Generation","RENEW_FCST_ACT_MW",3,1,2285.58268,"ACTUAL",4
"87","2019-09-28",12,0,"2019-09-28T18:00:00-00:00","2019-09-28T19:00:00-00:00","SP15","Wind","Renewable Forecast Actual Generation","RENEW_FCST_ACT_MW",3,1,2332.90875,"ACTUAL",4
"88","2019-09-28",13,0,"2019-09-28T19:00:00-00:00","2019-09-28T20:00:00-00:00","SP15","Wind","Renewable Forecast Actual Generation","RENEW_FCST_ACT_MW",3,1,2454.02798,"ACTUAL",4
"89","2019-09-28",14,0,"2019-09-28T20:00:00-00:00","2019-09-28T21:00:00-00:00","SP15","Wind","Renewable Forecast Actual Generation","RENEW_FCST_ACT_MW",3,1,2563.50681,"ACTUAL",4
"90","2019-09-28",15,0,"2019-09-28T21:00:00-00:00","2019-09-28T22:00:00-00:00","SP15","Wind","Renewable Forecast Actual Generation","RENEW_FCST_ACT_MW",3,1,2539.13815,"ACTUAL",4
"91","2019-09-28",16,0,"2019-09-28T22:00:00-00:00","2019-09-28T23:00:00-00:00","SP15","Wind","Renewable Forecast Actual Generation","RENEW_FCST_ACT_MW",3,1,2521.50935,"ACTUAL",4
"92","2019-09-28",17,0,"2019-09-28T23:00:00-00:00","2019-09-29T00:00:00-00:00","SP15","Wind","Renewable Forecast Actual Generation","RENEW_FCST_ACT_MW",3,1,2373.67477,"ACTUAL",4
"93","2019-09-28",18,0,"2019-09-29T00:00:00-00:00","2019-09-29T01:00:00-00:00","ZP26","Solar","Renewable Forecast Actual Generation","RENEW_FCST_ACT_MW",3,3,627.05797,"ACTUAL",5
"94","2019-09-28",17,0,"2019-09-28T23:00:00-00:00","2019-09-29T00:00:00-00:00","ZP26","Solar","Renewable Forecast Actual Generation","RENEW_FCST_ACT_MW",3,3,1192.06757,"ACTUAL",5
"95","2019-09-28",20,0,"2019-09-29T02:00:00-00:00","2019-09-29T03:00:00-00:00","ZP26","Solar","Renewable Forecast Actual Generation","RENEW_FCST_ACT_MW",3,3,-5.01648,"ACTUAL",5
"96","2019-09-28",21,0,"2019-09-29T03:00:00-00:00","2019-09-29T04:00:00-00:00","ZP26","Solar","Renewable Forecast Actual Generation","RENEW_FCST_ACT_MW",3,3,-4.83526,"ACTUAL",5
"97","2019-09-28",22,0,"2019-09-29T04:00:00-00:00","2019-09-29T05:00:00-00:00","ZP26","Solar","Renewable Forecast Actual Generation","RENEW_FCST_ACT_MW",3,3,-4.81499,"ACTUAL",5
"98","2019-09-28",23,0,"2019-09-29T05:00:00-00:00","2019-09-29T06:00:00-00:00","ZP26","Solar","Renewable Forecast Actual Generation","RENEW_FCST_ACT_MW",3,3,-4.86197,"ACTUAL",5
"99","2019-09-28",24,0,"2019-09-29T06:00:00-00:00","2019-09-29T07:00:00-00:00","ZP26","Solar","Renewable Forecast Actual Generation","RENEW_FCST_ACT_MW",3,3,-4.81081,"ACTUAL",5
"100","2019-09-28",2,0,"2019-09-28T08:00:00-00:00","2019-09-28T09:00:00-00:00","ZP26","Solar","Renewable Forecast Actual Generation","RENEW_FCST_ACT_MW",3,3,-4.85553,"ACTUAL",5
"101","2019-09-28",3,0,"2019-09-28T09:00:00-00:00","2019-09-28T10:00:00-00:00","ZP26","Solar","Renewable Forecast Actual Generation","RENEW_FCST_ACT_MW",3,3,-4.88817,"ACTUAL",5
"102","2019-09-28",4,0,"2019-09-28T10:00:00-00:00","2019-09-28T11:00:00-00:00","ZP26","Solar","Renewable Forecast Actual Generation","RENEW_FCST_ACT_MW",3,3,-4.84225,"ACTUAL",5
"103","2019-09-28",5,0,"2019-09-28T11:00:00-00:00","2019-09-28T12:00:00-00:00","ZP26","Solar","Renewable Forecast Actual Generation","RENEW_FCST_ACT_MW",3,3,-4.95828,"ACTUAL",5
"104","2019-09-28",6,0,"2019-09-28T12:00:00-00:00","2019-09-28T13:00:00-00:00","ZP26","Solar","Renewable Forecast Actual Generation","RENEW_FCST_ACT_MW",3,3,-4.95209,"ACTUAL",5
"105","2019-09-28",7,0,"2019-09-28T13:00:00-00:00","2019-09-28T14:00:00-00:00","ZP26","Solar","Renewable Forecast Actual Generation","RENEW_FCST_ACT_MW",3,3,-5.02344,"ACTUAL",5
"106","2019-09-28",8,0,"2019-09-28T14:00:00-00:00","2019-09-28T15:00:00-00:00","ZP26","Solar","Renewable Forecast Actual Generation","RENEW_FCST_ACT_MW",3,3,85.86955,"ACTUAL",5
"107","2019-09-28",9,0,"2019-09-28T15:00:00-00:00","2019-09-28T16:00:00-00:00","ZP26","Solar","Renewable Forecast Actual Generation","RENEW_FCST_ACT_MW",3,3,495.29151,"ACTUAL",5
"108","2019-09-28",10,0,"2019-09-28T16:00:00-00:00","2019-09-28T17:00:00-00:00","ZP26","Solar","Renewable Forecast Actual Generation","RENEW_FCST_ACT_MW",3,3,1106.96797,"ACTUAL",5
"109","2019-09-28",11,0,"2019-09-28T17:00:00-00:00","2019-09-28T18:00:00-00:00","ZP26","Solar","Renewable Forecast Actual Generation","RENEW_FCST_ACT_MW",3,3,1374.69416,"ACTUAL",5
"110","2019-09-28",12,0,"2019-09-28T18:00:00-00:00","2019-09-28T19:00:00-00:00","ZP26","Solar","Renewable Forecast Actual Generation","RENEW_FCST_ACT_MW",3,3,1477.80804,"ACTUAL",5
"111","2019-09-28",13,0,"2019-09-28T19:00:00-00:00","2019-09-28T20:00:00-00:00","ZP26","Solar","Renewable Forecast Actual Generation","RENEW_FCST_ACT_MW",3,3,1465.01906,"ACTUAL",5
"112","2019-09-28",14,0,"2019-09-28T20:00:00-00:00","2019-09-28T21:00:00-00:00","ZP26","Solar","Renewable Forecast Actual Generation","RENEW_FCST_ACT_MW",3,3,1482.72656,"ACTUAL",5
"113","2019-09-28",15,0,"2019-09-28T21:00:00-00:00","2019-09-28T22:00:00-00:00","ZP26","Solar","Renewable Forecast Actual Generation","RENEW_FCST_ACT_MW",3,3,1492.07945,"ACTUAL",5
"114","2019-09-28",16,0,"2019-09-28T22:00:00-00:00","2019-09-28T23:00:00-00:00","ZP26","Solar","Renewable Forecast Actual Generation","RENEW_FCST_ACT_MW",3,3,1407.01098,"ACTUAL",5
"115","2019-09-28",19,0,"2019-09-29T01:00:00-00:00","2019-09-29T02:00:00-00:00","ZP26","Solar","Renewable Forecast Actual Generation","RENEW_FCST_ACT_MW",3,3,70.2824,"ACTUAL",5
"116","2019-09-29",1,0,"2019-09-29T07:00:00-00:00","2019-09-29T08:00:00-00:00","NP15","Solar","Renewable Forecast Actual Generation","RENEW_FCST_ACT_MW",3,3,-3.44265,"ACTUAL",6
"117","2019-09-29",1,0,"2019-09-29T07:00:00-00:00","2019-09-29T08:00:00-00:00","NP15","Wind","Renewable Forecast Actual Generation","RENEW_FCST_ACT_MW",3,1,-5.03862,"ACTUAL",7
"118","2019-09-29",1,0,"2019-09-29T07:00:00-00:00","2019-09-29T08:00:00-00:00","SP15","Solar","Renewable Forecast Actual Generation","RENEW_FCST_ACT_MW",3,3,-10.67898,"ACTUAL",8
"119","2019-09-29",1,0,"2019-09-29T07:00:00-00:00","2019-09-29T08:00:00-00:00","SP15","Wind","Renewable Forecast Actual Generation","RENEW_FCST_ACT_MW",3,1,3052.28806,"ACTUAL",9
"120","2019-09-29",1,0,"2019-09-29T07:00:00-00:00","2019-09-29T08:00:00-00:00","ZP26","Solar","Renewable Forecast Actual Generation","RENEW_FCST_ACT_MW",3,3,-4.74473,"ACTUAL",10
