"","OPR_DT","OPR_HR","OPR_INTERVAL","INTERVALSTARTTIME_GMT","INTERVALENDTIME_GMT","TRADING_HUB","RENEWABLE_TYPE","LABEL","XML_DATA_ITEM","MARKET_RUN_ID_POS","RENEW_POS","MW","MARKET_RUN_ID","GROUP"
"1","2019-07-24",2,0,"2019-07-24T08:00:00-00:00","2019-07-24T09:00:00-00:00","NP15","Solar","Renewable Forecast Actual Generation","RENEW_FCST_ACT_MW",3,3,-2.52991,"ACTUAL",1
"2","2019-07-24",3,0,"2019-07-24T09:00:00-00:00","2019-07-24T10:00:00-00:00","NP15","Solar","Renewable Forecast Actual Generation","RENEW_FCST_ACT_MW",3,3,-2.56753,"ACTUAL",1
"3","2019-07-24",4,0,"2019-07-24T10:00:00-00:00","2019-07-24T11:00:00-00:00","NP15","Solar","Renewable Forecast Actual Generation","RENEW_FCST_ACT_MW",3,3,-2.56614,"ACTUAL",1
"4","2019-07-24",5,0,"2019-07-24T11:00:00-00:00","2019-07-24T12:00:00-00:00","NP15","Solar","Renewable Forecast Actual Generation","RENEW_FCST_ACT_MW",3,3,-2.58293,"ACTUAL",1
"5","2019-07-24",6,0,"2019-07-24T12:00:00-00:00","2019-07-24T13:00:00-00:00","NP15","Solar","Renewable Forecast Actual Generation","RENEW_FCST_ACT_MW",3,3,-2.57531,"ACTUAL",1
"6","2019-07-24",7,0,"2019-07-24T13:00:00-00:00","2019-07-24T14:00:00-00:00","NP15","Solar","Renewable Forecast Actual Generation","RENEW_FCST_ACT_MW",3,3,99.07807,"ACTUAL",1
"7","2019-07-24",8,0,"2019-07-24T14:00:00-00:00","2019-07-24T15:00:00-00:00","NP15","Solar","Renewable Forecast Actual Generation","RENEW_FCST_ACT_MW",3,3,683.58371,"ACTUAL",1
"8","2019-07-24",9,0,"2019-07-24T15:00:00-00:00","2019-07-24T16:00:00-00:00","NP15","Solar","Renewable Forecast Actual Generation","RENEW_FCST_ACT_MW",3,3,1136.65503,"ACTUAL",1
"9","2019-07-24",10,0,"2019-07-24T16:00:00-00:00","2019-07-24T17:00:00-00:00","NP15","Solar","Renewable Forecast Actual Generation","RENEW_FCST_ACT_MW",3,3,1279.05765,"ACTUAL",1
"10","2019-07-24",11,0,"2019-07-24T17:00:00-00:00","2019-07-24T18:00:00-00:00","NP15","Solar","Renewable Forecast Actual Generation","RENEW_FCST_ACT_MW",3,3,1328.28927,"ACTUAL",1
"11","2019-07-24",12,0,"2019-07-24T18:00:00-00:00","2019-07-24T19:00:00-00:00","NP15","Solar","Renewable Forecast Actual Generation","RENEW_FCST_ACT_MW",3,3,1338.49273,"ACTUAL",1
"12","2019-07-24",13,0,"2019-07-24T19:00:00-00:00","2019-07-24T20:00:00-00:00","NP15","Solar","Renewable Forecast Actual Generation","RENEW_FCST_ACT_MW",3,3,1333.38025,"ACTUAL",1
"13","2019-07-24",14,0,"2019-07-24T20:00:00-00:00","2019-07-24T21:00:00-00:00","NP15","Solar","Renewable Forecast Actual Generation","RENEW_FCST_ACT_MW",3,3,1325.75164,"ACTUAL",1
"14","2019-07-24",15,0,"2019-07-24T21:00:00-00:00","2019-07-24T22:00:00-00:00","NP15","Solar","Renewable Forecast Actual Generation","RENEW_FCST_ACT_MW",3,3,1319.66782,"ACTUAL",1
"15","2019-07-24",16,0,"2019-07-24T22:00:00-00:00","2019-07-24T23:00:00-00:00","NP15","Solar","Renewable Forecast Actual Generation","RENEW_FCST_ACT_MW",3,3,1307.75612,"ACTUAL",1
"16","2019-07-24",17,0,"2019-07-24T23:00:00-00:00","2019-07-25T00:00:00-00:00","NP15","Solar","Renewable Forecast Actual Generation","RENEW_FCST_ACT_MW",3,3,1257.11265,"ACTUAL",1
"17","2019-07-24",18,0,"2019-07-25T00:00:00-00:00","2019-07-25T01:00:00-00:00","NP15","Solar","Renewable Forecast Actual Generation","RENEW_FCST_ACT_MW",3,3,1134.57072,"ACTUAL",1
"18","2019-07-24",19,0,"2019-07-25T01:00:00-00:00","2019-07-25T02:00:00-00:00","NP15","Solar","Renewable Forecast Actual Generation","RENEW_FCST_ACT_MW",3,3,773.72332,"ACTUAL",1
"19","2019-07-24",20,0,"2019-07-25T02:00:00-00:00","2019-07-25T03:00:00-00:00","NP15","Solar","Renewable Forecast Actual Generation","RENEW_FCST_ACT_MW",3,3,188.45487,"ACTUAL",1
"20","2019-07-24",21,0,"2019-07-25T03:00:00-00:00","2019-07-25T04:00:00-00:00","NP15","Solar","Renewable Forecast Actual Generation","RENEW_FCST_ACT_MW",3,3,-1.37958,"ACTUAL",1
"21","2019-07-24",22,0,"2019-07-25T04:00:00-00:00","2019-07-25T05:00:00-00:00","NP15","Solar","Renewable Forecast Actual Generation","RENEW_FCST_ACT_MW",3,3,-3.04048,"ACTUAL",1
"22","2019-07-24",23,0,"2019-07-25T05:00:00-00:00","2019-07-25T06:00:00-00:00","NP15","Solar","Renewable Forecast Actual Generation","RENEW_FCST_ACT_MW",3,3,-3.1391,"ACTUAL",1
"23","2019-07-24",24,0,"2019-07-25T06:00:00-00:00","2019-07-25T07:00:00-00:00","NP15","Solar","Renewable Forecast Actual Generation","RENEW_FCST_ACT_MW",3,3,-3.19766,"ACTUAL",1
"24","2019-07-24",18,0,"2019-07-25T00:00:00-00:00","2019-07-25T01:00:00-00:00","NP15","Wind","Renewable Forecast Actual Generation","RENEW_FCST_ACT_MW",3,1,193.43487,"ACTUAL",2
"25","2019-07-24",6,0,"2019-07-24T12:00:00-00:00","2019-07-24T13:00:00-00:00","NP15","Wind","Renewable Forecast Actual Generation","RENEW_FCST_ACT_MW",3,1,295.16744,"ACTUAL",2
"26","2019-07-24",17,0,"2019-07-24T23:00:00-00:00","2019-07-25T00:00:00-00:00","NP15","Wind","Renewable Forecast Actual Generation","RENEW_FCST_ACT_MW",3,1,164.19197,"ACTUAL",2
"27","2019-07-24",16,0,"2019-07-24T22:00:00-00:00","2019-07-24T23:00:00-00:00","NP15","Wind","Renewable Forecast Actual Generation","RENEW_FCST_ACT_MW",3,1,103.54815,"ACTUAL",2
"28","2019-07-24",15,0,"2019-07-24T21:00:00-00:00","2019-07-24T22:00:00-00:00","NP15","Wind","Renewable Forecast Actual Generation","RENEW_FCST_ACT_MW",3,1,61.7426,"ACTUAL",2
"29","2019-07-24",14,0,"2019-07-24T20:00:00-00:00","2019-07-24T21:00:00-00:00","NP15","Wind","Renewable Forecast Actual Generation","RENEW_FCST_ACT_MW",3,1,20.29974,"ACTUAL",2
"30","2019-07-24",13,0,"2019-07-24T19:00:00-00:00","2019-07-24T20:00:00-00:00","NP15","Wind","Renewable Forecast Actual Generation","RENEW_FCST_ACT_MW",3,1,14.64556,"ACTUAL",2
"31","2019-07-24",12,0,"2019-07-24T18:00:00-00:00","2019-07-24T19:00:00-00:00","NP15","Wind","Renewable Forecast Actual Generation","RENEW_FCST_ACT_MW",3,1,25.77352,"ACTUAL",2
"32","2019-07-24",11,0,"2019-07-24T17:00:00-00:00","2019-07-24T18:00:00-00:00","NP15","Wind","Renewable Forecast Actual Generation","RENEW_FCST_ACT_MW",3,1,9.60958,"ACTUAL",2
"33","2019-07-24",10,0,"2019-07-24T16:00:00-00:00","2019-07-24T17:00:00-00:00","NP15","Wind","Renewable Forecast Actual Generation","RENEW_FCST_ACT_MW",3,1,36.83232,"ACTUAL",2
"34","2019-07-24",9,0,"2019-07-24T15:00:00-00:00","2019-07-24T16:00:00-00:00","NP15","Wind","Renewable Forecast Actual Generation","RENEW_FCST_ACT_MW",3,1,107.80173,"ACTUAL",2
"35","2019-07-24",8,0,"2019-07-24T14:00:00-00:00","2019-07-24T15:00:00-00:00","NP15","Wind","Renewable Forecast Actual Generation","RENEW_FCST_ACT_MW",3,1,225.06922,"ACTUAL",2
"36","2019-07-24",7,0,"2019-07-24T13:00:00-00:00","2019-07-24T14:00:00-00:00","NP15","Wind","Renewable Forecast Actual Generation","RENEW_FCST_ACT_MW",3,1,351.96624,"ACTUAL",2
"37","2019-07-24",5,0,"2019-07-24T11:00:00-00:00","2019-07-24T12:00:00-00:00","NP15","Wind","Renewable Forecast Actual Generation","RENEW_FCST_ACT_MW",3,1,437.8006,"ACTUAL",2
"38","2019-07-24",4,0,"2019-07-24T10:00:00-00:00","2019-07-24T11:00:00-00:00","NP15","Wind","Renewable Forecast Actual Generation","RENEW_FCST_ACT_MW",3,1,552.21642,"ACTUAL",2
"39","2019-07-24",3,0,"2019-07-24T09:00:00-00:00","2019-07-24T10:00:00-00:00","NP15","Wind","Renewable Forecast Actual Generation","RENEW_FCST_ACT_MW",3,1,573.81614,"ACTUAL",2
"40","2019-07-24",2,0,"2019-07-24T08:00:00-00:00","2019-07-24T09:00:00-00:00","NP15","Wind","Renewable Forecast Actual Generation","RENEW_FCST_ACT_MW",3,1,542.74874,"ACTUAL",2
"41","2019-07-24",24,0,"2019-07-25T06:00:00-00:00","2019-07-25T07:00:00-00:00","NP15","Wind","Renewable Forecast Actual Generation","RENEW_FCST_ACT_MW",3,1,379.48424,"ACTUAL",2
"42","2019-07-24",23,0,"2019-07-25T05:00:00-00:00","2019-07-25T06:00:00-00:00","NP15","Wind","Renewable Forecast Actual Generation","RENEW_FCST_ACT_MW",3,1,385.45858,"ACTUAL",2
"43","2019-07-24",22,0,"2019-07-25T04:00:00-00:00","2019-07-25T05:00:00-00:00","NP15","Wind","Renewable Forecast Actual Generation","RENEW_FCST_ACT_MW",3,1,427.37273,"ACTUAL",2
"44","2019-07-24",21,0,"2019-07-25T03:00:00-00:00","2019-07-25T04:00:00-00:00","NP15","Wind","Renewable Forecast Actual Generation","RENEW_FCST_ACT_MW",3,1,382.53537,"ACTUAL",2
"45","2019-07-24",20,0,"2019-07-25T02:00:00-00:00","2019-07-25T03:00:00-00:00","NP15","Wind","Renewable Forecast Actual Generation","RENEW_FCST_ACT_MW",3,1,306.13189,"ACTUAL",2
"46","2019-07-24",19,0,"2019-07-25T01:00:00-00:00","2019-07-25T02:00:00-00:00","NP15","Wind","Renewable Forecast Actual Generation","RENEW_FCST_ACT_MW",3,1,250.43774,"ACTUAL",2
"47","2019-07-24",6,0,"2019-07-24T12:00:00-00:00","2019-07-24T13:00:00-00:00","SP15","Solar","Renewable Forecast Actual Generation","RENEW_FCST_ACT_MW",3,3,-6.32875,"ACTUAL",3
"48","2019-07-24",18,0,"2019-07-25T00:00:00-00:00","2019-07-25T01:00:00-00:00","SP15","Solar","Renewable Forecast Actual Generation","RENEW_FCST_ACT_MW",3,3,3591.47959,"ACTUAL",3
"49","2019-07-24",5,0,"2019-07-24T11:00:00-00:00","2019-07-24T12:00:00-00:00","SP15","Solar","Renewable Forecast Actual Generation","RENEW_FCST_ACT_MW",3,3,-4.88727,"ACTUAL",3
"50","2019-07-24",11,0,"2019-07-24T17:00:00-00:00","2019-07-24T18:00:00-00:00","SP15","Solar","Renewable Forecast Actual Generation","RENEW_FCST_ACT_MW",3,3,5115.84598,"ACTUAL",3
"51","2019-07-24",4,0,"2019-07-24T10:00:00-00:00","2019-07-24T11:00:00-00:00","SP15","Solar","Renewable Forecast Actual Generation","RENEW_FCST_ACT_MW",3,3,-4.74886,"ACTUAL",3
"52","2019-07-24",15,0,"2019-07-24T21:00:00-00:00","2019-07-24T22:00:00-00:00","SP15","Solar","Renewable Forecast Actual Generation","RENEW_FCST_ACT_MW",3,3,4964.49834,"ACTUAL",3
"53","2019-07-24",3,0,"2019-07-24T09:00:00-00:00","2019-07-24T10:00:00-00:00","SP15","Solar","Renewable Forecast Actual Generation","RENEW_FCST_ACT_MW",3,3,-4.59127,"ACTUAL",3
"54","2019-07-24",10,0,"2019-07-24T16:00:00-00:00","2019-07-24T17:00:00-00:00","SP15","Solar","Renewable Forecast Actual Generation","RENEW_FCST_ACT_MW",3,3,4895.49807,"ACTUAL",3
"55","2019-07-24",2,0,"2019-07-24T08:00:00-00:00","2019-07-24T09:00:00-00:00","SP15","Solar","Renewable Forecast Actual Generation","RENEW_FCST_ACT_MW",3,3,-4.34469,"ACTUAL",3
"56","2019-07-24",13,0,"2019-07-24T19:00:00-00:00","2019-07-24T20:00:00-00:00","SP15","Solar","Renewable Forecast Actual Generation","RENEW_FCST_ACT_MW",3,3,5321.49074,"ACTUAL",3
"57","2019-07-24",24,0,"2019-07-25T06:00:00-00:00","2019-07-25T07:00:00-00:00","SP15","Solar","Renewable Forecast Actual Generation","RENEW_FCST_ACT_MW",3,3,-4.87993,"ACTUAL",3
"58","2019-07-24",9,0,"2019-07-24T15:00:00-00:00","2019-07-24T16:00:00-00:00","SP15","Solar","Renewable Forecast Actual Generation","RENEW_FCST_ACT_MW",3,3,4005.35259,"ACTUAL",3
"59","2019-07-24",23,0,"2019-07-25T05:00:00-00:00","2019-07-25T06:00:00-00:00","SP15","Solar","Renewable Forecast Actual Generation","RENEW_FCST_ACT_MW",3,3,-4.41652,"ACTUAL",3
"60","2019-07-24",16,0,"2019-07-24T22:00:00-00:00","2019-07-24T23:00:00-00:00","SP15","Solar","Renewable Forecast Actual Generation","RENEW_FCST_ACT_MW",3,3,4600.22693,"ACTUAL",3
"61","2019-07-24",22,0,"2019-07-25T04:00:00-00:00","2019-07-25T05:00:00-00:00","SP15","Solar","Renewable Forecast Actual Generation","RENEW_FCST_ACT_MW",3,3,-5.39259,"ACTUAL",3
"62","2019-07-24",8,0,"2019-07-24T14:00:00-00:00","2019-07-24T15:00:00-00:00","SP15","Solar","Renewable Forecast Actual Generation","RENEW_FCST_ACT_MW",3,3,2175.30019,"ACTUAL",3
"63","2019-07-24",21,0,"2019-07-25T03:00:00-00:00","2019-07-25T04:00:00-00:00","SP15","Solar","Renewable Forecast Actual Generation","RENEW_FCST_ACT_MW",3,3,-6.50031,"ACTUAL",3
"64","2019-07-24",12,0,"2019-07-24T18:00:00-00:00","2019-07-24T19:00:00-00:00","SP15","Solar","Renewable Forecast Actual Generation","RENEW_FCST_ACT_MW",3,3,5223.29647,"ACTUAL",3
"65","2019-07-24",20,0,"2019-07-25T02:00:00-00:00","2019-07-25T03:00:00-00:00","SP15","Solar","Renewable Forecast Actual Generation","RENEW_FCST_ACT_MW",3,3,276.41921,"ACTUAL",3
"66","2019-07-24",7,0,"2019-07-24T13:00:00-00:00","2019-07-24T14:00:00-00:00","SP15","Solar","Renewable Forecast Actual Generation","RENEW_FCST_ACT_MW",3,3,403.67482,"ACTUAL",3
"67","2019-07-24",19,0,"2019-07-25T01:00:00-00:00","2019-07-25T02:00:00-00:00","SP15","Solar","Renewable Forecast Actual Generation","RENEW_FCST_ACT_MW",3,3,1567.98478,"ACTUAL",3
"68","2019-07-24",14,0,"2019-07-24T20:00:00-00:00","2019-07-24T21:00:00-00:00","SP15","Solar","Renewable Forecast Actual Generation","RENEW_FCST_ACT_MW",3,3,5373.50019,"ACTUAL",3
"69","2019-07-24",17,0,"2019-07-24T23:00:00-00:00","2019-07-25T00:00:00-00:00","SP15","Solar","Renewable Forecast Actual Generation","RENEW_FCST_ACT_MW",3,3,4451.12597,"ACTUAL",3
"70","2019-07-24",18,0,"2019-07-25T00:00:00-00:00","2019-07-25T01:00:00-00:00","SP15","Wind","Renewable Forecast Actual Generation","RENEW_FCST_ACT_MW",3,1,1713.86294,"ACTUAL",4
"71","2019-07-24",19,0,"2019-07-25T01:00:00-00:00","2019-07-25T02:00:00-00:00","SP15","Wind","Renewable Forecast Actual Generation","RENEW_FCST_ACT_MW",3,1,1611.85428,"ACTUAL",4
"72","2019-07-24",20,0,"2019-07-25T02:00:00-00:00","2019-07-25T03:00:00-00:00","SP15","Wind","Renewable Forecast Actual Generation","RENEW_FCST_ACT_MW",3,1,1768.79639,"ACTUAL",4
"73","2019-07-24",21,0,"2019-07-25T03:00:00-00:00","2019-07-25T04:00:00-00:00","SP15","Wind","Renewable Forecast Actual Generation","RENEW_FCST_ACT_MW",3,1,1887.5386,"ACTUAL",4
"74","2019-07-24",22,0,"2019-07-25T04:00:00-00:00","2019-07-25T05:00:00-00:00","SP15","Wind","Renewable Forecast Actual Generation","RENEW_FCST_ACT_MW",3,1,1733.75286,"ACTUAL",4
"75","2019-07-24",23,0,"2019-07-25T05:00:00-00:00","2019-07-25T06:00:00-00:00","SP15","Wind","Renewable Forecast Actual Generation","RENEW_FCST_ACT_MW",3,1,1801.65485,"ACTUAL",4
"76","2019-07-24",24,0,"2019-07-25T06:00:00-00:00","2019-07-25T07:00:00-00:00","SP15","Wind","Renewable Forecast Actual Generation","RENEW_FCST_ACT_MW",3,1,1839.06399,"ACTUAL",4
"77","2019-07-24",2,0,"2019-07-24T08:00:00-00:00","2019-07-24T09:00:00-00:00","SP15","Wind","Renewable Forecast Actual Generation","RENEW_FCST_ACT_MW",3,1,1445.05844,"ACTUAL",4
"78","2019-07-24",3,0,"2019-07-24T09:00:00-00:00","2019-07-24T10:00:00-00:00","SP15","Wind","Renewable Forecast Actual Generation","RENEW_FCST_ACT_MW",3,1,1438.7828,"ACTUAL",4
"79","2019-07-24",4,0,"2019-07-24T10:00:00-00:00","2019-07-24T11:00:00-00:00","SP15","Wind","Renewable Forecast Actual Generation","RENEW_FCST_ACT_MW",3,1,1344.70196,"ACTUAL",4
"80","2019-07-24",5,0,"2019-07-24T11:00:00-00:00","2019-07-24T12:00:00-00:00","SP15","Wind","Renewable Forecast Actual Generation","RENEW_FCST_ACT_MW",3,1,1117.32604,"ACTUAL",4
"81","2019-07-24",6,0,"2019-07-24T12:00:00-00:00","2019-07-24T13:00:00-00:00","SP15","Wind","Renewable Forecast Actual Generation","RENEW_FCST_ACT_MW",3,1,867.23406,"ACTUAL",4
"82","2019-07-24",7,0,"2019-07-24T13:00:00-00:00","2019-07-24T14:00:00-00:00","SP15","Wind","Renewable Forecast Actual Generation","RENEW_FCST_ACT_MW",3,1,644.77568,"ACTUAL",4
"83","2019-07-24",8,0,"2019-07-24T14:00:00-00:00","2019-07-24T15:00:00-00:00","SP15","Wind","Renewable Forecast Actual Generation","RENEW_FCST_ACT_MW",3,1,521.83175,"ACTUAL",4
"84","2019-07-24",9,0,"2019-07-24T15:00:00-00:00","2019-07-24T16:00:00-00:00","SP15","Wind","Renewable Forecast Actual Generation","RENEW_FCST_ACT_MW",3,1,288.50437,"ACTUAL",4
"85","2019-07-24",10,0,"2019-07-24T16:00:00-00:00","2019-07-24T17:00:00-00:00","SP15","Wind","Renewable Forecast Actual Generation","RENEW_FCST_ACT_MW",3,1,159.37443,"ACTUAL",4
"86","2019-07-24",11,0,"2019-07-24T17:00:00-00:00","2019-07-24T18:00:00-00:00","SP15","Wind","Renewable Forecast Actual Generation","RENEW_FCST_ACT_MW",3,1,157.88729,"ACTUAL",4
"87","2019-07-24",12,0,"2019-07-24T18:00:00-00:00","2019-07-24T19:00:00-00:00","SP15","Wind","Renewable Forecast Actual Generation","RENEW_FCST_ACT_MW",3,1,186.81394,"ACTUAL",4
"88","2019-07-24",13,0,"2019-07-24T19:00:00-00:00","2019-07-24T20:00:00-00:00","SP15","Wind","Renewable Forecast Actual Generation","RENEW_FCST_ACT_MW",3,1,268.1721,"ACTUAL",4
"89","2019-07-24",14,0,"2019-07-24T20:00:00-00:00","2019-07-24T21:00:00-00:00","SP15","Wind","Renewable Forecast Actual Generation","RENEW_FCST_ACT_MW",3,1,396.44788,"ACTUAL",4
"90","2019-07-24",15,0,"2019-07-24T21:00:00-00:00","2019-07-24T22:00:00-00:00","SP15","Wind","Renewable Forecast Actual Generation","RENEW_FCST_ACT_MW",3,1,773.16539,"ACTUAL",4
"91","2019-07-24",16,0,"2019-07-24T22:00:00-00:00","2019-07-24T23:00:00-00:00","SP15","Wind","Renewable Forecast Actual Generation","RENEW_FCST_ACT_MW",3,1,1469.27192,"ACTUAL",4
"92","2019-07-24",17,0,"2019-07-24T23:00:00-00:00","2019-07-25T00:00:00-00:00","SP15","Wind","Renewable Forecast Actual Generation","RENEW_FCST_ACT_MW",3,1,1834.86674,"ACTUAL",4
"93","2019-07-24",18,0,"2019-07-25T00:00:00-00:00","2019-07-25T01:00:00-00:00","ZP26","Solar","Renewable Forecast Actual Generation","RENEW_FCST_ACT_MW",3,3,1181.53547,"ACTUAL",5
"94","2019-07-24",17,0,"2019-07-24T23:00:00-00:00","2019-07-25T00:00:00-00:00","ZP26","Solar","Renewable Forecast Actual Generation","RENEW_FCST_ACT_MW",3,3,1377.96046,"ACTUAL",5
"95","2019-07-24",20,0,"2019-07-25T02:00:00-00:00","2019-07-25T03:00:00-00:00","ZP26","Solar","Renewable Forecast Actual Generation","RENEW_FCST_ACT_MW",3,3,146.65537,"ACTUAL",5
"96","2019-07-24",21,0,"2019-07-25T03:00:00-00:00","2019-07-25T04:00:00-00:00","ZP26","Solar","Renewable Forecast Actual Generation","RENEW_FCST_ACT_MW",3,3,5.52521,"ACTUAL",5
"97","2019-07-24",22,0,"2019-07-25T04:00:00-00:00","2019-07-25T05:00:00-00:00","ZP26","Solar","Renewable Forecast Actual Generation","RENEW_FCST_ACT_MW",3,3,6.03102,"ACTUAL",5
"98","2019-07-24",23,0,"2019-07-25T05:00:00-00:00","2019-07-25T06:00:00-00:00","ZP26","Solar","Renewable Forecast Actual Generation","RENEW_FCST_ACT_MW",3,3,6.09687,"ACTUAL",5
"99","2019-07-24",24,0,"2019-07-25T06:00:00-00:00","2019-07-25T07:00:00-00:00","ZP26","Solar","Renewable Forecast Actual Generation","RENEW_FCST_ACT_MW",3,3,6.03492,"ACTUAL",5
"100","2019-07-24",2,0,"2019-07-24T08:00:00-00:00","2019-07-24T09:00:00-00:00","ZP26","Solar","Renewable Forecast Actual Generation","RENEW_FCST_ACT_MW",3,3,-5.26835,"ACTUAL",5
"101","2019-07-24",3,0,"2019-07-24T09:00:00-00:00","2019-07-24T10:00:00-00:00","ZP26","Solar","Renewable Forecast Actual Generation","RENEW_FCST_ACT_MW",3,3,-5.27671,"ACTUAL",5
"102","2019-07-24",4,0,"2019-07-24T10:00:00-00:00","2019-07-24T11:00:00-00:00","ZP26","Solar","Renewable Forecast Actual Generation","RENEW_FCST_ACT_MW",3,3,-5.27396,"ACTUAL",5
"103","2019-07-24",5,0,"2019-07-24T11:00:00-00:00","2019-07-24T12:00:00-00:00","ZP26","Solar","Renewable Forecast Actual Generation","RENEW_FCST_ACT_MW",3,3,-5.27374,"ACTUAL",5
"104","2019-07-24",6,0,"2019-07-24T12:00:00-00:00","2019-07-24T13:00:00-00:00","ZP26","Solar","Renewable Forecast Actual Generation","RENEW_FCST_ACT_MW",3,3,-5.31686,"ACTUAL",5
"105","2019-07-24",7,0,"2019-07-24T13:00:00-00:00","2019-07-24T14:00:00-00:00","ZP26","Solar","Renewable Forecast Actual Generation","RENEW_FCST_ACT_MW",3,3,85.02471,"ACTUAL",5
"106","2019-07-24",8,0,"2019-07-24T14:00:00-00:00","2019-07-24T15:00:00-00:00","ZP26","Solar","Renewable Forecast Actual Generation","RENEW_FCST_ACT_MW",3,3,594.45782,"ACTUAL",5
"107","2019-07-24",9,0,"2019-07-24T15:00:00-00:00","2019-07-24T16:00:00-00:00","ZP26","Solar","Renewable Forecast Actual Generation","RENEW_FCST_ACT_MW",3,3,1150.99826,"ACTUAL",5
"108","2019-07-24",10,0,"2019-07-24T16:00:00-00:00","2019-07-24T17:00:00-00:00","ZP26","Solar","Renewable Forecast Actual Generation","RENEW_FCST_ACT_MW",3,3,1427.50715,"ACTUAL",5
"109","2019-07-24",11,0,"2019-07-24T17:00:00-00:00","2019-07-24T18:00:00-00:00","ZP26","Solar","Renewable Forecast Actual Generation","RENEW_FCST_ACT_MW",3,3,1568.24373,"ACTUAL",5
"110","2019-07-24",12,0,"2019-07-24T18:00:00-00:00","2019-07-24T19:00:00-00:00","ZP26","Solar","Renewable Forecast Actual Generation","RENEW_FCST_ACT_MW",3,3,1612.14282,"ACTUAL",5
"111","2019-07-24",13,0,"2019-07-24T19:00:00-00:00","2019-07-24T20:00:00-00:00","ZP26","Solar","Renewable Forecast Actual Generation","RENEW_FCST_ACT_MW",3,3,1649.19142,"ACTUAL",5
"112","2019-07-24",14,0,"2019-07-24T20:00:00-00:00","2019-07-24T21:00:00-00:00","ZP26","Solar","Renewable Forecast Actual Generation","RENEW_FCST_ACT_MW",3,3,1638.88663,"ACTUAL",5
"113","2019-07-24",15,0,"2019-07-24T21:00:00-00:00","2019-07-24T22:00:00-00:00","ZP26","Solar","Renewable Forecast Actual Generation","RENEW_FCST_ACT_MW",3,3,1589.36574,"ACTUAL",5
"114","2019-07-24",16,0,"2019-07-24T22:00:00-00:00","2019-07-24T23:00:00-00:00","ZP26","Solar","Renewable Forecast Actual Generation","RENEW_FCST_ACT_MW",3,3,1512.51754,"ACTUAL",5
"115","2019-07-24",19,0,"2019-07-25T01:00:00-00:00","2019-07-25T02:00:00-00:00","ZP26","Solar","Renewable Forecast Actual Generation","RENEW_FCST_ACT_MW",3,3,691.19628,"ACTUAL",5
"116","2019-07-25",1,0,"2019-07-25T07:00:00-00:00","2019-07-25T08:00:00-00:00","NP15","Solar","Renewable Forecast Actual Generation","RENEW_FCST_ACT_MW",3,3,-3.69268,"ACTUAL",6
"117","2019-07-25",1,0,"2019-07-25T07:00:00-00:00","2019-07-25T08:00:00-00:00","NP15","Wind","Renewable Forecast Actual Generation","RENEW_FCST_ACT_MW",3,1,422.70673,"ACTUAL",7
"118","2019-07-25",1,0,"2019-07-25T07:00:00-00:00","2019-07-25T08:00:00-00:00","SP15","Solar","Renewable Forecast Actual Generation","RENEW_FCST_ACT_MW",3,3,-4.23761,"ACTUAL",8
"119","2019-07-25",1,0,"2019-07-25T07:00:00-00:00","2019-07-25T08:00:00-00:00","SP15","Wind","Renewable Forecast Actual Generation","RENEW_FCST_ACT_MW",3,1,1814.82836,"ACTUAL",9
"120","2019-07-25",1,0,"2019-07-25T07:00:00-00:00","2019-07-25T08:00:00-00:00","ZP26","Solar","Renewable Forecast Actual Generation","RENEW_FCST_ACT_MW",3,3,6.03086,"ACTUAL",10
