"","OPR_DT","OPR_HR","OPR_INTERVAL","INTERVALSTARTTIME_GMT","INTERVALENDTIME_GMT","TRADING_HUB","RENEWABLE_TYPE","LABEL","XML_DATA_ITEM","MARKET_RUN_ID_POS","RENEW_POS","MW","MARKET_RUN_ID","GROUP"
"1","2019-07-25",2,0,"2019-07-25T08:00:00-00:00","2019-07-25T09:00:00-00:00","NP15","Solar","Renewable Forecast Actual Generation","RENEW_FCST_ACT_MW",3,3,-3.68911,"ACTUAL",1
"2","2019-07-25",3,0,"2019-07-25T09:00:00-00:00","2019-07-25T10:00:00-00:00","NP15","Solar","Renewable Forecast Actual Generation","RENEW_FCST_ACT_MW",3,3,-3.68271,"ACTUAL",1
"3","2019-07-25",4,0,"2019-07-25T10:00:00-00:00","2019-07-25T11:00:00-00:00","NP15","Solar","Renewable Forecast Actual Generation","RENEW_FCST_ACT_MW",3,3,-3.6594,"ACTUAL",1
"4","2019-07-25",5,0,"2019-07-25T11:00:00-00:00","2019-07-25T12:00:00-00:00","NP15","Solar","Renewable Forecast Actual Generation","RENEW_FCST_ACT_MW",3,3,-3.63822,"ACTUAL",1
"5","2019-07-25",6,0,"2019-07-25T12:00:00-00:00","2019-07-25T13:00:00-00:00","NP15","Solar","Renewable Forecast Actual Generation","RENEW_FCST_ACT_MW",3,3,-3.81317,"ACTUAL",1
"6","2019-07-25",7,0,"2019-07-25T13:00:00-00:00","2019-07-25T14:00:00-00:00","NP15","Solar","Renewable Forecast Actual Generation","RENEW_FCST_ACT_MW",3,3,102.67768,"ACTUAL",1
"7","2019-07-25",8,0,"2019-07-25T14:00:00-00:00","2019-07-25T15:00:00-00:00","NP15","Solar","Renewable Forecast Actual Generation","RENEW_FCST_ACT_MW",3,3,441.2093,"ACTUAL",1
"8","2019-07-25",9,0,"2019-07-25T15:00:00-00:00","2019-07-25T16:00:00-00:00","NP15","Solar","Renewable Forecast Actual Generation","RENEW_FCST_ACT_MW",3,3,944.05922,"ACTUAL",1
"9","2019-07-25",10,0,"2019-07-25T16:00:00-00:00","2019-07-25T17:00:00-00:00","NP15","Solar","Renewable Forecast Actual Generation","RENEW_FCST_ACT_MW",3,3,1068.76727,"ACTUAL",1
"10","2019-07-25",11,0,"2019-07-25T17:00:00-00:00","2019-07-25T18:00:00-00:00","NP15","Solar","Renewable Forecast Actual Generation","RENEW_FCST_ACT_MW",3,3,1133.57361,"ACTUAL",1
"11","2019-07-25",12,0,"2019-07-25T18:00:00-00:00","2019-07-25T19:00:00-00:00","NP15","Solar","Renewable Forecast Actual Generation","RENEW_FCST_ACT_MW",3,3,1115.08388,"ACTUAL",1
"12","2019-07-25",13,0,"2019-07-25T19:00:00-00:00","2019-07-25T20:00:00-00:00","NP15","Solar","Renewable Forecast Actual Generation","RENEW_FCST_ACT_MW",3,3,1094.43853,"ACTUAL",1
"13","2019-07-25",14,0,"2019-07-25T20:00:00-00:00","2019-07-25T21:00:00-00:00","NP15","Solar","Renewable Forecast Actual Generation","RENEW_FCST_ACT_MW",3,3,950.17255,"ACTUAL",1
"14","2019-07-25",15,0,"2019-07-25T21:00:00-00:00","2019-07-25T22:00:00-00:00","NP15","Solar","Renewable Forecast Actual Generation","RENEW_FCST_ACT_MW",3,3,896.9101,"ACTUAL",1
"15","2019-07-25",16,0,"2019-07-25T22:00:00-00:00","2019-07-25T23:00:00-00:00","NP15","Solar","Renewable Forecast Actual Generation","RENEW_FCST_ACT_MW",3,3,960.15406,"ACTUAL",1
"16","2019-07-25",17,0,"2019-07-25T23:00:00-00:00","2019-07-26T00:00:00-00:00","NP15","Solar","Renewable Forecast Actual Generation","RENEW_FCST_ACT_MW",3,3,815.11171,"ACTUAL",1
"17","2019-07-25",18,0,"2019-07-26T00:00:00-00:00","2019-07-26T01:00:00-00:00","NP15","Solar","Renewable Forecast Actual Generation","RENEW_FCST_ACT_MW",3,3,580.17979,"ACTUAL",1
"18","2019-07-25",19,0,"2019-07-26T01:00:00-00:00","2019-07-26T02:00:00-00:00","NP15","Solar","Renewable Forecast Actual Generation","RENEW_FCST_ACT_MW",3,3,450.78137,"ACTUAL",1
"19","2019-07-25",20,0,"2019-07-26T02:00:00-00:00","2019-07-26T03:00:00-00:00","NP15","Solar","Renewable Forecast Actual Generation","RENEW_FCST_ACT_MW",3,3,198.93167,"ACTUAL",1
"20","2019-07-25",21,0,"2019-07-26T03:00:00-00:00","2019-07-26T04:00:00-00:00","NP15","Solar","Renewable Forecast Actual Generation","RENEW_FCST_ACT_MW",3,3,16.32192,"ACTUAL",1
"21","2019-07-25",22,0,"2019-07-26T04:00:00-00:00","2019-07-26T05:00:00-00:00","NP15","Solar","Renewable Forecast Actual Generation","RENEW_FCST_ACT_MW",3,3,-3.46596,"ACTUAL",1
"22","2019-07-25",23,0,"2019-07-26T05:00:00-00:00","2019-07-26T06:00:00-00:00","NP15","Solar","Renewable Forecast Actual Generation","RENEW_FCST_ACT_MW",3,3,-3.47537,"ACTUAL",1
"23","2019-07-25",24,0,"2019-07-26T06:00:00-00:00","2019-07-26T07:00:00-00:00","NP15","Solar","Renewable Forecast Actual Generation","RENEW_FCST_ACT_MW",3,3,-3.45747,"ACTUAL",1
"24","2019-07-25",18,0,"2019-07-26T00:00:00-00:00","2019-07-26T01:00:00-00:00","NP15","Wind","Renewable Forecast Actual Generation","RENEW_FCST_ACT_MW",3,1,623.20531,"ACTUAL",2
"25","2019-07-25",6,0,"2019-07-25T12:00:00-00:00","2019-07-25T13:00:00-00:00","NP15","Wind","Renewable Forecast Actual Generation","RENEW_FCST_ACT_MW",3,1,304.83508,"ACTUAL",2
"26","2019-07-25",17,0,"2019-07-25T23:00:00-00:00","2019-07-26T00:00:00-00:00","NP15","Wind","Renewable Forecast Actual Generation","RENEW_FCST_ACT_MW",3,1,751.05788,"ACTUAL",2
"27","2019-07-25",16,0,"2019-07-25T22:00:00-00:00","2019-07-25T23:00:00-00:00","NP15","Wind","Renewable Forecast Actual Generation","RENEW_FCST_ACT_MW",3,1,648.99739,"ACTUAL",2
"28","2019-07-25",15,0,"2019-07-25T21:00:00-00:00","2019-07-25T22:00:00-00:00","NP15","Wind","Renewable Forecast Actual Generation","RENEW_FCST_ACT_MW",3,1,332.06663,"ACTUAL",2
"29","2019-07-25",14,0,"2019-07-25T20:00:00-00:00","2019-07-25T21:00:00-00:00","NP15","Wind","Renewable Forecast Actual Generation","RENEW_FCST_ACT_MW",3,1,174.92168,"ACTUAL",2
"30","2019-07-25",13,0,"2019-07-25T19:00:00-00:00","2019-07-25T20:00:00-00:00","NP15","Wind","Renewable Forecast Actual Generation","RENEW_FCST_ACT_MW",3,1,79.91623,"ACTUAL",2
"31","2019-07-25",12,0,"2019-07-25T18:00:00-00:00","2019-07-25T19:00:00-00:00","NP15","Wind","Renewable Forecast Actual Generation","RENEW_FCST_ACT_MW",3,1,51.48619,"ACTUAL",2
"32","2019-07-25",11,0,"2019-07-25T17:00:00-00:00","2019-07-25T18:00:00-00:00","NP15","Wind","Renewable Forecast Actual Generation","RENEW_FCST_ACT_MW",3,1,87.07294,"ACTUAL",2
"33","2019-07-25",10,0,"2019-07-25T16:00:00-00:00","2019-07-25T17:00:00-00:00","NP15","Wind","Renewable Forecast Actual Generation","RENEW_FCST_ACT_MW",3,1,76.21142,"ACTUAL",2
"34","2019-07-25",9,0,"2019-07-25T15:00:00-00:00","2019-07-25T16:00:00-00:00","NP15","Wind","Renewable Forecast Actual Generation","RENEW_FCST_ACT_MW",3,1,91.70235,"ACTUAL",2
"35","2019-07-25",8,0,"2019-07-25T14:00:00-00:00","2019-07-25T15:00:00-00:00","NP15","Wind","Renewable Forecast Actual Generation","RENEW_FCST_ACT_MW",3,1,128.2325,"ACTUAL",2
"36","2019-07-25",7,0,"2019-07-25T13:00:00-00:00","2019-07-25T14:00:00-00:00","NP15","Wind","Renewable Forecast Actual Generation","RENEW_FCST_ACT_MW",3,1,175.58124,"ACTUAL",2
"37","2019-07-25",5,0,"2019-07-25T11:00:00-00:00","2019-07-25T12:00:00-00:00","NP15","Wind","Renewable Forecast Actual Generation","RENEW_FCST_ACT_MW",3,1,381.54635,"ACTUAL",2
"38","2019-07-25",4,0,"2019-07-25T10:00:00-00:00","2019-07-25T11:00:00-00:00","NP15","Wind","Renewable Forecast Actual Generation","RENEW_FCST_ACT_MW",3,1,471.10638,"ACTUAL",2
"39","2019-07-25",3,0,"2019-07-25T09:00:00-00:00","2019-07-25T10:00:00-00:00","NP15","Wind","Renewable Forecast Actual Generation","RENEW_FCST_ACT_MW",3,1,497.64912,"ACTUAL",2
"40","2019-07-25",2,0,"2019-07-25T08:00:00-00:00","2019-07-25T09:00:00-00:00","NP15","Wind","Renewable Forecast Actual Generation","RENEW_FCST_ACT_MW",3,1,499.98182,"ACTUAL",2
"41","2019-07-25",24,0,"2019-07-26T06:00:00-00:00","2019-07-26T07:00:00-00:00","NP15","Wind","Renewable Forecast Actual Generation","RENEW_FCST_ACT_MW",3,1,918.48899,"ACTUAL",2
"42","2019-07-25",23,0,"2019-07-26T05:00:00-00:00","2019-07-26T06:00:00-00:00","NP15","Wind","Renewable Forecast Actual Generation","RENEW_FCST_ACT_MW",3,1,849.67747,"ACTUAL",2
"43","2019-07-25",22,0,"2019-07-26T04:00:00-00:00","2019-07-26T05:00:00-00:00","NP15","Wind","Renewable Forecast Actual Generation","RENEW_FCST_ACT_MW",3,1,746.366,"ACTUAL",2
"44","2019-07-25",21,0,"2019-07-26T03:00:00-00:00","2019-07-26T04:00:00-00:00","NP15","Wind","Renewable Forecast Actual Generation","RENEW_FCST_ACT_MW",3,1,707.74684,"ACTUAL",2
"45","2019-07-25",20,0,"2019-07-26T02:00:00-00:00","2019-07-26T03:00:00-00:00","NP15","Wind","Renewable Forecast Actual Generation","RENEW_FCST_ACT_MW",3,1,672.56684,"ACTUAL",2
"46","2019-07-25",19,0,"2019-07-26T01:00:00-00:00","2019-07-26T02:00:00-00:00","NP15","Wind","Renewable Forecast Actual Generation","RENEW_FCST_ACT_MW",3,1,619.70131,"ACTUAL",2
"47","2019-07-25",6,0,"2019-07-25T12:00:00-00:00","2019-07-25T13:00:00-00:00","SP15","Solar","Renewable Forecast Actual Generation","RENEW_FCST_ACT_MW",3,3,6.23968,"ACTUAL",3
"48","2019-07-25",18,0,"2019-07-26T00:00:00-00:00","2019-07-26T01:00:00-00:00","SP15","Solar","Renewable Forecast Actual Generation","RENEW_FCST_ACT_MW",3,3,2008.40884,"ACTUAL",3
"49","2019-07-25",5,0,"2019-07-25T11:00:00-00:00","2019-07-25T12:00:00-00:00","SP15","Solar","Renewable Forecast Actual Generation","RENEW_FCST_ACT_MW",3,3,-5.0128,"ACTUAL",3
"50","2019-07-25",11,0,"2019-07-25T17:00:00-00:00","2019-07-25T18:00:00-00:00","SP15","Solar","Renewable Forecast Actual Generation","RENEW_FCST_ACT_MW",3,3,4186.15692,"ACTUAL",3
"51","2019-07-25",4,0,"2019-07-25T10:00:00-00:00","2019-07-25T11:00:00-00:00","SP15","Solar","Renewable Forecast Actual Generation","RENEW_FCST_ACT_MW",3,3,-4.7259,"ACTUAL",3
"52","2019-07-25",15,0,"2019-07-25T21:00:00-00:00","2019-07-25T22:00:00-00:00","SP15","Solar","Renewable Forecast Actual Generation","RENEW_FCST_ACT_MW",3,3,3828.15626,"ACTUAL",3
"53","2019-07-25",3,0,"2019-07-25T09:00:00-00:00","2019-07-25T10:00:00-00:00","SP15","Solar","Renewable Forecast Actual Generation","RENEW_FCST_ACT_MW",3,3,-4.43201,"ACTUAL",3
"54","2019-07-25",10,0,"2019-07-25T16:00:00-00:00","2019-07-25T17:00:00-00:00","SP15","Solar","Renewable Forecast Actual Generation","RENEW_FCST_ACT_MW",3,3,3470.60823,"ACTUAL",3
"55","2019-07-25",2,0,"2019-07-25T08:00:00-00:00","2019-07-25T09:00:00-00:00","SP15","Solar","Renewable Forecast Actual Generation","RENEW_FCST_ACT_MW",3,3,-4.44565,"ACTUAL",3
"56","2019-07-25",13,0,"2019-07-25T19:00:00-00:00","2019-07-25T20:00:00-00:00","SP15","Solar","Renewable Forecast Actual Generation","RENEW_FCST_ACT_MW",3,3,4385.30483,"ACTUAL",3
"57","2019-07-25",24,0,"2019-07-26T06:00:00-00:00","2019-07-26T07:00:00-00:00","SP15","Solar","Renewable Forecast Actual Generation","RENEW_FCST_ACT_MW",3,3,-4.41559,"ACTUAL",3
"58","2019-07-25",9,0,"2019-07-25T15:00:00-00:00","2019-07-25T16:00:00-00:00","SP15","Solar","Renewable Forecast Actual Generation","RENEW_FCST_ACT_MW",3,3,2480.2303,"ACTUAL",3
"59","2019-07-25",23,0,"2019-07-26T05:00:00-00:00","2019-07-26T06:00:00-00:00","SP15","Solar","Renewable Forecast Actual Generation","RENEW_FCST_ACT_MW",3,3,-4.00425,"ACTUAL",3
"60","2019-07-25",16,0,"2019-07-25T22:00:00-00:00","2019-07-25T23:00:00-00:00","SP15","Solar","Renewable Forecast Actual Generation","RENEW_FCST_ACT_MW",3,3,3587.83762,"ACTUAL",3
"61","2019-07-25",22,0,"2019-07-26T04:00:00-00:00","2019-07-26T05:00:00-00:00","SP15","Solar","Renewable Forecast Actual Generation","RENEW_FCST_ACT_MW",3,3,-5.4955,"ACTUAL",3
"62","2019-07-25",8,0,"2019-07-25T14:00:00-00:00","2019-07-25T15:00:00-00:00","SP15","Solar","Renewable Forecast Actual Generation","RENEW_FCST_ACT_MW",3,3,1886.25961,"ACTUAL",3
"63","2019-07-25",21,0,"2019-07-26T03:00:00-00:00","2019-07-26T04:00:00-00:00","SP15","Solar","Renewable Forecast Actual Generation","RENEW_FCST_ACT_MW",3,3,-4.89277,"ACTUAL",3
"64","2019-07-25",12,0,"2019-07-25T18:00:00-00:00","2019-07-25T19:00:00-00:00","SP15","Solar","Renewable Forecast Actual Generation","RENEW_FCST_ACT_MW",3,3,4199.46964,"ACTUAL",3
"65","2019-07-25",20,0,"2019-07-26T02:00:00-00:00","2019-07-26T03:00:00-00:00","SP15","Solar","Renewable Forecast Actual Generation","RENEW_FCST_ACT_MW",3,3,250.68263,"ACTUAL",3
"66","2019-07-25",7,0,"2019-07-25T13:00:00-00:00","2019-07-25T14:00:00-00:00","SP15","Solar","Renewable Forecast Actual Generation","RENEW_FCST_ACT_MW",3,3,878.00011,"ACTUAL",3
"67","2019-07-25",19,0,"2019-07-26T01:00:00-00:00","2019-07-26T02:00:00-00:00","SP15","Solar","Renewable Forecast Actual Generation","RENEW_FCST_ACT_MW",3,3,1360.54238,"ACTUAL",3
"68","2019-07-25",14,0,"2019-07-25T20:00:00-00:00","2019-07-25T21:00:00-00:00","SP15","Solar","Renewable Forecast Actual Generation","RENEW_FCST_ACT_MW",3,3,4158.7855,"ACTUAL",3
"69","2019-07-25",17,0,"2019-07-25T23:00:00-00:00","2019-07-26T00:00:00-00:00","SP15","Solar","Renewable Forecast Actual Generation","RENEW_FCST_ACT_MW",3,3,2958.00742,"ACTUAL",3
"70","2019-07-25",18,0,"2019-07-26T00:00:00-00:00","2019-07-26T01:00:00-00:00","SP15","Wind","Renewable Forecast Actual Generation","RENEW_FCST_ACT_MW",3,1,411.83815,"ACTUAL",4
"71","2019-07-25",19,0,"2019-07-26T01:00:00-00:00","2019-07-26T02:00:00-00:00","SP15","Wind","Renewable Forecast Actual Generation","RENEW_FCST_ACT_MW",3,1,558.94141,"ACTUAL",4
"72","2019-07-25",20,0,"2019-07-26T02:00:00-00:00","2019-07-26T03:00:00-00:00","SP15","Wind","Renewable Forecast Actual Generation","RENEW_FCST_ACT_MW",3,1,659.09753,"ACTUAL",4
"73","2019-07-25",21,0,"2019-07-26T03:00:00-00:00","2019-07-26T04:00:00-00:00","SP15","Wind","Renewable Forecast Actual Generation","RENEW_FCST_ACT_MW",3,1,803.94787,"ACTUAL",4
"74","2019-07-25",22,0,"2019-07-26T04:00:00-00:00","2019-07-26T05:00:00-00:00","SP15","Wind","Renewable Forecast Actual Generation","RENEW_FCST_ACT_MW",3,1,936.44877,"ACTUAL",4
"75","2019-07-25",23,0,"2019-07-26T05:00:00-00:00","2019-07-26T06:00:00-00:00","SP15","Wind","Renewable Forecast Actual Generation","RENEW_FCST_ACT_MW",3,1,982.38236,"ACTUAL",4
"76","2019-07-25",24,0,"2019-07-26T06:00:00-00:00","2019-07-26T07:00:00-00:00","SP15","Wind","Renewable Forecast Actual Generation","RENEW_FCST_ACT_MW",3,1,885.46246,"ACTUAL",4
"77","2019-07-25",2,0,"2019-07-25T08:00:00-00:00","2019-07-25T09:00:00-00:00","SP15","Wind","Renewable Forecast Actual Generation","RENEW_FCST_ACT_MW",3,1,1873.70046,"ACTUAL",4
"78","2019-07-25",3,0,"2019-07-25T09:00:00-00:00","2019-07-25T10:00:00-00:00","SP15","Wind","Renewable Forecast Actual Generation","RENEW_FCST_ACT_MW",3,1,1649.16129,"ACTUAL",4
"79","2019-07-25",4,0,"2019-07-25T10:00:00-00:00","2019-07-25T11:00:00-00:00","SP15","Wind","Renewable Forecast Actual Generation","RENEW_FCST_ACT_MW",3,1,1433.06474,"ACTUAL",4
"80","2019-07-25",5,0,"2019-07-25T11:00:00-00:00","2019-07-25T12:00:00-00:00","SP15","Wind","Renewable Forecast Actual Generation","RENEW_FCST_ACT_MW",3,1,1191.40926,"ACTUAL",4
"81","2019-07-25",6,0,"2019-07-25T12:00:00-00:00","2019-07-25T13:00:00-00:00","SP15","Wind","Renewable Forecast Actual Generation","RENEW_FCST_ACT_MW",3,1,1040.59975,"ACTUAL",4
"82","2019-07-25",7,0,"2019-07-25T13:00:00-00:00","2019-07-25T14:00:00-00:00","SP15","Wind","Renewable Forecast Actual Generation","RENEW_FCST_ACT_MW",3,1,894.21621,"ACTUAL",4
"83","2019-07-25",8,0,"2019-07-25T14:00:00-00:00","2019-07-25T15:00:00-00:00","SP15","Wind","Renewable Forecast Actual Generation","RENEW_FCST_ACT_MW",3,1,674.72135,"ACTUAL",4
"84","2019-07-25",9,0,"2019-07-25T15:00:00-00:00","2019-07-25T16:00:00-00:00","SP15","Wind","Renewable Forecast Actual Generation","RENEW_FCST_ACT_MW",3,1,330.08308,"ACTUAL",4
"85","2019-07-25",10,0,"2019-07-25T16:00:00-00:00","2019-07-25T17:00:00-00:00","SP15","Wind","Renewable Forecast Actual Generation","RENEW_FCST_ACT_MW",3,1,174.99545,"ACTUAL",4
"86","2019-07-25",11,0,"2019-07-25T17:00:00-00:00","2019-07-25T18:00:00-00:00","SP15","Wind","Renewable Forecast Actual Generation","RENEW_FCST_ACT_MW",3,1,172.87287,"ACTUAL",4
"87","2019-07-25",12,0,"2019-07-25T18:00:00-00:00","2019-07-25T19:00:00-00:00","SP15","Wind","Renewable Forecast Actual Generation","RENEW_FCST_ACT_MW",3,1,165.93392,"ACTUAL",4
"88","2019-07-25",13,0,"2019-07-25T19:00:00-00:00","2019-07-25T20:00:00-00:00","SP15","Wind","Renewable Forecast Actual Generation","RENEW_FCST_ACT_MW",3,1,177.3417,"ACTUAL",4
"89","2019-07-25",14,0,"2019-07-25T20:00:00-00:00","2019-07-25T21:00:00-00:00","SP15","Wind","Renewable Forecast Actual Generation","RENEW_FCST_ACT_MW",3,1,219.63784,"ACTUAL",4
"90","2019-07-25",15,0,"2019-07-25T21:00:00-00:00","2019-07-25T22:00:00-00:00","SP15","Wind","Renewable Forecast Actual Generation","RENEW_FCST_ACT_MW",3,1,169.4517,"ACTUAL",4
"91","2019-07-25",16,0,"2019-07-25T22:00:00-00:00","2019-07-25T23:00:00-00:00","SP15","Wind","Renewable Forecast Actual Generation","RENEW_FCST_ACT_MW",3,1,180.06191,"ACTUAL",4
"92","2019-07-25",17,0,"2019-07-25T23:00:00-00:00","2019-07-26T00:00:00-00:00","SP15","Wind","Renewable Forecast Actual Generation","RENEW_FCST_ACT_MW",3,1,235.95161,"ACTUAL",4
"93","2019-07-25",18,0,"2019-07-26T00:00:00-00:00","2019-07-26T01:00:00-00:00","ZP26","Solar","Renewable Forecast Actual Generation","RENEW_FCST_ACT_MW",3,3,638.42492,"ACTUAL",5
"94","2019-07-25",17,0,"2019-07-25T23:00:00-00:00","2019-07-26T00:00:00-00:00","ZP26","Solar","Renewable Forecast Actual Generation","RENEW_FCST_ACT_MW",3,3,855.26149,"ACTUAL",5
"95","2019-07-25",20,0,"2019-07-26T02:00:00-00:00","2019-07-26T03:00:00-00:00","ZP26","Solar","Renewable Forecast Actual Generation","RENEW_FCST_ACT_MW",3,3,126.36787,"ACTUAL",5
"96","2019-07-25",21,0,"2019-07-26T03:00:00-00:00","2019-07-26T04:00:00-00:00","ZP26","Solar","Renewable Forecast Actual Generation","RENEW_FCST_ACT_MW",3,3,-5.50316,"ACTUAL",5
"97","2019-07-25",22,0,"2019-07-26T04:00:00-00:00","2019-07-26T05:00:00-00:00","ZP26","Solar","Renewable Forecast Actual Generation","RENEW_FCST_ACT_MW",3,3,-5.49039,"ACTUAL",5
"98","2019-07-25",23,0,"2019-07-26T05:00:00-00:00","2019-07-26T06:00:00-00:00","ZP26","Solar","Renewable Forecast Actual Generation","RENEW_FCST_ACT_MW",3,3,-5.50411,"ACTUAL",5
"99","2019-07-25",24,0,"2019-07-26T06:00:00-00:00","2019-07-26T07:00:00-00:00","ZP26","Solar","Renewable Forecast Actual Generation","RENEW_FCST_ACT_MW",3,3,-5.45232,"ACTUAL",5
"100","2019-07-25",2,0,"2019-07-25T08:00:00-00:00","2019-07-25T09:00:00-00:00","ZP26","Solar","Renewable Forecast Actual Generation","RENEW_FCST_ACT_MW",3,3,6.03422,"ACTUAL",5
"101","2019-07-25",3,0,"2019-07-25T09:00:00-00:00","2019-07-25T10:00:00-00:00","ZP26","Solar","Renewable Forecast Actual Generation","RENEW_FCST_ACT_MW",3,3,6.02581,"ACTUAL",5
"102","2019-07-25",4,0,"2019-07-25T10:00:00-00:00","2019-07-25T11:00:00-00:00","ZP26","Solar","Renewable Forecast Actual Generation","RENEW_FCST_ACT_MW",3,3,6.05603,"ACTUAL",5
"103","2019-07-25",5,0,"2019-07-25T11:00:00-00:00","2019-07-25T12:00:00-00:00","ZP26","Solar","Renewable Forecast Actual Generation","RENEW_FCST_ACT_MW",3,3,6.08704,"ACTUAL",5
"104","2019-07-25",6,0,"2019-07-25T12:00:00-00:00","2019-07-25T13:00:00-00:00","ZP26","Solar","Renewable Forecast Actual Generation","RENEW_FCST_ACT_MW",3,3,5.76586,"ACTUAL",5
"105","2019-07-25",7,0,"2019-07-25T13:00:00-00:00","2019-07-25T14:00:00-00:00","ZP26","Solar","Renewable Forecast Actual Generation","RENEW_FCST_ACT_MW",3,3,165.75286,"ACTUAL",5
"106","2019-07-25",8,0,"2019-07-25T14:00:00-00:00","2019-07-25T15:00:00-00:00","ZP26","Solar","Renewable Forecast Actual Generation","RENEW_FCST_ACT_MW",3,3,417.45711,"ACTUAL",5
"107","2019-07-25",9,0,"2019-07-25T15:00:00-00:00","2019-07-25T16:00:00-00:00","ZP26","Solar","Renewable Forecast Actual Generation","RENEW_FCST_ACT_MW",3,3,796.42728,"ACTUAL",5
"108","2019-07-25",10,0,"2019-07-25T16:00:00-00:00","2019-07-25T17:00:00-00:00","ZP26","Solar","Renewable Forecast Actual Generation","RENEW_FCST_ACT_MW",3,3,807.47937,"ACTUAL",5
"109","2019-07-25",11,0,"2019-07-25T17:00:00-00:00","2019-07-25T18:00:00-00:00","ZP26","Solar","Renewable Forecast Actual Generation","RENEW_FCST_ACT_MW",3,3,1112.60347,"ACTUAL",5
"110","2019-07-25",12,0,"2019-07-25T18:00:00-00:00","2019-07-25T19:00:00-00:00","ZP26","Solar","Renewable Forecast Actual Generation","RENEW_FCST_ACT_MW",3,3,1291.68342,"ACTUAL",5
"111","2019-07-25",13,0,"2019-07-25T19:00:00-00:00","2019-07-25T20:00:00-00:00","ZP26","Solar","Renewable Forecast Actual Generation","RENEW_FCST_ACT_MW",3,3,959.64863,"ACTUAL",5
"112","2019-07-25",14,0,"2019-07-25T20:00:00-00:00","2019-07-25T21:00:00-00:00","ZP26","Solar","Renewable Forecast Actual Generation","RENEW_FCST_ACT_MW",3,3,993.12154,"ACTUAL",5
"113","2019-07-25",15,0,"2019-07-25T21:00:00-00:00","2019-07-25T22:00:00-00:00","ZP26","Solar","Renewable Forecast Actual Generation","RENEW_FCST_ACT_MW",3,3,902.47011,"ACTUAL",5
"114","2019-07-25",16,0,"2019-07-25T22:00:00-00:00","2019-07-25T23:00:00-00:00","ZP26","Solar","Renewable Forecast Actual Generation","RENEW_FCST_ACT_MW",3,3,1023.48088,"ACTUAL",5
"115","2019-07-25",19,0,"2019-07-26T01:00:00-00:00","2019-07-26T02:00:00-00:00","ZP26","Solar","Renewable Forecast Actual Generation","RENEW_FCST_ACT_MW",3,3,432.14815,"ACTUAL",5
"116","2019-07-26",1,0,"2019-07-26T07:00:00-00:00","2019-07-26T08:00:00-00:00","NP15","Solar","Renewable Forecast Actual Generation","RENEW_FCST_ACT_MW",3,3,-3.33191,"ACTUAL",6
"117","2019-07-26",1,0,"2019-07-26T07:00:00-00:00","2019-07-26T08:00:00-00:00","NP15","Wind","Renewable Forecast Actual Generation","RENEW_FCST_ACT_MW",3,1,969.29823,"ACTUAL",7
"118","2019-07-26",1,0,"2019-07-26T07:00:00-00:00","2019-07-26T08:00:00-00:00","SP15","Solar","Renewable Forecast Actual Generation","RENEW_FCST_ACT_MW",3,3,-4.93218,"ACTUAL",8
"119","2019-07-26",1,0,"2019-07-26T07:00:00-00:00","2019-07-26T08:00:00-00:00","SP15","Wind","Renewable Forecast Actual Generation","RENEW_FCST_ACT_MW",3,1,999.0147,"ACTUAL",9
"120","2019-07-26",1,0,"2019-07-26T07:00:00-00:00","2019-07-26T08:00:00-00:00","ZP26","Solar","Renewable Forecast Actual Generation","RENEW_FCST_ACT_MW",3,3,-5.45242,"ACTUAL",10
