"","OPR_DT","OPR_HR","OPR_INTERVAL","INTERVALSTARTTIME_GMT","INTERVALENDTIME_GMT","TRADING_HUB","RENEWABLE_TYPE","LABEL","XML_DATA_ITEM","MARKET_RUN_ID_POS","RENEW_POS","MW","MARKET_RUN_ID","GROUP"
"1","2019-05-18",2,0,"2019-05-18T08:00:00-00:00","2019-05-18T09:00:00-00:00","NP15","Solar","Renewable Forecast Actual Generation","RENEW_FCST_ACT_MW",3,3,-2.81242,"ACTUAL",1
"2","2019-05-18",3,0,"2019-05-18T09:00:00-00:00","2019-05-18T10:00:00-00:00","NP15","Solar","Renewable Forecast Actual Generation","RENEW_FCST_ACT_MW",3,3,-2.80201,"ACTUAL",1
"3","2019-05-18",4,0,"2019-05-18T10:00:00-00:00","2019-05-18T11:00:00-00:00","NP15","Solar","Renewable Forecast Actual Generation","RENEW_FCST_ACT_MW",3,3,-2.80297,"ACTUAL",1
"4","2019-05-18",5,0,"2019-05-18T11:00:00-00:00","2019-05-18T12:00:00-00:00","NP15","Solar","Renewable Forecast Actual Generation","RENEW_FCST_ACT_MW",3,3,-2.82757,"ACTUAL",1
"5","2019-05-18",6,0,"2019-05-18T12:00:00-00:00","2019-05-18T13:00:00-00:00","NP15","Solar","Renewable Forecast Actual Generation","RENEW_FCST_ACT_MW",3,3,-2.60106,"ACTUAL",1
"6","2019-05-18",7,0,"2019-05-18T13:00:00-00:00","2019-05-18T14:00:00-00:00","NP15","Solar","Renewable Forecast Actual Generation","RENEW_FCST_ACT_MW",3,3,188.66181,"ACTUAL",1
"7","2019-05-18",8,0,"2019-05-18T14:00:00-00:00","2019-05-18T15:00:00-00:00","NP15","Solar","Renewable Forecast Actual Generation","RENEW_FCST_ACT_MW",3,3,782.88972,"ACTUAL",1
"8","2019-05-18",9,0,"2019-05-18T15:00:00-00:00","2019-05-18T16:00:00-00:00","NP15","Solar","Renewable Forecast Actual Generation","RENEW_FCST_ACT_MW",3,3,1204.60254,"ACTUAL",1
"9","2019-05-18",10,0,"2019-05-18T16:00:00-00:00","2019-05-18T17:00:00-00:00","NP15","Solar","Renewable Forecast Actual Generation","RENEW_FCST_ACT_MW",3,3,1258.12356,"ACTUAL",1
"10","2019-05-18",11,0,"2019-05-18T17:00:00-00:00","2019-05-18T18:00:00-00:00","NP15","Solar","Renewable Forecast Actual Generation","RENEW_FCST_ACT_MW",3,3,1164.6667,"ACTUAL",1
"11","2019-05-18",12,0,"2019-05-18T18:00:00-00:00","2019-05-18T19:00:00-00:00","NP15","Solar","Renewable Forecast Actual Generation","RENEW_FCST_ACT_MW",3,3,879.25857,"ACTUAL",1
"12","2019-05-18",13,0,"2019-05-18T19:00:00-00:00","2019-05-18T20:00:00-00:00","NP15","Solar","Renewable Forecast Actual Generation","RENEW_FCST_ACT_MW",3,3,636.71253,"ACTUAL",1
"13","2019-05-18",14,0,"2019-05-18T20:00:00-00:00","2019-05-18T21:00:00-00:00","NP15","Solar","Renewable Forecast Actual Generation","RENEW_FCST_ACT_MW",3,3,414.94728,"ACTUAL",1
"14","2019-05-18",15,0,"2019-05-18T21:00:00-00:00","2019-05-18T22:00:00-00:00","NP15","Solar","Renewable Forecast Actual Generation","RENEW_FCST_ACT_MW",3,3,259.93926,"ACTUAL",1
"15","2019-05-18",16,0,"2019-05-18T22:00:00-00:00","2019-05-18T23:00:00-00:00","NP15","Solar","Renewable Forecast Actual Generation","RENEW_FCST_ACT_MW",3,3,197.44799,"ACTUAL",1
"16","2019-05-18",17,0,"2019-05-18T23:00:00-00:00","2019-05-19T00:00:00-00:00","NP15","Solar","Renewable Forecast Actual Generation","RENEW_FCST_ACT_MW",3,3,129.35792,"ACTUAL",1
"17","2019-05-18",18,0,"2019-05-19T00:00:00-00:00","2019-05-19T01:00:00-00:00","NP15","Solar","Renewable Forecast Actual Generation","RENEW_FCST_ACT_MW",3,3,101.6369,"ACTUAL",1
"18","2019-05-18",19,0,"2019-05-19T01:00:00-00:00","2019-05-19T02:00:00-00:00","NP15","Solar","Renewable Forecast Actual Generation","RENEW_FCST_ACT_MW",3,3,49.1141,"ACTUAL",1
"19","2019-05-18",20,0,"2019-05-19T02:00:00-00:00","2019-05-19T03:00:00-00:00","NP15","Solar","Renewable Forecast Actual Generation","RENEW_FCST_ACT_MW",3,3,11.50759,"ACTUAL",1
"20","2019-05-18",21,0,"2019-05-19T03:00:00-00:00","2019-05-19T04:00:00-00:00","NP15","Solar","Renewable Forecast Actual Generation","RENEW_FCST_ACT_MW",3,3,-2.71829,"ACTUAL",1
"21","2019-05-18",22,0,"2019-05-19T04:00:00-00:00","2019-05-19T05:00:00-00:00","NP15","Solar","Renewable Forecast Actual Generation","RENEW_FCST_ACT_MW",3,3,-2.49258,"ACTUAL",1
"22","2019-05-18",23,0,"2019-05-19T05:00:00-00:00","2019-05-19T06:00:00-00:00","NP15","Solar","Renewable Forecast Actual Generation","RENEW_FCST_ACT_MW",3,3,-2.50255,"ACTUAL",1
"23","2019-05-18",24,0,"2019-05-19T06:00:00-00:00","2019-05-19T07:00:00-00:00","NP15","Solar","Renewable Forecast Actual Generation","RENEW_FCST_ACT_MW",3,3,-2.94935,"ACTUAL",1
"24","2019-05-18",18,0,"2019-05-19T00:00:00-00:00","2019-05-19T01:00:00-00:00","NP15","Wind","Renewable Forecast Actual Generation","RENEW_FCST_ACT_MW",3,1,632.12961,"ACTUAL",2
"25","2019-05-18",6,0,"2019-05-18T12:00:00-00:00","2019-05-18T13:00:00-00:00","NP15","Wind","Renewable Forecast Actual Generation","RENEW_FCST_ACT_MW",3,1,371.01371,"ACTUAL",2
"26","2019-05-18",17,0,"2019-05-18T23:00:00-00:00","2019-05-19T00:00:00-00:00","NP15","Wind","Renewable Forecast Actual Generation","RENEW_FCST_ACT_MW",3,1,225.62924,"ACTUAL",2
"27","2019-05-18",16,0,"2019-05-18T22:00:00-00:00","2019-05-18T23:00:00-00:00","NP15","Wind","Renewable Forecast Actual Generation","RENEW_FCST_ACT_MW",3,1,190.24133,"ACTUAL",2
"28","2019-05-18",15,0,"2019-05-18T21:00:00-00:00","2019-05-18T22:00:00-00:00","NP15","Wind","Renewable Forecast Actual Generation","RENEW_FCST_ACT_MW",3,1,115.18852,"ACTUAL",2
"29","2019-05-18",14,0,"2019-05-18T20:00:00-00:00","2019-05-18T21:00:00-00:00","NP15","Wind","Renewable Forecast Actual Generation","RENEW_FCST_ACT_MW",3,1,195.19466,"ACTUAL",2
"30","2019-05-18",13,0,"2019-05-18T19:00:00-00:00","2019-05-18T20:00:00-00:00","NP15","Wind","Renewable Forecast Actual Generation","RENEW_FCST_ACT_MW",3,1,330.48619,"ACTUAL",2
"31","2019-05-18",12,0,"2019-05-18T18:00:00-00:00","2019-05-18T19:00:00-00:00","NP15","Wind","Renewable Forecast Actual Generation","RENEW_FCST_ACT_MW",3,1,147.64832,"ACTUAL",2
"32","2019-05-18",11,0,"2019-05-18T17:00:00-00:00","2019-05-18T18:00:00-00:00","NP15","Wind","Renewable Forecast Actual Generation","RENEW_FCST_ACT_MW",3,1,24.41366,"ACTUAL",2
"33","2019-05-18",10,0,"2019-05-18T16:00:00-00:00","2019-05-18T17:00:00-00:00","NP15","Wind","Renewable Forecast Actual Generation","RENEW_FCST_ACT_MW",3,1,11.31074,"ACTUAL",2
"34","2019-05-18",9,0,"2019-05-18T15:00:00-00:00","2019-05-18T16:00:00-00:00","NP15","Wind","Renewable Forecast Actual Generation","RENEW_FCST_ACT_MW",3,1,11.38068,"ACTUAL",2
"35","2019-05-18",8,0,"2019-05-18T14:00:00-00:00","2019-05-18T15:00:00-00:00","NP15","Wind","Renewable Forecast Actual Generation","RENEW_FCST_ACT_MW",3,1,18.46495,"ACTUAL",2
"36","2019-05-18",7,0,"2019-05-18T13:00:00-00:00","2019-05-18T14:00:00-00:00","NP15","Wind","Renewable Forecast Actual Generation","RENEW_FCST_ACT_MW",3,1,111.9952,"ACTUAL",2
"37","2019-05-18",5,0,"2019-05-18T11:00:00-00:00","2019-05-18T12:00:00-00:00","NP15","Wind","Renewable Forecast Actual Generation","RENEW_FCST_ACT_MW",3,1,708.70086,"ACTUAL",2
"38","2019-05-18",4,0,"2019-05-18T10:00:00-00:00","2019-05-18T11:00:00-00:00","NP15","Wind","Renewable Forecast Actual Generation","RENEW_FCST_ACT_MW",3,1,792.03451,"ACTUAL",2
"39","2019-05-18",3,0,"2019-05-18T09:00:00-00:00","2019-05-18T10:00:00-00:00","NP15","Wind","Renewable Forecast Actual Generation","RENEW_FCST_ACT_MW",3,1,573.9787,"ACTUAL",2
"40","2019-05-18",2,0,"2019-05-18T08:00:00-00:00","2019-05-18T09:00:00-00:00","NP15","Wind","Renewable Forecast Actual Generation","RENEW_FCST_ACT_MW",3,1,849.78938,"ACTUAL",2
"41","2019-05-18",24,0,"2019-05-19T06:00:00-00:00","2019-05-19T07:00:00-00:00","NP15","Wind","Renewable Forecast Actual Generation","RENEW_FCST_ACT_MW",3,1,174.58439,"ACTUAL",2
"42","2019-05-18",23,0,"2019-05-19T05:00:00-00:00","2019-05-19T06:00:00-00:00","NP15","Wind","Renewable Forecast Actual Generation","RENEW_FCST_ACT_MW",3,1,363.08114,"ACTUAL",2
"43","2019-05-18",22,0,"2019-05-19T04:00:00-00:00","2019-05-19T05:00:00-00:00","NP15","Wind","Renewable Forecast Actual Generation","RENEW_FCST_ACT_MW",3,1,463.08296,"ACTUAL",2
"44","2019-05-18",21,0,"2019-05-19T03:00:00-00:00","2019-05-19T04:00:00-00:00","NP15","Wind","Renewable Forecast Actual Generation","RENEW_FCST_ACT_MW",3,1,456.05484,"ACTUAL",2
"45","2019-05-18",20,0,"2019-05-19T02:00:00-00:00","2019-05-19T03:00:00-00:00","NP15","Wind","Renewable Forecast Actual Generation","RENEW_FCST_ACT_MW",3,1,348.53731,"ACTUAL",2
"46","2019-05-18",19,0,"2019-05-19T01:00:00-00:00","2019-05-19T02:00:00-00:00","NP15","Wind","Renewable Forecast Actual Generation","RENEW_FCST_ACT_MW",3,1,522.1943,"ACTUAL",2
"47","2019-05-18",6,0,"2019-05-18T12:00:00-00:00","2019-05-18T13:00:00-00:00","SP15","Solar","Renewable Forecast Actual Generation","RENEW_FCST_ACT_MW",3,3,-19.49285,"ACTUAL",3
"48","2019-05-18",18,0,"2019-05-19T00:00:00-00:00","2019-05-19T01:00:00-00:00","SP15","Solar","Renewable Forecast Actual Generation","RENEW_FCST_ACT_MW",3,3,2071.65708,"ACTUAL",3
"49","2019-05-18",5,0,"2019-05-18T11:00:00-00:00","2019-05-18T12:00:00-00:00","SP15","Solar","Renewable Forecast Actual Generation","RENEW_FCST_ACT_MW",3,3,-31.80469,"ACTUAL",3
"50","2019-05-18",11,0,"2019-05-18T17:00:00-00:00","2019-05-18T18:00:00-00:00","SP15","Solar","Renewable Forecast Actual Generation","RENEW_FCST_ACT_MW",3,3,6495.89466,"ACTUAL",3
"51","2019-05-18",4,0,"2019-05-18T10:00:00-00:00","2019-05-18T11:00:00-00:00","SP15","Solar","Renewable Forecast Actual Generation","RENEW_FCST_ACT_MW",3,3,-32.51609,"ACTUAL",3
"52","2019-05-18",15,0,"2019-05-18T21:00:00-00:00","2019-05-18T22:00:00-00:00","SP15","Solar","Renewable Forecast Actual Generation","RENEW_FCST_ACT_MW",3,3,5907.61437,"ACTUAL",3
"53","2019-05-18",3,0,"2019-05-18T09:00:00-00:00","2019-05-18T10:00:00-00:00","SP15","Solar","Renewable Forecast Actual Generation","RENEW_FCST_ACT_MW",3,3,-32.03859,"ACTUAL",3
"54","2019-05-18",10,0,"2019-05-18T16:00:00-00:00","2019-05-18T17:00:00-00:00","SP15","Solar","Renewable Forecast Actual Generation","RENEW_FCST_ACT_MW",3,3,5787.29703,"ACTUAL",3
"55","2019-05-18",2,0,"2019-05-18T08:00:00-00:00","2019-05-18T09:00:00-00:00","SP15","Solar","Renewable Forecast Actual Generation","RENEW_FCST_ACT_MW",3,3,-31.98362,"ACTUAL",3
"56","2019-05-18",13,0,"2019-05-18T19:00:00-00:00","2019-05-18T20:00:00-00:00","SP15","Solar","Renewable Forecast Actual Generation","RENEW_FCST_ACT_MW",3,3,6852.67461,"ACTUAL",3
"57","2019-05-18",24,0,"2019-05-19T06:00:00-00:00","2019-05-19T07:00:00-00:00","SP15","Solar","Renewable Forecast Actual Generation","RENEW_FCST_ACT_MW",3,3,-28.62009,"ACTUAL",3
"58","2019-05-18",9,0,"2019-05-18T15:00:00-00:00","2019-05-18T16:00:00-00:00","SP15","Solar","Renewable Forecast Actual Generation","RENEW_FCST_ACT_MW",3,3,4693.1863,"ACTUAL",3
"59","2019-05-18",23,0,"2019-05-19T05:00:00-00:00","2019-05-19T06:00:00-00:00","SP15","Solar","Renewable Forecast Actual Generation","RENEW_FCST_ACT_MW",3,3,-28.45939,"ACTUAL",3
"60","2019-05-18",16,0,"2019-05-18T22:00:00-00:00","2019-05-18T23:00:00-00:00","SP15","Solar","Renewable Forecast Actual Generation","RENEW_FCST_ACT_MW",3,3,5297.86015,"ACTUAL",3
"61","2019-05-18",22,0,"2019-05-19T04:00:00-00:00","2019-05-19T05:00:00-00:00","SP15","Solar","Renewable Forecast Actual Generation","RENEW_FCST_ACT_MW",3,3,-28.96876,"ACTUAL",3
"62","2019-05-18",8,0,"2019-05-18T14:00:00-00:00","2019-05-18T15:00:00-00:00","SP15","Solar","Renewable Forecast Actual Generation","RENEW_FCST_ACT_MW",3,3,2945.15105,"ACTUAL",3
"63","2019-05-18",21,0,"2019-05-19T03:00:00-00:00","2019-05-19T04:00:00-00:00","SP15","Solar","Renewable Forecast Actual Generation","RENEW_FCST_ACT_MW",3,3,-29.36311,"ACTUAL",3
"64","2019-05-18",12,0,"2019-05-18T18:00:00-00:00","2019-05-18T19:00:00-00:00","SP15","Solar","Renewable Forecast Actual Generation","RENEW_FCST_ACT_MW",3,3,7028.11951,"ACTUAL",3
"65","2019-05-18",20,0,"2019-05-19T02:00:00-00:00","2019-05-19T03:00:00-00:00","SP15","Solar","Renewable Forecast Actual Generation","RENEW_FCST_ACT_MW",3,3,46.88749,"ACTUAL",3
"66","2019-05-18",7,0,"2019-05-18T13:00:00-00:00","2019-05-18T14:00:00-00:00","SP15","Solar","Renewable Forecast Actual Generation","RENEW_FCST_ACT_MW",3,3,1052.56741,"ACTUAL",3
"67","2019-05-18",19,0,"2019-05-19T01:00:00-00:00","2019-05-19T02:00:00-00:00","SP15","Solar","Renewable Forecast Actual Generation","RENEW_FCST_ACT_MW",3,3,764.85443,"ACTUAL",3
"68","2019-05-18",14,0,"2019-05-18T20:00:00-00:00","2019-05-18T21:00:00-00:00","SP15","Solar","Renewable Forecast Actual Generation","RENEW_FCST_ACT_MW",3,3,6645.80811,"ACTUAL",3
"69","2019-05-18",17,0,"2019-05-18T23:00:00-00:00","2019-05-19T00:00:00-00:00","SP15","Solar","Renewable Forecast Actual Generation","RENEW_FCST_ACT_MW",3,3,3732.40777,"ACTUAL",3
"70","2019-05-18",18,0,"2019-05-19T00:00:00-00:00","2019-05-19T01:00:00-00:00","SP15","Wind","Renewable Forecast Actual Generation","RENEW_FCST_ACT_MW",3,1,1898.14939,"ACTUAL",4
"71","2019-05-18",19,0,"2019-05-19T01:00:00-00:00","2019-05-19T02:00:00-00:00","SP15","Wind","Renewable Forecast Actual Generation","RENEW_FCST_ACT_MW",3,1,1735.73229,"ACTUAL",4
"72","2019-05-18",20,0,"2019-05-19T02:00:00-00:00","2019-05-19T03:00:00-00:00","SP15","Wind","Renewable Forecast Actual Generation","RENEW_FCST_ACT_MW",3,1,1458.5302,"ACTUAL",4
"73","2019-05-18",21,0,"2019-05-19T03:00:00-00:00","2019-05-19T04:00:00-00:00","SP15","Wind","Renewable Forecast Actual Generation","RENEW_FCST_ACT_MW",3,1,1294.01465,"ACTUAL",4
"74","2019-05-18",22,0,"2019-05-19T04:00:00-00:00","2019-05-19T05:00:00-00:00","SP15","Wind","Renewable Forecast Actual Generation","RENEW_FCST_ACT_MW",3,1,1229.85401,"ACTUAL",4
"75","2019-05-18",23,0,"2019-05-19T05:00:00-00:00","2019-05-19T06:00:00-00:00","SP15","Wind","Renewable Forecast Actual Generation","RENEW_FCST_ACT_MW",3,1,1448.58628,"ACTUAL",4
"76","2019-05-18",24,0,"2019-05-19T06:00:00-00:00","2019-05-19T07:00:00-00:00","SP15","Wind","Renewable Forecast Actual Generation","RENEW_FCST_ACT_MW",3,1,2263.95677,"ACTUAL",4
"77","2019-05-18",2,0,"2019-05-18T08:00:00-00:00","2019-05-18T09:00:00-00:00","SP15","Wind","Renewable Forecast Actual Generation","RENEW_FCST_ACT_MW",3,1,2494.01145,"ACTUAL",4
"78","2019-05-18",3,0,"2019-05-18T09:00:00-00:00","2019-05-18T10:00:00-00:00","SP15","Wind","Renewable Forecast Actual Generation","RENEW_FCST_ACT_MW",3,1,2172.99115,"ACTUAL",4
"79","2019-05-18",4,0,"2019-05-18T10:00:00-00:00","2019-05-18T11:00:00-00:00","SP15","Wind","Renewable Forecast Actual Generation","RENEW_FCST_ACT_MW",3,1,1700.4266,"ACTUAL",4
"80","2019-05-18",5,0,"2019-05-18T11:00:00-00:00","2019-05-18T12:00:00-00:00","SP15","Wind","Renewable Forecast Actual Generation","RENEW_FCST_ACT_MW",3,1,1016.35334,"ACTUAL",4
"81","2019-05-18",6,0,"2019-05-18T12:00:00-00:00","2019-05-18T13:00:00-00:00","SP15","Wind","Renewable Forecast Actual Generation","RENEW_FCST_ACT_MW",3,1,614.03692,"ACTUAL",4
"82","2019-05-18",7,0,"2019-05-18T13:00:00-00:00","2019-05-18T14:00:00-00:00","SP15","Wind","Renewable Forecast Actual Generation","RENEW_FCST_ACT_MW",3,1,418.62946,"ACTUAL",4
"83","2019-05-18",8,0,"2019-05-18T14:00:00-00:00","2019-05-18T15:00:00-00:00","SP15","Wind","Renewable Forecast Actual Generation","RENEW_FCST_ACT_MW",3,1,235.61564,"ACTUAL",4
"84","2019-05-18",9,0,"2019-05-18T15:00:00-00:00","2019-05-18T16:00:00-00:00","SP15","Wind","Renewable Forecast Actual Generation","RENEW_FCST_ACT_MW",3,1,163.3607,"ACTUAL",4
"85","2019-05-18",10,0,"2019-05-18T16:00:00-00:00","2019-05-18T17:00:00-00:00","SP15","Wind","Renewable Forecast Actual Generation","RENEW_FCST_ACT_MW",3,1,128.6334,"ACTUAL",4
"86","2019-05-18",11,0,"2019-05-18T17:00:00-00:00","2019-05-18T18:00:00-00:00","SP15","Wind","Renewable Forecast Actual Generation","RENEW_FCST_ACT_MW",3,1,163.39488,"ACTUAL",4
"87","2019-05-18",12,0,"2019-05-18T18:00:00-00:00","2019-05-18T19:00:00-00:00","SP15","Wind","Renewable Forecast Actual Generation","RENEW_FCST_ACT_MW",3,1,249.06102,"ACTUAL",4
"88","2019-05-18",13,0,"2019-05-18T19:00:00-00:00","2019-05-18T20:00:00-00:00","SP15","Wind","Renewable Forecast Actual Generation","RENEW_FCST_ACT_MW",3,1,471.88042,"ACTUAL",4
"89","2019-05-18",14,0,"2019-05-18T20:00:00-00:00","2019-05-18T21:00:00-00:00","SP15","Wind","Renewable Forecast Actual Generation","RENEW_FCST_ACT_MW",3,1,875.88194,"ACTUAL",4
"90","2019-05-18",15,0,"2019-05-18T21:00:00-00:00","2019-05-18T22:00:00-00:00","SP15","Wind","Renewable Forecast Actual Generation","RENEW_FCST_ACT_MW",3,1,1565.25387,"ACTUAL",4
"91","2019-05-18",16,0,"2019-05-18T22:00:00-00:00","2019-05-18T23:00:00-00:00","SP15","Wind","Renewable Forecast Actual Generation","RENEW_FCST_ACT_MW",3,1,2016.21905,"ACTUAL",4
"92","2019-05-18",17,0,"2019-05-18T23:00:00-00:00","2019-05-19T00:00:00-00:00","SP15","Wind","Renewable Forecast Actual Generation","RENEW_FCST_ACT_MW",3,1,2107.28696,"ACTUAL",4
"93","2019-05-18",18,0,"2019-05-19T00:00:00-00:00","2019-05-19T01:00:00-00:00","ZP26","Solar","Renewable Forecast Actual Generation","RENEW_FCST_ACT_MW",3,3,102.34198,"ACTUAL",5
"94","2019-05-18",17,0,"2019-05-18T23:00:00-00:00","2019-05-19T00:00:00-00:00","ZP26","Solar","Renewable Forecast Actual Generation","RENEW_FCST_ACT_MW",3,3,177.53579,"ACTUAL",5
"95","2019-05-18",20,0,"2019-05-19T02:00:00-00:00","2019-05-19T03:00:00-00:00","ZP26","Solar","Renewable Forecast Actual Generation","RENEW_FCST_ACT_MW",3,3,2.29157,"ACTUAL",5
"96","2019-05-18",21,0,"2019-05-19T03:00:00-00:00","2019-05-19T04:00:00-00:00","ZP26","Solar","Renewable Forecast Actual Generation","RENEW_FCST_ACT_MW",3,3,-5.03172,"ACTUAL",5
"97","2019-05-18",22,0,"2019-05-19T04:00:00-00:00","2019-05-19T05:00:00-00:00","ZP26","Solar","Renewable Forecast Actual Generation","RENEW_FCST_ACT_MW",3,3,-4.84231,"ACTUAL",5
"98","2019-05-18",23,0,"2019-05-19T05:00:00-00:00","2019-05-19T06:00:00-00:00","ZP26","Solar","Renewable Forecast Actual Generation","RENEW_FCST_ACT_MW",3,3,-4.86904,"ACTUAL",5
"99","2019-05-18",24,0,"2019-05-19T06:00:00-00:00","2019-05-19T07:00:00-00:00","ZP26","Solar","Renewable Forecast Actual Generation","RENEW_FCST_ACT_MW",3,3,-4.87618,"ACTUAL",5
"100","2019-05-18",2,0,"2019-05-18T08:00:00-00:00","2019-05-18T09:00:00-00:00","ZP26","Solar","Renewable Forecast Actual Generation","RENEW_FCST_ACT_MW",3,3,-4.87624,"ACTUAL",5
"101","2019-05-18",3,0,"2019-05-18T09:00:00-00:00","2019-05-18T10:00:00-00:00","ZP26","Solar","Renewable Forecast Actual Generation","RENEW_FCST_ACT_MW",3,3,-4.88595,"ACTUAL",5
"102","2019-05-18",4,0,"2019-05-18T10:00:00-00:00","2019-05-18T11:00:00-00:00","ZP26","Solar","Renewable Forecast Actual Generation","RENEW_FCST_ACT_MW",3,3,-4.89517,"ACTUAL",5
"103","2019-05-18",5,0,"2019-05-18T11:00:00-00:00","2019-05-18T12:00:00-00:00","ZP26","Solar","Renewable Forecast Actual Generation","RENEW_FCST_ACT_MW",3,3,-5.24078,"ACTUAL",5
"104","2019-05-18",6,0,"2019-05-18T12:00:00-00:00","2019-05-18T13:00:00-00:00","ZP26","Solar","Renewable Forecast Actual Generation","RENEW_FCST_ACT_MW",3,3,-4.47212,"ACTUAL",5
"105","2019-05-18",7,0,"2019-05-18T13:00:00-00:00","2019-05-18T14:00:00-00:00","ZP26","Solar","Renewable Forecast Actual Generation","RENEW_FCST_ACT_MW",3,3,158.3793,"ACTUAL",5
"106","2019-05-18",8,0,"2019-05-18T14:00:00-00:00","2019-05-18T15:00:00-00:00","ZP26","Solar","Renewable Forecast Actual Generation","RENEW_FCST_ACT_MW",3,3,523.69041,"ACTUAL",5
"107","2019-05-18",9,0,"2019-05-18T15:00:00-00:00","2019-05-18T16:00:00-00:00","ZP26","Solar","Renewable Forecast Actual Generation","RENEW_FCST_ACT_MW",3,3,1076.8162,"ACTUAL",5
"108","2019-05-18",10,0,"2019-05-18T16:00:00-00:00","2019-05-18T17:00:00-00:00","ZP26","Solar","Renewable Forecast Actual Generation","RENEW_FCST_ACT_MW",3,3,1438.42562,"ACTUAL",5
"109","2019-05-18",11,0,"2019-05-18T17:00:00-00:00","2019-05-18T18:00:00-00:00","ZP26","Solar","Renewable Forecast Actual Generation","RENEW_FCST_ACT_MW",3,3,1554.9138,"ACTUAL",5
"110","2019-05-18",12,0,"2019-05-18T18:00:00-00:00","2019-05-18T19:00:00-00:00","ZP26","Solar","Renewable Forecast Actual Generation","RENEW_FCST_ACT_MW",3,3,1330.46518,"ACTUAL",5
"111","2019-05-18",13,0,"2019-05-18T19:00:00-00:00","2019-05-18T20:00:00-00:00","ZP26","Solar","Renewable Forecast Actual Generation","RENEW_FCST_ACT_MW",3,3,1021.76488,"ACTUAL",5
"112","2019-05-18",14,0,"2019-05-18T20:00:00-00:00","2019-05-18T21:00:00-00:00","ZP26","Solar","Renewable Forecast Actual Generation","RENEW_FCST_ACT_MW",3,3,728.75181,"ACTUAL",5
"113","2019-05-18",15,0,"2019-05-18T21:00:00-00:00","2019-05-18T22:00:00-00:00","ZP26","Solar","Renewable Forecast Actual Generation","RENEW_FCST_ACT_MW",3,3,457.21552,"ACTUAL",5
"114","2019-05-18",16,0,"2019-05-18T22:00:00-00:00","2019-05-18T23:00:00-00:00","ZP26","Solar","Renewable Forecast Actual Generation","RENEW_FCST_ACT_MW",3,3,242.77502,"ACTUAL",5
"115","2019-05-18",19,0,"2019-05-19T01:00:00-00:00","2019-05-19T02:00:00-00:00","ZP26","Solar","Renewable Forecast Actual Generation","RENEW_FCST_ACT_MW",3,3,40.85958,"ACTUAL",5
"116","2019-05-19",1,0,"2019-05-19T07:00:00-00:00","2019-05-19T08:00:00-00:00","NP15","Solar","Renewable Forecast Actual Generation","RENEW_FCST_ACT_MW",3,3,-2.96408,"ACTUAL",6
"117","2019-05-19",1,0,"2019-05-19T07:00:00-00:00","2019-05-19T08:00:00-00:00","NP15","Wind","Renewable Forecast Actual Generation","RENEW_FCST_ACT_MW",3,1,52.00123,"ACTUAL",7
"118","2019-05-19",1,0,"2019-05-19T07:00:00-00:00","2019-05-19T08:00:00-00:00","SP15","Solar","Renewable Forecast Actual Generation","RENEW_FCST_ACT_MW",3,3,-28.64171,"ACTUAL",8
"119","2019-05-19",1,0,"2019-05-19T07:00:00-00:00","2019-05-19T08:00:00-00:00","SP15","Wind","Renewable Forecast Actual Generation","RENEW_FCST_ACT_MW",3,1,2240.6062,"ACTUAL",9
"120","2019-05-19",1,0,"2019-05-19T07:00:00-00:00","2019-05-19T08:00:00-00:00","ZP26","Solar","Renewable Forecast Actual Generation","RENEW_FCST_ACT_MW",3,3,-4.84555,"ACTUAL",10
