"","OPR_DT","OPR_HR","OPR_INTERVAL","INTERVALSTARTTIME_GMT","INTERVALENDTIME_GMT","TRADING_HUB","RENEWABLE_TYPE","LABEL","XML_DATA_ITEM","MARKET_RUN_ID_POS","RENEW_POS","MW","MARKET_RUN_ID","GROUP"
"1","2019-01-23",1,0,"2019-01-23T08:00:00-00:00","2019-01-23T09:00:00-00:00","NP15","Solar","Renewable Forecast Actual Generation","RENEW_FCST_ACT_MW",3,3,-2.95351,"ACTUAL",1
"2","2019-01-23",2,0,"2019-01-23T09:00:00-00:00","2019-01-23T10:00:00-00:00","NP15","Solar","Renewable Forecast Actual Generation","RENEW_FCST_ACT_MW",3,3,-2.94945,"ACTUAL",1
"3","2019-01-23",3,0,"2019-01-23T10:00:00-00:00","2019-01-23T11:00:00-00:00","NP15","Solar","Renewable Forecast Actual Generation","RENEW_FCST_ACT_MW",3,3,-2.95053,"ACTUAL",1
"4","2019-01-23",4,0,"2019-01-23T11:00:00-00:00","2019-01-23T12:00:00-00:00","NP15","Solar","Renewable Forecast Actual Generation","RENEW_FCST_ACT_MW",3,3,-3.42889,"ACTUAL",1
"5","2019-01-23",5,0,"2019-01-23T12:00:00-00:00","2019-01-23T13:00:00-00:00","NP15","Solar","Renewable Forecast Actual Generation","RENEW_FCST_ACT_MW",3,3,-3.69107,"ACTUAL",1
"6","2019-01-23",6,0,"2019-01-23T13:00:00-00:00","2019-01-23T14:00:00-00:00","NP15","Solar","Renewable Forecast Actual Generation","RENEW_FCST_ACT_MW",3,3,-3.69241,"ACTUAL",1
"7","2019-01-23",7,0,"2019-01-23T14:00:00-00:00","2019-01-23T15:00:00-00:00","NP15","Solar","Renewable Forecast Actual Generation","RENEW_FCST_ACT_MW",3,3,-3.54022,"ACTUAL",1
"8","2019-01-23",8,0,"2019-01-23T15:00:00-00:00","2019-01-23T16:00:00-00:00","NP15","Solar","Renewable Forecast Actual Generation","RENEW_FCST_ACT_MW",3,3,99.83725,"ACTUAL",1
"9","2019-01-23",9,0,"2019-01-23T16:00:00-00:00","2019-01-23T17:00:00-00:00","NP15","Solar","Renewable Forecast Actual Generation","RENEW_FCST_ACT_MW",3,3,719.026,"ACTUAL",1
"10","2019-01-23",10,0,"2019-01-23T17:00:00-00:00","2019-01-23T18:00:00-00:00","NP15","Solar","Renewable Forecast Actual Generation","RENEW_FCST_ACT_MW",3,3,1043.52995,"ACTUAL",1
"11","2019-01-23",11,0,"2019-01-23T18:00:00-00:00","2019-01-23T19:00:00-00:00","NP15","Solar","Renewable Forecast Actual Generation","RENEW_FCST_ACT_MW",3,3,1017.91987,"ACTUAL",1
"12","2019-01-23",12,0,"2019-01-23T19:00:00-00:00","2019-01-23T20:00:00-00:00","NP15","Solar","Renewable Forecast Actual Generation","RENEW_FCST_ACT_MW",3,3,983.07329,"ACTUAL",1
"13","2019-01-23",13,0,"2019-01-23T20:00:00-00:00","2019-01-23T21:00:00-00:00","NP15","Solar","Renewable Forecast Actual Generation","RENEW_FCST_ACT_MW",3,3,990.25827,"ACTUAL",1
"14","2019-01-23",14,0,"2019-01-23T21:00:00-00:00","2019-01-23T22:00:00-00:00","NP15","Solar","Renewable Forecast Actual Generation","RENEW_FCST_ACT_MW",3,3,1039.12567,"ACTUAL",1
"15","2019-01-23",15,0,"2019-01-23T22:00:00-00:00","2019-01-23T23:00:00-00:00","NP15","Solar","Renewable Forecast Actual Generation","RENEW_FCST_ACT_MW",3,3,1085.27099,"ACTUAL",1
"16","2019-01-23",16,0,"2019-01-23T23:00:00-00:00","2019-01-24T00:00:00-00:00","NP15","Solar","Renewable Forecast Actual Generation","RENEW_FCST_ACT_MW",3,3,920.5057,"ACTUAL",1
"17","2019-01-23",17,0,"2019-01-24T00:00:00-00:00","2019-01-24T01:00:00-00:00","NP15","Solar","Renewable Forecast Actual Generation","RENEW_FCST_ACT_MW",3,3,312.19443,"ACTUAL",1
"18","2019-01-23",18,0,"2019-01-24T01:00:00-00:00","2019-01-24T02:00:00-00:00","NP15","Solar","Renewable Forecast Actual Generation","RENEW_FCST_ACT_MW",3,3,-0.06343,"ACTUAL",1
"19","2019-01-23",19,0,"2019-01-24T02:00:00-00:00","2019-01-24T03:00:00-00:00","NP15","Solar","Renewable Forecast Actual Generation","RENEW_FCST_ACT_MW",3,3,-2.81858,"ACTUAL",1
"20","2019-01-23",20,0,"2019-01-24T03:00:00-00:00","2019-01-24T04:00:00-00:00","NP15","Solar","Renewable Forecast Actual Generation","RENEW_FCST_ACT_MW",3,3,-2.80222,"ACTUAL",1
"21","2019-01-23",21,0,"2019-01-24T04:00:00-00:00","2019-01-24T05:00:00-00:00","NP15","Solar","Renewable Forecast Actual Generation","RENEW_FCST_ACT_MW",3,3,-2.82039,"ACTUAL",1
"22","2019-01-23",22,0,"2019-01-24T05:00:00-00:00","2019-01-24T06:00:00-00:00","NP15","Solar","Renewable Forecast Actual Generation","RENEW_FCST_ACT_MW",3,3,-2.82484,"ACTUAL",1
"23","2019-01-23",23,0,"2019-01-24T06:00:00-00:00","2019-01-24T07:00:00-00:00","NP15","Solar","Renewable Forecast Actual Generation","RENEW_FCST_ACT_MW",3,3,-2.82233,"ACTUAL",1
"24","2019-01-23",24,0,"2019-01-24T07:00:00-00:00","2019-01-24T08:00:00-00:00","NP15","Solar","Renewable Forecast Actual Generation","RENEW_FCST_ACT_MW",3,3,-2.81895,"ACTUAL",1
"25","2019-01-23",1,0,"2019-01-23T08:00:00-00:00","2019-01-23T09:00:00-00:00","NP15","Wind","Renewable Forecast Actual Generation","RENEW_FCST_ACT_MW",3,1,34.79355,"ACTUAL",2
"26","2019-01-23",24,0,"2019-01-24T07:00:00-00:00","2019-01-24T08:00:00-00:00","NP15","Wind","Renewable Forecast Actual Generation","RENEW_FCST_ACT_MW",3,1,64.2033,"ACTUAL",2
"27","2019-01-23",3,0,"2019-01-23T10:00:00-00:00","2019-01-23T11:00:00-00:00","NP15","Wind","Renewable Forecast Actual Generation","RENEW_FCST_ACT_MW",3,1,40.83268,"ACTUAL",2
"28","2019-01-23",4,0,"2019-01-23T11:00:00-00:00","2019-01-23T12:00:00-00:00","NP15","Wind","Renewable Forecast Actual Generation","RENEW_FCST_ACT_MW",3,1,47.64657,"ACTUAL",2
"29","2019-01-23",5,0,"2019-01-23T12:00:00-00:00","2019-01-23T13:00:00-00:00","NP15","Wind","Renewable Forecast Actual Generation","RENEW_FCST_ACT_MW",3,1,58.33894,"ACTUAL",2
"30","2019-01-23",6,0,"2019-01-23T13:00:00-00:00","2019-01-23T14:00:00-00:00","NP15","Wind","Renewable Forecast Actual Generation","RENEW_FCST_ACT_MW",3,1,48.33515,"ACTUAL",2
"31","2019-01-23",7,0,"2019-01-23T14:00:00-00:00","2019-01-23T15:00:00-00:00","NP15","Wind","Renewable Forecast Actual Generation","RENEW_FCST_ACT_MW",3,1,18.23456,"ACTUAL",2
"32","2019-01-23",8,0,"2019-01-23T15:00:00-00:00","2019-01-23T16:00:00-00:00","NP15","Wind","Renewable Forecast Actual Generation","RENEW_FCST_ACT_MW",3,1,1.21892,"ACTUAL",2
"33","2019-01-23",9,0,"2019-01-23T16:00:00-00:00","2019-01-23T17:00:00-00:00","NP15","Wind","Renewable Forecast Actual Generation","RENEW_FCST_ACT_MW",3,1,2.17998,"ACTUAL",2
"34","2019-01-23",10,0,"2019-01-23T17:00:00-00:00","2019-01-23T18:00:00-00:00","NP15","Wind","Renewable Forecast Actual Generation","RENEW_FCST_ACT_MW",3,1,23.50402,"ACTUAL",2
"35","2019-01-23",11,0,"2019-01-23T18:00:00-00:00","2019-01-23T19:00:00-00:00","NP15","Wind","Renewable Forecast Actual Generation","RENEW_FCST_ACT_MW",3,1,8.58092,"ACTUAL",2
"36","2019-01-23",12,0,"2019-01-23T19:00:00-00:00","2019-01-23T20:00:00-00:00","NP15","Wind","Renewable Forecast Actual Generation","RENEW_FCST_ACT_MW",3,1,4.69286,"ACTUAL",2
"37","2019-01-23",13,0,"2019-01-23T20:00:00-00:00","2019-01-23T21:00:00-00:00","NP15","Wind","Renewable Forecast Actual Generation","RENEW_FCST_ACT_MW",3,1,20.47595,"ACTUAL",2
"38","2019-01-23",14,0,"2019-01-23T21:00:00-00:00","2019-01-23T22:00:00-00:00","NP15","Wind","Renewable Forecast Actual Generation","RENEW_FCST_ACT_MW",3,1,5.08501,"ACTUAL",2
"39","2019-01-23",15,0,"2019-01-23T22:00:00-00:00","2019-01-23T23:00:00-00:00","NP15","Wind","Renewable Forecast Actual Generation","RENEW_FCST_ACT_MW",3,1,3.33812,"ACTUAL",2
"40","2019-01-23",16,0,"2019-01-23T23:00:00-00:00","2019-01-24T00:00:00-00:00","NP15","Wind","Renewable Forecast Actual Generation","RENEW_FCST_ACT_MW",3,1,-1.35148,"ACTUAL",2
"41","2019-01-23",17,0,"2019-01-24T00:00:00-00:00","2019-01-24T01:00:00-00:00","NP15","Wind","Renewable Forecast Actual Generation","RENEW_FCST_ACT_MW",3,1,12.24575,"ACTUAL",2
"42","2019-01-23",18,0,"2019-01-24T01:00:00-00:00","2019-01-24T02:00:00-00:00","NP15","Wind","Renewable Forecast Actual Generation","RENEW_FCST_ACT_MW",3,1,6.7694,"ACTUAL",2
"43","2019-01-23",19,0,"2019-01-24T02:00:00-00:00","2019-01-24T03:00:00-00:00","NP15","Wind","Renewable Forecast Actual Generation","RENEW_FCST_ACT_MW",3,1,23.77491,"ACTUAL",2
"44","2019-01-23",20,0,"2019-01-24T03:00:00-00:00","2019-01-24T04:00:00-00:00","NP15","Wind","Renewable Forecast Actual Generation","RENEW_FCST_ACT_MW",3,1,20.59897,"ACTUAL",2
"45","2019-01-23",21,0,"2019-01-24T04:00:00-00:00","2019-01-24T05:00:00-00:00","NP15","Wind","Renewable Forecast Actual Generation","RENEW_FCST_ACT_MW",3,1,30.78061,"ACTUAL",2
"46","2019-01-23",22,0,"2019-01-24T05:00:00-00:00","2019-01-24T06:00:00-00:00","NP15","Wind","Renewable Forecast Actual Generation","RENEW_FCST_ACT_MW",3,1,29.16162,"ACTUAL",2
"47","2019-01-23",23,0,"2019-01-24T06:00:00-00:00","2019-01-24T07:00:00-00:00","NP15","Wind","Renewable Forecast Actual Generation","RENEW_FCST_ACT_MW",3,1,42.53791,"ACTUAL",2
"48","2019-01-23",2,0,"2019-01-23T09:00:00-00:00","2019-01-23T10:00:00-00:00","NP15","Wind","Renewable Forecast Actual Generation","RENEW_FCST_ACT_MW",3,1,39.41641,"ACTUAL",2
"49","2019-01-23",24,0,"2019-01-24T07:00:00-00:00","2019-01-24T08:00:00-00:00","SP15","Solar","Renewable Forecast Actual Generation","RENEW_FCST_ACT_MW",3,3,-8.4172,"ACTUAL",3
"50","2019-01-23",2,0,"2019-01-23T09:00:00-00:00","2019-01-23T10:00:00-00:00","SP15","Solar","Renewable Forecast Actual Generation","RENEW_FCST_ACT_MW",3,3,-22.04772,"ACTUAL",3
"51","2019-01-23",23,0,"2019-01-24T06:00:00-00:00","2019-01-24T07:00:00-00:00","SP15","Solar","Renewable Forecast Actual Generation","RENEW_FCST_ACT_MW",3,3,-10.14073,"ACTUAL",3
"52","2019-01-23",6,0,"2019-01-23T13:00:00-00:00","2019-01-23T14:00:00-00:00","SP15","Solar","Renewable Forecast Actual Generation","RENEW_FCST_ACT_MW",3,3,-21.09401,"ACTUAL",3
"53","2019-01-23",22,0,"2019-01-24T05:00:00-00:00","2019-01-24T06:00:00-00:00","SP15","Solar","Renewable Forecast Actual Generation","RENEW_FCST_ACT_MW",3,3,-11.71424,"ACTUAL",3
"54","2019-01-23",11,0,"2019-01-23T18:00:00-00:00","2019-01-23T19:00:00-00:00","SP15","Solar","Renewable Forecast Actual Generation","RENEW_FCST_ACT_MW",3,3,5400.77832,"ACTUAL",3
"55","2019-01-23",21,0,"2019-01-24T04:00:00-00:00","2019-01-24T05:00:00-00:00","SP15","Solar","Renewable Forecast Actual Generation","RENEW_FCST_ACT_MW",3,3,-17.61073,"ACTUAL",3
"56","2019-01-23",3,0,"2019-01-23T10:00:00-00:00","2019-01-23T11:00:00-00:00","SP15","Solar","Renewable Forecast Actual Generation","RENEW_FCST_ACT_MW",3,3,-22.09807,"ACTUAL",3
"57","2019-01-23",20,0,"2019-01-24T03:00:00-00:00","2019-01-24T04:00:00-00:00","SP15","Solar","Renewable Forecast Actual Generation","RENEW_FCST_ACT_MW",3,3,-21.36281,"ACTUAL",3
"58","2019-01-23",10,0,"2019-01-23T17:00:00-00:00","2019-01-23T18:00:00-00:00","SP15","Solar","Renewable Forecast Actual Generation","RENEW_FCST_ACT_MW",3,3,4701.20931,"ACTUAL",3
"59","2019-01-23",19,0,"2019-01-24T02:00:00-00:00","2019-01-24T03:00:00-00:00","SP15","Solar","Renewable Forecast Actual Generation","RENEW_FCST_ACT_MW",3,3,-20.72738,"ACTUAL",3
"60","2019-01-23",5,0,"2019-01-23T12:00:00-00:00","2019-01-23T13:00:00-00:00","SP15","Solar","Renewable Forecast Actual Generation","RENEW_FCST_ACT_MW",3,3,-19.4948,"ACTUAL",3
"61","2019-01-23",18,0,"2019-01-24T01:00:00-00:00","2019-01-24T02:00:00-00:00","SP15","Solar","Renewable Forecast Actual Generation","RENEW_FCST_ACT_MW",3,3,80.44007,"ACTUAL",3
"62","2019-01-23",9,0,"2019-01-23T16:00:00-00:00","2019-01-23T17:00:00-00:00","SP15","Solar","Renewable Forecast Actual Generation","RENEW_FCST_ACT_MW",3,3,3339.21936,"ACTUAL",3
"63","2019-01-23",17,0,"2019-01-24T00:00:00-00:00","2019-01-24T01:00:00-00:00","SP15","Solar","Renewable Forecast Actual Generation","RENEW_FCST_ACT_MW",3,3,1220.12007,"ACTUAL",3
"64","2019-01-23",1,0,"2019-01-23T08:00:00-00:00","2019-01-23T09:00:00-00:00","SP15","Solar","Renewable Forecast Actual Generation","RENEW_FCST_ACT_MW",3,3,-21.81604,"ACTUAL",3
"65","2019-01-23",16,0,"2019-01-23T23:00:00-00:00","2019-01-24T00:00:00-00:00","SP15","Solar","Renewable Forecast Actual Generation","RENEW_FCST_ACT_MW",3,3,3641.57933,"ACTUAL",3
"66","2019-01-23",8,0,"2019-01-23T15:00:00-00:00","2019-01-23T16:00:00-00:00","SP15","Solar","Renewable Forecast Actual Generation","RENEW_FCST_ACT_MW",3,3,1030.12146,"ACTUAL",3
"67","2019-01-23",15,0,"2019-01-23T22:00:00-00:00","2019-01-23T23:00:00-00:00","SP15","Solar","Renewable Forecast Actual Generation","RENEW_FCST_ACT_MW",3,3,4651.34509,"ACTUAL",3
"68","2019-01-23",4,0,"2019-01-23T11:00:00-00:00","2019-01-23T12:00:00-00:00","SP15","Solar","Renewable Forecast Actual Generation","RENEW_FCST_ACT_MW",3,3,-19.88596,"ACTUAL",3
"69","2019-01-23",14,0,"2019-01-23T21:00:00-00:00","2019-01-23T22:00:00-00:00","SP15","Solar","Renewable Forecast Actual Generation","RENEW_FCST_ACT_MW",3,3,5530.26601,"ACTUAL",3
"70","2019-01-23",7,0,"2019-01-23T14:00:00-00:00","2019-01-23T15:00:00-00:00","SP15","Solar","Renewable Forecast Actual Generation","RENEW_FCST_ACT_MW",3,3,-8.86871,"ACTUAL",3
"71","2019-01-23",13,0,"2019-01-23T20:00:00-00:00","2019-01-23T21:00:00-00:00","SP15","Solar","Renewable Forecast Actual Generation","RENEW_FCST_ACT_MW",3,3,5578.74524,"ACTUAL",3
"72","2019-01-23",12,0,"2019-01-23T19:00:00-00:00","2019-01-23T20:00:00-00:00","SP15","Solar","Renewable Forecast Actual Generation","RENEW_FCST_ACT_MW",3,3,5379.6949,"ACTUAL",3
"73","2019-01-23",23,0,"2019-01-24T06:00:00-00:00","2019-01-24T07:00:00-00:00","SP15","Wind","Renewable Forecast Actual Generation","RENEW_FCST_ACT_MW",3,1,220.16793,"ACTUAL",4
"74","2019-01-23",22,0,"2019-01-24T05:00:00-00:00","2019-01-24T06:00:00-00:00","SP15","Wind","Renewable Forecast Actual Generation","RENEW_FCST_ACT_MW",3,1,408.95717,"ACTUAL",4
"75","2019-01-23",21,0,"2019-01-24T04:00:00-00:00","2019-01-24T05:00:00-00:00","SP15","Wind","Renewable Forecast Actual Generation","RENEW_FCST_ACT_MW",3,1,617.0563,"ACTUAL",4
"76","2019-01-23",20,0,"2019-01-24T03:00:00-00:00","2019-01-24T04:00:00-00:00","SP15","Wind","Renewable Forecast Actual Generation","RENEW_FCST_ACT_MW",3,1,899.15642,"ACTUAL",4
"77","2019-01-23",19,0,"2019-01-24T02:00:00-00:00","2019-01-24T03:00:00-00:00","SP15","Wind","Renewable Forecast Actual Generation","RENEW_FCST_ACT_MW",3,1,1177.85598,"ACTUAL",4
"78","2019-01-23",18,0,"2019-01-24T01:00:00-00:00","2019-01-24T02:00:00-00:00","SP15","Wind","Renewable Forecast Actual Generation","RENEW_FCST_ACT_MW",3,1,698.28132,"ACTUAL",4
"79","2019-01-23",17,0,"2019-01-24T00:00:00-00:00","2019-01-24T01:00:00-00:00","SP15","Wind","Renewable Forecast Actual Generation","RENEW_FCST_ACT_MW",3,1,554.49917,"ACTUAL",4
"80","2019-01-23",16,0,"2019-01-23T23:00:00-00:00","2019-01-24T00:00:00-00:00","SP15","Wind","Renewable Forecast Actual Generation","RENEW_FCST_ACT_MW",3,1,541.88315,"ACTUAL",4
"81","2019-01-23",15,0,"2019-01-23T22:00:00-00:00","2019-01-23T23:00:00-00:00","SP15","Wind","Renewable Forecast Actual Generation","RENEW_FCST_ACT_MW",3,1,584.28088,"ACTUAL",4
"82","2019-01-23",14,0,"2019-01-23T21:00:00-00:00","2019-01-23T22:00:00-00:00","SP15","Wind","Renewable Forecast Actual Generation","RENEW_FCST_ACT_MW",3,1,205.87085,"ACTUAL",4
"83","2019-01-23",13,0,"2019-01-23T20:00:00-00:00","2019-01-23T21:00:00-00:00","SP15","Wind","Renewable Forecast Actual Generation","RENEW_FCST_ACT_MW",3,1,126.13455,"ACTUAL",4
"84","2019-01-23",12,0,"2019-01-23T19:00:00-00:00","2019-01-23T20:00:00-00:00","SP15","Wind","Renewable Forecast Actual Generation","RENEW_FCST_ACT_MW",3,1,107.14194,"ACTUAL",4
"85","2019-01-23",11,0,"2019-01-23T18:00:00-00:00","2019-01-23T19:00:00-00:00","SP15","Wind","Renewable Forecast Actual Generation","RENEW_FCST_ACT_MW",3,1,117.83296,"ACTUAL",4
"86","2019-01-23",10,0,"2019-01-23T17:00:00-00:00","2019-01-23T18:00:00-00:00","SP15","Wind","Renewable Forecast Actual Generation","RENEW_FCST_ACT_MW",3,1,131.61596,"ACTUAL",4
"87","2019-01-23",9,0,"2019-01-23T16:00:00-00:00","2019-01-23T17:00:00-00:00","SP15","Wind","Renewable Forecast Actual Generation","RENEW_FCST_ACT_MW",3,1,124.64128,"ACTUAL",4
"88","2019-01-23",8,0,"2019-01-23T15:00:00-00:00","2019-01-23T16:00:00-00:00","SP15","Wind","Renewable Forecast Actual Generation","RENEW_FCST_ACT_MW",3,1,208.02502,"ACTUAL",4
"89","2019-01-23",7,0,"2019-01-23T14:00:00-00:00","2019-01-23T15:00:00-00:00","SP15","Wind","Renewable Forecast Actual Generation","RENEW_FCST_ACT_MW",3,1,229.6512,"ACTUAL",4
"90","2019-01-23",6,0,"2019-01-23T13:00:00-00:00","2019-01-23T14:00:00-00:00","SP15","Wind","Renewable Forecast Actual Generation","RENEW_FCST_ACT_MW",3,1,276.27181,"ACTUAL",4
"91","2019-01-23",5,0,"2019-01-23T12:00:00-00:00","2019-01-23T13:00:00-00:00","SP15","Wind","Renewable Forecast Actual Generation","RENEW_FCST_ACT_MW",3,1,241.30978,"ACTUAL",4
"92","2019-01-23",4,0,"2019-01-23T11:00:00-00:00","2019-01-23T12:00:00-00:00","SP15","Wind","Renewable Forecast Actual Generation","RENEW_FCST_ACT_MW",3,1,282.28161,"ACTUAL",4
"93","2019-01-23",3,0,"2019-01-23T10:00:00-00:00","2019-01-23T11:00:00-00:00","SP15","Wind","Renewable Forecast Actual Generation","RENEW_FCST_ACT_MW",3,1,289.25162,"ACTUAL",4
"94","2019-01-23",2,0,"2019-01-23T09:00:00-00:00","2019-01-23T10:00:00-00:00","SP15","Wind","Renewable Forecast Actual Generation","RENEW_FCST_ACT_MW",3,1,319.79539,"ACTUAL",4
"95","2019-01-23",24,0,"2019-01-24T07:00:00-00:00","2019-01-24T08:00:00-00:00","SP15","Wind","Renewable Forecast Actual Generation","RENEW_FCST_ACT_MW",3,1,133.64724,"ACTUAL",4
"96","2019-01-23",1,0,"2019-01-23T08:00:00-00:00","2019-01-23T09:00:00-00:00","SP15","Wind","Renewable Forecast Actual Generation","RENEW_FCST_ACT_MW",3,1,365.49397,"ACTUAL",4
"97","2019-01-23",1,0,"2019-01-23T08:00:00-00:00","2019-01-23T09:00:00-00:00","ZP26","Solar","Renewable Forecast Actual Generation","RENEW_FCST_ACT_MW",3,3,-4.92968,"ACTUAL",5
"98","2019-01-23",24,0,"2019-01-24T07:00:00-00:00","2019-01-24T08:00:00-00:00","ZP26","Solar","Renewable Forecast Actual Generation","RENEW_FCST_ACT_MW",3,3,-4.3287,"ACTUAL",5
"99","2019-01-23",3,0,"2019-01-23T10:00:00-00:00","2019-01-23T11:00:00-00:00","ZP26","Solar","Renewable Forecast Actual Generation","RENEW_FCST_ACT_MW",3,3,-4.97103,"ACTUAL",5
"100","2019-01-23",4,0,"2019-01-23T11:00:00-00:00","2019-01-23T12:00:00-00:00","ZP26","Solar","Renewable Forecast Actual Generation","RENEW_FCST_ACT_MW",3,3,-5.39492,"ACTUAL",5
"101","2019-01-23",5,0,"2019-01-23T12:00:00-00:00","2019-01-23T13:00:00-00:00","ZP26","Solar","Renewable Forecast Actual Generation","RENEW_FCST_ACT_MW",3,3,-5.432,"ACTUAL",5
"102","2019-01-23",6,0,"2019-01-23T13:00:00-00:00","2019-01-23T14:00:00-00:00","ZP26","Solar","Renewable Forecast Actual Generation","RENEW_FCST_ACT_MW",3,3,-5.4364,"ACTUAL",5
"103","2019-01-23",7,0,"2019-01-23T14:00:00-00:00","2019-01-23T15:00:00-00:00","ZP26","Solar","Renewable Forecast Actual Generation","RENEW_FCST_ACT_MW",3,3,-5.40854,"ACTUAL",5
"104","2019-01-23",8,0,"2019-01-23T15:00:00-00:00","2019-01-23T16:00:00-00:00","ZP26","Solar","Renewable Forecast Actual Generation","RENEW_FCST_ACT_MW",3,3,131.63954,"ACTUAL",5
"105","2019-01-23",9,0,"2019-01-23T16:00:00-00:00","2019-01-23T17:00:00-00:00","ZP26","Solar","Renewable Forecast Actual Generation","RENEW_FCST_ACT_MW",3,3,757.22964,"ACTUAL",5
"106","2019-01-23",10,0,"2019-01-23T17:00:00-00:00","2019-01-23T18:00:00-00:00","ZP26","Solar","Renewable Forecast Actual Generation","RENEW_FCST_ACT_MW",3,3,1227.18358,"ACTUAL",5
"107","2019-01-23",11,0,"2019-01-23T18:00:00-00:00","2019-01-23T19:00:00-00:00","ZP26","Solar","Renewable Forecast Actual Generation","RENEW_FCST_ACT_MW",3,3,1333.64232,"ACTUAL",5
"108","2019-01-23",12,0,"2019-01-23T19:00:00-00:00","2019-01-23T20:00:00-00:00","ZP26","Solar","Renewable Forecast Actual Generation","RENEW_FCST_ACT_MW",3,3,1340.05326,"ACTUAL",5
"109","2019-01-23",13,0,"2019-01-23T20:00:00-00:00","2019-01-23T21:00:00-00:00","ZP26","Solar","Renewable Forecast Actual Generation","RENEW_FCST_ACT_MW",3,3,1329.1247,"ACTUAL",5
"110","2019-01-23",14,0,"2019-01-23T21:00:00-00:00","2019-01-23T22:00:00-00:00","ZP26","Solar","Renewable Forecast Actual Generation","RENEW_FCST_ACT_MW",3,3,1331.25452,"ACTUAL",5
"111","2019-01-23",15,0,"2019-01-23T22:00:00-00:00","2019-01-23T23:00:00-00:00","ZP26","Solar","Renewable Forecast Actual Generation","RENEW_FCST_ACT_MW",3,3,1280.69412,"ACTUAL",5
"112","2019-01-23",16,0,"2019-01-23T23:00:00-00:00","2019-01-24T00:00:00-00:00","ZP26","Solar","Renewable Forecast Actual Generation","RENEW_FCST_ACT_MW",3,3,995.70962,"ACTUAL",5
"113","2019-01-23",17,0,"2019-01-24T00:00:00-00:00","2019-01-24T01:00:00-00:00","ZP26","Solar","Renewable Forecast Actual Generation","RENEW_FCST_ACT_MW",3,3,341.82198,"ACTUAL",5
"114","2019-01-23",18,0,"2019-01-24T01:00:00-00:00","2019-01-24T02:00:00-00:00","ZP26","Solar","Renewable Forecast Actual Generation","RENEW_FCST_ACT_MW",3,3,-0.93531,"ACTUAL",5
"115","2019-01-23",19,0,"2019-01-24T02:00:00-00:00","2019-01-24T03:00:00-00:00","ZP26","Solar","Renewable Forecast Actual Generation","RENEW_FCST_ACT_MW",3,3,-4.28067,"ACTUAL",5
"116","2019-01-23",20,0,"2019-01-24T03:00:00-00:00","2019-01-24T04:00:00-00:00","ZP26","Solar","Renewable Forecast Actual Generation","RENEW_FCST_ACT_MW",3,3,-4.28642,"ACTUAL",5
"117","2019-01-23",21,0,"2019-01-24T04:00:00-00:00","2019-01-24T05:00:00-00:00","ZP26","Solar","Renewable Forecast Actual Generation","RENEW_FCST_ACT_MW",3,3,-4.30536,"ACTUAL",5
"118","2019-01-23",22,0,"2019-01-24T05:00:00-00:00","2019-01-24T06:00:00-00:00","ZP26","Solar","Renewable Forecast Actual Generation","RENEW_FCST_ACT_MW",3,3,-4.30369,"ACTUAL",5
"119","2019-01-23",23,0,"2019-01-24T06:00:00-00:00","2019-01-24T07:00:00-00:00","ZP26","Solar","Renewable Forecast Actual Generation","RENEW_FCST_ACT_MW",3,3,-4.30943,"ACTUAL",5
"120","2019-01-23",2,0,"2019-01-23T09:00:00-00:00","2019-01-23T10:00:00-00:00","ZP26","Solar","Renewable Forecast Actual Generation","RENEW_FCST_ACT_MW",3,3,-4.9841,"ACTUAL",5
