"","OPR_DT","OPR_HR","OPR_INTERVAL","INTERVALSTARTTIME_GMT","INTERVALENDTIME_GMT","TRADING_HUB","RENEWABLE_TYPE","LABEL","XML_DATA_ITEM","MARKET_RUN_ID_POS","RENEW_POS","MW","MARKET_RUN_ID","GROUP"
"1","2019-03-04",1,0,"2019-03-04T08:00:00-00:00","2019-03-04T09:00:00-00:00","NP15","Solar","Renewable Forecast Actual Generation","RENEW_FCST_ACT_MW",3,3,-3.30569,"ACTUAL",1
"2","2019-03-04",2,0,"2019-03-04T09:00:00-00:00","2019-03-04T10:00:00-00:00","NP15","Solar","Renewable Forecast Actual Generation","RENEW_FCST_ACT_MW",3,3,-3.32593,"ACTUAL",1
"3","2019-03-04",3,0,"2019-03-04T10:00:00-00:00","2019-03-04T11:00:00-00:00","NP15","Solar","Renewable Forecast Actual Generation","RENEW_FCST_ACT_MW",3,3,-3.3347,"ACTUAL",1
"4","2019-03-04",4,0,"2019-03-04T11:00:00-00:00","2019-03-04T12:00:00-00:00","NP15","Solar","Renewable Forecast Actual Generation","RENEW_FCST_ACT_MW",3,3,-3.34146,"ACTUAL",1
"5","2019-03-04",5,0,"2019-03-04T12:00:00-00:00","2019-03-04T13:00:00-00:00","NP15","Solar","Renewable Forecast Actual Generation","RENEW_FCST_ACT_MW",3,3,-3.33719,"ACTUAL",1
"6","2019-03-04",6,0,"2019-03-04T13:00:00-00:00","2019-03-04T14:00:00-00:00","NP15","Solar","Renewable Forecast Actual Generation","RENEW_FCST_ACT_MW",3,3,-3.33663,"ACTUAL",1
"7","2019-03-04",7,0,"2019-03-04T14:00:00-00:00","2019-03-04T15:00:00-00:00","NP15","Solar","Renewable Forecast Actual Generation","RENEW_FCST_ACT_MW",3,3,-0.97961,"ACTUAL",1
"8","2019-03-04",8,0,"2019-03-04T15:00:00-00:00","2019-03-04T16:00:00-00:00","NP15","Solar","Renewable Forecast Actual Generation","RENEW_FCST_ACT_MW",3,3,83.17877,"ACTUAL",1
"9","2019-03-04",9,0,"2019-03-04T16:00:00-00:00","2019-03-04T17:00:00-00:00","NP15","Solar","Renewable Forecast Actual Generation","RENEW_FCST_ACT_MW",3,3,413.31204,"ACTUAL",1
"10","2019-03-04",10,0,"2019-03-04T17:00:00-00:00","2019-03-04T18:00:00-00:00","NP15","Solar","Renewable Forecast Actual Generation","RENEW_FCST_ACT_MW",3,3,611.66155,"ACTUAL",1
"11","2019-03-04",11,0,"2019-03-04T18:00:00-00:00","2019-03-04T19:00:00-00:00","NP15","Solar","Renewable Forecast Actual Generation","RENEW_FCST_ACT_MW",3,3,677.91477,"ACTUAL",1
"12","2019-03-04",12,0,"2019-03-04T19:00:00-00:00","2019-03-04T20:00:00-00:00","NP15","Solar","Renewable Forecast Actual Generation","RENEW_FCST_ACT_MW",3,3,811.30342,"ACTUAL",1
"13","2019-03-04",13,0,"2019-03-04T20:00:00-00:00","2019-03-04T21:00:00-00:00","NP15","Solar","Renewable Forecast Actual Generation","RENEW_FCST_ACT_MW",3,3,1068.13141,"ACTUAL",1
"14","2019-03-04",14,0,"2019-03-04T21:00:00-00:00","2019-03-04T22:00:00-00:00","NP15","Solar","Renewable Forecast Actual Generation","RENEW_FCST_ACT_MW",3,3,959.86696,"ACTUAL",1
"15","2019-03-04",15,0,"2019-03-04T22:00:00-00:00","2019-03-04T23:00:00-00:00","NP15","Solar","Renewable Forecast Actual Generation","RENEW_FCST_ACT_MW",3,3,597.29435,"ACTUAL",1
"16","2019-03-04",16,0,"2019-03-04T23:00:00-00:00","2019-03-05T00:00:00-00:00","NP15","Solar","Renewable Forecast Actual Generation","RENEW_FCST_ACT_MW",3,3,360.15685,"ACTUAL",1
"17","2019-03-04",17,0,"2019-03-05T00:00:00-00:00","2019-03-05T01:00:00-00:00","NP15","Solar","Renewable Forecast Actual Generation","RENEW_FCST_ACT_MW",3,3,267.2741,"ACTUAL",1
"18","2019-03-04",18,0,"2019-03-05T01:00:00-00:00","2019-03-05T02:00:00-00:00","NP15","Solar","Renewable Forecast Actual Generation","RENEW_FCST_ACT_MW",3,3,47.73678,"ACTUAL",1
"19","2019-03-04",19,0,"2019-03-05T02:00:00-00:00","2019-03-05T03:00:00-00:00","NP15","Solar","Renewable Forecast Actual Generation","RENEW_FCST_ACT_MW",3,3,-3.00593,"ACTUAL",1
"20","2019-03-04",20,0,"2019-03-05T03:00:00-00:00","2019-03-05T04:00:00-00:00","NP15","Solar","Renewable Forecast Actual Generation","RENEW_FCST_ACT_MW",3,3,-2.73379,"ACTUAL",1
"21","2019-03-04",21,0,"2019-03-05T04:00:00-00:00","2019-03-05T05:00:00-00:00","NP15","Solar","Renewable Forecast Actual Generation","RENEW_FCST_ACT_MW",3,3,-2.68338,"ACTUAL",1
"22","2019-03-04",22,0,"2019-03-05T05:00:00-00:00","2019-03-05T06:00:00-00:00","NP15","Solar","Renewable Forecast Actual Generation","RENEW_FCST_ACT_MW",3,3,-2.70455,"ACTUAL",1
"23","2019-03-04",23,0,"2019-03-05T06:00:00-00:00","2019-03-05T07:00:00-00:00","NP15","Solar","Renewable Forecast Actual Generation","RENEW_FCST_ACT_MW",3,3,-2.72534,"ACTUAL",1
"24","2019-03-04",24,0,"2019-03-05T07:00:00-00:00","2019-03-05T08:00:00-00:00","NP15","Solar","Renewable Forecast Actual Generation","RENEW_FCST_ACT_MW",3,3,-2.74111,"ACTUAL",1
"25","2019-03-04",1,0,"2019-03-04T08:00:00-00:00","2019-03-04T09:00:00-00:00","NP15","Wind","Renewable Forecast Actual Generation","RENEW_FCST_ACT_MW",3,1,185.60246,"ACTUAL",2
"26","2019-03-04",24,0,"2019-03-05T07:00:00-00:00","2019-03-05T08:00:00-00:00","NP15","Wind","Renewable Forecast Actual Generation","RENEW_FCST_ACT_MW",3,1,-3.39947,"ACTUAL",2
"27","2019-03-04",3,0,"2019-03-04T10:00:00-00:00","2019-03-04T11:00:00-00:00","NP15","Wind","Renewable Forecast Actual Generation","RENEW_FCST_ACT_MW",3,1,220.64776,"ACTUAL",2
"28","2019-03-04",4,0,"2019-03-04T11:00:00-00:00","2019-03-04T12:00:00-00:00","NP15","Wind","Renewable Forecast Actual Generation","RENEW_FCST_ACT_MW",3,1,331.04445,"ACTUAL",2
"29","2019-03-04",5,0,"2019-03-04T12:00:00-00:00","2019-03-04T13:00:00-00:00","NP15","Wind","Renewable Forecast Actual Generation","RENEW_FCST_ACT_MW",3,1,289.49889,"ACTUAL",2
"30","2019-03-04",6,0,"2019-03-04T13:00:00-00:00","2019-03-04T14:00:00-00:00","NP15","Wind","Renewable Forecast Actual Generation","RENEW_FCST_ACT_MW",3,1,223.21496,"ACTUAL",2
"31","2019-03-04",7,0,"2019-03-04T14:00:00-00:00","2019-03-04T15:00:00-00:00","NP15","Wind","Renewable Forecast Actual Generation","RENEW_FCST_ACT_MW",3,1,241.21973,"ACTUAL",2
"32","2019-03-04",8,0,"2019-03-04T15:00:00-00:00","2019-03-04T16:00:00-00:00","NP15","Wind","Renewable Forecast Actual Generation","RENEW_FCST_ACT_MW",3,1,206.33895,"ACTUAL",2
"33","2019-03-04",9,0,"2019-03-04T16:00:00-00:00","2019-03-04T17:00:00-00:00","NP15","Wind","Renewable Forecast Actual Generation","RENEW_FCST_ACT_MW",3,1,136.24892,"ACTUAL",2
"34","2019-03-04",10,0,"2019-03-04T17:00:00-00:00","2019-03-04T18:00:00-00:00","NP15","Wind","Renewable Forecast Actual Generation","RENEW_FCST_ACT_MW",3,1,93.0183,"ACTUAL",2
"35","2019-03-04",11,0,"2019-03-04T18:00:00-00:00","2019-03-04T19:00:00-00:00","NP15","Wind","Renewable Forecast Actual Generation","RENEW_FCST_ACT_MW",3,1,63.10486,"ACTUAL",2
"36","2019-03-04",12,0,"2019-03-04T19:00:00-00:00","2019-03-04T20:00:00-00:00","NP15","Wind","Renewable Forecast Actual Generation","RENEW_FCST_ACT_MW",3,1,48.61483,"ACTUAL",2
"37","2019-03-04",13,0,"2019-03-04T20:00:00-00:00","2019-03-04T21:00:00-00:00","NP15","Wind","Renewable Forecast Actual Generation","RENEW_FCST_ACT_MW",3,1,62.6533,"ACTUAL",2
"38","2019-03-04",14,0,"2019-03-04T21:00:00-00:00","2019-03-04T22:00:00-00:00","NP15","Wind","Renewable Forecast Actual Generation","RENEW_FCST_ACT_MW",3,1,80.7337,"ACTUAL",2
"39","2019-03-04",15,0,"2019-03-04T22:00:00-00:00","2019-03-04T23:00:00-00:00","NP15","Wind","Renewable Forecast Actual Generation","RENEW_FCST_ACT_MW",3,1,27.77085,"ACTUAL",2
"40","2019-03-04",16,0,"2019-03-04T23:00:00-00:00","2019-03-05T00:00:00-00:00","NP15","Wind","Renewable Forecast Actual Generation","RENEW_FCST_ACT_MW",3,1,16.15553,"ACTUAL",2
"41","2019-03-04",17,0,"2019-03-05T00:00:00-00:00","2019-03-05T01:00:00-00:00","NP15","Wind","Renewable Forecast Actual Generation","RENEW_FCST_ACT_MW",3,1,15.91466,"ACTUAL",2
"42","2019-03-04",18,0,"2019-03-05T01:00:00-00:00","2019-03-05T02:00:00-00:00","NP15","Wind","Renewable Forecast Actual Generation","RENEW_FCST_ACT_MW",3,1,10.12054,"ACTUAL",2
"43","2019-03-04",19,0,"2019-03-05T02:00:00-00:00","2019-03-05T03:00:00-00:00","NP15","Wind","Renewable Forecast Actual Generation","RENEW_FCST_ACT_MW",3,1,36.46777,"ACTUAL",2
"44","2019-03-04",20,0,"2019-03-05T03:00:00-00:00","2019-03-05T04:00:00-00:00","NP15","Wind","Renewable Forecast Actual Generation","RENEW_FCST_ACT_MW",3,1,47.87883,"ACTUAL",2
"45","2019-03-04",21,0,"2019-03-05T04:00:00-00:00","2019-03-05T05:00:00-00:00","NP15","Wind","Renewable Forecast Actual Generation","RENEW_FCST_ACT_MW",3,1,41.69574,"ACTUAL",2
"46","2019-03-04",22,0,"2019-03-05T05:00:00-00:00","2019-03-05T06:00:00-00:00","NP15","Wind","Renewable Forecast Actual Generation","RENEW_FCST_ACT_MW",3,1,9.05023,"ACTUAL",2
"47","2019-03-04",23,0,"2019-03-05T06:00:00-00:00","2019-03-05T07:00:00-00:00","NP15","Wind","Renewable Forecast Actual Generation","RENEW_FCST_ACT_MW",3,1,-5.51792,"ACTUAL",2
"48","2019-03-04",2,0,"2019-03-04T09:00:00-00:00","2019-03-04T10:00:00-00:00","NP15","Wind","Renewable Forecast Actual Generation","RENEW_FCST_ACT_MW",3,1,165.69417,"ACTUAL",2
"49","2019-03-04",24,0,"2019-03-05T07:00:00-00:00","2019-03-05T08:00:00-00:00","SP15","Solar","Renewable Forecast Actual Generation","RENEW_FCST_ACT_MW",3,3,-8.47147,"ACTUAL",3
"50","2019-03-04",2,0,"2019-03-04T09:00:00-00:00","2019-03-04T10:00:00-00:00","SP15","Solar","Renewable Forecast Actual Generation","RENEW_FCST_ACT_MW",3,3,-7.21083,"ACTUAL",3
"51","2019-03-04",23,0,"2019-03-05T06:00:00-00:00","2019-03-05T07:00:00-00:00","SP15","Solar","Renewable Forecast Actual Generation","RENEW_FCST_ACT_MW",3,3,-8.5097,"ACTUAL",3
"52","2019-03-04",6,0,"2019-03-04T13:00:00-00:00","2019-03-04T14:00:00-00:00","SP15","Solar","Renewable Forecast Actual Generation","RENEW_FCST_ACT_MW",3,3,-9.41771,"ACTUAL",3
"53","2019-03-04",22,0,"2019-03-05T05:00:00-00:00","2019-03-05T06:00:00-00:00","SP15","Solar","Renewable Forecast Actual Generation","RENEW_FCST_ACT_MW",3,3,-8.30119,"ACTUAL",3
"54","2019-03-04",11,0,"2019-03-04T18:00:00-00:00","2019-03-04T19:00:00-00:00","SP15","Solar","Renewable Forecast Actual Generation","RENEW_FCST_ACT_MW",3,3,5975.32643,"ACTUAL",3
"55","2019-03-04",21,0,"2019-03-05T04:00:00-00:00","2019-03-05T05:00:00-00:00","SP15","Solar","Renewable Forecast Actual Generation","RENEW_FCST_ACT_MW",3,3,-8.58277,"ACTUAL",3
"56","2019-03-04",3,0,"2019-03-04T10:00:00-00:00","2019-03-04T11:00:00-00:00","SP15","Solar","Renewable Forecast Actual Generation","RENEW_FCST_ACT_MW",3,3,-6.98923,"ACTUAL",3
"57","2019-03-04",20,0,"2019-03-05T03:00:00-00:00","2019-03-05T04:00:00-00:00","SP15","Solar","Renewable Forecast Actual Generation","RENEW_FCST_ACT_MW",3,3,-8.77272,"ACTUAL",3
"58","2019-03-04",10,0,"2019-03-04T17:00:00-00:00","2019-03-04T18:00:00-00:00","SP15","Solar","Renewable Forecast Actual Generation","RENEW_FCST_ACT_MW",3,3,5776.92219,"ACTUAL",3
"59","2019-03-04",19,0,"2019-03-05T02:00:00-00:00","2019-03-05T03:00:00-00:00","SP15","Solar","Renewable Forecast Actual Generation","RENEW_FCST_ACT_MW",3,3,-10.2291,"ACTUAL",3
"60","2019-03-04",5,0,"2019-03-04T12:00:00-00:00","2019-03-04T13:00:00-00:00","SP15","Solar","Renewable Forecast Actual Generation","RENEW_FCST_ACT_MW",3,3,-8.78771,"ACTUAL",3
"61","2019-03-04",18,0,"2019-03-05T01:00:00-00:00","2019-03-05T02:00:00-00:00","SP15","Solar","Renewable Forecast Actual Generation","RENEW_FCST_ACT_MW",3,3,247.28627,"ACTUAL",3
"62","2019-03-04",9,0,"2019-03-04T16:00:00-00:00","2019-03-04T17:00:00-00:00","SP15","Solar","Renewable Forecast Actual Generation","RENEW_FCST_ACT_MW",3,3,4661.62265,"ACTUAL",3
"63","2019-03-04",17,0,"2019-03-05T00:00:00-00:00","2019-03-05T01:00:00-00:00","SP15","Solar","Renewable Forecast Actual Generation","RENEW_FCST_ACT_MW",3,3,2578.27067,"ACTUAL",3
"64","2019-03-04",1,0,"2019-03-04T08:00:00-00:00","2019-03-04T09:00:00-00:00","SP15","Solar","Renewable Forecast Actual Generation","RENEW_FCST_ACT_MW",3,3,-12.73688,"ACTUAL",3
"65","2019-03-04",16,0,"2019-03-04T23:00:00-00:00","2019-03-05T00:00:00-00:00","SP15","Solar","Renewable Forecast Actual Generation","RENEW_FCST_ACT_MW",3,3,4478.88158,"ACTUAL",3
"66","2019-03-04",8,0,"2019-03-04T15:00:00-00:00","2019-03-04T16:00:00-00:00","SP15","Solar","Renewable Forecast Actual Generation","RENEW_FCST_ACT_MW",3,3,2547.2687,"ACTUAL",3
"67","2019-03-04",15,0,"2019-03-04T22:00:00-00:00","2019-03-04T23:00:00-00:00","SP15","Solar","Renewable Forecast Actual Generation","RENEW_FCST_ACT_MW",3,3,5193.86624,"ACTUAL",3
"68","2019-03-04",4,0,"2019-03-04T11:00:00-00:00","2019-03-04T12:00:00-00:00","SP15","Solar","Renewable Forecast Actual Generation","RENEW_FCST_ACT_MW",3,3,-8.1481,"ACTUAL",3
"69","2019-03-04",14,0,"2019-03-04T21:00:00-00:00","2019-03-04T22:00:00-00:00","SP15","Solar","Renewable Forecast Actual Generation","RENEW_FCST_ACT_MW",3,3,5685.2783,"ACTUAL",3
"70","2019-03-04",7,0,"2019-03-04T14:00:00-00:00","2019-03-04T15:00:00-00:00","SP15","Solar","Renewable Forecast Actual Generation","RENEW_FCST_ACT_MW",3,3,254.48942,"ACTUAL",3
"71","2019-03-04",13,0,"2019-03-04T20:00:00-00:00","2019-03-04T21:00:00-00:00","SP15","Solar","Renewable Forecast Actual Generation","RENEW_FCST_ACT_MW",3,3,5894.01281,"ACTUAL",3
"72","2019-03-04",12,0,"2019-03-04T19:00:00-00:00","2019-03-04T20:00:00-00:00","SP15","Solar","Renewable Forecast Actual Generation","RENEW_FCST_ACT_MW",3,3,6011.25098,"ACTUAL",3
"73","2019-03-04",23,0,"2019-03-05T06:00:00-00:00","2019-03-05T07:00:00-00:00","SP15","Wind","Renewable Forecast Actual Generation","RENEW_FCST_ACT_MW",3,1,199.34396,"ACTUAL",4
"74","2019-03-04",22,0,"2019-03-05T05:00:00-00:00","2019-03-05T06:00:00-00:00","SP15","Wind","Renewable Forecast Actual Generation","RENEW_FCST_ACT_MW",3,1,236.27324,"ACTUAL",4
"75","2019-03-04",21,0,"2019-03-05T04:00:00-00:00","2019-03-05T05:00:00-00:00","SP15","Wind","Renewable Forecast Actual Generation","RENEW_FCST_ACT_MW",3,1,354.82113,"ACTUAL",4
"76","2019-03-04",20,0,"2019-03-05T03:00:00-00:00","2019-03-05T04:00:00-00:00","SP15","Wind","Renewable Forecast Actual Generation","RENEW_FCST_ACT_MW",3,1,601.48639,"ACTUAL",4
"77","2019-03-04",19,0,"2019-03-05T02:00:00-00:00","2019-03-05T03:00:00-00:00","SP15","Wind","Renewable Forecast Actual Generation","RENEW_FCST_ACT_MW",3,1,724.72251,"ACTUAL",4
"78","2019-03-04",18,0,"2019-03-05T01:00:00-00:00","2019-03-05T02:00:00-00:00","SP15","Wind","Renewable Forecast Actual Generation","RENEW_FCST_ACT_MW",3,1,914.43161,"ACTUAL",4
"79","2019-03-04",17,0,"2019-03-05T00:00:00-00:00","2019-03-05T01:00:00-00:00","SP15","Wind","Renewable Forecast Actual Generation","RENEW_FCST_ACT_MW",3,1,962.11773,"ACTUAL",4
"80","2019-03-04",16,0,"2019-03-04T23:00:00-00:00","2019-03-05T00:00:00-00:00","SP15","Wind","Renewable Forecast Actual Generation","RENEW_FCST_ACT_MW",3,1,682.08598,"ACTUAL",4
"81","2019-03-04",15,0,"2019-03-04T22:00:00-00:00","2019-03-04T23:00:00-00:00","SP15","Wind","Renewable Forecast Actual Generation","RENEW_FCST_ACT_MW",3,1,578.68269,"ACTUAL",4
"82","2019-03-04",14,0,"2019-03-04T21:00:00-00:00","2019-03-04T22:00:00-00:00","SP15","Wind","Renewable Forecast Actual Generation","RENEW_FCST_ACT_MW",3,1,633.53688,"ACTUAL",4
"83","2019-03-04",13,0,"2019-03-04T20:00:00-00:00","2019-03-04T21:00:00-00:00","SP15","Wind","Renewable Forecast Actual Generation","RENEW_FCST_ACT_MW",3,1,571.27235,"ACTUAL",4
"84","2019-03-04",12,0,"2019-03-04T19:00:00-00:00","2019-03-04T20:00:00-00:00","SP15","Wind","Renewable Forecast Actual Generation","RENEW_FCST_ACT_MW",3,1,744.92774,"ACTUAL",4
"85","2019-03-04",11,0,"2019-03-04T18:00:00-00:00","2019-03-04T19:00:00-00:00","SP15","Wind","Renewable Forecast Actual Generation","RENEW_FCST_ACT_MW",3,1,1141.72524,"ACTUAL",4
"86","2019-03-04",10,0,"2019-03-04T17:00:00-00:00","2019-03-04T18:00:00-00:00","SP15","Wind","Renewable Forecast Actual Generation","RENEW_FCST_ACT_MW",3,1,1595.81896,"ACTUAL",4
"87","2019-03-04",9,0,"2019-03-04T16:00:00-00:00","2019-03-04T17:00:00-00:00","SP15","Wind","Renewable Forecast Actual Generation","RENEW_FCST_ACT_MW",3,1,1870.09812,"ACTUAL",4
"88","2019-03-04",8,0,"2019-03-04T15:00:00-00:00","2019-03-04T16:00:00-00:00","SP15","Wind","Renewable Forecast Actual Generation","RENEW_FCST_ACT_MW",3,1,1817.28248,"ACTUAL",4
"89","2019-03-04",7,0,"2019-03-04T14:00:00-00:00","2019-03-04T15:00:00-00:00","SP15","Wind","Renewable Forecast Actual Generation","RENEW_FCST_ACT_MW",3,1,1636.69823,"ACTUAL",4
"90","2019-03-04",6,0,"2019-03-04T13:00:00-00:00","2019-03-04T14:00:00-00:00","SP15","Wind","Renewable Forecast Actual Generation","RENEW_FCST_ACT_MW",3,1,1556.55056,"ACTUAL",4
"91","2019-03-04",5,0,"2019-03-04T12:00:00-00:00","2019-03-04T13:00:00-00:00","SP15","Wind","Renewable Forecast Actual Generation","RENEW_FCST_ACT_MW",3,1,1875.87765,"ACTUAL",4
"92","2019-03-04",4,0,"2019-03-04T11:00:00-00:00","2019-03-04T12:00:00-00:00","SP15","Wind","Renewable Forecast Actual Generation","RENEW_FCST_ACT_MW",3,1,2024.87638,"ACTUAL",4
"93","2019-03-04",3,0,"2019-03-04T10:00:00-00:00","2019-03-04T11:00:00-00:00","SP15","Wind","Renewable Forecast Actual Generation","RENEW_FCST_ACT_MW",3,1,1990.91035,"ACTUAL",4
"94","2019-03-04",2,0,"2019-03-04T09:00:00-00:00","2019-03-04T10:00:00-00:00","SP15","Wind","Renewable Forecast Actual Generation","RENEW_FCST_ACT_MW",3,1,2041.55213,"ACTUAL",4
"95","2019-03-04",24,0,"2019-03-05T07:00:00-00:00","2019-03-05T08:00:00-00:00","SP15","Wind","Renewable Forecast Actual Generation","RENEW_FCST_ACT_MW",3,1,244.83256,"ACTUAL",4
"96","2019-03-04",1,0,"2019-03-04T08:00:00-00:00","2019-03-04T09:00:00-00:00","SP15","Wind","Renewable Forecast Actual Generation","RENEW_FCST_ACT_MW",3,1,2155.07468,"ACTUAL",4
"97","2019-03-04",1,0,"2019-03-04T08:00:00-00:00","2019-03-04T09:00:00-00:00","ZP26","Solar","Renewable Forecast Actual Generation","RENEW_FCST_ACT_MW",3,3,-4.88744,"ACTUAL",5
"98","2019-03-04",24,0,"2019-03-05T07:00:00-00:00","2019-03-05T08:00:00-00:00","ZP26","Solar","Renewable Forecast Actual Generation","RENEW_FCST_ACT_MW",3,3,-3.45,"ACTUAL",5
"99","2019-03-04",3,0,"2019-03-04T10:00:00-00:00","2019-03-04T11:00:00-00:00","ZP26","Solar","Renewable Forecast Actual Generation","RENEW_FCST_ACT_MW",3,3,-4.89528,"ACTUAL",5
"100","2019-03-04",4,0,"2019-03-04T11:00:00-00:00","2019-03-04T12:00:00-00:00","ZP26","Solar","Renewable Forecast Actual Generation","RENEW_FCST_ACT_MW",3,3,-5.25413,"ACTUAL",5
"101","2019-03-04",5,0,"2019-03-04T12:00:00-00:00","2019-03-04T13:00:00-00:00","ZP26","Solar","Renewable Forecast Actual Generation","RENEW_FCST_ACT_MW",3,3,-5.22934,"ACTUAL",5
"102","2019-03-04",6,0,"2019-03-04T13:00:00-00:00","2019-03-04T14:00:00-00:00","ZP26","Solar","Renewable Forecast Actual Generation","RENEW_FCST_ACT_MW",3,3,-5.14632,"ACTUAL",5
"103","2019-03-04",7,0,"2019-03-04T14:00:00-00:00","2019-03-04T15:00:00-00:00","ZP26","Solar","Renewable Forecast Actual Generation","RENEW_FCST_ACT_MW",3,3,0.74657,"ACTUAL",5
"104","2019-03-04",8,0,"2019-03-04T15:00:00-00:00","2019-03-04T16:00:00-00:00","ZP26","Solar","Renewable Forecast Actual Generation","RENEW_FCST_ACT_MW",3,3,90.55176,"ACTUAL",5
"105","2019-03-04",9,0,"2019-03-04T16:00:00-00:00","2019-03-04T17:00:00-00:00","ZP26","Solar","Renewable Forecast Actual Generation","RENEW_FCST_ACT_MW",3,3,196.10529,"ACTUAL",5
"106","2019-03-04",10,0,"2019-03-04T17:00:00-00:00","2019-03-04T18:00:00-00:00","ZP26","Solar","Renewable Forecast Actual Generation","RENEW_FCST_ACT_MW",3,3,372.41099,"ACTUAL",5
"107","2019-03-04",11,0,"2019-03-04T18:00:00-00:00","2019-03-04T19:00:00-00:00","ZP26","Solar","Renewable Forecast Actual Generation","RENEW_FCST_ACT_MW",3,3,551.55035,"ACTUAL",5
"108","2019-03-04",12,0,"2019-03-04T19:00:00-00:00","2019-03-04T20:00:00-00:00","ZP26","Solar","Renewable Forecast Actual Generation","RENEW_FCST_ACT_MW",3,3,714.89305,"ACTUAL",5
"109","2019-03-04",13,0,"2019-03-04T20:00:00-00:00","2019-03-04T21:00:00-00:00","ZP26","Solar","Renewable Forecast Actual Generation","RENEW_FCST_ACT_MW",3,3,970.58769,"ACTUAL",5
"110","2019-03-04",14,0,"2019-03-04T21:00:00-00:00","2019-03-04T22:00:00-00:00","ZP26","Solar","Renewable Forecast Actual Generation","RENEW_FCST_ACT_MW",3,3,868.48673,"ACTUAL",5
"111","2019-03-04",15,0,"2019-03-04T22:00:00-00:00","2019-03-04T23:00:00-00:00","ZP26","Solar","Renewable Forecast Actual Generation","RENEW_FCST_ACT_MW",3,3,893.96888,"ACTUAL",5
"112","2019-03-04",16,0,"2019-03-04T23:00:00-00:00","2019-03-05T00:00:00-00:00","ZP26","Solar","Renewable Forecast Actual Generation","RENEW_FCST_ACT_MW",3,3,601.07297,"ACTUAL",5
"113","2019-03-04",17,0,"2019-03-05T00:00:00-00:00","2019-03-05T01:00:00-00:00","ZP26","Solar","Renewable Forecast Actual Generation","RENEW_FCST_ACT_MW",3,3,319.45053,"ACTUAL",5
"114","2019-03-04",18,0,"2019-03-05T01:00:00-00:00","2019-03-05T02:00:00-00:00","ZP26","Solar","Renewable Forecast Actual Generation","RENEW_FCST_ACT_MW",3,3,51.34982,"ACTUAL",5
"115","2019-03-04",19,0,"2019-03-05T02:00:00-00:00","2019-03-05T03:00:00-00:00","ZP26","Solar","Renewable Forecast Actual Generation","RENEW_FCST_ACT_MW",3,3,-3.70909,"ACTUAL",5
"116","2019-03-04",20,0,"2019-03-05T03:00:00-00:00","2019-03-05T04:00:00-00:00","ZP26","Solar","Renewable Forecast Actual Generation","RENEW_FCST_ACT_MW",3,3,-3.53916,"ACTUAL",5
"117","2019-03-04",21,0,"2019-03-05T04:00:00-00:00","2019-03-05T05:00:00-00:00","ZP26","Solar","Renewable Forecast Actual Generation","RENEW_FCST_ACT_MW",3,3,-3.53572,"ACTUAL",5
"118","2019-03-04",22,0,"2019-03-05T05:00:00-00:00","2019-03-05T06:00:00-00:00","ZP26","Solar","Renewable Forecast Actual Generation","RENEW_FCST_ACT_MW",3,3,-3.50651,"ACTUAL",5
"119","2019-03-04",23,0,"2019-03-05T06:00:00-00:00","2019-03-05T07:00:00-00:00","ZP26","Solar","Renewable Forecast Actual Generation","RENEW_FCST_ACT_MW",3,3,-3.44857,"ACTUAL",5
"120","2019-03-04",2,0,"2019-03-04T09:00:00-00:00","2019-03-04T10:00:00-00:00","ZP26","Solar","Renewable Forecast Actual Generation","RENEW_FCST_ACT_MW",3,3,-4.8986,"ACTUAL",5
