"","OPR_DT","OPR_HR","OPR_INTERVAL","INTERVALSTARTTIME_GMT","INTERVALENDTIME_GMT","TRADING_HUB","RENEWABLE_TYPE","LABEL","XML_DATA_ITEM","MARKET_RUN_ID_POS","RENEW_POS","MW","MARKET_RUN_ID","GROUP"
"1","2019-05-12",2,0,"2019-05-12T08:00:00-00:00","2019-05-12T09:00:00-00:00","NP15","Solar","Renewable Forecast Actual Generation","RENEW_FCST_ACT_MW",3,3,24.6832,"ACTUAL",1
"2","2019-05-12",3,0,"2019-05-12T09:00:00-00:00","2019-05-12T10:00:00-00:00","NP15","Solar","Renewable Forecast Actual Generation","RENEW_FCST_ACT_MW",3,3,24.68095,"ACTUAL",1
"3","2019-05-12",4,0,"2019-05-12T10:00:00-00:00","2019-05-12T11:00:00-00:00","NP15","Solar","Renewable Forecast Actual Generation","RENEW_FCST_ACT_MW",3,3,24.68195,"ACTUAL",1
"4","2019-05-12",5,0,"2019-05-12T11:00:00-00:00","2019-05-12T12:00:00-00:00","NP15","Solar","Renewable Forecast Actual Generation","RENEW_FCST_ACT_MW",3,3,24.70862,"ACTUAL",1
"5","2019-05-12",6,0,"2019-05-12T12:00:00-00:00","2019-05-12T13:00:00-00:00","NP15","Solar","Renewable Forecast Actual Generation","RENEW_FCST_ACT_MW",3,3,24.75185,"ACTUAL",1
"6","2019-05-12",7,0,"2019-05-12T13:00:00-00:00","2019-05-12T14:00:00-00:00","NP15","Solar","Renewable Forecast Actual Generation","RENEW_FCST_ACT_MW",3,3,163.83411,"ACTUAL",1
"7","2019-05-12",8,0,"2019-05-12T14:00:00-00:00","2019-05-12T15:00:00-00:00","NP15","Solar","Renewable Forecast Actual Generation","RENEW_FCST_ACT_MW",3,3,725.77929,"ACTUAL",1
"8","2019-05-12",9,0,"2019-05-12T15:00:00-00:00","2019-05-12T16:00:00-00:00","NP15","Solar","Renewable Forecast Actual Generation","RENEW_FCST_ACT_MW",3,3,980.55892,"ACTUAL",1
"9","2019-05-12",10,0,"2019-05-12T16:00:00-00:00","2019-05-12T17:00:00-00:00","NP15","Solar","Renewable Forecast Actual Generation","RENEW_FCST_ACT_MW",3,3,937.08988,"ACTUAL",1
"10","2019-05-12",11,0,"2019-05-12T17:00:00-00:00","2019-05-12T18:00:00-00:00","NP15","Solar","Renewable Forecast Actual Generation","RENEW_FCST_ACT_MW",3,3,1036.956,"ACTUAL",1
"11","2019-05-12",12,0,"2019-05-12T18:00:00-00:00","2019-05-12T19:00:00-00:00","NP15","Solar","Renewable Forecast Actual Generation","RENEW_FCST_ACT_MW",3,3,972.64421,"ACTUAL",1
"12","2019-05-12",13,0,"2019-05-12T19:00:00-00:00","2019-05-12T20:00:00-00:00","NP15","Solar","Renewable Forecast Actual Generation","RENEW_FCST_ACT_MW",3,3,1165.25726,"ACTUAL",1
"13","2019-05-12",14,0,"2019-05-12T20:00:00-00:00","2019-05-12T21:00:00-00:00","NP15","Solar","Renewable Forecast Actual Generation","RENEW_FCST_ACT_MW",3,3,1222.49498,"ACTUAL",1
"14","2019-05-12",15,0,"2019-05-12T21:00:00-00:00","2019-05-12T22:00:00-00:00","NP15","Solar","Renewable Forecast Actual Generation","RENEW_FCST_ACT_MW",3,3,1228.48886,"ACTUAL",1
"15","2019-05-12",16,0,"2019-05-12T22:00:00-00:00","2019-05-12T23:00:00-00:00","NP15","Solar","Renewable Forecast Actual Generation","RENEW_FCST_ACT_MW",3,3,1328.87387,"ACTUAL",1
"16","2019-05-12",17,0,"2019-05-12T23:00:00-00:00","2019-05-13T00:00:00-00:00","NP15","Solar","Renewable Forecast Actual Generation","RENEW_FCST_ACT_MW",3,3,1319.7656,"ACTUAL",1
"17","2019-05-12",18,0,"2019-05-13T00:00:00-00:00","2019-05-13T01:00:00-00:00","NP15","Solar","Renewable Forecast Actual Generation","RENEW_FCST_ACT_MW",3,3,1205.76518,"ACTUAL",1
"18","2019-05-12",19,0,"2019-05-13T01:00:00-00:00","2019-05-13T02:00:00-00:00","NP15","Solar","Renewable Forecast Actual Generation","RENEW_FCST_ACT_MW",3,3,770.46003,"ACTUAL",1
"19","2019-05-12",20,0,"2019-05-13T02:00:00-00:00","2019-05-13T03:00:00-00:00","NP15","Solar","Renewable Forecast Actual Generation","RENEW_FCST_ACT_MW",3,3,164.39466,"ACTUAL",1
"20","2019-05-12",21,0,"2019-05-13T03:00:00-00:00","2019-05-13T04:00:00-00:00","NP15","Solar","Renewable Forecast Actual Generation","RENEW_FCST_ACT_MW",3,3,38.99917,"ACTUAL",1
"21","2019-05-12",22,0,"2019-05-13T04:00:00-00:00","2019-05-13T05:00:00-00:00","NP15","Solar","Renewable Forecast Actual Generation","RENEW_FCST_ACT_MW",3,3,1.69579,"ACTUAL",1
"22","2019-05-12",23,0,"2019-05-13T05:00:00-00:00","2019-05-13T06:00:00-00:00","NP15","Solar","Renewable Forecast Actual Generation","RENEW_FCST_ACT_MW",3,3,1.69908,"ACTUAL",1
"23","2019-05-12",24,0,"2019-05-13T06:00:00-00:00","2019-05-13T07:00:00-00:00","NP15","Solar","Renewable Forecast Actual Generation","RENEW_FCST_ACT_MW",3,3,1.73475,"ACTUAL",1
"24","2019-05-12",18,0,"2019-05-13T00:00:00-00:00","2019-05-13T01:00:00-00:00","NP15","Wind","Renewable Forecast Actual Generation","RENEW_FCST_ACT_MW",3,1,1111.58807,"ACTUAL",2
"25","2019-05-12",6,0,"2019-05-12T12:00:00-00:00","2019-05-12T13:00:00-00:00","NP15","Wind","Renewable Forecast Actual Generation","RENEW_FCST_ACT_MW",3,1,840.67262,"ACTUAL",2
"26","2019-05-12",17,0,"2019-05-12T23:00:00-00:00","2019-05-13T00:00:00-00:00","NP15","Wind","Renewable Forecast Actual Generation","RENEW_FCST_ACT_MW",3,1,1033.19286,"ACTUAL",2
"27","2019-05-12",16,0,"2019-05-12T22:00:00-00:00","2019-05-12T23:00:00-00:00","NP15","Wind","Renewable Forecast Actual Generation","RENEW_FCST_ACT_MW",3,1,912.86686,"ACTUAL",2
"28","2019-05-12",15,0,"2019-05-12T21:00:00-00:00","2019-05-12T22:00:00-00:00","NP15","Wind","Renewable Forecast Actual Generation","RENEW_FCST_ACT_MW",3,1,798.90048,"ACTUAL",2
"29","2019-05-12",14,0,"2019-05-12T20:00:00-00:00","2019-05-12T21:00:00-00:00","NP15","Wind","Renewable Forecast Actual Generation","RENEW_FCST_ACT_MW",3,1,641.08511,"ACTUAL",2
"30","2019-05-12",13,0,"2019-05-12T19:00:00-00:00","2019-05-12T20:00:00-00:00","NP15","Wind","Renewable Forecast Actual Generation","RENEW_FCST_ACT_MW",3,1,645.04119,"ACTUAL",2
"31","2019-05-12",12,0,"2019-05-12T18:00:00-00:00","2019-05-12T19:00:00-00:00","NP15","Wind","Renewable Forecast Actual Generation","RENEW_FCST_ACT_MW",3,1,533.52712,"ACTUAL",2
"32","2019-05-12",11,0,"2019-05-12T17:00:00-00:00","2019-05-12T18:00:00-00:00","NP15","Wind","Renewable Forecast Actual Generation","RENEW_FCST_ACT_MW",3,1,629.5026,"ACTUAL",2
"33","2019-05-12",10,0,"2019-05-12T16:00:00-00:00","2019-05-12T17:00:00-00:00","NP15","Wind","Renewable Forecast Actual Generation","RENEW_FCST_ACT_MW",3,1,678.92235,"ACTUAL",2
"34","2019-05-12",9,0,"2019-05-12T15:00:00-00:00","2019-05-12T16:00:00-00:00","NP15","Wind","Renewable Forecast Actual Generation","RENEW_FCST_ACT_MW",3,1,579.23712,"ACTUAL",2
"35","2019-05-12",8,0,"2019-05-12T14:00:00-00:00","2019-05-12T15:00:00-00:00","NP15","Wind","Renewable Forecast Actual Generation","RENEW_FCST_ACT_MW",3,1,569.55367,"ACTUAL",2
"36","2019-05-12",7,0,"2019-05-12T13:00:00-00:00","2019-05-12T14:00:00-00:00","NP15","Wind","Renewable Forecast Actual Generation","RENEW_FCST_ACT_MW",3,1,694.24991,"ACTUAL",2
"37","2019-05-12",5,0,"2019-05-12T11:00:00-00:00","2019-05-12T12:00:00-00:00","NP15","Wind","Renewable Forecast Actual Generation","RENEW_FCST_ACT_MW",3,1,1151.14836,"ACTUAL",2
"38","2019-05-12",4,0,"2019-05-12T10:00:00-00:00","2019-05-12T11:00:00-00:00","NP15","Wind","Renewable Forecast Actual Generation","RENEW_FCST_ACT_MW",3,1,1308.60108,"ACTUAL",2
"39","2019-05-12",3,0,"2019-05-12T09:00:00-00:00","2019-05-12T10:00:00-00:00","NP15","Wind","Renewable Forecast Actual Generation","RENEW_FCST_ACT_MW",3,1,1342.833,"ACTUAL",2
"40","2019-05-12",2,0,"2019-05-12T08:00:00-00:00","2019-05-12T09:00:00-00:00","NP15","Wind","Renewable Forecast Actual Generation","RENEW_FCST_ACT_MW",3,1,1355.48977,"ACTUAL",2
"41","2019-05-12",24,0,"2019-05-13T06:00:00-00:00","2019-05-13T07:00:00-00:00","NP15","Wind","Renewable Forecast Actual Generation","RENEW_FCST_ACT_MW",3,1,1394.75294,"ACTUAL",2
"42","2019-05-12",23,0,"2019-05-13T05:00:00-00:00","2019-05-13T06:00:00-00:00","NP15","Wind","Renewable Forecast Actual Generation","RENEW_FCST_ACT_MW",3,1,1373.85634,"ACTUAL",2
"43","2019-05-12",22,0,"2019-05-13T04:00:00-00:00","2019-05-13T05:00:00-00:00","NP15","Wind","Renewable Forecast Actual Generation","RENEW_FCST_ACT_MW",3,1,1359.29838,"ACTUAL",2
"44","2019-05-12",21,0,"2019-05-13T03:00:00-00:00","2019-05-13T04:00:00-00:00","NP15","Wind","Renewable Forecast Actual Generation","RENEW_FCST_ACT_MW",3,1,1328.64631,"ACTUAL",2
"45","2019-05-12",20,0,"2019-05-13T02:00:00-00:00","2019-05-13T03:00:00-00:00","NP15","Wind","Renewable Forecast Actual Generation","RENEW_FCST_ACT_MW",3,1,1279.75314,"ACTUAL",2
"46","2019-05-12",19,0,"2019-05-13T01:00:00-00:00","2019-05-13T02:00:00-00:00","NP15","Wind","Renewable Forecast Actual Generation","RENEW_FCST_ACT_MW",3,1,1180.25441,"ACTUAL",2
"47","2019-05-12",6,0,"2019-05-12T12:00:00-00:00","2019-05-12T13:00:00-00:00","SP15","Solar","Renewable Forecast Actual Generation","RENEW_FCST_ACT_MW",3,3,0.26831,"ACTUAL",3
"48","2019-05-12",18,0,"2019-05-13T00:00:00-00:00","2019-05-13T01:00:00-00:00","SP15","Solar","Renewable Forecast Actual Generation","RENEW_FCST_ACT_MW",3,3,4779.40256,"ACTUAL",3
"49","2019-05-12",5,0,"2019-05-12T11:00:00-00:00","2019-05-12T12:00:00-00:00","SP15","Solar","Renewable Forecast Actual Generation","RENEW_FCST_ACT_MW",3,3,-5.01413,"ACTUAL",3
"50","2019-05-12",11,0,"2019-05-12T17:00:00-00:00","2019-05-12T18:00:00-00:00","SP15","Solar","Renewable Forecast Actual Generation","RENEW_FCST_ACT_MW",3,3,5429.05854,"ACTUAL",3
"51","2019-05-12",4,0,"2019-05-12T10:00:00-00:00","2019-05-12T11:00:00-00:00","SP15","Solar","Renewable Forecast Actual Generation","RENEW_FCST_ACT_MW",3,3,-4.1225,"ACTUAL",3
"52","2019-05-12",15,0,"2019-05-12T21:00:00-00:00","2019-05-12T22:00:00-00:00","SP15","Solar","Renewable Forecast Actual Generation","RENEW_FCST_ACT_MW",3,3,5894.58654,"ACTUAL",3
"53","2019-05-12",3,0,"2019-05-12T09:00:00-00:00","2019-05-12T10:00:00-00:00","SP15","Solar","Renewable Forecast Actual Generation","RENEW_FCST_ACT_MW",3,3,-3.4093,"ACTUAL",3
"54","2019-05-12",10,0,"2019-05-12T16:00:00-00:00","2019-05-12T17:00:00-00:00","SP15","Solar","Renewable Forecast Actual Generation","RENEW_FCST_ACT_MW",3,3,4918.34383,"ACTUAL",3
"55","2019-05-12",2,0,"2019-05-12T08:00:00-00:00","2019-05-12T09:00:00-00:00","SP15","Solar","Renewable Forecast Actual Generation","RENEW_FCST_ACT_MW",3,3,-14.27473,"ACTUAL",3
"56","2019-05-12",13,0,"2019-05-12T19:00:00-00:00","2019-05-12T20:00:00-00:00","SP15","Solar","Renewable Forecast Actual Generation","RENEW_FCST_ACT_MW",3,3,5477.57669,"ACTUAL",3
"57","2019-05-12",24,0,"2019-05-13T06:00:00-00:00","2019-05-13T07:00:00-00:00","SP15","Solar","Renewable Forecast Actual Generation","RENEW_FCST_ACT_MW",3,3,-5.14861,"ACTUAL",3
"58","2019-05-12",9,0,"2019-05-12T15:00:00-00:00","2019-05-12T16:00:00-00:00","SP15","Solar","Renewable Forecast Actual Generation","RENEW_FCST_ACT_MW",3,3,4359.36684,"ACTUAL",3
"59","2019-05-12",23,0,"2019-05-13T05:00:00-00:00","2019-05-13T06:00:00-00:00","SP15","Solar","Renewable Forecast Actual Generation","RENEW_FCST_ACT_MW",3,3,-4.86317,"ACTUAL",3
"60","2019-05-12",16,0,"2019-05-12T22:00:00-00:00","2019-05-12T23:00:00-00:00","SP15","Solar","Renewable Forecast Actual Generation","RENEW_FCST_ACT_MW",3,3,5857.5953,"ACTUAL",3
"61","2019-05-12",22,0,"2019-05-13T04:00:00-00:00","2019-05-13T05:00:00-00:00","SP15","Solar","Renewable Forecast Actual Generation","RENEW_FCST_ACT_MW",3,3,-4.98325,"ACTUAL",3
"62","2019-05-12",8,0,"2019-05-12T14:00:00-00:00","2019-05-12T15:00:00-00:00","SP15","Solar","Renewable Forecast Actual Generation","RENEW_FCST_ACT_MW",3,3,2997.44461,"ACTUAL",3
"63","2019-05-12",21,0,"2019-05-13T03:00:00-00:00","2019-05-13T04:00:00-00:00","SP15","Solar","Renewable Forecast Actual Generation","RENEW_FCST_ACT_MW",3,3,-5.54129,"ACTUAL",3
"64","2019-05-12",12,0,"2019-05-12T18:00:00-00:00","2019-05-12T19:00:00-00:00","SP15","Solar","Renewable Forecast Actual Generation","RENEW_FCST_ACT_MW",3,3,5371.97582,"ACTUAL",3
"65","2019-05-12",20,0,"2019-05-13T02:00:00-00:00","2019-05-13T03:00:00-00:00","SP15","Solar","Renewable Forecast Actual Generation","RENEW_FCST_ACT_MW",3,3,232.5336,"ACTUAL",3
"66","2019-05-12",7,0,"2019-05-12T13:00:00-00:00","2019-05-12T14:00:00-00:00","SP15","Solar","Renewable Forecast Actual Generation","RENEW_FCST_ACT_MW",3,3,879.72777,"ACTUAL",3
"67","2019-05-12",19,0,"2019-05-13T01:00:00-00:00","2019-05-13T02:00:00-00:00","SP15","Solar","Renewable Forecast Actual Generation","RENEW_FCST_ACT_MW",3,3,2294.7377,"ACTUAL",3
"68","2019-05-12",14,0,"2019-05-12T20:00:00-00:00","2019-05-12T21:00:00-00:00","SP15","Solar","Renewable Forecast Actual Generation","RENEW_FCST_ACT_MW",3,3,5683.59155,"ACTUAL",3
"69","2019-05-12",17,0,"2019-05-12T23:00:00-00:00","2019-05-13T00:00:00-00:00","SP15","Solar","Renewable Forecast Actual Generation","RENEW_FCST_ACT_MW",3,3,5295.647,"ACTUAL",3
"70","2019-05-12",18,0,"2019-05-13T00:00:00-00:00","2019-05-13T01:00:00-00:00","SP15","Wind","Renewable Forecast Actual Generation","RENEW_FCST_ACT_MW",3,1,1803.1752,"ACTUAL",4
"71","2019-05-12",19,0,"2019-05-13T01:00:00-00:00","2019-05-13T02:00:00-00:00","SP15","Wind","Renewable Forecast Actual Generation","RENEW_FCST_ACT_MW",3,1,2265.64557,"ACTUAL",4
"72","2019-05-12",20,0,"2019-05-13T02:00:00-00:00","2019-05-13T03:00:00-00:00","SP15","Wind","Renewable Forecast Actual Generation","RENEW_FCST_ACT_MW",3,1,2436.5344,"ACTUAL",4
"73","2019-05-12",21,0,"2019-05-13T03:00:00-00:00","2019-05-13T04:00:00-00:00","SP15","Wind","Renewable Forecast Actual Generation","RENEW_FCST_ACT_MW",3,1,2558.49811,"ACTUAL",4
"74","2019-05-12",22,0,"2019-05-13T04:00:00-00:00","2019-05-13T05:00:00-00:00","SP15","Wind","Renewable Forecast Actual Generation","RENEW_FCST_ACT_MW",3,1,2707.75711,"ACTUAL",4
"75","2019-05-12",23,0,"2019-05-13T05:00:00-00:00","2019-05-13T06:00:00-00:00","SP15","Wind","Renewable Forecast Actual Generation","RENEW_FCST_ACT_MW",3,1,2785.05107,"ACTUAL",4
"76","2019-05-12",24,0,"2019-05-13T06:00:00-00:00","2019-05-13T07:00:00-00:00","SP15","Wind","Renewable Forecast Actual Generation","RENEW_FCST_ACT_MW",3,1,2808.62598,"ACTUAL",4
"77","2019-05-12",2,0,"2019-05-12T08:00:00-00:00","2019-05-12T09:00:00-00:00","SP15","Wind","Renewable Forecast Actual Generation","RENEW_FCST_ACT_MW",3,1,1657.86287,"ACTUAL",4
"78","2019-05-12",3,0,"2019-05-12T09:00:00-00:00","2019-05-12T10:00:00-00:00","SP15","Wind","Renewable Forecast Actual Generation","RENEW_FCST_ACT_MW",3,1,1539.37615,"ACTUAL",4
"79","2019-05-12",4,0,"2019-05-12T10:00:00-00:00","2019-05-12T11:00:00-00:00","SP15","Wind","Renewable Forecast Actual Generation","RENEW_FCST_ACT_MW",3,1,1619.55851,"ACTUAL",4
"80","2019-05-12",5,0,"2019-05-12T11:00:00-00:00","2019-05-12T12:00:00-00:00","SP15","Wind","Renewable Forecast Actual Generation","RENEW_FCST_ACT_MW",3,1,1531.07139,"ACTUAL",4
"81","2019-05-12",6,0,"2019-05-12T12:00:00-00:00","2019-05-12T13:00:00-00:00","SP15","Wind","Renewable Forecast Actual Generation","RENEW_FCST_ACT_MW",3,1,1231.89813,"ACTUAL",4
"82","2019-05-12",7,0,"2019-05-12T13:00:00-00:00","2019-05-12T14:00:00-00:00","SP15","Wind","Renewable Forecast Actual Generation","RENEW_FCST_ACT_MW",3,1,802.43915,"ACTUAL",4
"83","2019-05-12",8,0,"2019-05-12T14:00:00-00:00","2019-05-12T15:00:00-00:00","SP15","Wind","Renewable Forecast Actual Generation","RENEW_FCST_ACT_MW",3,1,643.912,"ACTUAL",4
"84","2019-05-12",9,0,"2019-05-12T15:00:00-00:00","2019-05-12T16:00:00-00:00","SP15","Wind","Renewable Forecast Actual Generation","RENEW_FCST_ACT_MW",3,1,684.07433,"ACTUAL",4
"85","2019-05-12",10,0,"2019-05-12T16:00:00-00:00","2019-05-12T17:00:00-00:00","SP15","Wind","Renewable Forecast Actual Generation","RENEW_FCST_ACT_MW",3,1,489.13059,"ACTUAL",4
"86","2019-05-12",11,0,"2019-05-12T17:00:00-00:00","2019-05-12T18:00:00-00:00","SP15","Wind","Renewable Forecast Actual Generation","RENEW_FCST_ACT_MW",3,1,254.33393,"ACTUAL",4
"87","2019-05-12",12,0,"2019-05-12T18:00:00-00:00","2019-05-12T19:00:00-00:00","SP15","Wind","Renewable Forecast Actual Generation","RENEW_FCST_ACT_MW",3,1,127.45995,"ACTUAL",4
"88","2019-05-12",13,0,"2019-05-12T19:00:00-00:00","2019-05-12T20:00:00-00:00","SP15","Wind","Renewable Forecast Actual Generation","RENEW_FCST_ACT_MW",3,1,106.7489,"ACTUAL",4
"89","2019-05-12",14,0,"2019-05-12T20:00:00-00:00","2019-05-12T21:00:00-00:00","SP15","Wind","Renewable Forecast Actual Generation","RENEW_FCST_ACT_MW",3,1,134.74743,"ACTUAL",4
"90","2019-05-12",15,0,"2019-05-12T21:00:00-00:00","2019-05-12T22:00:00-00:00","SP15","Wind","Renewable Forecast Actual Generation","RENEW_FCST_ACT_MW",3,1,311.41572,"ACTUAL",4
"91","2019-05-12",16,0,"2019-05-12T22:00:00-00:00","2019-05-12T23:00:00-00:00","SP15","Wind","Renewable Forecast Actual Generation","RENEW_FCST_ACT_MW",3,1,736.20529,"ACTUAL",4
"92","2019-05-12",17,0,"2019-05-12T23:00:00-00:00","2019-05-13T00:00:00-00:00","SP15","Wind","Renewable Forecast Actual Generation","RENEW_FCST_ACT_MW",3,1,1420.48407,"ACTUAL",4
"93","2019-05-12",18,0,"2019-05-13T00:00:00-00:00","2019-05-13T01:00:00-00:00","ZP26","Solar","Renewable Forecast Actual Generation","RENEW_FCST_ACT_MW",3,3,1132.38608,"ACTUAL",5
"94","2019-05-12",17,0,"2019-05-12T23:00:00-00:00","2019-05-13T00:00:00-00:00","ZP26","Solar","Renewable Forecast Actual Generation","RENEW_FCST_ACT_MW",3,3,1430.09005,"ACTUAL",5
"95","2019-05-12",20,0,"2019-05-13T02:00:00-00:00","2019-05-13T03:00:00-00:00","ZP26","Solar","Renewable Forecast Actual Generation","RENEW_FCST_ACT_MW",3,3,70.44634,"ACTUAL",5
"96","2019-05-12",21,0,"2019-05-13T03:00:00-00:00","2019-05-13T04:00:00-00:00","ZP26","Solar","Renewable Forecast Actual Generation","RENEW_FCST_ACT_MW",3,3,-5.37593,"ACTUAL",5
"97","2019-05-12",22,0,"2019-05-13T04:00:00-00:00","2019-05-13T05:00:00-00:00","ZP26","Solar","Renewable Forecast Actual Generation","RENEW_FCST_ACT_MW",3,3,-5.11966,"ACTUAL",5
"98","2019-05-12",23,0,"2019-05-13T05:00:00-00:00","2019-05-13T06:00:00-00:00","ZP26","Solar","Renewable Forecast Actual Generation","RENEW_FCST_ACT_MW",3,3,-5.08819,"ACTUAL",5
"99","2019-05-12",24,0,"2019-05-13T06:00:00-00:00","2019-05-13T07:00:00-00:00","ZP26","Solar","Renewable Forecast Actual Generation","RENEW_FCST_ACT_MW",3,3,-5.01539,"ACTUAL",5
"100","2019-05-12",2,0,"2019-05-12T08:00:00-00:00","2019-05-12T09:00:00-00:00","ZP26","Solar","Renewable Forecast Actual Generation","RENEW_FCST_ACT_MW",3,3,-4.97314,"ACTUAL",5
"101","2019-05-12",3,0,"2019-05-12T09:00:00-00:00","2019-05-12T10:00:00-00:00","ZP26","Solar","Renewable Forecast Actual Generation","RENEW_FCST_ACT_MW",3,3,-4.97815,"ACTUAL",5
"102","2019-05-12",4,0,"2019-05-12T10:00:00-00:00","2019-05-12T11:00:00-00:00","ZP26","Solar","Renewable Forecast Actual Generation","RENEW_FCST_ACT_MW",3,3,-4.97881,"ACTUAL",5
"103","2019-05-12",5,0,"2019-05-12T11:00:00-00:00","2019-05-12T12:00:00-00:00","ZP26","Solar","Renewable Forecast Actual Generation","RENEW_FCST_ACT_MW",3,3,-5.24176,"ACTUAL",5
"104","2019-05-12",6,0,"2019-05-12T12:00:00-00:00","2019-05-12T13:00:00-00:00","ZP26","Solar","Renewable Forecast Actual Generation","RENEW_FCST_ACT_MW",3,3,-5.28433,"ACTUAL",5
"105","2019-05-12",7,0,"2019-05-12T13:00:00-00:00","2019-05-12T14:00:00-00:00","ZP26","Solar","Renewable Forecast Actual Generation","RENEW_FCST_ACT_MW",3,3,106.6482,"ACTUAL",5
"106","2019-05-12",8,0,"2019-05-12T14:00:00-00:00","2019-05-12T15:00:00-00:00","ZP26","Solar","Renewable Forecast Actual Generation","RENEW_FCST_ACT_MW",3,3,581.99898,"ACTUAL",5
"107","2019-05-12",9,0,"2019-05-12T15:00:00-00:00","2019-05-12T16:00:00-00:00","ZP26","Solar","Renewable Forecast Actual Generation","RENEW_FCST_ACT_MW",3,3,1046.30729,"ACTUAL",5
"108","2019-05-12",10,0,"2019-05-12T16:00:00-00:00","2019-05-12T17:00:00-00:00","ZP26","Solar","Renewable Forecast Actual Generation","RENEW_FCST_ACT_MW",3,3,1294.99481,"ACTUAL",5
"109","2019-05-12",11,0,"2019-05-12T17:00:00-00:00","2019-05-12T18:00:00-00:00","ZP26","Solar","Renewable Forecast Actual Generation","RENEW_FCST_ACT_MW",3,3,1462.44668,"ACTUAL",5
"110","2019-05-12",12,0,"2019-05-12T18:00:00-00:00","2019-05-12T19:00:00-00:00","ZP26","Solar","Renewable Forecast Actual Generation","RENEW_FCST_ACT_MW",3,3,1529.78066,"ACTUAL",5
"111","2019-05-12",13,0,"2019-05-12T19:00:00-00:00","2019-05-12T20:00:00-00:00","ZP26","Solar","Renewable Forecast Actual Generation","RENEW_FCST_ACT_MW",3,3,1567.39431,"ACTUAL",5
"112","2019-05-12",14,0,"2019-05-12T20:00:00-00:00","2019-05-12T21:00:00-00:00","ZP26","Solar","Renewable Forecast Actual Generation","RENEW_FCST_ACT_MW",3,3,1582.54372,"ACTUAL",5
"113","2019-05-12",15,0,"2019-05-12T21:00:00-00:00","2019-05-12T22:00:00-00:00","ZP26","Solar","Renewable Forecast Actual Generation","RENEW_FCST_ACT_MW",3,3,1658.59865,"ACTUAL",5
"114","2019-05-12",16,0,"2019-05-12T22:00:00-00:00","2019-05-12T23:00:00-00:00","ZP26","Solar","Renewable Forecast Actual Generation","RENEW_FCST_ACT_MW",3,3,1584.27703,"ACTUAL",5
"115","2019-05-12",19,0,"2019-05-13T01:00:00-00:00","2019-05-13T02:00:00-00:00","ZP26","Solar","Renewable Forecast Actual Generation","RENEW_FCST_ACT_MW",3,3,566.68258,"ACTUAL",5
"116","2019-05-13",1,0,"2019-05-13T07:00:00-00:00","2019-05-13T08:00:00-00:00","NP15","Solar","Renewable Forecast Actual Generation","RENEW_FCST_ACT_MW",3,3,1.72225,"ACTUAL",6
"117","2019-05-13",1,0,"2019-05-13T07:00:00-00:00","2019-05-13T08:00:00-00:00","NP15","Wind","Renewable Forecast Actual Generation","RENEW_FCST_ACT_MW",3,1,1388.76855,"ACTUAL",7
"118","2019-05-13",1,0,"2019-05-13T07:00:00-00:00","2019-05-13T08:00:00-00:00","SP15","Solar","Renewable Forecast Actual Generation","RENEW_FCST_ACT_MW",3,3,-4.27537,"ACTUAL",8
"119","2019-05-13",1,0,"2019-05-13T07:00:00-00:00","2019-05-13T08:00:00-00:00","SP15","Wind","Renewable Forecast Actual Generation","RENEW_FCST_ACT_MW",3,1,2748.37812,"ACTUAL",9
"120","2019-05-13",1,0,"2019-05-13T07:00:00-00:00","2019-05-13T08:00:00-00:00","ZP26","Solar","Renewable Forecast Actual Generation","RENEW_FCST_ACT_MW",3,3,-5.03634,"ACTUAL",10
