"","OPR_DT","OPR_HR","OPR_INTERVAL","INTERVALSTARTTIME_GMT","INTERVALENDTIME_GMT","TRADING_HUB","RENEWABLE_TYPE","LABEL","XML_DATA_ITEM","MARKET_RUN_ID_POS","RENEW_POS","MW","MARKET_RUN_ID","GROUP"
"1","2019-02-27",1,0,"2019-02-27T08:00:00-00:00","2019-02-27T09:00:00-00:00","NP15","Solar","Renewable Forecast Actual Generation","RENEW_FCST_ACT_MW",3,3,-3.29104,"ACTUAL",1
"2","2019-02-27",2,0,"2019-02-27T09:00:00-00:00","2019-02-27T10:00:00-00:00","NP15","Solar","Renewable Forecast Actual Generation","RENEW_FCST_ACT_MW",3,3,-3.30847,"ACTUAL",1
"3","2019-02-27",3,0,"2019-02-27T10:00:00-00:00","2019-02-27T11:00:00-00:00","NP15","Solar","Renewable Forecast Actual Generation","RENEW_FCST_ACT_MW",3,3,-3.2979,"ACTUAL",1
"4","2019-02-27",4,0,"2019-02-27T11:00:00-00:00","2019-02-27T12:00:00-00:00","NP15","Solar","Renewable Forecast Actual Generation","RENEW_FCST_ACT_MW",3,3,-3.30587,"ACTUAL",1
"5","2019-02-27",5,0,"2019-02-27T12:00:00-00:00","2019-02-27T13:00:00-00:00","NP15","Solar","Renewable Forecast Actual Generation","RENEW_FCST_ACT_MW",3,3,-3.34765,"ACTUAL",1
"6","2019-02-27",6,0,"2019-02-27T13:00:00-00:00","2019-02-27T14:00:00-00:00","NP15","Solar","Renewable Forecast Actual Generation","RENEW_FCST_ACT_MW",3,3,-3.31821,"ACTUAL",1
"7","2019-02-27",7,0,"2019-02-27T14:00:00-00:00","2019-02-27T15:00:00-00:00","NP15","Solar","Renewable Forecast Actual Generation","RENEW_FCST_ACT_MW",3,3,-2.38031,"ACTUAL",1
"8","2019-02-27",8,0,"2019-02-27T15:00:00-00:00","2019-02-27T16:00:00-00:00","NP15","Solar","Renewable Forecast Actual Generation","RENEW_FCST_ACT_MW",3,3,187.94666,"ACTUAL",1
"9","2019-02-27",9,0,"2019-02-27T16:00:00-00:00","2019-02-27T17:00:00-00:00","NP15","Solar","Renewable Forecast Actual Generation","RENEW_FCST_ACT_MW",3,3,699.05775,"ACTUAL",1
"10","2019-02-27",10,0,"2019-02-27T17:00:00-00:00","2019-02-27T18:00:00-00:00","NP15","Solar","Renewable Forecast Actual Generation","RENEW_FCST_ACT_MW",3,3,656.67456,"ACTUAL",1
"11","2019-02-27",11,0,"2019-02-27T18:00:00-00:00","2019-02-27T19:00:00-00:00","NP15","Solar","Renewable Forecast Actual Generation","RENEW_FCST_ACT_MW",3,3,692.70378,"ACTUAL",1
"12","2019-02-27",12,0,"2019-02-27T19:00:00-00:00","2019-02-27T20:00:00-00:00","NP15","Solar","Renewable Forecast Actual Generation","RENEW_FCST_ACT_MW",3,3,885.94247,"ACTUAL",1
"13","2019-02-27",13,0,"2019-02-27T20:00:00-00:00","2019-02-27T21:00:00-00:00","NP15","Solar","Renewable Forecast Actual Generation","RENEW_FCST_ACT_MW",3,3,934.60996,"ACTUAL",1
"14","2019-02-27",14,0,"2019-02-27T21:00:00-00:00","2019-02-27T22:00:00-00:00","NP15","Solar","Renewable Forecast Actual Generation","RENEW_FCST_ACT_MW",3,3,807.01236,"ACTUAL",1
"15","2019-02-27",15,0,"2019-02-27T22:00:00-00:00","2019-02-27T23:00:00-00:00","NP15","Solar","Renewable Forecast Actual Generation","RENEW_FCST_ACT_MW",3,3,564.65827,"ACTUAL",1
"16","2019-02-27",16,0,"2019-02-27T23:00:00-00:00","2019-02-28T00:00:00-00:00","NP15","Solar","Renewable Forecast Actual Generation","RENEW_FCST_ACT_MW",3,3,378.8229,"ACTUAL",1
"17","2019-02-27",17,0,"2019-02-28T00:00:00-00:00","2019-02-28T01:00:00-00:00","NP15","Solar","Renewable Forecast Actual Generation","RENEW_FCST_ACT_MW",3,3,358.23145,"ACTUAL",1
"18","2019-02-27",18,0,"2019-02-28T01:00:00-00:00","2019-02-28T02:00:00-00:00","NP15","Solar","Renewable Forecast Actual Generation","RENEW_FCST_ACT_MW",3,3,64.5556,"ACTUAL",1
"19","2019-02-27",19,0,"2019-02-28T02:00:00-00:00","2019-02-28T03:00:00-00:00","NP15","Solar","Renewable Forecast Actual Generation","RENEW_FCST_ACT_MW",3,3,-3.24875,"ACTUAL",1
"20","2019-02-27",20,0,"2019-02-28T03:00:00-00:00","2019-02-28T04:00:00-00:00","NP15","Solar","Renewable Forecast Actual Generation","RENEW_FCST_ACT_MW",3,3,-3.04957,"ACTUAL",1
"21","2019-02-27",21,0,"2019-02-28T04:00:00-00:00","2019-02-28T05:00:00-00:00","NP15","Solar","Renewable Forecast Actual Generation","RENEW_FCST_ACT_MW",3,3,-3.07396,"ACTUAL",1
"22","2019-02-27",22,0,"2019-02-28T05:00:00-00:00","2019-02-28T06:00:00-00:00","NP15","Solar","Renewable Forecast Actual Generation","RENEW_FCST_ACT_MW",3,3,-3.06048,"ACTUAL",1
"23","2019-02-27",23,0,"2019-02-28T06:00:00-00:00","2019-02-28T07:00:00-00:00","NP15","Solar","Renewable Forecast Actual Generation","RENEW_FCST_ACT_MW",3,3,136.70745,"ACTUAL",1
"24","2019-02-27",24,0,"2019-02-28T07:00:00-00:00","2019-02-28T08:00:00-00:00","NP15","Solar","Renewable Forecast Actual Generation","RENEW_FCST_ACT_MW",3,3,52.23796,"ACTUAL",1
"25","2019-02-27",1,0,"2019-02-27T08:00:00-00:00","2019-02-27T09:00:00-00:00","NP15","Wind","Renewable Forecast Actual Generation","RENEW_FCST_ACT_MW",3,1,1079.23799,"ACTUAL",2
"26","2019-02-27",24,0,"2019-02-28T07:00:00-00:00","2019-02-28T08:00:00-00:00","NP15","Wind","Renewable Forecast Actual Generation","RENEW_FCST_ACT_MW",3,1,656.48136,"ACTUAL",2
"27","2019-02-27",3,0,"2019-02-27T10:00:00-00:00","2019-02-27T11:00:00-00:00","NP15","Wind","Renewable Forecast Actual Generation","RENEW_FCST_ACT_MW",3,1,1098.93309,"ACTUAL",2
"28","2019-02-27",4,0,"2019-02-27T11:00:00-00:00","2019-02-27T12:00:00-00:00","NP15","Wind","Renewable Forecast Actual Generation","RENEW_FCST_ACT_MW",3,1,936.05491,"ACTUAL",2
"29","2019-02-27",5,0,"2019-02-27T12:00:00-00:00","2019-02-27T13:00:00-00:00","NP15","Wind","Renewable Forecast Actual Generation","RENEW_FCST_ACT_MW",3,1,703.44936,"ACTUAL",2
"30","2019-02-27",6,0,"2019-02-27T13:00:00-00:00","2019-02-27T14:00:00-00:00","NP15","Wind","Renewable Forecast Actual Generation","RENEW_FCST_ACT_MW",3,1,1066.63526,"ACTUAL",2
"31","2019-02-27",7,0,"2019-02-27T14:00:00-00:00","2019-02-27T15:00:00-00:00","NP15","Wind","Renewable Forecast Actual Generation","RENEW_FCST_ACT_MW",3,1,1170.95297,"ACTUAL",2
"32","2019-02-27",8,0,"2019-02-27T15:00:00-00:00","2019-02-27T16:00:00-00:00","NP15","Wind","Renewable Forecast Actual Generation","RENEW_FCST_ACT_MW",3,1,1247.44295,"ACTUAL",2
"33","2019-02-27",9,0,"2019-02-27T16:00:00-00:00","2019-02-27T17:00:00-00:00","NP15","Wind","Renewable Forecast Actual Generation","RENEW_FCST_ACT_MW",3,1,1175.57353,"ACTUAL",2
"34","2019-02-27",10,0,"2019-02-27T17:00:00-00:00","2019-02-27T18:00:00-00:00","NP15","Wind","Renewable Forecast Actual Generation","RENEW_FCST_ACT_MW",3,1,999.88561,"ACTUAL",2
"35","2019-02-27",11,0,"2019-02-27T18:00:00-00:00","2019-02-27T19:00:00-00:00","NP15","Wind","Renewable Forecast Actual Generation","RENEW_FCST_ACT_MW",3,1,657.21373,"ACTUAL",2
"36","2019-02-27",12,0,"2019-02-27T19:00:00-00:00","2019-02-27T20:00:00-00:00","NP15","Wind","Renewable Forecast Actual Generation","RENEW_FCST_ACT_MW",3,1,697.5445,"ACTUAL",2
"37","2019-02-27",13,0,"2019-02-27T20:00:00-00:00","2019-02-27T21:00:00-00:00","NP15","Wind","Renewable Forecast Actual Generation","RENEW_FCST_ACT_MW",3,1,718.75091,"ACTUAL",2
"38","2019-02-27",14,0,"2019-02-27T21:00:00-00:00","2019-02-27T22:00:00-00:00","NP15","Wind","Renewable Forecast Actual Generation","RENEW_FCST_ACT_MW",3,1,413.46106,"ACTUAL",2
"39","2019-02-27",15,0,"2019-02-27T22:00:00-00:00","2019-02-27T23:00:00-00:00","NP15","Wind","Renewable Forecast Actual Generation","RENEW_FCST_ACT_MW",3,1,289.99357,"ACTUAL",2
"40","2019-02-27",16,0,"2019-02-27T23:00:00-00:00","2019-02-28T00:00:00-00:00","NP15","Wind","Renewable Forecast Actual Generation","RENEW_FCST_ACT_MW",3,1,269.86818,"ACTUAL",2
"41","2019-02-27",17,0,"2019-02-28T00:00:00-00:00","2019-02-28T01:00:00-00:00","NP15","Wind","Renewable Forecast Actual Generation","RENEW_FCST_ACT_MW",3,1,445.61877,"ACTUAL",2
"42","2019-02-27",18,0,"2019-02-28T01:00:00-00:00","2019-02-28T02:00:00-00:00","NP15","Wind","Renewable Forecast Actual Generation","RENEW_FCST_ACT_MW",3,1,452.35978,"ACTUAL",2
"43","2019-02-27",19,0,"2019-02-28T02:00:00-00:00","2019-02-28T03:00:00-00:00","NP15","Wind","Renewable Forecast Actual Generation","RENEW_FCST_ACT_MW",3,1,607.92753,"ACTUAL",2
"44","2019-02-27",20,0,"2019-02-28T03:00:00-00:00","2019-02-28T04:00:00-00:00","NP15","Wind","Renewable Forecast Actual Generation","RENEW_FCST_ACT_MW",3,1,613.62528,"ACTUAL",2
"45","2019-02-27",21,0,"2019-02-28T04:00:00-00:00","2019-02-28T05:00:00-00:00","NP15","Wind","Renewable Forecast Actual Generation","RENEW_FCST_ACT_MW",3,1,773.32538,"ACTUAL",2
"46","2019-02-27",22,0,"2019-02-28T05:00:00-00:00","2019-02-28T06:00:00-00:00","NP15","Wind","Renewable Forecast Actual Generation","RENEW_FCST_ACT_MW",3,1,711.63776,"ACTUAL",2
"47","2019-02-27",23,0,"2019-02-28T06:00:00-00:00","2019-02-28T07:00:00-00:00","NP15","Wind","Renewable Forecast Actual Generation","RENEW_FCST_ACT_MW",3,1,810.16583,"ACTUAL",2
"48","2019-02-27",2,0,"2019-02-27T09:00:00-00:00","2019-02-27T10:00:00-00:00","NP15","Wind","Renewable Forecast Actual Generation","RENEW_FCST_ACT_MW",3,1,1206.1787,"ACTUAL",2
"49","2019-02-27",24,0,"2019-02-28T07:00:00-00:00","2019-02-28T08:00:00-00:00","SP15","Solar","Renewable Forecast Actual Generation","RENEW_FCST_ACT_MW",3,3,217.20226,"ACTUAL",3
"50","2019-02-27",2,0,"2019-02-27T09:00:00-00:00","2019-02-27T10:00:00-00:00","SP15","Solar","Renewable Forecast Actual Generation","RENEW_FCST_ACT_MW",3,3,-6.58709,"ACTUAL",3
"51","2019-02-27",23,0,"2019-02-28T06:00:00-00:00","2019-02-28T07:00:00-00:00","SP15","Solar","Renewable Forecast Actual Generation","RENEW_FCST_ACT_MW",3,3,196.5433,"ACTUAL",3
"52","2019-02-27",6,0,"2019-02-27T13:00:00-00:00","2019-02-27T14:00:00-00:00","SP15","Solar","Renewable Forecast Actual Generation","RENEW_FCST_ACT_MW",3,3,-12.14466,"ACTUAL",3
"53","2019-02-27",22,0,"2019-02-28T05:00:00-00:00","2019-02-28T06:00:00-00:00","SP15","Solar","Renewable Forecast Actual Generation","RENEW_FCST_ACT_MW",3,3,-5.84593,"ACTUAL",3
"54","2019-02-27",11,0,"2019-02-27T18:00:00-00:00","2019-02-27T19:00:00-00:00","SP15","Solar","Renewable Forecast Actual Generation","RENEW_FCST_ACT_MW",3,3,4747.54293,"ACTUAL",3
"55","2019-02-27",21,0,"2019-02-28T04:00:00-00:00","2019-02-28T05:00:00-00:00","SP15","Solar","Renewable Forecast Actual Generation","RENEW_FCST_ACT_MW",3,3,-5.9913,"ACTUAL",3
"56","2019-02-27",3,0,"2019-02-27T10:00:00-00:00","2019-02-27T11:00:00-00:00","SP15","Solar","Renewable Forecast Actual Generation","RENEW_FCST_ACT_MW",3,3,-7.08002,"ACTUAL",3
"57","2019-02-27",20,0,"2019-02-28T03:00:00-00:00","2019-02-28T04:00:00-00:00","SP15","Solar","Renewable Forecast Actual Generation","RENEW_FCST_ACT_MW",3,3,-7.47401,"ACTUAL",3
"58","2019-02-27",10,0,"2019-02-27T17:00:00-00:00","2019-02-27T18:00:00-00:00","SP15","Solar","Renewable Forecast Actual Generation","RENEW_FCST_ACT_MW",3,3,4404.28695,"ACTUAL",3
"59","2019-02-27",19,0,"2019-02-28T02:00:00-00:00","2019-02-28T03:00:00-00:00","SP15","Solar","Renewable Forecast Actual Generation","RENEW_FCST_ACT_MW",3,3,-6.73271,"ACTUAL",3
"60","2019-02-27",5,0,"2019-02-27T12:00:00-00:00","2019-02-27T13:00:00-00:00","SP15","Solar","Renewable Forecast Actual Generation","RENEW_FCST_ACT_MW",3,3,-14.31704,"ACTUAL",3
"61","2019-02-27",18,0,"2019-02-28T01:00:00-00:00","2019-02-28T02:00:00-00:00","SP15","Solar","Renewable Forecast Actual Generation","RENEW_FCST_ACT_MW",3,3,303.60697,"ACTUAL",3
"62","2019-02-27",9,0,"2019-02-27T16:00:00-00:00","2019-02-27T17:00:00-00:00","SP15","Solar","Renewable Forecast Actual Generation","RENEW_FCST_ACT_MW",3,3,2875.40655,"ACTUAL",3
"63","2019-02-27",17,0,"2019-02-28T00:00:00-00:00","2019-02-28T01:00:00-00:00","SP15","Solar","Renewable Forecast Actual Generation","RENEW_FCST_ACT_MW",3,3,2213.45172,"ACTUAL",3
"64","2019-02-27",1,0,"2019-02-27T08:00:00-00:00","2019-02-27T09:00:00-00:00","SP15","Solar","Renewable Forecast Actual Generation","RENEW_FCST_ACT_MW",3,3,-6.3771,"ACTUAL",3
"65","2019-02-27",16,0,"2019-02-27T23:00:00-00:00","2019-02-28T00:00:00-00:00","SP15","Solar","Renewable Forecast Actual Generation","RENEW_FCST_ACT_MW",3,3,3348.24137,"ACTUAL",3
"66","2019-02-27",8,0,"2019-02-27T15:00:00-00:00","2019-02-27T16:00:00-00:00","SP15","Solar","Renewable Forecast Actual Generation","RENEW_FCST_ACT_MW",3,3,1500.43112,"ACTUAL",3
"67","2019-02-27",15,0,"2019-02-27T22:00:00-00:00","2019-02-27T23:00:00-00:00","SP15","Solar","Renewable Forecast Actual Generation","RENEW_FCST_ACT_MW",3,3,3581.22979,"ACTUAL",3
"68","2019-02-27",4,0,"2019-02-27T11:00:00-00:00","2019-02-27T12:00:00-00:00","SP15","Solar","Renewable Forecast Actual Generation","RENEW_FCST_ACT_MW",3,3,-12.98673,"ACTUAL",3
"69","2019-02-27",14,0,"2019-02-27T21:00:00-00:00","2019-02-27T22:00:00-00:00","SP15","Solar","Renewable Forecast Actual Generation","RENEW_FCST_ACT_MW",3,3,4154.90502,"ACTUAL",3
"70","2019-02-27",7,0,"2019-02-27T14:00:00-00:00","2019-02-27T15:00:00-00:00","SP15","Solar","Renewable Forecast Actual Generation","RENEW_FCST_ACT_MW",3,3,94.32165,"ACTUAL",3
"71","2019-02-27",13,0,"2019-02-27T20:00:00-00:00","2019-02-27T21:00:00-00:00","SP15","Solar","Renewable Forecast Actual Generation","RENEW_FCST_ACT_MW",3,3,4251.53612,"ACTUAL",3
"72","2019-02-27",12,0,"2019-02-27T19:00:00-00:00","2019-02-27T20:00:00-00:00","SP15","Solar","Renewable Forecast Actual Generation","RENEW_FCST_ACT_MW",3,3,4432.8093,"ACTUAL",3
"73","2019-02-27",23,0,"2019-02-28T06:00:00-00:00","2019-02-28T07:00:00-00:00","SP15","Wind","Renewable Forecast Actual Generation","RENEW_FCST_ACT_MW",3,1,1146.73734,"ACTUAL",4
"74","2019-02-27",22,0,"2019-02-28T05:00:00-00:00","2019-02-28T06:00:00-00:00","SP15","Wind","Renewable Forecast Actual Generation","RENEW_FCST_ACT_MW",3,1,1012.38756,"ACTUAL",4
"75","2019-02-27",21,0,"2019-02-28T04:00:00-00:00","2019-02-28T05:00:00-00:00","SP15","Wind","Renewable Forecast Actual Generation","RENEW_FCST_ACT_MW",3,1,903.05495,"ACTUAL",4
"76","2019-02-27",20,0,"2019-02-28T03:00:00-00:00","2019-02-28T04:00:00-00:00","SP15","Wind","Renewable Forecast Actual Generation","RENEW_FCST_ACT_MW",3,1,946.41675,"ACTUAL",4
"77","2019-02-27",19,0,"2019-02-28T02:00:00-00:00","2019-02-28T03:00:00-00:00","SP15","Wind","Renewable Forecast Actual Generation","RENEW_FCST_ACT_MW",3,1,998.23116,"ACTUAL",4
"78","2019-02-27",18,0,"2019-02-28T01:00:00-00:00","2019-02-28T02:00:00-00:00","SP15","Wind","Renewable Forecast Actual Generation","RENEW_FCST_ACT_MW",3,1,930.85459,"ACTUAL",4
"79","2019-02-27",17,0,"2019-02-28T00:00:00-00:00","2019-02-28T01:00:00-00:00","SP15","Wind","Renewable Forecast Actual Generation","RENEW_FCST_ACT_MW",3,1,880.75615,"ACTUAL",4
"80","2019-02-27",16,0,"2019-02-27T23:00:00-00:00","2019-02-28T00:00:00-00:00","SP15","Wind","Renewable Forecast Actual Generation","RENEW_FCST_ACT_MW",3,1,923.04986,"ACTUAL",4
"81","2019-02-27",15,0,"2019-02-27T22:00:00-00:00","2019-02-27T23:00:00-00:00","SP15","Wind","Renewable Forecast Actual Generation","RENEW_FCST_ACT_MW",3,1,907.04008,"ACTUAL",4
"82","2019-02-27",14,0,"2019-02-27T21:00:00-00:00","2019-02-27T22:00:00-00:00","SP15","Wind","Renewable Forecast Actual Generation","RENEW_FCST_ACT_MW",3,1,806.10748,"ACTUAL",4
"83","2019-02-27",13,0,"2019-02-27T20:00:00-00:00","2019-02-27T21:00:00-00:00","SP15","Wind","Renewable Forecast Actual Generation","RENEW_FCST_ACT_MW",3,1,678.39498,"ACTUAL",4
"84","2019-02-27",12,0,"2019-02-27T19:00:00-00:00","2019-02-27T20:00:00-00:00","SP15","Wind","Renewable Forecast Actual Generation","RENEW_FCST_ACT_MW",3,1,599.80015,"ACTUAL",4
"85","2019-02-27",11,0,"2019-02-27T18:00:00-00:00","2019-02-27T19:00:00-00:00","SP15","Wind","Renewable Forecast Actual Generation","RENEW_FCST_ACT_MW",3,1,472.86923,"ACTUAL",4
"86","2019-02-27",10,0,"2019-02-27T17:00:00-00:00","2019-02-27T18:00:00-00:00","SP15","Wind","Renewable Forecast Actual Generation","RENEW_FCST_ACT_MW",3,1,484.96793,"ACTUAL",4
"87","2019-02-27",9,0,"2019-02-27T16:00:00-00:00","2019-02-27T17:00:00-00:00","SP15","Wind","Renewable Forecast Actual Generation","RENEW_FCST_ACT_MW",3,1,642.67305,"ACTUAL",4
"88","2019-02-27",8,0,"2019-02-27T15:00:00-00:00","2019-02-27T16:00:00-00:00","SP15","Wind","Renewable Forecast Actual Generation","RENEW_FCST_ACT_MW",3,1,655.77865,"ACTUAL",4
"89","2019-02-27",7,0,"2019-02-27T14:00:00-00:00","2019-02-27T15:00:00-00:00","SP15","Wind","Renewable Forecast Actual Generation","RENEW_FCST_ACT_MW",3,1,751.72853,"ACTUAL",4
"90","2019-02-27",6,0,"2019-02-27T13:00:00-00:00","2019-02-27T14:00:00-00:00","SP15","Wind","Renewable Forecast Actual Generation","RENEW_FCST_ACT_MW",3,1,992.67537,"ACTUAL",4
"91","2019-02-27",5,0,"2019-02-27T12:00:00-00:00","2019-02-27T13:00:00-00:00","SP15","Wind","Renewable Forecast Actual Generation","RENEW_FCST_ACT_MW",3,1,997.31368,"ACTUAL",4
"92","2019-02-27",4,0,"2019-02-27T11:00:00-00:00","2019-02-27T12:00:00-00:00","SP15","Wind","Renewable Forecast Actual Generation","RENEW_FCST_ACT_MW",3,1,656.00449,"ACTUAL",4
"93","2019-02-27",3,0,"2019-02-27T10:00:00-00:00","2019-02-27T11:00:00-00:00","SP15","Wind","Renewable Forecast Actual Generation","RENEW_FCST_ACT_MW",3,1,531.49213,"ACTUAL",4
"94","2019-02-27",2,0,"2019-02-27T09:00:00-00:00","2019-02-27T10:00:00-00:00","SP15","Wind","Renewable Forecast Actual Generation","RENEW_FCST_ACT_MW",3,1,558.26189,"ACTUAL",4
"95","2019-02-27",24,0,"2019-02-28T07:00:00-00:00","2019-02-28T08:00:00-00:00","SP15","Wind","Renewable Forecast Actual Generation","RENEW_FCST_ACT_MW",3,1,1187.15488,"ACTUAL",4
"96","2019-02-27",1,0,"2019-02-27T08:00:00-00:00","2019-02-27T09:00:00-00:00","SP15","Wind","Renewable Forecast Actual Generation","RENEW_FCST_ACT_MW",3,1,700.73573,"ACTUAL",4
"97","2019-02-27",1,0,"2019-02-27T08:00:00-00:00","2019-02-27T09:00:00-00:00","ZP26","Solar","Renewable Forecast Actual Generation","RENEW_FCST_ACT_MW",3,3,-4.95923,"ACTUAL",5
"98","2019-02-27",24,0,"2019-02-28T07:00:00-00:00","2019-02-28T08:00:00-00:00","ZP26","Solar","Renewable Forecast Actual Generation","RENEW_FCST_ACT_MW",3,3,4.63303,"ACTUAL",5
"99","2019-02-27",3,0,"2019-02-27T10:00:00-00:00","2019-02-27T11:00:00-00:00","ZP26","Solar","Renewable Forecast Actual Generation","RENEW_FCST_ACT_MW",3,3,-4.99623,"ACTUAL",5
"100","2019-02-27",4,0,"2019-02-27T11:00:00-00:00","2019-02-27T12:00:00-00:00","ZP26","Solar","Renewable Forecast Actual Generation","RENEW_FCST_ACT_MW",3,3,-5.30864,"ACTUAL",5
"101","2019-02-27",5,0,"2019-02-27T12:00:00-00:00","2019-02-27T13:00:00-00:00","ZP26","Solar","Renewable Forecast Actual Generation","RENEW_FCST_ACT_MW",3,3,-5.38652,"ACTUAL",5
"102","2019-02-27",6,0,"2019-02-27T13:00:00-00:00","2019-02-27T14:00:00-00:00","ZP26","Solar","Renewable Forecast Actual Generation","RENEW_FCST_ACT_MW",3,3,-5.36784,"ACTUAL",5
"103","2019-02-27",7,0,"2019-02-27T14:00:00-00:00","2019-02-27T15:00:00-00:00","ZP26","Solar","Renewable Forecast Actual Generation","RENEW_FCST_ACT_MW",3,3,-3.49247,"ACTUAL",5
"104","2019-02-27",8,0,"2019-02-27T15:00:00-00:00","2019-02-27T16:00:00-00:00","ZP26","Solar","Renewable Forecast Actual Generation","RENEW_FCST_ACT_MW",3,3,100.60298,"ACTUAL",5
"105","2019-02-27",9,0,"2019-02-27T16:00:00-00:00","2019-02-27T17:00:00-00:00","ZP26","Solar","Renewable Forecast Actual Generation","RENEW_FCST_ACT_MW",3,3,565.11093,"ACTUAL",5
"106","2019-02-27",10,0,"2019-02-27T17:00:00-00:00","2019-02-27T18:00:00-00:00","ZP26","Solar","Renewable Forecast Actual Generation","RENEW_FCST_ACT_MW",3,3,515.30365,"ACTUAL",5
"107","2019-02-27",11,0,"2019-02-27T18:00:00-00:00","2019-02-27T19:00:00-00:00","ZP26","Solar","Renewable Forecast Actual Generation","RENEW_FCST_ACT_MW",3,3,639.23425,"ACTUAL",5
"108","2019-02-27",12,0,"2019-02-27T19:00:00-00:00","2019-02-27T20:00:00-00:00","ZP26","Solar","Renewable Forecast Actual Generation","RENEW_FCST_ACT_MW",3,3,647.17545,"ACTUAL",5
"109","2019-02-27",13,0,"2019-02-27T20:00:00-00:00","2019-02-27T21:00:00-00:00","ZP26","Solar","Renewable Forecast Actual Generation","RENEW_FCST_ACT_MW",3,3,690.13501,"ACTUAL",5
"110","2019-02-27",14,0,"2019-02-27T21:00:00-00:00","2019-02-27T22:00:00-00:00","ZP26","Solar","Renewable Forecast Actual Generation","RENEW_FCST_ACT_MW",3,3,614.93183,"ACTUAL",5
"111","2019-02-27",15,0,"2019-02-27T22:00:00-00:00","2019-02-27T23:00:00-00:00","ZP26","Solar","Renewable Forecast Actual Generation","RENEW_FCST_ACT_MW",3,3,378.49928,"ACTUAL",5
"112","2019-02-27",16,0,"2019-02-27T23:00:00-00:00","2019-02-28T00:00:00-00:00","ZP26","Solar","Renewable Forecast Actual Generation","RENEW_FCST_ACT_MW",3,3,316.67082,"ACTUAL",5
"113","2019-02-27",17,0,"2019-02-28T00:00:00-00:00","2019-02-28T01:00:00-00:00","ZP26","Solar","Renewable Forecast Actual Generation","RENEW_FCST_ACT_MW",3,3,267.88807,"ACTUAL",5
"114","2019-02-27",18,0,"2019-02-28T01:00:00-00:00","2019-02-28T02:00:00-00:00","ZP26","Solar","Renewable Forecast Actual Generation","RENEW_FCST_ACT_MW",3,3,35.66416,"ACTUAL",5
"115","2019-02-27",19,0,"2019-02-28T02:00:00-00:00","2019-02-28T03:00:00-00:00","ZP26","Solar","Renewable Forecast Actual Generation","RENEW_FCST_ACT_MW",3,3,-4.96977,"ACTUAL",5
"116","2019-02-27",20,0,"2019-02-28T03:00:00-00:00","2019-02-28T04:00:00-00:00","ZP26","Solar","Renewable Forecast Actual Generation","RENEW_FCST_ACT_MW",3,3,-4.78208,"ACTUAL",5
"117","2019-02-27",21,0,"2019-02-28T04:00:00-00:00","2019-02-28T05:00:00-00:00","ZP26","Solar","Renewable Forecast Actual Generation","RENEW_FCST_ACT_MW",3,3,-4.78374,"ACTUAL",5
"118","2019-02-27",22,0,"2019-02-28T05:00:00-00:00","2019-02-28T06:00:00-00:00","ZP26","Solar","Renewable Forecast Actual Generation","RENEW_FCST_ACT_MW",3,3,-4.78197,"ACTUAL",5
"119","2019-02-27",23,0,"2019-02-28T06:00:00-00:00","2019-02-28T07:00:00-00:00","ZP26","Solar","Renewable Forecast Actual Generation","RENEW_FCST_ACT_MW",3,3,23.84824,"ACTUAL",5
"120","2019-02-27",2,0,"2019-02-27T09:00:00-00:00","2019-02-27T10:00:00-00:00","ZP26","Solar","Renewable Forecast Actual Generation","RENEW_FCST_ACT_MW",3,3,-4.94809,"ACTUAL",5
