"","OPR_DT","OPR_HR","OPR_INTERVAL","INTERVALSTARTTIME_GMT","INTERVALENDTIME_GMT","TRADING_HUB","RENEWABLE_TYPE","LABEL","XML_DATA_ITEM","MARKET_RUN_ID_POS","RENEW_POS","MW","MARKET_RUN_ID","GROUP"
"1","2019-09-25",24,0,"2019-09-26T06:00:00-00:00","2019-09-26T07:00:00-00:00","NP15","Solar","Renewable Forecast Actual Generation","RENEW_FCST_ACT_MW",3,3,-3.30182,"ACTUAL",1
"2","2019-09-25",7,0,"2019-09-25T13:00:00-00:00","2019-09-25T14:00:00-00:00","NP15","Solar","Renewable Forecast Actual Generation","RENEW_FCST_ACT_MW",3,3,-3.22182,"ACTUAL",1
"3","2019-09-25",23,0,"2019-09-26T05:00:00-00:00","2019-09-26T06:00:00-00:00","NP15","Solar","Renewable Forecast Actual Generation","RENEW_FCST_ACT_MW",3,3,-3.29133,"ACTUAL",1
"4","2019-09-25",4,0,"2019-09-25T10:00:00-00:00","2019-09-25T11:00:00-00:00","NP15","Solar","Renewable Forecast Actual Generation","RENEW_FCST_ACT_MW",3,3,-1.06555,"ACTUAL",1
"5","2019-09-25",21,0,"2019-09-26T03:00:00-00:00","2019-09-26T04:00:00-00:00","NP15","Solar","Renewable Forecast Actual Generation","RENEW_FCST_ACT_MW",3,3,-3.34185,"ACTUAL",1
"6","2019-09-25",11,0,"2019-09-25T17:00:00-00:00","2019-09-25T18:00:00-00:00","NP15","Solar","Renewable Forecast Actual Generation","RENEW_FCST_ACT_MW",3,3,1198.18711,"ACTUAL",1
"7","2019-09-25",20,0,"2019-09-26T02:00:00-00:00","2019-09-26T03:00:00-00:00","NP15","Solar","Renewable Forecast Actual Generation","RENEW_FCST_ACT_MW",3,3,-3.52024,"ACTUAL",1
"8","2019-09-25",6,0,"2019-09-25T12:00:00-00:00","2019-09-25T13:00:00-00:00","NP15","Solar","Renewable Forecast Actual Generation","RENEW_FCST_ACT_MW",3,3,-3.58995,"ACTUAL",1
"9","2019-09-25",19,0,"2019-09-26T01:00:00-00:00","2019-09-26T02:00:00-00:00","NP15","Solar","Renewable Forecast Actual Generation","RENEW_FCST_ACT_MW",3,3,72.82264,"ACTUAL",1
"10","2019-09-25",10,0,"2019-09-25T16:00:00-00:00","2019-09-25T17:00:00-00:00","NP15","Solar","Renewable Forecast Actual Generation","RENEW_FCST_ACT_MW",3,3,1165.60244,"ACTUAL",1
"11","2019-09-25",18,0,"2019-09-26T00:00:00-00:00","2019-09-26T01:00:00-00:00","NP15","Solar","Renewable Forecast Actual Generation","RENEW_FCST_ACT_MW",3,3,642.02954,"ACTUAL",1
"12","2019-09-25",2,0,"2019-09-25T08:00:00-00:00","2019-09-25T09:00:00-00:00","NP15","Solar","Renewable Forecast Actual Generation","RENEW_FCST_ACT_MW",3,3,15.10044,"ACTUAL",1
"13","2019-09-25",17,0,"2019-09-25T23:00:00-00:00","2019-09-26T00:00:00-00:00","NP15","Solar","Renewable Forecast Actual Generation","RENEW_FCST_ACT_MW",3,3,1064.98608,"ACTUAL",1
"14","2019-09-25",9,0,"2019-09-25T15:00:00-00:00","2019-09-25T16:00:00-00:00","NP15","Solar","Renewable Forecast Actual Generation","RENEW_FCST_ACT_MW",3,3,896.67357,"ACTUAL",1
"15","2019-09-25",16,0,"2019-09-25T22:00:00-00:00","2019-09-25T23:00:00-00:00","NP15","Solar","Renewable Forecast Actual Generation","RENEW_FCST_ACT_MW",3,3,1160.38114,"ACTUAL",1
"16","2019-09-25",5,0,"2019-09-25T11:00:00-00:00","2019-09-25T12:00:00-00:00","NP15","Solar","Renewable Forecast Actual Generation","RENEW_FCST_ACT_MW",3,3,-3.35873,"ACTUAL",1
"17","2019-09-25",15,0,"2019-09-25T21:00:00-00:00","2019-09-25T22:00:00-00:00","NP15","Solar","Renewable Forecast Actual Generation","RENEW_FCST_ACT_MW",3,3,1157.36911,"ACTUAL",1
"18","2019-09-25",8,0,"2019-09-25T14:00:00-00:00","2019-09-25T15:00:00-00:00","NP15","Solar","Renewable Forecast Actual Generation","RENEW_FCST_ACT_MW",3,3,215.47581,"ACTUAL",1
"19","2019-09-25",14,0,"2019-09-25T20:00:00-00:00","2019-09-25T21:00:00-00:00","NP15","Solar","Renewable Forecast Actual Generation","RENEW_FCST_ACT_MW",3,3,1160.56747,"ACTUAL",1
"20","2019-09-25",3,0,"2019-09-25T09:00:00-00:00","2019-09-25T10:00:00-00:00","NP15","Solar","Renewable Forecast Actual Generation","RENEW_FCST_ACT_MW",3,3,15.09432,"ACTUAL",1
"21","2019-09-25",13,0,"2019-09-25T19:00:00-00:00","2019-09-25T20:00:00-00:00","NP15","Solar","Renewable Forecast Actual Generation","RENEW_FCST_ACT_MW",3,3,1131.83749,"ACTUAL",1
"22","2019-09-25",12,0,"2019-09-25T18:00:00-00:00","2019-09-25T19:00:00-00:00","NP15","Solar","Renewable Forecast Actual Generation","RENEW_FCST_ACT_MW",3,3,1169.10373,"ACTUAL",1
"23","2019-09-25",23,0,"2019-09-26T05:00:00-00:00","2019-09-26T06:00:00-00:00","NP15","Wind","Renewable Forecast Actual Generation","RENEW_FCST_ACT_MW",3,1,108.0961,"ACTUAL",2
"24","2019-09-25",21,0,"2019-09-26T03:00:00-00:00","2019-09-26T04:00:00-00:00","NP15","Wind","Renewable Forecast Actual Generation","RENEW_FCST_ACT_MW",3,1,79.34514,"ACTUAL",2
"25","2019-09-25",20,0,"2019-09-26T02:00:00-00:00","2019-09-26T03:00:00-00:00","NP15","Wind","Renewable Forecast Actual Generation","RENEW_FCST_ACT_MW",3,1,96.45126,"ACTUAL",2
"26","2019-09-25",19,0,"2019-09-26T01:00:00-00:00","2019-09-26T02:00:00-00:00","NP15","Wind","Renewable Forecast Actual Generation","RENEW_FCST_ACT_MW",3,1,99.96988,"ACTUAL",2
"27","2019-09-25",18,0,"2019-09-26T00:00:00-00:00","2019-09-26T01:00:00-00:00","NP15","Wind","Renewable Forecast Actual Generation","RENEW_FCST_ACT_MW",3,1,101.65241,"ACTUAL",2
"28","2019-09-25",17,0,"2019-09-25T23:00:00-00:00","2019-09-26T00:00:00-00:00","NP15","Wind","Renewable Forecast Actual Generation","RENEW_FCST_ACT_MW",3,1,78.36131,"ACTUAL",2
"29","2019-09-25",16,0,"2019-09-25T22:00:00-00:00","2019-09-25T23:00:00-00:00","NP15","Wind","Renewable Forecast Actual Generation","RENEW_FCST_ACT_MW",3,1,105.10304,"ACTUAL",2
"30","2019-09-25",15,0,"2019-09-25T21:00:00-00:00","2019-09-25T22:00:00-00:00","NP15","Wind","Renewable Forecast Actual Generation","RENEW_FCST_ACT_MW",3,1,179.0945,"ACTUAL",2
"31","2019-09-25",14,0,"2019-09-25T20:00:00-00:00","2019-09-25T21:00:00-00:00","NP15","Wind","Renewable Forecast Actual Generation","RENEW_FCST_ACT_MW",3,1,157.34829,"ACTUAL",2
"32","2019-09-25",13,0,"2019-09-25T19:00:00-00:00","2019-09-25T20:00:00-00:00","NP15","Wind","Renewable Forecast Actual Generation","RENEW_FCST_ACT_MW",3,1,148.21993,"ACTUAL",2
"33","2019-09-25",12,0,"2019-09-25T18:00:00-00:00","2019-09-25T19:00:00-00:00","NP15","Wind","Renewable Forecast Actual Generation","RENEW_FCST_ACT_MW",3,1,117.881,"ACTUAL",2
"34","2019-09-25",11,0,"2019-09-25T17:00:00-00:00","2019-09-25T18:00:00-00:00","NP15","Wind","Renewable Forecast Actual Generation","RENEW_FCST_ACT_MW",3,1,206.8335,"ACTUAL",2
"35","2019-09-25",10,0,"2019-09-25T16:00:00-00:00","2019-09-25T17:00:00-00:00","NP15","Wind","Renewable Forecast Actual Generation","RENEW_FCST_ACT_MW",3,1,204.30054,"ACTUAL",2
"36","2019-09-25",9,0,"2019-09-25T15:00:00-00:00","2019-09-25T16:00:00-00:00","NP15","Wind","Renewable Forecast Actual Generation","RENEW_FCST_ACT_MW",3,1,159.40021,"ACTUAL",2
"37","2019-09-25",8,0,"2019-09-25T14:00:00-00:00","2019-09-25T15:00:00-00:00","NP15","Wind","Renewable Forecast Actual Generation","RENEW_FCST_ACT_MW",3,1,184.94983,"ACTUAL",2
"38","2019-09-25",7,0,"2019-09-25T13:00:00-00:00","2019-09-25T14:00:00-00:00","NP15","Wind","Renewable Forecast Actual Generation","RENEW_FCST_ACT_MW",3,1,181.52813,"ACTUAL",2
"39","2019-09-25",6,0,"2019-09-25T12:00:00-00:00","2019-09-25T13:00:00-00:00","NP15","Wind","Renewable Forecast Actual Generation","RENEW_FCST_ACT_MW",3,1,221.38721,"ACTUAL",2
"40","2019-09-25",5,0,"2019-09-25T11:00:00-00:00","2019-09-25T12:00:00-00:00","NP15","Wind","Renewable Forecast Actual Generation","RENEW_FCST_ACT_MW",3,1,263.94717,"ACTUAL",2
"41","2019-09-25",4,0,"2019-09-25T10:00:00-00:00","2019-09-25T11:00:00-00:00","NP15","Wind","Renewable Forecast Actual Generation","RENEW_FCST_ACT_MW",3,1,366.81582,"ACTUAL",2
"42","2019-09-25",3,0,"2019-09-25T09:00:00-00:00","2019-09-25T10:00:00-00:00","NP15","Wind","Renewable Forecast Actual Generation","RENEW_FCST_ACT_MW",3,1,359.82615,"ACTUAL",2
"43","2019-09-25",24,0,"2019-09-26T06:00:00-00:00","2019-09-26T07:00:00-00:00","NP15","Wind","Renewable Forecast Actual Generation","RENEW_FCST_ACT_MW",3,1,119.8426,"ACTUAL",2
"44","2019-09-25",2,0,"2019-09-25T08:00:00-00:00","2019-09-25T09:00:00-00:00","NP15","Wind","Renewable Forecast Actual Generation","RENEW_FCST_ACT_MW",3,1,238.28729,"ACTUAL",2
"45","2019-09-25",2,0,"2019-09-25T08:00:00-00:00","2019-09-25T09:00:00-00:00","SP15","Solar","Renewable Forecast Actual Generation","RENEW_FCST_ACT_MW",3,3,91.2057,"ACTUAL",3
"46","2019-09-25",3,0,"2019-09-25T09:00:00-00:00","2019-09-25T10:00:00-00:00","SP15","Solar","Renewable Forecast Actual Generation","RENEW_FCST_ACT_MW",3,3,-10.44818,"ACTUAL",3
"47","2019-09-25",4,0,"2019-09-25T10:00:00-00:00","2019-09-25T11:00:00-00:00","SP15","Solar","Renewable Forecast Actual Generation","RENEW_FCST_ACT_MW",3,3,-12.08845,"ACTUAL",3
"48","2019-09-25",5,0,"2019-09-25T11:00:00-00:00","2019-09-25T12:00:00-00:00","SP15","Solar","Renewable Forecast Actual Generation","RENEW_FCST_ACT_MW",3,3,-12.15426,"ACTUAL",3
"49","2019-09-25",6,0,"2019-09-25T12:00:00-00:00","2019-09-25T13:00:00-00:00","SP15","Solar","Renewable Forecast Actual Generation","RENEW_FCST_ACT_MW",3,3,-10.1397,"ACTUAL",3
"50","2019-09-25",7,0,"2019-09-25T13:00:00-00:00","2019-09-25T14:00:00-00:00","SP15","Solar","Renewable Forecast Actual Generation","RENEW_FCST_ACT_MW",3,3,18.06107,"ACTUAL",3
"51","2019-09-25",8,0,"2019-09-25T14:00:00-00:00","2019-09-25T15:00:00-00:00","SP15","Solar","Renewable Forecast Actual Generation","RENEW_FCST_ACT_MW",3,3,1371.43917,"ACTUAL",3
"52","2019-09-25",9,0,"2019-09-25T15:00:00-00:00","2019-09-25T16:00:00-00:00","SP15","Solar","Renewable Forecast Actual Generation","RENEW_FCST_ACT_MW",3,3,4254.53474,"ACTUAL",3
"53","2019-09-25",10,0,"2019-09-25T16:00:00-00:00","2019-09-25T17:00:00-00:00","SP15","Solar","Renewable Forecast Actual Generation","RENEW_FCST_ACT_MW",3,3,5538.22577,"ACTUAL",3
"54","2019-09-25",11,0,"2019-09-25T17:00:00-00:00","2019-09-25T18:00:00-00:00","SP15","Solar","Renewable Forecast Actual Generation","RENEW_FCST_ACT_MW",3,3,5407.67238,"ACTUAL",3
"55","2019-09-25",12,0,"2019-09-25T18:00:00-00:00","2019-09-25T19:00:00-00:00","SP15","Solar","Renewable Forecast Actual Generation","RENEW_FCST_ACT_MW",3,3,5474.45202,"ACTUAL",3
"56","2019-09-25",13,0,"2019-09-25T19:00:00-00:00","2019-09-25T20:00:00-00:00","SP15","Solar","Renewable Forecast Actual Generation","RENEW_FCST_ACT_MW",3,3,5657.97326,"ACTUAL",3
"57","2019-09-25",14,0,"2019-09-25T20:00:00-00:00","2019-09-25T21:00:00-00:00","SP15","Solar","Renewable Forecast Actual Generation","RENEW_FCST_ACT_MW",3,3,5419.53779,"ACTUAL",3
"58","2019-09-25",15,0,"2019-09-25T21:00:00-00:00","2019-09-25T22:00:00-00:00","SP15","Solar","Renewable Forecast Actual Generation","RENEW_FCST_ACT_MW",3,3,4609.54206,"ACTUAL",3
"59","2019-09-25",16,0,"2019-09-25T22:00:00-00:00","2019-09-25T23:00:00-00:00","SP15","Solar","Renewable Forecast Actual Generation","RENEW_FCST_ACT_MW",3,3,3414.65872,"ACTUAL",3
"60","2019-09-25",17,0,"2019-09-25T23:00:00-00:00","2019-09-26T00:00:00-00:00","SP15","Solar","Renewable Forecast Actual Generation","RENEW_FCST_ACT_MW",3,3,2712.71073,"ACTUAL",3
"61","2019-09-25",18,0,"2019-09-26T00:00:00-00:00","2019-09-26T01:00:00-00:00","SP15","Solar","Renewable Forecast Actual Generation","RENEW_FCST_ACT_MW",3,3,1520.80973,"ACTUAL",3
"62","2019-09-25",19,0,"2019-09-26T01:00:00-00:00","2019-09-26T02:00:00-00:00","SP15","Solar","Renewable Forecast Actual Generation","RENEW_FCST_ACT_MW",3,3,132.45277,"ACTUAL",3
"63","2019-09-25",20,0,"2019-09-26T02:00:00-00:00","2019-09-26T03:00:00-00:00","SP15","Solar","Renewable Forecast Actual Generation","RENEW_FCST_ACT_MW",3,3,-7.6429,"ACTUAL",3
"64","2019-09-25",21,0,"2019-09-26T03:00:00-00:00","2019-09-26T04:00:00-00:00","SP15","Solar","Renewable Forecast Actual Generation","RENEW_FCST_ACT_MW",3,3,-5.7314,"ACTUAL",3
"65","2019-09-25",23,0,"2019-09-26T05:00:00-00:00","2019-09-26T06:00:00-00:00","SP15","Solar","Renewable Forecast Actual Generation","RENEW_FCST_ACT_MW",3,3,-7.48562,"ACTUAL",3
"66","2019-09-25",24,0,"2019-09-26T06:00:00-00:00","2019-09-26T07:00:00-00:00","SP15","Solar","Renewable Forecast Actual Generation","RENEW_FCST_ACT_MW",3,3,-11.60047,"ACTUAL",3
"67","2019-09-25",6,0,"2019-09-25T12:00:00-00:00","2019-09-25T13:00:00-00:00","SP15","Wind","Renewable Forecast Actual Generation","RENEW_FCST_ACT_MW",3,1,171.75929,"ACTUAL",4
"68","2019-09-25",2,0,"2019-09-25T08:00:00-00:00","2019-09-25T09:00:00-00:00","SP15","Wind","Renewable Forecast Actual Generation","RENEW_FCST_ACT_MW",3,1,912.16438,"ACTUAL",4
"69","2019-09-25",11,0,"2019-09-25T17:00:00-00:00","2019-09-25T18:00:00-00:00","SP15","Wind","Renewable Forecast Actual Generation","RENEW_FCST_ACT_MW",3,1,276.69775,"ACTUAL",4
"70","2019-09-25",21,0,"2019-09-26T03:00:00-00:00","2019-09-26T04:00:00-00:00","SP15","Wind","Renewable Forecast Actual Generation","RENEW_FCST_ACT_MW",3,1,167.51557,"ACTUAL",4
"71","2019-09-25",3,0,"2019-09-25T09:00:00-00:00","2019-09-25T10:00:00-00:00","SP15","Wind","Renewable Forecast Actual Generation","RENEW_FCST_ACT_MW",3,1,677.48728,"ACTUAL",4
"72","2019-09-25",20,0,"2019-09-26T02:00:00-00:00","2019-09-26T03:00:00-00:00","SP15","Wind","Renewable Forecast Actual Generation","RENEW_FCST_ACT_MW",3,1,197.23954,"ACTUAL",4
"73","2019-09-25",10,0,"2019-09-25T16:00:00-00:00","2019-09-25T17:00:00-00:00","SP15","Wind","Renewable Forecast Actual Generation","RENEW_FCST_ACT_MW",3,1,116.07229,"ACTUAL",4
"74","2019-09-25",19,0,"2019-09-26T01:00:00-00:00","2019-09-26T02:00:00-00:00","SP15","Wind","Renewable Forecast Actual Generation","RENEW_FCST_ACT_MW",3,1,375.72856,"ACTUAL",4
"75","2019-09-25",5,0,"2019-09-25T11:00:00-00:00","2019-09-25T12:00:00-00:00","SP15","Wind","Renewable Forecast Actual Generation","RENEW_FCST_ACT_MW",3,1,316.67131,"ACTUAL",4
"76","2019-09-25",18,0,"2019-09-26T00:00:00-00:00","2019-09-26T01:00:00-00:00","SP15","Wind","Renewable Forecast Actual Generation","RENEW_FCST_ACT_MW",3,1,327.90225,"ACTUAL",4
"77","2019-09-25",9,0,"2019-09-25T15:00:00-00:00","2019-09-25T16:00:00-00:00","SP15","Wind","Renewable Forecast Actual Generation","RENEW_FCST_ACT_MW",3,1,76.13733,"ACTUAL",4
"78","2019-09-25",17,0,"2019-09-25T23:00:00-00:00","2019-09-26T00:00:00-00:00","SP15","Wind","Renewable Forecast Actual Generation","RENEW_FCST_ACT_MW",3,1,241.20241,"ACTUAL",4
"79","2019-09-25",24,0,"2019-09-26T06:00:00-00:00","2019-09-26T07:00:00-00:00","SP15","Wind","Renewable Forecast Actual Generation","RENEW_FCST_ACT_MW",3,1,525.43884,"ACTUAL",4
"80","2019-09-25",16,0,"2019-09-25T22:00:00-00:00","2019-09-25T23:00:00-00:00","SP15","Wind","Renewable Forecast Actual Generation","RENEW_FCST_ACT_MW",3,1,242.16746,"ACTUAL",4
"81","2019-09-25",8,0,"2019-09-25T14:00:00-00:00","2019-09-25T15:00:00-00:00","SP15","Wind","Renewable Forecast Actual Generation","RENEW_FCST_ACT_MW",3,1,62.3973,"ACTUAL",4
"82","2019-09-25",15,0,"2019-09-25T21:00:00-00:00","2019-09-25T22:00:00-00:00","SP15","Wind","Renewable Forecast Actual Generation","RENEW_FCST_ACT_MW",3,1,333.2324,"ACTUAL",4
"83","2019-09-25",4,0,"2019-09-25T10:00:00-00:00","2019-09-25T11:00:00-00:00","SP15","Wind","Renewable Forecast Actual Generation","RENEW_FCST_ACT_MW",3,1,509.98194,"ACTUAL",4
"84","2019-09-25",14,0,"2019-09-25T20:00:00-00:00","2019-09-25T21:00:00-00:00","SP15","Wind","Renewable Forecast Actual Generation","RENEW_FCST_ACT_MW",3,1,356.82293,"ACTUAL",4
"85","2019-09-25",7,0,"2019-09-25T13:00:00-00:00","2019-09-25T14:00:00-00:00","SP15","Wind","Renewable Forecast Actual Generation","RENEW_FCST_ACT_MW",3,1,89.39132,"ACTUAL",4
"86","2019-09-25",13,0,"2019-09-25T19:00:00-00:00","2019-09-25T20:00:00-00:00","SP15","Wind","Renewable Forecast Actual Generation","RENEW_FCST_ACT_MW",3,1,403.80766,"ACTUAL",4
"87","2019-09-25",12,0,"2019-09-25T18:00:00-00:00","2019-09-25T19:00:00-00:00","SP15","Wind","Renewable Forecast Actual Generation","RENEW_FCST_ACT_MW",3,1,398.52638,"ACTUAL",4
"88","2019-09-25",23,0,"2019-09-26T05:00:00-00:00","2019-09-26T06:00:00-00:00","SP15","Wind","Renewable Forecast Actual Generation","RENEW_FCST_ACT_MW",3,1,267.07677,"ACTUAL",4
"89","2019-09-25",23,0,"2019-09-26T05:00:00-00:00","2019-09-26T06:00:00-00:00","ZP26","Solar","Renewable Forecast Actual Generation","RENEW_FCST_ACT_MW",3,3,-4.94514,"ACTUAL",5
"90","2019-09-25",21,0,"2019-09-26T03:00:00-00:00","2019-09-26T04:00:00-00:00","ZP26","Solar","Renewable Forecast Actual Generation","RENEW_FCST_ACT_MW",3,3,-5.06234,"ACTUAL",5
"91","2019-09-25",20,0,"2019-09-26T02:00:00-00:00","2019-09-26T03:00:00-00:00","ZP26","Solar","Renewable Forecast Actual Generation","RENEW_FCST_ACT_MW",3,3,-5.30819,"ACTUAL",5
"92","2019-09-25",19,0,"2019-09-26T01:00:00-00:00","2019-09-26T02:00:00-00:00","ZP26","Solar","Renewable Forecast Actual Generation","RENEW_FCST_ACT_MW",3,3,75.27173,"ACTUAL",5
"93","2019-09-25",18,0,"2019-09-26T00:00:00-00:00","2019-09-26T01:00:00-00:00","ZP26","Solar","Renewable Forecast Actual Generation","RENEW_FCST_ACT_MW",3,3,583.38339,"ACTUAL",5
"94","2019-09-25",17,0,"2019-09-25T23:00:00-00:00","2019-09-26T00:00:00-00:00","ZP26","Solar","Renewable Forecast Actual Generation","RENEW_FCST_ACT_MW",3,3,1066.55028,"ACTUAL",5
"95","2019-09-25",16,0,"2019-09-25T22:00:00-00:00","2019-09-25T23:00:00-00:00","ZP26","Solar","Renewable Forecast Actual Generation","RENEW_FCST_ACT_MW",3,3,1278.16326,"ACTUAL",5
"96","2019-09-25",15,0,"2019-09-25T21:00:00-00:00","2019-09-25T22:00:00-00:00","ZP26","Solar","Renewable Forecast Actual Generation","RENEW_FCST_ACT_MW",3,3,1351.42876,"ACTUAL",5
"97","2019-09-25",14,0,"2019-09-25T20:00:00-00:00","2019-09-25T21:00:00-00:00","ZP26","Solar","Renewable Forecast Actual Generation","RENEW_FCST_ACT_MW",3,3,1362.46187,"ACTUAL",5
"98","2019-09-25",13,0,"2019-09-25T19:00:00-00:00","2019-09-25T20:00:00-00:00","ZP26","Solar","Renewable Forecast Actual Generation","RENEW_FCST_ACT_MW",3,3,1381.255,"ACTUAL",5
"99","2019-09-25",12,0,"2019-09-25T18:00:00-00:00","2019-09-25T19:00:00-00:00","ZP26","Solar","Renewable Forecast Actual Generation","RENEW_FCST_ACT_MW",3,3,1383.13043,"ACTUAL",5
"100","2019-09-25",11,0,"2019-09-25T17:00:00-00:00","2019-09-25T18:00:00-00:00","ZP26","Solar","Renewable Forecast Actual Generation","RENEW_FCST_ACT_MW",3,3,1337.61189,"ACTUAL",5
"101","2019-09-25",10,0,"2019-09-25T16:00:00-00:00","2019-09-25T17:00:00-00:00","ZP26","Solar","Renewable Forecast Actual Generation","RENEW_FCST_ACT_MW",3,3,1210.13568,"ACTUAL",5
"102","2019-09-25",9,0,"2019-09-25T15:00:00-00:00","2019-09-25T16:00:00-00:00","ZP26","Solar","Renewable Forecast Actual Generation","RENEW_FCST_ACT_MW",3,3,850.23012,"ACTUAL",5
"103","2019-09-25",8,0,"2019-09-25T14:00:00-00:00","2019-09-25T15:00:00-00:00","ZP26","Solar","Renewable Forecast Actual Generation","RENEW_FCST_ACT_MW",3,3,219.99236,"ACTUAL",5
"104","2019-09-25",7,0,"2019-09-25T13:00:00-00:00","2019-09-25T14:00:00-00:00","ZP26","Solar","Renewable Forecast Actual Generation","RENEW_FCST_ACT_MW",3,3,-0.66168,"ACTUAL",5
"105","2019-09-25",6,0,"2019-09-25T12:00:00-00:00","2019-09-25T13:00:00-00:00","ZP26","Solar","Renewable Forecast Actual Generation","RENEW_FCST_ACT_MW",3,3,-1.09291,"ACTUAL",5
"106","2019-09-25",5,0,"2019-09-25T11:00:00-00:00","2019-09-25T12:00:00-00:00","ZP26","Solar","Renewable Forecast Actual Generation","RENEW_FCST_ACT_MW",3,3,-1.12242,"ACTUAL",5
"107","2019-09-25",4,0,"2019-09-25T10:00:00-00:00","2019-09-25T11:00:00-00:00","ZP26","Solar","Renewable Forecast Actual Generation","RENEW_FCST_ACT_MW",3,3,-0.99668,"ACTUAL",5
"108","2019-09-25",3,0,"2019-09-25T09:00:00-00:00","2019-09-25T10:00:00-00:00","ZP26","Solar","Renewable Forecast Actual Generation","RENEW_FCST_ACT_MW",3,3,-0.74694,"ACTUAL",5
"109","2019-09-25",2,0,"2019-09-25T08:00:00-00:00","2019-09-25T09:00:00-00:00","ZP26","Solar","Renewable Forecast Actual Generation","RENEW_FCST_ACT_MW",3,3,-0.68158,"ACTUAL",5
"110","2019-09-25",24,0,"2019-09-26T06:00:00-00:00","2019-09-26T07:00:00-00:00","ZP26","Solar","Renewable Forecast Actual Generation","RENEW_FCST_ACT_MW",3,3,-4.95971,"ACTUAL",5
"111","2019-09-26",1,0,"2019-09-26T07:00:00-00:00","2019-09-26T08:00:00-00:00","NP15","Solar","Renewable Forecast Actual Generation","RENEW_FCST_ACT_MW",3,3,-3.24345,"ACTUAL",6
"112","2019-09-26",1,0,"2019-09-26T07:00:00-00:00","2019-09-26T08:00:00-00:00","NP15","Wind","Renewable Forecast Actual Generation","RENEW_FCST_ACT_MW",3,1,112.01001,"ACTUAL",7
"113","2019-09-26",1,0,"2019-09-26T07:00:00-00:00","2019-09-26T08:00:00-00:00","SP15","Solar","Renewable Forecast Actual Generation","RENEW_FCST_ACT_MW",3,3,-11.19651,"ACTUAL",8
"114","2019-09-26",1,0,"2019-09-26T07:00:00-00:00","2019-09-26T08:00:00-00:00","SP15","Wind","Renewable Forecast Actual Generation","RENEW_FCST_ACT_MW",3,1,471.65086,"ACTUAL",9
"115","2019-09-26",1,0,"2019-09-26T07:00:00-00:00","2019-09-26T08:00:00-00:00","ZP26","Solar","Renewable Forecast Actual Generation","RENEW_FCST_ACT_MW",3,3,-4.93981,"ACTUAL",10
