"","OPR_DT","OPR_HR","OPR_INTERVAL","INTERVALSTARTTIME_GMT","INTERVALENDTIME_GMT","TRADING_HUB","RENEWABLE_TYPE","LABEL","XML_DATA_ITEM","MARKET_RUN_ID_POS","RENEW_POS","MW","MARKET_RUN_ID","GROUP"
"1","2019-10-07",2,0,"2019-10-07T08:00:00-00:00","2019-10-07T09:00:00-00:00","NP15","Solar","Renewable Forecast Actual Generation","RENEW_FCST_ACT_MW",3,3,-2.53556,"ACTUAL",1
"2","2019-10-07",3,0,"2019-10-07T09:00:00-00:00","2019-10-07T10:00:00-00:00","NP15","Solar","Renewable Forecast Actual Generation","RENEW_FCST_ACT_MW",3,3,-2.51867,"ACTUAL",1
"3","2019-10-07",4,0,"2019-10-07T10:00:00-00:00","2019-10-07T11:00:00-00:00","NP15","Solar","Renewable Forecast Actual Generation","RENEW_FCST_ACT_MW",3,3,-2.50631,"ACTUAL",1
"4","2019-10-07",5,0,"2019-10-07T11:00:00-00:00","2019-10-07T12:00:00-00:00","NP15","Solar","Renewable Forecast Actual Generation","RENEW_FCST_ACT_MW",3,3,-2.48537,"ACTUAL",1
"5","2019-10-07",6,0,"2019-10-07T12:00:00-00:00","2019-10-07T13:00:00-00:00","NP15","Solar","Renewable Forecast Actual Generation","RENEW_FCST_ACT_MW",3,3,-2.44913,"ACTUAL",1
"6","2019-10-07",7,0,"2019-10-07T13:00:00-00:00","2019-10-07T14:00:00-00:00","NP15","Solar","Renewable Forecast Actual Generation","RENEW_FCST_ACT_MW",3,3,-2.33526,"ACTUAL",1
"7","2019-10-07",8,0,"2019-10-07T14:00:00-00:00","2019-10-07T15:00:00-00:00","NP15","Solar","Renewable Forecast Actual Generation","RENEW_FCST_ACT_MW",3,3,98.68085,"ACTUAL",1
"8","2019-10-07",9,0,"2019-10-07T15:00:00-00:00","2019-10-07T16:00:00-00:00","NP15","Solar","Renewable Forecast Actual Generation","RENEW_FCST_ACT_MW",3,3,591.41118,"ACTUAL",1
"9","2019-10-07",10,0,"2019-10-07T16:00:00-00:00","2019-10-07T17:00:00-00:00","NP15","Solar","Renewable Forecast Actual Generation","RENEW_FCST_ACT_MW",3,3,954.62919,"ACTUAL",1
"10","2019-10-07",11,0,"2019-10-07T17:00:00-00:00","2019-10-07T18:00:00-00:00","NP15","Solar","Renewable Forecast Actual Generation","RENEW_FCST_ACT_MW",3,3,1069.20807,"ACTUAL",1
"11","2019-10-07",12,0,"2019-10-07T18:00:00-00:00","2019-10-07T19:00:00-00:00","NP15","Solar","Renewable Forecast Actual Generation","RENEW_FCST_ACT_MW",3,3,1088.893,"ACTUAL",1
"12","2019-10-07",13,0,"2019-10-07T19:00:00-00:00","2019-10-07T20:00:00-00:00","NP15","Solar","Renewable Forecast Actual Generation","RENEW_FCST_ACT_MW",3,3,1089.45692,"ACTUAL",1
"13","2019-10-07",14,0,"2019-10-07T20:00:00-00:00","2019-10-07T21:00:00-00:00","NP15","Solar","Renewable Forecast Actual Generation","RENEW_FCST_ACT_MW",3,3,1099.97176,"ACTUAL",1
"14","2019-10-07",15,0,"2019-10-07T21:00:00-00:00","2019-10-07T22:00:00-00:00","NP15","Solar","Renewable Forecast Actual Generation","RENEW_FCST_ACT_MW",3,3,1126.72433,"ACTUAL",1
"15","2019-10-07",16,0,"2019-10-07T22:00:00-00:00","2019-10-07T23:00:00-00:00","NP15","Solar","Renewable Forecast Actual Generation","RENEW_FCST_ACT_MW",3,3,1134.05806,"ACTUAL",1
"16","2019-10-07",17,0,"2019-10-07T23:00:00-00:00","2019-10-08T00:00:00-00:00","NP15","Solar","Renewable Forecast Actual Generation","RENEW_FCST_ACT_MW",3,3,1004.72482,"ACTUAL",1
"17","2019-10-07",18,0,"2019-10-08T00:00:00-00:00","2019-10-08T01:00:00-00:00","NP15","Solar","Renewable Forecast Actual Generation","RENEW_FCST_ACT_MW",3,3,466.66078,"ACTUAL",1
"18","2019-10-07",19,0,"2019-10-08T01:00:00-00:00","2019-10-08T02:00:00-00:00","NP15","Solar","Renewable Forecast Actual Generation","RENEW_FCST_ACT_MW",3,3,22.392,"ACTUAL",1
"19","2019-10-07",20,0,"2019-10-08T02:00:00-00:00","2019-10-08T03:00:00-00:00","NP15","Solar","Renewable Forecast Actual Generation","RENEW_FCST_ACT_MW",3,3,-2.27022,"ACTUAL",1
"20","2019-10-07",21,0,"2019-10-08T03:00:00-00:00","2019-10-08T04:00:00-00:00","NP15","Solar","Renewable Forecast Actual Generation","RENEW_FCST_ACT_MW",3,3,-2.24044,"ACTUAL",1
"21","2019-10-07",22,0,"2019-10-08T04:00:00-00:00","2019-10-08T05:00:00-00:00","NP15","Solar","Renewable Forecast Actual Generation","RENEW_FCST_ACT_MW",3,3,-2.22826,"ACTUAL",1
"22","2019-10-07",23,0,"2019-10-08T05:00:00-00:00","2019-10-08T06:00:00-00:00","NP15","Solar","Renewable Forecast Actual Generation","RENEW_FCST_ACT_MW",3,3,-2.23222,"ACTUAL",1
"23","2019-10-07",24,0,"2019-10-08T06:00:00-00:00","2019-10-08T07:00:00-00:00","NP15","Solar","Renewable Forecast Actual Generation","RENEW_FCST_ACT_MW",3,3,-2.24766,"ACTUAL",1
"24","2019-10-07",18,0,"2019-10-08T00:00:00-00:00","2019-10-08T01:00:00-00:00","NP15","Wind","Renewable Forecast Actual Generation","RENEW_FCST_ACT_MW",3,1,25.24017,"ACTUAL",2
"25","2019-10-07",6,0,"2019-10-07T12:00:00-00:00","2019-10-07T13:00:00-00:00","NP15","Wind","Renewable Forecast Actual Generation","RENEW_FCST_ACT_MW",3,1,16.48653,"ACTUAL",2
"26","2019-10-07",17,0,"2019-10-07T23:00:00-00:00","2019-10-08T00:00:00-00:00","NP15","Wind","Renewable Forecast Actual Generation","RENEW_FCST_ACT_MW",3,1,23.65929,"ACTUAL",2
"27","2019-10-07",16,0,"2019-10-07T22:00:00-00:00","2019-10-07T23:00:00-00:00","NP15","Wind","Renewable Forecast Actual Generation","RENEW_FCST_ACT_MW",3,1,14.93905,"ACTUAL",2
"28","2019-10-07",15,0,"2019-10-07T21:00:00-00:00","2019-10-07T22:00:00-00:00","NP15","Wind","Renewable Forecast Actual Generation","RENEW_FCST_ACT_MW",3,1,11.00893,"ACTUAL",2
"29","2019-10-07",14,0,"2019-10-07T20:00:00-00:00","2019-10-07T21:00:00-00:00","NP15","Wind","Renewable Forecast Actual Generation","RENEW_FCST_ACT_MW",3,1,3.61716,"ACTUAL",2
"30","2019-10-07",13,0,"2019-10-07T19:00:00-00:00","2019-10-07T20:00:00-00:00","NP15","Wind","Renewable Forecast Actual Generation","RENEW_FCST_ACT_MW",3,1,9.21148,"ACTUAL",2
"31","2019-10-07",12,0,"2019-10-07T18:00:00-00:00","2019-10-07T19:00:00-00:00","NP15","Wind","Renewable Forecast Actual Generation","RENEW_FCST_ACT_MW",3,1,18.01264,"ACTUAL",2
"32","2019-10-07",11,0,"2019-10-07T17:00:00-00:00","2019-10-07T18:00:00-00:00","NP15","Wind","Renewable Forecast Actual Generation","RENEW_FCST_ACT_MW",3,1,26.92632,"ACTUAL",2
"33","2019-10-07",10,0,"2019-10-07T16:00:00-00:00","2019-10-07T17:00:00-00:00","NP15","Wind","Renewable Forecast Actual Generation","RENEW_FCST_ACT_MW",3,1,43.07914,"ACTUAL",2
"34","2019-10-07",9,0,"2019-10-07T15:00:00-00:00","2019-10-07T16:00:00-00:00","NP15","Wind","Renewable Forecast Actual Generation","RENEW_FCST_ACT_MW",3,1,33.53768,"ACTUAL",2
"35","2019-10-07",8,0,"2019-10-07T14:00:00-00:00","2019-10-07T15:00:00-00:00","NP15","Wind","Renewable Forecast Actual Generation","RENEW_FCST_ACT_MW",3,1,39.32986,"ACTUAL",2
"36","2019-10-07",7,0,"2019-10-07T13:00:00-00:00","2019-10-07T14:00:00-00:00","NP15","Wind","Renewable Forecast Actual Generation","RENEW_FCST_ACT_MW",3,1,27.53995,"ACTUAL",2
"37","2019-10-07",5,0,"2019-10-07T11:00:00-00:00","2019-10-07T12:00:00-00:00","NP15","Wind","Renewable Forecast Actual Generation","RENEW_FCST_ACT_MW",3,1,-4.95361,"ACTUAL",2
"38","2019-10-07",4,0,"2019-10-07T10:00:00-00:00","2019-10-07T11:00:00-00:00","NP15","Wind","Renewable Forecast Actual Generation","RENEW_FCST_ACT_MW",3,1,-9.05191,"ACTUAL",2
"39","2019-10-07",3,0,"2019-10-07T09:00:00-00:00","2019-10-07T10:00:00-00:00","NP15","Wind","Renewable Forecast Actual Generation","RENEW_FCST_ACT_MW",3,1,-9.08045,"ACTUAL",2
"40","2019-10-07",2,0,"2019-10-07T08:00:00-00:00","2019-10-07T09:00:00-00:00","NP15","Wind","Renewable Forecast Actual Generation","RENEW_FCST_ACT_MW",3,1,-8.7603,"ACTUAL",2
"41","2019-10-07",24,0,"2019-10-08T06:00:00-00:00","2019-10-08T07:00:00-00:00","NP15","Wind","Renewable Forecast Actual Generation","RENEW_FCST_ACT_MW",3,1,407.62353,"ACTUAL",2
"42","2019-10-07",23,0,"2019-10-08T05:00:00-00:00","2019-10-08T06:00:00-00:00","NP15","Wind","Renewable Forecast Actual Generation","RENEW_FCST_ACT_MW",3,1,317.04257,"ACTUAL",2
"43","2019-10-07",22,0,"2019-10-08T04:00:00-00:00","2019-10-08T05:00:00-00:00","NP15","Wind","Renewable Forecast Actual Generation","RENEW_FCST_ACT_MW",3,1,227.76203,"ACTUAL",2
"44","2019-10-07",21,0,"2019-10-08T03:00:00-00:00","2019-10-08T04:00:00-00:00","NP15","Wind","Renewable Forecast Actual Generation","RENEW_FCST_ACT_MW",3,1,129.95856,"ACTUAL",2
"45","2019-10-07",20,0,"2019-10-08T02:00:00-00:00","2019-10-08T03:00:00-00:00","NP15","Wind","Renewable Forecast Actual Generation","RENEW_FCST_ACT_MW",3,1,41.4338,"ACTUAL",2
"46","2019-10-07",19,0,"2019-10-08T01:00:00-00:00","2019-10-08T02:00:00-00:00","NP15","Wind","Renewable Forecast Actual Generation","RENEW_FCST_ACT_MW",3,1,26.9464,"ACTUAL",2
"47","2019-10-07",6,0,"2019-10-07T12:00:00-00:00","2019-10-07T13:00:00-00:00","SP15","Solar","Renewable Forecast Actual Generation","RENEW_FCST_ACT_MW",3,3,-16.16491,"ACTUAL",3
"48","2019-10-07",18,0,"2019-10-08T00:00:00-00:00","2019-10-08T01:00:00-00:00","SP15","Solar","Renewable Forecast Actual Generation","RENEW_FCST_ACT_MW",3,3,2048.80821,"ACTUAL",3
"49","2019-10-07",5,0,"2019-10-07T11:00:00-00:00","2019-10-07T12:00:00-00:00","SP15","Solar","Renewable Forecast Actual Generation","RENEW_FCST_ACT_MW",3,3,-13.98865,"ACTUAL",3
"50","2019-10-07",11,0,"2019-10-07T17:00:00-00:00","2019-10-07T18:00:00-00:00","SP15","Solar","Renewable Forecast Actual Generation","RENEW_FCST_ACT_MW",3,3,6192.11286,"ACTUAL",3
"51","2019-10-07",4,0,"2019-10-07T10:00:00-00:00","2019-10-07T11:00:00-00:00","SP15","Solar","Renewable Forecast Actual Generation","RENEW_FCST_ACT_MW",3,3,-14.00001,"ACTUAL",3
"52","2019-10-07",15,0,"2019-10-07T21:00:00-00:00","2019-10-07T22:00:00-00:00","SP15","Solar","Renewable Forecast Actual Generation","RENEW_FCST_ACT_MW",3,3,6746.34576,"ACTUAL",3
"53","2019-10-07",3,0,"2019-10-07T09:00:00-00:00","2019-10-07T10:00:00-00:00","SP15","Solar","Renewable Forecast Actual Generation","RENEW_FCST_ACT_MW",3,3,-12.64144,"ACTUAL",3
"54","2019-10-07",10,0,"2019-10-07T16:00:00-00:00","2019-10-07T17:00:00-00:00","SP15","Solar","Renewable Forecast Actual Generation","RENEW_FCST_ACT_MW",3,3,5632.63049,"ACTUAL",3
"55","2019-10-07",2,0,"2019-10-07T08:00:00-00:00","2019-10-07T09:00:00-00:00","SP15","Solar","Renewable Forecast Actual Generation","RENEW_FCST_ACT_MW",3,3,-12.44827,"ACTUAL",3
"56","2019-10-07",13,0,"2019-10-07T19:00:00-00:00","2019-10-07T20:00:00-00:00","SP15","Solar","Renewable Forecast Actual Generation","RENEW_FCST_ACT_MW",3,3,6983.63287,"ACTUAL",3
"57","2019-10-07",24,0,"2019-10-08T06:00:00-00:00","2019-10-08T07:00:00-00:00","SP15","Solar","Renewable Forecast Actual Generation","RENEW_FCST_ACT_MW",3,3,-15.27967,"ACTUAL",3
"58","2019-10-07",9,0,"2019-10-07T15:00:00-00:00","2019-10-07T16:00:00-00:00","SP15","Solar","Renewable Forecast Actual Generation","RENEW_FCST_ACT_MW",3,3,4742.50213,"ACTUAL",3
"59","2019-10-07",23,0,"2019-10-08T05:00:00-00:00","2019-10-08T06:00:00-00:00","SP15","Solar","Renewable Forecast Actual Generation","RENEW_FCST_ACT_MW",3,3,-14.6944,"ACTUAL",3
"60","2019-10-07",16,0,"2019-10-07T22:00:00-00:00","2019-10-07T23:00:00-00:00","SP15","Solar","Renewable Forecast Actual Generation","RENEW_FCST_ACT_MW",3,3,6478.9301,"ACTUAL",3
"61","2019-10-07",22,0,"2019-10-08T04:00:00-00:00","2019-10-08T05:00:00-00:00","SP15","Solar","Renewable Forecast Actual Generation","RENEW_FCST_ACT_MW",3,3,-14.37048,"ACTUAL",3
"62","2019-10-07",8,0,"2019-10-07T14:00:00-00:00","2019-10-07T15:00:00-00:00","SP15","Solar","Renewable Forecast Actual Generation","RENEW_FCST_ACT_MW",3,3,1425.71099,"ACTUAL",3
"63","2019-10-07",21,0,"2019-10-08T03:00:00-00:00","2019-10-08T04:00:00-00:00","SP15","Solar","Renewable Forecast Actual Generation","RENEW_FCST_ACT_MW",3,3,-13.68918,"ACTUAL",3
"64","2019-10-07",12,0,"2019-10-07T18:00:00-00:00","2019-10-07T19:00:00-00:00","SP15","Solar","Renewable Forecast Actual Generation","RENEW_FCST_ACT_MW",3,3,6994.13106,"ACTUAL",3
"65","2019-10-07",20,0,"2019-10-08T02:00:00-00:00","2019-10-08T03:00:00-00:00","SP15","Solar","Renewable Forecast Actual Generation","RENEW_FCST_ACT_MW",3,3,-14.69003,"ACTUAL",3
"66","2019-10-07",7,0,"2019-10-07T13:00:00-00:00","2019-10-07T14:00:00-00:00","SP15","Solar","Renewable Forecast Actual Generation","RENEW_FCST_ACT_MW",3,3,1.01376,"ACTUAL",3
"67","2019-10-07",19,0,"2019-10-08T01:00:00-00:00","2019-10-08T02:00:00-00:00","SP15","Solar","Renewable Forecast Actual Generation","RENEW_FCST_ACT_MW",3,3,97.82303,"ACTUAL",3
"68","2019-10-07",14,0,"2019-10-07T20:00:00-00:00","2019-10-07T21:00:00-00:00","SP15","Solar","Renewable Forecast Actual Generation","RENEW_FCST_ACT_MW",3,3,7005.46051,"ACTUAL",3
"69","2019-10-07",17,0,"2019-10-07T23:00:00-00:00","2019-10-08T00:00:00-00:00","SP15","Solar","Renewable Forecast Actual Generation","RENEW_FCST_ACT_MW",3,3,5187.62986,"ACTUAL",3
"70","2019-10-07",18,0,"2019-10-08T00:00:00-00:00","2019-10-08T01:00:00-00:00","SP15","Wind","Renewable Forecast Actual Generation","RENEW_FCST_ACT_MW",3,1,727.24025,"ACTUAL",4
"71","2019-10-07",19,0,"2019-10-08T01:00:00-00:00","2019-10-08T02:00:00-00:00","SP15","Wind","Renewable Forecast Actual Generation","RENEW_FCST_ACT_MW",3,1,779.78957,"ACTUAL",4
"72","2019-10-07",20,0,"2019-10-08T02:00:00-00:00","2019-10-08T03:00:00-00:00","SP15","Wind","Renewable Forecast Actual Generation","RENEW_FCST_ACT_MW",3,1,930.93014,"ACTUAL",4
"73","2019-10-07",21,0,"2019-10-08T03:00:00-00:00","2019-10-08T04:00:00-00:00","SP15","Wind","Renewable Forecast Actual Generation","RENEW_FCST_ACT_MW",3,1,1194.99372,"ACTUAL",4
"74","2019-10-07",22,0,"2019-10-08T04:00:00-00:00","2019-10-08T05:00:00-00:00","SP15","Wind","Renewable Forecast Actual Generation","RENEW_FCST_ACT_MW",3,1,1360.71469,"ACTUAL",4
"75","2019-10-07",23,0,"2019-10-08T05:00:00-00:00","2019-10-08T06:00:00-00:00","SP15","Wind","Renewable Forecast Actual Generation","RENEW_FCST_ACT_MW",3,1,1395.37542,"ACTUAL",4
"76","2019-10-07",24,0,"2019-10-08T06:00:00-00:00","2019-10-08T07:00:00-00:00","SP15","Wind","Renewable Forecast Actual Generation","RENEW_FCST_ACT_MW",3,1,1370.04864,"ACTUAL",4
"77","2019-10-07",2,0,"2019-10-07T08:00:00-00:00","2019-10-07T09:00:00-00:00","SP15","Wind","Renewable Forecast Actual Generation","RENEW_FCST_ACT_MW",3,1,101.54902,"ACTUAL",4
"78","2019-10-07",3,0,"2019-10-07T09:00:00-00:00","2019-10-07T10:00:00-00:00","SP15","Wind","Renewable Forecast Actual Generation","RENEW_FCST_ACT_MW",3,1,108.1476,"ACTUAL",4
"79","2019-10-07",4,0,"2019-10-07T10:00:00-00:00","2019-10-07T11:00:00-00:00","SP15","Wind","Renewable Forecast Actual Generation","RENEW_FCST_ACT_MW",3,1,103.61487,"ACTUAL",4
"80","2019-10-07",5,0,"2019-10-07T11:00:00-00:00","2019-10-07T12:00:00-00:00","SP15","Wind","Renewable Forecast Actual Generation","RENEW_FCST_ACT_MW",3,1,91.72802,"ACTUAL",4
"81","2019-10-07",6,0,"2019-10-07T12:00:00-00:00","2019-10-07T13:00:00-00:00","SP15","Wind","Renewable Forecast Actual Generation","RENEW_FCST_ACT_MW",3,1,93.23167,"ACTUAL",4
"82","2019-10-07",7,0,"2019-10-07T13:00:00-00:00","2019-10-07T14:00:00-00:00","SP15","Wind","Renewable Forecast Actual Generation","RENEW_FCST_ACT_MW",3,1,87.17737,"ACTUAL",4
"83","2019-10-07",8,0,"2019-10-07T14:00:00-00:00","2019-10-07T15:00:00-00:00","SP15","Wind","Renewable Forecast Actual Generation","RENEW_FCST_ACT_MW",3,1,82.18029,"ACTUAL",4
"84","2019-10-07",9,0,"2019-10-07T15:00:00-00:00","2019-10-07T16:00:00-00:00","SP15","Wind","Renewable Forecast Actual Generation","RENEW_FCST_ACT_MW",3,1,66.4411,"ACTUAL",4
"85","2019-10-07",10,0,"2019-10-07T16:00:00-00:00","2019-10-07T17:00:00-00:00","SP15","Wind","Renewable Forecast Actual Generation","RENEW_FCST_ACT_MW",3,1,60.09392,"ACTUAL",4
"86","2019-10-07",11,0,"2019-10-07T17:00:00-00:00","2019-10-07T18:00:00-00:00","SP15","Wind","Renewable Forecast Actual Generation","RENEW_FCST_ACT_MW",3,1,65.58406,"ACTUAL",4
"87","2019-10-07",12,0,"2019-10-07T18:00:00-00:00","2019-10-07T19:00:00-00:00","SP15","Wind","Renewable Forecast Actual Generation","RENEW_FCST_ACT_MW",3,1,74.61154,"ACTUAL",4
"88","2019-10-07",13,0,"2019-10-07T19:00:00-00:00","2019-10-07T20:00:00-00:00","SP15","Wind","Renewable Forecast Actual Generation","RENEW_FCST_ACT_MW",3,1,73.14942,"ACTUAL",4
"89","2019-10-07",14,0,"2019-10-07T20:00:00-00:00","2019-10-07T21:00:00-00:00","SP15","Wind","Renewable Forecast Actual Generation","RENEW_FCST_ACT_MW",3,1,88.90857,"ACTUAL",4
"90","2019-10-07",15,0,"2019-10-07T21:00:00-00:00","2019-10-07T22:00:00-00:00","SP15","Wind","Renewable Forecast Actual Generation","RENEW_FCST_ACT_MW",3,1,97.74682,"ACTUAL",4
"91","2019-10-07",16,0,"2019-10-07T22:00:00-00:00","2019-10-07T23:00:00-00:00","SP15","Wind","Renewable Forecast Actual Generation","RENEW_FCST_ACT_MW",3,1,115.48864,"ACTUAL",4
"92","2019-10-07",17,0,"2019-10-07T23:00:00-00:00","2019-10-08T00:00:00-00:00","SP15","Wind","Renewable Forecast Actual Generation","RENEW_FCST_ACT_MW",3,1,291.51365,"ACTUAL",4
"93","2019-10-07",18,0,"2019-10-08T00:00:00-00:00","2019-10-08T01:00:00-00:00","ZP26","Solar","Renewable Forecast Actual Generation","RENEW_FCST_ACT_MW",3,3,836.2491,"ACTUAL",5
"94","2019-10-07",17,0,"2019-10-07T23:00:00-00:00","2019-10-08T00:00:00-00:00","ZP26","Solar","Renewable Forecast Actual Generation","RENEW_FCST_ACT_MW",3,3,1305.76813,"ACTUAL",5
"95","2019-10-07",20,0,"2019-10-08T02:00:00-00:00","2019-10-08T03:00:00-00:00","ZP26","Solar","Renewable Forecast Actual Generation","RENEW_FCST_ACT_MW",3,3,-3.57225,"ACTUAL",5
"96","2019-10-07",21,0,"2019-10-08T03:00:00-00:00","2019-10-08T04:00:00-00:00","ZP26","Solar","Renewable Forecast Actual Generation","RENEW_FCST_ACT_MW",3,3,-3.46463,"ACTUAL",5
"97","2019-10-07",22,0,"2019-10-08T04:00:00-00:00","2019-10-08T05:00:00-00:00","ZP26","Solar","Renewable Forecast Actual Generation","RENEW_FCST_ACT_MW",3,3,-3.44351,"ACTUAL",5
"98","2019-10-07",23,0,"2019-10-08T05:00:00-00:00","2019-10-08T06:00:00-00:00","ZP26","Solar","Renewable Forecast Actual Generation","RENEW_FCST_ACT_MW",3,3,-3.4088,"ACTUAL",5
"99","2019-10-07",24,0,"2019-10-08T06:00:00-00:00","2019-10-08T07:00:00-00:00","ZP26","Solar","Renewable Forecast Actual Generation","RENEW_FCST_ACT_MW",3,3,-3.40671,"ACTUAL",5
"100","2019-10-07",2,0,"2019-10-07T08:00:00-00:00","2019-10-07T09:00:00-00:00","ZP26","Solar","Renewable Forecast Actual Generation","RENEW_FCST_ACT_MW",3,3,-5.28408,"ACTUAL",5
"101","2019-10-07",3,0,"2019-10-07T09:00:00-00:00","2019-10-07T10:00:00-00:00","ZP26","Solar","Renewable Forecast Actual Generation","RENEW_FCST_ACT_MW",3,3,-5.27902,"ACTUAL",5
"102","2019-10-07",4,0,"2019-10-07T10:00:00-00:00","2019-10-07T11:00:00-00:00","ZP26","Solar","Renewable Forecast Actual Generation","RENEW_FCST_ACT_MW",3,3,-5.39181,"ACTUAL",5
"103","2019-10-07",5,0,"2019-10-07T11:00:00-00:00","2019-10-07T12:00:00-00:00","ZP26","Solar","Renewable Forecast Actual Generation","RENEW_FCST_ACT_MW",3,3,-5.37147,"ACTUAL",5
"104","2019-10-07",6,0,"2019-10-07T12:00:00-00:00","2019-10-07T13:00:00-00:00","ZP26","Solar","Renewable Forecast Actual Generation","RENEW_FCST_ACT_MW",3,3,-5.36536,"ACTUAL",5
"105","2019-10-07",7,0,"2019-10-07T13:00:00-00:00","2019-10-07T14:00:00-00:00","ZP26","Solar","Renewable Forecast Actual Generation","RENEW_FCST_ACT_MW",3,3,-5.41815,"ACTUAL",5
"106","2019-10-07",8,0,"2019-10-07T14:00:00-00:00","2019-10-07T15:00:00-00:00","ZP26","Solar","Renewable Forecast Actual Generation","RENEW_FCST_ACT_MW",3,3,154.26916,"ACTUAL",5
"107","2019-10-07",9,0,"2019-10-07T15:00:00-00:00","2019-10-07T16:00:00-00:00","ZP26","Solar","Renewable Forecast Actual Generation","RENEW_FCST_ACT_MW",3,3,792.87855,"ACTUAL",5
"108","2019-10-07",10,0,"2019-10-07T16:00:00-00:00","2019-10-07T17:00:00-00:00","ZP26","Solar","Renewable Forecast Actual Generation","RENEW_FCST_ACT_MW",3,3,933.38345,"ACTUAL",5
"109","2019-10-07",11,0,"2019-10-07T17:00:00-00:00","2019-10-07T18:00:00-00:00","ZP26","Solar","Renewable Forecast Actual Generation","RENEW_FCST_ACT_MW",3,3,1392.69486,"ACTUAL",5
"110","2019-10-07",12,0,"2019-10-07T18:00:00-00:00","2019-10-07T19:00:00-00:00","ZP26","Solar","Renewable Forecast Actual Generation","RENEW_FCST_ACT_MW",3,3,1447.73824,"ACTUAL",5
"111","2019-10-07",13,0,"2019-10-07T19:00:00-00:00","2019-10-07T20:00:00-00:00","ZP26","Solar","Renewable Forecast Actual Generation","RENEW_FCST_ACT_MW",3,3,1502.11653,"ACTUAL",5
"112","2019-10-07",14,0,"2019-10-07T20:00:00-00:00","2019-10-07T21:00:00-00:00","ZP26","Solar","Renewable Forecast Actual Generation","RENEW_FCST_ACT_MW",3,3,1509.43031,"ACTUAL",5
"113","2019-10-07",15,0,"2019-10-07T21:00:00-00:00","2019-10-07T22:00:00-00:00","ZP26","Solar","Renewable Forecast Actual Generation","RENEW_FCST_ACT_MW",3,3,1500.73916,"ACTUAL",5
"114","2019-10-07",16,0,"2019-10-07T22:00:00-00:00","2019-10-07T23:00:00-00:00","ZP26","Solar","Renewable Forecast Actual Generation","RENEW_FCST_ACT_MW",3,3,1448.22041,"ACTUAL",5
"115","2019-10-07",19,0,"2019-10-08T01:00:00-00:00","2019-10-08T02:00:00-00:00","ZP26","Solar","Renewable Forecast Actual Generation","RENEW_FCST_ACT_MW",3,3,61.3215,"ACTUAL",5
"116","2019-10-08",1,0,"2019-10-08T07:00:00-00:00","2019-10-08T08:00:00-00:00","NP15","Solar","Renewable Forecast Actual Generation","RENEW_FCST_ACT_MW",3,3,-2.27337,"ACTUAL",6
"117","2019-10-08",1,0,"2019-10-08T07:00:00-00:00","2019-10-08T08:00:00-00:00","NP15","Wind","Renewable Forecast Actual Generation","RENEW_FCST_ACT_MW",3,1,351.97215,"ACTUAL",7
"118","2019-10-08",1,0,"2019-10-08T07:00:00-00:00","2019-10-08T08:00:00-00:00","SP15","Solar","Renewable Forecast Actual Generation","RENEW_FCST_ACT_MW",3,3,-14.89185,"ACTUAL",8
"119","2019-10-08",1,0,"2019-10-08T07:00:00-00:00","2019-10-08T08:00:00-00:00","SP15","Wind","Renewable Forecast Actual Generation","RENEW_FCST_ACT_MW",3,1,1646.5382,"ACTUAL",9
"120","2019-10-08",1,0,"2019-10-08T07:00:00-00:00","2019-10-08T08:00:00-00:00","ZP26","Solar","Renewable Forecast Actual Generation","RENEW_FCST_ACT_MW",3,3,-3.44059,"ACTUAL",10
