"","OPR_DT","OPR_HR","OPR_INTERVAL","INTERVALSTARTTIME_GMT","INTERVALENDTIME_GMT","TRADING_HUB","RENEWABLE_TYPE","LABEL","XML_DATA_ITEM","MARKET_RUN_ID_POS","RENEW_POS","MW","MARKET_RUN_ID","GROUP"
"1","2019-06-26",2,0,"2019-06-26T08:00:00-00:00","2019-06-26T09:00:00-00:00","NP15","Solar","Renewable Forecast Actual Generation","RENEW_FCST_ACT_MW",3,3,-2.65312,"ACTUAL",1
"2","2019-06-26",3,0,"2019-06-26T09:00:00-00:00","2019-06-26T10:00:00-00:00","NP15","Solar","Renewable Forecast Actual Generation","RENEW_FCST_ACT_MW",3,3,-2.65464,"ACTUAL",1
"3","2019-06-26",4,0,"2019-06-26T10:00:00-00:00","2019-06-26T11:00:00-00:00","NP15","Solar","Renewable Forecast Actual Generation","RENEW_FCST_ACT_MW",3,3,-2.65042,"ACTUAL",1
"4","2019-06-26",5,0,"2019-06-26T11:00:00-00:00","2019-06-26T12:00:00-00:00","NP15","Solar","Renewable Forecast Actual Generation","RENEW_FCST_ACT_MW",3,3,-2.65352,"ACTUAL",1
"5","2019-06-26",6,0,"2019-06-26T12:00:00-00:00","2019-06-26T13:00:00-00:00","NP15","Solar","Renewable Forecast Actual Generation","RENEW_FCST_ACT_MW",3,3,-1.24325,"ACTUAL",1
"6","2019-06-26",7,0,"2019-06-26T13:00:00-00:00","2019-06-26T14:00:00-00:00","NP15","Solar","Renewable Forecast Actual Generation","RENEW_FCST_ACT_MW",3,3,257.23466,"ACTUAL",1
"7","2019-06-26",8,0,"2019-06-26T14:00:00-00:00","2019-06-26T15:00:00-00:00","NP15","Solar","Renewable Forecast Actual Generation","RENEW_FCST_ACT_MW",3,3,970.48043,"ACTUAL",1
"8","2019-06-26",9,0,"2019-06-26T15:00:00-00:00","2019-06-26T16:00:00-00:00","NP15","Solar","Renewable Forecast Actual Generation","RENEW_FCST_ACT_MW",3,3,1304.99892,"ACTUAL",1
"9","2019-06-26",10,0,"2019-06-26T16:00:00-00:00","2019-06-26T17:00:00-00:00","NP15","Solar","Renewable Forecast Actual Generation","RENEW_FCST_ACT_MW",3,3,1382.99285,"ACTUAL",1
"10","2019-06-26",11,0,"2019-06-26T17:00:00-00:00","2019-06-26T18:00:00-00:00","NP15","Solar","Renewable Forecast Actual Generation","RENEW_FCST_ACT_MW",3,3,1341.43715,"ACTUAL",1
"11","2019-06-26",12,0,"2019-06-26T18:00:00-00:00","2019-06-26T19:00:00-00:00","NP15","Solar","Renewable Forecast Actual Generation","RENEW_FCST_ACT_MW",3,3,1378.41455,"ACTUAL",1
"12","2019-06-26",13,0,"2019-06-26T19:00:00-00:00","2019-06-26T20:00:00-00:00","NP15","Solar","Renewable Forecast Actual Generation","RENEW_FCST_ACT_MW",3,3,1382.11524,"ACTUAL",1
"13","2019-06-26",14,0,"2019-06-26T20:00:00-00:00","2019-06-26T21:00:00-00:00","NP15","Solar","Renewable Forecast Actual Generation","RENEW_FCST_ACT_MW",3,3,1394.73785,"ACTUAL",1
"14","2019-06-26",15,0,"2019-06-26T21:00:00-00:00","2019-06-26T22:00:00-00:00","NP15","Solar","Renewable Forecast Actual Generation","RENEW_FCST_ACT_MW",3,3,1397.87209,"ACTUAL",1
"15","2019-06-26",16,0,"2019-06-26T22:00:00-00:00","2019-06-26T23:00:00-00:00","NP15","Solar","Renewable Forecast Actual Generation","RENEW_FCST_ACT_MW",3,3,1406.61481,"ACTUAL",1
"16","2019-06-26",17,0,"2019-06-26T23:00:00-00:00","2019-06-27T00:00:00-00:00","NP15","Solar","Renewable Forecast Actual Generation","RENEW_FCST_ACT_MW",3,3,1304.66062,"ACTUAL",1
"17","2019-06-26",18,0,"2019-06-27T00:00:00-00:00","2019-06-27T01:00:00-00:00","NP15","Solar","Renewable Forecast Actual Generation","RENEW_FCST_ACT_MW",3,3,1227.27445,"ACTUAL",1
"18","2019-06-26",19,0,"2019-06-27T01:00:00-00:00","2019-06-27T02:00:00-00:00","NP15","Solar","Renewable Forecast Actual Generation","RENEW_FCST_ACT_MW",3,3,851.79989,"ACTUAL",1
"19","2019-06-26",20,0,"2019-06-27T02:00:00-00:00","2019-06-27T03:00:00-00:00","NP15","Solar","Renewable Forecast Actual Generation","RENEW_FCST_ACT_MW",3,3,272.07995,"ACTUAL",1
"20","2019-06-26",21,0,"2019-06-27T03:00:00-00:00","2019-06-27T04:00:00-00:00","NP15","Solar","Renewable Forecast Actual Generation","RENEW_FCST_ACT_MW",3,3,10.07604,"ACTUAL",1
"21","2019-06-26",22,0,"2019-06-27T04:00:00-00:00","2019-06-27T05:00:00-00:00","NP15","Solar","Renewable Forecast Actual Generation","RENEW_FCST_ACT_MW",3,3,-3.22441,"ACTUAL",1
"22","2019-06-26",23,0,"2019-06-27T05:00:00-00:00","2019-06-27T06:00:00-00:00","NP15","Solar","Renewable Forecast Actual Generation","RENEW_FCST_ACT_MW",3,3,-3.20788,"ACTUAL",1
"23","2019-06-26",24,0,"2019-06-27T06:00:00-00:00","2019-06-27T07:00:00-00:00","NP15","Solar","Renewable Forecast Actual Generation","RENEW_FCST_ACT_MW",3,3,-3.21003,"ACTUAL",1
"24","2019-06-26",18,0,"2019-06-27T00:00:00-00:00","2019-06-27T01:00:00-00:00","NP15","Wind","Renewable Forecast Actual Generation","RENEW_FCST_ACT_MW",3,1,1233.43087,"ACTUAL",2
"25","2019-06-26",6,0,"2019-06-26T12:00:00-00:00","2019-06-26T13:00:00-00:00","NP15","Wind","Renewable Forecast Actual Generation","RENEW_FCST_ACT_MW",3,1,898.05744,"ACTUAL",2
"26","2019-06-26",17,0,"2019-06-26T23:00:00-00:00","2019-06-27T00:00:00-00:00","NP15","Wind","Renewable Forecast Actual Generation","RENEW_FCST_ACT_MW",3,1,1232.98486,"ACTUAL",2
"27","2019-06-26",16,0,"2019-06-26T22:00:00-00:00","2019-06-26T23:00:00-00:00","NP15","Wind","Renewable Forecast Actual Generation","RENEW_FCST_ACT_MW",3,1,1233.75945,"ACTUAL",2
"28","2019-06-26",15,0,"2019-06-26T21:00:00-00:00","2019-06-26T22:00:00-00:00","NP15","Wind","Renewable Forecast Actual Generation","RENEW_FCST_ACT_MW",3,1,1142.70969,"ACTUAL",2
"29","2019-06-26",14,0,"2019-06-26T20:00:00-00:00","2019-06-26T21:00:00-00:00","NP15","Wind","Renewable Forecast Actual Generation","RENEW_FCST_ACT_MW",3,1,1101.95052,"ACTUAL",2
"30","2019-06-26",13,0,"2019-06-26T19:00:00-00:00","2019-06-26T20:00:00-00:00","NP15","Wind","Renewable Forecast Actual Generation","RENEW_FCST_ACT_MW",3,1,1051.9752,"ACTUAL",2
"31","2019-06-26",12,0,"2019-06-26T18:00:00-00:00","2019-06-26T19:00:00-00:00","NP15","Wind","Renewable Forecast Actual Generation","RENEW_FCST_ACT_MW",3,1,1018.35669,"ACTUAL",2
"32","2019-06-26",11,0,"2019-06-26T17:00:00-00:00","2019-06-26T18:00:00-00:00","NP15","Wind","Renewable Forecast Actual Generation","RENEW_FCST_ACT_MW",3,1,1017.60536,"ACTUAL",2
"33","2019-06-26",10,0,"2019-06-26T16:00:00-00:00","2019-06-26T17:00:00-00:00","NP15","Wind","Renewable Forecast Actual Generation","RENEW_FCST_ACT_MW",3,1,984.43074,"ACTUAL",2
"34","2019-06-26",9,0,"2019-06-26T15:00:00-00:00","2019-06-26T16:00:00-00:00","NP15","Wind","Renewable Forecast Actual Generation","RENEW_FCST_ACT_MW",3,1,940.41228,"ACTUAL",2
"35","2019-06-26",8,0,"2019-06-26T14:00:00-00:00","2019-06-26T15:00:00-00:00","NP15","Wind","Renewable Forecast Actual Generation","RENEW_FCST_ACT_MW",3,1,928.77045,"ACTUAL",2
"36","2019-06-26",7,0,"2019-06-26T13:00:00-00:00","2019-06-26T14:00:00-00:00","NP15","Wind","Renewable Forecast Actual Generation","RENEW_FCST_ACT_MW",3,1,873.25374,"ACTUAL",2
"37","2019-06-26",5,0,"2019-06-26T11:00:00-00:00","2019-06-26T12:00:00-00:00","NP15","Wind","Renewable Forecast Actual Generation","RENEW_FCST_ACT_MW",3,1,903.86256,"ACTUAL",2
"38","2019-06-26",4,0,"2019-06-26T10:00:00-00:00","2019-06-26T11:00:00-00:00","NP15","Wind","Renewable Forecast Actual Generation","RENEW_FCST_ACT_MW",3,1,878.83828,"ACTUAL",2
"39","2019-06-26",3,0,"2019-06-26T09:00:00-00:00","2019-06-26T10:00:00-00:00","NP15","Wind","Renewable Forecast Actual Generation","RENEW_FCST_ACT_MW",3,1,931.00548,"ACTUAL",2
"40","2019-06-26",2,0,"2019-06-26T08:00:00-00:00","2019-06-26T09:00:00-00:00","NP15","Wind","Renewable Forecast Actual Generation","RENEW_FCST_ACT_MW",3,1,910.3834,"ACTUAL",2
"41","2019-06-26",24,0,"2019-06-27T06:00:00-00:00","2019-06-27T07:00:00-00:00","NP15","Wind","Renewable Forecast Actual Generation","RENEW_FCST_ACT_MW",3,1,663.02308,"ACTUAL",2
"42","2019-06-26",23,0,"2019-06-27T05:00:00-00:00","2019-06-27T06:00:00-00:00","NP15","Wind","Renewable Forecast Actual Generation","RENEW_FCST_ACT_MW",3,1,878.96046,"ACTUAL",2
"43","2019-06-26",22,0,"2019-06-27T04:00:00-00:00","2019-06-27T05:00:00-00:00","NP15","Wind","Renewable Forecast Actual Generation","RENEW_FCST_ACT_MW",3,1,1095.03592,"ACTUAL",2
"44","2019-06-26",21,0,"2019-06-27T03:00:00-00:00","2019-06-27T04:00:00-00:00","NP15","Wind","Renewable Forecast Actual Generation","RENEW_FCST_ACT_MW",3,1,1243.44039,"ACTUAL",2
"45","2019-06-26",20,0,"2019-06-27T02:00:00-00:00","2019-06-27T03:00:00-00:00","NP15","Wind","Renewable Forecast Actual Generation","RENEW_FCST_ACT_MW",3,1,1302.15763,"ACTUAL",2
"46","2019-06-26",19,0,"2019-06-27T01:00:00-00:00","2019-06-27T02:00:00-00:00","NP15","Wind","Renewable Forecast Actual Generation","RENEW_FCST_ACT_MW",3,1,1331.07572,"ACTUAL",2
"47","2019-06-26",6,0,"2019-06-26T12:00:00-00:00","2019-06-26T13:00:00-00:00","SP15","Solar","Renewable Forecast Actual Generation","RENEW_FCST_ACT_MW",3,3,16.68281,"ACTUAL",3
"48","2019-06-26",18,0,"2019-06-27T00:00:00-00:00","2019-06-27T01:00:00-00:00","SP15","Solar","Renewable Forecast Actual Generation","RENEW_FCST_ACT_MW",3,3,5478.80521,"ACTUAL",3
"49","2019-06-26",5,0,"2019-06-26T11:00:00-00:00","2019-06-26T12:00:00-00:00","SP15","Solar","Renewable Forecast Actual Generation","RENEW_FCST_ACT_MW",3,3,-1.67179,"ACTUAL",3
"50","2019-06-26",11,0,"2019-06-26T17:00:00-00:00","2019-06-26T18:00:00-00:00","SP15","Solar","Renewable Forecast Actual Generation","RENEW_FCST_ACT_MW",3,3,6992.76145,"ACTUAL",3
"51","2019-06-26",4,0,"2019-06-26T10:00:00-00:00","2019-06-26T11:00:00-00:00","SP15","Solar","Renewable Forecast Actual Generation","RENEW_FCST_ACT_MW",3,3,-0.11221,"ACTUAL",3
"52","2019-06-26",15,0,"2019-06-26T21:00:00-00:00","2019-06-26T22:00:00-00:00","SP15","Solar","Renewable Forecast Actual Generation","RENEW_FCST_ACT_MW",3,3,7283.79954,"ACTUAL",3
"53","2019-06-26",3,0,"2019-06-26T09:00:00-00:00","2019-06-26T10:00:00-00:00","SP15","Solar","Renewable Forecast Actual Generation","RENEW_FCST_ACT_MW",3,3,-0.38123,"ACTUAL",3
"54","2019-06-26",10,0,"2019-06-26T16:00:00-00:00","2019-06-26T17:00:00-00:00","SP15","Solar","Renewable Forecast Actual Generation","RENEW_FCST_ACT_MW",3,3,6355.69112,"ACTUAL",3
"55","2019-06-26",2,0,"2019-06-26T08:00:00-00:00","2019-06-26T09:00:00-00:00","SP15","Solar","Renewable Forecast Actual Generation","RENEW_FCST_ACT_MW",3,3,0.01119,"ACTUAL",3
"56","2019-06-26",13,0,"2019-06-26T19:00:00-00:00","2019-06-26T20:00:00-00:00","SP15","Solar","Renewable Forecast Actual Generation","RENEW_FCST_ACT_MW",3,3,7409.75308,"ACTUAL",3
"57","2019-06-26",24,0,"2019-06-27T06:00:00-00:00","2019-06-27T07:00:00-00:00","SP15","Solar","Renewable Forecast Actual Generation","RENEW_FCST_ACT_MW",3,3,-5.03082,"ACTUAL",3
"58","2019-06-26",9,0,"2019-06-26T15:00:00-00:00","2019-06-26T16:00:00-00:00","SP15","Solar","Renewable Forecast Actual Generation","RENEW_FCST_ACT_MW",3,3,5377.12,"ACTUAL",3
"59","2019-06-26",23,0,"2019-06-27T05:00:00-00:00","2019-06-27T06:00:00-00:00","SP15","Solar","Renewable Forecast Actual Generation","RENEW_FCST_ACT_MW",3,3,-4.58313,"ACTUAL",3
"60","2019-06-26",16,0,"2019-06-26T22:00:00-00:00","2019-06-26T23:00:00-00:00","SP15","Solar","Renewable Forecast Actual Generation","RENEW_FCST_ACT_MW",3,3,6967.3315,"ACTUAL",3
"61","2019-06-26",22,0,"2019-06-27T04:00:00-00:00","2019-06-27T05:00:00-00:00","SP15","Solar","Renewable Forecast Actual Generation","RENEW_FCST_ACT_MW",3,3,-0.02856,"ACTUAL",3
"62","2019-06-26",8,0,"2019-06-26T14:00:00-00:00","2019-06-26T15:00:00-00:00","SP15","Solar","Renewable Forecast Actual Generation","RENEW_FCST_ACT_MW",3,3,3664.13634,"ACTUAL",3
"63","2019-06-26",21,0,"2019-06-27T03:00:00-00:00","2019-06-27T04:00:00-00:00","SP15","Solar","Renewable Forecast Actual Generation","RENEW_FCST_ACT_MW",3,3,23.44036,"ACTUAL",3
"64","2019-06-26",12,0,"2019-06-26T18:00:00-00:00","2019-06-26T19:00:00-00:00","SP15","Solar","Renewable Forecast Actual Generation","RENEW_FCST_ACT_MW",3,3,7311.76114,"ACTUAL",3
"65","2019-06-26",20,0,"2019-06-27T02:00:00-00:00","2019-06-27T03:00:00-00:00","SP15","Solar","Renewable Forecast Actual Generation","RENEW_FCST_ACT_MW",3,3,743.97892,"ACTUAL",3
"66","2019-06-26",7,0,"2019-06-26T13:00:00-00:00","2019-06-26T14:00:00-00:00","SP15","Solar","Renewable Forecast Actual Generation","RENEW_FCST_ACT_MW",3,3,1065.23969,"ACTUAL",3
"67","2019-06-26",19,0,"2019-06-27T01:00:00-00:00","2019-06-27T02:00:00-00:00","SP15","Solar","Renewable Forecast Actual Generation","RENEW_FCST_ACT_MW",3,3,3307.71013,"ACTUAL",3
"68","2019-06-26",14,0,"2019-06-26T20:00:00-00:00","2019-06-26T21:00:00-00:00","SP15","Solar","Renewable Forecast Actual Generation","RENEW_FCST_ACT_MW",3,3,7395.45449,"ACTUAL",3
"69","2019-06-26",17,0,"2019-06-26T23:00:00-00:00","2019-06-27T00:00:00-00:00","SP15","Solar","Renewable Forecast Actual Generation","RENEW_FCST_ACT_MW",3,3,6435.90185,"ACTUAL",3
"70","2019-06-26",18,0,"2019-06-27T00:00:00-00:00","2019-06-27T01:00:00-00:00","SP15","Wind","Renewable Forecast Actual Generation","RENEW_FCST_ACT_MW",3,1,2709.22665,"ACTUAL",4
"71","2019-06-26",19,0,"2019-06-27T01:00:00-00:00","2019-06-27T02:00:00-00:00","SP15","Wind","Renewable Forecast Actual Generation","RENEW_FCST_ACT_MW",3,1,2725.18129,"ACTUAL",4
"72","2019-06-26",20,0,"2019-06-27T02:00:00-00:00","2019-06-27T03:00:00-00:00","SP15","Wind","Renewable Forecast Actual Generation","RENEW_FCST_ACT_MW",3,1,2511.35743,"ACTUAL",4
"73","2019-06-26",21,0,"2019-06-27T03:00:00-00:00","2019-06-27T04:00:00-00:00","SP15","Wind","Renewable Forecast Actual Generation","RENEW_FCST_ACT_MW",3,1,2560.53348,"ACTUAL",4
"74","2019-06-26",22,0,"2019-06-27T04:00:00-00:00","2019-06-27T05:00:00-00:00","SP15","Wind","Renewable Forecast Actual Generation","RENEW_FCST_ACT_MW",3,1,2490.01674,"ACTUAL",4
"75","2019-06-26",23,0,"2019-06-27T05:00:00-00:00","2019-06-27T06:00:00-00:00","SP15","Wind","Renewable Forecast Actual Generation","RENEW_FCST_ACT_MW",3,1,2494.55107,"ACTUAL",4
"76","2019-06-26",24,0,"2019-06-27T06:00:00-00:00","2019-06-27T07:00:00-00:00","SP15","Wind","Renewable Forecast Actual Generation","RENEW_FCST_ACT_MW",3,1,2417.12624,"ACTUAL",4
"77","2019-06-26",2,0,"2019-06-26T08:00:00-00:00","2019-06-26T09:00:00-00:00","SP15","Wind","Renewable Forecast Actual Generation","RENEW_FCST_ACT_MW",3,1,2423.27424,"ACTUAL",4
"78","2019-06-26",3,0,"2019-06-26T09:00:00-00:00","2019-06-26T10:00:00-00:00","SP15","Wind","Renewable Forecast Actual Generation","RENEW_FCST_ACT_MW",3,1,2467.78423,"ACTUAL",4
"79","2019-06-26",4,0,"2019-06-26T10:00:00-00:00","2019-06-26T11:00:00-00:00","SP15","Wind","Renewable Forecast Actual Generation","RENEW_FCST_ACT_MW",3,1,2414.01756,"ACTUAL",4
"80","2019-06-26",5,0,"2019-06-26T11:00:00-00:00","2019-06-26T12:00:00-00:00","SP15","Wind","Renewable Forecast Actual Generation","RENEW_FCST_ACT_MW",3,1,2371.91039,"ACTUAL",4
"81","2019-06-26",6,0,"2019-06-26T12:00:00-00:00","2019-06-26T13:00:00-00:00","SP15","Wind","Renewable Forecast Actual Generation","RENEW_FCST_ACT_MW",3,1,2282.6183,"ACTUAL",4
"82","2019-06-26",7,0,"2019-06-26T13:00:00-00:00","2019-06-26T14:00:00-00:00","SP15","Wind","Renewable Forecast Actual Generation","RENEW_FCST_ACT_MW",3,1,2018.17439,"ACTUAL",4
"83","2019-06-26",8,0,"2019-06-26T14:00:00-00:00","2019-06-26T15:00:00-00:00","SP15","Wind","Renewable Forecast Actual Generation","RENEW_FCST_ACT_MW",3,1,1859.03094,"ACTUAL",4
"84","2019-06-26",9,0,"2019-06-26T15:00:00-00:00","2019-06-26T16:00:00-00:00","SP15","Wind","Renewable Forecast Actual Generation","RENEW_FCST_ACT_MW",3,1,1483.3088,"ACTUAL",4
"85","2019-06-26",10,0,"2019-06-26T16:00:00-00:00","2019-06-26T17:00:00-00:00","SP15","Wind","Renewable Forecast Actual Generation","RENEW_FCST_ACT_MW",3,1,1306.62686,"ACTUAL",4
"86","2019-06-26",11,0,"2019-06-26T17:00:00-00:00","2019-06-26T18:00:00-00:00","SP15","Wind","Renewable Forecast Actual Generation","RENEW_FCST_ACT_MW",3,1,1300.22353,"ACTUAL",4
"87","2019-06-26",12,0,"2019-06-26T18:00:00-00:00","2019-06-26T19:00:00-00:00","SP15","Wind","Renewable Forecast Actual Generation","RENEW_FCST_ACT_MW",3,1,1469.60619,"ACTUAL",4
"88","2019-06-26",13,0,"2019-06-26T19:00:00-00:00","2019-06-26T20:00:00-00:00","SP15","Wind","Renewable Forecast Actual Generation","RENEW_FCST_ACT_MW",3,1,1643.72967,"ACTUAL",4
"89","2019-06-26",14,0,"2019-06-26T20:00:00-00:00","2019-06-26T21:00:00-00:00","SP15","Wind","Renewable Forecast Actual Generation","RENEW_FCST_ACT_MW",3,1,1659.31126,"ACTUAL",4
"90","2019-06-26",15,0,"2019-06-26T21:00:00-00:00","2019-06-26T22:00:00-00:00","SP15","Wind","Renewable Forecast Actual Generation","RENEW_FCST_ACT_MW",3,1,1879.40957,"ACTUAL",4
"91","2019-06-26",16,0,"2019-06-26T22:00:00-00:00","2019-06-26T23:00:00-00:00","SP15","Wind","Renewable Forecast Actual Generation","RENEW_FCST_ACT_MW",3,1,2091.8966,"ACTUAL",4
"92","2019-06-26",17,0,"2019-06-26T23:00:00-00:00","2019-06-27T00:00:00-00:00","SP15","Wind","Renewable Forecast Actual Generation","RENEW_FCST_ACT_MW",3,1,2438.01518,"ACTUAL",4
"93","2019-06-26",18,0,"2019-06-27T00:00:00-00:00","2019-06-27T01:00:00-00:00","ZP26","Solar","Renewable Forecast Actual Generation","RENEW_FCST_ACT_MW",3,3,1135.21701,"ACTUAL",5
"94","2019-06-26",17,0,"2019-06-26T23:00:00-00:00","2019-06-27T00:00:00-00:00","ZP26","Solar","Renewable Forecast Actual Generation","RENEW_FCST_ACT_MW",3,3,1342.97764,"ACTUAL",5
"95","2019-06-26",20,0,"2019-06-27T02:00:00-00:00","2019-06-27T03:00:00-00:00","ZP26","Solar","Renewable Forecast Actual Generation","RENEW_FCST_ACT_MW",3,3,205.51958,"ACTUAL",5
"96","2019-06-26",21,0,"2019-06-27T03:00:00-00:00","2019-06-27T04:00:00-00:00","ZP26","Solar","Renewable Forecast Actual Generation","RENEW_FCST_ACT_MW",3,3,-0.27157,"ACTUAL",5
"97","2019-06-26",22,0,"2019-06-27T04:00:00-00:00","2019-06-27T05:00:00-00:00","ZP26","Solar","Renewable Forecast Actual Generation","RENEW_FCST_ACT_MW",3,3,-4.80004,"ACTUAL",5
"98","2019-06-26",23,0,"2019-06-27T05:00:00-00:00","2019-06-27T06:00:00-00:00","ZP26","Solar","Renewable Forecast Actual Generation","RENEW_FCST_ACT_MW",3,3,-4.69635,"ACTUAL",5
"99","2019-06-26",24,0,"2019-06-27T06:00:00-00:00","2019-06-27T07:00:00-00:00","ZP26","Solar","Renewable Forecast Actual Generation","RENEW_FCST_ACT_MW",3,3,-4.71743,"ACTUAL",5
"100","2019-06-26",2,0,"2019-06-26T08:00:00-00:00","2019-06-26T09:00:00-00:00","ZP26","Solar","Renewable Forecast Actual Generation","RENEW_FCST_ACT_MW",3,3,-4.35176,"ACTUAL",5
"101","2019-06-26",3,0,"2019-06-26T09:00:00-00:00","2019-06-26T10:00:00-00:00","ZP26","Solar","Renewable Forecast Actual Generation","RENEW_FCST_ACT_MW",3,3,-4.37943,"ACTUAL",5
"102","2019-06-26",4,0,"2019-06-26T10:00:00-00:00","2019-06-26T11:00:00-00:00","ZP26","Solar","Renewable Forecast Actual Generation","RENEW_FCST_ACT_MW",3,3,-4.37112,"ACTUAL",5
"103","2019-06-26",5,0,"2019-06-26T11:00:00-00:00","2019-06-26T12:00:00-00:00","ZP26","Solar","Renewable Forecast Actual Generation","RENEW_FCST_ACT_MW",3,3,-4.47777,"ACTUAL",5
"104","2019-06-26",6,0,"2019-06-26T12:00:00-00:00","2019-06-26T13:00:00-00:00","ZP26","Solar","Renewable Forecast Actual Generation","RENEW_FCST_ACT_MW",3,3,-3.83344,"ACTUAL",5
"105","2019-06-26",7,0,"2019-06-26T13:00:00-00:00","2019-06-26T14:00:00-00:00","ZP26","Solar","Renewable Forecast Actual Generation","RENEW_FCST_ACT_MW",3,3,139.39125,"ACTUAL",5
"106","2019-06-26",8,0,"2019-06-26T14:00:00-00:00","2019-06-26T15:00:00-00:00","ZP26","Solar","Renewable Forecast Actual Generation","RENEW_FCST_ACT_MW",3,3,568.93757,"ACTUAL",5
"107","2019-06-26",9,0,"2019-06-26T15:00:00-00:00","2019-06-26T16:00:00-00:00","ZP26","Solar","Renewable Forecast Actual Generation","RENEW_FCST_ACT_MW",3,3,1003.95438,"ACTUAL",5
"108","2019-06-26",10,0,"2019-06-26T16:00:00-00:00","2019-06-26T17:00:00-00:00","ZP26","Solar","Renewable Forecast Actual Generation","RENEW_FCST_ACT_MW",3,3,1319.77076,"ACTUAL",5
"109","2019-06-26",11,0,"2019-06-26T17:00:00-00:00","2019-06-26T18:00:00-00:00","ZP26","Solar","Renewable Forecast Actual Generation","RENEW_FCST_ACT_MW",3,3,1461.00648,"ACTUAL",5
"110","2019-06-26",12,0,"2019-06-26T18:00:00-00:00","2019-06-26T19:00:00-00:00","ZP26","Solar","Renewable Forecast Actual Generation","RENEW_FCST_ACT_MW",3,3,1531.37613,"ACTUAL",5
"111","2019-06-26",13,0,"2019-06-26T19:00:00-00:00","2019-06-26T20:00:00-00:00","ZP26","Solar","Renewable Forecast Actual Generation","RENEW_FCST_ACT_MW",3,3,1538.41114,"ACTUAL",5
"112","2019-06-26",14,0,"2019-06-26T20:00:00-00:00","2019-06-26T21:00:00-00:00","ZP26","Solar","Renewable Forecast Actual Generation","RENEW_FCST_ACT_MW",3,3,1537.04855,"ACTUAL",5
"113","2019-06-26",15,0,"2019-06-26T21:00:00-00:00","2019-06-26T22:00:00-00:00","ZP26","Solar","Renewable Forecast Actual Generation","RENEW_FCST_ACT_MW",3,3,1537.47598,"ACTUAL",5
"114","2019-06-26",16,0,"2019-06-26T22:00:00-00:00","2019-06-26T23:00:00-00:00","ZP26","Solar","Renewable Forecast Actual Generation","RENEW_FCST_ACT_MW",3,3,1468.53187,"ACTUAL",5
"115","2019-06-26",19,0,"2019-06-27T01:00:00-00:00","2019-06-27T02:00:00-00:00","ZP26","Solar","Renewable Forecast Actual Generation","RENEW_FCST_ACT_MW",3,3,726.20952,"ACTUAL",5
"116","2019-06-27",1,0,"2019-06-27T07:00:00-00:00","2019-06-27T08:00:00-00:00","NP15","Solar","Renewable Forecast Actual Generation","RENEW_FCST_ACT_MW",3,3,-3.179,"ACTUAL",6
"117","2019-06-27",1,0,"2019-06-27T07:00:00-00:00","2019-06-27T08:00:00-00:00","NP15","Wind","Renewable Forecast Actual Generation","RENEW_FCST_ACT_MW",3,1,579.5005,"ACTUAL",7
"118","2019-06-27",1,0,"2019-06-27T07:00:00-00:00","2019-06-27T08:00:00-00:00","SP15","Solar","Renewable Forecast Actual Generation","RENEW_FCST_ACT_MW",3,3,-4.76847,"ACTUAL",8
"119","2019-06-27",1,0,"2019-06-27T07:00:00-00:00","2019-06-27T08:00:00-00:00","SP15","Wind","Renewable Forecast Actual Generation","RENEW_FCST_ACT_MW",3,1,2359.1825,"ACTUAL",9
"120","2019-06-27",1,0,"2019-06-27T07:00:00-00:00","2019-06-27T08:00:00-00:00","ZP26","Solar","Renewable Forecast Actual Generation","RENEW_FCST_ACT_MW",3,3,-4.78698,"ACTUAL",10
