"","OPR_DT","OPR_HR","OPR_INTERVAL","INTERVALSTARTTIME_GMT","INTERVALENDTIME_GMT","TRADING_HUB","RENEWABLE_TYPE","LABEL","XML_DATA_ITEM","MARKET_RUN_ID_POS","RENEW_POS","MW","MARKET_RUN_ID","GROUP"
"1","2019-03-29",2,0,"2019-03-29T08:00:00-00:00","2019-03-29T09:00:00-00:00","NP15","Solar","Renewable Forecast Actual Generation","RENEW_FCST_ACT_MW",3,3,0.79114,"ACTUAL",1
"2","2019-03-29",3,0,"2019-03-29T09:00:00-00:00","2019-03-29T10:00:00-00:00","NP15","Solar","Renewable Forecast Actual Generation","RENEW_FCST_ACT_MW",3,3,0.79621,"ACTUAL",1
"3","2019-03-29",4,0,"2019-03-29T10:00:00-00:00","2019-03-29T11:00:00-00:00","NP15","Solar","Renewable Forecast Actual Generation","RENEW_FCST_ACT_MW",3,3,0.797,"ACTUAL",1
"4","2019-03-29",5,0,"2019-03-29T11:00:00-00:00","2019-03-29T12:00:00-00:00","NP15","Solar","Renewable Forecast Actual Generation","RENEW_FCST_ACT_MW",3,3,0.60064,"ACTUAL",1
"5","2019-03-29",6,0,"2019-03-29T12:00:00-00:00","2019-03-29T13:00:00-00:00","NP15","Solar","Renewable Forecast Actual Generation","RENEW_FCST_ACT_MW",3,3,0.63689,"ACTUAL",1
"6","2019-03-29",7,0,"2019-03-29T13:00:00-00:00","2019-03-29T14:00:00-00:00","NP15","Solar","Renewable Forecast Actual Generation","RENEW_FCST_ACT_MW",3,3,1.26284,"ACTUAL",1
"7","2019-03-29",8,0,"2019-03-29T14:00:00-00:00","2019-03-29T15:00:00-00:00","NP15","Solar","Renewable Forecast Actual Generation","RENEW_FCST_ACT_MW",3,3,245.70412,"ACTUAL",1
"8","2019-03-29",9,0,"2019-03-29T15:00:00-00:00","2019-03-29T16:00:00-00:00","NP15","Solar","Renewable Forecast Actual Generation","RENEW_FCST_ACT_MW",3,3,960.52181,"ACTUAL",1
"9","2019-03-29",10,0,"2019-03-29T16:00:00-00:00","2019-03-29T17:00:00-00:00","NP15","Solar","Renewable Forecast Actual Generation","RENEW_FCST_ACT_MW",3,3,1205.90579,"ACTUAL",1
"10","2019-03-29",11,0,"2019-03-29T17:00:00-00:00","2019-03-29T18:00:00-00:00","NP15","Solar","Renewable Forecast Actual Generation","RENEW_FCST_ACT_MW",3,3,1240.54826,"ACTUAL",1
"11","2019-03-29",12,0,"2019-03-29T18:00:00-00:00","2019-03-29T19:00:00-00:00","NP15","Solar","Renewable Forecast Actual Generation","RENEW_FCST_ACT_MW",3,3,1297.74042,"ACTUAL",1
"12","2019-03-29",13,0,"2019-03-29T19:00:00-00:00","2019-03-29T20:00:00-00:00","NP15","Solar","Renewable Forecast Actual Generation","RENEW_FCST_ACT_MW",3,3,1201.09395,"ACTUAL",1
"13","2019-03-29",14,0,"2019-03-29T20:00:00-00:00","2019-03-29T21:00:00-00:00","NP15","Solar","Renewable Forecast Actual Generation","RENEW_FCST_ACT_MW",3,3,1239.40957,"ACTUAL",1
"14","2019-03-29",15,0,"2019-03-29T21:00:00-00:00","2019-03-29T22:00:00-00:00","NP15","Solar","Renewable Forecast Actual Generation","RENEW_FCST_ACT_MW",3,3,1245.08058,"ACTUAL",1
"15","2019-03-29",16,0,"2019-03-29T22:00:00-00:00","2019-03-29T23:00:00-00:00","NP15","Solar","Renewable Forecast Actual Generation","RENEW_FCST_ACT_MW",3,3,1229.69891,"ACTUAL",1
"16","2019-03-29",17,0,"2019-03-29T23:00:00-00:00","2019-03-30T00:00:00-00:00","NP15","Solar","Renewable Forecast Actual Generation","RENEW_FCST_ACT_MW",3,3,1204.7424,"ACTUAL",1
"17","2019-03-29",18,0,"2019-03-30T00:00:00-00:00","2019-03-30T01:00:00-00:00","NP15","Solar","Renewable Forecast Actual Generation","RENEW_FCST_ACT_MW",3,3,933.88243,"ACTUAL",1
"18","2019-03-29",19,0,"2019-03-30T01:00:00-00:00","2019-03-30T02:00:00-00:00","NP15","Solar","Renewable Forecast Actual Generation","RENEW_FCST_ACT_MW",3,3,346.4786,"ACTUAL",1
"19","2019-03-29",20,0,"2019-03-30T02:00:00-00:00","2019-03-30T03:00:00-00:00","NP15","Solar","Renewable Forecast Actual Generation","RENEW_FCST_ACT_MW",3,3,6.37017,"ACTUAL",1
"20","2019-03-29",21,0,"2019-03-30T03:00:00-00:00","2019-03-30T04:00:00-00:00","NP15","Solar","Renewable Forecast Actual Generation","RENEW_FCST_ACT_MW",3,3,0.62679,"ACTUAL",1
"21","2019-03-29",22,0,"2019-03-30T04:00:00-00:00","2019-03-30T05:00:00-00:00","NP15","Solar","Renewable Forecast Actual Generation","RENEW_FCST_ACT_MW",3,3,0.6494,"ACTUAL",1
"22","2019-03-29",23,0,"2019-03-30T05:00:00-00:00","2019-03-30T06:00:00-00:00","NP15","Solar","Renewable Forecast Actual Generation","RENEW_FCST_ACT_MW",3,3,0.63861,"ACTUAL",1
"23","2019-03-29",24,0,"2019-03-30T06:00:00-00:00","2019-03-30T07:00:00-00:00","NP15","Solar","Renewable Forecast Actual Generation","RENEW_FCST_ACT_MW",3,3,0.65276,"ACTUAL",1
"24","2019-03-29",18,0,"2019-03-30T00:00:00-00:00","2019-03-30T01:00:00-00:00","NP15","Wind","Renewable Forecast Actual Generation","RENEW_FCST_ACT_MW",3,1,13.65092,"ACTUAL",2
"25","2019-03-29",6,0,"2019-03-29T12:00:00-00:00","2019-03-29T13:00:00-00:00","NP15","Wind","Renewable Forecast Actual Generation","RENEW_FCST_ACT_MW",3,1,13.3616,"ACTUAL",2
"26","2019-03-29",17,0,"2019-03-29T23:00:00-00:00","2019-03-30T00:00:00-00:00","NP15","Wind","Renewable Forecast Actual Generation","RENEW_FCST_ACT_MW",3,1,15.93333,"ACTUAL",2
"27","2019-03-29",16,0,"2019-03-29T22:00:00-00:00","2019-03-29T23:00:00-00:00","NP15","Wind","Renewable Forecast Actual Generation","RENEW_FCST_ACT_MW",3,1,45.88018,"ACTUAL",2
"28","2019-03-29",15,0,"2019-03-29T21:00:00-00:00","2019-03-29T22:00:00-00:00","NP15","Wind","Renewable Forecast Actual Generation","RENEW_FCST_ACT_MW",3,1,52.72797,"ACTUAL",2
"29","2019-03-29",14,0,"2019-03-29T20:00:00-00:00","2019-03-29T21:00:00-00:00","NP15","Wind","Renewable Forecast Actual Generation","RENEW_FCST_ACT_MW",3,1,41.02599,"ACTUAL",2
"30","2019-03-29",13,0,"2019-03-29T19:00:00-00:00","2019-03-29T20:00:00-00:00","NP15","Wind","Renewable Forecast Actual Generation","RENEW_FCST_ACT_MW",3,1,29.9258,"ACTUAL",2
"31","2019-03-29",12,0,"2019-03-29T18:00:00-00:00","2019-03-29T19:00:00-00:00","NP15","Wind","Renewable Forecast Actual Generation","RENEW_FCST_ACT_MW",3,1,17.58581,"ACTUAL",2
"32","2019-03-29",11,0,"2019-03-29T17:00:00-00:00","2019-03-29T18:00:00-00:00","NP15","Wind","Renewable Forecast Actual Generation","RENEW_FCST_ACT_MW",3,1,13.73964,"ACTUAL",2
"33","2019-03-29",10,0,"2019-03-29T16:00:00-00:00","2019-03-29T17:00:00-00:00","NP15","Wind","Renewable Forecast Actual Generation","RENEW_FCST_ACT_MW",3,1,11.16,"ACTUAL",2
"34","2019-03-29",9,0,"2019-03-29T15:00:00-00:00","2019-03-29T16:00:00-00:00","NP15","Wind","Renewable Forecast Actual Generation","RENEW_FCST_ACT_MW",3,1,16.48179,"ACTUAL",2
"35","2019-03-29",8,0,"2019-03-29T14:00:00-00:00","2019-03-29T15:00:00-00:00","NP15","Wind","Renewable Forecast Actual Generation","RENEW_FCST_ACT_MW",3,1,4.29577,"ACTUAL",2
"36","2019-03-29",7,0,"2019-03-29T13:00:00-00:00","2019-03-29T14:00:00-00:00","NP15","Wind","Renewable Forecast Actual Generation","RENEW_FCST_ACT_MW",3,1,12.40943,"ACTUAL",2
"37","2019-03-29",5,0,"2019-03-29T11:00:00-00:00","2019-03-29T12:00:00-00:00","NP15","Wind","Renewable Forecast Actual Generation","RENEW_FCST_ACT_MW",3,1,9.11447,"ACTUAL",2
"38","2019-03-29",4,0,"2019-03-29T10:00:00-00:00","2019-03-29T11:00:00-00:00","NP15","Wind","Renewable Forecast Actual Generation","RENEW_FCST_ACT_MW",3,1,14.96307,"ACTUAL",2
"39","2019-03-29",3,0,"2019-03-29T09:00:00-00:00","2019-03-29T10:00:00-00:00","NP15","Wind","Renewable Forecast Actual Generation","RENEW_FCST_ACT_MW",3,1,8.10217,"ACTUAL",2
"40","2019-03-29",2,0,"2019-03-29T08:00:00-00:00","2019-03-29T09:00:00-00:00","NP15","Wind","Renewable Forecast Actual Generation","RENEW_FCST_ACT_MW",3,1,3.48969,"ACTUAL",2
"41","2019-03-29",24,0,"2019-03-30T06:00:00-00:00","2019-03-30T07:00:00-00:00","NP15","Wind","Renewable Forecast Actual Generation","RENEW_FCST_ACT_MW",3,1,221.27712,"ACTUAL",2
"42","2019-03-29",23,0,"2019-03-30T05:00:00-00:00","2019-03-30T06:00:00-00:00","NP15","Wind","Renewable Forecast Actual Generation","RENEW_FCST_ACT_MW",3,1,224.56552,"ACTUAL",2
"43","2019-03-29",22,0,"2019-03-30T04:00:00-00:00","2019-03-30T05:00:00-00:00","NP15","Wind","Renewable Forecast Actual Generation","RENEW_FCST_ACT_MW",3,1,310.7701,"ACTUAL",2
"44","2019-03-29",21,0,"2019-03-30T03:00:00-00:00","2019-03-30T04:00:00-00:00","NP15","Wind","Renewable Forecast Actual Generation","RENEW_FCST_ACT_MW",3,1,312.86185,"ACTUAL",2
"45","2019-03-29",20,0,"2019-03-30T02:00:00-00:00","2019-03-30T03:00:00-00:00","NP15","Wind","Renewable Forecast Actual Generation","RENEW_FCST_ACT_MW",3,1,157.00258,"ACTUAL",2
"46","2019-03-29",19,0,"2019-03-30T01:00:00-00:00","2019-03-30T02:00:00-00:00","NP15","Wind","Renewable Forecast Actual Generation","RENEW_FCST_ACT_MW",3,1,85.75325,"ACTUAL",2
"47","2019-03-29",6,0,"2019-03-29T12:00:00-00:00","2019-03-29T13:00:00-00:00","SP15","Solar","Renewable Forecast Actual Generation","RENEW_FCST_ACT_MW",3,3,-13.39028,"ACTUAL",3
"48","2019-03-29",18,0,"2019-03-30T00:00:00-00:00","2019-03-30T01:00:00-00:00","SP15","Solar","Renewable Forecast Actual Generation","RENEW_FCST_ACT_MW",3,3,3950.11643,"ACTUAL",3
"49","2019-03-29",5,0,"2019-03-29T11:00:00-00:00","2019-03-29T12:00:00-00:00","SP15","Solar","Renewable Forecast Actual Generation","RENEW_FCST_ACT_MW",3,3,-12.93242,"ACTUAL",3
"50","2019-03-29",11,0,"2019-03-29T17:00:00-00:00","2019-03-29T18:00:00-00:00","SP15","Solar","Renewable Forecast Actual Generation","RENEW_FCST_ACT_MW",3,3,7065.39874,"ACTUAL",3
"51","2019-03-29",4,0,"2019-03-29T10:00:00-00:00","2019-03-29T11:00:00-00:00","SP15","Solar","Renewable Forecast Actual Generation","RENEW_FCST_ACT_MW",3,3,-12.28922,"ACTUAL",3
"52","2019-03-29",15,0,"2019-03-29T21:00:00-00:00","2019-03-29T22:00:00-00:00","SP15","Solar","Renewable Forecast Actual Generation","RENEW_FCST_ACT_MW",3,3,6201.70797,"ACTUAL",3
"53","2019-03-29",3,0,"2019-03-29T09:00:00-00:00","2019-03-29T10:00:00-00:00","SP15","Solar","Renewable Forecast Actual Generation","RENEW_FCST_ACT_MW",3,3,-10.29096,"ACTUAL",3
"54","2019-03-29",10,0,"2019-03-29T16:00:00-00:00","2019-03-29T17:00:00-00:00","SP15","Solar","Renewable Forecast Actual Generation","RENEW_FCST_ACT_MW",3,3,5990.37137,"ACTUAL",3
"55","2019-03-29",2,0,"2019-03-29T08:00:00-00:00","2019-03-29T09:00:00-00:00","SP15","Solar","Renewable Forecast Actual Generation","RENEW_FCST_ACT_MW",3,3,-11.02272,"ACTUAL",3
"56","2019-03-29",13,0,"2019-03-29T19:00:00-00:00","2019-03-29T20:00:00-00:00","SP15","Solar","Renewable Forecast Actual Generation","RENEW_FCST_ACT_MW",3,3,7253.77572,"ACTUAL",3
"57","2019-03-29",24,0,"2019-03-30T06:00:00-00:00","2019-03-30T07:00:00-00:00","SP15","Solar","Renewable Forecast Actual Generation","RENEW_FCST_ACT_MW",3,3,-10.78706,"ACTUAL",3
"58","2019-03-29",9,0,"2019-03-29T15:00:00-00:00","2019-03-29T16:00:00-00:00","SP15","Solar","Renewable Forecast Actual Generation","RENEW_FCST_ACT_MW",3,3,4746.20939,"ACTUAL",3
"59","2019-03-29",23,0,"2019-03-30T05:00:00-00:00","2019-03-30T06:00:00-00:00","SP15","Solar","Renewable Forecast Actual Generation","RENEW_FCST_ACT_MW",3,3,-9.81832,"ACTUAL",3
"60","2019-03-29",16,0,"2019-03-29T22:00:00-00:00","2019-03-29T23:00:00-00:00","SP15","Solar","Renewable Forecast Actual Generation","RENEW_FCST_ACT_MW",3,3,5588.43549,"ACTUAL",3
"61","2019-03-29",22,0,"2019-03-30T04:00:00-00:00","2019-03-30T05:00:00-00:00","SP15","Solar","Renewable Forecast Actual Generation","RENEW_FCST_ACT_MW",3,3,-10.11515,"ACTUAL",3
"62","2019-03-29",8,0,"2019-03-29T14:00:00-00:00","2019-03-29T15:00:00-00:00","SP15","Solar","Renewable Forecast Actual Generation","RENEW_FCST_ACT_MW",3,3,1714.06146,"ACTUAL",3
"63","2019-03-29",21,0,"2019-03-30T03:00:00-00:00","2019-03-30T04:00:00-00:00","SP15","Solar","Renewable Forecast Actual Generation","RENEW_FCST_ACT_MW",3,3,-13.03716,"ACTUAL",3
"64","2019-03-29",12,0,"2019-03-29T18:00:00-00:00","2019-03-29T19:00:00-00:00","SP15","Solar","Renewable Forecast Actual Generation","RENEW_FCST_ACT_MW",3,3,7482.21366,"ACTUAL",3
"65","2019-03-29",20,0,"2019-03-30T02:00:00-00:00","2019-03-30T03:00:00-00:00","SP15","Solar","Renewable Forecast Actual Generation","RENEW_FCST_ACT_MW",3,3,-0.71831,"ACTUAL",3
"66","2019-03-29",7,0,"2019-03-29T13:00:00-00:00","2019-03-29T14:00:00-00:00","SP15","Solar","Renewable Forecast Actual Generation","RENEW_FCST_ACT_MW",3,3,19.00955,"ACTUAL",3
"67","2019-03-29",19,0,"2019-03-30T01:00:00-00:00","2019-03-30T02:00:00-00:00","SP15","Solar","Renewable Forecast Actual Generation","RENEW_FCST_ACT_MW",3,3,1057.20564,"ACTUAL",3
"68","2019-03-29",14,0,"2019-03-29T20:00:00-00:00","2019-03-29T21:00:00-00:00","SP15","Solar","Renewable Forecast Actual Generation","RENEW_FCST_ACT_MW",3,3,6771.26618,"ACTUAL",3
"69","2019-03-29",17,0,"2019-03-29T23:00:00-00:00","2019-03-30T00:00:00-00:00","SP15","Solar","Renewable Forecast Actual Generation","RENEW_FCST_ACT_MW",3,3,5196.89051,"ACTUAL",3
"70","2019-03-29",18,0,"2019-03-30T00:00:00-00:00","2019-03-30T01:00:00-00:00","SP15","Wind","Renewable Forecast Actual Generation","RENEW_FCST_ACT_MW",3,1,2373.44434,"ACTUAL",4
"71","2019-03-29",19,0,"2019-03-30T01:00:00-00:00","2019-03-30T02:00:00-00:00","SP15","Wind","Renewable Forecast Actual Generation","RENEW_FCST_ACT_MW",3,1,2385.38804,"ACTUAL",4
"72","2019-03-29",20,0,"2019-03-30T02:00:00-00:00","2019-03-30T03:00:00-00:00","SP15","Wind","Renewable Forecast Actual Generation","RENEW_FCST_ACT_MW",3,1,2485.38243,"ACTUAL",4
"73","2019-03-29",21,0,"2019-03-30T03:00:00-00:00","2019-03-30T04:00:00-00:00","SP15","Wind","Renewable Forecast Actual Generation","RENEW_FCST_ACT_MW",3,1,2511.00612,"ACTUAL",4
"74","2019-03-29",22,0,"2019-03-30T04:00:00-00:00","2019-03-30T05:00:00-00:00","SP15","Wind","Renewable Forecast Actual Generation","RENEW_FCST_ACT_MW",3,1,2428.92314,"ACTUAL",4
"75","2019-03-29",23,0,"2019-03-30T05:00:00-00:00","2019-03-30T06:00:00-00:00","SP15","Wind","Renewable Forecast Actual Generation","RENEW_FCST_ACT_MW",3,1,2285.77873,"ACTUAL",4
"76","2019-03-29",24,0,"2019-03-30T06:00:00-00:00","2019-03-30T07:00:00-00:00","SP15","Wind","Renewable Forecast Actual Generation","RENEW_FCST_ACT_MW",3,1,2187.72497,"ACTUAL",4
"77","2019-03-29",2,0,"2019-03-29T08:00:00-00:00","2019-03-29T09:00:00-00:00","SP15","Wind","Renewable Forecast Actual Generation","RENEW_FCST_ACT_MW",3,1,2126.14962,"ACTUAL",4
"78","2019-03-29",3,0,"2019-03-29T09:00:00-00:00","2019-03-29T10:00:00-00:00","SP15","Wind","Renewable Forecast Actual Generation","RENEW_FCST_ACT_MW",3,1,2097.01086,"ACTUAL",4
"79","2019-03-29",4,0,"2019-03-29T10:00:00-00:00","2019-03-29T11:00:00-00:00","SP15","Wind","Renewable Forecast Actual Generation","RENEW_FCST_ACT_MW",3,1,2175.91589,"ACTUAL",4
"80","2019-03-29",5,0,"2019-03-29T11:00:00-00:00","2019-03-29T12:00:00-00:00","SP15","Wind","Renewable Forecast Actual Generation","RENEW_FCST_ACT_MW",3,1,1918.75012,"ACTUAL",4
"81","2019-03-29",6,0,"2019-03-29T12:00:00-00:00","2019-03-29T13:00:00-00:00","SP15","Wind","Renewable Forecast Actual Generation","RENEW_FCST_ACT_MW",3,1,1466.63019,"ACTUAL",4
"82","2019-03-29",7,0,"2019-03-29T13:00:00-00:00","2019-03-29T14:00:00-00:00","SP15","Wind","Renewable Forecast Actual Generation","RENEW_FCST_ACT_MW",3,1,1119.0913,"ACTUAL",4
"83","2019-03-29",8,0,"2019-03-29T14:00:00-00:00","2019-03-29T15:00:00-00:00","SP15","Wind","Renewable Forecast Actual Generation","RENEW_FCST_ACT_MW",3,1,1051.45224,"ACTUAL",4
"84","2019-03-29",9,0,"2019-03-29T15:00:00-00:00","2019-03-29T16:00:00-00:00","SP15","Wind","Renewable Forecast Actual Generation","RENEW_FCST_ACT_MW",3,1,1763.54413,"ACTUAL",4
"85","2019-03-29",10,0,"2019-03-29T16:00:00-00:00","2019-03-29T17:00:00-00:00","SP15","Wind","Renewable Forecast Actual Generation","RENEW_FCST_ACT_MW",3,1,2114.73573,"ACTUAL",4
"86","2019-03-29",11,0,"2019-03-29T17:00:00-00:00","2019-03-29T18:00:00-00:00","SP15","Wind","Renewable Forecast Actual Generation","RENEW_FCST_ACT_MW",3,1,1275.21198,"ACTUAL",4
"87","2019-03-29",12,0,"2019-03-29T18:00:00-00:00","2019-03-29T19:00:00-00:00","SP15","Wind","Renewable Forecast Actual Generation","RENEW_FCST_ACT_MW",3,1,604.19384,"ACTUAL",4
"88","2019-03-29",13,0,"2019-03-29T19:00:00-00:00","2019-03-29T20:00:00-00:00","SP15","Wind","Renewable Forecast Actual Generation","RENEW_FCST_ACT_MW",3,1,627.8117,"ACTUAL",4
"89","2019-03-29",14,0,"2019-03-29T20:00:00-00:00","2019-03-29T21:00:00-00:00","SP15","Wind","Renewable Forecast Actual Generation","RENEW_FCST_ACT_MW",3,1,1083.69808,"ACTUAL",4
"90","2019-03-29",15,0,"2019-03-29T21:00:00-00:00","2019-03-29T22:00:00-00:00","SP15","Wind","Renewable Forecast Actual Generation","RENEW_FCST_ACT_MW",3,1,1558.81764,"ACTUAL",4
"91","2019-03-29",16,0,"2019-03-29T22:00:00-00:00","2019-03-29T23:00:00-00:00","SP15","Wind","Renewable Forecast Actual Generation","RENEW_FCST_ACT_MW",3,1,2055.12139,"ACTUAL",4
"92","2019-03-29",17,0,"2019-03-29T23:00:00-00:00","2019-03-30T00:00:00-00:00","SP15","Wind","Renewable Forecast Actual Generation","RENEW_FCST_ACT_MW",3,1,2451.80144,"ACTUAL",4
"93","2019-03-29",18,0,"2019-03-30T00:00:00-00:00","2019-03-30T01:00:00-00:00","ZP26","Solar","Renewable Forecast Actual Generation","RENEW_FCST_ACT_MW",3,3,859.94796,"ACTUAL",5
"94","2019-03-29",17,0,"2019-03-29T23:00:00-00:00","2019-03-30T00:00:00-00:00","ZP26","Solar","Renewable Forecast Actual Generation","RENEW_FCST_ACT_MW",3,3,1128.643,"ACTUAL",5
"95","2019-03-29",20,0,"2019-03-30T02:00:00-00:00","2019-03-30T03:00:00-00:00","ZP26","Solar","Renewable Forecast Actual Generation","RENEW_FCST_ACT_MW",3,3,19.43572,"ACTUAL",5
"96","2019-03-29",21,0,"2019-03-30T03:00:00-00:00","2019-03-30T04:00:00-00:00","ZP26","Solar","Renewable Forecast Actual Generation","RENEW_FCST_ACT_MW",3,3,15.1946,"ACTUAL",5
"97","2019-03-29",22,0,"2019-03-30T04:00:00-00:00","2019-03-30T05:00:00-00:00","ZP26","Solar","Renewable Forecast Actual Generation","RENEW_FCST_ACT_MW",3,3,-3.73701,"ACTUAL",5
"98","2019-03-29",23,0,"2019-03-30T05:00:00-00:00","2019-03-30T06:00:00-00:00","ZP26","Solar","Renewable Forecast Actual Generation","RENEW_FCST_ACT_MW",3,3,-3.73375,"ACTUAL",5
"99","2019-03-29",24,0,"2019-03-30T06:00:00-00:00","2019-03-30T07:00:00-00:00","ZP26","Solar","Renewable Forecast Actual Generation","RENEW_FCST_ACT_MW",3,3,-3.58643,"ACTUAL",5
"100","2019-03-29",2,0,"2019-03-29T08:00:00-00:00","2019-03-29T09:00:00-00:00","ZP26","Solar","Renewable Forecast Actual Generation","RENEW_FCST_ACT_MW",3,3,-3.66015,"ACTUAL",5
"101","2019-03-29",3,0,"2019-03-29T09:00:00-00:00","2019-03-29T10:00:00-00:00","ZP26","Solar","Renewable Forecast Actual Generation","RENEW_FCST_ACT_MW",3,3,-3.65814,"ACTUAL",5
"102","2019-03-29",4,0,"2019-03-29T10:00:00-00:00","2019-03-29T11:00:00-00:00","ZP26","Solar","Renewable Forecast Actual Generation","RENEW_FCST_ACT_MW",3,3,-3.60614,"ACTUAL",5
"103","2019-03-29",5,0,"2019-03-29T11:00:00-00:00","2019-03-29T12:00:00-00:00","ZP26","Solar","Renewable Forecast Actual Generation","RENEW_FCST_ACT_MW",3,3,-3.97215,"ACTUAL",5
"104","2019-03-29",6,0,"2019-03-29T12:00:00-00:00","2019-03-29T13:00:00-00:00","ZP26","Solar","Renewable Forecast Actual Generation","RENEW_FCST_ACT_MW",3,3,-3.98947,"ACTUAL",5
"105","2019-03-29",7,0,"2019-03-29T13:00:00-00:00","2019-03-29T14:00:00-00:00","ZP26","Solar","Renewable Forecast Actual Generation","RENEW_FCST_ACT_MW",3,3,-3.27704,"ACTUAL",5
"106","2019-03-29",8,0,"2019-03-29T14:00:00-00:00","2019-03-29T15:00:00-00:00","ZP26","Solar","Renewable Forecast Actual Generation","RENEW_FCST_ACT_MW",3,3,184.94399,"ACTUAL",5
"107","2019-03-29",9,0,"2019-03-29T15:00:00-00:00","2019-03-29T16:00:00-00:00","ZP26","Solar","Renewable Forecast Actual Generation","RENEW_FCST_ACT_MW",3,3,735.4152,"ACTUAL",5
"108","2019-03-29",10,0,"2019-03-29T16:00:00-00:00","2019-03-29T17:00:00-00:00","ZP26","Solar","Renewable Forecast Actual Generation","RENEW_FCST_ACT_MW",3,3,1108.05726,"ACTUAL",5
"109","2019-03-29",11,0,"2019-03-29T17:00:00-00:00","2019-03-29T18:00:00-00:00","ZP26","Solar","Renewable Forecast Actual Generation","RENEW_FCST_ACT_MW",3,3,1216.28395,"ACTUAL",5
"110","2019-03-29",12,0,"2019-03-29T18:00:00-00:00","2019-03-29T19:00:00-00:00","ZP26","Solar","Renewable Forecast Actual Generation","RENEW_FCST_ACT_MW",3,3,1202.33881,"ACTUAL",5
"111","2019-03-29",13,0,"2019-03-29T19:00:00-00:00","2019-03-29T20:00:00-00:00","ZP26","Solar","Renewable Forecast Actual Generation","RENEW_FCST_ACT_MW",3,3,1200.97116,"ACTUAL",5
"112","2019-03-29",14,0,"2019-03-29T20:00:00-00:00","2019-03-29T21:00:00-00:00","ZP26","Solar","Renewable Forecast Actual Generation","RENEW_FCST_ACT_MW",3,3,1159.48944,"ACTUAL",5
"113","2019-03-29",15,0,"2019-03-29T21:00:00-00:00","2019-03-29T22:00:00-00:00","ZP26","Solar","Renewable Forecast Actual Generation","RENEW_FCST_ACT_MW",3,3,1228.29823,"ACTUAL",5
"114","2019-03-29",16,0,"2019-03-29T22:00:00-00:00","2019-03-29T23:00:00-00:00","ZP26","Solar","Renewable Forecast Actual Generation","RENEW_FCST_ACT_MW",3,3,1224.29118,"ACTUAL",5
"115","2019-03-29",19,0,"2019-03-30T01:00:00-00:00","2019-03-30T02:00:00-00:00","ZP26","Solar","Renewable Forecast Actual Generation","RENEW_FCST_ACT_MW",3,3,298.82189,"ACTUAL",5
"116","2019-03-30",1,0,"2019-03-30T07:00:00-00:00","2019-03-30T08:00:00-00:00","NP15","Solar","Renewable Forecast Actual Generation","RENEW_FCST_ACT_MW",3,3,0.40267,"ACTUAL",6
"117","2019-03-30",1,0,"2019-03-30T07:00:00-00:00","2019-03-30T08:00:00-00:00","NP15","Wind","Renewable Forecast Actual Generation","RENEW_FCST_ACT_MW",3,1,211.91785,"ACTUAL",7
"118","2019-03-30",1,0,"2019-03-30T07:00:00-00:00","2019-03-30T08:00:00-00:00","SP15","Solar","Renewable Forecast Actual Generation","RENEW_FCST_ACT_MW",3,3,-14.13449,"ACTUAL",8
"119","2019-03-30",1,0,"2019-03-30T07:00:00-00:00","2019-03-30T08:00:00-00:00","SP15","Wind","Renewable Forecast Actual Generation","RENEW_FCST_ACT_MW",3,1,2087.6602,"ACTUAL",9
"120","2019-03-30",1,0,"2019-03-30T07:00:00-00:00","2019-03-30T08:00:00-00:00","ZP26","Solar","Renewable Forecast Actual Generation","RENEW_FCST_ACT_MW",3,3,-3.5782,"ACTUAL",10
