"","OPR_DT","OPR_HR","OPR_INTERVAL","INTERVALSTARTTIME_GMT","INTERVALENDTIME_GMT","TRADING_HUB","RENEWABLE_TYPE","LABEL","XML_DATA_ITEM","MARKET_RUN_ID_POS","RENEW_POS","MW","MARKET_RUN_ID","GROUP"
"1","2019-11-05",1,0,"2019-11-05T08:00:00-00:00","2019-11-05T09:00:00-00:00","NP15","Solar","Renewable Forecast Actual Generation","RENEW_FCST_ACT_MW",3,3,-1.04966,"ACTUAL",1
"2","2019-11-05",2,0,"2019-11-05T09:00:00-00:00","2019-11-05T10:00:00-00:00","NP15","Solar","Renewable Forecast Actual Generation","RENEW_FCST_ACT_MW",3,3,-1.05767,"ACTUAL",1
"3","2019-11-05",3,0,"2019-11-05T10:00:00-00:00","2019-11-05T11:00:00-00:00","NP15","Solar","Renewable Forecast Actual Generation","RENEW_FCST_ACT_MW",3,3,-1.34955,"ACTUAL",1
"4","2019-11-05",4,0,"2019-11-05T11:00:00-00:00","2019-11-05T12:00:00-00:00","NP15","Solar","Renewable Forecast Actual Generation","RENEW_FCST_ACT_MW",3,3,-1.35172,"ACTUAL",1
"5","2019-11-05",5,0,"2019-11-05T12:00:00-00:00","2019-11-05T13:00:00-00:00","NP15","Solar","Renewable Forecast Actual Generation","RENEW_FCST_ACT_MW",3,3,-1.32732,"ACTUAL",1
"6","2019-11-05",6,0,"2019-11-05T13:00:00-00:00","2019-11-05T14:00:00-00:00","NP15","Solar","Renewable Forecast Actual Generation","RENEW_FCST_ACT_MW",3,3,-1.3175,"ACTUAL",1
"7","2019-11-05",7,0,"2019-11-05T14:00:00-00:00","2019-11-05T15:00:00-00:00","NP15","Solar","Renewable Forecast Actual Generation","RENEW_FCST_ACT_MW",3,3,15.25026,"ACTUAL",1
"8","2019-11-05",8,0,"2019-11-05T15:00:00-00:00","2019-11-05T16:00:00-00:00","NP15","Solar","Renewable Forecast Actual Generation","RENEW_FCST_ACT_MW",3,3,357.52894,"ACTUAL",1
"9","2019-11-05",9,0,"2019-11-05T16:00:00-00:00","2019-11-05T17:00:00-00:00","NP15","Solar","Renewable Forecast Actual Generation","RENEW_FCST_ACT_MW",3,3,862.2668,"ACTUAL",1
"10","2019-11-05",10,0,"2019-11-05T17:00:00-00:00","2019-11-05T18:00:00-00:00","NP15","Solar","Renewable Forecast Actual Generation","RENEW_FCST_ACT_MW",3,3,928.16502,"ACTUAL",1
"11","2019-11-05",11,0,"2019-11-05T18:00:00-00:00","2019-11-05T19:00:00-00:00","NP15","Solar","Renewable Forecast Actual Generation","RENEW_FCST_ACT_MW",3,3,886.23508,"ACTUAL",1
"12","2019-11-05",12,0,"2019-11-05T19:00:00-00:00","2019-11-05T20:00:00-00:00","NP15","Solar","Renewable Forecast Actual Generation","RENEW_FCST_ACT_MW",3,3,852.51308,"ACTUAL",1
"13","2019-11-05",13,0,"2019-11-05T20:00:00-00:00","2019-11-05T21:00:00-00:00","NP15","Solar","Renewable Forecast Actual Generation","RENEW_FCST_ACT_MW",3,3,868.7842,"ACTUAL",1
"14","2019-11-05",14,0,"2019-11-05T21:00:00-00:00","2019-11-05T22:00:00-00:00","NP15","Solar","Renewable Forecast Actual Generation","RENEW_FCST_ACT_MW",3,3,910.87067,"ACTUAL",1
"15","2019-11-05",15,0,"2019-11-05T22:00:00-00:00","2019-11-05T23:00:00-00:00","NP15","Solar","Renewable Forecast Actual Generation","RENEW_FCST_ACT_MW",3,3,900.85512,"ACTUAL",1
"16","2019-11-05",16,0,"2019-11-05T23:00:00-00:00","2019-11-06T00:00:00-00:00","NP15","Solar","Renewable Forecast Actual Generation","RENEW_FCST_ACT_MW",3,3,624.00027,"ACTUAL",1
"17","2019-11-05",17,0,"2019-11-06T00:00:00-00:00","2019-11-06T01:00:00-00:00","NP15","Solar","Renewable Forecast Actual Generation","RENEW_FCST_ACT_MW",3,3,109.05502,"ACTUAL",1
"18","2019-11-05",18,0,"2019-11-06T01:00:00-00:00","2019-11-06T02:00:00-00:00","NP15","Solar","Renewable Forecast Actual Generation","RENEW_FCST_ACT_MW",3,3,-1.11801,"ACTUAL",1
"19","2019-11-05",19,0,"2019-11-06T02:00:00-00:00","2019-11-06T03:00:00-00:00","NP15","Solar","Renewable Forecast Actual Generation","RENEW_FCST_ACT_MW",3,3,-1.03354,"ACTUAL",1
"20","2019-11-05",20,0,"2019-11-06T03:00:00-00:00","2019-11-06T04:00:00-00:00","NP15","Solar","Renewable Forecast Actual Generation","RENEW_FCST_ACT_MW",3,3,-1.03135,"ACTUAL",1
"21","2019-11-05",21,0,"2019-11-06T04:00:00-00:00","2019-11-06T05:00:00-00:00","NP15","Solar","Renewable Forecast Actual Generation","RENEW_FCST_ACT_MW",3,3,-1.04278,"ACTUAL",1
"22","2019-11-05",22,0,"2019-11-06T05:00:00-00:00","2019-11-06T06:00:00-00:00","NP15","Solar","Renewable Forecast Actual Generation","RENEW_FCST_ACT_MW",3,3,-1.03445,"ACTUAL",1
"23","2019-11-05",23,0,"2019-11-06T06:00:00-00:00","2019-11-06T07:00:00-00:00","NP15","Solar","Renewable Forecast Actual Generation","RENEW_FCST_ACT_MW",3,3,-1.03639,"ACTUAL",1
"24","2019-11-05",24,0,"2019-11-06T07:00:00-00:00","2019-11-06T08:00:00-00:00","NP15","Solar","Renewable Forecast Actual Generation","RENEW_FCST_ACT_MW",3,3,-1.03772,"ACTUAL",1
"25","2019-11-05",1,0,"2019-11-05T08:00:00-00:00","2019-11-05T09:00:00-00:00","NP15","Wind","Renewable Forecast Actual Generation","RENEW_FCST_ACT_MW",3,1,47.07716,"ACTUAL",2
"26","2019-11-05",24,0,"2019-11-06T07:00:00-00:00","2019-11-06T08:00:00-00:00","NP15","Wind","Renewable Forecast Actual Generation","RENEW_FCST_ACT_MW",3,1,171.9515,"ACTUAL",2
"27","2019-11-05",3,0,"2019-11-05T10:00:00-00:00","2019-11-05T11:00:00-00:00","NP15","Wind","Renewable Forecast Actual Generation","RENEW_FCST_ACT_MW",3,1,32.6303,"ACTUAL",2
"28","2019-11-05",4,0,"2019-11-05T11:00:00-00:00","2019-11-05T12:00:00-00:00","NP15","Wind","Renewable Forecast Actual Generation","RENEW_FCST_ACT_MW",3,1,22.88725,"ACTUAL",2
"29","2019-11-05",5,0,"2019-11-05T12:00:00-00:00","2019-11-05T13:00:00-00:00","NP15","Wind","Renewable Forecast Actual Generation","RENEW_FCST_ACT_MW",3,1,13.24885,"ACTUAL",2
"30","2019-11-05",6,0,"2019-11-05T13:00:00-00:00","2019-11-05T14:00:00-00:00","NP15","Wind","Renewable Forecast Actual Generation","RENEW_FCST_ACT_MW",3,1,9.42489,"ACTUAL",2
"31","2019-11-05",7,0,"2019-11-05T14:00:00-00:00","2019-11-05T15:00:00-00:00","NP15","Wind","Renewable Forecast Actual Generation","RENEW_FCST_ACT_MW",3,1,4.02289,"ACTUAL",2
"32","2019-11-05",8,0,"2019-11-05T15:00:00-00:00","2019-11-05T16:00:00-00:00","NP15","Wind","Renewable Forecast Actual Generation","RENEW_FCST_ACT_MW",3,1,4.27542,"ACTUAL",2
"33","2019-11-05",9,0,"2019-11-05T16:00:00-00:00","2019-11-05T17:00:00-00:00","NP15","Wind","Renewable Forecast Actual Generation","RENEW_FCST_ACT_MW",3,1,3.92836,"ACTUAL",2
"34","2019-11-05",10,0,"2019-11-05T17:00:00-00:00","2019-11-05T18:00:00-00:00","NP15","Wind","Renewable Forecast Actual Generation","RENEW_FCST_ACT_MW",3,1,3.35624,"ACTUAL",2
"35","2019-11-05",11,0,"2019-11-05T18:00:00-00:00","2019-11-05T19:00:00-00:00","NP15","Wind","Renewable Forecast Actual Generation","RENEW_FCST_ACT_MW",3,1,1.88592,"ACTUAL",2
"36","2019-11-05",12,0,"2019-11-05T19:00:00-00:00","2019-11-05T20:00:00-00:00","NP15","Wind","Renewable Forecast Actual Generation","RENEW_FCST_ACT_MW",3,1,-2.67072,"ACTUAL",2
"37","2019-11-05",13,0,"2019-11-05T20:00:00-00:00","2019-11-05T21:00:00-00:00","NP15","Wind","Renewable Forecast Actual Generation","RENEW_FCST_ACT_MW",3,1,-6.09538,"ACTUAL",2
"38","2019-11-05",14,0,"2019-11-05T21:00:00-00:00","2019-11-05T22:00:00-00:00","NP15","Wind","Renewable Forecast Actual Generation","RENEW_FCST_ACT_MW",3,1,-5.95183,"ACTUAL",2
"39","2019-11-05",15,0,"2019-11-05T22:00:00-00:00","2019-11-05T23:00:00-00:00","NP15","Wind","Renewable Forecast Actual Generation","RENEW_FCST_ACT_MW",3,1,-7.33034,"ACTUAL",2
"40","2019-11-05",16,0,"2019-11-05T23:00:00-00:00","2019-11-06T00:00:00-00:00","NP15","Wind","Renewable Forecast Actual Generation","RENEW_FCST_ACT_MW",3,1,-9.06347,"ACTUAL",2
"41","2019-11-05",17,0,"2019-11-06T00:00:00-00:00","2019-11-06T01:00:00-00:00","NP15","Wind","Renewable Forecast Actual Generation","RENEW_FCST_ACT_MW",3,1,-10.5899,"ACTUAL",2
"42","2019-11-05",18,0,"2019-11-06T01:00:00-00:00","2019-11-06T02:00:00-00:00","NP15","Wind","Renewable Forecast Actual Generation","RENEW_FCST_ACT_MW",3,1,-8.83083,"ACTUAL",2
"43","2019-11-05",19,0,"2019-11-06T02:00:00-00:00","2019-11-06T03:00:00-00:00","NP15","Wind","Renewable Forecast Actual Generation","RENEW_FCST_ACT_MW",3,1,-8.36451,"ACTUAL",2
"44","2019-11-05",20,0,"2019-11-06T03:00:00-00:00","2019-11-06T04:00:00-00:00","NP15","Wind","Renewable Forecast Actual Generation","RENEW_FCST_ACT_MW",3,1,-3.83474,"ACTUAL",2
"45","2019-11-05",21,0,"2019-11-06T04:00:00-00:00","2019-11-06T05:00:00-00:00","NP15","Wind","Renewable Forecast Actual Generation","RENEW_FCST_ACT_MW",3,1,56.58259,"ACTUAL",2
"46","2019-11-05",22,0,"2019-11-06T05:00:00-00:00","2019-11-06T06:00:00-00:00","NP15","Wind","Renewable Forecast Actual Generation","RENEW_FCST_ACT_MW",3,1,132.68017,"ACTUAL",2
"47","2019-11-05",23,0,"2019-11-06T06:00:00-00:00","2019-11-06T07:00:00-00:00","NP15","Wind","Renewable Forecast Actual Generation","RENEW_FCST_ACT_MW",3,1,179.2758,"ACTUAL",2
"48","2019-11-05",2,0,"2019-11-05T09:00:00-00:00","2019-11-05T10:00:00-00:00","NP15","Wind","Renewable Forecast Actual Generation","RENEW_FCST_ACT_MW",3,1,43.00929,"ACTUAL",2
"49","2019-11-05",24,0,"2019-11-06T07:00:00-00:00","2019-11-06T08:00:00-00:00","SP15","Solar","Renewable Forecast Actual Generation","RENEW_FCST_ACT_MW",3,3,-30.69878,"ACTUAL",3
"50","2019-11-05",2,0,"2019-11-05T09:00:00-00:00","2019-11-05T10:00:00-00:00","SP15","Solar","Renewable Forecast Actual Generation","RENEW_FCST_ACT_MW",3,3,-21.00643,"ACTUAL",3
"51","2019-11-05",23,0,"2019-11-06T06:00:00-00:00","2019-11-06T07:00:00-00:00","SP15","Solar","Renewable Forecast Actual Generation","RENEW_FCST_ACT_MW",3,3,-29.56556,"ACTUAL",3
"52","2019-11-05",6,0,"2019-11-05T13:00:00-00:00","2019-11-05T14:00:00-00:00","SP15","Solar","Renewable Forecast Actual Generation","RENEW_FCST_ACT_MW",3,3,-25.89059,"ACTUAL",3
"53","2019-11-05",22,0,"2019-11-06T05:00:00-00:00","2019-11-06T06:00:00-00:00","SP15","Solar","Renewable Forecast Actual Generation","RENEW_FCST_ACT_MW",3,3,-29.55994,"ACTUAL",3
"54","2019-11-05",11,0,"2019-11-05T18:00:00-00:00","2019-11-05T19:00:00-00:00","SP15","Solar","Renewable Forecast Actual Generation","RENEW_FCST_ACT_MW",3,3,6002.34348,"ACTUAL",3
"55","2019-11-05",21,0,"2019-11-06T04:00:00-00:00","2019-11-06T05:00:00-00:00","SP15","Solar","Renewable Forecast Actual Generation","RENEW_FCST_ACT_MW",3,3,-29.71156,"ACTUAL",3
"56","2019-11-05",3,0,"2019-11-05T10:00:00-00:00","2019-11-05T11:00:00-00:00","SP15","Solar","Renewable Forecast Actual Generation","RENEW_FCST_ACT_MW",3,3,-20.53892,"ACTUAL",3
"57","2019-11-05",20,0,"2019-11-06T03:00:00-00:00","2019-11-06T04:00:00-00:00","SP15","Solar","Renewable Forecast Actual Generation","RENEW_FCST_ACT_MW",3,3,-29.78595,"ACTUAL",3
"58","2019-11-05",10,0,"2019-11-05T17:00:00-00:00","2019-11-05T18:00:00-00:00","SP15","Solar","Renewable Forecast Actual Generation","RENEW_FCST_ACT_MW",3,3,6074.48518,"ACTUAL",3
"59","2019-11-05",19,0,"2019-11-06T02:00:00-00:00","2019-11-06T03:00:00-00:00","SP15","Solar","Renewable Forecast Actual Generation","RENEW_FCST_ACT_MW",3,3,-29.66167,"ACTUAL",3
"60","2019-11-05",5,0,"2019-11-05T12:00:00-00:00","2019-11-05T13:00:00-00:00","SP15","Solar","Renewable Forecast Actual Generation","RENEW_FCST_ACT_MW",3,3,-22.74429,"ACTUAL",3
"61","2019-11-05",18,0,"2019-11-06T01:00:00-00:00","2019-11-06T02:00:00-00:00","SP15","Solar","Renewable Forecast Actual Generation","RENEW_FCST_ACT_MW",3,3,-28.04438,"ACTUAL",3
"62","2019-11-05",9,0,"2019-11-05T16:00:00-00:00","2019-11-05T17:00:00-00:00","SP15","Solar","Renewable Forecast Actual Generation","RENEW_FCST_ACT_MW",3,3,5322.18879,"ACTUAL",3
"63","2019-11-05",17,0,"2019-11-06T00:00:00-00:00","2019-11-06T01:00:00-00:00","SP15","Solar","Renewable Forecast Actual Generation","RENEW_FCST_ACT_MW",3,3,516.03865,"ACTUAL",3
"64","2019-11-05",1,0,"2019-11-05T08:00:00-00:00","2019-11-05T09:00:00-00:00","SP15","Solar","Renewable Forecast Actual Generation","RENEW_FCST_ACT_MW",3,3,-19.70131,"ACTUAL",3
"65","2019-11-05",16,0,"2019-11-05T23:00:00-00:00","2019-11-06T00:00:00-00:00","SP15","Solar","Renewable Forecast Actual Generation","RENEW_FCST_ACT_MW",3,3,3348.07453,"ACTUAL",3
"66","2019-11-05",8,0,"2019-11-05T15:00:00-00:00","2019-11-05T16:00:00-00:00","SP15","Solar","Renewable Forecast Actual Generation","RENEW_FCST_ACT_MW",3,3,3108.87307,"ACTUAL",3
"67","2019-11-05",15,0,"2019-11-05T22:00:00-00:00","2019-11-05T23:00:00-00:00","SP15","Solar","Renewable Forecast Actual Generation","RENEW_FCST_ACT_MW",3,3,5487.53158,"ACTUAL",3
"68","2019-11-05",4,0,"2019-11-05T11:00:00-00:00","2019-11-05T12:00:00-00:00","SP15","Solar","Renewable Forecast Actual Generation","RENEW_FCST_ACT_MW",3,3,-21.64288,"ACTUAL",3
"69","2019-11-05",14,0,"2019-11-05T21:00:00-00:00","2019-11-05T22:00:00-00:00","SP15","Solar","Renewable Forecast Actual Generation","RENEW_FCST_ACT_MW",3,3,6028.43954,"ACTUAL",3
"70","2019-11-05",7,0,"2019-11-05T14:00:00-00:00","2019-11-05T15:00:00-00:00","SP15","Solar","Renewable Forecast Actual Generation","RENEW_FCST_ACT_MW",3,3,419.9193,"ACTUAL",3
"71","2019-11-05",13,0,"2019-11-05T20:00:00-00:00","2019-11-05T21:00:00-00:00","SP15","Solar","Renewable Forecast Actual Generation","RENEW_FCST_ACT_MW",3,3,6018.9563,"ACTUAL",3
"72","2019-11-05",12,0,"2019-11-05T19:00:00-00:00","2019-11-05T20:00:00-00:00","SP15","Solar","Renewable Forecast Actual Generation","RENEW_FCST_ACT_MW",3,3,6127.05118,"ACTUAL",3
"73","2019-11-05",23,0,"2019-11-06T06:00:00-00:00","2019-11-06T07:00:00-00:00","SP15","Wind","Renewable Forecast Actual Generation","RENEW_FCST_ACT_MW",3,1,80.59178,"ACTUAL",4
"74","2019-11-05",22,0,"2019-11-06T05:00:00-00:00","2019-11-06T06:00:00-00:00","SP15","Wind","Renewable Forecast Actual Generation","RENEW_FCST_ACT_MW",3,1,69.66152,"ACTUAL",4
"75","2019-11-05",21,0,"2019-11-06T04:00:00-00:00","2019-11-06T05:00:00-00:00","SP15","Wind","Renewable Forecast Actual Generation","RENEW_FCST_ACT_MW",3,1,64.89439,"ACTUAL",4
"76","2019-11-05",20,0,"2019-11-06T03:00:00-00:00","2019-11-06T04:00:00-00:00","SP15","Wind","Renewable Forecast Actual Generation","RENEW_FCST_ACT_MW",3,1,65.83679,"ACTUAL",4
"77","2019-11-05",19,0,"2019-11-06T02:00:00-00:00","2019-11-06T03:00:00-00:00","SP15","Wind","Renewable Forecast Actual Generation","RENEW_FCST_ACT_MW",3,1,63.19421,"ACTUAL",4
"78","2019-11-05",18,0,"2019-11-06T01:00:00-00:00","2019-11-06T02:00:00-00:00","SP15","Wind","Renewable Forecast Actual Generation","RENEW_FCST_ACT_MW",3,1,67.57942,"ACTUAL",4
"79","2019-11-05",17,0,"2019-11-06T00:00:00-00:00","2019-11-06T01:00:00-00:00","SP15","Wind","Renewable Forecast Actual Generation","RENEW_FCST_ACT_MW",3,1,75.55411,"ACTUAL",4
"80","2019-11-05",16,0,"2019-11-05T23:00:00-00:00","2019-11-06T00:00:00-00:00","SP15","Wind","Renewable Forecast Actual Generation","RENEW_FCST_ACT_MW",3,1,85.1418,"ACTUAL",4
"81","2019-11-05",15,0,"2019-11-05T22:00:00-00:00","2019-11-05T23:00:00-00:00","SP15","Wind","Renewable Forecast Actual Generation","RENEW_FCST_ACT_MW",3,1,102.46181,"ACTUAL",4
"82","2019-11-05",14,0,"2019-11-05T21:00:00-00:00","2019-11-05T22:00:00-00:00","SP15","Wind","Renewable Forecast Actual Generation","RENEW_FCST_ACT_MW",3,1,145.61613,"ACTUAL",4
"83","2019-11-05",13,0,"2019-11-05T20:00:00-00:00","2019-11-05T21:00:00-00:00","SP15","Wind","Renewable Forecast Actual Generation","RENEW_FCST_ACT_MW",3,1,172.72383,"ACTUAL",4
"84","2019-11-05",12,0,"2019-11-05T19:00:00-00:00","2019-11-05T20:00:00-00:00","SP15","Wind","Renewable Forecast Actual Generation","RENEW_FCST_ACT_MW",3,1,170.09636,"ACTUAL",4
"85","2019-11-05",11,0,"2019-11-05T18:00:00-00:00","2019-11-05T19:00:00-00:00","SP15","Wind","Renewable Forecast Actual Generation","RENEW_FCST_ACT_MW",3,1,125.84307,"ACTUAL",4
"86","2019-11-05",10,0,"2019-11-05T17:00:00-00:00","2019-11-05T18:00:00-00:00","SP15","Wind","Renewable Forecast Actual Generation","RENEW_FCST_ACT_MW",3,1,114.63677,"ACTUAL",4
"87","2019-11-05",9,0,"2019-11-05T16:00:00-00:00","2019-11-05T17:00:00-00:00","SP15","Wind","Renewable Forecast Actual Generation","RENEW_FCST_ACT_MW",3,1,88.76866,"ACTUAL",4
"88","2019-11-05",8,0,"2019-11-05T15:00:00-00:00","2019-11-05T16:00:00-00:00","SP15","Wind","Renewable Forecast Actual Generation","RENEW_FCST_ACT_MW",3,1,85.48245,"ACTUAL",4
"89","2019-11-05",7,0,"2019-11-05T14:00:00-00:00","2019-11-05T15:00:00-00:00","SP15","Wind","Renewable Forecast Actual Generation","RENEW_FCST_ACT_MW",3,1,98.98398,"ACTUAL",4
"90","2019-11-05",6,0,"2019-11-05T13:00:00-00:00","2019-11-05T14:00:00-00:00","SP15","Wind","Renewable Forecast Actual Generation","RENEW_FCST_ACT_MW",3,1,84.57285,"ACTUAL",4
"91","2019-11-05",5,0,"2019-11-05T12:00:00-00:00","2019-11-05T13:00:00-00:00","SP15","Wind","Renewable Forecast Actual Generation","RENEW_FCST_ACT_MW",3,1,79.08137,"ACTUAL",4
"92","2019-11-05",4,0,"2019-11-05T11:00:00-00:00","2019-11-05T12:00:00-00:00","SP15","Wind","Renewable Forecast Actual Generation","RENEW_FCST_ACT_MW",3,1,80.18394,"ACTUAL",4
"93","2019-11-05",3,0,"2019-11-05T10:00:00-00:00","2019-11-05T11:00:00-00:00","SP15","Wind","Renewable Forecast Actual Generation","RENEW_FCST_ACT_MW",3,1,80.68281,"ACTUAL",4
"94","2019-11-05",2,0,"2019-11-05T09:00:00-00:00","2019-11-05T10:00:00-00:00","SP15","Wind","Renewable Forecast Actual Generation","RENEW_FCST_ACT_MW",3,1,75.97023,"ACTUAL",4
"95","2019-11-05",24,0,"2019-11-06T07:00:00-00:00","2019-11-06T08:00:00-00:00","SP15","Wind","Renewable Forecast Actual Generation","RENEW_FCST_ACT_MW",3,1,88.16503,"ACTUAL",4
"96","2019-11-05",1,0,"2019-11-05T08:00:00-00:00","2019-11-05T09:00:00-00:00","SP15","Wind","Renewable Forecast Actual Generation","RENEW_FCST_ACT_MW",3,1,68.14994,"ACTUAL",4
"97","2019-11-05",1,0,"2019-11-05T08:00:00-00:00","2019-11-05T09:00:00-00:00","ZP26","Solar","Renewable Forecast Actual Generation","RENEW_FCST_ACT_MW",3,3,-5.72055,"ACTUAL",5
"98","2019-11-05",24,0,"2019-11-06T07:00:00-00:00","2019-11-06T08:00:00-00:00","ZP26","Solar","Renewable Forecast Actual Generation","RENEW_FCST_ACT_MW",3,3,-5.69887,"ACTUAL",5
"99","2019-11-05",3,0,"2019-11-05T10:00:00-00:00","2019-11-05T11:00:00-00:00","ZP26","Solar","Renewable Forecast Actual Generation","RENEW_FCST_ACT_MW",3,3,-6.65525,"ACTUAL",5
"100","2019-11-05",4,0,"2019-11-05T11:00:00-00:00","2019-11-05T12:00:00-00:00","ZP26","Solar","Renewable Forecast Actual Generation","RENEW_FCST_ACT_MW",3,3,-5.75653,"ACTUAL",5
"101","2019-11-05",5,0,"2019-11-05T12:00:00-00:00","2019-11-05T13:00:00-00:00","ZP26","Solar","Renewable Forecast Actual Generation","RENEW_FCST_ACT_MW",3,3,-5.68734,"ACTUAL",5
"102","2019-11-05",6,0,"2019-11-05T13:00:00-00:00","2019-11-05T14:00:00-00:00","ZP26","Solar","Renewable Forecast Actual Generation","RENEW_FCST_ACT_MW",3,3,-5.79296,"ACTUAL",5
"103","2019-11-05",7,0,"2019-11-05T14:00:00-00:00","2019-11-05T15:00:00-00:00","ZP26","Solar","Renewable Forecast Actual Generation","RENEW_FCST_ACT_MW",3,3,26.62346,"ACTUAL",5
"104","2019-11-05",8,0,"2019-11-05T15:00:00-00:00","2019-11-05T16:00:00-00:00","ZP26","Solar","Renewable Forecast Actual Generation","RENEW_FCST_ACT_MW",3,3,493.97646,"ACTUAL",5
"105","2019-11-05",9,0,"2019-11-05T16:00:00-00:00","2019-11-05T17:00:00-00:00","ZP26","Solar","Renewable Forecast Actual Generation","RENEW_FCST_ACT_MW",3,3,1092.4402,"ACTUAL",5
"106","2019-11-05",10,0,"2019-11-05T17:00:00-00:00","2019-11-05T18:00:00-00:00","ZP26","Solar","Renewable Forecast Actual Generation","RENEW_FCST_ACT_MW",3,3,1286.41592,"ACTUAL",5
"107","2019-11-05",11,0,"2019-11-05T18:00:00-00:00","2019-11-05T19:00:00-00:00","ZP26","Solar","Renewable Forecast Actual Generation","RENEW_FCST_ACT_MW",3,3,1320.50861,"ACTUAL",5
"108","2019-11-05",12,0,"2019-11-05T19:00:00-00:00","2019-11-05T20:00:00-00:00","ZP26","Solar","Renewable Forecast Actual Generation","RENEW_FCST_ACT_MW",3,3,1317.52308,"ACTUAL",5
"109","2019-11-05",13,0,"2019-11-05T20:00:00-00:00","2019-11-05T21:00:00-00:00","ZP26","Solar","Renewable Forecast Actual Generation","RENEW_FCST_ACT_MW",3,3,1319.6839,"ACTUAL",5
"110","2019-11-05",14,0,"2019-11-05T21:00:00-00:00","2019-11-05T22:00:00-00:00","ZP26","Solar","Renewable Forecast Actual Generation","RENEW_FCST_ACT_MW",3,3,1305.13359,"ACTUAL",5
"111","2019-11-05",15,0,"2019-11-05T22:00:00-00:00","2019-11-05T23:00:00-00:00","ZP26","Solar","Renewable Forecast Actual Generation","RENEW_FCST_ACT_MW",3,3,1195.36088,"ACTUAL",5
"112","2019-11-05",16,0,"2019-11-05T23:00:00-00:00","2019-11-06T00:00:00-00:00","ZP26","Solar","Renewable Forecast Actual Generation","RENEW_FCST_ACT_MW",3,3,766.75449,"ACTUAL",5
"113","2019-11-05",17,0,"2019-11-06T00:00:00-00:00","2019-11-06T01:00:00-00:00","ZP26","Solar","Renewable Forecast Actual Generation","RENEW_FCST_ACT_MW",3,3,140.2544,"ACTUAL",5
"114","2019-11-05",18,0,"2019-11-06T01:00:00-00:00","2019-11-06T02:00:00-00:00","ZP26","Solar","Renewable Forecast Actual Generation","RENEW_FCST_ACT_MW",3,3,-5.97517,"ACTUAL",5
"115","2019-11-05",19,0,"2019-11-06T02:00:00-00:00","2019-11-06T03:00:00-00:00","ZP26","Solar","Renewable Forecast Actual Generation","RENEW_FCST_ACT_MW",3,3,-5.65496,"ACTUAL",5
"116","2019-11-05",20,0,"2019-11-06T03:00:00-00:00","2019-11-06T04:00:00-00:00","ZP26","Solar","Renewable Forecast Actual Generation","RENEW_FCST_ACT_MW",3,3,-5.64075,"ACTUAL",5
"117","2019-11-05",21,0,"2019-11-06T04:00:00-00:00","2019-11-06T05:00:00-00:00","ZP26","Solar","Renewable Forecast Actual Generation","RENEW_FCST_ACT_MW",3,3,-5.69033,"ACTUAL",5
"118","2019-11-05",22,0,"2019-11-06T05:00:00-00:00","2019-11-06T06:00:00-00:00","ZP26","Solar","Renewable Forecast Actual Generation","RENEW_FCST_ACT_MW",3,3,-5.65039,"ACTUAL",5
"119","2019-11-05",23,0,"2019-11-06T06:00:00-00:00","2019-11-06T07:00:00-00:00","ZP26","Solar","Renewable Forecast Actual Generation","RENEW_FCST_ACT_MW",3,3,-5.64238,"ACTUAL",5
"120","2019-11-05",2,0,"2019-11-05T09:00:00-00:00","2019-11-05T10:00:00-00:00","ZP26","Solar","Renewable Forecast Actual Generation","RENEW_FCST_ACT_MW",3,3,-5.72574,"ACTUAL",5
