"","OPR_DT","OPR_HR","OPR_INTERVAL","INTERVALSTARTTIME_GMT","INTERVALENDTIME_GMT","TRADING_HUB","RENEWABLE_TYPE","LABEL","XML_DATA_ITEM","MARKET_RUN_ID_POS","RENEW_POS","MW","MARKET_RUN_ID","GROUP"
"1","2019-12-01",1,0,"2019-12-01T08:00:00-00:00","2019-12-01T09:00:00-00:00","NP15","Solar","Renewable Forecast Actual Generation","RENEW_FCST_ACT_MW",3,3,-3.47528,"ACTUAL",1
"2","2019-12-01",2,0,"2019-12-01T09:00:00-00:00","2019-12-01T10:00:00-00:00","NP15","Solar","Renewable Forecast Actual Generation","RENEW_FCST_ACT_MW",3,3,-3.58464,"ACTUAL",1
"3","2019-12-01",3,0,"2019-12-01T10:00:00-00:00","2019-12-01T11:00:00-00:00","NP15","Solar","Renewable Forecast Actual Generation","RENEW_FCST_ACT_MW",3,3,-3.61019,"ACTUAL",1
"4","2019-12-01",4,0,"2019-12-01T11:00:00-00:00","2019-12-01T12:00:00-00:00","NP15","Solar","Renewable Forecast Actual Generation","RENEW_FCST_ACT_MW",3,3,-3.62925,"ACTUAL",1
"5","2019-12-01",5,0,"2019-12-01T12:00:00-00:00","2019-12-01T13:00:00-00:00","NP15","Solar","Renewable Forecast Actual Generation","RENEW_FCST_ACT_MW",3,3,-3.61343,"ACTUAL",1
"6","2019-12-01",6,0,"2019-12-01T13:00:00-00:00","2019-12-01T14:00:00-00:00","NP15","Solar","Renewable Forecast Actual Generation","RENEW_FCST_ACT_MW",3,3,-3.60152,"ACTUAL",1
"7","2019-12-01",7,0,"2019-12-01T14:00:00-00:00","2019-12-01T15:00:00-00:00","NP15","Solar","Renewable Forecast Actual Generation","RENEW_FCST_ACT_MW",3,3,-3.80899,"ACTUAL",1
"8","2019-12-01",8,0,"2019-12-01T15:00:00-00:00","2019-12-01T16:00:00-00:00","NP15","Solar","Renewable Forecast Actual Generation","RENEW_FCST_ACT_MW",3,3,19.80556,"ACTUAL",1
"9","2019-12-01",9,0,"2019-12-01T16:00:00-00:00","2019-12-01T17:00:00-00:00","NP15","Solar","Renewable Forecast Actual Generation","RENEW_FCST_ACT_MW",3,3,34.8621,"ACTUAL",1
"10","2019-12-01",10,0,"2019-12-01T17:00:00-00:00","2019-12-01T18:00:00-00:00","NP15","Solar","Renewable Forecast Actual Generation","RENEW_FCST_ACT_MW",3,3,55.8634,"ACTUAL",1
"11","2019-12-01",11,0,"2019-12-01T18:00:00-00:00","2019-12-01T19:00:00-00:00","NP15","Solar","Renewable Forecast Actual Generation","RENEW_FCST_ACT_MW",3,3,86.84806,"ACTUAL",1
"12","2019-12-01",12,0,"2019-12-01T19:00:00-00:00","2019-12-01T20:00:00-00:00","NP15","Solar","Renewable Forecast Actual Generation","RENEW_FCST_ACT_MW",3,3,126.06995,"ACTUAL",1
"13","2019-12-01",13,0,"2019-12-01T20:00:00-00:00","2019-12-01T21:00:00-00:00","NP15","Solar","Renewable Forecast Actual Generation","RENEW_FCST_ACT_MW",3,3,113.19374,"ACTUAL",1
"14","2019-12-01",14,0,"2019-12-01T21:00:00-00:00","2019-12-01T22:00:00-00:00","NP15","Solar","Renewable Forecast Actual Generation","RENEW_FCST_ACT_MW",3,3,98.1777,"ACTUAL",1
"15","2019-12-01",15,0,"2019-12-01T22:00:00-00:00","2019-12-01T23:00:00-00:00","NP15","Solar","Renewable Forecast Actual Generation","RENEW_FCST_ACT_MW",3,3,73.9982,"ACTUAL",1
"16","2019-12-01",16,0,"2019-12-01T23:00:00-00:00","2019-12-02T00:00:00-00:00","NP15","Solar","Renewable Forecast Actual Generation","RENEW_FCST_ACT_MW",3,3,49.00624,"ACTUAL",1
"17","2019-12-01",17,0,"2019-12-02T00:00:00-00:00","2019-12-02T01:00:00-00:00","NP15","Solar","Renewable Forecast Actual Generation","RENEW_FCST_ACT_MW",3,3,3.18502,"ACTUAL",1
"18","2019-12-01",18,0,"2019-12-02T01:00:00-00:00","2019-12-02T02:00:00-00:00","NP15","Solar","Renewable Forecast Actual Generation","RENEW_FCST_ACT_MW",3,3,-3.64482,"ACTUAL",1
"19","2019-12-01",19,0,"2019-12-02T02:00:00-00:00","2019-12-02T03:00:00-00:00","NP15","Solar","Renewable Forecast Actual Generation","RENEW_FCST_ACT_MW",3,3,-3.59686,"ACTUAL",1
"20","2019-12-01",20,0,"2019-12-02T03:00:00-00:00","2019-12-02T04:00:00-00:00","NP15","Solar","Renewable Forecast Actual Generation","RENEW_FCST_ACT_MW",3,3,-3.63025,"ACTUAL",1
"21","2019-12-01",21,0,"2019-12-02T04:00:00-00:00","2019-12-02T05:00:00-00:00","NP15","Solar","Renewable Forecast Actual Generation","RENEW_FCST_ACT_MW",3,3,-3.62392,"ACTUAL",1
"22","2019-12-01",22,0,"2019-12-02T05:00:00-00:00","2019-12-02T06:00:00-00:00","NP15","Solar","Renewable Forecast Actual Generation","RENEW_FCST_ACT_MW",3,3,-3.63514,"ACTUAL",1
"23","2019-12-01",23,0,"2019-12-02T06:00:00-00:00","2019-12-02T07:00:00-00:00","NP15","Solar","Renewable Forecast Actual Generation","RENEW_FCST_ACT_MW",3,3,-3.64185,"ACTUAL",1
"24","2019-12-01",24,0,"2019-12-02T07:00:00-00:00","2019-12-02T08:00:00-00:00","NP15","Solar","Renewable Forecast Actual Generation","RENEW_FCST_ACT_MW",3,3,-3.63839,"ACTUAL",1
"25","2019-12-01",1,0,"2019-12-01T08:00:00-00:00","2019-12-01T09:00:00-00:00","NP15","Wind","Renewable Forecast Actual Generation","RENEW_FCST_ACT_MW",3,1,1158.3845,"ACTUAL",2
"26","2019-12-01",24,0,"2019-12-02T07:00:00-00:00","2019-12-02T08:00:00-00:00","NP15","Wind","Renewable Forecast Actual Generation","RENEW_FCST_ACT_MW",3,1,656.92852,"ACTUAL",2
"27","2019-12-01",3,0,"2019-12-01T10:00:00-00:00","2019-12-01T11:00:00-00:00","NP15","Wind","Renewable Forecast Actual Generation","RENEW_FCST_ACT_MW",3,1,1158.29779,"ACTUAL",2
"28","2019-12-01",4,0,"2019-12-01T11:00:00-00:00","2019-12-01T12:00:00-00:00","NP15","Wind","Renewable Forecast Actual Generation","RENEW_FCST_ACT_MW",3,1,1141.16845,"ACTUAL",2
"29","2019-12-01",5,0,"2019-12-01T12:00:00-00:00","2019-12-01T13:00:00-00:00","NP15","Wind","Renewable Forecast Actual Generation","RENEW_FCST_ACT_MW",3,1,1168.70874,"ACTUAL",2
"30","2019-12-01",6,0,"2019-12-01T13:00:00-00:00","2019-12-01T14:00:00-00:00","NP15","Wind","Renewable Forecast Actual Generation","RENEW_FCST_ACT_MW",3,1,1152.10553,"ACTUAL",2
"31","2019-12-01",7,0,"2019-12-01T14:00:00-00:00","2019-12-01T15:00:00-00:00","NP15","Wind","Renewable Forecast Actual Generation","RENEW_FCST_ACT_MW",3,1,1163.22545,"ACTUAL",2
"32","2019-12-01",8,0,"2019-12-01T15:00:00-00:00","2019-12-01T16:00:00-00:00","NP15","Wind","Renewable Forecast Actual Generation","RENEW_FCST_ACT_MW",3,1,1226.08117,"ACTUAL",2
"33","2019-12-01",9,0,"2019-12-01T16:00:00-00:00","2019-12-01T17:00:00-00:00","NP15","Wind","Renewable Forecast Actual Generation","RENEW_FCST_ACT_MW",3,1,1125.92664,"ACTUAL",2
"34","2019-12-01",10,0,"2019-12-01T17:00:00-00:00","2019-12-01T18:00:00-00:00","NP15","Wind","Renewable Forecast Actual Generation","RENEW_FCST_ACT_MW",3,1,1052.37049,"ACTUAL",2
"35","2019-12-01",11,0,"2019-12-01T18:00:00-00:00","2019-12-01T19:00:00-00:00","NP15","Wind","Renewable Forecast Actual Generation","RENEW_FCST_ACT_MW",3,1,893.32506,"ACTUAL",2
"36","2019-12-01",12,0,"2019-12-01T19:00:00-00:00","2019-12-01T20:00:00-00:00","NP15","Wind","Renewable Forecast Actual Generation","RENEW_FCST_ACT_MW",3,1,801.35658,"ACTUAL",2
"37","2019-12-01",13,0,"2019-12-01T20:00:00-00:00","2019-12-01T21:00:00-00:00","NP15","Wind","Renewable Forecast Actual Generation","RENEW_FCST_ACT_MW",3,1,1088.59696,"ACTUAL",2
"38","2019-12-01",14,0,"2019-12-01T21:00:00-00:00","2019-12-01T22:00:00-00:00","NP15","Wind","Renewable Forecast Actual Generation","RENEW_FCST_ACT_MW",3,1,1131.52184,"ACTUAL",2
"39","2019-12-01",15,0,"2019-12-01T22:00:00-00:00","2019-12-01T23:00:00-00:00","NP15","Wind","Renewable Forecast Actual Generation","RENEW_FCST_ACT_MW",3,1,1063.34973,"ACTUAL",2
"40","2019-12-01",16,0,"2019-12-01T23:00:00-00:00","2019-12-02T00:00:00-00:00","NP15","Wind","Renewable Forecast Actual Generation","RENEW_FCST_ACT_MW",3,1,1041.16924,"ACTUAL",2
"41","2019-12-01",17,0,"2019-12-02T00:00:00-00:00","2019-12-02T01:00:00-00:00","NP15","Wind","Renewable Forecast Actual Generation","RENEW_FCST_ACT_MW",3,1,1030.98171,"ACTUAL",2
"42","2019-12-01",18,0,"2019-12-02T01:00:00-00:00","2019-12-02T02:00:00-00:00","NP15","Wind","Renewable Forecast Actual Generation","RENEW_FCST_ACT_MW",3,1,1058.71907,"ACTUAL",2
"43","2019-12-01",19,0,"2019-12-02T02:00:00-00:00","2019-12-02T03:00:00-00:00","NP15","Wind","Renewable Forecast Actual Generation","RENEW_FCST_ACT_MW",3,1,1038.58835,"ACTUAL",2
"44","2019-12-01",20,0,"2019-12-02T03:00:00-00:00","2019-12-02T04:00:00-00:00","NP15","Wind","Renewable Forecast Actual Generation","RENEW_FCST_ACT_MW",3,1,891.04598,"ACTUAL",2
"45","2019-12-01",21,0,"2019-12-02T04:00:00-00:00","2019-12-02T05:00:00-00:00","NP15","Wind","Renewable Forecast Actual Generation","RENEW_FCST_ACT_MW",3,1,814.81718,"ACTUAL",2
"46","2019-12-01",22,0,"2019-12-02T05:00:00-00:00","2019-12-02T06:00:00-00:00","NP15","Wind","Renewable Forecast Actual Generation","RENEW_FCST_ACT_MW",3,1,843.16552,"ACTUAL",2
"47","2019-12-01",23,0,"2019-12-02T06:00:00-00:00","2019-12-02T07:00:00-00:00","NP15","Wind","Renewable Forecast Actual Generation","RENEW_FCST_ACT_MW",3,1,800.2487,"ACTUAL",2
"48","2019-12-01",2,0,"2019-12-01T09:00:00-00:00","2019-12-01T10:00:00-00:00","NP15","Wind","Renewable Forecast Actual Generation","RENEW_FCST_ACT_MW",3,1,1168.14394,"ACTUAL",2
"49","2019-12-01",24,0,"2019-12-02T07:00:00-00:00","2019-12-02T08:00:00-00:00","SP15","Solar","Renewable Forecast Actual Generation","RENEW_FCST_ACT_MW",3,3,-34.42378,"ACTUAL",3
"50","2019-12-01",2,0,"2019-12-01T09:00:00-00:00","2019-12-01T10:00:00-00:00","SP15","Solar","Renewable Forecast Actual Generation","RENEW_FCST_ACT_MW",3,3,-25.57507,"ACTUAL",3
"51","2019-12-01",23,0,"2019-12-02T06:00:00-00:00","2019-12-02T07:00:00-00:00","SP15","Solar","Renewable Forecast Actual Generation","RENEW_FCST_ACT_MW",3,3,-34.97096,"ACTUAL",3
"52","2019-12-01",6,0,"2019-12-01T13:00:00-00:00","2019-12-01T14:00:00-00:00","SP15","Solar","Renewable Forecast Actual Generation","RENEW_FCST_ACT_MW",3,3,-28.43369,"ACTUAL",3
"53","2019-12-01",22,0,"2019-12-02T05:00:00-00:00","2019-12-02T06:00:00-00:00","SP15","Solar","Renewable Forecast Actual Generation","RENEW_FCST_ACT_MW",3,3,-34.38951,"ACTUAL",3
"54","2019-12-01",11,0,"2019-12-01T18:00:00-00:00","2019-12-01T19:00:00-00:00","SP15","Solar","Renewable Forecast Actual Generation","RENEW_FCST_ACT_MW",3,3,3075.45556,"ACTUAL",3
"55","2019-12-01",21,0,"2019-12-02T04:00:00-00:00","2019-12-02T05:00:00-00:00","SP15","Solar","Renewable Forecast Actual Generation","RENEW_FCST_ACT_MW",3,3,-32.97707,"ACTUAL",3
"56","2019-12-01",3,0,"2019-12-01T10:00:00-00:00","2019-12-01T11:00:00-00:00","SP15","Solar","Renewable Forecast Actual Generation","RENEW_FCST_ACT_MW",3,3,-25.55655,"ACTUAL",3
"57","2019-12-01",20,0,"2019-12-02T03:00:00-00:00","2019-12-02T04:00:00-00:00","SP15","Solar","Renewable Forecast Actual Generation","RENEW_FCST_ACT_MW",3,3,-34.00626,"ACTUAL",3
"58","2019-12-01",10,0,"2019-12-01T17:00:00-00:00","2019-12-01T18:00:00-00:00","SP15","Solar","Renewable Forecast Actual Generation","RENEW_FCST_ACT_MW",3,3,3006.57517,"ACTUAL",3
"59","2019-12-01",19,0,"2019-12-02T02:00:00-00:00","2019-12-02T03:00:00-00:00","SP15","Solar","Renewable Forecast Actual Generation","RENEW_FCST_ACT_MW",3,3,-33.86196,"ACTUAL",3
"60","2019-12-01",5,0,"2019-12-01T12:00:00-00:00","2019-12-01T13:00:00-00:00","SP15","Solar","Renewable Forecast Actual Generation","RENEW_FCST_ACT_MW",3,3,-27.64628,"ACTUAL",3
"61","2019-12-01",18,0,"2019-12-02T01:00:00-00:00","2019-12-02T02:00:00-00:00","SP15","Solar","Renewable Forecast Actual Generation","RENEW_FCST_ACT_MW",3,3,-32.87405,"ACTUAL",3
"62","2019-12-01",9,0,"2019-12-01T16:00:00-00:00","2019-12-01T17:00:00-00:00","SP15","Solar","Renewable Forecast Actual Generation","RENEW_FCST_ACT_MW",3,3,2014.3257,"ACTUAL",3
"63","2019-12-01",17,0,"2019-12-02T00:00:00-00:00","2019-12-02T01:00:00-00:00","SP15","Solar","Renewable Forecast Actual Generation","RENEW_FCST_ACT_MW",3,3,123.19023,"ACTUAL",3
"64","2019-12-01",1,0,"2019-12-01T08:00:00-00:00","2019-12-01T09:00:00-00:00","SP15","Solar","Renewable Forecast Actual Generation","RENEW_FCST_ACT_MW",3,3,-26.80283,"ACTUAL",3
"65","2019-12-01",16,0,"2019-12-01T23:00:00-00:00","2019-12-02T00:00:00-00:00","SP15","Solar","Renewable Forecast Actual Generation","RENEW_FCST_ACT_MW",3,3,1420.65134,"ACTUAL",3
"66","2019-12-01",8,0,"2019-12-01T15:00:00-00:00","2019-12-01T16:00:00-00:00","SP15","Solar","Renewable Forecast Actual Generation","RENEW_FCST_ACT_MW",3,3,1042.53991,"ACTUAL",3
"67","2019-12-01",15,0,"2019-12-01T22:00:00-00:00","2019-12-01T23:00:00-00:00","SP15","Solar","Renewable Forecast Actual Generation","RENEW_FCST_ACT_MW",3,3,2664.30633,"ACTUAL",3
"68","2019-12-01",4,0,"2019-12-01T11:00:00-00:00","2019-12-01T12:00:00-00:00","SP15","Solar","Renewable Forecast Actual Generation","RENEW_FCST_ACT_MW",3,3,-27.42152,"ACTUAL",3
"69","2019-12-01",14,0,"2019-12-01T21:00:00-00:00","2019-12-01T22:00:00-00:00","SP15","Solar","Renewable Forecast Actual Generation","RENEW_FCST_ACT_MW",3,3,3239.89603,"ACTUAL",3
"70","2019-12-01",7,0,"2019-12-01T14:00:00-00:00","2019-12-01T15:00:00-00:00","SP15","Solar","Renewable Forecast Actual Generation","RENEW_FCST_ACT_MW",3,3,48.70056,"ACTUAL",3
"71","2019-12-01",13,0,"2019-12-01T20:00:00-00:00","2019-12-01T21:00:00-00:00","SP15","Solar","Renewable Forecast Actual Generation","RENEW_FCST_ACT_MW",3,3,3631.10566,"ACTUAL",3
"72","2019-12-01",12,0,"2019-12-01T19:00:00-00:00","2019-12-01T20:00:00-00:00","SP15","Solar","Renewable Forecast Actual Generation","RENEW_FCST_ACT_MW",3,3,3311.71655,"ACTUAL",3
"73","2019-12-01",23,0,"2019-12-02T06:00:00-00:00","2019-12-02T07:00:00-00:00","SP15","Wind","Renewable Forecast Actual Generation","RENEW_FCST_ACT_MW",3,1,152.2787,"ACTUAL",4
"74","2019-12-01",22,0,"2019-12-02T05:00:00-00:00","2019-12-02T06:00:00-00:00","SP15","Wind","Renewable Forecast Actual Generation","RENEW_FCST_ACT_MW",3,1,158.94762,"ACTUAL",4
"75","2019-12-01",21,0,"2019-12-02T04:00:00-00:00","2019-12-02T05:00:00-00:00","SP15","Wind","Renewable Forecast Actual Generation","RENEW_FCST_ACT_MW",3,1,159.59306,"ACTUAL",4
"76","2019-12-01",20,0,"2019-12-02T03:00:00-00:00","2019-12-02T04:00:00-00:00","SP15","Wind","Renewable Forecast Actual Generation","RENEW_FCST_ACT_MW",3,1,154.22287,"ACTUAL",4
"77","2019-12-01",19,0,"2019-12-02T02:00:00-00:00","2019-12-02T03:00:00-00:00","SP15","Wind","Renewable Forecast Actual Generation","RENEW_FCST_ACT_MW",3,1,134.8574,"ACTUAL",4
"78","2019-12-01",18,0,"2019-12-02T01:00:00-00:00","2019-12-02T02:00:00-00:00","SP15","Wind","Renewable Forecast Actual Generation","RENEW_FCST_ACT_MW",3,1,120.55969,"ACTUAL",4
"79","2019-12-01",17,0,"2019-12-02T00:00:00-00:00","2019-12-02T01:00:00-00:00","SP15","Wind","Renewable Forecast Actual Generation","RENEW_FCST_ACT_MW",3,1,118.59335,"ACTUAL",4
"80","2019-12-01",16,0,"2019-12-01T23:00:00-00:00","2019-12-02T00:00:00-00:00","SP15","Wind","Renewable Forecast Actual Generation","RENEW_FCST_ACT_MW",3,1,149.36239,"ACTUAL",4
"81","2019-12-01",15,0,"2019-12-01T22:00:00-00:00","2019-12-01T23:00:00-00:00","SP15","Wind","Renewable Forecast Actual Generation","RENEW_FCST_ACT_MW",3,1,160.14232,"ACTUAL",4
"82","2019-12-01",14,0,"2019-12-01T21:00:00-00:00","2019-12-01T22:00:00-00:00","SP15","Wind","Renewable Forecast Actual Generation","RENEW_FCST_ACT_MW",3,1,144.38249,"ACTUAL",4
"83","2019-12-01",13,0,"2019-12-01T20:00:00-00:00","2019-12-01T21:00:00-00:00","SP15","Wind","Renewable Forecast Actual Generation","RENEW_FCST_ACT_MW",3,1,152.75277,"ACTUAL",4
"84","2019-12-01",12,0,"2019-12-01T19:00:00-00:00","2019-12-01T20:00:00-00:00","SP15","Wind","Renewable Forecast Actual Generation","RENEW_FCST_ACT_MW",3,1,158.42086,"ACTUAL",4
"85","2019-12-01",11,0,"2019-12-01T18:00:00-00:00","2019-12-01T19:00:00-00:00","SP15","Wind","Renewable Forecast Actual Generation","RENEW_FCST_ACT_MW",3,1,194.83584,"ACTUAL",4
"86","2019-12-01",10,0,"2019-12-01T17:00:00-00:00","2019-12-01T18:00:00-00:00","SP15","Wind","Renewable Forecast Actual Generation","RENEW_FCST_ACT_MW",3,1,183.40383,"ACTUAL",4
"87","2019-12-01",9,0,"2019-12-01T16:00:00-00:00","2019-12-01T17:00:00-00:00","SP15","Wind","Renewable Forecast Actual Generation","RENEW_FCST_ACT_MW",3,1,172.20686,"ACTUAL",4
"88","2019-12-01",8,0,"2019-12-01T15:00:00-00:00","2019-12-01T16:00:00-00:00","SP15","Wind","Renewable Forecast Actual Generation","RENEW_FCST_ACT_MW",3,1,151.96332,"ACTUAL",4
"89","2019-12-01",7,0,"2019-12-01T14:00:00-00:00","2019-12-01T15:00:00-00:00","SP15","Wind","Renewable Forecast Actual Generation","RENEW_FCST_ACT_MW",3,1,130.85033,"ACTUAL",4
"90","2019-12-01",6,0,"2019-12-01T13:00:00-00:00","2019-12-01T14:00:00-00:00","SP15","Wind","Renewable Forecast Actual Generation","RENEW_FCST_ACT_MW",3,1,129.65652,"ACTUAL",4
"91","2019-12-01",5,0,"2019-12-01T12:00:00-00:00","2019-12-01T13:00:00-00:00","SP15","Wind","Renewable Forecast Actual Generation","RENEW_FCST_ACT_MW",3,1,127.11853,"ACTUAL",4
"92","2019-12-01",4,0,"2019-12-01T11:00:00-00:00","2019-12-01T12:00:00-00:00","SP15","Wind","Renewable Forecast Actual Generation","RENEW_FCST_ACT_MW",3,1,124.47858,"ACTUAL",4
"93","2019-12-01",3,0,"2019-12-01T10:00:00-00:00","2019-12-01T11:00:00-00:00","SP15","Wind","Renewable Forecast Actual Generation","RENEW_FCST_ACT_MW",3,1,142.41413,"ACTUAL",4
"94","2019-12-01",2,0,"2019-12-01T09:00:00-00:00","2019-12-01T10:00:00-00:00","SP15","Wind","Renewable Forecast Actual Generation","RENEW_FCST_ACT_MW",3,1,150.07923,"ACTUAL",4
"95","2019-12-01",24,0,"2019-12-02T07:00:00-00:00","2019-12-02T08:00:00-00:00","SP15","Wind","Renewable Forecast Actual Generation","RENEW_FCST_ACT_MW",3,1,137.54968,"ACTUAL",4
"96","2019-12-01",1,0,"2019-12-01T08:00:00-00:00","2019-12-01T09:00:00-00:00","SP15","Wind","Renewable Forecast Actual Generation","RENEW_FCST_ACT_MW",3,1,166.44516,"ACTUAL",4
"97","2019-12-01",1,0,"2019-12-01T08:00:00-00:00","2019-12-01T09:00:00-00:00","ZP26","Solar","Renewable Forecast Actual Generation","RENEW_FCST_ACT_MW",3,3,-5.6879,"ACTUAL",5
"98","2019-12-01",24,0,"2019-12-02T07:00:00-00:00","2019-12-02T08:00:00-00:00","ZP26","Solar","Renewable Forecast Actual Generation","RENEW_FCST_ACT_MW",3,3,-5.62875,"ACTUAL",5
"99","2019-12-01",3,0,"2019-12-01T10:00:00-00:00","2019-12-01T11:00:00-00:00","ZP26","Solar","Renewable Forecast Actual Generation","RENEW_FCST_ACT_MW",3,3,-5.70633,"ACTUAL",5
"100","2019-12-01",4,0,"2019-12-01T11:00:00-00:00","2019-12-01T12:00:00-00:00","ZP26","Solar","Renewable Forecast Actual Generation","RENEW_FCST_ACT_MW",3,3,-5.70776,"ACTUAL",5
"101","2019-12-01",5,0,"2019-12-01T12:00:00-00:00","2019-12-01T13:00:00-00:00","ZP26","Solar","Renewable Forecast Actual Generation","RENEW_FCST_ACT_MW",3,3,-5.71643,"ACTUAL",5
"102","2019-12-01",6,0,"2019-12-01T13:00:00-00:00","2019-12-01T14:00:00-00:00","ZP26","Solar","Renewable Forecast Actual Generation","RENEW_FCST_ACT_MW",3,3,-5.67896,"ACTUAL",5
"103","2019-12-01",7,0,"2019-12-01T14:00:00-00:00","2019-12-01T15:00:00-00:00","ZP26","Solar","Renewable Forecast Actual Generation","RENEW_FCST_ACT_MW",3,3,-4.74373,"ACTUAL",5
"104","2019-12-01",8,0,"2019-12-01T15:00:00-00:00","2019-12-01T16:00:00-00:00","ZP26","Solar","Renewable Forecast Actual Generation","RENEW_FCST_ACT_MW",3,3,70.15938,"ACTUAL",5
"105","2019-12-01",9,0,"2019-12-01T16:00:00-00:00","2019-12-01T17:00:00-00:00","ZP26","Solar","Renewable Forecast Actual Generation","RENEW_FCST_ACT_MW",3,3,307.45916,"ACTUAL",5
"106","2019-12-01",10,0,"2019-12-01T17:00:00-00:00","2019-12-01T18:00:00-00:00","ZP26","Solar","Renewable Forecast Actual Generation","RENEW_FCST_ACT_MW",3,3,431.67399,"ACTUAL",5
"107","2019-12-01",11,0,"2019-12-01T18:00:00-00:00","2019-12-01T19:00:00-00:00","ZP26","Solar","Renewable Forecast Actual Generation","RENEW_FCST_ACT_MW",3,3,518.81828,"ACTUAL",5
"108","2019-12-01",12,0,"2019-12-01T19:00:00-00:00","2019-12-01T20:00:00-00:00","ZP26","Solar","Renewable Forecast Actual Generation","RENEW_FCST_ACT_MW",3,3,544.42952,"ACTUAL",5
"109","2019-12-01",13,0,"2019-12-01T20:00:00-00:00","2019-12-01T21:00:00-00:00","ZP26","Solar","Renewable Forecast Actual Generation","RENEW_FCST_ACT_MW",3,3,479.4106,"ACTUAL",5
"110","2019-12-01",14,0,"2019-12-01T21:00:00-00:00","2019-12-01T22:00:00-00:00","ZP26","Solar","Renewable Forecast Actual Generation","RENEW_FCST_ACT_MW",3,3,453.36791,"ACTUAL",5
"111","2019-12-01",15,0,"2019-12-01T22:00:00-00:00","2019-12-01T23:00:00-00:00","ZP26","Solar","Renewable Forecast Actual Generation","RENEW_FCST_ACT_MW",3,3,558.03808,"ACTUAL",5
"112","2019-12-01",16,0,"2019-12-01T23:00:00-00:00","2019-12-02T00:00:00-00:00","ZP26","Solar","Renewable Forecast Actual Generation","RENEW_FCST_ACT_MW",3,3,307.16089,"ACTUAL",5
"113","2019-12-01",17,0,"2019-12-02T00:00:00-00:00","2019-12-02T01:00:00-00:00","ZP26","Solar","Renewable Forecast Actual Generation","RENEW_FCST_ACT_MW",3,3,31.31496,"ACTUAL",5
"114","2019-12-01",18,0,"2019-12-02T01:00:00-00:00","2019-12-02T02:00:00-00:00","ZP26","Solar","Renewable Forecast Actual Generation","RENEW_FCST_ACT_MW",3,3,-5.67629,"ACTUAL",5
"115","2019-12-01",19,0,"2019-12-02T02:00:00-00:00","2019-12-02T03:00:00-00:00","ZP26","Solar","Renewable Forecast Actual Generation","RENEW_FCST_ACT_MW",3,3,-5.57409,"ACTUAL",5
"116","2019-12-01",20,0,"2019-12-02T03:00:00-00:00","2019-12-02T04:00:00-00:00","ZP26","Solar","Renewable Forecast Actual Generation","RENEW_FCST_ACT_MW",3,3,-5.58262,"ACTUAL",5
"117","2019-12-01",21,0,"2019-12-02T04:00:00-00:00","2019-12-02T05:00:00-00:00","ZP26","Solar","Renewable Forecast Actual Generation","RENEW_FCST_ACT_MW",3,3,-5.57188,"ACTUAL",5
"118","2019-12-01",22,0,"2019-12-02T05:00:00-00:00","2019-12-02T06:00:00-00:00","ZP26","Solar","Renewable Forecast Actual Generation","RENEW_FCST_ACT_MW",3,3,-5.59376,"ACTUAL",5
"119","2019-12-01",23,0,"2019-12-02T06:00:00-00:00","2019-12-02T07:00:00-00:00","ZP26","Solar","Renewable Forecast Actual Generation","RENEW_FCST_ACT_MW",3,3,-5.60401,"ACTUAL",5
"120","2019-12-01",2,0,"2019-12-01T09:00:00-00:00","2019-12-01T10:00:00-00:00","ZP26","Solar","Renewable Forecast Actual Generation","RENEW_FCST_ACT_MW",3,3,-5.70114,"ACTUAL",5
