"","OPR_DT","OPR_HR","OPR_INTERVAL","INTERVALSTARTTIME_GMT","INTERVALENDTIME_GMT","TRADING_HUB","RENEWABLE_TYPE","LABEL","XML_DATA_ITEM","MARKET_RUN_ID_POS","RENEW_POS","MW","MARKET_RUN_ID","GROUP"
"1","2019-12-08",1,0,"2019-12-08T08:00:00-00:00","2019-12-08T09:00:00-00:00","NP15","Solar","Renewable Forecast Actual Generation","RENEW_FCST_ACT_MW",3,3,-3.54088,"ACTUAL",1
"2","2019-12-08",2,0,"2019-12-08T09:00:00-00:00","2019-12-08T10:00:00-00:00","NP15","Solar","Renewable Forecast Actual Generation","RENEW_FCST_ACT_MW",3,3,-3.56085,"ACTUAL",1
"3","2019-12-08",3,0,"2019-12-08T10:00:00-00:00","2019-12-08T11:00:00-00:00","NP15","Solar","Renewable Forecast Actual Generation","RENEW_FCST_ACT_MW",3,3,-3.5652,"ACTUAL",1
"4","2019-12-08",4,0,"2019-12-08T11:00:00-00:00","2019-12-08T12:00:00-00:00","NP15","Solar","Renewable Forecast Actual Generation","RENEW_FCST_ACT_MW",3,3,-3.58411,"ACTUAL",1
"5","2019-12-08",5,0,"2019-12-08T12:00:00-00:00","2019-12-08T13:00:00-00:00","NP15","Solar","Renewable Forecast Actual Generation","RENEW_FCST_ACT_MW",3,3,-3.57888,"ACTUAL",1
"6","2019-12-08",6,0,"2019-12-08T13:00:00-00:00","2019-12-08T14:00:00-00:00","NP15","Solar","Renewable Forecast Actual Generation","RENEW_FCST_ACT_MW",3,3,-3.57315,"ACTUAL",1
"7","2019-12-08",7,0,"2019-12-08T14:00:00-00:00","2019-12-08T15:00:00-00:00","NP15","Solar","Renewable Forecast Actual Generation","RENEW_FCST_ACT_MW",3,3,-3.7057,"ACTUAL",1
"8","2019-12-08",8,0,"2019-12-08T15:00:00-00:00","2019-12-08T16:00:00-00:00","NP15","Solar","Renewable Forecast Actual Generation","RENEW_FCST_ACT_MW",3,3,56.19337,"ACTUAL",1
"9","2019-12-08",9,0,"2019-12-08T16:00:00-00:00","2019-12-08T17:00:00-00:00","NP15","Solar","Renewable Forecast Actual Generation","RENEW_FCST_ACT_MW",3,3,365.06431,"ACTUAL",1
"10","2019-12-08",10,0,"2019-12-08T17:00:00-00:00","2019-12-08T18:00:00-00:00","NP15","Solar","Renewable Forecast Actual Generation","RENEW_FCST_ACT_MW",3,3,461.42414,"ACTUAL",1
"11","2019-12-08",11,0,"2019-12-08T18:00:00-00:00","2019-12-08T19:00:00-00:00","NP15","Solar","Renewable Forecast Actual Generation","RENEW_FCST_ACT_MW",3,3,539.7079,"ACTUAL",1
"12","2019-12-08",12,0,"2019-12-08T19:00:00-00:00","2019-12-08T20:00:00-00:00","NP15","Solar","Renewable Forecast Actual Generation","RENEW_FCST_ACT_MW",3,3,609.42196,"ACTUAL",1
"13","2019-12-08",13,0,"2019-12-08T20:00:00-00:00","2019-12-08T21:00:00-00:00","NP15","Solar","Renewable Forecast Actual Generation","RENEW_FCST_ACT_MW",3,3,523.30209,"ACTUAL",1
"14","2019-12-08",14,0,"2019-12-08T21:00:00-00:00","2019-12-08T22:00:00-00:00","NP15","Solar","Renewable Forecast Actual Generation","RENEW_FCST_ACT_MW",3,3,315.72715,"ACTUAL",1
"15","2019-12-08",15,0,"2019-12-08T22:00:00-00:00","2019-12-08T23:00:00-00:00","NP15","Solar","Renewable Forecast Actual Generation","RENEW_FCST_ACT_MW",3,3,312.62636,"ACTUAL",1
"16","2019-12-08",16,0,"2019-12-08T23:00:00-00:00","2019-12-09T00:00:00-00:00","NP15","Solar","Renewable Forecast Actual Generation","RENEW_FCST_ACT_MW",3,3,237.0657,"ACTUAL",1
"17","2019-12-08",17,0,"2019-12-09T00:00:00-00:00","2019-12-09T01:00:00-00:00","NP15","Solar","Renewable Forecast Actual Generation","RENEW_FCST_ACT_MW",3,3,33.21855,"ACTUAL",1
"18","2019-12-08",18,0,"2019-12-09T01:00:00-00:00","2019-12-09T02:00:00-00:00","NP15","Solar","Renewable Forecast Actual Generation","RENEW_FCST_ACT_MW",3,3,-1.51484,"ACTUAL",1
"19","2019-12-08",19,0,"2019-12-09T02:00:00-00:00","2019-12-09T03:00:00-00:00","NP15","Solar","Renewable Forecast Actual Generation","RENEW_FCST_ACT_MW",3,3,-1.38688,"ACTUAL",1
"20","2019-12-08",20,0,"2019-12-09T03:00:00-00:00","2019-12-09T04:00:00-00:00","NP15","Solar","Renewable Forecast Actual Generation","RENEW_FCST_ACT_MW",3,3,-1.40237,"ACTUAL",1
"21","2019-12-08",21,0,"2019-12-09T04:00:00-00:00","2019-12-09T05:00:00-00:00","NP15","Solar","Renewable Forecast Actual Generation","RENEW_FCST_ACT_MW",3,3,-1.41843,"ACTUAL",1
"22","2019-12-08",22,0,"2019-12-09T05:00:00-00:00","2019-12-09T06:00:00-00:00","NP15","Solar","Renewable Forecast Actual Generation","RENEW_FCST_ACT_MW",3,3,-1.42352,"ACTUAL",1
"23","2019-12-08",23,0,"2019-12-09T06:00:00-00:00","2019-12-09T07:00:00-00:00","NP15","Solar","Renewable Forecast Actual Generation","RENEW_FCST_ACT_MW",3,3,-1.44074,"ACTUAL",1
"24","2019-12-08",24,0,"2019-12-09T07:00:00-00:00","2019-12-09T08:00:00-00:00","NP15","Solar","Renewable Forecast Actual Generation","RENEW_FCST_ACT_MW",3,3,-1.45416,"ACTUAL",1
"25","2019-12-08",1,0,"2019-12-08T08:00:00-00:00","2019-12-08T09:00:00-00:00","NP15","Wind","Renewable Forecast Actual Generation","RENEW_FCST_ACT_MW",3,1,217.51662,"ACTUAL",2
"26","2019-12-08",24,0,"2019-12-09T07:00:00-00:00","2019-12-09T08:00:00-00:00","NP15","Wind","Renewable Forecast Actual Generation","RENEW_FCST_ACT_MW",3,1,55.52205,"ACTUAL",2
"27","2019-12-08",3,0,"2019-12-08T10:00:00-00:00","2019-12-08T11:00:00-00:00","NP15","Wind","Renewable Forecast Actual Generation","RENEW_FCST_ACT_MW",3,1,48.38361,"ACTUAL",2
"28","2019-12-08",4,0,"2019-12-08T11:00:00-00:00","2019-12-08T12:00:00-00:00","NP15","Wind","Renewable Forecast Actual Generation","RENEW_FCST_ACT_MW",3,1,56.90045,"ACTUAL",2
"29","2019-12-08",5,0,"2019-12-08T12:00:00-00:00","2019-12-08T13:00:00-00:00","NP15","Wind","Renewable Forecast Actual Generation","RENEW_FCST_ACT_MW",3,1,28.39775,"ACTUAL",2
"30","2019-12-08",6,0,"2019-12-08T13:00:00-00:00","2019-12-08T14:00:00-00:00","NP15","Wind","Renewable Forecast Actual Generation","RENEW_FCST_ACT_MW",3,1,19.14879,"ACTUAL",2
"31","2019-12-08",7,0,"2019-12-08T14:00:00-00:00","2019-12-08T15:00:00-00:00","NP15","Wind","Renewable Forecast Actual Generation","RENEW_FCST_ACT_MW",3,1,24.36236,"ACTUAL",2
"32","2019-12-08",8,0,"2019-12-08T15:00:00-00:00","2019-12-08T16:00:00-00:00","NP15","Wind","Renewable Forecast Actual Generation","RENEW_FCST_ACT_MW",3,1,33.68293,"ACTUAL",2
"33","2019-12-08",9,0,"2019-12-08T16:00:00-00:00","2019-12-08T17:00:00-00:00","NP15","Wind","Renewable Forecast Actual Generation","RENEW_FCST_ACT_MW",3,1,31.49021,"ACTUAL",2
"34","2019-12-08",10,0,"2019-12-08T17:00:00-00:00","2019-12-08T18:00:00-00:00","NP15","Wind","Renewable Forecast Actual Generation","RENEW_FCST_ACT_MW",3,1,-1.40952,"ACTUAL",2
"35","2019-12-08",11,0,"2019-12-08T18:00:00-00:00","2019-12-08T19:00:00-00:00","NP15","Wind","Renewable Forecast Actual Generation","RENEW_FCST_ACT_MW",3,1,-3.98873,"ACTUAL",2
"36","2019-12-08",12,0,"2019-12-08T19:00:00-00:00","2019-12-08T20:00:00-00:00","NP15","Wind","Renewable Forecast Actual Generation","RENEW_FCST_ACT_MW",3,1,-8.53921,"ACTUAL",2
"37","2019-12-08",13,0,"2019-12-08T20:00:00-00:00","2019-12-08T21:00:00-00:00","NP15","Wind","Renewable Forecast Actual Generation","RENEW_FCST_ACT_MW",3,1,-9.84574,"ACTUAL",2
"38","2019-12-08",14,0,"2019-12-08T21:00:00-00:00","2019-12-08T22:00:00-00:00","NP15","Wind","Renewable Forecast Actual Generation","RENEW_FCST_ACT_MW",3,1,-5.6425,"ACTUAL",2
"39","2019-12-08",15,0,"2019-12-08T22:00:00-00:00","2019-12-08T23:00:00-00:00","NP15","Wind","Renewable Forecast Actual Generation","RENEW_FCST_ACT_MW",3,1,-3.70676,"ACTUAL",2
"40","2019-12-08",16,0,"2019-12-08T23:00:00-00:00","2019-12-09T00:00:00-00:00","NP15","Wind","Renewable Forecast Actual Generation","RENEW_FCST_ACT_MW",3,1,-2.44975,"ACTUAL",2
"41","2019-12-08",17,0,"2019-12-09T00:00:00-00:00","2019-12-09T01:00:00-00:00","NP15","Wind","Renewable Forecast Actual Generation","RENEW_FCST_ACT_MW",3,1,-3.52329,"ACTUAL",2
"42","2019-12-08",18,0,"2019-12-09T01:00:00-00:00","2019-12-09T02:00:00-00:00","NP15","Wind","Renewable Forecast Actual Generation","RENEW_FCST_ACT_MW",3,1,0.02353,"ACTUAL",2
"43","2019-12-08",19,0,"2019-12-09T02:00:00-00:00","2019-12-09T03:00:00-00:00","NP15","Wind","Renewable Forecast Actual Generation","RENEW_FCST_ACT_MW",3,1,26.25115,"ACTUAL",2
"44","2019-12-08",20,0,"2019-12-09T03:00:00-00:00","2019-12-09T04:00:00-00:00","NP15","Wind","Renewable Forecast Actual Generation","RENEW_FCST_ACT_MW",3,1,181.91592,"ACTUAL",2
"45","2019-12-08",21,0,"2019-12-09T04:00:00-00:00","2019-12-09T05:00:00-00:00","NP15","Wind","Renewable Forecast Actual Generation","RENEW_FCST_ACT_MW",3,1,205.7624,"ACTUAL",2
"46","2019-12-08",22,0,"2019-12-09T05:00:00-00:00","2019-12-09T06:00:00-00:00","NP15","Wind","Renewable Forecast Actual Generation","RENEW_FCST_ACT_MW",3,1,131.32052,"ACTUAL",2
"47","2019-12-08",23,0,"2019-12-09T06:00:00-00:00","2019-12-09T07:00:00-00:00","NP15","Wind","Renewable Forecast Actual Generation","RENEW_FCST_ACT_MW",3,1,78.48135,"ACTUAL",2
"48","2019-12-08",2,0,"2019-12-08T09:00:00-00:00","2019-12-08T10:00:00-00:00","NP15","Wind","Renewable Forecast Actual Generation","RENEW_FCST_ACT_MW",3,1,85.48598,"ACTUAL",2
"49","2019-12-08",24,0,"2019-12-09T07:00:00-00:00","2019-12-09T08:00:00-00:00","SP15","Solar","Renewable Forecast Actual Generation","RENEW_FCST_ACT_MW",3,3,3.20064,"ACTUAL",3
"50","2019-12-08",2,0,"2019-12-08T09:00:00-00:00","2019-12-08T10:00:00-00:00","SP15","Solar","Renewable Forecast Actual Generation","RENEW_FCST_ACT_MW",3,3,-7.95729,"ACTUAL",3
"51","2019-12-08",23,0,"2019-12-09T06:00:00-00:00","2019-12-09T07:00:00-00:00","SP15","Solar","Renewable Forecast Actual Generation","RENEW_FCST_ACT_MW",3,3,4.18679,"ACTUAL",3
"52","2019-12-08",6,0,"2019-12-08T13:00:00-00:00","2019-12-08T14:00:00-00:00","SP15","Solar","Renewable Forecast Actual Generation","RENEW_FCST_ACT_MW",3,3,-9.15637,"ACTUAL",3
"53","2019-12-08",22,0,"2019-12-09T05:00:00-00:00","2019-12-09T06:00:00-00:00","SP15","Solar","Renewable Forecast Actual Generation","RENEW_FCST_ACT_MW",3,3,8.28477,"ACTUAL",3
"54","2019-12-08",11,0,"2019-12-08T18:00:00-00:00","2019-12-08T19:00:00-00:00","SP15","Solar","Renewable Forecast Actual Generation","RENEW_FCST_ACT_MW",3,3,1201.63021,"ACTUAL",3
"55","2019-12-08",21,0,"2019-12-09T04:00:00-00:00","2019-12-09T05:00:00-00:00","SP15","Solar","Renewable Forecast Actual Generation","RENEW_FCST_ACT_MW",3,3,8.5841,"ACTUAL",3
"56","2019-12-08",3,0,"2019-12-08T10:00:00-00:00","2019-12-08T11:00:00-00:00","SP15","Solar","Renewable Forecast Actual Generation","RENEW_FCST_ACT_MW",3,3,-9.84044,"ACTUAL",3
"57","2019-12-08",20,0,"2019-12-09T03:00:00-00:00","2019-12-09T04:00:00-00:00","SP15","Solar","Renewable Forecast Actual Generation","RENEW_FCST_ACT_MW",3,3,-6.64599,"ACTUAL",3
"58","2019-12-08",10,0,"2019-12-08T17:00:00-00:00","2019-12-08T18:00:00-00:00","SP15","Solar","Renewable Forecast Actual Generation","RENEW_FCST_ACT_MW",3,3,1120.06292,"ACTUAL",3
"59","2019-12-08",19,0,"2019-12-09T02:00:00-00:00","2019-12-09T03:00:00-00:00","SP15","Solar","Renewable Forecast Actual Generation","RENEW_FCST_ACT_MW",3,3,-6.87997,"ACTUAL",3
"60","2019-12-08",5,0,"2019-12-08T12:00:00-00:00","2019-12-08T13:00:00-00:00","SP15","Solar","Renewable Forecast Actual Generation","RENEW_FCST_ACT_MW",3,3,-11.56943,"ACTUAL",3
"61","2019-12-08",18,0,"2019-12-09T01:00:00-00:00","2019-12-09T02:00:00-00:00","SP15","Solar","Renewable Forecast Actual Generation","RENEW_FCST_ACT_MW",3,3,-6.9284,"ACTUAL",3
"62","2019-12-08",9,0,"2019-12-08T16:00:00-00:00","2019-12-08T17:00:00-00:00","SP15","Solar","Renewable Forecast Actual Generation","RENEW_FCST_ACT_MW",3,3,737.1871,"ACTUAL",3
"63","2019-12-08",17,0,"2019-12-09T00:00:00-00:00","2019-12-09T01:00:00-00:00","SP15","Solar","Renewable Forecast Actual Generation","RENEW_FCST_ACT_MW",3,3,41.73435,"ACTUAL",3
"64","2019-12-08",1,0,"2019-12-08T08:00:00-00:00","2019-12-08T09:00:00-00:00","SP15","Solar","Renewable Forecast Actual Generation","RENEW_FCST_ACT_MW",3,3,-7.468,"ACTUAL",3
"65","2019-12-08",16,0,"2019-12-08T23:00:00-00:00","2019-12-09T00:00:00-00:00","SP15","Solar","Renewable Forecast Actual Generation","RENEW_FCST_ACT_MW",3,3,1175.86542,"ACTUAL",3
"66","2019-12-08",8,0,"2019-12-08T15:00:00-00:00","2019-12-08T16:00:00-00:00","SP15","Solar","Renewable Forecast Actual Generation","RENEW_FCST_ACT_MW",3,3,204.27888,"ACTUAL",3
"67","2019-12-08",15,0,"2019-12-08T22:00:00-00:00","2019-12-08T23:00:00-00:00","SP15","Solar","Renewable Forecast Actual Generation","RENEW_FCST_ACT_MW",3,3,2168.69935,"ACTUAL",3
"68","2019-12-08",4,0,"2019-12-08T11:00:00-00:00","2019-12-08T12:00:00-00:00","SP15","Solar","Renewable Forecast Actual Generation","RENEW_FCST_ACT_MW",3,3,-10.89426,"ACTUAL",3
"69","2019-12-08",14,0,"2019-12-08T21:00:00-00:00","2019-12-08T22:00:00-00:00","SP15","Solar","Renewable Forecast Actual Generation","RENEW_FCST_ACT_MW",3,3,1857.50797,"ACTUAL",3
"70","2019-12-08",7,0,"2019-12-08T14:00:00-00:00","2019-12-08T15:00:00-00:00","SP15","Solar","Renewable Forecast Actual Generation","RENEW_FCST_ACT_MW",3,3,-8.55968,"ACTUAL",3
"71","2019-12-08",13,0,"2019-12-08T20:00:00-00:00","2019-12-08T21:00:00-00:00","SP15","Solar","Renewable Forecast Actual Generation","RENEW_FCST_ACT_MW",3,3,1805.8864,"ACTUAL",3
"72","2019-12-08",12,0,"2019-12-08T19:00:00-00:00","2019-12-08T20:00:00-00:00","SP15","Solar","Renewable Forecast Actual Generation","RENEW_FCST_ACT_MW",3,3,1797.70564,"ACTUAL",3
"73","2019-12-08",23,0,"2019-12-09T06:00:00-00:00","2019-12-09T07:00:00-00:00","SP15","Wind","Renewable Forecast Actual Generation","RENEW_FCST_ACT_MW",3,1,1750.72635,"ACTUAL",4
"74","2019-12-08",22,0,"2019-12-09T05:00:00-00:00","2019-12-09T06:00:00-00:00","SP15","Wind","Renewable Forecast Actual Generation","RENEW_FCST_ACT_MW",3,1,1653.24934,"ACTUAL",4
"75","2019-12-08",21,0,"2019-12-09T04:00:00-00:00","2019-12-09T05:00:00-00:00","SP15","Wind","Renewable Forecast Actual Generation","RENEW_FCST_ACT_MW",3,1,1367.54629,"ACTUAL",4
"76","2019-12-08",20,0,"2019-12-09T03:00:00-00:00","2019-12-09T04:00:00-00:00","SP15","Wind","Renewable Forecast Actual Generation","RENEW_FCST_ACT_MW",3,1,1456.44922,"ACTUAL",4
"77","2019-12-08",19,0,"2019-12-09T02:00:00-00:00","2019-12-09T03:00:00-00:00","SP15","Wind","Renewable Forecast Actual Generation","RENEW_FCST_ACT_MW",3,1,1905.79488,"ACTUAL",4
"78","2019-12-08",18,0,"2019-12-09T01:00:00-00:00","2019-12-09T02:00:00-00:00","SP15","Wind","Renewable Forecast Actual Generation","RENEW_FCST_ACT_MW",3,1,1766.96334,"ACTUAL",4
"79","2019-12-08",17,0,"2019-12-09T00:00:00-00:00","2019-12-09T01:00:00-00:00","SP15","Wind","Renewable Forecast Actual Generation","RENEW_FCST_ACT_MW",3,1,1053.06489,"ACTUAL",4
"80","2019-12-08",16,0,"2019-12-08T23:00:00-00:00","2019-12-09T00:00:00-00:00","SP15","Wind","Renewable Forecast Actual Generation","RENEW_FCST_ACT_MW",3,1,1160.70081,"ACTUAL",4
"81","2019-12-08",15,0,"2019-12-08T22:00:00-00:00","2019-12-08T23:00:00-00:00","SP15","Wind","Renewable Forecast Actual Generation","RENEW_FCST_ACT_MW",3,1,1461.57483,"ACTUAL",4
"82","2019-12-08",14,0,"2019-12-08T21:00:00-00:00","2019-12-08T22:00:00-00:00","SP15","Wind","Renewable Forecast Actual Generation","RENEW_FCST_ACT_MW",3,1,1886.99354,"ACTUAL",4
"83","2019-12-08",13,0,"2019-12-08T20:00:00-00:00","2019-12-08T21:00:00-00:00","SP15","Wind","Renewable Forecast Actual Generation","RENEW_FCST_ACT_MW",3,1,1801.6311,"ACTUAL",4
"84","2019-12-08",12,0,"2019-12-08T19:00:00-00:00","2019-12-08T20:00:00-00:00","SP15","Wind","Renewable Forecast Actual Generation","RENEW_FCST_ACT_MW",3,1,1027.94696,"ACTUAL",4
"85","2019-12-08",11,0,"2019-12-08T18:00:00-00:00","2019-12-08T19:00:00-00:00","SP15","Wind","Renewable Forecast Actual Generation","RENEW_FCST_ACT_MW",3,1,767.40792,"ACTUAL",4
"86","2019-12-08",10,0,"2019-12-08T17:00:00-00:00","2019-12-08T18:00:00-00:00","SP15","Wind","Renewable Forecast Actual Generation","RENEW_FCST_ACT_MW",3,1,782.63274,"ACTUAL",4
"87","2019-12-08",9,0,"2019-12-08T16:00:00-00:00","2019-12-08T17:00:00-00:00","SP15","Wind","Renewable Forecast Actual Generation","RENEW_FCST_ACT_MW",3,1,724.19564,"ACTUAL",4
"88","2019-12-08",8,0,"2019-12-08T15:00:00-00:00","2019-12-08T16:00:00-00:00","SP15","Wind","Renewable Forecast Actual Generation","RENEW_FCST_ACT_MW",3,1,681.89212,"ACTUAL",4
"89","2019-12-08",7,0,"2019-12-08T14:00:00-00:00","2019-12-08T15:00:00-00:00","SP15","Wind","Renewable Forecast Actual Generation","RENEW_FCST_ACT_MW",3,1,761.86731,"ACTUAL",4
"90","2019-12-08",6,0,"2019-12-08T13:00:00-00:00","2019-12-08T14:00:00-00:00","SP15","Wind","Renewable Forecast Actual Generation","RENEW_FCST_ACT_MW",3,1,773.19337,"ACTUAL",4
"91","2019-12-08",5,0,"2019-12-08T12:00:00-00:00","2019-12-08T13:00:00-00:00","SP15","Wind","Renewable Forecast Actual Generation","RENEW_FCST_ACT_MW",3,1,596.07816,"ACTUAL",4
"92","2019-12-08",4,0,"2019-12-08T11:00:00-00:00","2019-12-08T12:00:00-00:00","SP15","Wind","Renewable Forecast Actual Generation","RENEW_FCST_ACT_MW",3,1,505.7496,"ACTUAL",4
"93","2019-12-08",3,0,"2019-12-08T10:00:00-00:00","2019-12-08T11:00:00-00:00","SP15","Wind","Renewable Forecast Actual Generation","RENEW_FCST_ACT_MW",3,1,518.61368,"ACTUAL",4
"94","2019-12-08",2,0,"2019-12-08T09:00:00-00:00","2019-12-08T10:00:00-00:00","SP15","Wind","Renewable Forecast Actual Generation","RENEW_FCST_ACT_MW",3,1,665.87725,"ACTUAL",4
"95","2019-12-08",24,0,"2019-12-09T07:00:00-00:00","2019-12-09T08:00:00-00:00","SP15","Wind","Renewable Forecast Actual Generation","RENEW_FCST_ACT_MW",3,1,1620.58835,"ACTUAL",4
"96","2019-12-08",1,0,"2019-12-08T08:00:00-00:00","2019-12-08T09:00:00-00:00","SP15","Wind","Renewable Forecast Actual Generation","RENEW_FCST_ACT_MW",3,1,580.15238,"ACTUAL",4
"97","2019-12-08",1,0,"2019-12-08T08:00:00-00:00","2019-12-08T09:00:00-00:00","ZP26","Solar","Renewable Forecast Actual Generation","RENEW_FCST_ACT_MW",3,3,-5.69469,"ACTUAL",5
"98","2019-12-08",24,0,"2019-12-09T07:00:00-00:00","2019-12-09T08:00:00-00:00","ZP26","Solar","Renewable Forecast Actual Generation","RENEW_FCST_ACT_MW",3,3,-5.72926,"ACTUAL",5
"99","2019-12-08",3,0,"2019-12-08T10:00:00-00:00","2019-12-08T11:00:00-00:00","ZP26","Solar","Renewable Forecast Actual Generation","RENEW_FCST_ACT_MW",3,3,-5.72509,"ACTUAL",5
"100","2019-12-08",4,0,"2019-12-08T11:00:00-00:00","2019-12-08T12:00:00-00:00","ZP26","Solar","Renewable Forecast Actual Generation","RENEW_FCST_ACT_MW",3,3,-5.70527,"ACTUAL",5
"101","2019-12-08",5,0,"2019-12-08T12:00:00-00:00","2019-12-08T13:00:00-00:00","ZP26","Solar","Renewable Forecast Actual Generation","RENEW_FCST_ACT_MW",3,3,-5.74892,"ACTUAL",5
"102","2019-12-08",6,0,"2019-12-08T13:00:00-00:00","2019-12-08T14:00:00-00:00","ZP26","Solar","Renewable Forecast Actual Generation","RENEW_FCST_ACT_MW",3,3,-5.76787,"ACTUAL",5
"103","2019-12-08",7,0,"2019-12-08T14:00:00-00:00","2019-12-08T15:00:00-00:00","ZP26","Solar","Renewable Forecast Actual Generation","RENEW_FCST_ACT_MW",3,3,-5.92607,"ACTUAL",5
"104","2019-12-08",8,0,"2019-12-08T15:00:00-00:00","2019-12-08T16:00:00-00:00","ZP26","Solar","Renewable Forecast Actual Generation","RENEW_FCST_ACT_MW",3,3,60.86827,"ACTUAL",5
"105","2019-12-08",9,0,"2019-12-08T16:00:00-00:00","2019-12-08T17:00:00-00:00","ZP26","Solar","Renewable Forecast Actual Generation","RENEW_FCST_ACT_MW",3,3,549.15523,"ACTUAL",5
"106","2019-12-08",10,0,"2019-12-08T17:00:00-00:00","2019-12-08T18:00:00-00:00","ZP26","Solar","Renewable Forecast Actual Generation","RENEW_FCST_ACT_MW",3,3,889.25963,"ACTUAL",5
"107","2019-12-08",11,0,"2019-12-08T18:00:00-00:00","2019-12-08T19:00:00-00:00","ZP26","Solar","Renewable Forecast Actual Generation","RENEW_FCST_ACT_MW",3,3,829.95883,"ACTUAL",5
"108","2019-12-08",12,0,"2019-12-08T19:00:00-00:00","2019-12-08T20:00:00-00:00","ZP26","Solar","Renewable Forecast Actual Generation","RENEW_FCST_ACT_MW",3,3,874.22697,"ACTUAL",5
"109","2019-12-08",13,0,"2019-12-08T20:00:00-00:00","2019-12-08T21:00:00-00:00","ZP26","Solar","Renewable Forecast Actual Generation","RENEW_FCST_ACT_MW",3,3,638.14432,"ACTUAL",5
"110","2019-12-08",14,0,"2019-12-08T21:00:00-00:00","2019-12-08T22:00:00-00:00","ZP26","Solar","Renewable Forecast Actual Generation","RENEW_FCST_ACT_MW",3,3,509.74089,"ACTUAL",5
"111","2019-12-08",15,0,"2019-12-08T22:00:00-00:00","2019-12-08T23:00:00-00:00","ZP26","Solar","Renewable Forecast Actual Generation","RENEW_FCST_ACT_MW",3,3,633.8497,"ACTUAL",5
"112","2019-12-08",16,0,"2019-12-08T23:00:00-00:00","2019-12-09T00:00:00-00:00","ZP26","Solar","Renewable Forecast Actual Generation","RENEW_FCST_ACT_MW",3,3,399.20868,"ACTUAL",5
"113","2019-12-08",17,0,"2019-12-09T00:00:00-00:00","2019-12-09T01:00:00-00:00","ZP26","Solar","Renewable Forecast Actual Generation","RENEW_FCST_ACT_MW",3,3,64.16819,"ACTUAL",5
"114","2019-12-08",18,0,"2019-12-09T01:00:00-00:00","2019-12-09T02:00:00-00:00","ZP26","Solar","Renewable Forecast Actual Generation","RENEW_FCST_ACT_MW",3,3,-5.83799,"ACTUAL",5
"115","2019-12-08",19,0,"2019-12-09T02:00:00-00:00","2019-12-09T03:00:00-00:00","ZP26","Solar","Renewable Forecast Actual Generation","RENEW_FCST_ACT_MW",3,3,-5.74439,"ACTUAL",5
"116","2019-12-08",20,0,"2019-12-09T03:00:00-00:00","2019-12-09T04:00:00-00:00","ZP26","Solar","Renewable Forecast Actual Generation","RENEW_FCST_ACT_MW",3,3,-5.76944,"ACTUAL",5
"117","2019-12-08",21,0,"2019-12-09T04:00:00-00:00","2019-12-09T05:00:00-00:00","ZP26","Solar","Renewable Forecast Actual Generation","RENEW_FCST_ACT_MW",3,3,-5.71156,"ACTUAL",5
"118","2019-12-08",22,0,"2019-12-09T05:00:00-00:00","2019-12-09T06:00:00-00:00","ZP26","Solar","Renewable Forecast Actual Generation","RENEW_FCST_ACT_MW",3,3,-5.7229,"ACTUAL",5
"119","2019-12-08",23,0,"2019-12-09T06:00:00-00:00","2019-12-09T07:00:00-00:00","ZP26","Solar","Renewable Forecast Actual Generation","RENEW_FCST_ACT_MW",3,3,-5.73431,"ACTUAL",5
"120","2019-12-08",2,0,"2019-12-08T09:00:00-00:00","2019-12-08T10:00:00-00:00","ZP26","Solar","Renewable Forecast Actual Generation","RENEW_FCST_ACT_MW",3,3,-5.72716,"ACTUAL",5
