"","OPR_DT","OPR_HR","OPR_INTERVAL","INTERVALSTARTTIME_GMT","INTERVALENDTIME_GMT","TRADING_HUB","RENEWABLE_TYPE","LABEL","XML_DATA_ITEM","MARKET_RUN_ID_POS","RENEW_POS","MW","MARKET_RUN_ID","GROUP"
"1","2019-08-12",2,0,"2019-08-12T08:00:00-00:00","2019-08-12T09:00:00-00:00","NP15","Solar","Renewable Forecast Actual Generation","RENEW_FCST_ACT_MW",3,3,-3.36323,"ACTUAL",1
"2","2019-08-12",3,0,"2019-08-12T09:00:00-00:00","2019-08-12T10:00:00-00:00","NP15","Solar","Renewable Forecast Actual Generation","RENEW_FCST_ACT_MW",3,3,-3.34064,"ACTUAL",1
"3","2019-08-12",4,0,"2019-08-12T10:00:00-00:00","2019-08-12T11:00:00-00:00","NP15","Solar","Renewable Forecast Actual Generation","RENEW_FCST_ACT_MW",3,3,-3.36103,"ACTUAL",1
"4","2019-08-12",5,0,"2019-08-12T11:00:00-00:00","2019-08-12T12:00:00-00:00","NP15","Solar","Renewable Forecast Actual Generation","RENEW_FCST_ACT_MW",3,3,-3.37646,"ACTUAL",1
"5","2019-08-12",6,0,"2019-08-12T12:00:00-00:00","2019-08-12T13:00:00-00:00","NP15","Solar","Renewable Forecast Actual Generation","RENEW_FCST_ACT_MW",3,3,-3.37549,"ACTUAL",1
"6","2019-08-12",7,0,"2019-08-12T13:00:00-00:00","2019-08-12T14:00:00-00:00","NP15","Solar","Renewable Forecast Actual Generation","RENEW_FCST_ACT_MW",3,3,43.37189,"ACTUAL",1
"7","2019-08-12",8,0,"2019-08-12T14:00:00-00:00","2019-08-12T15:00:00-00:00","NP15","Solar","Renewable Forecast Actual Generation","RENEW_FCST_ACT_MW",3,3,563.40879,"ACTUAL",1
"8","2019-08-12",9,0,"2019-08-12T15:00:00-00:00","2019-08-12T16:00:00-00:00","NP15","Solar","Renewable Forecast Actual Generation","RENEW_FCST_ACT_MW",3,3,1081.60331,"ACTUAL",1
"9","2019-08-12",10,0,"2019-08-12T16:00:00-00:00","2019-08-12T17:00:00-00:00","NP15","Solar","Renewable Forecast Actual Generation","RENEW_FCST_ACT_MW",3,3,1224.87038,"ACTUAL",1
"10","2019-08-12",11,0,"2019-08-12T17:00:00-00:00","2019-08-12T18:00:00-00:00","NP15","Solar","Renewable Forecast Actual Generation","RENEW_FCST_ACT_MW",3,3,1267.22548,"ACTUAL",1
"11","2019-08-12",12,0,"2019-08-12T18:00:00-00:00","2019-08-12T19:00:00-00:00","NP15","Solar","Renewable Forecast Actual Generation","RENEW_FCST_ACT_MW",3,3,1276.91551,"ACTUAL",1
"12","2019-08-12",13,0,"2019-08-12T19:00:00-00:00","2019-08-12T20:00:00-00:00","NP15","Solar","Renewable Forecast Actual Generation","RENEW_FCST_ACT_MW",3,3,1274.57971,"ACTUAL",1
"13","2019-08-12",14,0,"2019-08-12T20:00:00-00:00","2019-08-12T21:00:00-00:00","NP15","Solar","Renewable Forecast Actual Generation","RENEW_FCST_ACT_MW",3,3,1272.67854,"ACTUAL",1
"14","2019-08-12",15,0,"2019-08-12T21:00:00-00:00","2019-08-12T22:00:00-00:00","NP15","Solar","Renewable Forecast Actual Generation","RENEW_FCST_ACT_MW",3,3,1269.83923,"ACTUAL",1
"15","2019-08-12",16,0,"2019-08-12T22:00:00-00:00","2019-08-12T23:00:00-00:00","NP15","Solar","Renewable Forecast Actual Generation","RENEW_FCST_ACT_MW",3,3,1263.99965,"ACTUAL",1
"16","2019-08-12",17,0,"2019-08-12T23:00:00-00:00","2019-08-13T00:00:00-00:00","NP15","Solar","Renewable Forecast Actual Generation","RENEW_FCST_ACT_MW",3,3,1231.31006,"ACTUAL",1
"17","2019-08-12",18,0,"2019-08-13T00:00:00-00:00","2019-08-13T01:00:00-00:00","NP15","Solar","Renewable Forecast Actual Generation","RENEW_FCST_ACT_MW",3,3,1146.39635,"ACTUAL",1
"18","2019-08-12",19,0,"2019-08-13T01:00:00-00:00","2019-08-13T02:00:00-00:00","NP15","Solar","Renewable Forecast Actual Generation","RENEW_FCST_ACT_MW",3,3,719.5385,"ACTUAL",1
"19","2019-08-12",20,0,"2019-08-13T02:00:00-00:00","2019-08-13T03:00:00-00:00","NP15","Solar","Renewable Forecast Actual Generation","RENEW_FCST_ACT_MW",3,3,145.06813,"ACTUAL",1
"20","2019-08-12",21,0,"2019-08-13T03:00:00-00:00","2019-08-13T04:00:00-00:00","NP15","Solar","Renewable Forecast Actual Generation","RENEW_FCST_ACT_MW",3,3,27.22945,"ACTUAL",1
"21","2019-08-12",22,0,"2019-08-13T04:00:00-00:00","2019-08-13T05:00:00-00:00","NP15","Solar","Renewable Forecast Actual Generation","RENEW_FCST_ACT_MW",3,3,-3.23922,"ACTUAL",1
"22","2019-08-12",23,0,"2019-08-13T05:00:00-00:00","2019-08-13T06:00:00-00:00","NP15","Solar","Renewable Forecast Actual Generation","RENEW_FCST_ACT_MW",3,3,-3.23394,"ACTUAL",1
"23","2019-08-12",24,0,"2019-08-13T06:00:00-00:00","2019-08-13T07:00:00-00:00","NP15","Solar","Renewable Forecast Actual Generation","RENEW_FCST_ACT_MW",3,3,-3.23382,"ACTUAL",1
"24","2019-08-12",18,0,"2019-08-13T00:00:00-00:00","2019-08-13T01:00:00-00:00","NP15","Wind","Renewable Forecast Actual Generation","RENEW_FCST_ACT_MW",3,1,320.57168,"ACTUAL",2
"25","2019-08-12",6,0,"2019-08-12T12:00:00-00:00","2019-08-12T13:00:00-00:00","NP15","Wind","Renewable Forecast Actual Generation","RENEW_FCST_ACT_MW",3,1,427.15267,"ACTUAL",2
"26","2019-08-12",17,0,"2019-08-12T23:00:00-00:00","2019-08-13T00:00:00-00:00","NP15","Wind","Renewable Forecast Actual Generation","RENEW_FCST_ACT_MW",3,1,135.03504,"ACTUAL",2
"27","2019-08-12",16,0,"2019-08-12T22:00:00-00:00","2019-08-12T23:00:00-00:00","NP15","Wind","Renewable Forecast Actual Generation","RENEW_FCST_ACT_MW",3,1,52.34126,"ACTUAL",2
"28","2019-08-12",15,0,"2019-08-12T21:00:00-00:00","2019-08-12T22:00:00-00:00","NP15","Wind","Renewable Forecast Actual Generation","RENEW_FCST_ACT_MW",3,1,28.50312,"ACTUAL",2
"29","2019-08-12",14,0,"2019-08-12T20:00:00-00:00","2019-08-12T21:00:00-00:00","NP15","Wind","Renewable Forecast Actual Generation","RENEW_FCST_ACT_MW",3,1,5.307,"ACTUAL",2
"30","2019-08-12",13,0,"2019-08-12T19:00:00-00:00","2019-08-12T20:00:00-00:00","NP15","Wind","Renewable Forecast Actual Generation","RENEW_FCST_ACT_MW",3,1,-4.88229,"ACTUAL",2
"31","2019-08-12",12,0,"2019-08-12T18:00:00-00:00","2019-08-12T19:00:00-00:00","NP15","Wind","Renewable Forecast Actual Generation","RENEW_FCST_ACT_MW",3,1,-2.24113,"ACTUAL",2
"32","2019-08-12",11,0,"2019-08-12T17:00:00-00:00","2019-08-12T18:00:00-00:00","NP15","Wind","Renewable Forecast Actual Generation","RENEW_FCST_ACT_MW",3,1,13.7176,"ACTUAL",2
"33","2019-08-12",10,0,"2019-08-12T16:00:00-00:00","2019-08-12T17:00:00-00:00","NP15","Wind","Renewable Forecast Actual Generation","RENEW_FCST_ACT_MW",3,1,83.42958,"ACTUAL",2
"34","2019-08-12",9,0,"2019-08-12T15:00:00-00:00","2019-08-12T16:00:00-00:00","NP15","Wind","Renewable Forecast Actual Generation","RENEW_FCST_ACT_MW",3,1,152.35293,"ACTUAL",2
"35","2019-08-12",8,0,"2019-08-12T14:00:00-00:00","2019-08-12T15:00:00-00:00","NP15","Wind","Renewable Forecast Actual Generation","RENEW_FCST_ACT_MW",3,1,250.42345,"ACTUAL",2
"36","2019-08-12",7,0,"2019-08-12T13:00:00-00:00","2019-08-12T14:00:00-00:00","NP15","Wind","Renewable Forecast Actual Generation","RENEW_FCST_ACT_MW",3,1,314.71163,"ACTUAL",2
"37","2019-08-12",5,0,"2019-08-12T11:00:00-00:00","2019-08-12T12:00:00-00:00","NP15","Wind","Renewable Forecast Actual Generation","RENEW_FCST_ACT_MW",3,1,491.35794,"ACTUAL",2
"38","2019-08-12",4,0,"2019-08-12T10:00:00-00:00","2019-08-12T11:00:00-00:00","NP15","Wind","Renewable Forecast Actual Generation","RENEW_FCST_ACT_MW",3,1,613.47388,"ACTUAL",2
"39","2019-08-12",3,0,"2019-08-12T09:00:00-00:00","2019-08-12T10:00:00-00:00","NP15","Wind","Renewable Forecast Actual Generation","RENEW_FCST_ACT_MW",3,1,698.38253,"ACTUAL",2
"40","2019-08-12",2,0,"2019-08-12T08:00:00-00:00","2019-08-12T09:00:00-00:00","NP15","Wind","Renewable Forecast Actual Generation","RENEW_FCST_ACT_MW",3,1,688.76687,"ACTUAL",2
"41","2019-08-12",24,0,"2019-08-13T06:00:00-00:00","2019-08-13T07:00:00-00:00","NP15","Wind","Renewable Forecast Actual Generation","RENEW_FCST_ACT_MW",3,1,678.389,"ACTUAL",2
"42","2019-08-12",23,0,"2019-08-13T05:00:00-00:00","2019-08-13T06:00:00-00:00","NP15","Wind","Renewable Forecast Actual Generation","RENEW_FCST_ACT_MW",3,1,633.3877,"ACTUAL",2
"43","2019-08-12",22,0,"2019-08-13T04:00:00-00:00","2019-08-13T05:00:00-00:00","NP15","Wind","Renewable Forecast Actual Generation","RENEW_FCST_ACT_MW",3,1,506.95401,"ACTUAL",2
"44","2019-08-12",21,0,"2019-08-13T03:00:00-00:00","2019-08-13T04:00:00-00:00","NP15","Wind","Renewable Forecast Actual Generation","RENEW_FCST_ACT_MW",3,1,473.14335,"ACTUAL",2
"45","2019-08-12",20,0,"2019-08-13T02:00:00-00:00","2019-08-13T03:00:00-00:00","NP15","Wind","Renewable Forecast Actual Generation","RENEW_FCST_ACT_MW",3,1,363.60023,"ACTUAL",2
"46","2019-08-12",19,0,"2019-08-13T01:00:00-00:00","2019-08-13T02:00:00-00:00","NP15","Wind","Renewable Forecast Actual Generation","RENEW_FCST_ACT_MW",3,1,405.82927,"ACTUAL",2
"47","2019-08-12",6,0,"2019-08-12T12:00:00-00:00","2019-08-12T13:00:00-00:00","SP15","Solar","Renewable Forecast Actual Generation","RENEW_FCST_ACT_MW",3,3,4.00894,"ACTUAL",3
"48","2019-08-12",18,0,"2019-08-13T00:00:00-00:00","2019-08-13T01:00:00-00:00","SP15","Solar","Renewable Forecast Actual Generation","RENEW_FCST_ACT_MW",3,3,5207.3719,"ACTUAL",3
"49","2019-08-12",5,0,"2019-08-12T11:00:00-00:00","2019-08-12T12:00:00-00:00","SP15","Solar","Renewable Forecast Actual Generation","RENEW_FCST_ACT_MW",3,3,6.80171,"ACTUAL",3
"50","2019-08-12",11,0,"2019-08-12T17:00:00-00:00","2019-08-12T18:00:00-00:00","SP15","Solar","Renewable Forecast Actual Generation","RENEW_FCST_ACT_MW",3,3,7243.6503,"ACTUAL",3
"51","2019-08-12",4,0,"2019-08-12T10:00:00-00:00","2019-08-12T11:00:00-00:00","SP15","Solar","Renewable Forecast Actual Generation","RENEW_FCST_ACT_MW",3,3,7.289,"ACTUAL",3
"52","2019-08-12",15,0,"2019-08-12T21:00:00-00:00","2019-08-12T22:00:00-00:00","SP15","Solar","Renewable Forecast Actual Generation","RENEW_FCST_ACT_MW",3,3,7416.1196,"ACTUAL",3
"53","2019-08-12",3,0,"2019-08-12T09:00:00-00:00","2019-08-12T10:00:00-00:00","SP15","Solar","Renewable Forecast Actual Generation","RENEW_FCST_ACT_MW",3,3,8.71007,"ACTUAL",3
"54","2019-08-12",10,0,"2019-08-12T16:00:00-00:00","2019-08-12T17:00:00-00:00","SP15","Solar","Renewable Forecast Actual Generation","RENEW_FCST_ACT_MW",3,3,6771.61917,"ACTUAL",3
"55","2019-08-12",2,0,"2019-08-12T08:00:00-00:00","2019-08-12T09:00:00-00:00","SP15","Solar","Renewable Forecast Actual Generation","RENEW_FCST_ACT_MW",3,3,8.72796,"ACTUAL",3
"56","2019-08-12",13,0,"2019-08-12T19:00:00-00:00","2019-08-12T20:00:00-00:00","SP15","Solar","Renewable Forecast Actual Generation","RENEW_FCST_ACT_MW",3,3,7494.34481,"ACTUAL",3
"57","2019-08-12",24,0,"2019-08-13T06:00:00-00:00","2019-08-13T07:00:00-00:00","SP15","Solar","Renewable Forecast Actual Generation","RENEW_FCST_ACT_MW",3,3,7.58504,"ACTUAL",3
"58","2019-08-12",9,0,"2019-08-12T15:00:00-00:00","2019-08-12T16:00:00-00:00","SP15","Solar","Renewable Forecast Actual Generation","RENEW_FCST_ACT_MW",3,3,5832.97977,"ACTUAL",3
"59","2019-08-12",23,0,"2019-08-13T05:00:00-00:00","2019-08-13T06:00:00-00:00","SP15","Solar","Renewable Forecast Actual Generation","RENEW_FCST_ACT_MW",3,3,8.16869,"ACTUAL",3
"60","2019-08-12",16,0,"2019-08-12T22:00:00-00:00","2019-08-12T23:00:00-00:00","SP15","Solar","Renewable Forecast Actual Generation","RENEW_FCST_ACT_MW",3,3,7097.32529,"ACTUAL",3
"61","2019-08-12",22,0,"2019-08-13T04:00:00-00:00","2019-08-13T05:00:00-00:00","SP15","Solar","Renewable Forecast Actual Generation","RENEW_FCST_ACT_MW",3,3,7.47159,"ACTUAL",3
"62","2019-08-12",8,0,"2019-08-12T14:00:00-00:00","2019-08-12T15:00:00-00:00","SP15","Solar","Renewable Forecast Actual Generation","RENEW_FCST_ACT_MW",3,3,3127.05339,"ACTUAL",3
"63","2019-08-12",21,0,"2019-08-13T03:00:00-00:00","2019-08-13T04:00:00-00:00","SP15","Solar","Renewable Forecast Actual Generation","RENEW_FCST_ACT_MW",3,3,6.21039,"ACTUAL",3
"64","2019-08-12",12,0,"2019-08-12T18:00:00-00:00","2019-08-12T19:00:00-00:00","SP15","Solar","Renewable Forecast Actual Generation","RENEW_FCST_ACT_MW",3,3,7461.42028,"ACTUAL",3
"65","2019-08-12",20,0,"2019-08-13T02:00:00-00:00","2019-08-13T03:00:00-00:00","SP15","Solar","Renewable Forecast Actual Generation","RENEW_FCST_ACT_MW",3,3,250.14982,"ACTUAL",3
"66","2019-08-12",7,0,"2019-08-12T13:00:00-00:00","2019-08-12T14:00:00-00:00","SP15","Solar","Renewable Forecast Actual Generation","RENEW_FCST_ACT_MW",3,3,430.63663,"ACTUAL",3
"67","2019-08-12",19,0,"2019-08-13T01:00:00-00:00","2019-08-13T02:00:00-00:00","SP15","Solar","Renewable Forecast Actual Generation","RENEW_FCST_ACT_MW",3,3,2417.84291,"ACTUAL",3
"68","2019-08-12",14,0,"2019-08-12T20:00:00-00:00","2019-08-12T21:00:00-00:00","SP15","Solar","Renewable Forecast Actual Generation","RENEW_FCST_ACT_MW",3,3,7497.14376,"ACTUAL",3
"69","2019-08-12",17,0,"2019-08-12T23:00:00-00:00","2019-08-13T00:00:00-00:00","SP15","Solar","Renewable Forecast Actual Generation","RENEW_FCST_ACT_MW",3,3,6504.82626,"ACTUAL",3
"70","2019-08-12",18,0,"2019-08-13T00:00:00-00:00","2019-08-13T01:00:00-00:00","SP15","Wind","Renewable Forecast Actual Generation","RENEW_FCST_ACT_MW",3,1,476.69043,"ACTUAL",4
"71","2019-08-12",19,0,"2019-08-13T01:00:00-00:00","2019-08-13T02:00:00-00:00","SP15","Wind","Renewable Forecast Actual Generation","RENEW_FCST_ACT_MW",3,1,989.2695,"ACTUAL",4
"72","2019-08-12",20,0,"2019-08-13T02:00:00-00:00","2019-08-13T03:00:00-00:00","SP15","Wind","Renewable Forecast Actual Generation","RENEW_FCST_ACT_MW",3,1,1534.64632,"ACTUAL",4
"73","2019-08-12",21,0,"2019-08-13T03:00:00-00:00","2019-08-13T04:00:00-00:00","SP15","Wind","Renewable Forecast Actual Generation","RENEW_FCST_ACT_MW",3,1,1774.4228,"ACTUAL",4
"74","2019-08-12",22,0,"2019-08-13T04:00:00-00:00","2019-08-13T05:00:00-00:00","SP15","Wind","Renewable Forecast Actual Generation","RENEW_FCST_ACT_MW",3,1,1734.70881,"ACTUAL",4
"75","2019-08-12",23,0,"2019-08-13T05:00:00-00:00","2019-08-13T06:00:00-00:00","SP15","Wind","Renewable Forecast Actual Generation","RENEW_FCST_ACT_MW",3,1,1520.26745,"ACTUAL",4
"76","2019-08-12",24,0,"2019-08-13T06:00:00-00:00","2019-08-13T07:00:00-00:00","SP15","Wind","Renewable Forecast Actual Generation","RENEW_FCST_ACT_MW",3,1,1258.37318,"ACTUAL",4
"77","2019-08-12",2,0,"2019-08-12T08:00:00-00:00","2019-08-12T09:00:00-00:00","SP15","Wind","Renewable Forecast Actual Generation","RENEW_FCST_ACT_MW",3,1,2127.96334,"ACTUAL",4
"78","2019-08-12",3,0,"2019-08-12T09:00:00-00:00","2019-08-12T10:00:00-00:00","SP15","Wind","Renewable Forecast Actual Generation","RENEW_FCST_ACT_MW",3,1,1837.03947,"ACTUAL",4
"79","2019-08-12",4,0,"2019-08-12T10:00:00-00:00","2019-08-12T11:00:00-00:00","SP15","Wind","Renewable Forecast Actual Generation","RENEW_FCST_ACT_MW",3,1,1677.48372,"ACTUAL",4
"80","2019-08-12",5,0,"2019-08-12T11:00:00-00:00","2019-08-12T12:00:00-00:00","SP15","Wind","Renewable Forecast Actual Generation","RENEW_FCST_ACT_MW",3,1,1321.7282,"ACTUAL",4
"81","2019-08-12",6,0,"2019-08-12T12:00:00-00:00","2019-08-12T13:00:00-00:00","SP15","Wind","Renewable Forecast Actual Generation","RENEW_FCST_ACT_MW",3,1,1172.33329,"ACTUAL",4
"82","2019-08-12",7,0,"2019-08-12T13:00:00-00:00","2019-08-12T14:00:00-00:00","SP15","Wind","Renewable Forecast Actual Generation","RENEW_FCST_ACT_MW",3,1,840.49753,"ACTUAL",4
"83","2019-08-12",8,0,"2019-08-12T14:00:00-00:00","2019-08-12T15:00:00-00:00","SP15","Wind","Renewable Forecast Actual Generation","RENEW_FCST_ACT_MW",3,1,601.69535,"ACTUAL",4
"84","2019-08-12",9,0,"2019-08-12T15:00:00-00:00","2019-08-12T16:00:00-00:00","SP15","Wind","Renewable Forecast Actual Generation","RENEW_FCST_ACT_MW",3,1,345.99935,"ACTUAL",4
"85","2019-08-12",10,0,"2019-08-12T16:00:00-00:00","2019-08-12T17:00:00-00:00","SP15","Wind","Renewable Forecast Actual Generation","RENEW_FCST_ACT_MW",3,1,146.95048,"ACTUAL",4
"86","2019-08-12",11,0,"2019-08-12T17:00:00-00:00","2019-08-12T18:00:00-00:00","SP15","Wind","Renewable Forecast Actual Generation","RENEW_FCST_ACT_MW",3,1,75.75622,"ACTUAL",4
"87","2019-08-12",12,0,"2019-08-12T18:00:00-00:00","2019-08-12T19:00:00-00:00","SP15","Wind","Renewable Forecast Actual Generation","RENEW_FCST_ACT_MW",3,1,78.53681,"ACTUAL",4
"88","2019-08-12",13,0,"2019-08-12T19:00:00-00:00","2019-08-12T20:00:00-00:00","SP15","Wind","Renewable Forecast Actual Generation","RENEW_FCST_ACT_MW",3,1,92.85252,"ACTUAL",4
"89","2019-08-12",14,0,"2019-08-12T20:00:00-00:00","2019-08-12T21:00:00-00:00","SP15","Wind","Renewable Forecast Actual Generation","RENEW_FCST_ACT_MW",3,1,81.58829,"ACTUAL",4
"90","2019-08-12",15,0,"2019-08-12T21:00:00-00:00","2019-08-12T22:00:00-00:00","SP15","Wind","Renewable Forecast Actual Generation","RENEW_FCST_ACT_MW",3,1,103.69964,"ACTUAL",4
"91","2019-08-12",16,0,"2019-08-12T22:00:00-00:00","2019-08-12T23:00:00-00:00","SP15","Wind","Renewable Forecast Actual Generation","RENEW_FCST_ACT_MW",3,1,121.19932,"ACTUAL",4
"92","2019-08-12",17,0,"2019-08-12T23:00:00-00:00","2019-08-13T00:00:00-00:00","SP15","Wind","Renewable Forecast Actual Generation","RENEW_FCST_ACT_MW",3,1,211.62569,"ACTUAL",4
"93","2019-08-12",18,0,"2019-08-13T00:00:00-00:00","2019-08-13T01:00:00-00:00","ZP26","Solar","Renewable Forecast Actual Generation","RENEW_FCST_ACT_MW",3,3,1216.56619,"ACTUAL",5
"94","2019-08-12",17,0,"2019-08-12T23:00:00-00:00","2019-08-13T00:00:00-00:00","ZP26","Solar","Renewable Forecast Actual Generation","RENEW_FCST_ACT_MW",3,3,1499.76615,"ACTUAL",5
"95","2019-08-12",20,0,"2019-08-13T02:00:00-00:00","2019-08-13T03:00:00-00:00","ZP26","Solar","Renewable Forecast Actual Generation","RENEW_FCST_ACT_MW",3,3,66.93531,"ACTUAL",5
"96","2019-08-12",21,0,"2019-08-13T03:00:00-00:00","2019-08-13T04:00:00-00:00","ZP26","Solar","Renewable Forecast Actual Generation","RENEW_FCST_ACT_MW",3,3,-5.65009,"ACTUAL",5
"97","2019-08-12",22,0,"2019-08-13T04:00:00-00:00","2019-08-13T05:00:00-00:00","ZP26","Solar","Renewable Forecast Actual Generation","RENEW_FCST_ACT_MW",3,3,-5.31283,"ACTUAL",5
"98","2019-08-12",23,0,"2019-08-13T05:00:00-00:00","2019-08-13T06:00:00-00:00","ZP26","Solar","Renewable Forecast Actual Generation","RENEW_FCST_ACT_MW",3,3,-5.30056,"ACTUAL",5
"99","2019-08-12",24,0,"2019-08-13T06:00:00-00:00","2019-08-13T07:00:00-00:00","ZP26","Solar","Renewable Forecast Actual Generation","RENEW_FCST_ACT_MW",3,3,-5.26954,"ACTUAL",5
"100","2019-08-12",2,0,"2019-08-12T08:00:00-00:00","2019-08-12T09:00:00-00:00","ZP26","Solar","Renewable Forecast Actual Generation","RENEW_FCST_ACT_MW",3,3,-5.34799,"ACTUAL",5
"101","2019-08-12",3,0,"2019-08-12T09:00:00-00:00","2019-08-12T10:00:00-00:00","ZP26","Solar","Renewable Forecast Actual Generation","RENEW_FCST_ACT_MW",3,3,-5.23045,"ACTUAL",5
"102","2019-08-12",4,0,"2019-08-12T10:00:00-00:00","2019-08-12T11:00:00-00:00","ZP26","Solar","Renewable Forecast Actual Generation","RENEW_FCST_ACT_MW",3,3,-5.14655,"ACTUAL",5
"103","2019-08-12",5,0,"2019-08-12T11:00:00-00:00","2019-08-12T12:00:00-00:00","ZP26","Solar","Renewable Forecast Actual Generation","RENEW_FCST_ACT_MW",3,3,-5.13122,"ACTUAL",5
"104","2019-08-12",6,0,"2019-08-12T12:00:00-00:00","2019-08-12T13:00:00-00:00","ZP26","Solar","Renewable Forecast Actual Generation","RENEW_FCST_ACT_MW",3,3,-5.19337,"ACTUAL",5
"105","2019-08-12",7,0,"2019-08-12T13:00:00-00:00","2019-08-12T14:00:00-00:00","ZP26","Solar","Renewable Forecast Actual Generation","RENEW_FCST_ACT_MW",3,3,42.79272,"ACTUAL",5
"106","2019-08-12",8,0,"2019-08-12T14:00:00-00:00","2019-08-12T15:00:00-00:00","ZP26","Solar","Renewable Forecast Actual Generation","RENEW_FCST_ACT_MW",3,3,548.54969,"ACTUAL",5
"107","2019-08-12",9,0,"2019-08-12T15:00:00-00:00","2019-08-12T16:00:00-00:00","ZP26","Solar","Renewable Forecast Actual Generation","RENEW_FCST_ACT_MW",3,3,1186.39791,"ACTUAL",5
"108","2019-08-12",10,0,"2019-08-12T16:00:00-00:00","2019-08-12T17:00:00-00:00","ZP26","Solar","Renewable Forecast Actual Generation","RENEW_FCST_ACT_MW",3,3,1501.57323,"ACTUAL",5
"109","2019-08-12",11,0,"2019-08-12T17:00:00-00:00","2019-08-12T18:00:00-00:00","ZP26","Solar","Renewable Forecast Actual Generation","RENEW_FCST_ACT_MW",3,3,1629.4566,"ACTUAL",5
"110","2019-08-12",12,0,"2019-08-12T18:00:00-00:00","2019-08-12T19:00:00-00:00","ZP26","Solar","Renewable Forecast Actual Generation","RENEW_FCST_ACT_MW",3,3,1680.14183,"ACTUAL",5
"111","2019-08-12",13,0,"2019-08-12T19:00:00-00:00","2019-08-12T20:00:00-00:00","ZP26","Solar","Renewable Forecast Actual Generation","RENEW_FCST_ACT_MW",3,3,1699.59036,"ACTUAL",5
"112","2019-08-12",14,0,"2019-08-12T20:00:00-00:00","2019-08-12T21:00:00-00:00","ZP26","Solar","Renewable Forecast Actual Generation","RENEW_FCST_ACT_MW",3,3,1699.1794,"ACTUAL",5
"113","2019-08-12",15,0,"2019-08-12T21:00:00-00:00","2019-08-12T22:00:00-00:00","ZP26","Solar","Renewable Forecast Actual Generation","RENEW_FCST_ACT_MW",3,3,1675.38267,"ACTUAL",5
"114","2019-08-12",16,0,"2019-08-12T22:00:00-00:00","2019-08-12T23:00:00-00:00","ZP26","Solar","Renewable Forecast Actual Generation","RENEW_FCST_ACT_MW",3,3,1631.70253,"ACTUAL",5
"115","2019-08-12",19,0,"2019-08-13T01:00:00-00:00","2019-08-13T02:00:00-00:00","ZP26","Solar","Renewable Forecast Actual Generation","RENEW_FCST_ACT_MW",3,3,613.46086,"ACTUAL",5
"116","2019-08-13",1,0,"2019-08-13T07:00:00-00:00","2019-08-13T08:00:00-00:00","NP15","Solar","Renewable Forecast Actual Generation","RENEW_FCST_ACT_MW",3,3,-3.31261,"ACTUAL",6
"117","2019-08-13",1,0,"2019-08-13T07:00:00-00:00","2019-08-13T08:00:00-00:00","NP15","Wind","Renewable Forecast Actual Generation","RENEW_FCST_ACT_MW",3,1,653.1709,"ACTUAL",7
"118","2019-08-13",1,0,"2019-08-13T07:00:00-00:00","2019-08-13T08:00:00-00:00","SP15","Solar","Renewable Forecast Actual Generation","RENEW_FCST_ACT_MW",3,3,8.21637,"ACTUAL",8
"119","2019-08-13",1,0,"2019-08-13T07:00:00-00:00","2019-08-13T08:00:00-00:00","SP15","Wind","Renewable Forecast Actual Generation","RENEW_FCST_ACT_MW",3,1,1107.07876,"ACTUAL",9
"120","2019-08-13",1,0,"2019-08-13T07:00:00-00:00","2019-08-13T08:00:00-00:00","ZP26","Solar","Renewable Forecast Actual Generation","RENEW_FCST_ACT_MW",3,3,-5.24419,"ACTUAL",10
