"","OPR_DT","OPR_HR","OPR_INTERVAL","INTERVALSTARTTIME_GMT","INTERVALENDTIME_GMT","TRADING_HUB","RENEWABLE_TYPE","LABEL","XML_DATA_ITEM","MARKET_RUN_ID_POS","RENEW_POS","MW","MARKET_RUN_ID","GROUP"
"1","2019-01-22",1,0,"2019-01-22T08:00:00-00:00","2019-01-22T09:00:00-00:00","NP15","Solar","Renewable Forecast Actual Generation","RENEW_FCST_ACT_MW",3,3,-2.81254,"ACTUAL",1
"2","2019-01-22",2,0,"2019-01-22T09:00:00-00:00","2019-01-22T10:00:00-00:00","NP15","Solar","Renewable Forecast Actual Generation","RENEW_FCST_ACT_MW",3,3,-2.84379,"ACTUAL",1
"3","2019-01-22",3,0,"2019-01-22T10:00:00-00:00","2019-01-22T11:00:00-00:00","NP15","Solar","Renewable Forecast Actual Generation","RENEW_FCST_ACT_MW",3,3,-2.84141,"ACTUAL",1
"4","2019-01-22",4,0,"2019-01-22T11:00:00-00:00","2019-01-22T12:00:00-00:00","NP15","Solar","Renewable Forecast Actual Generation","RENEW_FCST_ACT_MW",3,3,-2.85643,"ACTUAL",1
"5","2019-01-22",5,0,"2019-01-22T12:00:00-00:00","2019-01-22T13:00:00-00:00","NP15","Solar","Renewable Forecast Actual Generation","RENEW_FCST_ACT_MW",3,3,-2.8693,"ACTUAL",1
"6","2019-01-22",6,0,"2019-01-22T13:00:00-00:00","2019-01-22T14:00:00-00:00","NP15","Solar","Renewable Forecast Actual Generation","RENEW_FCST_ACT_MW",3,3,-3.28378,"ACTUAL",1
"7","2019-01-22",7,0,"2019-01-22T14:00:00-00:00","2019-01-22T15:00:00-00:00","NP15","Solar","Renewable Forecast Actual Generation","RENEW_FCST_ACT_MW",3,3,-3.39486,"ACTUAL",1
"8","2019-01-22",8,0,"2019-01-22T15:00:00-00:00","2019-01-22T16:00:00-00:00","NP15","Solar","Renewable Forecast Actual Generation","RENEW_FCST_ACT_MW",3,3,108.82681,"ACTUAL",1
"9","2019-01-22",9,0,"2019-01-22T16:00:00-00:00","2019-01-22T17:00:00-00:00","NP15","Solar","Renewable Forecast Actual Generation","RENEW_FCST_ACT_MW",3,3,722.56952,"ACTUAL",1
"10","2019-01-22",10,0,"2019-01-22T17:00:00-00:00","2019-01-22T18:00:00-00:00","NP15","Solar","Renewable Forecast Actual Generation","RENEW_FCST_ACT_MW",3,3,1037.67262,"ACTUAL",1
"11","2019-01-22",11,0,"2019-01-22T18:00:00-00:00","2019-01-22T19:00:00-00:00","NP15","Solar","Renewable Forecast Actual Generation","RENEW_FCST_ACT_MW",3,3,900.44772,"ACTUAL",1
"12","2019-01-22",12,0,"2019-01-22T19:00:00-00:00","2019-01-22T20:00:00-00:00","NP15","Solar","Renewable Forecast Actual Generation","RENEW_FCST_ACT_MW",3,3,849.07186,"ACTUAL",1
"13","2019-01-22",13,0,"2019-01-22T20:00:00-00:00","2019-01-22T21:00:00-00:00","NP15","Solar","Renewable Forecast Actual Generation","RENEW_FCST_ACT_MW",3,3,963.24222,"ACTUAL",1
"14","2019-01-22",14,0,"2019-01-22T21:00:00-00:00","2019-01-22T22:00:00-00:00","NP15","Solar","Renewable Forecast Actual Generation","RENEW_FCST_ACT_MW",3,3,983.16322,"ACTUAL",1
"15","2019-01-22",15,0,"2019-01-22T22:00:00-00:00","2019-01-22T23:00:00-00:00","NP15","Solar","Renewable Forecast Actual Generation","RENEW_FCST_ACT_MW",3,3,1077.92823,"ACTUAL",1
"16","2019-01-22",16,0,"2019-01-22T23:00:00-00:00","2019-01-23T00:00:00-00:00","NP15","Solar","Renewable Forecast Actual Generation","RENEW_FCST_ACT_MW",3,3,991.33347,"ACTUAL",1
"17","2019-01-22",17,0,"2019-01-23T00:00:00-00:00","2019-01-23T01:00:00-00:00","NP15","Solar","Renewable Forecast Actual Generation","RENEW_FCST_ACT_MW",3,3,337.62368,"ACTUAL",1
"18","2019-01-22",18,0,"2019-01-23T01:00:00-00:00","2019-01-23T02:00:00-00:00","NP15","Solar","Renewable Forecast Actual Generation","RENEW_FCST_ACT_MW",3,3,3.01637,"ACTUAL",1
"19","2019-01-22",19,0,"2019-01-23T02:00:00-00:00","2019-01-23T03:00:00-00:00","NP15","Solar","Renewable Forecast Actual Generation","RENEW_FCST_ACT_MW",3,3,-1.48201,"ACTUAL",1
"20","2019-01-22",20,0,"2019-01-23T03:00:00-00:00","2019-01-23T04:00:00-00:00","NP15","Solar","Renewable Forecast Actual Generation","RENEW_FCST_ACT_MW",3,3,-1.45802,"ACTUAL",1
"21","2019-01-22",21,0,"2019-01-23T04:00:00-00:00","2019-01-23T05:00:00-00:00","NP15","Solar","Renewable Forecast Actual Generation","RENEW_FCST_ACT_MW",3,3,-1.47773,"ACTUAL",1
"22","2019-01-22",22,0,"2019-01-23T05:00:00-00:00","2019-01-23T06:00:00-00:00","NP15","Solar","Renewable Forecast Actual Generation","RENEW_FCST_ACT_MW",3,3,-2.69153,"ACTUAL",1
"23","2019-01-22",23,0,"2019-01-23T06:00:00-00:00","2019-01-23T07:00:00-00:00","NP15","Solar","Renewable Forecast Actual Generation","RENEW_FCST_ACT_MW",3,3,-2.98203,"ACTUAL",1
"24","2019-01-22",24,0,"2019-01-23T07:00:00-00:00","2019-01-23T08:00:00-00:00","NP15","Solar","Renewable Forecast Actual Generation","RENEW_FCST_ACT_MW",3,3,-2.99434,"ACTUAL",1
"25","2019-01-22",1,0,"2019-01-22T08:00:00-00:00","2019-01-22T09:00:00-00:00","NP15","Wind","Renewable Forecast Actual Generation","RENEW_FCST_ACT_MW",3,1,965.60771,"ACTUAL",2
"26","2019-01-22",24,0,"2019-01-23T07:00:00-00:00","2019-01-23T08:00:00-00:00","NP15","Wind","Renewable Forecast Actual Generation","RENEW_FCST_ACT_MW",3,1,14.72207,"ACTUAL",2
"27","2019-01-22",3,0,"2019-01-22T10:00:00-00:00","2019-01-22T11:00:00-00:00","NP15","Wind","Renewable Forecast Actual Generation","RENEW_FCST_ACT_MW",3,1,1032.46133,"ACTUAL",2
"28","2019-01-22",4,0,"2019-01-22T11:00:00-00:00","2019-01-22T12:00:00-00:00","NP15","Wind","Renewable Forecast Actual Generation","RENEW_FCST_ACT_MW",3,1,869.03682,"ACTUAL",2
"29","2019-01-22",5,0,"2019-01-22T12:00:00-00:00","2019-01-22T13:00:00-00:00","NP15","Wind","Renewable Forecast Actual Generation","RENEW_FCST_ACT_MW",3,1,895.19781,"ACTUAL",2
"30","2019-01-22",6,0,"2019-01-22T13:00:00-00:00","2019-01-22T14:00:00-00:00","NP15","Wind","Renewable Forecast Actual Generation","RENEW_FCST_ACT_MW",3,1,1004.94628,"ACTUAL",2
"31","2019-01-22",7,0,"2019-01-22T14:00:00-00:00","2019-01-22T15:00:00-00:00","NP15","Wind","Renewable Forecast Actual Generation","RENEW_FCST_ACT_MW",3,1,950.93431,"ACTUAL",2
"32","2019-01-22",8,0,"2019-01-22T15:00:00-00:00","2019-01-22T16:00:00-00:00","NP15","Wind","Renewable Forecast Actual Generation","RENEW_FCST_ACT_MW",3,1,821.37087,"ACTUAL",2
"33","2019-01-22",9,0,"2019-01-22T16:00:00-00:00","2019-01-22T17:00:00-00:00","NP15","Wind","Renewable Forecast Actual Generation","RENEW_FCST_ACT_MW",3,1,359.0393,"ACTUAL",2
"34","2019-01-22",10,0,"2019-01-22T17:00:00-00:00","2019-01-22T18:00:00-00:00","NP15","Wind","Renewable Forecast Actual Generation","RENEW_FCST_ACT_MW",3,1,577.1374,"ACTUAL",2
"35","2019-01-22",11,0,"2019-01-22T18:00:00-00:00","2019-01-22T19:00:00-00:00","NP15","Wind","Renewable Forecast Actual Generation","RENEW_FCST_ACT_MW",3,1,590.56081,"ACTUAL",2
"36","2019-01-22",12,0,"2019-01-22T19:00:00-00:00","2019-01-22T20:00:00-00:00","NP15","Wind","Renewable Forecast Actual Generation","RENEW_FCST_ACT_MW",3,1,581.21203,"ACTUAL",2
"37","2019-01-22",13,0,"2019-01-22T20:00:00-00:00","2019-01-22T21:00:00-00:00","NP15","Wind","Renewable Forecast Actual Generation","RENEW_FCST_ACT_MW",3,1,314.6008,"ACTUAL",2
"38","2019-01-22",14,0,"2019-01-22T21:00:00-00:00","2019-01-22T22:00:00-00:00","NP15","Wind","Renewable Forecast Actual Generation","RENEW_FCST_ACT_MW",3,1,186.6505,"ACTUAL",2
"39","2019-01-22",15,0,"2019-01-22T22:00:00-00:00","2019-01-22T23:00:00-00:00","NP15","Wind","Renewable Forecast Actual Generation","RENEW_FCST_ACT_MW",3,1,177.91474,"ACTUAL",2
"40","2019-01-22",16,0,"2019-01-22T23:00:00-00:00","2019-01-23T00:00:00-00:00","NP15","Wind","Renewable Forecast Actual Generation","RENEW_FCST_ACT_MW",3,1,167.8848,"ACTUAL",2
"41","2019-01-22",17,0,"2019-01-23T00:00:00-00:00","2019-01-23T01:00:00-00:00","NP15","Wind","Renewable Forecast Actual Generation","RENEW_FCST_ACT_MW",3,1,81.09426,"ACTUAL",2
"42","2019-01-22",18,0,"2019-01-23T01:00:00-00:00","2019-01-23T02:00:00-00:00","NP15","Wind","Renewable Forecast Actual Generation","RENEW_FCST_ACT_MW",3,1,46.36657,"ACTUAL",2
"43","2019-01-22",19,0,"2019-01-23T02:00:00-00:00","2019-01-23T03:00:00-00:00","NP15","Wind","Renewable Forecast Actual Generation","RENEW_FCST_ACT_MW",3,1,62.68128,"ACTUAL",2
"44","2019-01-22",20,0,"2019-01-23T03:00:00-00:00","2019-01-23T04:00:00-00:00","NP15","Wind","Renewable Forecast Actual Generation","RENEW_FCST_ACT_MW",3,1,30.58539,"ACTUAL",2
"45","2019-01-22",21,0,"2019-01-23T04:00:00-00:00","2019-01-23T05:00:00-00:00","NP15","Wind","Renewable Forecast Actual Generation","RENEW_FCST_ACT_MW",3,1,-7.38865,"ACTUAL",2
"46","2019-01-22",22,0,"2019-01-23T05:00:00-00:00","2019-01-23T06:00:00-00:00","NP15","Wind","Renewable Forecast Actual Generation","RENEW_FCST_ACT_MW",3,1,-7.63423,"ACTUAL",2
"47","2019-01-22",23,0,"2019-01-23T06:00:00-00:00","2019-01-23T07:00:00-00:00","NP15","Wind","Renewable Forecast Actual Generation","RENEW_FCST_ACT_MW",3,1,1.83866,"ACTUAL",2
"48","2019-01-22",2,0,"2019-01-22T09:00:00-00:00","2019-01-22T10:00:00-00:00","NP15","Wind","Renewable Forecast Actual Generation","RENEW_FCST_ACT_MW",3,1,1106.37002,"ACTUAL",2
"49","2019-01-22",24,0,"2019-01-23T07:00:00-00:00","2019-01-23T08:00:00-00:00","SP15","Solar","Renewable Forecast Actual Generation","RENEW_FCST_ACT_MW",3,3,-21.07567,"ACTUAL",3
"50","2019-01-22",2,0,"2019-01-22T09:00:00-00:00","2019-01-22T10:00:00-00:00","SP15","Solar","Renewable Forecast Actual Generation","RENEW_FCST_ACT_MW",3,3,-20.88206,"ACTUAL",3
"51","2019-01-22",23,0,"2019-01-23T06:00:00-00:00","2019-01-23T07:00:00-00:00","SP15","Solar","Renewable Forecast Actual Generation","RENEW_FCST_ACT_MW",3,3,-21.58995,"ACTUAL",3
"52","2019-01-22",6,0,"2019-01-22T13:00:00-00:00","2019-01-22T14:00:00-00:00","SP15","Solar","Renewable Forecast Actual Generation","RENEW_FCST_ACT_MW",3,3,-19.67425,"ACTUAL",3
"53","2019-01-22",22,0,"2019-01-23T05:00:00-00:00","2019-01-23T06:00:00-00:00","SP15","Solar","Renewable Forecast Actual Generation","RENEW_FCST_ACT_MW",3,3,-21.05377,"ACTUAL",3
"54","2019-01-22",11,0,"2019-01-22T18:00:00-00:00","2019-01-22T19:00:00-00:00","SP15","Solar","Renewable Forecast Actual Generation","RENEW_FCST_ACT_MW",3,3,4948.52884,"ACTUAL",3
"55","2019-01-22",21,0,"2019-01-23T04:00:00-00:00","2019-01-23T05:00:00-00:00","SP15","Solar","Renewable Forecast Actual Generation","RENEW_FCST_ACT_MW",3,3,-22.07614,"ACTUAL",3
"56","2019-01-22",3,0,"2019-01-22T10:00:00-00:00","2019-01-22T11:00:00-00:00","SP15","Solar","Renewable Forecast Actual Generation","RENEW_FCST_ACT_MW",3,3,-20.70709,"ACTUAL",3
"57","2019-01-22",20,0,"2019-01-23T03:00:00-00:00","2019-01-23T04:00:00-00:00","SP15","Solar","Renewable Forecast Actual Generation","RENEW_FCST_ACT_MW",3,3,-22.3234,"ACTUAL",3
"58","2019-01-22",10,0,"2019-01-22T17:00:00-00:00","2019-01-22T18:00:00-00:00","SP15","Solar","Renewable Forecast Actual Generation","RENEW_FCST_ACT_MW",3,3,4666.95269,"ACTUAL",3
"59","2019-01-22",19,0,"2019-01-23T02:00:00-00:00","2019-01-23T03:00:00-00:00","SP15","Solar","Renewable Forecast Actual Generation","RENEW_FCST_ACT_MW",3,3,-22.15652,"ACTUAL",3
"60","2019-01-22",5,0,"2019-01-22T12:00:00-00:00","2019-01-22T13:00:00-00:00","SP15","Solar","Renewable Forecast Actual Generation","RENEW_FCST_ACT_MW",3,3,-18.68891,"ACTUAL",3
"61","2019-01-22",18,0,"2019-01-23T01:00:00-00:00","2019-01-23T02:00:00-00:00","SP15","Solar","Renewable Forecast Actual Generation","RENEW_FCST_ACT_MW",3,3,6.56371,"ACTUAL",3
"62","2019-01-22",9,0,"2019-01-22T16:00:00-00:00","2019-01-22T17:00:00-00:00","SP15","Solar","Renewable Forecast Actual Generation","RENEW_FCST_ACT_MW",3,3,3583.48738,"ACTUAL",3
"63","2019-01-22",17,0,"2019-01-23T00:00:00-00:00","2019-01-23T01:00:00-00:00","SP15","Solar","Renewable Forecast Actual Generation","RENEW_FCST_ACT_MW",3,3,1218.25835,"ACTUAL",3
"64","2019-01-22",1,0,"2019-01-22T08:00:00-00:00","2019-01-22T09:00:00-00:00","SP15","Solar","Renewable Forecast Actual Generation","RENEW_FCST_ACT_MW",3,3,-22.11769,"ACTUAL",3
"65","2019-01-22",16,0,"2019-01-22T23:00:00-00:00","2019-01-23T00:00:00-00:00","SP15","Solar","Renewable Forecast Actual Generation","RENEW_FCST_ACT_MW",3,3,3550.35562,"ACTUAL",3
"66","2019-01-22",8,0,"2019-01-22T15:00:00-00:00","2019-01-22T16:00:00-00:00","SP15","Solar","Renewable Forecast Actual Generation","RENEW_FCST_ACT_MW",3,3,1028.42918,"ACTUAL",3
"67","2019-01-22",15,0,"2019-01-22T22:00:00-00:00","2019-01-22T23:00:00-00:00","SP15","Solar","Renewable Forecast Actual Generation","RENEW_FCST_ACT_MW",3,3,4510.52036,"ACTUAL",3
"68","2019-01-22",4,0,"2019-01-22T11:00:00-00:00","2019-01-22T12:00:00-00:00","SP15","Solar","Renewable Forecast Actual Generation","RENEW_FCST_ACT_MW",3,3,-19.51806,"ACTUAL",3
"69","2019-01-22",14,0,"2019-01-22T21:00:00-00:00","2019-01-22T22:00:00-00:00","SP15","Solar","Renewable Forecast Actual Generation","RENEW_FCST_ACT_MW",3,3,5187.89655,"ACTUAL",3
"70","2019-01-22",7,0,"2019-01-22T14:00:00-00:00","2019-01-22T15:00:00-00:00","SP15","Solar","Renewable Forecast Actual Generation","RENEW_FCST_ACT_MW",3,3,-11.74007,"ACTUAL",3
"71","2019-01-22",13,0,"2019-01-22T20:00:00-00:00","2019-01-22T21:00:00-00:00","SP15","Solar","Renewable Forecast Actual Generation","RENEW_FCST_ACT_MW",3,3,4900.79522,"ACTUAL",3
"72","2019-01-22",12,0,"2019-01-22T19:00:00-00:00","2019-01-22T20:00:00-00:00","SP15","Solar","Renewable Forecast Actual Generation","RENEW_FCST_ACT_MW",3,3,5220.32751,"ACTUAL",3
"73","2019-01-22",23,0,"2019-01-23T06:00:00-00:00","2019-01-23T07:00:00-00:00","SP15","Wind","Renewable Forecast Actual Generation","RENEW_FCST_ACT_MW",3,1,479.27519,"ACTUAL",4
"74","2019-01-22",22,0,"2019-01-23T05:00:00-00:00","2019-01-23T06:00:00-00:00","SP15","Wind","Renewable Forecast Actual Generation","RENEW_FCST_ACT_MW",3,1,439.89264,"ACTUAL",4
"75","2019-01-22",21,0,"2019-01-23T04:00:00-00:00","2019-01-23T05:00:00-00:00","SP15","Wind","Renewable Forecast Actual Generation","RENEW_FCST_ACT_MW",3,1,442.63773,"ACTUAL",4
"76","2019-01-22",20,0,"2019-01-23T03:00:00-00:00","2019-01-23T04:00:00-00:00","SP15","Wind","Renewable Forecast Actual Generation","RENEW_FCST_ACT_MW",3,1,410.57215,"ACTUAL",4
"77","2019-01-22",19,0,"2019-01-23T02:00:00-00:00","2019-01-23T03:00:00-00:00","SP15","Wind","Renewable Forecast Actual Generation","RENEW_FCST_ACT_MW",3,1,432.51624,"ACTUAL",4
"78","2019-01-22",18,0,"2019-01-23T01:00:00-00:00","2019-01-23T02:00:00-00:00","SP15","Wind","Renewable Forecast Actual Generation","RENEW_FCST_ACT_MW",3,1,475.51857,"ACTUAL",4
"79","2019-01-22",17,0,"2019-01-23T00:00:00-00:00","2019-01-23T01:00:00-00:00","SP15","Wind","Renewable Forecast Actual Generation","RENEW_FCST_ACT_MW",3,1,482.19479,"ACTUAL",4
"80","2019-01-22",16,0,"2019-01-22T23:00:00-00:00","2019-01-23T00:00:00-00:00","SP15","Wind","Renewable Forecast Actual Generation","RENEW_FCST_ACT_MW",3,1,563.84785,"ACTUAL",4
"81","2019-01-22",15,0,"2019-01-22T22:00:00-00:00","2019-01-22T23:00:00-00:00","SP15","Wind","Renewable Forecast Actual Generation","RENEW_FCST_ACT_MW",3,1,662.78206,"ACTUAL",4
"82","2019-01-22",14,0,"2019-01-22T21:00:00-00:00","2019-01-22T22:00:00-00:00","SP15","Wind","Renewable Forecast Actual Generation","RENEW_FCST_ACT_MW",3,1,697.96494,"ACTUAL",4
"83","2019-01-22",13,0,"2019-01-22T20:00:00-00:00","2019-01-22T21:00:00-00:00","SP15","Wind","Renewable Forecast Actual Generation","RENEW_FCST_ACT_MW",3,1,817.71875,"ACTUAL",4
"84","2019-01-22",12,0,"2019-01-22T19:00:00-00:00","2019-01-22T20:00:00-00:00","SP15","Wind","Renewable Forecast Actual Generation","RENEW_FCST_ACT_MW",3,1,908.54069,"ACTUAL",4
"85","2019-01-22",11,0,"2019-01-22T18:00:00-00:00","2019-01-22T19:00:00-00:00","SP15","Wind","Renewable Forecast Actual Generation","RENEW_FCST_ACT_MW",3,1,831.03291,"ACTUAL",4
"86","2019-01-22",10,0,"2019-01-22T17:00:00-00:00","2019-01-22T18:00:00-00:00","SP15","Wind","Renewable Forecast Actual Generation","RENEW_FCST_ACT_MW",3,1,604.98317,"ACTUAL",4
"87","2019-01-22",9,0,"2019-01-22T16:00:00-00:00","2019-01-22T17:00:00-00:00","SP15","Wind","Renewable Forecast Actual Generation","RENEW_FCST_ACT_MW",3,1,384.48341,"ACTUAL",4
"88","2019-01-22",8,0,"2019-01-22T15:00:00-00:00","2019-01-22T16:00:00-00:00","SP15","Wind","Renewable Forecast Actual Generation","RENEW_FCST_ACT_MW",3,1,264.18506,"ACTUAL",4
"89","2019-01-22",7,0,"2019-01-22T14:00:00-00:00","2019-01-22T15:00:00-00:00","SP15","Wind","Renewable Forecast Actual Generation","RENEW_FCST_ACT_MW",3,1,380.92555,"ACTUAL",4
"90","2019-01-22",6,0,"2019-01-22T13:00:00-00:00","2019-01-22T14:00:00-00:00","SP15","Wind","Renewable Forecast Actual Generation","RENEW_FCST_ACT_MW",3,1,494.54534,"ACTUAL",4
"91","2019-01-22",5,0,"2019-01-22T12:00:00-00:00","2019-01-22T13:00:00-00:00","SP15","Wind","Renewable Forecast Actual Generation","RENEW_FCST_ACT_MW",3,1,825.32789,"ACTUAL",4
"92","2019-01-22",4,0,"2019-01-22T11:00:00-00:00","2019-01-22T12:00:00-00:00","SP15","Wind","Renewable Forecast Actual Generation","RENEW_FCST_ACT_MW",3,1,921.12281,"ACTUAL",4
"93","2019-01-22",3,0,"2019-01-22T10:00:00-00:00","2019-01-22T11:00:00-00:00","SP15","Wind","Renewable Forecast Actual Generation","RENEW_FCST_ACT_MW",3,1,1059.72559,"ACTUAL",4
"94","2019-01-22",2,0,"2019-01-22T09:00:00-00:00","2019-01-22T10:00:00-00:00","SP15","Wind","Renewable Forecast Actual Generation","RENEW_FCST_ACT_MW",3,1,1588.02438,"ACTUAL",4
"95","2019-01-22",24,0,"2019-01-23T07:00:00-00:00","2019-01-23T08:00:00-00:00","SP15","Wind","Renewable Forecast Actual Generation","RENEW_FCST_ACT_MW",3,1,462.98707,"ACTUAL",4
"96","2019-01-22",1,0,"2019-01-22T08:00:00-00:00","2019-01-22T09:00:00-00:00","SP15","Wind","Renewable Forecast Actual Generation","RENEW_FCST_ACT_MW",3,1,1989.76323,"ACTUAL",4
"97","2019-01-22",1,0,"2019-01-22T08:00:00-00:00","2019-01-22T09:00:00-00:00","ZP26","Solar","Renewable Forecast Actual Generation","RENEW_FCST_ACT_MW",3,3,-4.87216,"ACTUAL",5
"98","2019-01-22",24,0,"2019-01-23T07:00:00-00:00","2019-01-23T08:00:00-00:00","ZP26","Solar","Renewable Forecast Actual Generation","RENEW_FCST_ACT_MW",3,3,-4.91281,"ACTUAL",5
"99","2019-01-22",3,0,"2019-01-22T10:00:00-00:00","2019-01-22T11:00:00-00:00","ZP26","Solar","Renewable Forecast Actual Generation","RENEW_FCST_ACT_MW",3,3,-4.86772,"ACTUAL",5
"100","2019-01-22",4,0,"2019-01-22T11:00:00-00:00","2019-01-22T12:00:00-00:00","ZP26","Solar","Renewable Forecast Actual Generation","RENEW_FCST_ACT_MW",3,3,-5.34761,"ACTUAL",5
"101","2019-01-22",5,0,"2019-01-22T12:00:00-00:00","2019-01-22T13:00:00-00:00","ZP26","Solar","Renewable Forecast Actual Generation","RENEW_FCST_ACT_MW",3,3,-5.28754,"ACTUAL",5
"102","2019-01-22",6,0,"2019-01-22T13:00:00-00:00","2019-01-22T14:00:00-00:00","ZP26","Solar","Renewable Forecast Actual Generation","RENEW_FCST_ACT_MW",3,3,-5.29982,"ACTUAL",5
"103","2019-01-22",7,0,"2019-01-22T14:00:00-00:00","2019-01-22T15:00:00-00:00","ZP26","Solar","Renewable Forecast Actual Generation","RENEW_FCST_ACT_MW",3,3,-5.29555,"ACTUAL",5
"104","2019-01-22",8,0,"2019-01-22T15:00:00-00:00","2019-01-22T16:00:00-00:00","ZP26","Solar","Renewable Forecast Actual Generation","RENEW_FCST_ACT_MW",3,3,116.80093,"ACTUAL",5
"105","2019-01-22",9,0,"2019-01-22T16:00:00-00:00","2019-01-22T17:00:00-00:00","ZP26","Solar","Renewable Forecast Actual Generation","RENEW_FCST_ACT_MW",3,3,700.06779,"ACTUAL",5
"106","2019-01-22",10,0,"2019-01-22T17:00:00-00:00","2019-01-22T18:00:00-00:00","ZP26","Solar","Renewable Forecast Actual Generation","RENEW_FCST_ACT_MW",3,3,1085.62921,"ACTUAL",5
"107","2019-01-22",11,0,"2019-01-22T18:00:00-00:00","2019-01-22T19:00:00-00:00","ZP26","Solar","Renewable Forecast Actual Generation","RENEW_FCST_ACT_MW",3,3,1075.65979,"ACTUAL",5
"108","2019-01-22",12,0,"2019-01-22T19:00:00-00:00","2019-01-22T20:00:00-00:00","ZP26","Solar","Renewable Forecast Actual Generation","RENEW_FCST_ACT_MW",3,3,924.98946,"ACTUAL",5
"109","2019-01-22",13,0,"2019-01-22T20:00:00-00:00","2019-01-22T21:00:00-00:00","ZP26","Solar","Renewable Forecast Actual Generation","RENEW_FCST_ACT_MW",3,3,1118.8287,"ACTUAL",5
"110","2019-01-22",14,0,"2019-01-22T21:00:00-00:00","2019-01-22T22:00:00-00:00","ZP26","Solar","Renewable Forecast Actual Generation","RENEW_FCST_ACT_MW",3,3,1223.01579,"ACTUAL",5
"111","2019-01-22",15,0,"2019-01-22T22:00:00-00:00","2019-01-22T23:00:00-00:00","ZP26","Solar","Renewable Forecast Actual Generation","RENEW_FCST_ACT_MW",3,3,1208.50617,"ACTUAL",5
"112","2019-01-22",16,0,"2019-01-22T23:00:00-00:00","2019-01-23T00:00:00-00:00","ZP26","Solar","Renewable Forecast Actual Generation","RENEW_FCST_ACT_MW",3,3,1001.71939,"ACTUAL",5
"113","2019-01-22",17,0,"2019-01-23T00:00:00-00:00","2019-01-23T01:00:00-00:00","ZP26","Solar","Renewable Forecast Actual Generation","RENEW_FCST_ACT_MW",3,3,340.72471,"ACTUAL",5
"114","2019-01-22",18,0,"2019-01-23T01:00:00-00:00","2019-01-23T02:00:00-00:00","ZP26","Solar","Renewable Forecast Actual Generation","RENEW_FCST_ACT_MW",3,3,0.75793,"ACTUAL",5
"115","2019-01-22",19,0,"2019-01-23T02:00:00-00:00","2019-01-23T03:00:00-00:00","ZP26","Solar","Renewable Forecast Actual Generation","RENEW_FCST_ACT_MW",3,3,-4.8348,"ACTUAL",5
"116","2019-01-22",20,0,"2019-01-23T03:00:00-00:00","2019-01-23T04:00:00-00:00","ZP26","Solar","Renewable Forecast Actual Generation","RENEW_FCST_ACT_MW",3,3,-4.86971,"ACTUAL",5
"117","2019-01-22",21,0,"2019-01-23T04:00:00-00:00","2019-01-23T05:00:00-00:00","ZP26","Solar","Renewable Forecast Actual Generation","RENEW_FCST_ACT_MW",3,3,-4.88505,"ACTUAL",5
"118","2019-01-22",22,0,"2019-01-23T05:00:00-00:00","2019-01-23T06:00:00-00:00","ZP26","Solar","Renewable Forecast Actual Generation","RENEW_FCST_ACT_MW",3,3,-4.87973,"ACTUAL",5
"119","2019-01-22",23,0,"2019-01-23T06:00:00-00:00","2019-01-23T07:00:00-00:00","ZP26","Solar","Renewable Forecast Actual Generation","RENEW_FCST_ACT_MW",3,3,-4.89226,"ACTUAL",5
"120","2019-01-22",2,0,"2019-01-22T09:00:00-00:00","2019-01-22T10:00:00-00:00","ZP26","Solar","Renewable Forecast Actual Generation","RENEW_FCST_ACT_MW",3,3,-4.84935,"ACTUAL",5
