"","OPR_DT","OPR_HR","OPR_INTERVAL","INTERVALSTARTTIME_GMT","INTERVALENDTIME_GMT","TRADING_HUB","RENEWABLE_TYPE","LABEL","XML_DATA_ITEM","MARKET_RUN_ID_POS","RENEW_POS","MW","MARKET_RUN_ID","GROUP"
"1","2019-03-31",2,0,"2019-03-31T08:00:00-00:00","2019-03-31T09:00:00-00:00","NP15","Solar","Renewable Forecast Actual Generation","RENEW_FCST_ACT_MW",3,3,-0.07947,"ACTUAL",1
"2","2019-03-31",3,0,"2019-03-31T09:00:00-00:00","2019-03-31T10:00:00-00:00","NP15","Solar","Renewable Forecast Actual Generation","RENEW_FCST_ACT_MW",3,3,-0.11119,"ACTUAL",1
"3","2019-03-31",4,0,"2019-03-31T10:00:00-00:00","2019-03-31T11:00:00-00:00","NP15","Solar","Renewable Forecast Actual Generation","RENEW_FCST_ACT_MW",3,3,-0.1283,"ACTUAL",1
"4","2019-03-31",5,0,"2019-03-31T11:00:00-00:00","2019-03-31T12:00:00-00:00","NP15","Solar","Renewable Forecast Actual Generation","RENEW_FCST_ACT_MW",3,3,-0.13511,"ACTUAL",1
"5","2019-03-31",6,0,"2019-03-31T12:00:00-00:00","2019-03-31T13:00:00-00:00","NP15","Solar","Renewable Forecast Actual Generation","RENEW_FCST_ACT_MW",3,3,-0.11166,"ACTUAL",1
"6","2019-03-31",7,0,"2019-03-31T13:00:00-00:00","2019-03-31T14:00:00-00:00","NP15","Solar","Renewable Forecast Actual Generation","RENEW_FCST_ACT_MW",3,3,0.93198,"ACTUAL",1
"7","2019-03-31",8,0,"2019-03-31T14:00:00-00:00","2019-03-31T15:00:00-00:00","NP15","Solar","Renewable Forecast Actual Generation","RENEW_FCST_ACT_MW",3,3,310.17234,"ACTUAL",1
"8","2019-03-31",9,0,"2019-03-31T15:00:00-00:00","2019-03-31T16:00:00-00:00","NP15","Solar","Renewable Forecast Actual Generation","RENEW_FCST_ACT_MW",3,3,1072.78273,"ACTUAL",1
"9","2019-03-31",10,0,"2019-03-31T16:00:00-00:00","2019-03-31T17:00:00-00:00","NP15","Solar","Renewable Forecast Actual Generation","RENEW_FCST_ACT_MW",3,3,1172.30497,"ACTUAL",1
"10","2019-03-31",11,0,"2019-03-31T17:00:00-00:00","2019-03-31T18:00:00-00:00","NP15","Solar","Renewable Forecast Actual Generation","RENEW_FCST_ACT_MW",3,3,1367.85648,"ACTUAL",1
"11","2019-03-31",12,0,"2019-03-31T18:00:00-00:00","2019-03-31T19:00:00-00:00","NP15","Solar","Renewable Forecast Actual Generation","RENEW_FCST_ACT_MW",3,3,1361.63071,"ACTUAL",1
"12","2019-03-31",13,0,"2019-03-31T19:00:00-00:00","2019-03-31T20:00:00-00:00","NP15","Solar","Renewable Forecast Actual Generation","RENEW_FCST_ACT_MW",3,3,1379.13269,"ACTUAL",1
"13","2019-03-31",14,0,"2019-03-31T20:00:00-00:00","2019-03-31T21:00:00-00:00","NP15","Solar","Renewable Forecast Actual Generation","RENEW_FCST_ACT_MW",3,3,1382.39806,"ACTUAL",1
"14","2019-03-31",15,0,"2019-03-31T21:00:00-00:00","2019-03-31T22:00:00-00:00","NP15","Solar","Renewable Forecast Actual Generation","RENEW_FCST_ACT_MW",3,3,1382.77905,"ACTUAL",1
"15","2019-03-31",16,0,"2019-03-31T22:00:00-00:00","2019-03-31T23:00:00-00:00","NP15","Solar","Renewable Forecast Actual Generation","RENEW_FCST_ACT_MW",3,3,1353.94151,"ACTUAL",1
"16","2019-03-31",17,0,"2019-03-31T23:00:00-00:00","2019-04-01T00:00:00-00:00","NP15","Solar","Renewable Forecast Actual Generation","RENEW_FCST_ACT_MW",3,3,1296.68292,"ACTUAL",1
"17","2019-03-31",18,0,"2019-04-01T00:00:00-00:00","2019-04-01T01:00:00-00:00","NP15","Solar","Renewable Forecast Actual Generation","RENEW_FCST_ACT_MW",3,3,1066.89446,"ACTUAL",1
"18","2019-03-31",19,0,"2019-04-01T01:00:00-00:00","2019-04-01T02:00:00-00:00","NP15","Solar","Renewable Forecast Actual Generation","RENEW_FCST_ACT_MW",3,3,346.86831,"ACTUAL",1
"19","2019-03-31",20,0,"2019-04-01T02:00:00-00:00","2019-04-01T03:00:00-00:00","NP15","Solar","Renewable Forecast Actual Generation","RENEW_FCST_ACT_MW",3,3,4.59434,"ACTUAL",1
"20","2019-03-31",21,0,"2019-04-01T03:00:00-00:00","2019-04-01T04:00:00-00:00","NP15","Solar","Renewable Forecast Actual Generation","RENEW_FCST_ACT_MW",3,3,0.21584,"ACTUAL",1
"21","2019-03-31",22,0,"2019-04-01T04:00:00-00:00","2019-04-01T05:00:00-00:00","NP15","Solar","Renewable Forecast Actual Generation","RENEW_FCST_ACT_MW",3,3,0.24131,"ACTUAL",1
"22","2019-03-31",23,0,"2019-04-01T05:00:00-00:00","2019-04-01T06:00:00-00:00","NP15","Solar","Renewable Forecast Actual Generation","RENEW_FCST_ACT_MW",3,3,0.21429,"ACTUAL",1
"23","2019-03-31",24,0,"2019-04-01T06:00:00-00:00","2019-04-01T07:00:00-00:00","NP15","Solar","Renewable Forecast Actual Generation","RENEW_FCST_ACT_MW",3,3,0.1969,"ACTUAL",1
"24","2019-03-31",18,0,"2019-04-01T00:00:00-00:00","2019-04-01T01:00:00-00:00","NP15","Wind","Renewable Forecast Actual Generation","RENEW_FCST_ACT_MW",3,1,7.33413,"ACTUAL",2
"25","2019-03-31",6,0,"2019-03-31T12:00:00-00:00","2019-03-31T13:00:00-00:00","NP15","Wind","Renewable Forecast Actual Generation","RENEW_FCST_ACT_MW",3,1,267.95602,"ACTUAL",2
"26","2019-03-31",17,0,"2019-03-31T23:00:00-00:00","2019-04-01T00:00:00-00:00","NP15","Wind","Renewable Forecast Actual Generation","RENEW_FCST_ACT_MW",3,1,-0.2392,"ACTUAL",2
"27","2019-03-31",16,0,"2019-03-31T22:00:00-00:00","2019-03-31T23:00:00-00:00","NP15","Wind","Renewable Forecast Actual Generation","RENEW_FCST_ACT_MW",3,1,-0.9486,"ACTUAL",2
"28","2019-03-31",15,0,"2019-03-31T21:00:00-00:00","2019-03-31T22:00:00-00:00","NP15","Wind","Renewable Forecast Actual Generation","RENEW_FCST_ACT_MW",3,1,-5.53023,"ACTUAL",2
"29","2019-03-31",14,0,"2019-03-31T20:00:00-00:00","2019-03-31T21:00:00-00:00","NP15","Wind","Renewable Forecast Actual Generation","RENEW_FCST_ACT_MW",3,1,-3.52234,"ACTUAL",2
"30","2019-03-31",13,0,"2019-03-31T19:00:00-00:00","2019-03-31T20:00:00-00:00","NP15","Wind","Renewable Forecast Actual Generation","RENEW_FCST_ACT_MW",3,1,7.62553,"ACTUAL",2
"31","2019-03-31",12,0,"2019-03-31T18:00:00-00:00","2019-03-31T19:00:00-00:00","NP15","Wind","Renewable Forecast Actual Generation","RENEW_FCST_ACT_MW",3,1,24.69764,"ACTUAL",2
"32","2019-03-31",11,0,"2019-03-31T17:00:00-00:00","2019-03-31T18:00:00-00:00","NP15","Wind","Renewable Forecast Actual Generation","RENEW_FCST_ACT_MW",3,1,19.18832,"ACTUAL",2
"33","2019-03-31",10,0,"2019-03-31T16:00:00-00:00","2019-03-31T17:00:00-00:00","NP15","Wind","Renewable Forecast Actual Generation","RENEW_FCST_ACT_MW",3,1,12.62603,"ACTUAL",2
"34","2019-03-31",9,0,"2019-03-31T15:00:00-00:00","2019-03-31T16:00:00-00:00","NP15","Wind","Renewable Forecast Actual Generation","RENEW_FCST_ACT_MW",3,1,20.73034,"ACTUAL",2
"35","2019-03-31",8,0,"2019-03-31T14:00:00-00:00","2019-03-31T15:00:00-00:00","NP15","Wind","Renewable Forecast Actual Generation","RENEW_FCST_ACT_MW",3,1,16.03602,"ACTUAL",2
"36","2019-03-31",7,0,"2019-03-31T13:00:00-00:00","2019-03-31T14:00:00-00:00","NP15","Wind","Renewable Forecast Actual Generation","RENEW_FCST_ACT_MW",3,1,105.40389,"ACTUAL",2
"37","2019-03-31",5,0,"2019-03-31T11:00:00-00:00","2019-03-31T12:00:00-00:00","NP15","Wind","Renewable Forecast Actual Generation","RENEW_FCST_ACT_MW",3,1,300.95219,"ACTUAL",2
"38","2019-03-31",4,0,"2019-03-31T10:00:00-00:00","2019-03-31T11:00:00-00:00","NP15","Wind","Renewable Forecast Actual Generation","RENEW_FCST_ACT_MW",3,1,289.54994,"ACTUAL",2
"39","2019-03-31",3,0,"2019-03-31T09:00:00-00:00","2019-03-31T10:00:00-00:00","NP15","Wind","Renewable Forecast Actual Generation","RENEW_FCST_ACT_MW",3,1,263.78501,"ACTUAL",2
"40","2019-03-31",2,0,"2019-03-31T08:00:00-00:00","2019-03-31T09:00:00-00:00","NP15","Wind","Renewable Forecast Actual Generation","RENEW_FCST_ACT_MW",3,1,273.53742,"ACTUAL",2
"41","2019-03-31",24,0,"2019-04-01T06:00:00-00:00","2019-04-01T07:00:00-00:00","NP15","Wind","Renewable Forecast Actual Generation","RENEW_FCST_ACT_MW",3,1,216.02043,"ACTUAL",2
"42","2019-03-31",23,0,"2019-04-01T05:00:00-00:00","2019-04-01T06:00:00-00:00","NP15","Wind","Renewable Forecast Actual Generation","RENEW_FCST_ACT_MW",3,1,295.49732,"ACTUAL",2
"43","2019-03-31",22,0,"2019-04-01T04:00:00-00:00","2019-04-01T05:00:00-00:00","NP15","Wind","Renewable Forecast Actual Generation","RENEW_FCST_ACT_MW",3,1,279.62181,"ACTUAL",2
"44","2019-03-31",21,0,"2019-04-01T03:00:00-00:00","2019-04-01T04:00:00-00:00","NP15","Wind","Renewable Forecast Actual Generation","RENEW_FCST_ACT_MW",3,1,175.57672,"ACTUAL",2
"45","2019-03-31",20,0,"2019-04-01T02:00:00-00:00","2019-04-01T03:00:00-00:00","NP15","Wind","Renewable Forecast Actual Generation","RENEW_FCST_ACT_MW",3,1,87.80668,"ACTUAL",2
"46","2019-03-31",19,0,"2019-04-01T01:00:00-00:00","2019-04-01T02:00:00-00:00","NP15","Wind","Renewable Forecast Actual Generation","RENEW_FCST_ACT_MW",3,1,12.0863,"ACTUAL",2
"47","2019-03-31",6,0,"2019-03-31T12:00:00-00:00","2019-03-31T13:00:00-00:00","SP15","Solar","Renewable Forecast Actual Generation","RENEW_FCST_ACT_MW",3,3,-13.13946,"ACTUAL",3
"48","2019-03-31",18,0,"2019-04-01T00:00:00-00:00","2019-04-01T01:00:00-00:00","SP15","Solar","Renewable Forecast Actual Generation","RENEW_FCST_ACT_MW",3,3,3682.24472,"ACTUAL",3
"49","2019-03-31",5,0,"2019-03-31T11:00:00-00:00","2019-03-31T12:00:00-00:00","SP15","Solar","Renewable Forecast Actual Generation","RENEW_FCST_ACT_MW",3,3,-15.81905,"ACTUAL",3
"50","2019-03-31",11,0,"2019-03-31T17:00:00-00:00","2019-03-31T18:00:00-00:00","SP15","Solar","Renewable Forecast Actual Generation","RENEW_FCST_ACT_MW",3,3,5398.16695,"ACTUAL",3
"51","2019-03-31",4,0,"2019-03-31T10:00:00-00:00","2019-03-31T11:00:00-00:00","SP15","Solar","Renewable Forecast Actual Generation","RENEW_FCST_ACT_MW",3,3,-9.43184,"ACTUAL",3
"52","2019-03-31",15,0,"2019-03-31T21:00:00-00:00","2019-03-31T22:00:00-00:00","SP15","Solar","Renewable Forecast Actual Generation","RENEW_FCST_ACT_MW",3,3,6301.27009,"ACTUAL",3
"53","2019-03-31",3,0,"2019-03-31T09:00:00-00:00","2019-03-31T10:00:00-00:00","SP15","Solar","Renewable Forecast Actual Generation","RENEW_FCST_ACT_MW",3,3,-9.05143,"ACTUAL",3
"54","2019-03-31",10,0,"2019-03-31T16:00:00-00:00","2019-03-31T17:00:00-00:00","SP15","Solar","Renewable Forecast Actual Generation","RENEW_FCST_ACT_MW",3,3,5565.44238,"ACTUAL",3
"55","2019-03-31",2,0,"2019-03-31T08:00:00-00:00","2019-03-31T09:00:00-00:00","SP15","Solar","Renewable Forecast Actual Generation","RENEW_FCST_ACT_MW",3,3,-13.31067,"ACTUAL",3
"56","2019-03-31",13,0,"2019-03-31T19:00:00-00:00","2019-03-31T20:00:00-00:00","SP15","Solar","Renewable Forecast Actual Generation","RENEW_FCST_ACT_MW",3,3,5479.5084,"ACTUAL",3
"57","2019-03-31",24,0,"2019-04-01T06:00:00-00:00","2019-04-01T07:00:00-00:00","SP15","Solar","Renewable Forecast Actual Generation","RENEW_FCST_ACT_MW",3,3,-25.1148,"ACTUAL",3
"58","2019-03-31",9,0,"2019-03-31T15:00:00-00:00","2019-03-31T16:00:00-00:00","SP15","Solar","Renewable Forecast Actual Generation","RENEW_FCST_ACT_MW",3,3,4553.81253,"ACTUAL",3
"59","2019-03-31",23,0,"2019-04-01T05:00:00-00:00","2019-04-01T06:00:00-00:00","SP15","Solar","Renewable Forecast Actual Generation","RENEW_FCST_ACT_MW",3,3,-15.85548,"ACTUAL",3
"60","2019-03-31",16,0,"2019-03-31T22:00:00-00:00","2019-03-31T23:00:00-00:00","SP15","Solar","Renewable Forecast Actual Generation","RENEW_FCST_ACT_MW",3,3,6444.4516,"ACTUAL",3
"61","2019-03-31",22,0,"2019-04-01T04:00:00-00:00","2019-04-01T05:00:00-00:00","SP15","Solar","Renewable Forecast Actual Generation","RENEW_FCST_ACT_MW",3,3,-20.91286,"ACTUAL",3
"62","2019-03-31",8,0,"2019-03-31T14:00:00-00:00","2019-03-31T15:00:00-00:00","SP15","Solar","Renewable Forecast Actual Generation","RENEW_FCST_ACT_MW",3,3,1829.07849,"ACTUAL",3
"63","2019-03-31",21,0,"2019-04-01T03:00:00-00:00","2019-04-01T04:00:00-00:00","SP15","Solar","Renewable Forecast Actual Generation","RENEW_FCST_ACT_MW",3,3,-23.06474,"ACTUAL",3
"64","2019-03-31",12,0,"2019-03-31T18:00:00-00:00","2019-03-31T19:00:00-00:00","SP15","Solar","Renewable Forecast Actual Generation","RENEW_FCST_ACT_MW",3,3,5110.50677,"ACTUAL",3
"65","2019-03-31",20,0,"2019-04-01T02:00:00-00:00","2019-04-01T03:00:00-00:00","SP15","Solar","Renewable Forecast Actual Generation","RENEW_FCST_ACT_MW",3,3,-4.2145,"ACTUAL",3
"66","2019-03-31",7,0,"2019-03-31T13:00:00-00:00","2019-03-31T14:00:00-00:00","SP15","Solar","Renewable Forecast Actual Generation","RENEW_FCST_ACT_MW",3,3,41.34146,"ACTUAL",3
"67","2019-03-31",19,0,"2019-04-01T01:00:00-00:00","2019-04-01T02:00:00-00:00","SP15","Solar","Renewable Forecast Actual Generation","RENEW_FCST_ACT_MW",3,3,878.49781,"ACTUAL",3
"68","2019-03-31",14,0,"2019-03-31T20:00:00-00:00","2019-03-31T21:00:00-00:00","SP15","Solar","Renewable Forecast Actual Generation","RENEW_FCST_ACT_MW",3,3,5644.03041,"ACTUAL",3
"69","2019-03-31",17,0,"2019-03-31T23:00:00-00:00","2019-04-01T00:00:00-00:00","SP15","Solar","Renewable Forecast Actual Generation","RENEW_FCST_ACT_MW",3,3,5928.70908,"ACTUAL",3
"70","2019-03-31",18,0,"2019-04-01T00:00:00-00:00","2019-04-01T01:00:00-00:00","SP15","Wind","Renewable Forecast Actual Generation","RENEW_FCST_ACT_MW",3,1,118.21364,"ACTUAL",4
"71","2019-03-31",19,0,"2019-04-01T01:00:00-00:00","2019-04-01T02:00:00-00:00","SP15","Wind","Renewable Forecast Actual Generation","RENEW_FCST_ACT_MW",3,1,155.22137,"ACTUAL",4
"72","2019-03-31",20,0,"2019-04-01T02:00:00-00:00","2019-04-01T03:00:00-00:00","SP15","Wind","Renewable Forecast Actual Generation","RENEW_FCST_ACT_MW",3,1,367.39903,"ACTUAL",4
"73","2019-03-31",21,0,"2019-04-01T03:00:00-00:00","2019-04-01T04:00:00-00:00","SP15","Wind","Renewable Forecast Actual Generation","RENEW_FCST_ACT_MW",3,1,606.69088,"ACTUAL",4
"74","2019-03-31",22,0,"2019-04-01T04:00:00-00:00","2019-04-01T05:00:00-00:00","SP15","Wind","Renewable Forecast Actual Generation","RENEW_FCST_ACT_MW",3,1,511.4068,"ACTUAL",4
"75","2019-03-31",23,0,"2019-04-01T05:00:00-00:00","2019-04-01T06:00:00-00:00","SP15","Wind","Renewable Forecast Actual Generation","RENEW_FCST_ACT_MW",3,1,311.49385,"ACTUAL",4
"76","2019-03-31",24,0,"2019-04-01T06:00:00-00:00","2019-04-01T07:00:00-00:00","SP15","Wind","Renewable Forecast Actual Generation","RENEW_FCST_ACT_MW",3,1,180.17482,"ACTUAL",4
"77","2019-03-31",2,0,"2019-03-31T08:00:00-00:00","2019-03-31T09:00:00-00:00","SP15","Wind","Renewable Forecast Actual Generation","RENEW_FCST_ACT_MW",3,1,363.24925,"ACTUAL",4
"78","2019-03-31",3,0,"2019-03-31T09:00:00-00:00","2019-03-31T10:00:00-00:00","SP15","Wind","Renewable Forecast Actual Generation","RENEW_FCST_ACT_MW",3,1,495.77836,"ACTUAL",4
"79","2019-03-31",4,0,"2019-03-31T10:00:00-00:00","2019-03-31T11:00:00-00:00","SP15","Wind","Renewable Forecast Actual Generation","RENEW_FCST_ACT_MW",3,1,393.73674,"ACTUAL",4
"80","2019-03-31",5,0,"2019-03-31T11:00:00-00:00","2019-03-31T12:00:00-00:00","SP15","Wind","Renewable Forecast Actual Generation","RENEW_FCST_ACT_MW",3,1,311.49401,"ACTUAL",4
"81","2019-03-31",6,0,"2019-03-31T12:00:00-00:00","2019-03-31T13:00:00-00:00","SP15","Wind","Renewable Forecast Actual Generation","RENEW_FCST_ACT_MW",3,1,271.92042,"ACTUAL",4
"82","2019-03-31",7,0,"2019-03-31T13:00:00-00:00","2019-03-31T14:00:00-00:00","SP15","Wind","Renewable Forecast Actual Generation","RENEW_FCST_ACT_MW",3,1,189.44456,"ACTUAL",4
"83","2019-03-31",8,0,"2019-03-31T14:00:00-00:00","2019-03-31T15:00:00-00:00","SP15","Wind","Renewable Forecast Actual Generation","RENEW_FCST_ACT_MW",3,1,195.36855,"ACTUAL",4
"84","2019-03-31",9,0,"2019-03-31T15:00:00-00:00","2019-03-31T16:00:00-00:00","SP15","Wind","Renewable Forecast Actual Generation","RENEW_FCST_ACT_MW",3,1,266.22631,"ACTUAL",4
"85","2019-03-31",10,0,"2019-03-31T16:00:00-00:00","2019-03-31T17:00:00-00:00","SP15","Wind","Renewable Forecast Actual Generation","RENEW_FCST_ACT_MW",3,1,427.76629,"ACTUAL",4
"86","2019-03-31",11,0,"2019-03-31T17:00:00-00:00","2019-03-31T18:00:00-00:00","SP15","Wind","Renewable Forecast Actual Generation","RENEW_FCST_ACT_MW",3,1,583.13203,"ACTUAL",4
"87","2019-03-31",12,0,"2019-03-31T18:00:00-00:00","2019-03-31T19:00:00-00:00","SP15","Wind","Renewable Forecast Actual Generation","RENEW_FCST_ACT_MW",3,1,485.26797,"ACTUAL",4
"88","2019-03-31",13,0,"2019-03-31T19:00:00-00:00","2019-03-31T20:00:00-00:00","SP15","Wind","Renewable Forecast Actual Generation","RENEW_FCST_ACT_MW",3,1,307.02427,"ACTUAL",4
"89","2019-03-31",14,0,"2019-03-31T20:00:00-00:00","2019-03-31T21:00:00-00:00","SP15","Wind","Renewable Forecast Actual Generation","RENEW_FCST_ACT_MW",3,1,262.04751,"ACTUAL",4
"90","2019-03-31",15,0,"2019-03-31T21:00:00-00:00","2019-03-31T22:00:00-00:00","SP15","Wind","Renewable Forecast Actual Generation","RENEW_FCST_ACT_MW",3,1,211.09588,"ACTUAL",4
"91","2019-03-31",16,0,"2019-03-31T22:00:00-00:00","2019-03-31T23:00:00-00:00","SP15","Wind","Renewable Forecast Actual Generation","RENEW_FCST_ACT_MW",3,1,165.13575,"ACTUAL",4
"92","2019-03-31",17,0,"2019-03-31T23:00:00-00:00","2019-04-01T00:00:00-00:00","SP15","Wind","Renewable Forecast Actual Generation","RENEW_FCST_ACT_MW",3,1,122.95902,"ACTUAL",4
"93","2019-03-31",18,0,"2019-04-01T00:00:00-00:00","2019-04-01T01:00:00-00:00","ZP26","Solar","Renewable Forecast Actual Generation","RENEW_FCST_ACT_MW",3,3,778.75507,"ACTUAL",5
"94","2019-03-31",17,0,"2019-03-31T23:00:00-00:00","2019-04-01T00:00:00-00:00","ZP26","Solar","Renewable Forecast Actual Generation","RENEW_FCST_ACT_MW",3,3,1235.95115,"ACTUAL",5
"95","2019-03-31",20,0,"2019-04-01T02:00:00-00:00","2019-04-01T03:00:00-00:00","ZP26","Solar","Renewable Forecast Actual Generation","RENEW_FCST_ACT_MW",3,3,-0.48253,"ACTUAL",5
"96","2019-03-31",21,0,"2019-04-01T03:00:00-00:00","2019-04-01T04:00:00-00:00","ZP26","Solar","Renewable Forecast Actual Generation","RENEW_FCST_ACT_MW",3,3,-3.64081,"ACTUAL",5
"97","2019-03-31",22,0,"2019-04-01T04:00:00-00:00","2019-04-01T05:00:00-00:00","ZP26","Solar","Renewable Forecast Actual Generation","RENEW_FCST_ACT_MW",3,3,-3.62667,"ACTUAL",5
"98","2019-03-31",23,0,"2019-04-01T05:00:00-00:00","2019-04-01T06:00:00-00:00","ZP26","Solar","Renewable Forecast Actual Generation","RENEW_FCST_ACT_MW",3,3,-3.6242,"ACTUAL",5
"99","2019-03-31",24,0,"2019-04-01T06:00:00-00:00","2019-04-01T07:00:00-00:00","ZP26","Solar","Renewable Forecast Actual Generation","RENEW_FCST_ACT_MW",3,3,-3.62926,"ACTUAL",5
"100","2019-03-31",2,0,"2019-03-31T08:00:00-00:00","2019-03-31T09:00:00-00:00","ZP26","Solar","Renewable Forecast Actual Generation","RENEW_FCST_ACT_MW",3,3,-3.70631,"ACTUAL",5
"101","2019-03-31",3,0,"2019-03-31T09:00:00-00:00","2019-03-31T10:00:00-00:00","ZP26","Solar","Renewable Forecast Actual Generation","RENEW_FCST_ACT_MW",3,3,-3.72122,"ACTUAL",5
"102","2019-03-31",4,0,"2019-03-31T10:00:00-00:00","2019-03-31T11:00:00-00:00","ZP26","Solar","Renewable Forecast Actual Generation","RENEW_FCST_ACT_MW",3,3,-3.63699,"ACTUAL",5
"103","2019-03-31",5,0,"2019-03-31T11:00:00-00:00","2019-03-31T12:00:00-00:00","ZP26","Solar","Renewable Forecast Actual Generation","RENEW_FCST_ACT_MW",3,3,-4.01479,"ACTUAL",5
"104","2019-03-31",6,0,"2019-03-31T12:00:00-00:00","2019-03-31T13:00:00-00:00","ZP26","Solar","Renewable Forecast Actual Generation","RENEW_FCST_ACT_MW",3,3,-4.00291,"ACTUAL",5
"105","2019-03-31",7,0,"2019-03-31T13:00:00-00:00","2019-03-31T14:00:00-00:00","ZP26","Solar","Renewable Forecast Actual Generation","RENEW_FCST_ACT_MW",3,3,-2.80879,"ACTUAL",5
"106","2019-03-31",8,0,"2019-03-31T14:00:00-00:00","2019-03-31T15:00:00-00:00","ZP26","Solar","Renewable Forecast Actual Generation","RENEW_FCST_ACT_MW",3,3,250.76386,"ACTUAL",5
"107","2019-03-31",9,0,"2019-03-31T15:00:00-00:00","2019-03-31T16:00:00-00:00","ZP26","Solar","Renewable Forecast Actual Generation","RENEW_FCST_ACT_MW",3,3,892.61304,"ACTUAL",5
"108","2019-03-31",10,0,"2019-03-31T16:00:00-00:00","2019-03-31T17:00:00-00:00","ZP26","Solar","Renewable Forecast Actual Generation","RENEW_FCST_ACT_MW",3,3,1224.16,"ACTUAL",5
"109","2019-03-31",11,0,"2019-03-31T17:00:00-00:00","2019-03-31T18:00:00-00:00","ZP26","Solar","Renewable Forecast Actual Generation","RENEW_FCST_ACT_MW",3,3,1335.86178,"ACTUAL",5
"110","2019-03-31",12,0,"2019-03-31T18:00:00-00:00","2019-03-31T19:00:00-00:00","ZP26","Solar","Renewable Forecast Actual Generation","RENEW_FCST_ACT_MW",3,3,1387.12374,"ACTUAL",5
"111","2019-03-31",13,0,"2019-03-31T19:00:00-00:00","2019-03-31T20:00:00-00:00","ZP26","Solar","Renewable Forecast Actual Generation","RENEW_FCST_ACT_MW",3,3,1387.27699,"ACTUAL",5
"112","2019-03-31",14,0,"2019-03-31T20:00:00-00:00","2019-03-31T21:00:00-00:00","ZP26","Solar","Renewable Forecast Actual Generation","RENEW_FCST_ACT_MW",3,3,1391.36589,"ACTUAL",5
"113","2019-03-31",15,0,"2019-03-31T21:00:00-00:00","2019-03-31T22:00:00-00:00","ZP26","Solar","Renewable Forecast Actual Generation","RENEW_FCST_ACT_MW",3,3,1439.18693,"ACTUAL",5
"114","2019-03-31",16,0,"2019-03-31T22:00:00-00:00","2019-03-31T23:00:00-00:00","ZP26","Solar","Renewable Forecast Actual Generation","RENEW_FCST_ACT_MW",3,3,1389.47417,"ACTUAL",5
"115","2019-03-31",19,0,"2019-04-01T01:00:00-00:00","2019-04-01T02:00:00-00:00","ZP26","Solar","Renewable Forecast Actual Generation","RENEW_FCST_ACT_MW",3,3,219.16358,"ACTUAL",5
"116","2019-04-01",1,0,"2019-04-01T07:00:00-00:00","2019-04-01T08:00:00-00:00","NP15","Solar","Renewable Forecast Actual Generation","RENEW_FCST_ACT_MW",3,3,0.048,"ACTUAL",6
"117","2019-04-01",1,0,"2019-04-01T07:00:00-00:00","2019-04-01T08:00:00-00:00","NP15","Wind","Renewable Forecast Actual Generation","RENEW_FCST_ACT_MW",3,1,144.24234,"ACTUAL",7
"118","2019-04-01",1,0,"2019-04-01T07:00:00-00:00","2019-04-01T08:00:00-00:00","SP15","Solar","Renewable Forecast Actual Generation","RENEW_FCST_ACT_MW",3,3,-15.5373,"ACTUAL",8
"119","2019-04-01",1,0,"2019-04-01T07:00:00-00:00","2019-04-01T08:00:00-00:00","SP15","Wind","Renewable Forecast Actual Generation","RENEW_FCST_ACT_MW",3,1,130.64717,"ACTUAL",9
"120","2019-04-01",1,0,"2019-04-01T07:00:00-00:00","2019-04-01T08:00:00-00:00","ZP26","Solar","Renewable Forecast Actual Generation","RENEW_FCST_ACT_MW",3,3,-3.62896,"ACTUAL",10
