name,PlantType,maxcap,mincap,opcost,minup,ramp,st_cost,var_om,fix_om,regcost,
50066_G_UNT1,Geothermal,50,20,0.00120497,2,17.1,1276.122721,0,100000,0.000120497,
52158_G_GEN2,Geothermal,9,3.6,0.002120365,2,3.078,229.7020898,0,100000,0.000212036,
10632_G_GEN1,Geothermal,42,16.8,0.004562822,2,14.364,1071.943086,0,100000,0.000456282,
10875_G_GEN7,Geothermal,21.8,8.72,0.005656124,2,7.4556,556.3895064,0,100000,0.000565612,
54111_G_GEN3,Geothermal,3,1.2,0.006327868,2,1.026,76.56736327,0,100000,0.000632787,
286_G_U11,Geothermal,68,27.2,0.007008192,2,23.256,1735.526901,0,100000,0.000700819,
10879_G_GEN1,Geothermal,10,4,0.007991264,2,3.42,255.2245442,0,100000,0.000799126,
286_G_U16,Geothermal,60,24,0.008519147,2,20.52,1531.347265,0,100000,0.000851915,
50210_G_GEN1,Geothermal,23.5,9.4,0.009876636,2,8.037,599.777679,0,100000,0.000987664,
286_G_U8,Geothermal,40,16,0.009920482,2,13.68,1020.898177,0,100000,0.000992048,
10874_G_GEN6,Geothermal,26.9,10.76,0.012187932,2,9.1998,686.554024,0,100000,0.001218793,
286_G_U12,Geothermal,51,20.4,0.014377401,2,17.442,1301.645176,0,100000,0.00143774,
10873_G_GEN3,Geothermal,26.7,10.68,0.014553161,2,9.1314,681.4495331,0,100000,0.001455316,
54724_G_OEC22,Geothermal,8.5,3.4,0.014714217,2,2.907,216.9408626,0,100000,0.001471422,
10873_G_GEN1,Geothermal,27.5,11,0.01582201,2,9.405,701.8674967,0,100000,0.001582201,
50210_G_GEN2,Geothermal,6,2.4,0.016195995,2,2.052,153.1347265,0,100000,0.0016196,
54111_G_GE13,Geothermal,2,0.8,0.016235798,2,0.684,51.04490885,0,100000,0.00162358,
286_G_U14,Geothermal,60,24,0.016408312,2,20.52,1531.347265,0,100000,0.001640831,
286_G_U5,Geothermal,45,18,0.016552787,2,15.39,1148.510449,0,100000,0.001655279,
54111_G_GEN7,Geothermal,3.8,1.52,0.017335918,2,1.2996,96.98532681,0,100000,0.001733592,
286_G_U17,Geothermal,60,24,0.017516006,2,20.52,1531.347265,0,100000,0.001751601,
54689_G_2,Geothermal,5,2,0.01798612,2,1.71,127.6122721,0,100000,0.001798612,
10875_G_GEN8,Geothermal,22.5,9,0.018056738,2,7.695,574.2552245,0,100000,0.001805674,
56832_G_GE3,Geothermal,16,6.4,0.01891001,2,5.472,408.3592708,0,100000,0.001891001,
286_G_U13,Geothermal,65,26,0.019119509,2,22.23,1658.959538,0,100000,0.001911951,
54111_G_GEN6,Geothermal,3,1.2,0.019329408,2,1.026,76.56736327,0,100000,0.001932941,
54111_G_GE12,Geothermal,3.8,1.52,0.019342775,2,1.2996,96.98532681,0,100000,0.001934278,
57475_G_HRP1,Geothermal,49.9,19.96,0.019606322,2,17.0658,1273.570476,0,100000,0.001960632,
50964_G_IND,Geothermal,1.1,0.44,0.019871337,2,0.3762,28.07469987,0,100000,0.001987134,
10763_G_GBU,Geothermal,3.2,1.28,0.021047651,2,1.0944,81.67185416,0,100000,0.002104765,
10634_G_GEN1,Geothermal,42,16.8,0.02164916,2,14.364,1071.943086,0,100000,0.002164916,
10481_G_3,Geothermal,3,1.2,0.021848345,2,1.026,76.56736327,0,100000,0.002184834,
510_G_1,Geothermal,50,20,0.022244762,2,17.1,1276.122721,0,100000,0.002224476,
54111_G_GEN9,Geothermal,3.8,1.52,0.022252079,2,1.2996,96.98532681,0,100000,0.002225208,
50964_G_SYN,Geothermal,1.1,0.44,0.022467065,2,0.3762,28.07469987,0,100000,0.002246706,
10763_G_GEN1,Geothermal,13.5,5.4,0.024380306,2,4.617,344.5531347,0,100000,0.002438031,
50766_G_OE32,Geothermal,0.7,0.28,0.025102662,2,0.2394,17.8657181,0,100000,0.002510266,
55984_G_TG21,Geothermal,10.9,4.36,0.026190104,2,3.7278,278.1947532,0,100000,0.00261901,
10480_G_GEN2,Geothermal,3.2,1.28,0.026195631,2,1.0944,81.67185416,0,100000,0.002619563,
54111_G_GEN5,Geothermal,3,1.2,0.027480523,2,1.026,76.56736327,0,100000,0.002748052,
54996_G_4100,Geothermal,44,17.6,0.027667865,2,15.048,1122.987995,0,100000,0.002766787,
10479_G_T102,Geothermal,4,1.6,0.027876423,2,1.368,102.0898177,0,100000,0.002787642,
56832_G_GE1,Geothermal,16,6.4,0.029262778,2,5.472,408.3592708,0,100000,0.002926278,
56832_G_GE4,Geothermal,16,6.4,0.029488194,2,5.472,408.3592708,0,100000,0.002948819,
7368_G_2,Geothermal,27,10.8,0.030238878,2,9.234,689.1062695,0,100000,0.003023888,
10878_G_EE11,Geothermal,10,4,0.030263493,2,3.42,255.2245442,0,100000,0.003026349,
10879_G_GEN2,Geothermal,4,1.6,0.03042467,2,1.368,102.0898177,0,100000,0.003042467,
10874_G_GEN5,Geothermal,23.4,9.36,0.030722405,2,8.0028,597.2254335,0,100000,0.003072241,
10480_G_GEN1,Geothermal,3.2,1.28,0.03094684,2,1.0944,81.67185416,0,100000,0.003094684,
10481_G_2,Geothermal,3,1.2,0.031329868,2,1.026,76.56736327,0,100000,0.003132987,
54111_G_GEN1,Geothermal,3,1.2,0.032268988,2,1.026,76.56736327,0,100000,0.003226899,
50766_G_OE31,Geothermal,0.7,0.28,0.032844063,2,0.2394,17.8657181,0,100000,0.003284406,
10479_G_T101,Geothermal,4,1.6,0.033609502,2,1.368,102.0898177,0,100000,0.00336095,
10873_G_GEN2,Geothermal,27,10.8,0.034050378,2,9.234,689.1062695,0,100000,0.003405038,
10759_G_GEN1,Geothermal,47.5,19,0.034622199,2,16.245,1212.316585,0,100000,0.00346222,
56832_G_GE2,Geothermal,16,6.4,0.035031397,2,5.472,408.3592708,0,100000,0.00350314,
54111_G_GEN2,Geothermal,3,1.2,0.0353027,2,1.026,76.56736327,0,100000,0.00353027,
286_G_U18,Geothermal,60,24,0.035412203,2,20.52,1531.347265,0,100000,0.00354122,
286_G_U20,Geothermal,50,20,0.03547429,2,17.1,1276.122721,0,100000,0.003547429,
902_G_1,Geothermal,10,4,0.036892571,2,3.42,255.2245442,0,100000,0.003689257,
7369_G_3,Geothermal,30.1,12.04,0.037748202,2,10.2942,768.2258782,0,100000,0.00377482,
54111_G_GEN4,Geothermal,3,1.2,0.037752935,2,1.026,76.56736327,0,100000,0.003775294,
55983_G_TG51,Geothermal,46,18.4,0.038383433,2,15.732,1174.032904,0,100000,0.003838343,
10875_G_GEN9,Geothermal,23.5,9.4,0.038720682,2,8.037,599.777679,0,100000,0.003872068,
7369_G_4,Geothermal,48,19.2,0.03897831,2,16.416,1225.077812,0,100000,0.003897831,
10631_G_GEN1,Geothermal,42,16.8,0.0393002,2,14.364,1071.943086,0,100000,0.00393002,
54111_G_GEN14,Geothermal,12,4.8,0.039539037,2,4.104,306.2694531,0,100000,0.003953904,
54111_G_GE10,Geothermal,3.8,1.52,0.040343945,2,1.2996,96.98532681,0,100000,0.004034395,
7368_G_1,Geothermal,27,10.8,0.04150904,2,9.234,689.1062695,0,100000,0.004150904,
10479_G_T103,Geothermal,4,1.6,0.041554241,2,1.368,102.0898177,0,100000,0.004155424,
10874_G_GEN4,Geothermal,30,12,0.041957832,2,10.26,765.6736327,0,100000,0.004195783,
54724_G_OEC21,Geothermal,11.5,4.6,0.042782916,2,3.933,293.5082259,0,100000,0.004278292,
54689_G_1,Geothermal,38,15.2,0.042826068,2,12.996,969.8532681,0,100000,0.004282607,
10879_G_GEN3,Geothermal,2.1,0.84,0.044019564,2,0.7182,53.59715429,0,100000,0.004401956,
10481_G_1,Geothermal,3,1.2,0.045289777,2,1.026,76.56736327,0,100000,0.004528978,
52158_G_GEN1,Geothermal,9,3.6,0.045569253,2,3.078,229.7020898,0,100000,0.004556925,
54038_G_GEN1,Geothermal,13.5,5.4,0.045919291,2,4.617,344.5531347,0,100000,0.004591929,
286_G_U6,Geothermal,45,18,0.046163941,2,15.39,1148.510449,0,100000,0.004616394,
50766_G_ITLU1,Geothermal,11.5,4.6,0.046227709,2,3.933,293.5082259,0,100000,0.004622771,
54111_G_GE11,Geothermal,3.8,1.52,0.046732398,2,1.2996,96.98532681,0,100000,0.00467324,
286_G_U7,Geothermal,40,16,0.047422015,2,13.68,1020.898177,0,100000,0.004742201,
50766_G_ITLU2,Geothermal,8.5,3.4,0.047658369,2,2.907,216.9408626,0,100000,0.004765837,
54111_G_GEN8,Geothermal,3.8,1.52,0.047998526,2,1.2996,96.98532681,0,100000,0.004799853,
54689_G_3,Geothermal,2.5,1,0.048816435,2,0.855,63.80613606,0,100000,0.004881644,
50066_G_UNT2,Geothermal,50,20,0.049599065,2,17.1,1276.122721,0,100000,0.004959906,
50388_B_K1,Coal Steam,8.5,3.4,20.84548625,6,2.975,867.7634504,4.47,37800,2.084548625,
50388_B_K2,Coal Steam,8.5,3.4,20.86717861,6,2.975,867.7634504,4.47,37800,2.086717861,
55084_G_GE1,Combined Cycle,247.4,98.96,22.96297771,4,78.6732,25257.0209,3.6,13170,2.296297771,
55217_G_CTG2,Combined Cycle,165,66,25.43260969,4,52.47,16844.81992,3.6,13170,2.543260969,
55217_G_CTG1,Combined Cycle,165,66,25.44991511,4,52.47,16844.81992,3.6,13170,2.544991511,
55217_G_STG3,Combined Cycle,237,94.8,25.47072506,4,75.366,24195.28679,3.6,13170,2.547072506,
55970_G_3,Combined Cycle,166,66.4,26.59917507,4,52.788,16946.90974,3.6,13170,2.659917507,
55970_G_1,Combined Cycle,171,68.4,26.60619383,4,54.378,17457.35883,3.6,13170,2.660619383,
404_G_5,Combined Cycle,102,40.8,26.60666583,4,32.436,10413.16141,3.6,13170,2.660666583,
55985_G_CTG1,Combined Cycle,170,68,26.6146484,4,54.06,17355.26901,3.6,13170,2.66146484,
422_G_GT5,Combined Cycle,68,27.2,26.61528118,4,43.452,6942.107603,3.6,13170,2.661528118,
55970_G_2,Combined Cycle,166,66.4,26.61893967,4,52.788,16946.90974,3.6,13170,2.661893967,
404_G_4,Combined Cycle,204,81.6,26.61994205,4,64.872,20826.32281,3.6,13170,2.661994205,
422_G_ST1,Combined Cycle,16,6.4,26.62498537,4,10.224,1633.437083,3.6,13170,2.662498537,
55985_G_CTG2,Combined Cycle,170,68,26.62819249,4,54.06,17355.26901,3.6,13170,2.662819249,
57978_G_ST1,Combined Cycle,95,38,26.6318272,4,60.705,9698.532681,3.6,13170,2.66318272,
55985_G_STG,Combined Cycle,222,88.8,26.63336136,4,70.596,22663.93953,3.6,13170,2.663336136,
55656_G_ST03,Combined Cycle,174,69.6,26.63746403,4,55.332,17763.62828,3.6,13170,2.663746403,
55656_G_ST05,Combined Cycle,87,34.8,26.63787216,4,55.593,8881.81414,3.6,13170,2.663787216,
57978_G_CT1,Combined Cycle,162,64.8,26.64262305,4,51.516,16538.55047,3.6,13170,2.664262305,
55656_G_CT04,Combined Cycle,156,62.4,26.67181648,4,49.608,15926.01156,3.6,13170,2.667181648,
55656_G_CT02,Combined Cycle,173,69.2,26.68045832,4,55.014,17661.53846,3.6,13170,2.668045832,
55656_G_CT01,Combined Cycle,175,70,26.68312165,4,55.65,17865.7181,3.6,13170,2.668312165,
56046_G_2,Combined Cycle,140,56,26.82221947,4,44.52,14292.57448,3.6,13170,2.682221947,
56467_G_STG1,Combined Cycle,245,98,26.82703266,4,77.91,25012.00534,3.6,13170,2.682703266,
55400_G_CTG1,Combined Cycle,156,62.4,26.84378519,4,49.608,15926.01156,3.6,13170,2.684378519,
56046_G_1,Combined Cycle,161,64.4,26.84650305,4,51.198,16436.46065,3.6,13170,2.684650305,
55400_G_CTG2,Combined Cycle,156,62.4,26.85180649,4,49.608,15926.01156,3.6,13170,2.685180649,
56467_G_CTG2,Combined Cycle,185,74,26.85364049,4,58.83,18886.61627,3.6,13170,2.685364049,
56467_G_CTG1,Combined Cycle,185,74,26.85452645,4,58.83,18886.61627,3.6,13170,2.685452645,
55400_G_STG,Combined Cycle,213,85.2,26.85734517,4,67.734,21745.13117,3.6,13170,2.685734517,
50850_G_GEN1,Combined Cycle,22.5,9,26.86954287,4,14.3775,2297.020898,3.6,13170,2.686954287,
50850_G_GEN2,Combined Cycle,6.5,2.6,26.87701776,4,4.1535,663.583815,3.6,13170,2.687701776,
56476_G_C,Combined Cycle,209.4,83.76,26.88752807,4,66.5892,21377.60783,3.6,13170,2.688752807,
56532_G_C,Combined Cycle,306,122.4,26.8906469,4,97.308,31239.48422,3.6,13170,2.68906469,
56532_G_A,Combined Cycle,167,66.8,26.89122255,4,53.106,17048.99956,3.6,13170,2.689122255,
56532_G_B,Combined Cycle,167,66.8,26.89700268,4,53.106,17048.99956,3.6,13170,2.689700268,
56476_G_B,Combined Cycle,177,70.8,26.90763303,4,56.286,18069.89773,3.6,13170,2.690763303,
56476_G_A,Combined Cycle,177,70.8,26.90788084,4,56.286,18069.89773,3.6,13170,2.690788084,
260_G_CT1A,Combined Cycle,165,66,26.99793266,4,52.47,16844.81992,3.6,13170,2.699793266,
55393_G_STG1,Combined Cycle,202.1,80.84,26.99869082,4,64.2678,20632.35216,3.6,13170,2.699869082,
55393_G_CTG2,Combined Cycle,172,68.8,27.00222326,4,54.696,17559.44864,3.6,13170,2.700222326,
260_G_ST1,Combined Cycle,180,72,27.00584998,4,57.24,18376.16719,3.6,13170,2.700584998,
55393_G_CTG1,Combined Cycle,172,68.8,27.01770461,4,54.696,17559.44864,3.6,13170,2.701770461,
260_G_CT1B,Combined Cycle,165,66,27.0234902,4,52.47,16844.81992,3.6,13170,2.70234902,
260_G_CT2A,Combined Cycle,165,66,27.02880279,4,52.47,16844.81992,3.6,13170,2.702880279,
260_G_ST2,Combined Cycle,180,72,27.03379465,4,57.24,18376.16719,3.6,13170,2.703379465,
260_G_CT2B,Combined Cycle,165,66,27.0477399,4,52.47,16844.81992,3.6,13170,2.70477399,
55151_G_GEN2,Combined Cycle,241.6,96.64,27.08506875,4,76.8288,24664.89996,3.6,13170,2.708506875,
55151_G_GEN4,Combined Cycle,242.7,97.08,27.09830506,4,77.1786,24777.19876,3.6,13170,2.709830506,
55151_G_GEN1,Combined Cycle,243.7,97.48,27.14581479,4,77.4966,24879.28857,3.6,13170,2.714581479,
55182_G_STG,Combined Cycle,245,98,27.18337321,4,77.91,25012.00534,3.6,13170,2.718337321,
55182_G_X718,Combined Cycle,150,60,27.18480503,4,47.7,15313.47265,3.6,13170,2.718480503,
55151_G_GEN3,Combined Cycle,237.4,94.96,27.19196536,4,75.4932,24236.12272,3.6,13170,2.719196536,
55182_G_X719,Combined Cycle,150,60,27.22836982,4,47.7,15313.47265,3.6,13170,2.722836982,
55518_G_CTG1,Combined Cycle,167.3,66.92,27.24022538,4,53.2014,17079.6265,3.6,13170,2.724022538,
400_G_9,Combined Cycle,157.5,63,27.24068691,4,50.085,16079.14629,3.6,13170,2.724068691,
55518_G_CTG3,Combined Cycle,167.5,67,27.24165641,4,53.265,17100.04446,3.6,13170,2.724165641,
400_G_8,Combined Cycle,235,94,27.24355466,4,74.73,23991.10716,3.6,13170,2.724355466,
400_G_10,Combined Cycle,157.5,63,27.26170238,4,50.085,16079.14629,3.6,13170,2.726170238,
55518_G_CTG2,Combined Cycle,167.7,67.08,27.26235795,4,53.3286,17120.46243,3.6,13170,2.726235795,
55518_G_STG1,Combined Cycle,304.8,121.92,27.2663856,4,96.9264,31116.97643,3.6,13170,2.72663856,
55345_G_1-02,Combined Cycle,152.8,61.12,27.36280483,4,48.5904,15599.32414,3.6,13170,2.736280483,
55345_G_1-03,Combined Cycle,265.4,106.16,27.39531495,4,84.3972,27094.63762,3.6,13170,2.739531495,
55345_G_1-01,Combined Cycle,152.8,61.12,27.39587374,4,48.5904,15599.32414,3.6,13170,2.739587374,
55295_G_CT2,Combined Cycle,156.5,62.6,27.45620326,4,49.767,15977.05647,3.6,13170,2.745620326,
55295_G_CT1,Combined Cycle,156.5,62.6,27.47726988,4,49.767,15977.05647,3.6,13170,2.747726988,
55295_G_ST1,Combined Cycle,201,80.4,27.47923736,4,63.918,20520.05336,3.6,13170,2.747923736,
408_G_7,Combined Cycle,156,62.4,27.71301055,4,49.608,15926.01156,3.6,13170,2.771301055,
408_G_6,Combined Cycle,156,62.4,27.72804543,4,49.608,15926.01156,3.6,13170,2.772804543,
408_G_8,Combined Cycle,201,80.4,27.75102419,4,63.918,20520.05336,3.6,13170,2.775102419,
55333_G_CTG1,Combined Cycle,176,70.4,27.82565572,4,55.968,17967.80791,3.6,13170,2.782565572,
55333_G_CTG3,Combined Cycle,165,66,27.83414345,4,52.47,16844.81992,3.6,13170,2.783414345,
55333_G_CTG2,Combined Cycle,165,66,27.84710567,4,52.47,16844.81992,3.6,13170,2.784710567,
55333_G_STG1,Combined Cycle,263.1,105.24,27.85168337,4,83.6658,26859.83104,3.6,13170,2.785168337,
358_G_MV3C,Combined Cycle,188,75.2,28.02161997,4,59.784,19192.88573,3.6,13170,2.802161997,
358_G_MV3A,Combined Cycle,149,59.6,28.02212556,4,47.382,15211.38284,3.6,13170,2.802212556,
358_G_MV4B,Combined Cycle,149,59.6,28.03854136,4,47.382,15211.38284,3.6,13170,2.803854136,
358_G_MV3B,Combined Cycle,149,59.6,28.03898216,4,47.382,15211.38284,3.6,13170,2.803898216,
358_G_MV4C,Combined Cycle,188,75.2,28.0399079,4,59.784,19192.88573,3.6,13170,2.80399079,
358_G_MV4A,Combined Cycle,149,59.6,28.0459908,4,47.382,15211.38284,3.6,13170,2.80459908,
57122_G_CTG1,Combined Cycle,13.5,5.4,28.3512661,4,8.6265,1378.212539,3.6,13170,2.83512661,
10213_G_GEN7,Combined Cycle,40.7,16.28,28.3578271,4,26.0073,4155.05558,3.6,13170,2.83578271,
58198_G_STG1,Combined Cycle,1.8,0.72,28.36133183,4,1.1502,183.7616719,3.6,13170,2.836133183,
52073_G_GEN1,Combined Cycle,12.5,5,28.36382395,4,7.9875,1276.122721,3.6,13170,2.836382395,
58198_G_GTG2,Combined Cycle,5.5,2.2,28.36955645,4,3.5145,561.4939973,3.6,13170,2.836955645,
10213_G_GEN8,Combined Cycle,5.2,2.08,28.36994033,4,3.3228,530.867052,3.6,13170,2.836994033,
52073_G_GEN2,Combined Cycle,12.5,5,28.37385419,4,7.9875,1276.122721,3.6,13170,2.837385419,
52073_G_GEN3,Combined Cycle,11,4.4,28.37832116,4,7.029,1122.987995,3.6,13170,2.837832116,
58198_G_GTG1,Combined Cycle,5.2,2.08,28.38538755,4,3.3228,530.867052,3.6,13170,2.838538755,
57584_G_ST1,Combined Cycle,13.5,5.4,28.38652058,4,8.6265,1378.212539,3.6,13170,2.838652058,
57584_G_STG,Combined Cycle,3,1.2,28.39053198,4,1.917,306.2694531,3.6,13170,2.839053198,
57122_G_STG1,Combined Cycle,5.5,2.2,28.39434278,4,3.5145,561.4939973,3.6,13170,2.839434278,
57584_G_NT2,Combined Cycle,13.5,5.4,28.39519385,4,8.6265,1378.212539,3.6,13170,2.839519385,
56041_G_M1,Combined Cycle,42,16.8,28.64655777,4,26.838,4287.772343,3.6,13170,2.864655777,
56041_G_M3,Combined Cycle,50,20,28.64992791,4,31.95,5104.490885,3.6,13170,2.864992791,
56041_G_M2,Combined Cycle,42,16.8,28.68787907,4,26.838,4287.772343,3.6,13170,2.868787907,
55112_G_CT02,Combined Cycle,175,70,28.78269169,4,55.65,17865.7181,3.6,13170,2.878269169,
55112_G_ST01,Combined Cycle,180,72,28.78487841,4,57.24,18376.16719,3.6,13170,2.878487841,
56298_G_0002,Combined Cycle,38,15.2,28.78764327,4,24.282,3879.413072,3.6,13170,2.878764327,
56298_G_0001,Combined Cycle,38,15.2,28.79343579,4,24.282,3879.413072,3.6,13170,2.879343579,
55112_G_CT01,Combined Cycle,175,70,28.80466415,4,55.65,17865.7181,3.6,13170,2.880466415,
56298_G_0003,Combined Cycle,75,30,28.82234501,4,47.925,7656.736327,3.6,13170,2.882234501,
54749_G_CTG,Combined Cycle,40,16,29.07498981,4,25.56,4083.592708,3.6,13170,2.907498981,
54749_G_STG,Combined Cycle,9.4,3.76,29.08726623,4,6.0066,959.6442863,3.6,13170,2.908726623,
56078_G_3,Combined Cycle,101,40.4,29.1455915,4,32.118,10311.07159,3.6,13170,2.91455915,
56078_G_2,Combined Cycle,84,33.6,29.15422601,4,53.676,8575.544687,3.6,13170,2.915422601,
56078_G_1,Combined Cycle,84,33.6,29.17824364,4,53.676,8575.544687,3.6,13170,2.917824364,
50851_G_GEN2,Combined Cycle,6.8,2.72,29.22319091,4,4.3452,694.2107603,3.6,13170,2.922319091,
50851_G_GEN1,Combined Cycle,21.5,8.6,29.25825638,4,13.7385,2194.93108,3.6,13170,2.925825638,
57564_G_STG2,Combined Cycle,12.5,5,29.28152949,4,7.9875,1276.122721,3.6,13170,2.928152949,
57564_G_CTG,Combined Cycle,49,19.6,29.29859811,4,31.311,5002.401067,3.6,13170,2.929859811,
7552_G_CCCT,Combined Cycle,111,44.4,29.96341355,4,35.298,11331.96976,3.6,13170,2.996341355,
7552_G_CCST,Combined Cycle,53,21.2,29.965329,4,33.867,5410.760338,3.6,13170,2.9965329,
55933_G_TPP1,Combined Cycle,82.1,32.84,30.08349716,4,52.4619,8381.574033,3.6,13170,3.008349716,
55933_G_TCC1,Combined Cycle,156.2,62.48,30.09624971,4,49.6716,15946.42952,3.6,13170,3.009624971,
55933_G_TPP2,Combined Cycle,81.8,32.72,30.1011645,4,52.2702,8350.947088,3.6,13170,3.01011645,
55748_G_CAG5,Combined Cycle,126.1,50.44,30.54773127,4,40.0998,12873.52601,3.6,13170,3.054773127,
55748_G_CTG4,Combined Cycle,45,18,30.57036529,4,28.755,4594.041796,3.6,13170,3.057036529,
55748_G_CTG3,Combined Cycle,45,18,30.57384766,4,28.755,4594.041796,3.6,13170,3.057384766,
55748_G_CTG1,Combined Cycle,45,18,30.57950108,4,28.755,4594.041796,3.6,13170,3.057950108,
55748_G_CTG2,Combined Cycle,45,18,30.58128247,4,28.755,4594.041796,3.6,13170,3.058128247,
57901_G_6,Combined Cycle,60,24,30.63718883,4,38.34,6125.389062,3.6,13170,3.063718883,
57901_G_7,Combined Cycle,195,78,30.65072273,4,62.01,19907.51445,3.6,13170,3.065072273,
57901_G_8,Combined Cycle,60,24,30.65512334,4,38.34,6125.389062,3.6,13170,3.065512334,
57901_G_5,Combined Cycle,195,78,30.66352909,4,62.01,19907.51445,3.6,13170,3.066352909,
10034_G_GEN1,Combined Cycle,85,34,30.92293355,4,54.315,8677.634504,3.6,13170,3.092293355,
10034_G_GEN2,Combined Cycle,30,12,30.93669113,4,19.17,3062.694531,3.6,13170,3.093669113,
7551_G_CCST,Combined Cycle,37.6,15.04,31.03445742,4,24.0264,3838.577145,3.6,13170,3.103445742,
10342_G_TG1,Combined Cycle,35,14,31.048213,4,22.365,3573.143619,3.6,13170,3.1048213,
10342_G_TG2,Combined Cycle,35,14,31.05507101,4,22.365,3573.143619,3.6,13170,3.105507101,
7551_G_CT1A,Combined Cycle,47.6,19.04,31.07193318,4,30.4164,4859.475322,3.6,13170,3.107193318,
7551_G_CT1B,Combined Cycle,47.6,19.04,31.07246142,4,30.4164,4859.475322,3.6,13170,3.107246142,
10342_G_TG3,Combined Cycle,33.5,13.4,31.0900313,4,21.4065,3420.008893,3.6,13170,3.10900313,
10294_G_GTG,Combined Cycle,73,29.2,31.38233223,4,46.647,7452.556692,3.6,13170,3.138233223,
10294_G_STG,Combined Cycle,38,15.2,31.39691599,4,24.282,3879.413072,3.6,13170,3.139691599,
389_G_2,Combined Cycle,31,12.4,31.39795154,4,19.809,3164.784349,3.6,13170,3.139795154,
389_G_32,Combined Cycle,45,18,31.40480722,4,28.755,4594.041796,3.6,13170,3.140480722,
389_G_2A,Combined Cycle,71,28.4,31.40852528,4,45.369,7248.377056,3.6,13170,3.140852528,
389_G_30,Combined Cycle,52,20.8,31.42298841,4,33.228,5308.67052,3.6,13170,3.142298841,
389_G_31,Combined Cycle,45,18,31.43194241,4,28.755,4594.041796,3.6,13170,3.143194241,
10156_G_GEN2,Combined Cycle,6,2.4,31.48626827,4,3.834,612.5389062,3.6,13170,3.148626827,
10156_G_GEN4,Combined Cycle,45,18,31.49544889,4,28.755,4594.041796,3.6,13170,3.149544889,
56026_G_STG,Combined Cycle,54,21.6,31.54126399,4,34.506,5512.850156,3.6,13170,3.154126399,
56026_G_CTG1,Combined Cycle,50,20,31.54605421,4,31.95,5104.490885,3.6,13170,3.154605421,
56026_G_CTG2,Combined Cycle,50,20,31.56712899,4,31.95,5104.490885,3.6,13170,3.156712899,
7307_G_6,Combined Cycle,41,16.4,31.72227372,4,26.199,4185.682526,3.6,13170,3.172227372,
50748_G_GEN2,Combined Cycle,7.3,2.92,31.7250313,4,4.6647,745.2556692,3.6,13170,3.17250313,
50748_G_GEN1,Combined Cycle,24.4,9.76,31.75129036,4,15.5916,2490.991552,3.6,13170,3.175129036,
7307_G_4,Combined Cycle,27,10.8,31.753251,4,17.253,2756.425078,3.6,13170,3.1753251,
7307_G_5,Combined Cycle,41,16.4,31.76558752,4,26.199,4185.682526,3.6,13170,3.176558752,
10213_G_GEN6,Combined Cycle,9.1,3.64,32.06388208,4,5.8149,929.017341,3.6,13170,3.206388208,
10213_G_GEN2,Combined Cycle,38.7,15.48,32.08793115,4,24.7293,3950.875945,3.6,13170,3.208793115,
10213_G_GEN1,Combined Cycle,38.7,15.48,32.0891606,4,24.7293,3950.875945,3.6,13170,3.20891606,
10213_G_GEN5,Combined Cycle,39.2,15.68,32.10226502,4,25.0488,4001.920854,3.6,13170,3.210226502,
7266_G_3,Combined Cycle,48,19.2,32.26631188,4,30.672,4900.311249,3.6,13170,3.226631188,
7266_G_2,Combined Cycle,37,14.8,32.27400167,4,23.643,3777.323255,3.6,13170,3.227400167,
10169_G_GEN2,Combined Cycle,8,3.2,32.63019344,4,5.112,816.7185416,3.6,13170,3.263019344,
10169_G_GEN1,Combined Cycle,41.3,16.52,32.64842855,4,26.3907,4216.309471,3.6,13170,3.264842855,
56356_G_ST1,Combined Cycle,7,2.8,32.71164071,4,4.473,714.6287239,3.6,13170,3.271164071,
56356_G_CT1,Combined Cycle,21,8.4,32.71367048,4,13.419,2143.886172,3.6,13170,3.271367048,
377_G_2,Combined Cycle,19,7.6,33.60183105,4,12.141,1939.706536,3.6,13170,3.360183105,
377_G_8BC,Combined Cycle,46,18.4,33.63561304,4,29.394,4696.131614,3.6,13170,3.363561304,
377_G_1,Combined Cycle,19,7.6,33.63788173,4,12.141,1939.706536,3.6,13170,3.363788173,
377_G_8A,Combined Cycle,26,10.4,33.6438942,4,16.614,2654.33526,3.6,13170,3.36438942,
10623_G_GEN1,Combined Cycle,22.1,8.84,34.04654573,4,14.1219,2256.184971,3.6,13170,3.404654573,
10623_G_GEN2,Combined Cycle,1.5,0.6,34.06594832,4,0.9585,153.1347265,3.6,13170,3.406594832,
50849_G_GEN2,Combined Cycle,2,0.8,34.37425103,4,1.278,204.1796354,3.6,13170,3.437425103,
50216_G_GN95,Combined Cycle,35,14,34.37675702,4,22.365,3573.143619,3.6,13170,3.437675702,
50216_G_GN93,Combined Cycle,82,32.8,34.38108467,4,52.398,8371.365051,3.6,13170,3.438108467,
50216_G_GN94,Combined Cycle,82,32.8,34.38906744,4,52.398,8371.365051,3.6,13170,3.438906744,
50216_G_GN91,Combined Cycle,82,32.8,34.39573216,4,52.398,8371.365051,3.6,13170,3.439573216,
50216_G_GN92,Combined Cycle,82,32.8,34.39728551,4,52.398,8371.365051,3.6,13170,3.439728551,
50216_G_GN96,Combined Cycle,35,14,34.40278077,4,22.365,3573.143619,3.6,13170,3.440278077,
50849_G_GEN1,Combined Cycle,21,8.4,34.41263058,4,13.419,2143.886172,3.6,13170,3.441263058,
10405_G_GEN1,Combined Cycle,22,8.8,36.14503235,4,14.058,2245.975989,3.6,13170,3.614503235,
10405_G_GEN2,Combined Cycle,11.8,4.72,36.17263772,4,7.5402,1204.659849,3.6,13170,3.617263772,
7527_G_CCCT,Combined Cycle,51.2,20.48,37.33985219,4,32.7168,5226.998666,3.6,13170,3.733985219,
7527_G_2,Combined Cycle,16.6,6.64,37.34053937,4,10.6074,1694.690974,3.6,13170,3.734053937,
399_G_5,Combined Cycle,56,22.4,39.86468322,4,35.784,5717.029791,3.6,13170,3.986468322,
399_G_10A,Combined Cycle,72,28.8,39.88217527,4,46.008,7350.466874,3.6,13170,3.988217527,
399_G_10B,Combined Cycle,72,28.8,39.89625422,4,46.008,7350.466874,3.6,13170,3.989625422,
50541_G_ST1,Combined Cycle,9.9,3.96,40.62300435,4,6.3261,1010.689195,3.6,13170,4.062300435,
50541_G_ST2,Combined Cycle,11,4.4,40.63539966,4,7.029,1122.987995,3.6,13170,4.063539966,
50541_G_GEN1,Combined Cycle,80.8,32.32,40.64837367,4,51.6312,8248.85727,3.6,13170,4.064837367,
400_B_2,O/G Steam,222,88.8,42.02754066,7,51.282,22663.93953,4.47,37800,4.202754066,
400_B_1,O/G Steam,222,88.8,42.04931796,7,51.282,22663.93953,4.47,37800,4.204931796,
404_B_2,O/G Steam,156.3,62.52,43.66816656,7,36.1053,15956.63851,4.47,37800,4.366816656,
404_B_1,O/G Steam,111.8,44.72,44.13929876,7,25.8258,11413.64162,4.47,37800,4.413929876,
377_G_5,O/G Steam,40,16,51.80437749,7,9.24,4083.592708,4.47,37800,5.180437749,
10684_B_BLR22,O/G Steam,272.1,108.84,53.10174656,7,62.8551,27778.6394,4.47,37800,5.310174656,
10128_G_GEN1,Hydro,0.2,0,0.00121907,0,0.2,0,0,14130,9999,21300.3
10128_G_GEN2,Hydro,0.2,0,0.02326096,0,0.2,0,0,14130,9999,
10139_G_GEN1,Hydro,5.9,0,0.047971362,0,5.9,0,0,14130,9999,
10139_G_GEN2,Hydro,5.9,0,0.007370822,0,5.9,0,0,14130,9999,
10162_G_WWHI,Hydro,1.3,0,0.007246414,0,1.3,0,0,14130,9999,
10175_G_0799,Combustion Turbine,2,0.5,261.4653927,1,0.684,51.04490885,15.45,7340,9999,
10222_G_SPP1,Hydro,1.4,0,0.032623127,0,1.4,0,0,14130,9999,
10253_G_LGEN,Hydro,5,0,0.031725339,0,5,0,0,14130,9999,
10253_G_UGEN,Hydro,5,0,0.030563567,0,5,0,0,14130,9999,
10282_G_BCHY,Hydro,4.8,0,0.049636257,0,4.8,0,0,14130,9999,
10458_G_GEN1,Hydro,29.9,0,0.048322539,0,29.9,0,0,14130,9999,
10706_G_GEN1,Hydro,3,0,0.047107153,0,3,0,0,14130,9999,
10707_G_GEN1,Hydro,5,0,0.038773869,0,5,0,0,14130,9999,
10708_G_GEN1,Hydro,1.1,0,0.029118548,0,1.1,0,0,14130,9999,
10709_G_GEN1,Hydro,1.1,0,0.040841392,0,1.1,0,0,14130,9999,
10880_G_GEN1,Hydro,1.8,0,0.020876825,0,1.8,0,0,14130,9999,
10881_G_GEN1,Hydro,2,0,0.022923717,0,2,0,0,14130,9999,
10882_G_GEN1,Hydro,6.8,0,0.026344646,0,6.8,0,0,14130,9999,
161_G_1,Hydro,1.1,0,0.022866889,0,1.1,0,0,14130,9999,
161_G_2,Hydro,1.1,0,0.007231677,0,1.1,0,0,14130,9999,
161_G_3,Hydro,1.1,0,0.018857966,0,1.1,0,0,14130,9999,
162_G_1,Hydro,0.5,0,0.003478261,0,0.5,0,0,14130,9999,
162_G_2,Hydro,0.5,0,0.031447339,0,0.5,0,0,14130,9999,
180_G_1,Hydro,0.9,0,0.043956388,0,0.9,0,0,14130,9999,
214_G_1,Hydro,1,0,0.015166728,0,1,0,0,14130,9999,
215_G_1,Hydro,0.7,0,0.023702105,0,0.7,0,0,14130,9999,
217_G_1,Hydro,34,0,0.043308257,0,34,0,0,14130,9999,
218_G_2,Hydro,52.5,0,0.005153021,0,52.5,0,0,14130,9999,
218_G_3,Hydro,52.5,0,0.020440592,0,52.5,0,0,14130,9999,
219_G_1,Hydro,125,0,0.017099554,0,125,0,0,14130,9999,
220_G_H1,Hydro,32.5,0,0.038692069,0,32.5,0,0,14130,9999,
220_G_H2,Hydro,32.5,0,0.026086951,0,32.5,0,0,14130,9999,
221_G_1,Hydro,41,0,0.036000975,0,41,0,0,14130,9999,
222_G_1,Hydro,25,0,0.032350138,0,25,0,0,14130,9999,
222_G_2,Hydro,25,0,0.049221067,0,25,0,0,14130,9999,
222_G_3,Hydro,25,0,0.034988641,0,25,0,0,14130,9999,
223_G_4,Hydro,60,0,0.022365281,0,60,0,0,14130,9999,
223_G_5,Hydro,60,0,0.005059285,0,60,0,0,14130,9999,
225_G_1,Hydro,7,0,0.031395068,0,7,0,0,14130,9999,
227_G_1,Hydro,13,0,0.048214358,0,13,0,0,14130,9999,
231_G_1,Hydro,35,0,0.004785155,0,35,0,0,14130,9999,
231_G_2,Hydro,35,0,0.021228767,0,35,0,0,14130,9999,
232_G_1,Hydro,18.5,0,0.025071352,0,18.5,0,0,14130,9999,
233_G_1,Hydro,5.7,0,0.041628707,0,5.7,0,0,14130,9999,
235_G_1,Hydro,13.2,0,0.013942963,0,13.2,0,0,14130,9999,
235_G_2,Hydro,13.2,0,0.019897457,0,13.2,0,0,14130,9999,
235_G_3,Hydro,13.2,0,0.019994072,0,13.2,0,0,14130,9999,
235_G_4,Hydro,14.4,0,0.04855457,0,14.4,0,0,14130,9999,
236_G_5,Hydro,49.5,0,0.041507754,0,49.5,0,0,14130,9999,
237_G_1,Hydro,22,0,0.021689753,0,22,0,0,14130,9999,
238_G_1,Hydro,10.3,0,0.001215201,0,10.3,0,0,14130,9999,
238_G_2,Hydro,10.3,0,0.049782123,0,10.3,0,0,14130,9999,
239_G_1,Hydro,30.7,0,0.006469211,0,30.7,0,0,14130,9999,
239_G_2,Hydro,30.7,0,0.002793569,0,30.7,0,0,14130,9999,
239_G_3,Hydro,36.6,0,0.015335567,0,36.6,0,0,14130,9999,
240_G_H1,Hydro,72,0,0.042901266,0,72,0,0,14130,9999,
240_G_H2,Hydro,72,0,0.028893802,0,72,0,0,14130,9999,
241_G_1,Hydro,11,0,0.034714464,0,11,0,0,14130,9999,
242_G_1,Hydro,2.4,0,0.025576706,0,2.4,0,0,14130,9999,
242_G_2,Hydro,2.4,0,0.026548557,0,2.4,0,0,14130,9999,
243_G_1,Hydro,8.5,0,0.04055418,0,8.5,0,0,14130,9999,
244_G_1,Hydro,8.5,0,0.047709365,0,8.5,0,0,14130,9999,
248_G_1,Hydro,8,0,0.002651229,0,8,0,0,14130,9999,
249_G_1,Hydro,86,0,0.027415531,0,86,0,0,14130,9999,
249_G_2,Hydro,86,0,0.036375154,0,86,0,0,14130,9999,
250_G_H1,Hydro,12.6,0,0.037917736,0,12.6,0,0,14130,9999,
250_G_H3,Hydro,12.6,0,0.018338948,0,12.6,0,0,14130,9999,
254_G_H1,Hydro,52,0,0.006054091,0,52,0,0,14130,9999,
255_G_1,Hydro,1,0,0.032404065,0,1,0,0,14130,9999,
255_G_2,Hydro,1,0,0.034572328,0,1,0,0,14130,9999,
258_G_1,Hydro,3.5,0,0.021213254,0,3.5,0,0,14130,9999,
261_G_1,Hydro,1.7,0,0.040948329,0,1.7,0,0,14130,9999,
262_G_1,Hydro,12,0,0.048181925,0,12,0,0,14130,9999,
264_G_1,Hydro,2,0,0.002797457,0,2,0,0,14130,9999,
265_G_H1,Hydro,30.5,0,0.032614362,0,30.5,0,0,14130,9999,
265_G_H2,Hydro,30.5,0,0.008939365,0,30.5,0,0,14130,9999,
266_G_H1,Hydro,23.3,0,0.016589934,0,23.3,0,0,14130,9999,
266_G_H2,Hydro,23.3,0,0.025114229,0,23.3,0,0,14130,9999,
266_G_H3,Hydro,23.3,0,0.001929068,0,23.3,0,0,14130,9999,
267_G_1,Hydro,47.5,0,0.015104951,0,47.5,0,0,14130,9999,
267_G_2,Hydro,47.5,0,0.024765872,0,47.5,0,0,14130,9999,
268_G_H1,Hydro,40,0,0.033550127,0,40,0,0,14130,9999,
268_G_H2,Hydro,40,0,0.006498764,0,40,0,0,14130,9999,
268_G_H3,Hydro,40,0,0.023752144,0,40,0,0,14130,9999,
268_G_H4,Hydro,40,0,0.016838145,0,40,0,0,14130,9999,
269_G_H1,Hydro,40,0,0.035383777,0,40,0,0,14130,9999,
269_G_H2,Hydro,40,0,0.03681989,0,40,0,0,14130,9999,
270_G_H1,Hydro,56,0,0.016538447,0,56,0,0,14130,9999,
270_G_H2,Hydro,57,0,0.021658079,0,57,0,0,14130,9999,
272_G_1,Hydro,60,0,0.005447547,0,60,0,0,14130,9999,
272_G_2,Hydro,60,0,0.043327215,0,60,0,0,14130,9999,
274_G_1,Hydro,4.5,0,0.030821398,0,4.5,0,0,14130,9999,
274_G_2,Hydro,2,0,0.026918766,0,2,0,0,14130,9999,
274_G_3,Hydro,2.7,0,0.019876555,0,2.7,0,0,14130,9999,
275_G_H1,Hydro,63,0,0.011680957,0,63,0,0,14130,9999,
275_G_H2,Hydro,63,0,0.002677946,0,63,0,0,14130,9999,
276_G_1,Hydro,3.2,0,0.037906846,0,3.2,0,0,14130,9999,
277_G_3,Hydro,4.2,0,0.049431837,0,4.2,0,0,14130,9999,
279_G_1,Hydro,11,0,0.041271961,0,11,0,0,14130,9999,
279_G_2,Hydro,33,0,0.007568625,0,33,0,0,14130,9999,
280_G_1,Hydro,7,0,0.01474453,0,7,0,0,14130,9999,
281_G_1,Hydro,7,0,0.022124983,0,7,0,0,14130,9999,
282_G_1,Hydro,4.4,0,0.023725589,0,4.4,0,0,14130,9999,
283_G_1,Hydro,5.8,0,0.037628921,0,5.8,0,0,14130,9999,
284_G_1,Hydro,7,0,0.005517689,0,7,0,0,14130,9999,
285_G_HC1,Hydro,91,0,0.002804415,0,91,0,0,14130,9999,
287_G_H1,Hydro,29,0,0.047760801,0,29,0,0,14130,9999,
287_G_H2,Hydro,29,0,0.027652262,0,29,0,0,14130,9999,
289_G_1,Hydro,3.2,0,0.029092629,0,3.2,0,0,14130,9999,
289_G_2,Hydro,3.2,0,0.026704673,0,3.2,0,0,14130,9999,
290_G_1,Hydro,9,0,0.011002293,0,9,0,0,14130,9999,
291_G_1,Hydro,14.5,0,0.017583051,0,14.5,0,0,14130,9999,
292_G_1,Hydro,14,0,0.02210766,0,14,0,0,14130,9999,
292_G_2,Hydro,3.2,0,0.048496329,0,3.2,0,0,14130,9999,
293_G_1,Hydro,5,0,0.000311028,0,5,0,0,14130,9999,
293_G_2,Hydro,5,0,0.00627166,0,5,0,0,14130,9999,
293_G_3,Hydro,5,0,0.025142838,0,5,0,0,14130,9999,
293_G_4,Hydro,5,0,0.019795186,0,5,0,0,14130,9999,
294_G_1,Hydro,14,0,0.034402254,0,14,0,0,14130,9999,
294_G_2,Hydro,14,0,0.047547229,0,14,0,0,14130,9999,
295_G_1,Hydro,17,0,0.028573397,0,17,0,0,14130,9999,
295_G_2,Hydro,17,0,0.018271396,0,17,0,0,14130,9999,
296_G_1,Hydro,0.4,0,0.018188987,0,0.4,0,0,14130,9999,
296_G_2,Hydro,0.4,0,0.022535037,0,0.4,0,0,14130,9999,
296_G_3,Hydro,1.1,0,0.034298795,0,1.1,0,0,14130,9999,
297_G_1,Hydro,18.8,0,0.035314673,0,18.8,0,0,14130,9999,
314_G_1,Hydro,1.9,0,0.049666831,0,1.9,0,0,14130,9999,
314_G_2,Hydro,1.9,0,0.027785218,0,1.9,0,0,14130,9999,
316_G_1,Hydro,8.5,0,0.003268768,0,8.5,0,0,14130,9999,
317_G_1,Hydro,19.8,0,0.04123839,0,19.8,0,0,14130,9999,
317_G_2,Hydro,15.8,0,0.035581171,0,15.8,0,0,14130,9999,
317_G_3,Hydro,21.6,0,0.027890325,0,21.6,0,0,14130,9999,
317_G_4,Hydro,31.2,0,0.041960067,0,31.2,0,0,14130,9999,
318_G_3,Hydro,15.8,0,0.014508828,0,15.8,0,0,14130,9999,
318_G_4,Hydro,15.8,0,0.034160105,0,15.8,0,0,14130,9999,
318_G_5,Hydro,17.5,0,0.033357374,0,17.5,0,0,14130,9999,
318_G_6,Hydro,17.5,0,0.01559753,0,17.5,0,0,14130,9999,
319_G_1,Hydro,34,0,0.010892436,0,34,0,0,14130,9999,
319_G_2,Hydro,34,0,0.014610266,0,34,0,0,14130,9999,
319_G_3,Hydro,33,0,0.031318065,0,33,0,0,14130,9999,
319_G_4,Hydro,36,0,0.015362652,0,36,0,0,14130,9999,
319_G_5,Hydro,36.5,0,0.049107034,0,36.5,0,0,14130,9999,
320_G_1,Hydro,50,0,0.034801086,0,50,0,0,14130,9999,
320_G_2,Hydro,50,0,0.03060492,0,50,0,0,14130,9999,
321_G_1,Hydro,25.8,0,0.009527553,0,25.8,0,0,14130,9999,
321_G_2,Hydro,45,0,0.013786133,0,45,0,0,14130,9999,
322_G_1,Hydro,50,0,0.009493225,0,50,0,0,14130,9999,
322_G_2,Hydro,50,0,0.027909258,0,50,0,0,14130,9999,
323_G_1,Hydro,2.5,0,0.007770076,0,2.5,0,0,14130,9999,
323_G_2,Hydro,2.5,0,0.043224202,0,2.5,0,0,14130,9999,
323_G_3,Hydro,2.3,0,0.026277104,0,2.3,0,0,14130,9999,
324_G_1,Hydro,2.8,0,0.038007941,0,2.8,0,0,14130,9999,
324_G_2,Hydro,2.8,0,0.015718917,0,2.8,0,0,14130,9999,
324_G_3,Hydro,2.8,0,0.0416293,0,2.8,0,0,14130,9999,
325_G_1,Hydro,1,0,0.038148195,0,1,0,0,14130,9999,
325_G_2,Hydro,1,0,0.044518981,0,1,0,0,14130,9999,
325_G_3,Hydro,2,0,0.027261888,0,2,0,0,14130,9999,
325_G_4,Hydro,2.2,0,0.013313287,0,2.2,0,0,14130,9999,
325_G_5,Hydro,2,0,0.049184387,0,2,0,0,14130,9999,
326_G_1,Hydro,2,0,0.027368971,0,2,0,0,14130,9999,
326_G_2,Hydro,1.8,0,0.011705103,0,1.8,0,0,14130,9999,
327_G_1,Hydro,1.6,0,0.016678772,0,1.6,0,0,14130,9999,
328_G_1,Hydro,2.1,0,0.00748582,0,2.1,0,0,14130,9999,
328_G_2,Hydro,2.5,0,0.011121314,0,2.5,0,0,14130,9999,
328_G_3,Hydro,6,0,0.009003289,0,6,0,0,14130,9999,
332_G_1,Hydro,1.5,0,0.001813938,0,1.5,0,0,14130,9999,
332_G_2,Hydro,1.5,0,0.019403239,0,1.5,0,0,14130,9999,
336_G_2,Hydro,1.8,0,0.043343036,0,1.8,0,0,14130,9999,
337_G_1,Hydro,2.3,0,0.035540375,0,2.3,0,0,14130,9999,
338_G_1,Hydro,2.4,0,0.028887293,0,2.4,0,0,14130,9999,
338_G_2,Hydro,2.1,0,0.030498578,0,2.1,0,0,14130,9999,
339_G_1,Hydro,20.5,0,0.009270271,0,20.5,0,0,14130,9999,
339_G_2,Hydro,19.7,0,0.047987824,0,19.7,0,0,14130,9999,
34_G_1P,Hydro,12.1,0,0.0161093,0,12.1,0,0,14130,9999,
340_G_1,Hydro,6.6,0,0.0305526,0,6.6,0,0,14130,9999,
340_G_2,Hydro,6.6,0,0.027179237,0,6.6,0,0,14130,9999,
340_G_3,Hydro,6.6,0,0.042462007,0,6.6,0,0,14130,9999,
340_G_4,Hydro,6.6,0,0.005118751,0,6.6,0,0,14130,9999,
342_G_1,Hydro,1.5,0,0.03041426,0,1.5,0,0,14130,9999,
342_G_2,Hydro,1.5,0,0.015993895,0,1.5,0,0,14130,9999,
344_G_1,Hydro,80,0,0.022076172,0,80,0,0,14130,9999,
344_G_2,Hydro,80,0,0.02016281,0,80,0,0,14130,9999,
353_G_1,Hydro,11.3,0,0.000533117,0,11.3,0,0,14130,9999,
354_G_1,Hydro,10.8,0,0.031937908,0,10.8,0,0,14130,9999,
357_G_1,Hydro,5.9,0,0.020933047,0,5.9,0,0,14130,9999,
357_G_2,Hydro,5.5,0,0.034693406,0,5.5,0,0,14130,9999,
361_G_1,Hydro,0.8,0,0.023646723,0,0.8,0,0,14130,9999,
361_G_2,Hydro,0.8,0,0.021717614,0,0.8,0,0,14130,9999,
361_G_3,Hydro,0.8,0,0.019447588,0,0.8,0,0,14130,9999,
361_G_4,Hydro,0.8,0,0.008013262,0,0.8,0,0,14130,9999,
363_G_1,Hydro,3.1,0,0.039613614,0,3.1,0,0,14130,9999,
365_G_1,Hydro,1.3,0,0.04971725,0,1.3,0,0,14130,9999,
365_G_2,Hydro,1.3,0,0.008029865,0,1.3,0,0,14130,9999,
376_G_1,Hydro,8.9,0,0.046404942,0,8.9,0,0,14130,9999,
376_G_2,Hydro,8.9,0,0.034832649,0,8.9,0,0,14130,9999,
376_G_3,Hydro,9.9,0,0.03895982,0,9.9,0,0,14130,9999,
380_G_1,Hydro,78.4,0,0.014597588,0,78.4,0,0,14130,9999,
380_G_2,Hydro,78.4,0,0.024143607,0,78.4,0,0,14130,9999,
381_G_1,Hydro,50,0,0.01107493,0,50,0,0,14130,9999,
381_G_2,Hydro,50,0,0.045574052,0,50,0,0,14130,9999,
382_G_1,Hydro,39.5,0,0.029906968,0,39.5,0,0,14130,9999,
382_G_2,Hydro,39.5,0,0.003730797,0,39.5,0,0,14130,9999,
382_G_3,Hydro,36.5,0,0.0210259,0,36.5,0,0,14130,9999,
385_G_1,Hydro,4.9,0,0.018666031,0,4.9,0,0,14130,9999,
385_G_2,Hydro,4.9,0,0.041817653,0,4.9,0,0,14130,9999,
386_G_1,Hydro,2.7,0,0.016363418,0,2.7,0,0,14130,9999,
386_G_2,Hydro,4.6,0,0.006952723,0,4.6,0,0,14130,9999,
387_G_1,Hydro,8.1,0,0.037925554,0,8.1,0,0,14130,9999,
387_G_2,Hydro,11,0,0.043423141,0,11,0,0,14130,9999,
388_G_1,Hydro,10.4,0,0.005312446,0,10.4,0,0,14130,9999,
388_G_2,Hydro,7.7,0,0.045838357,0,7.7,0,0,14130,9999,
391_G_1,Hydro,3,0,0.01305885,0,3,0,0,14130,9999,
392_G_7,Hydro,55.9,0,0.037571414,0,55.9,0,0,14130,9999,
393_G_1,Hydro,37.5,0,0.02972348,0,37.5,0,0,14130,9999,
394_G_1,Hydro,1.2,0,0.005625378,0,1.2,0,0,14130,9999,
394_G_2,Hydro,1.2,0,0.04892345,0,1.2,0,0,14130,9999,
396_G_1,Hydro,8.6,0,0.007563402,0,8.6,0,0,14130,9999,
397_G_1,Hydro,2,0,0.024997746,0,2,0,0,14130,9999,
398_G_1,Hydro,2.5,0,0.046607698,0,2.5,0,0,14130,9999,
398_G_2,Hydro,2.5,0,0.000159818,0,2.5,0,0,14130,9999,
400_G_11,Combustion Turbine,96.3,38.52,50.52285594,2,32.9346,2457.812361,15.45,7340,9999,
400_G_12,Combustion Turbine,96.3,38.52,50.52062262,2,32.9346,2457.812361,15.45,7340,9999,
400_G_13,Combustion Turbine,96.3,38.52,50.53251394,2,32.9346,2457.812361,15.45,7340,9999,
400_G_14,Combustion Turbine,96.3,38.52,50.52686031,2,32.9346,2457.812361,15.45,7340,9999,
400_G_15,Combustion Turbine,96.3,38.52,50.53102854,2,32.9346,2457.812361,15.45,7340,9999,
400_G_16,Combustion Turbine,96.3,38.52,50.4975562,2,32.9346,2457.812361,15.45,7340,9999,
401_G_1,Hydro,37.5,0,0.025739341,0,37.5,0,0,14130,9999,
402_G_1,Hydro,2.7,0,0.023716437,0,2.7,0,0,14130,9999,
403_G_1,Hydro,3.2,0,0.008640606,0,3.2,0,0,14130,9999,
403_G_2,Hydro,2.9,0,0.004672969,0,2.9,0,0,14130,9999,
404_G_6,Combustion Turbine,102,40.8,50.51376252,2,34.884,2603.290351,15.45,7340,9999,
404_G_7,Combustion Turbine,102,40.8,50.52994633,2,34.884,2603.290351,15.45,7340,9999,
407_G_1,Hydro,37.5,0,0.006705794,0,37.5,0,0,14130,9999,
409_G_1,Hydro,94.5,0,0.026044515,0,94.5,0,0,14130,9999,
410_G_1,Hydro,9,0,0.049772622,0,9,0,0,14130,9999,
412_G_2P,Hydro,44,0,0.019506243,0,44,0,0,14130,9999,
413_G_3P,Hydro,27.3,0,0.044564287,0,27.3,0,0,14130,9999,
414_G_1,Hydro,11,0,0.009395003,0,11,0,0,14130,9999,
415_G_H1,Hydro,72,0,0.043530547,0,72,0,0,14130,9999,
416_G_1,Hydro,9,0,0.036684031,0,9,0,0,14130,9999,
416_G_2,Hydro,10,0,0.046570533,0,10,0,0,14130,9999,
416_G_3,Hydro,6.8,0,0.01093894,0,6.8,0,0,14130,9999,
417_G_1,Hydro,36,0,0.02267303,0,36,0,0,14130,9999,
418_G_1,Hydro,9,0,0.013210777,0,9,0,0,14130,9999,
419_G_1,Hydro,59,0,0.012326158,0,59,0,0,14130,9999,
424_G_1,Hydro,17,0,0.014404468,0,17,0,0,14130,9999,
425_G_1,Hydro,61,0,0.007599545,0,61,0,0,14130,9999,
425_G_2,Hydro,61,0,0.005669665,0,61,0,0,14130,9999,
426_G_1,Hydro,6,0,0.034237062,0,6,0,0,14130,9999,
427_G_1,Hydro,86.3,0,0.018397897,0,86.3,0,0,14130,9999,
428_G_1,Hydro,2.7,0,0.038794829,0,2.7,0,0,14130,9999,
430_G_H1,Hydro,78.9,0,0.022033463,0,78.9,0,0,14130,9999,
430_G_H2,Hydro,77,0,0.031615011,0,77,0,0,14130,9999,
431_G_H1,Hydro,78.1,0,0.004048016,0,78.1,0,0,14130,9999,
431_G_H2,Hydro,78.1,0,0.026162317,0,78.1,0,0,14130,9999,
432_G_H1,Hydro,74.1,0,0.033914056,0,74.1,0,0,14130,9999,
433_G_1,Hydro,25.5,0,0.039065509,0,25.5,0,0,14130,9999,
435_G_H1,Hydro,108,0,0.022877541,0,108,0,0,14130,9999,
435_G_H2,Hydro,133,0,0.025837984,0,133,0,0,14130,9999,
435_G_H4,Hydro,0.5,0,0.048225766,0,0.5,0,0,14130,9999,
436_G_1,Hydro,57,0,0.032467642,0,57,0,0,14130,9999,
436_G_2,Hydro,57,0,0.040106733,0,57,0,0,14130,9999,
436_G_3,Hydro,74,0,0.015325975,0,74,0,0,14130,9999,
436_G_4,Hydro,74,0,0.040144203,0,74,0,0,14130,9999,
437_G_1,Hydro,135.3,0,0.049366709,0,135.3,0,0,14130,9999,
437_G_3,Hydro,135.3,0,0.045681416,0,135.3,0,0,14130,9999,
437_G_5,Hydro,135.3,0,0.040318011,0,135.3,0,0,14130,9999,
439_G_1,Hydro,55,0,0.009506544,0,55,0,0,14130,9999,
439_G_2,Hydro,55,0,0.047717494,0,55,0,0,14130,9999,
439_G_3,Hydro,55,0,0.042550025,0,55,0,0,14130,9999,
439_G_4,Hydro,38.2,0,0.001157005,0,38.2,0,0,14130,9999,
440_G_1,Hydro,1,0,0.029786572,0,1,0,0,14130,9999,
440_G_2,Hydro,3.3,0,0.011628497,0,3.3,0,0,14130,9999,
441_G_1,Hydro,71.7,0,0.029092083,0,71.7,0,0,14130,9999,
441_G_2,Hydro,71.7,0,0.001339554,0,71.7,0,0,14130,9999,
441_G_3,Hydro,71.7,0,0.037248677,0,71.7,0,0,14130,9999,
442_G_1,Hydro,88.7,0,0.001717956,0,88.7,0,0,14130,9999,
442_G_2,Hydro,88.7,0,0.017946123,0,88.7,0,0,14130,9999,
443_G_1,Hydro,39,0,0.047473175,0,39,0,0,14130,9999,
443_G_2,Hydro,39,0,0.023999946,0,39,0,0,14130,9999,
443_G_3,Hydro,39,0,0.048157373,0,39,0,0,14130,9999,
444_G_1,Hydro,8.3,0,0.043441504,0,8.3,0,0,14130,9999,
444_G_2,Hydro,8.3,0,0.044199172,0,8.3,0,0,14130,9999,
445_G_1,Hydro,142,0,0.031737345,0,142,0,0,14130,9999,
445_G_2,Hydro,142,0,0.01356684,0,142,0,0,14130,9999,
445_G_3,Hydro,142,0,0.014445449,0,142,0,0,14130,9999,
445_G_4,Hydro,142,0,0.021987847,0,142,0,0,14130,9999,
445_G_5,Hydro,142,0,0.04361424,0,142,0,0,14130,9999,
445_G_S1,Hydro,2,0,0.039232784,0,2,0,0,14130,9999,
445_G_S2,Hydro,2,0,0.046498524,0,2,0,0,14130,9999,
447_G_1,Hydro,30,0,0.046751236,0,30,0,0,14130,9999,
447_G_2,Hydro,30,0,0.036486599,0,30,0,0,14130,9999,
447_G_3,Hydro,30,0,0.03973238,0,30,0,0,14130,9999,
447_G_4,Hydro,30,0,0.043929726,0,30,0,0,14130,9999,
450_G_1,Hydro,90,0,0.013976977,0,90,0,0,14130,9999,
450_G_2,Hydro,90,0,0.004233163,0,90,0,0,14130,9999,
451_G_1,Hydro,70,0,0.025189629,0,70,0,0,14130,9999,
451_G_2,Hydro,70,0,0.016843502,0,70,0,0,14130,9999,
454_G_1,Hydro,157.5,0,0.041186615,0,157.5,0,0,14130,9999,
454_G_2,Hydro,157.5,0,0.040472043,0,157.5,0,0,14130,9999,
455_G_1,Hydro,46.7,0,0.008522766,0,46.7,0,0,14130,9999,
457_G_HC1,Hydro,0.7,0,0.015227807,0,0.7,0,0,14130,9999,
457_G_HC2,Hydro,0.7,0,0.021961165,0,0.7,0,0,14130,9999,
479_G_1,Hydro,2.8,0,0.001751163,0,2.8,0,0,14130,9999,
480_G_1,Hydro,2.8,0,0.028750773,0,2.8,0,0,14130,9999,
481_G_1,Hydro,7.9,0,0.009104989,0,7.9,0,0,14130,9999,
482_G_1,Hydro,1.9,0,0.024785394,0,1.9,0,0,14130,9999,
483_G_1,Hydro,3.1,0,0.021478301,0,3.1,0,0,14130,9999,
484_G_1,Hydro,5.9,0,0.021251892,0,5.9,0,0,14130,9999,
487_G_1,Hydro,4.1,0,0.023861766,0,4.1,0,0,14130,9999,
489_G_1,Hydro,5.5,0,0.029044491,0,5.5,0,0,14130,9999,
50037_G_UNT1,Hydro,6.7,0,0.016074305,0,6.7,0,0,14130,9999,
50037_G_UNT2,Hydro,6.7,0,0.042043307,0,6.7,0,0,14130,9999,
50129_G_1641,Hydro,1.3,0,0.048764301,0,1.3,0,0,14130,9999,
50129_G_1642,Hydro,1.3,0,0.011214738,0,1.3,0,0,14130,9999,
50129_G_8332,Hydro,0.1,0,0.014416198,0,0.1,0,0,14130,9999,
50134_G_GTAG,Combustion Turbine,75,30,43.82588599,2,25.65,1914.184082,15.45,7340,9999,
50134_G_GTBG,Combustion Turbine,75,30,43.84517096,2,25.65,1914.184082,15.45,7340,9999,
50134_G_GTCG,Combustion Turbine,75,30,43.86601355,2,25.65,1914.184082,15.45,7340,9999,
50134_G_GTDG,Combustion Turbine,75,30,43.8690775,2,25.65,1914.184082,15.45,7340,9999,
50147_G_1,Hydro,1,0,0.03715667,0,1,0,0,14130,9999,
50156_G_GEN1,Hydro,3,0,0.011123535,0,3,0,0,14130,9999,
50179_G_GEN1,Hydro,2.5,0,0.04016939,0,2.5,0,0,14130,9999,
50179_G_GEN2,Hydro,2.5,0,0.031135418,0,2.5,0,0,14130,9999,
50180_G_GEN1,Hydro,4.8,0,0.016728273,0,4.8,0,0,14130,9999,
50218_G_U1,Hydro,2.7,0,0.010779961,0,2.7,0,0,14130,9999,
50219_G_U1,Hydro,4,0,0.002853046,0,4,0,0,14130,9999,
50223_G_1296,Hydro,0.5,0,0.025320717,0,0.5,0,0,14130,9999,
50233_G_4011,Hydro,1,0,0.007751182,0,1,0,0,14130,9999,
50322_G_GEN1,Hydro,2.1,0,0.032870378,0,2.1,0,0,14130,9999,
50350_G_GEN1,Hydro,14.5,0,0.020216085,0,14.5,0,0,14130,9999,
50352_G_1,Hydro,3.7,0,0.036472308,0,3.7,0,0,14130,9999,
50352_G_2,Hydro,0.3,0,0.042978809,0,0.3,0,0,14130,9999,
50375_G_GEN1,Hydro,1.2,0,0.001669121,0,1.2,0,0,14130,9999,
50393_G_FR1,Hydro,20,0,0.011962954,0,20,0,0,14130,9999,
50393_G_M1,Hydro,8,0,0.041042635,0,8,0,0,14130,9999,
50393_G_RO1,Hydro,2.3,0,0.010070311,0,2.3,0,0,14130,9999,
50393_G_RO2,Hydro,9,0,0.004119748,0,9,0,0,14130,9999,
50400_G_GEN1,Hydro,15.6,0,0.031147984,0,15.6,0,0,14130,9999,
50492_G_3,Hydro,1,0,0.004412894,0,1,0,0,14130,9999,
50546_G_GEN1,Hydro,3.6,0,0.002151321,0,3.6,0,0,14130,9999,
50755_G_GEN1,Hydro,1.9,0,0.015868552,0,1.9,0,0,14130,9999,
50755_G_GEN2,Hydro,0.9,0,0.006150029,0,0.9,0,0,14130,9999,
50892_G_GEN1,Hydro,1.5,0,0.001000571,0,1.5,0,0,14130,9999,
50892_G_GEN2,Hydro,1.5,0,0.010689072,0,1.5,0,0,14130,9999,
50961_G_GEN1,Hydro,4,0,0.025643692,0,4,0,0,14130,9999,
531_G_1,Hydro,7.2,0,0.000751406,0,7.2,0,0,14130,9999,
534_G_1,Hydro,10,0,0.018790489,0,10,0,0,14130,9999,
535_G_1,Combustion Turbine,77,30.8,57.91455044,2,26.334,1965.228991,15.45,7340,9999,
537_G_1,Hydro,3.5,0,0.040890625,0,3.5,0,0,14130,9999,
537_G_2,Hydro,3.5,0,0.0186759,0,3.5,0,0,14130,9999,
537_G_3,Hydro,3.5,0,0.025395516,0,3.5,0,0,14130,9999,
54017_G_U1,Hydro,3.7,0,0.027161221,0,3.7,0,0,14130,9999,
54017_G_U2,Hydro,1.1,0,0.005798695,0,1.1,0,0,14130,9999,
54261_G_3385,Hydro,1.2,0,0.047671506,0,1.2,0,0,14130,9999,
54308_G_1,Hydro,1.2,0,0.015192393,0,1.2,0,0,14130,9999,
54343_G_GEN1,Hydro,22,0,0.03755802,0,22,0,0,14130,9999,
54554_G_GEN1,Hydro,2.5,0,0.044427158,0,2.5,0,0,14130,9999,
54554_G_GEN2,Hydro,2.5,0,0.048805055,0,2.5,0,0,14130,9999,
54554_G_GEN3,Hydro,0.5,0,0.038129622,0,0.5,0,0,14130,9999,
54555_G_GEN1,Hydro,126.5,0,0.004968196,0,126.5,0,0,14130,9999,
54555_G_GEN2,Hydro,126.5,0,0.019109613,0,126.5,0,0,14130,9999,
54653_G_KAN1,Hydro,1.1,0,0.012645901,0,1.1,0,0,14130,9999,
54654_G_KEK1,Hydro,4.9,0,0.046875249,0,4.9,0,0,14130,9999,
55009_G_GEN1,Hydro,2.6,0,0.016364127,0,2.6,0,0,14130,9999,
56090_G_D190,Fossil Waste,0.3,0.12,4.470697562,8,0.135,30.62694531,4.47,37800,9999,
56125_G_4152,Hydro,1,0,0.019229337,0,1,0,0,14130,9999,
56615_G_G100,Hydro,4.4,0,0.004176638,0,4.4,0,0,14130,9999,
56803_G_1,Combustion Turbine,97,38.8,50.53458617,2,33.174,2475.678079,15.45,7340,9999,
56803_G_2,Combustion Turbine,97,38.8,50.51651508,2,33.174,2475.678079,15.45,7340,9999,
56803_G_3,Combustion Turbine,97,38.8,50.50759617,2,33.174,2475.678079,15.45,7340,9999,
56803_G_4,Combustion Turbine,97,38.8,50.52716296,2,33.174,2475.678079,15.45,7340,9999,
57267_G_1,Combustion Turbine,191.8,76.72,59.47528409,3,65.5956,4895.206759,15.45,7340,9999,
57267_G_2,Combustion Turbine,191,76.4,59.47022798,3,65.322,4874.788795,15.45,7340,9999,
57267_G_3,Combustion Turbine,190.6,76.24,59.47600975,3,65.1852,4864.579813,15.45,7340,9999,
57267_G_4,Combustion Turbine,192.3,76.92,59.46340291,3,65.7666,4907.967986,15.45,7340,9999,
57364_G_1,Hydro,2.2,0,0.023690069,0,2.2,0,0,14130,9999,
57364_G_2,Hydro,2.2,0,0.014897712,0,2.2,0,0,14130,9999,
57482_G_CTG1,Combustion Turbine,100,40,50.49503161,2,34.2,2552.245442,15.45,7340,9999,
57482_G_CTG2,Combustion Turbine,100,40,50.52757277,2,34.2,2552.245442,15.45,7340,9999,
57482_G_CTG3,Combustion Turbine,100,40,50.49611657,2,34.2,2552.245442,15.45,7340,9999,
57482_G_CTG4,Combustion Turbine,100,40,50.51718927,2,34.2,2552.245442,15.45,7340,9999,
57482_G_CTG5,Combustion Turbine,100,40,50.53652248,2,34.2,2552.245442,15.45,7340,9999,
57482_G_CTG6,Combustion Turbine,100,40,50.50410504,2,34.2,2552.245442,15.45,7340,9999,
57482_G_CTG7,Combustion Turbine,100,40,50.51822062,2,34.2,2552.245442,15.45,7340,9999,
57482_G_CTG8,Combustion Turbine,100,40,50.53957116,2,34.2,2552.245442,15.45,7340,9999,
57515_G_GT1,Combustion Turbine,97,38.8,50.50007358,2,33.174,2475.678079,15.45,7340,9999,
57515_G_GT2,Combustion Turbine,97,38.8,50.53817871,2,33.174,2475.678079,15.45,7340,9999,
57515_G_GT3,Combustion Turbine,97,38.8,50.52521681,2,33.174,2475.678079,15.45,7340,9999,
57515_G_GT4,Combustion Turbine,97,38.8,50.51696324,2,33.174,2475.678079,15.45,7340,9999,
57515_G_GT5,Combustion Turbine,97,38.8,50.49176709,2,33.174,2475.678079,15.45,7340,9999,
57555_G_CTG1,Combustion Turbine,97,38.8,50.49326943,2,33.174,2475.678079,15.45,7340,9999,
57555_G_CTG2,Combustion Turbine,97,38.8,50.51269356,2,33.174,2475.678079,15.45,7340,9999,
57555_G_CTG3,Combustion Turbine,97,38.8,50.49079664,2,33.174,2475.678079,15.45,7340,9999,
57854_G_2T1,Hydro,1.2,0,0.002907333,0,1.2,0,0,14130,9999,
57854_G_2T2,Hydro,1.2,0,0.007957527,0,1.2,0,0,14130,9999,
57854_G_2T3,Hydro,0.5,0,0.038949466,0,0.5,0,0,14130,9999,
57854_G_3T1,Hydro,0.5,0,0.034213846,0,0.5,0,0,14130,9999,
57854_G_3T2,Hydro,0.2,0,0.040968177,0,0.2,0,0,14130,9999,
585_G_1,Hydro,1.3,0,0.005178201,0,1.3,0,0,14130,9999,
585_G_2,Hydro,1.2,0,0.023309498,0,1.2,0,0,14130,9999,
585_G_3,Hydro,1.3,0,0.031749382,0,1.3,0,0,14130,9999,
586_G_1,Hydro,1,0,0.028255898,0,1,0,0,14130,9999,
59428_G_GENE1,Hydro,1.4,0,0.02042265,0,1.4,0,0,14130,9999,
59428_G_GENE2,Hydro,0.1,0,0.027886828,0,0.1,0,0,14130,9999,
6099_G_1,Nuclear,1122,1009.8,8.653586787,20,89.76,572723.8773,2.14,93280,9999,
6099_G_2,Nuclear,1118,1006.2,8.666817007,20,89.44,570682.0809,2.14,93280,9999,
6158_G_1,Hydro,191,0,0.007257839,0,191,0,0,14130,9999,
6158_G_2,Hydro,191,0,0.004116382,0,191,0,0,14130,9999,
6196_G_1,Hydro,38,0,0.048293021,0,38,0,0,14130,9999,
6196_G_2,Hydro,38,0,0.028534079,0,38,0,0,14130,9999,
626_G_1,Hydro,1.3,0,0.009184215,0,1.3,0,0,14130,9999,
632_G_1,Hydro,11.5,0,0.044836644,0,11.5,0,0,14130,9999,
6449_G_1,Hydro,2,0,0.016676208,0,2,0,0,14130,9999,
6479_G_1A,Hydro,27,0,0.033819324,0,27,0,0,14130,9999,
6479_G_3,Hydro,11,0,0.003794268,0,11,0,0,14130,9999,
6479_G_4,Hydro,12,0,0.002607118,0,12,0,0,14130,9999,
6479_G_6,Hydro,27,0,0.033899221,0,27,0,0,14130,9999,
6480_G_2,Hydro,8,0,0.021939419,0,8,0,0,14130,9999,
6480_G_3,Hydro,18,0,0.013547831,0,18,0,0,14130,9999,
6612_G_1,Hydro,38.6,0,0.025008324,0,38.6,0,0,14130,9999,
6643_G_1,Hydro,1,0,0.024036686,0,1,0,0,14130,9999,
6644_G_1,Hydro,4.9,0,0.010978132,0,4.9,0,0,14130,9999,
6645_G_1,Hydro,3.6,0,0.016018273,0,3.6,0,0,14130,9999,
6645_G_2,Hydro,3.6,0,0.042587534,0,3.6,0,0,14130,9999,
6646_G_1,Hydro,9.9,0,0.034858794,0,9.9,0,0,14130,9999,
6647_G_1,Hydro,5.1,0,0.00872815,0,5.1,0,0,14130,9999,
682_G_1,Hydro,155,0,0.005736317,0,155,0,0,14130,9999,
7066_G_1,Hydro,3,0,0.029482157,0,3,0,0,14130,9999,
7066_G_2,Hydro,0.6,0,0.014693381,0,0.6,0,0,14130,9999,
7072_G_1,Hydro,10.8,0,0.005168589,0,10.8,0,0,14130,9999,
7072_G_2,Hydro,10.8,0,0.021610632,0,10.8,0,0,14130,9999,
7072_G_3,Hydro,10.8,0,0.048480135,0,10.8,0,0,14130,9999,
7129_G_TD1,Hydro,3,0,0.007375184,0,3,0,0,14130,9999,
714_G_1,Hydro,1.5,0,0.039095044,0,1.5,0,0,14130,9999,
7147_G_3,Hydro,1,0,0.012871762,0,1,0,0,14130,9999,
7147_G_4,Hydro,1,0,0.042521902,0,1,0,0,14130,9999,
7147_G_5,Hydro,1,0,0.022766687,0,1,0,0,14130,9999,
7151_G_1,Hydro,2.5,0,0.003940506,0,2.5,0,0,14130,9999,
7151_G_2,Hydro,2.5,0,0.047876799,0,2.5,0,0,14130,9999,
7189_G_1,Hydro,2,0,0.018920416,0,2,0,0,14130,9999,
72_G_1,Hydro,10.1,0,0.019508226,0,10.1,0,0,14130,9999,
7229_G_1,Hydro,6.1,0,0.005879333,0,6.1,0,0,14130,9999,
7338_G_NA1,Hydro,23.4,0,0.037969432,0,23.4,0,0,14130,9999,
745_G_1,Hydro,23.9,0,0.046050583,0,23.9,0,0,14130,9999,
7489_G_G1,Hydro,1,0,0.019950874,0,1,0,0,14130,9999,
7489_G_G2,Hydro,2.5,0,0.037393879,0,2.5,0,0,14130,9999,
7507_G_1,Hydro,1.9,0,0.002784156,0,1.9,0,0,14130,9999,
751_G_1,Hydro,2.9,0,0.013225299,0,2.9,0,0,14130,9999,
7646_G_1,Hydro,5,0,0.000228987,0,5,0,0,14130,9999,
7646_G_2,Hydro,5,0,0.031041614,0,5,0,0,14130,9999,
7646_G_3,Hydro,1.5,0,0.03304775,0,1.5,0,0,14130,9999,
776_G_1,Hydro,9,0,0.00982062,0,9,0,0,14130,9999,
7907_G_1,Hydro,55,0,0.040752287,0,55,0,0,14130,9999,
7907_G_2,Hydro,55,0,0.029011392,0,55,0,0,14130,9999,
7907_G_3,Hydro,55,0,0.040878646,0,55,0,0,14130,9999,
7911_G_1,Hydro,11.5,0,0.046051953,0,11.5,0,0,14130,9999,
7942_G_10,Hydro,3.3,0,0.001541602,0,3.3,0,0,14130,9999,
7942_G_11,Hydro,3.3,0,0.046245681,0,3.3,0,0,14130,9999,
7942_G_12,Hydro,3.3,0,0.047243359,0,3.3,0,0,14130,9999,
7942_G_2,Hydro,3.3,0,0.049319564,0,3.3,0,0,14130,9999,
7942_G_3,Hydro,3.3,0,0.013002094,0,3.3,0,0,14130,9999,
7942_G_4,Hydro,3.3,0,0.002983619,0,3.3,0,0,14130,9999,
7942_G_6,Hydro,3.3,0,0.029614193,0,3.3,0,0,14130,9999,
7942_G_7,Hydro,3.3,0,0.018677842,0,3.3,0,0,14130,9999,
7942_G_8,Hydro,3.3,0,0.022876459,0,3.3,0,0,14130,9999,
839_G_7P,Hydro,0.9,0,0.031088591,0,0.9,0,0,14130,9999,
846_G_1,Hydro,0.5,0,0.018860667,0,0.5,0,0,14130,9999,
846_G_2,Hydro,0.5,0,0.003632036,0,0.5,0,0,14130,9999,
846_G_3,Hydro,0.5,0,0.009388024,0,0.5,0,0,14130,9999,
905_G_1,Hydro,17,0,0.016391204,0,17,0,0,14130,9999,
50571_G_GEN1,Landfill Gas,60.9,24.36,8.769946883,4,60.9,3108.634949,8.75,392820,9999,
50831_G_GEN1,Landfill Gas,2,0.8,8.759915445,4,2,102.0898177,8.75,392820,9999,
10472_B_B300,Landfill Gas,59.2,23.68,8.781265274,4,59.2,3021.858604,8.75,392820,9999,
10387_G_3,Landfill Gas,39.8,15.92,8.763589895,4,39.8,2031.587372,8.75,392820,9999,
10387_G_1A,Landfill Gas,126.2,50.48,8.78035584,4,126.2,6441.867497,8.75,392820,9999,
10748_G_U4J16,Landfill Gas,37,14.8,8.791700834,4,37,1888.661627,8.75,392820,9999,
6704_G_10,Combustion Turbine,3.6,0.9,199.072675,1,1.2312,91.88083593,15.45,7340,9999,
6211_G_GEN1,Combustion Turbine,189.6,47.4,260.2643016,3,64.8432,4839.057359,15.45,7340,9999,
6704_G_14,Combustion Turbine,4.2,1.05,199.0560456,1,1.4364,107.1943086,15.45,7340,9999,
10175_G_5083,Combustion Turbine,16.5,4.125,216.0594249,1,5.643,421.120498,15.45,7340,9999,
50632_B_1,Municipal Solid Waste,47.9,19.16,8.77136686,4,47.9,4890.102268,8.75,392820,9999,
10496_G_GTAG,Combustion Turbine,293.6,117.44,44.32191178,3,100.4112,7493.392619,15.45,7340,9999,
151_G_1,Combustion Turbine,242,96.8,69.76536169,3,82.764,6176.433971,15.45,7340,9999,
341_G_CT3,Combustion Turbine,296.8,118.72,65.4651434,3,101.5056,7575.064473,15.45,7340,9999,
6060_G_4,Combustion Turbine,52.7,21.08,68.41589658,1,18.0234,1345.033348,15.45,7340,9999,
10110_G_GEN1,Combustion Turbine,269.4,107.76,57.33893186,3,92.1348,6875.749222,15.45,7340,9999,
50299_G_GEN1,Combustion Turbine,299.2,119.68,51.55552016,3,102.3264,7636.318364,15.45,7340,9999,
50750_G_GEN1,Combustion Turbine,235.6,94.24,65.17301808,3,80.5752,6013.090262,15.45,7340,9999,
52169_G_B,Combustion Turbine,282.7,113.08,58.71857415,3,96.6834,7215.197866,15.45,7340,9999,
57585_G_1,Combustion Turbine,287.5,115,60.27453199,3,98.325,7337.705647,15.45,7340,9999,
10349_G_GEN1,Combustion Turbine,95.5,38.2,43.82570088,2,32.661,2437.394398,15.45,7340,9999,
10156_G_GEN3,Combustion Turbine,263,105.2,52.50347439,3,89.946,6712.405514,15.45,7340,9999,
399_G_GT14,Combustion Turbine,280.8,112.32,51.54563413,3,96.0336,7166.705202,15.45,7340,9999,
55510_G_CPP4,Combustion Turbine,272.6,109.04,53.30208049,3,93.2292,6957.421076,15.45,7340,9999,
55541_G_CTG3,Combustion Turbine,274.8,109.92,51.73410113,3,93.9816,7013.570476,15.45,7340,9999,
55698_G_HEP1,Combustion Turbine,274.2,109.68,51.69560406,3,93.7764,6998.257003,15.45,7340,9999,
55810_G_S5,Combustion Turbine,300,120,56.96859696,3,102.6,7656.736327,15.45,7340,9999,
55951_G_AMP1,Combustion Turbine,266.3,106.52,53.41655518,3,91.0746,6796.629613,15.45,7340,9999,
56232_G_1,Combustion Turbine,277.8,111.12,54.5565079,3,95.0076,7090.137839,15.45,7340,9999,
7449_G_NA1,Combustion Turbine,141.1,56.44,51.14072891,3,48.2562,3601.218319,15.45,7340,9999,
246_G_IC1,Combustion Turbine,270.4,108.16,50.77620413,3,92.4768,6901.271676,15.45,7340,9999,
56135_G_2,Combustion Turbine,291,116.4,50.49056731,3,99.522,7427.034237,15.45,7340,9999,
56471_G_1,Combustion Turbine,292.5,117,50.49782452,3,100.035,7465.317919,15.45,7340,9999,
56569_G_2,Combustion Turbine,256.9,102.76,50.73170004,3,87.8598,6556.718542,15.45,7340,9999,
57001_G_GEN1,Combustion Turbine,291.2,116.48,50.4624342,3,99.5904,7432.138728,15.45,7340,9999,
57483_G_CTG2,Combustion Turbine,299,119.6,52.35913306,3,102.258,7631.213873,15.45,7340,9999,
59074_G_EG6B,Combustion Turbine,228.5,91.4,51.65595711,3,78.147,5831.880836,15.45,7340,9999,
59557_G_AC2FC,Fuel Cell,13,5.2,71.93391179,1,4.446,331.7919075,43,0,9999,
10661_B_4,Biomass,35,14,5.308349331,4,35,3573.143619,5.26,105630,9999,
10052_B_BLR1,Biomass,296.6,118.64,5.272748973,4,296.6,30279.83993,5.26,105630,9999,
50049_B_BLRC,Biomass,183.6,73.44,5.276558566,4,183.6,18743.69053,5.26,105630,9999,
10144_B_BLR3,Biomass,26.5,10.6,5.307393714,4,26.5,2705.380169,5.26,105630,9999,
54238_B_BIOMS1,Biomass,111.1,44.44,5.26721175,4,111.1,11342.17875,5.26,105630,9999,
10601_G_GEN1,Non-Fossil Waste,44.8,17.92,5.285202033,4,44.8,4573.623833,5.26,105630,9999,
10091_G_GEN1,Non-Fossil Waste,18.6,7.44,5.266320962,4,18.6,1898.870609,5.26,105630,9999,
10091_G_G2,Non-Fossil Waste,46,18.4,5.295276071,4,46,4696.131614,5.26,105630,9999,
57696_G_1,Non-Fossil Waste,11,4.4,5.299571767,4,11,1122.987995,5.26,105630,9999,
60918_G_00003,Non-Fossil Waste,26,10.4,5.281864383,4,26,2654.33526,5.26,105630,9999,
50119_G_GENA,Fossil Waste,45.6,18.24,4.470378228,8,20.52,4655.295687,4.47,37800,9999,
56090_G_D182,Fossil Waste,11.2,4.48,4.506009993,8,5.04,1143.405958,4.47,37800,9999,