name,PlantType,maxcap,mincap,opcost,minup,ramp,st_cost,var_om,fix_om,regcost
10191_G_EXIS,Onshore Wind,8.7,8.7,0.03744557078549037,0.0,8.7,0.0,0.0,39550.0,9999.0
10437_G_SUN2,Solar PV,20.0,20.0,0.018530180782975147,0.0,20.0,0.0,0.0,27750.0,9999.0
10438_G_SUN3,Solar PV,13.8,13.8,0.031181249326278894,0.0,13.8,0.0,0.0,27750.0,9999.0
10439_B_3U100,Solar Thermal,36.0,36.0,,0.0,36.0,0.0,,,9999.0
10440_B_4U100,Solar Thermal,36.0,36.0,,0.0,36.0,0.0,,,9999.0
10441_B_5U100,Solar Thermal,36.0,36.0,,0.0,36.0,0.0,,,9999.0
10442_B_6U100,Solar Thermal,36.0,36.0,,0.0,36.0,0.0,,,9999.0
10443_B_7U100,Solar Thermal,36.0,36.0,,0.0,36.0,0.0,,,9999.0
10444_B_HTFHTR,Solar Thermal,88.0,88.0,,0.0,88.0,0.0,,,9999.0
10446_B_HTFHTR,Solar Thermal,88.0,88.0,,0.0,88.0,0.0,,,9999.0
10586_G_EXIS,Onshore Wind,59.6,59.6,0.03965722885823638,0.0,59.6,0.0,0.0,39550.0,9999.0
10597_G_WGN1,Onshore Wind,29.0,29.0,0.024384152555029764,0.0,29.0,0.0,0.0,39550.0,9999.0
10718_G_WND,Onshore Wind,11.7,11.7,0.04252050778663509,0.0,11.7,0.0,0.0,39550.0,9999.0
50276_G_EXIS,Onshore Wind,5.9,5.9,0.023970349589526166,0.0,5.9,0.0,0.0,39550.0,9999.0
50281_G_WGEN,Onshore Wind,31.0,31.0,0.03326319675436073,0.0,31.0,0.0,0.0,39550.0,9999.0
50532_G_15SLE,Onshore Wind,1.5,1.5,0.031666794020716524,0.0,1.5,0.0,0.0,39550.0,9999.0
50532_G_WGNS,Onshore Wind,19.6,19.6,0.023199830927616162,0.0,19.6,0.0,0.0,39550.0,9999.0
50535_G_WGNS,Onshore Wind,49.9,49.9,0.01941286569309333,0.0,49.9,0.0,0.0,39550.0,9999.0
50536_G_WGNS,Onshore Wind,76.9,76.9,0.02269324587638028,0.0,76.9,0.0,0.0,39550.0,9999.0
50552_G_WGNS,Onshore Wind,39.7,39.7,0.027664052931252122,0.0,39.7,0.0,0.0,39550.0,9999.0
50553_G_1,Onshore Wind,20.0,20.0,0.007363048722654548,0.0,20.0,0.0,0.0,39550.0,9999.0
50690_G_GEN1,Onshore Wind,43.4,43.4,0.026240387900453317,0.0,43.4,0.0,0.0,39550.0,9999.0
50754_G_GEN1,Onshore Wind,3.5,3.5,0.027780724128439984,0.0,3.5,0.0,0.0,39550.0,9999.0
50754_G_GEN2,Onshore Wind,4.2,4.2,0.008387233443052339,0.0,4.2,0.0,0.0,39550.0,9999.0
50754_G_GEN3,Onshore Wind,23.1,23.1,0.04313284890777581,0.0,23.1,0.0,0.0,39550.0,9999.0
50754_G_GEN4,Onshore Wind,3.7,3.7,0.0388132030113573,0.0,3.7,0.0,0.0,39550.0,9999.0
50820_G_GEN1,Onshore Wind,3.0,3.0,0.018393447205965825,0.0,3.0,0.0,0.0,39550.0,9999.0
50821_G_GEN1,Onshore Wind,30.0,30.0,0.03974931671067861,0.0,30.0,0.0,0.0,39550.0,9999.0
50822_G_GEN1,Onshore Wind,25.0,25.0,0.048785323211137974,0.0,25.0,0.0,0.0,39550.0,9999.0
50823_G_GEN1,Onshore Wind,30.0,30.0,0.027798594403589075,0.0,30.0,0.0,0.0,39550.0,9999.0
52142_G_GEN1,Onshore Wind,29.0,29.0,0.0033794175728723065,0.0,29.0,0.0,0.0,39550.0,9999.0
52143_G_GEN1,Onshore Wind,23.5,23.5,0.0178730572757405,0.0,23.5,0.0,0.0,39550.0,9999.0
52144_G_GEN1,Onshore Wind,22.5,22.5,0.012817294437048588,0.0,22.5,0.0,0.0,39550.0,9999.0
52162_G_WGNS,Onshore Wind,14.1,14.1,0.04424523222762183,0.0,14.1,0.0,0.0,39550.0,9999.0
52163_G_WTGN,Onshore Wind,21.2,21.2,0.006789588351195187,0.0,21.2,0.0,0.0,39550.0,9999.0
52165_G_WGNS,Onshore Wind,1.8,1.8,0.02871707314690643,0.0,1.8,0.0,0.0,39550.0,9999.0
54298_G_GEWE,Onshore Wind,7.5,7.5,0.03772235806534594,0.0,7.5,0.0,0.0,39550.0,9999.0
54299_G_GEWE,Onshore Wind,3.0,3.0,0.04875153658496162,0.0,3.0,0.0,0.0,39550.0,9999.0
54300_G_GEWE,Onshore Wind,4.5,4.5,0.044907799667516596,0.0,4.5,0.0,0.0,39550.0,9999.0
54453_G_GEN2,Onshore Wind,15.5,15.5,0.020463269112175234,0.0,15.5,0.0,0.0,39550.0,9999.0
54454_G_GEN11,Onshore Wind,49.5,49.5,0.04784224559036788,0.0,49.5,0.0,0.0,39550.0,9999.0
54647_G_EXIS,Onshore Wind,28.7,28.7,0.03919089304833409,0.0,28.7,0.0,0.0,39550.0,9999.0
54650_G_EXI2,Onshore Wind,9.1,9.1,0.02099628702506818,0.0,9.1,0.0,0.0,39550.0,9999.0
54650_G_EXIS,Onshore Wind,9.6,9.6,0.003175937695619741,0.0,9.6,0.0,0.0,39550.0,9999.0
54750_G_VW1,Onshore Wind,6.5,6.5,0.002674524632131953,0.0,6.5,0.0,0.0,39550.0,9999.0
54909_G_EXI2,Onshore Wind,8.3,8.3,0.003007155946533358,0.0,8.3,0.0,0.0,39550.0,9999.0
54909_G_EXIS,Onshore Wind,13.6,13.6,0.04123303377519598,0.0,13.6,0.0,0.0,39550.0,9999.0
54931_G_WGN1,Onshore Wind,46.9,46.9,0.028738105396730662,0.0,46.9,0.0,0.0,39550.0,9999.0
55396_G_WGNS,Onshore Wind,16.5,16.5,0.02534009502421889,0.0,16.5,0.0,0.0,39550.0,9999.0
55719_G_GEN2,Onshore Wind,22.2,22.2,0.006229908597578388,0.0,22.2,0.0,0.0,39550.0,9999.0
55719_G_GENI,Onshore Wind,44.4,44.4,0.04069205357524871,0.0,44.4,0.0,0.0,39550.0,9999.0
56011_G_V-47,Onshore Wind,41.0,41.0,0.022899974737678377,0.0,41.0,0.0,0.0,39550.0,9999.0
56012_G_1,Onshore Wind,61.5,61.5,0.019040453451860756,0.0,61.5,0.0,0.0,39550.0,9999.0
56075_G_1,Onshore Wind,145.8,145.8,0.02366050222257762,0.0,145.8,0.0,0.0,39550.0,9999.0
56075_G_2,Onshore Wind,16.2,16.2,0.012329620383819774,0.0,16.2,0.0,0.0,39550.0,9999.0
56112_G_V47,Onshore Wind,22.4,22.4,0.042992616466071464,0.0,22.4,0.0,0.0,39550.0,9999.0
56271_G_VEST,Onshore Wind,18.0,18.0,0.00012715771524714483,0.0,18.0,0.0,0.0,39550.0,9999.0
56275_G_WGNS,Onshore Wind,2.4,2.4,0.0483099173102047,0.0,2.4,0.0,0.0,39550.0,9999.0
56276_G_WGNS,Onshore Wind,1.6,1.6,0.03223820210978925,0.0,1.6,0.0,0.0,39550.0,9999.0
56295_G_1,Onshore Wind,50.0,50.0,0.027133179053117656,0.0,50.0,0.0,0.0,39550.0,9999.0
56302_G_1,Onshore Wind,60.0,60.0,0.014925922693553651,0.0,60.0,0.0,0.0,39550.0,9999.0
56362_G_1,Onshore Wind,150.0,150.0,0.044722231074612574,0.0,150.0,0.0,0.0,39550.0,9999.0
56433_G_1,Onshore Wind,135.0,135.0,0.0414505695559927,0.0,135.0,0.0,0.0,39550.0,9999.0
56446_G_1,Onshore Wind,38.0,38.0,0.0044981006051098395,0.0,38.0,0.0,0.0,39550.0,9999.0
56570_G_WGNS,Onshore Wind,7.4,7.4,0.035056363954755185,0.0,7.4,0.0,0.0,39550.0,9999.0
56654_G_1,Onshore Wind,101.2,101.2,0.030144946654599238,0.0,101.2,0.0,0.0,39550.0,9999.0
56768_G_CR1,Solar PV,5.0,5.0,0.022175592688168884,0.0,5.0,0.0,0.0,27750.0,9999.0
56791_G_1,Onshore Wind,45.0,45.0,0.041547526970406916,0.0,45.0,0.0,0.0,39550.0,9999.0
56813_G_1,Solar PV,0.5,0.5,0.029718998765340173,0.0,0.5,0.0,0.0,27750.0,9999.0
56813_G_2,Solar PV,0.5,0.5,0.030293970038446562,0.0,0.5,0.0,0.0,27750.0,9999.0
56814_G_PV1,Solar PV,0.4,0.4,0.01658318432590728,0.0,0.4,0.0,0.0,27750.0,9999.0
56814_G_PV2,Solar PV,0.4,0.4,0.001436165514750204,0.0,0.4,0.0,0.0,27750.0,9999.0
56862_G_1,Solar PV,0.3,0.3,0.018344531454967977,0.0,0.3,0.0,0.0,27750.0,9999.0
56862_G_2,Solar PV,0.3,0.3,0.03222917556812739,0.0,0.3,0.0,0.0,27750.0,9999.0
56862_G_3,Solar PV,0.3,0.3,0.03625457566308385,0.0,0.3,0.0,0.0,27750.0,9999.0
56862_G_4,Solar PV,0.3,0.3,0.021685880579841478,0.0,0.3,0.0,0.0,27750.0,9999.0
56874_G_TBD,Onshore Wind,150.0,150.0,0.046490882761729815,0.0,150.0,0.0,0.0,39550.0,9999.0
56875_G_TBD,Solar PV,1.0,1.0,0.028814480458056055,0.0,1.0,0.0,0.0,27750.0,9999.0
56909_G_1,Solar PV,0.3,0.3,0.04676818039977945,0.0,0.3,0.0,0.0,27750.0,9999.0
56909_G_2,Solar PV,0.3,0.3,0.03540435193033124,0.0,0.3,0.0,0.0,27750.0,9999.0
56909_G_3,Solar PV,0.3,0.3,0.02004317056398778,0.0,0.3,0.0,0.0,27750.0,9999.0
56909_G_4,Solar PV,0.3,0.3,0.04836354210075056,0.0,0.3,0.0,0.0,27750.0,9999.0
56917_G_1,Solar PV,101.0,101.0,0.005227896872514221,0.0,101.0,0.0,0.0,27750.0,9999.0
56917_G_1A,Solar PV,64.6,64.6,0.03183276008056385,0.0,64.6,0.0,0.0,27750.0,9999.0
56917_G_1B,Solar PV,34.3,34.3,0.04188610512483677,0.0,34.3,0.0,0.0,27750.0,9999.0
56939_G_1,Solar PV,21.0,21.0,0.03945815962786401,0.0,21.0,0.0,0.0,27750.0,9999.0
56996_G_S1A,Solar PV,0.5,0.5,0.03423375748467999,0.0,0.5,0.0,0.0,27750.0,9999.0
56996_G_S1B,Solar PV,0.5,0.5,0.04625450296786529,0.0,0.5,0.0,0.0,27750.0,9999.0
57004_G_1,Solar PV,0.9,0.9,0.04735077644083796,0.0,0.9,0.0,0.0,27750.0,9999.0
57005_G_1,Solar PV,0.9,0.9,0.02833203456440594,0.0,0.9,0.0,0.0,27750.0,9999.0
57006_G_1,Solar PV,0.9,0.9,0.017148593551805563,0.0,0.9,0.0,0.0,27750.0,9999.0
57007_G_1,Solar PV,0.9,0.9,0.005526033432247135,0.0,0.9,0.0,0.0,27750.0,9999.0
57008_G_1,Solar PV,0.8,0.8,0.029374157299749837,0.0,0.8,0.0,0.0,27750.0,9999.0
57009_G_1,Solar PV,0.9,0.9,0.03664653125251777,0.0,0.9,0.0,0.0,27750.0,9999.0
57010_G_1,Solar PV,0.9,0.9,0.043296080557137274,0.0,0.9,0.0,0.0,27750.0,9999.0
57011_G_1,Solar PV,0.9,0.9,0.023102569977596,0.0,0.9,0.0,0.0,27750.0,9999.0
57012_G_1,Solar PV,0.9,0.9,0.002198269285114918,0.0,0.9,0.0,0.0,27750.0,9999.0
57041_G_1,Solar PV,2.0,2.0,0.011264662176705121,0.0,2.0,0.0,0.0,27750.0,9999.0
57073_B_BLR1,Solar Thermal,133.0,133.0,,0.0,133.0,0.0,,,9999.0
57074_B_BLR1,Solar Thermal,133.0,133.0,,0.0,133.0,0.0,,,9999.0
57075_B_BLR1,Solar Thermal,133.0,133.0,,0.0,133.0,0.0,,,9999.0
57201_G_S2.3,Onshore Wind,36.8,36.8,0.03856609753312862,0.0,36.8,0.0,0.0,39550.0,9999.0
57217_G_S003A,Solar PV,0.5,0.5,0.0443200547718367,0.0,0.5,0.0,0.0,27750.0,9999.0
57217_G_S003B,Solar PV,0.5,0.5,0.042493836014014824,0.0,0.5,0.0,0.0,27750.0,9999.0
57219_G_S005A,Solar PV,0.5,0.5,0.025625820227447915,0.0,0.5,0.0,0.0,27750.0,9999.0
57219_G_S005B,Solar PV,0.5,0.5,0.010326729109576216,0.0,0.5,0.0,0.0,27750.0,9999.0
57219_G_S005C,Solar PV,0.5,0.5,0.012997342262284784,0.0,0.5,0.0,0.0,27750.0,9999.0
57219_G_S005D,Solar PV,0.5,0.5,0.039530162976445266,0.0,0.5,0.0,0.0,27750.0,9999.0
57219_G_S005E,Solar PV,0.5,0.5,0.005058667127461974,0.0,0.5,0.0,0.0,27750.0,9999.0
57220_G_S006A,Solar PV,0.5,0.5,0.00608699955763003,0.0,0.5,0.0,0.0,27750.0,9999.0
57220_G_S006B,Solar PV,0.5,0.5,0.007447083224689822,0.0,0.5,0.0,0.0,27750.0,9999.0
57220_G_S006C,Solar PV,0.5,0.5,0.021942486744156914,0.0,0.5,0.0,0.0,27750.0,9999.0
57220_G_S006D,Solar PV,0.5,0.5,0.022115518218062114,0.0,0.5,0.0,0.0,27750.0,9999.0
57221_G_S007A,Solar PV,0.5,0.5,0.006886452055918507,0.0,0.5,0.0,0.0,27750.0,9999.0
57221_G_S007B,Solar PV,0.5,0.5,0.03989561913380646,0.0,0.5,0.0,0.0,27750.0,9999.0
57221_G_S007C,Solar PV,0.5,0.5,0.0008521169719099165,0.0,0.5,0.0,0.0,27750.0,9999.0
57221_G_S007D,Solar PV,0.5,0.5,0.02310621647314552,0.0,0.5,0.0,0.0,27750.0,9999.0
57221_G_S007E,Solar PV,0.5,0.5,0.04886264072755099,0.0,0.5,0.0,0.0,27750.0,9999.0
57222_G_S008A,Solar PV,0.5,0.5,0.0494496340935757,0.0,0.5,0.0,0.0,27750.0,9999.0
57222_G_S008B,Solar PV,0.5,0.5,0.022965141129309377,0.0,0.5,0.0,0.0,27750.0,9999.0
57222_G_S008C,Solar PV,0.5,0.5,0.022269806789580383,0.0,0.5,0.0,0.0,27750.0,9999.0
57222_G_S008D,Solar PV,0.5,0.5,0.032405908895859724,0.0,0.5,0.0,0.0,27750.0,9999.0
57223_G_S009A,Solar PV,0.5,0.5,0.030629304549089343,0.0,0.5,0.0,0.0,27750.0,9999.0
57223_G_S009B,Solar PV,0.5,0.5,0.02244541218923664,0.0,0.5,0.0,0.0,27750.0,9999.0
57224_G_S010A,Solar PV,0.5,0.5,0.001182031603586159,0.0,0.5,0.0,0.0,27750.0,9999.0
57224_G_S010B,Solar PV,0.5,0.5,0.04288003536640256,0.0,0.5,0.0,0.0,27750.0,9999.0
57224_G_S010C,Solar PV,0.5,0.5,0.0022713425820312994,0.0,0.5,0.0,0.0,27750.0,9999.0
57225_G_S011A,Solar PV,0.5,0.5,0.03315668132547421,0.0,0.5,0.0,0.0,27750.0,9999.0
57225_G_S011B,Solar PV,0.5,0.5,0.035546873459887954,0.0,0.5,0.0,0.0,27750.0,9999.0
57225_G_S011C,Solar PV,0.5,0.5,0.014091801822328982,0.0,0.5,0.0,0.0,27750.0,9999.0
57225_G_S011D,Solar PV,0.5,0.5,0.003979308480563132,0.0,0.5,0.0,0.0,27750.0,9999.0
57225_G_S011E,Solar PV,0.5,0.5,0.04099729458287468,0.0,0.5,0.0,0.0,27750.0,9999.0
57225_G_S011F,Solar PV,0.5,0.5,0.030463949616025627,0.0,0.5,0.0,0.0,27750.0,9999.0
57225_G_S011G,Solar PV,0.5,0.5,0.035506560497736636,0.0,0.5,0.0,0.0,27750.0,9999.0
57226_G_S012A,Solar PV,0.5,0.5,0.032316396404500555,0.0,0.5,0.0,0.0,27750.0,9999.0
57227_G_S013A,Solar PV,0.5,0.5,0.04144143452420739,0.0,0.5,0.0,0.0,27750.0,9999.0
57227_G_S013B,Solar PV,0.5,0.5,0.03234550092765333,0.0,0.5,0.0,0.0,27750.0,9999.0
57227_G_S013C,Solar PV,0.5,0.5,0.04339320336781597,0.0,0.5,0.0,0.0,27750.0,9999.0
57227_G_S013D,Solar PV,0.5,0.5,0.0059794873588581605,0.0,0.5,0.0,0.0,27750.0,9999.0
57227_G_S013E,Solar PV,0.5,0.5,0.046166069411573765,0.0,0.5,0.0,0.0,27750.0,9999.0
57227_G_S013F,Solar PV,0.5,0.5,0.00484408855335613,0.0,0.5,0.0,0.0,27750.0,9999.0
57227_G_S013G,Solar PV,0.5,0.5,0.011126140847770905,0.0,0.5,0.0,0.0,27750.0,9999.0
57229_G_S015A,Solar PV,0.5,0.5,0.009585609604587054,0.0,0.5,0.0,0.0,27750.0,9999.0
57229_G_S015B,Solar PV,0.5,0.5,0.03831231334815066,0.0,0.5,0.0,0.0,27750.0,9999.0
57229_G_S015C,Solar PV,0.5,0.5,0.02943928030276601,0.0,0.5,0.0,0.0,27750.0,9999.0
57229_G_S015D,Solar PV,0.5,0.5,0.005777847081294585,0.0,0.5,0.0,0.0,27750.0,9999.0
57229_G_S015E,Solar PV,0.5,0.5,0.02021759330106287,0.0,0.5,0.0,0.0,27750.0,9999.0
57229_G_S015F,Solar PV,0.5,0.5,0.015760455335648623,0.0,0.5,0.0,0.0,27750.0,9999.0
57229_G_S015G,Solar PV,0.5,0.5,0.03609122280822074,0.0,0.5,0.0,0.0,27750.0,9999.0
57230_G_S016A,Solar PV,0.5,0.5,0.011111510625364763,0.0,0.5,0.0,0.0,27750.0,9999.0
57230_G_S016B,Solar PV,0.5,0.5,0.02126609422015412,0.0,0.5,0.0,0.0,27750.0,9999.0
57230_G_S016C,Solar PV,0.5,0.5,0.03532025932749799,0.0,0.5,0.0,0.0,27750.0,9999.0
57231_G_S017A,Solar PV,0.5,0.5,0.03309525347532546,0.0,0.5,0.0,0.0,27750.0,9999.0
57231_G_S017B,Solar PV,0.5,0.5,0.03946367662772073,0.0,0.5,0.0,0.0,27750.0,9999.0
57231_G_S017C,Solar PV,0.5,0.5,0.024321465492034178,0.0,0.5,0.0,0.0,27750.0,9999.0
57231_G_S017D,Solar PV,0.5,0.5,0.024087654028376166,0.0,0.5,0.0,0.0,27750.0,9999.0
57231_G_S017E,Solar PV,0.5,0.5,0.02633615664775468,0.0,0.5,0.0,0.0,27750.0,9999.0
57231_G_S017F,Solar PV,0.5,0.5,0.00671555173004575,0.0,0.5,0.0,0.0,27750.0,9999.0
57231_G_S017G,Solar PV,0.5,0.5,0.002934839015273877,0.0,0.5,0.0,0.0,27750.0,9999.0
57232_G_S018A,Solar PV,0.5,0.5,0.04793446684498299,0.0,0.5,0.0,0.0,27750.0,9999.0
57232_G_S018B,Solar PV,0.5,0.5,0.033495229952505826,0.0,0.5,0.0,0.0,27750.0,9999.0
57232_G_S018C,Solar PV,0.5,0.5,0.02719753062018069,0.0,0.5,0.0,0.0,27750.0,9999.0
57236_G_S023A,Solar PV,0.5,0.5,0.010196083795013756,0.0,0.5,0.0,0.0,27750.0,9999.0
57236_G_S023B,Solar PV,0.5,0.5,0.00795243617829884,0.0,0.5,0.0,0.0,27750.0,9999.0
57236_G_S023C,Solar PV,0.5,0.5,0.04392127995779899,0.0,0.5,0.0,0.0,27750.0,9999.0
57236_G_S023D,Solar PV,0.5,0.5,0.02645633547321341,0.0,0.5,0.0,0.0,27750.0,9999.0
57236_G_S023E,Solar PV,0.5,0.5,0.042752850426038484,0.0,0.5,0.0,0.0,27750.0,9999.0
57237_G_S022A,Solar PV,0.5,0.5,0.03932124003793438,0.0,0.5,0.0,0.0,27750.0,9999.0
57237_G_S022B,Solar PV,0.5,0.5,0.022281970386750047,0.0,0.5,0.0,0.0,27750.0,9999.0
57237_G_S022C,Solar PV,0.5,0.5,0.007063105472222626,0.0,0.5,0.0,0.0,27750.0,9999.0
57237_G_S022D,Solar PV,0.5,0.5,0.030728100993466758,0.0,0.5,0.0,0.0,27750.0,9999.0
57245_G_S026A,Solar PV,0.5,0.5,0.014621827249925508,0.0,0.5,0.0,0.0,27750.0,9999.0
57245_G_S026B,Solar PV,0.5,0.5,0.03989878692391626,0.0,0.5,0.0,0.0,27750.0,9999.0
57245_G_S026C,Solar PV,0.5,0.5,0.009844220896307217,0.0,0.5,0.0,0.0,27750.0,9999.0
57245_G_S026D,Solar PV,0.5,0.5,0.021983330259979752,0.0,0.5,0.0,0.0,27750.0,9999.0
57245_G_S026E,Solar PV,0.5,0.5,0.0023196893439967115,0.0,0.5,0.0,0.0,27750.0,9999.0
57245_G_S026F,Solar PV,0.5,0.5,0.000500498023974677,0.0,0.5,0.0,0.0,27750.0,9999.0
57245_G_S026G,Solar PV,0.5,0.5,0.04446486653417201,0.0,0.5,0.0,0.0,27750.0,9999.0
57245_G_S026H,Solar PV,0.5,0.5,0.030370509371970496,0.0,0.5,0.0,0.0,27750.0,9999.0
57245_G_S026I,Solar PV,0.5,0.5,0.04937009520387399,0.0,0.5,0.0,0.0,27750.0,9999.0
57245_G_S026J,Solar PV,0.5,0.5,0.00462684530933839,0.0,0.5,0.0,0.0,27750.0,9999.0
57245_G_SO26K,Solar PV,0.5,0.5,0.041519246514653864,0.0,0.5,0.0,0.0,27750.0,9999.0
57245_G_SO26L,Solar PV,0.5,0.5,0.004737881008846895,0.0,0.5,0.0,0.0,27750.0,9999.0
57246_G_S027A,Solar PV,0.5,0.5,0.049610911797917955,0.0,0.5,0.0,0.0,27750.0,9999.0
57246_G_S027B,Solar PV,0.5,0.5,0.04312291690130199,0.0,0.5,0.0,0.0,27750.0,9999.0
57246_G_S027C,Solar PV,0.5,0.5,0.033109765012403224,0.0,0.5,0.0,0.0,27750.0,9999.0
57246_G_S027D,Solar PV,0.5,0.5,0.030477523699783817,0.0,0.5,0.0,0.0,27750.0,9999.0
57247_G_S028A,Solar PV,0.5,0.5,0.018045157446435044,0.0,0.5,0.0,0.0,27750.0,9999.0
57247_G_S028B,Solar PV,0.5,0.5,0.027796188192535504,0.0,0.5,0.0,0.0,27750.0,9999.0
57247_G_S028C,Solar PV,0.5,0.5,0.0030978841156533046,0.0,0.5,0.0,0.0,27750.0,9999.0
57247_G_S028D,Solar PV,0.5,0.5,0.030645463386887745,0.0,0.5,0.0,0.0,27750.0,9999.0
57247_G_S028E,Solar PV,0.5,0.5,0.024555481783334138,0.0,0.5,0.0,0.0,27750.0,9999.0
57247_G_S028F,Solar PV,0.5,0.5,0.021295973194329743,0.0,0.5,0.0,0.0,27750.0,9999.0
57247_G_S028G,Solar PV,0.5,0.5,0.03862670383753435,0.0,0.5,0.0,0.0,27750.0,9999.0
57254_G_1PV,Solar PV,1.0,1.0,0.041146269485516855,0.0,1.0,0.0,0.0,27750.0,9999.0
57282_G_AW01,Onshore Wind,150.0,150.0,0.011603907669536402,0.0,150.0,0.0,0.0,39550.0,9999.0
57291_G_AW02,Onshore Wind,150.0,150.0,0.04334912626556838,0.0,150.0,0.0,0.0,39550.0,9999.0
57292_G_AW03,Onshore Wind,150.0,150.0,0.00886606262376109,0.0,150.0,0.0,0.0,39550.0,9999.0
57293_G_AW04,Onshore Wind,102.0,102.0,0.046769948549105544,0.0,102.0,0.0,0.0,39550.0,9999.0
57294_G_AW05,Onshore Wind,168.0,168.0,0.04087469120593577,0.0,168.0,0.0,0.0,39550.0,9999.0
57295_G_1,Solar PV,66.0,66.0,0.0383859994438462,0.0,66.0,0.0,0.0,27750.0,9999.0
57302_G_1,Onshore Wind,6.5,6.5,0.008642057183654229,0.0,6.5,0.0,0.0,39550.0,9999.0
57305_G_1,Solar PV,10.0,10.0,0.04806084519367245,0.0,10.0,0.0,0.0,27750.0,9999.0
57306_G_1,Solar PV,8.5,8.5,0.005248535659303517,0.0,8.5,0.0,0.0,27750.0,9999.0
57308_G_1,Solar PV,2.2,2.2,0.030682886848949334,0.0,2.2,0.0,0.0,27750.0,9999.0
57309_G_1,Solar PV,1.1,1.1,0.01877662174123474,0.0,1.1,0.0,0.0,27750.0,9999.0
57310_G_1,Solar PV,1.3,1.3,0.018409103712508673,0.0,1.3,0.0,0.0,27750.0,9999.0
57311_G_1,Solar PV,1.0,1.0,0.03963706782691287,0.0,1.0,0.0,0.0,27750.0,9999.0
57313_G_1,Solar PV,1.2,1.2,0.008385464478754923,0.0,1.2,0.0,0.0,27750.0,9999.0
57314_G_1,Solar PV,2.2,2.2,0.016607047166989165,0.0,2.2,0.0,0.0,27750.0,9999.0
57331_B_MSP1,Solar Thermal,138.0,138.0,,0.0,138.0,0.0,,,9999.0
57331_B_MSP2,Solar Thermal,138.0,138.0,,0.0,138.0,0.0,,,9999.0
57359_G_1,Solar PV,6.0,6.0,0.036864506740993584,0.0,6.0,0.0,0.0,27750.0,9999.0
57360_G_1,Solar PV,20.0,20.0,0.021742801411734087,0.0,20.0,0.0,0.0,27750.0,9999.0
57361_G_1,Solar PV,19.0,19.0,0.04210383251505927,0.0,19.0,0.0,0.0,27750.0,9999.0
57378_G_AVSR,Solar PV,241.5,241.5,0.022519995484775724,0.0,241.5,0.0,0.0,27750.0,9999.0
57394_B_SOLAR,Solar Thermal,250.0,250.0,,0.0,250.0,0.0,,,9999.0
57422_G_1,Solar PV,1.0,1.0,0.036391265031011776,0.0,1.0,0.0,0.0,27750.0,9999.0
57439_G_HPR2,Solar PV,32.3,32.3,0.007121814772454955,0.0,32.3,0.0,0.0,27750.0,9999.0
57439_G_HPR2A,Solar PV,21.0,21.0,0.019354095773016028,0.0,21.0,0.0,0.0,27750.0,9999.0
57439_G_HPR2B,Solar PV,86.5,86.5,0.030954558958684982,0.0,86.5,0.0,0.0,27750.0,9999.0
57439_G_HPR2C,Solar PV,70.0,70.0,0.03226340365229137,0.0,70.0,0.0,0.0,27750.0,9999.0
57439_G_HPR2D,Solar PV,40.0,40.0,0.006139623596526079,0.0,40.0,0.0,0.0,27750.0,9999.0
57441_G_S42A,Solar PV,0.5,0.5,0.04780069970638384,0.0,0.5,0.0,0.0,27750.0,9999.0
57441_G_S42B,Solar PV,0.5,0.5,0.023938827782788122,0.0,0.5,0.0,0.0,27750.0,9999.0
57441_G_S42C,Solar PV,0.5,0.5,0.027548707576127807,0.0,0.5,0.0,0.0,27750.0,9999.0
57441_G_S42D,Solar PV,0.5,0.5,0.027510147159166748,0.0,0.5,0.0,0.0,27750.0,9999.0
57441_G_S42E,Solar PV,0.5,0.5,0.007030169958616623,0.0,0.5,0.0,0.0,27750.0,9999.0
57441_G_S42F,Solar PV,0.5,0.5,0.044359191172189755,0.0,0.5,0.0,0.0,27750.0,9999.0
57441_G_S42G,Solar PV,0.5,0.5,0.03532808432702696,0.0,0.5,0.0,0.0,27750.0,9999.0
57441_G_S42H,Solar PV,0.5,0.5,0.02630087906732034,0.0,0.5,0.0,0.0,27750.0,9999.0
57441_G_S42I,Solar PV,0.5,0.5,0.030728712969408475,0.0,0.5,0.0,0.0,27750.0,9999.0
57441_G_S42J,Solar PV,0.5,0.5,0.04328271933500695,0.0,0.5,0.0,0.0,27750.0,9999.0
57455_G_SB1,Solar PV,26.0,26.0,0.032337316717534634,0.0,26.0,0.0,0.0,27750.0,9999.0
57459_G_1,Onshore Wind,49.0,49.0,0.010630623449133014,0.0,49.0,0.0,0.0,39550.0,9999.0
57484_G_GEN1,Onshore Wind,189.0,189.0,0.002435032771786311,0.0,189.0,0.0,0.0,39550.0,9999.0
57490_G_56819,Solar PV,128.9,128.9,0.024736399940362194,0.0,128.9,0.0,0.0,27750.0,9999.0
57491_G_56819,Solar PV,148.7,148.7,0.009937675430699894,0.0,148.7,0.0,0.0,27750.0,9999.0
57497_G_1,Solar PV,20.0,20.0,0.04398017877981901,0.0,20.0,0.0,0.0,27750.0,9999.0
57498_G_1,Solar PV,15.0,15.0,0.043324190374691485,0.0,15.0,0.0,0.0,27750.0,9999.0
57499_G_1,Solar PV,15.0,15.0,0.04382595684900367,0.0,15.0,0.0,0.0,27750.0,9999.0
57506_G_SEIM,Solar PV,1.0,1.0,0.04095265021048042,0.0,1.0,0.0,0.0,27750.0,9999.0
57514_G_WTG,Onshore Wind,265.4,265.4,0.0016712439083460763,0.0,265.4,0.0,0.0,39550.0,9999.0
57521_G_1,Solar PV,10.0,10.0,0.039397107351927474,0.0,10.0,0.0,0.0,27750.0,9999.0
57522_G_1,Solar PV,20.0,20.0,0.037111562080846656,0.0,20.0,0.0,0.0,27750.0,9999.0
57523_G_1,Solar PV,20.0,20.0,0.02998844880016089,0.0,20.0,0.0,0.0,27750.0,9999.0
57534_G_S32A,Solar PV,0.5,0.5,0.03133945834373255,0.0,0.5,0.0,0.0,27750.0,9999.0
57534_G_S32B,Solar PV,0.5,0.5,0.03986848148486128,0.0,0.5,0.0,0.0,27750.0,9999.0
57534_G_S32C,Solar PV,0.5,0.5,0.027154629750325357,0.0,0.5,0.0,0.0,27750.0,9999.0
57535_G_S33A,Solar PV,0.5,0.5,0.009150023030270061,0.0,0.5,0.0,0.0,27750.0,9999.0
57535_G_S33B,Solar PV,0.5,0.5,0.022818969569502436,0.0,0.5,0.0,0.0,27750.0,9999.0
57559_G_1,Solar PV,4.5,4.5,0.02745545817035972,0.0,4.5,0.0,0.0,27750.0,9999.0
57579_G_1,Solar PV,0.9,0.9,0.0424502209679625,0.0,0.9,0.0,0.0,27750.0,9999.0
57579_G_2,Solar PV,0.4,0.4,0.03310645573754018,0.0,0.4,0.0,0.0,27750.0,9999.0
57586_G_1,Onshore Wind,102.5,102.5,0.03285559550278502,0.0,102.5,0.0,0.0,39550.0,9999.0
57594_G_WTG1,Onshore Wind,1.5,1.5,0.001559456855367708,0.0,1.5,0.0,0.0,39550.0,9999.0
57621_G_GEN1,Onshore Wind,79.2,79.2,0.039233756095154865,0.0,79.2,0.0,0.0,39550.0,9999.0
57626_G_WTG1,Onshore Wind,2.0,2.0,0.003340040656150023,0.0,2.0,0.0,0.0,39550.0,9999.0
57650_G_FRV4,Solar PV,60.0,60.0,0.017678203881860727,0.0,60.0,0.0,0.0,27750.0,9999.0
57651_G_FRV3,Solar PV,20.0,20.0,0.024906868387298053,0.0,20.0,0.0,0.0,27750.0,9999.0
57655_G_BC01,Solar PV,1.1,1.1,0.04295300257651209,0.0,1.1,0.0,0.0,27750.0,9999.0
57656_G_1,Solar PV,1.5,1.5,0.03899988388318378,0.0,1.5,0.0,0.0,27750.0,9999.0
57669_G_PV1,Solar PV,17.0,17.0,0.027223729315267904,0.0,17.0,0.0,0.0,27750.0,9999.0
57670_G_PV1,Solar PV,2.9,2.9,0.00910461754688372,0.0,2.9,0.0,0.0,27750.0,9999.0
57671_G_PV1,Solar PV,2.9,2.9,0.02717041405978563,0.0,2.9,0.0,0.0,27750.0,9999.0
57682_G_1,Solar PV,1.0,1.0,0.007050110905461588,0.0,1.0,0.0,0.0,27750.0,9999.0
57683_G_1,Solar PV,0.9,0.9,0.033279297201569066,0.0,0.9,0.0,0.0,27750.0,9999.0
57695_G_TPZ1,Solar PV,129.8,129.8,0.03920045205949927,0.0,129.8,0.0,0.0,27750.0,9999.0
57695_G_TPZ2,Solar PV,151.2,151.2,0.03640955195101685,0.0,151.2,0.0,0.0,27750.0,9999.0
57695_G_TPZ3,Solar PV,102.1,102.1,0.003995901341730179,0.0,102.1,0.0,0.0,27750.0,9999.0
57695_G_TPZ4,Solar PV,90.3,90.3,0.02334012033111528,0.0,90.3,0.0,0.0,27750.0,9999.0
57695_G_TPZ5,Solar PV,112.5,112.5,0.02725055734144415,0.0,112.5,0.0,0.0,27750.0,9999.0
57697_G_1,Solar PV,3.0,3.0,0.047848745851460976,0.0,3.0,0.0,0.0,27750.0,9999.0
57698_G_1,Solar PV,2.7,2.7,0.04476229172199652,0.0,2.7,0.0,0.0,27750.0,9999.0
57700_G_1,Onshore Wind,78.2,78.2,0.042663980355276354,0.0,78.2,0.0,0.0,39550.0,9999.0
57701_G_1,Onshore Wind,78.2,78.2,0.015752838142737535,0.0,78.2,0.0,0.0,39550.0,9999.0
57708_G_INV,Solar PV,110.0,110.0,0.0463583522724115,0.0,110.0,0.0,0.0,27750.0,9999.0
57722_G_1,Solar PV,4.0,4.0,0.047461338918136704,0.0,4.0,0.0,0.0,27750.0,9999.0
57725_G_1,Onshore Wind,102.5,102.5,0.021266305984398676,0.0,102.5,0.0,0.0,39550.0,9999.0
57743_G_1,Solar PV,2.4,2.4,0.03322729496726946,0.0,2.4,0.0,0.0,27750.0,9999.0
57753_G_PV1,Solar PV,1.0,1.0,0.0032564205643881685,0.0,1.0,0.0,0.0,27750.0,9999.0
57757_G_1,Onshore Wind,140.0,140.0,0.04554714034177816,0.0,140.0,0.0,0.0,39550.0,9999.0
57764_G_1,Solar PV,11.1,11.1,0.026165291834361084,0.0,11.1,0.0,0.0,27750.0,9999.0
57773_G_1,Solar PV,1.2,1.2,0.015445358117624243,0.0,1.2,0.0,0.0,27750.0,9999.0
57774_G_WGNS,Onshore Wind,120.0,120.0,0.023646745495112576,0.0,120.0,0.0,0.0,39550.0,9999.0
57777_G_DL1,Solar PV,3.0,3.0,0.03192424968790523,0.0,3.0,0.0,0.0,27750.0,9999.0
57778_G_KAM1,Solar PV,5.0,5.0,0.029994369622225705,0.0,5.0,0.0,0.0,27750.0,9999.0
57779_G_DIL2,Solar PV,3.0,3.0,0.019454900006319765,0.0,3.0,0.0,0.0,27750.0,9999.0
57780_G_KAM2,Solar PV,5.0,5.0,0.04887535773660235,0.0,5.0,0.0,0.0,27750.0,9999.0
57781_G_DIL3,Solar PV,3.0,3.0,0.031236061399045396,0.0,3.0,0.0,0.0,27750.0,9999.0
57782_G_KAM3,Solar PV,5.0,5.0,0.038311032117347904,0.0,5.0,0.0,0.0,27750.0,9999.0
57783_G_BRU1,Solar PV,5.0,5.0,0.032364151310265224,0.0,5.0,0.0,0.0,27750.0,9999.0
57784_G_BRU2,Solar PV,5.0,5.0,0.033409896960566926,0.0,5.0,0.0,0.0,27750.0,9999.0
57785_G_BRU3,Solar PV,5.0,5.0,0.005550538754843687,0.0,5.0,0.0,0.0,27750.0,9999.0
57791_G_WTG1,Onshore Wind,1.5,1.5,0.006107828284998784,0.0,1.5,0.0,0.0,39550.0,9999.0
57792_G_WTG1,Onshore Wind,1.0,1.0,0.01887536918428259,0.0,1.0,0.0,0.0,39550.0,9999.0
57796_G_1,Solar PV,1.2,1.2,0.02591852714084298,0.0,1.2,0.0,0.0,27750.0,9999.0
57797_G_1,Solar PV,1.3,1.3,0.0026411147408239525,0.0,1.3,0.0,0.0,27750.0,9999.0
57806_G_DIL4,Solar PV,0.4,0.4,0.04591118788695483,0.0,0.4,0.0,0.0,27750.0,9999.0
57816_G_MCK1,Solar PV,5.0,5.0,0.04378860173371706,0.0,5.0,0.0,0.0,27750.0,9999.0
57817_G_MCK2,Solar PV,5.0,5.0,0.0038513316393804287,0.0,5.0,0.0,0.0,27750.0,9999.0
57818_G_MCK3,Solar PV,5.0,5.0,0.019350625555744322,0.0,5.0,0.0,0.0,27750.0,9999.0
57819_G_MCK4,Solar PV,5.0,5.0,0.014741723968993765,0.0,5.0,0.0,0.0,27750.0,9999.0
57820_G_MCK5,Solar PV,5.0,5.0,0.020847027613417297,0.0,5.0,0.0,0.0,27750.0,9999.0
57821_G_MCK6,Solar PV,5.0,5.0,0.00015213347432307955,0.0,5.0,0.0,0.0,27750.0,9999.0
57827_G_DSPV,Solar PV,1.0,1.0,0.03778663033422771,0.0,1.0,0.0,0.0,27750.0,9999.0
57831_G_1,Solar PV,1.3,1.3,0.013237629930654006,0.0,1.3,0.0,0.0,27750.0,9999.0
57833_G_AW06,Onshore Wind,150.0,150.0,0.03521343721268893,0.0,150.0,0.0,0.0,39550.0,9999.0
57834_G_AW07,Onshore Wind,168.0,168.0,0.008365655828958906,0.0,168.0,0.0,0.0,39550.0,9999.0
57835_G_AW08,Onshore Wind,150.0,150.0,0.021612466291615576,0.0,150.0,0.0,0.0,39550.0,9999.0
57836_G_TSM,Solar PV,1.3,1.3,0.039518748094404296,0.0,1.3,0.0,0.0,27750.0,9999.0
57837_G_AW09,Onshore Wind,132.0,132.0,0.01947880029163649,0.0,132.0,0.0,0.0,39550.0,9999.0
57840_G_1,Solar PV,1.1,1.1,0.03187307493658855,0.0,1.1,0.0,0.0,27750.0,9999.0
57841_G_1,Solar PV,1.1,1.1,0.03473130185065036,0.0,1.1,0.0,0.0,27750.0,9999.0
57849_G_GASF1,Solar PV,2.8,2.8,0.02186871057662723,0.0,2.8,0.0,0.0,27750.0,9999.0
57850_G_GASF2,Solar PV,0.9,0.9,0.04080832946760479,0.0,0.9,0.0,0.0,27750.0,9999.0
57860_G_1,Solar PV,1.5,1.5,0.04100704878889596,0.0,1.5,0.0,0.0,27750.0,9999.0
57870_G_SOLAR,Solar PV,1.0,1.0,0.019001244397180695,0.0,1.0,0.0,0.0,27750.0,9999.0
57871_G_1,Solar PV,1.0,1.0,0.022143970514036066,0.0,1.0,0.0,0.0,27750.0,9999.0
57891_G_1,Solar PV,20.0,20.0,0.029561995769191912,0.0,20.0,0.0,0.0,27750.0,9999.0
57892_G_1,Solar PV,20.0,20.0,0.011600485106103687,0.0,20.0,0.0,0.0,27750.0,9999.0
57900_G_S48A,Solar PV,0.5,0.5,0.028765783438512705,0.0,0.5,0.0,0.0,27750.0,9999.0
57900_G_S48B,Solar PV,0.5,0.5,0.04178371329974818,0.0,0.5,0.0,0.0,27750.0,9999.0
57900_G_S48C,Solar PV,0.5,0.5,0.038703107332252865,0.0,0.5,0.0,0.0,27750.0,9999.0
57900_G_S48D,Solar PV,0.5,0.5,0.022681369215388894,0.0,0.5,0.0,0.0,27750.0,9999.0
57900_G_S48E,Solar PV,0.5,0.5,0.04826120272386828,0.0,0.5,0.0,0.0,27750.0,9999.0
57900_G_S48F,Solar PV,0.5,0.5,0.0259542277633806,0.0,0.5,0.0,0.0,27750.0,9999.0
57900_G_S48G,Solar PV,0.5,0.5,0.024308806831294577,0.0,0.5,0.0,0.0,27750.0,9999.0
57900_G_S48H,Solar PV,0.5,0.5,0.0250961531538778,0.0,0.5,0.0,0.0,27750.0,9999.0
57900_G_S48I,Solar PV,0.5,0.5,0.03615355185600005,0.0,0.5,0.0,0.0,27750.0,9999.0
57900_G_S48J,Solar PV,0.5,0.5,0.04025403122586073,0.0,0.5,0.0,0.0,27750.0,9999.0
57904_G_CHNO,Solar PV,1.5,1.5,0.007548829217291725,0.0,1.5,0.0,0.0,27750.0,9999.0
57913_G_1,Onshore Wind,143.0,143.0,0.036473042075487655,0.0,143.0,0.0,0.0,39550.0,9999.0
57933_G_1,Solar PV,2.0,2.0,0.03047207703216852,0.0,2.0,0.0,0.0,27750.0,9999.0
57959_G_1,Solar PV,6.3,6.3,0.005334008162585952,0.0,6.3,0.0,0.0,27750.0,9999.0
57962_G_BT1,Onshore Wind,102.0,102.0,0.012553626080043297,0.0,102.0,0.0,0.0,39550.0,9999.0
57970_G_SOL1,Solar PV,2.9,2.9,0.02561161882974284,0.0,2.9,0.0,0.0,27750.0,9999.0
57982_G_PV-1,Solar PV,0.5,0.5,0.004149118730968809,0.0,0.5,0.0,0.0,27750.0,9999.0
57982_G_PV-2,Solar PV,0.6,0.6,0.04122080696746504,0.0,0.6,0.0,0.0,27750.0,9999.0
57993_G_DSL1,Solar PV,40.3,40.3,0.009347262526132799,0.0,40.3,0.0,0.0,27750.0,9999.0
57993_G_DSL10,Solar PV,30.2,30.2,0.025008407885372192,0.0,30.2,0.0,0.0,27750.0,9999.0
57993_G_DSL11,Solar PV,20.2,20.2,0.019983105139790677,0.0,20.2,0.0,0.0,27750.0,9999.0
57993_G_DSL2,Solar PV,40.3,40.3,0.000403492290461116,0.0,40.3,0.0,0.0,27750.0,9999.0
57993_G_DSL3,Solar PV,40.3,40.3,0.020252940268462413,0.0,40.3,0.0,0.0,27750.0,9999.0
57993_G_DSL4,Solar PV,30.2,30.2,0.026778545925214583,0.0,30.2,0.0,0.0,27750.0,9999.0
57993_G_DSL5,Solar PV,25.2,25.2,0.01714142849617425,0.0,25.2,0.0,0.0,27750.0,9999.0
57993_G_DSL6,Solar PV,25.2,25.2,0.02578084853860274,0.0,25.2,0.0,0.0,27750.0,9999.0
57993_G_DSL7,Solar PV,20.2,20.2,0.028770505790270642,0.0,20.2,0.0,0.0,27750.0,9999.0
57993_G_DSL8,Solar PV,18.9,18.9,0.008137027624279664,0.0,18.9,0.0,0.0,27750.0,9999.0
57993_G_DSL9,Solar PV,22.7,22.7,0.03759178906593766,0.0,22.7,0.0,0.0,27750.0,9999.0
58002_G_SPS,Solar PV,20.0,20.0,0.036101575103639816,0.0,20.0,0.0,0.0,27750.0,9999.0
58003_G_SPS50,Solar PV,50.0,50.0,0.02703938979321473,0.0,50.0,0.0,0.0,27750.0,9999.0
58028_G_PV,Solar PV,1.5,1.5,0.004713015208597682,0.0,1.5,0.0,0.0,27750.0,9999.0
58034_G_1,Solar PV,1.5,1.5,0.03328270038741794,0.0,1.5,0.0,0.0,27750.0,9999.0
58039_G_1,Solar PV,25.0,25.0,0.008216119373027353,0.0,25.0,0.0,0.0,27750.0,9999.0
58062_G_0001,Solar PV,23.0,23.0,0.03782957430999836,0.0,23.0,0.0,0.0,27750.0,9999.0
58073_G_SEPV,Solar PV,2.0,2.0,0.02144204537544024,0.0,2.0,0.0,0.0,27750.0,9999.0
58074_G_SEPV,Solar PV,2.0,2.0,0.04175465683498106,0.0,2.0,0.0,0.0,27750.0,9999.0
58076_G_1,Solar PV,1.0,1.0,0.031445924407798906,0.0,1.0,0.0,0.0,27750.0,9999.0
58076_G_2,Solar PV,1.0,1.0,0.010465775500059837,0.0,1.0,0.0,0.0,27750.0,9999.0
58076_G_3,Solar PV,1.0,1.0,0.0055104980541751565,0.0,1.0,0.0,0.0,27750.0,9999.0
58086_G_1,Solar PV,0.5,0.5,0.031012265882935548,0.0,0.5,0.0,0.0,27750.0,9999.0
58086_G_2,Solar PV,0.5,0.5,0.026881992125236887,0.0,0.5,0.0,0.0,27750.0,9999.0
58101_G_WTG1,Onshore Wind,1.6,1.6,0.01622077665706641,0.0,1.6,0.0,0.0,39550.0,9999.0
58101_G_WTG2,Onshore Wind,1.6,1.6,0.0339123659997909,0.0,1.6,0.0,0.0,39550.0,9999.0
58102_G_WTG1,Onshore Wind,1.5,1.5,0.03049527893600966,0.0,1.5,0.0,0.0,39550.0,9999.0
58102_G_WTG2,Onshore Wind,1.5,1.5,0.03181097430477218,0.0,1.5,0.0,0.0,39550.0,9999.0
58104_G_WTG1,Onshore Wind,1.0,1.0,0.024388752355424582,0.0,1.0,0.0,0.0,39550.0,9999.0
58105_G_WTG1,Onshore Wind,1.0,1.0,0.027584354609315954,0.0,1.0,0.0,0.0,39550.0,9999.0
58112_G_WTG1,Onshore Wind,1.0,1.0,0.01046098979878412,0.0,1.0,0.0,0.0,39550.0,9999.0
58113_G_WTG1,Onshore Wind,1.0,1.0,0.014678828396545596,0.0,1.0,0.0,0.0,39550.0,9999.0
58113_G_WTG2,Onshore Wind,1.0,1.0,0.03083257225737797,0.0,1.0,0.0,0.0,39550.0,9999.0
58114_G_WTG1,Onshore Wind,1.6,1.6,0.04297592492005207,0.0,1.6,0.0,0.0,39550.0,9999.0
58114_G_WTG2,Onshore Wind,1.6,1.6,0.02980059877226294,0.0,1.6,0.0,0.0,39550.0,9999.0
58118_G_JDS1,Solar PV,1.5,1.5,0.04610308355420949,0.0,1.5,0.0,0.0,27750.0,9999.0
58119_G_DPSS,Solar PV,3.0,3.0,0.0354458936066473,0.0,3.0,0.0,0.0,27750.0,9999.0
58148_G_KS,Solar PV,20.0,20.0,0.020511985026822006,0.0,20.0,0.0,0.0,27750.0,9999.0
58149_G_TAHD,Solar PV,20.0,20.0,0.012562069482314331,0.0,20.0,0.0,0.0,27750.0,9999.0
58154_G_GEN1,Onshore Wind,162.0,162.0,0.042593504663809845,0.0,162.0,0.0,0.0,39550.0,9999.0
58169_G_CPAC,Solar PV,0.3,0.3,0.022911363426708378,0.0,0.3,0.0,0.0,27750.0,9999.0
58169_G_KHS,Solar PV,0.3,0.3,0.006995565171024493,0.0,0.3,0.0,0.0,27750.0,9999.0
58169_G_NPS,Solar PV,2.0,2.0,0.048306941842582024,0.0,2.0,0.0,0.0,27750.0,9999.0
58169_G_PS4,Solar PV,0.3,0.3,0.03190296666716776,0.0,0.3,0.0,0.0,27750.0,9999.0
58169_G_SCPS,Solar PV,1.0,1.0,0.021643899025795922,0.0,1.0,0.0,0.0,27750.0,9999.0
58170_G_GEN1,Solar PV,1.3,1.3,0.04261438077926125,0.0,1.3,0.0,0.0,27750.0,9999.0
58202_G_VPS1,Solar PV,20.0,20.0,0.036096721687709686,0.0,20.0,0.0,0.0,27750.0,9999.0
58204_G_INV3,Solar PV,2.5,2.5,0.039882405499893095,0.0,2.5,0.0,0.0,27750.0,9999.0
58206_G_1,Solar PV,10.0,10.0,0.03659587273758792,0.0,10.0,0.0,0.0,27750.0,9999.0
58217_G_INV4,Solar PV,2.5,2.5,0.007612223914048039,0.0,2.5,0.0,0.0,27750.0,9999.0
58226_G_1,Solar PV,1.5,1.5,0.018761232246588506,0.0,1.5,0.0,0.0,27750.0,9999.0
58227_G_SPV9,Solar PV,8.5,8.5,0.040802111099783975,0.0,8.5,0.0,0.0,27750.0,9999.0
58232_G_TAHQ,Solar PV,1.0,1.0,0.02402596681842006,0.0,1.0,0.0,0.0,27750.0,9999.0
58233_G_GEN1,Onshore Wind,6.0,6.0,0.03459970458385021,0.0,6.0,0.0,0.0,39550.0,9999.0
58234_G_SPV8,Solar PV,11.8,11.8,0.004577496084896138,0.0,11.8,0.0,0.0,27750.0,9999.0
58244_G_WEST,Solar PV,0.9,0.9,0.017725462991815495,0.0,0.9,0.0,0.0,27750.0,9999.0
58248_G_GEN1,Solar PV,1.9,1.9,0.015136609273532532,0.0,1.9,0.0,0.0,27750.0,9999.0
58249_G_GEN1,Solar PV,3.5,3.5,0.03164591750554451,0.0,3.5,0.0,0.0,27750.0,9999.0
58253_G_GEN1,Solar PV,1.6,1.6,0.048080699834293875,0.0,1.6,0.0,0.0,27750.0,9999.0
58261_G_1,Solar PV,1.0,1.0,0.02143831033510121,0.0,1.0,0.0,0.0,27750.0,9999.0
58289_G_VNPV,Solar PV,1.5,1.5,0.023716495391441068,0.0,1.5,0.0,0.0,27750.0,9999.0
58290_G_VSPV,Solar PV,1.5,1.5,0.03474924903433515,0.0,1.5,0.0,0.0,27750.0,9999.0
58304_G_1,Solar PV,1.5,1.5,0.017773473123132967,0.0,1.5,0.0,0.0,27750.0,9999.0
58304_G_2,Solar PV,1.5,1.5,0.008068712793242528,0.0,1.5,0.0,0.0,27750.0,9999.0
58304_G_3,Solar PV,0.7,0.7,0.00932111261755716,0.0,0.7,0.0,0.0,27750.0,9999.0
58306_G_1,Solar PV,1.0,1.0,0.024558160950105573,0.0,1.0,0.0,0.0,27750.0,9999.0
58306_G_2,Solar PV,1.0,1.0,0.007738354747162973,0.0,1.0,0.0,0.0,27750.0,9999.0
58306_G_3,Solar PV,1.5,1.5,0.002804019066042596,0.0,1.5,0.0,0.0,27750.0,9999.0
58307_G_1,Solar PV,1.5,1.5,0.027575046881507487,0.0,1.5,0.0,0.0,27750.0,9999.0
58307_G_2,Solar PV,0.5,0.5,0.047299290371130245,0.0,0.5,0.0,0.0,27750.0,9999.0
58307_G_3,Solar PV,1.5,1.5,0.04908940542819089,0.0,1.5,0.0,0.0,27750.0,9999.0
58308_G_1,Solar PV,1.5,1.5,0.02552832945398444,0.0,1.5,0.0,0.0,27750.0,9999.0
58308_G_3,Solar PV,1.5,1.5,0.021621684233271467,0.0,1.5,0.0,0.0,27750.0,9999.0
58308_G_4,Solar PV,1.0,1.0,0.04321162797094073,0.0,1.0,0.0,0.0,27750.0,9999.0
58309_G_1,Solar PV,1.0,1.0,0.03474836504594996,0.0,1.0,0.0,0.0,27750.0,9999.0
58309_G_2,Solar PV,1.0,1.0,0.04095233221027853,0.0,1.0,0.0,0.0,27750.0,9999.0
58309_G_5,Solar PV,1.5,1.5,0.0015807431790047844,0.0,1.5,0.0,0.0,27750.0,9999.0
58354_G_1,Solar PV,1.5,1.5,0.010494011694147666,0.0,1.5,0.0,0.0,27750.0,9999.0
58355_G_1,Solar PV,1.5,1.5,0.008210471995092523,0.0,1.5,0.0,0.0,27750.0,9999.0
58366_G_1,Solar PV,20.2,20.2,0.004028119112305073,0.0,20.2,0.0,0.0,27750.0,9999.0
58370_G_GEN1,Solar PV,1.0,1.0,0.016570884168815497,0.0,1.0,0.0,0.0,27750.0,9999.0
58371_G_GEN1,Solar PV,2.5,2.5,0.043244933312040164,0.0,2.5,0.0,0.0,27750.0,9999.0
58373_G_WRCA,Solar PV,20.0,20.0,0.04307763496450556,0.0,20.0,0.0,0.0,27750.0,9999.0
58374_G_CSCA,Solar PV,20.0,20.0,0.013840662886460138,0.0,20.0,0.0,0.0,27750.0,9999.0
58376_G_1,Solar PV,1.5,1.5,0.02882983482684422,0.0,1.5,0.0,0.0,27750.0,9999.0
58388_G_AVS1,Solar PV,38.0,38.0,0.021866732279666935,0.0,38.0,0.0,0.0,27750.0,9999.0
58388_G_SS11,Solar PV,52.6,52.6,0.03681019251229121,0.0,52.6,0.0,0.0,27750.0,9999.0
58388_G_SS12,Solar PV,52.6,52.6,0.04846961232453958,0.0,52.6,0.0,0.0,27750.0,9999.0
58388_G_SS13,Solar PV,57.0,57.0,0.04818301318487982,0.0,57.0,0.0,0.0,27750.0,9999.0
58388_G_SS14,Solar PV,32.2,32.2,0.017644288163434614,0.0,32.2,0.0,0.0,27750.0,9999.0
58388_G_SS15,Solar PV,14.6,14.6,0.007350767550796178,0.0,14.6,0.0,0.0,27750.0,9999.0
58388_G_SS16,Solar PV,62.9,62.9,0.0428238760285755,0.0,62.9,0.0,0.0,27750.0,9999.0
58389_G_AVS2,Solar PV,19.0,19.0,0.0445807645663842,0.0,19.0,0.0,0.0,27750.0,9999.0
58389_G_SS21,Solar PV,59.0,59.0,0.011598437233133342,0.0,59.0,0.0,0.0,27750.0,9999.0
58389_G_SS22,Solar PV,55.0,55.0,0.04084029804114691,0.0,55.0,0.0,0.0,27750.0,9999.0
58389_G_SS23,Solar PV,47.0,47.0,0.036170332754669486,0.0,47.0,0.0,0.0,27750.0,9999.0
58389_G_SS24,Solar PV,43.0,43.0,0.04756514401171339,0.0,43.0,0.0,0.0,27750.0,9999.0
58389_G_SS25,Solar PV,52.0,52.0,0.003486917029264208,0.0,52.0,0.0,0.0,27750.0,9999.0
58394_G_AW10,Onshore Wind,138.0,138.0,0.013709441057310985,0.0,138.0,0.0,0.0,39550.0,9999.0
58395_G_AW11,Onshore Wind,90.0,90.0,0.013377891577661028,0.0,90.0,0.0,0.0,39550.0,9999.0
58398_G_1,Solar PV,10.0,10.0,0.007788180429084091,0.0,10.0,0.0,0.0,27750.0,9999.0
58417_G_CP1,Solar PV,10.0,10.0,0.030171410738480016,0.0,10.0,0.0,0.0,27750.0,9999.0
58418_G_1,Solar PV,5.0,5.0,0.011045547687929858,0.0,5.0,0.0,0.0,27750.0,9999.0
58419_G_1,Solar PV,5.0,5.0,0.008584261089707307,0.0,5.0,0.0,0.0,27750.0,9999.0
58430_G_CSE1,Solar PV,33.4,33.4,0.02458679993928612,0.0,33.4,0.0,0.0,27750.0,9999.0
58430_G_CSE2,Solar PV,25.6,25.6,0.017508104775994772,0.0,25.6,0.0,0.0,27750.0,9999.0
58430_G_CSE3,Solar PV,33.4,33.4,0.02481159319630441,0.0,33.4,0.0,0.0,27750.0,9999.0
58430_G_CSE4,Solar PV,33.4,33.4,0.0307808138296578,0.0,33.4,0.0,0.0,27750.0,9999.0
58430_G_CSE5,Solar PV,18.6,18.6,0.011931926999598719,0.0,18.6,0.0,0.0,27750.0,9999.0
58430_G_CSE6,Solar PV,25.6,25.6,0.006928504263294272,0.0,25.6,0.0,0.0,27750.0,9999.0
58445_G_1,Solar PV,1.0,1.0,0.03980260323086196,0.0,1.0,0.0,0.0,27750.0,9999.0
58445_G_2,Solar PV,1.0,1.0,0.04526655013417341,0.0,1.0,0.0,0.0,27750.0,9999.0
58446_G_1,Solar PV,1.5,1.5,0.044644386156835185,0.0,1.5,0.0,0.0,27750.0,9999.0
58447_G_1,Solar PV,1.5,1.5,0.034957793798472345,0.0,1.5,0.0,0.0,27750.0,9999.0
58447_G_2,Solar PV,1.5,1.5,0.023680688638252297,0.0,1.5,0.0,0.0,27750.0,9999.0
58447_G_3,Solar PV,1.0,1.0,0.007144460977066553,0.0,1.0,0.0,0.0,27750.0,9999.0
58448_G_1,Solar PV,1.0,1.0,0.003984476865711617,0.0,1.0,0.0,0.0,27750.0,9999.0
58449_G_1,Solar PV,1.5,1.5,0.01971336463296557,0.0,1.5,0.0,0.0,27750.0,9999.0
58449_G_2,Solar PV,1.5,1.5,0.01648930610836969,0.0,1.5,0.0,0.0,27750.0,9999.0
58449_G_3,Solar PV,1.0,1.0,0.025524132310326464,0.0,1.0,0.0,0.0,27750.0,9999.0
58450_G_1,Solar PV,1.5,1.5,0.007644336583833062,0.0,1.5,0.0,0.0,27750.0,9999.0
58451_G_1,Solar PV,1.5,1.5,0.02634412532432605,0.0,1.5,0.0,0.0,27750.0,9999.0
58452_G_1,Solar PV,1.5,1.5,0.024468091120976584,0.0,1.5,0.0,0.0,27750.0,9999.0
58454_G_1,Solar PV,1.5,1.5,0.025086756348810236,0.0,1.5,0.0,0.0,27750.0,9999.0
58454_G_2,Solar PV,0.5,0.5,0.04688553072844153,0.0,0.5,0.0,0.0,27750.0,9999.0
58462_G_1,Solar PV,41.9,41.9,0.0075650608790721,0.0,41.9,0.0,0.0,27750.0,9999.0
58462_G_BLK2,Solar PV,21.0,21.0,0.010074711619535782,0.0,21.0,0.0,0.0,27750.0,9999.0
58462_G_BLK3,Solar PV,39.6,39.6,0.03586866930447812,0.0,39.6,0.0,0.0,27750.0,9999.0
58462_G_BLK4,Solar PV,31.4,31.4,0.03918017178244102,0.0,31.4,0.0,0.0,27750.0,9999.0
58462_G_BLK5,Solar PV,31.4,31.4,0.018602685438316786,0.0,31.4,0.0,0.0,27750.0,9999.0
58462_G_BLK6,Solar PV,26.9,26.9,0.026110981140754233,0.0,26.9,0.0,0.0,27750.0,9999.0
58462_G_BLK7,Solar PV,41.9,41.9,0.026864244705076652,0.0,41.9,0.0,0.0,27750.0,9999.0
58462_G_BLK8,Solar PV,36.5,36.5,0.02441719023717739,0.0,36.5,0.0,0.0,27750.0,9999.0
58467_G_CVS1,Solar PV,139.0,139.0,0.03791948784725743,0.0,139.0,0.0,0.0,27750.0,9999.0
58498_G_RONE,Solar PV,20.0,20.0,0.03269439948542952,0.0,20.0,0.0,0.0,27750.0,9999.0
58499_G_RTWO,Solar PV,20.0,20.0,0.027538187871206293,0.0,20.0,0.0,0.0,27750.0,9999.0
58500_G_RIO,Solar PV,5.0,5.0,0.02901817471033631,0.0,5.0,0.0,0.0,27750.0,9999.0
58502_G_COL3,Solar PV,10.0,10.0,0.023255795726655606,0.0,10.0,0.0,0.0,27750.0,9999.0
58506_G_0937,Solar PV,4.0,4.0,0.017749925993652334,0.0,4.0,0.0,0.0,27750.0,9999.0
58508_G_PV3,Solar PV,1.5,1.5,0.010208421105231286,0.0,1.5,0.0,0.0,27750.0,9999.0
58509_G_PV4,Solar PV,1.5,1.5,0.011179203412167783,0.0,1.5,0.0,0.0,27750.0,9999.0
58510_G_PV5,Solar PV,1.0,1.0,0.012528360168188002,0.0,1.0,0.0,0.0,27750.0,9999.0
58513_G_0937,Solar PV,4.0,4.0,0.014650342384016652,0.0,4.0,0.0,0.0,27750.0,9999.0
58514_G_DHCA,Solar PV,2.2,2.2,0.03727264844138292,0.0,2.2,0.0,0.0,27750.0,9999.0
58522_G_1,Solar PV,1.0,1.0,0.01918545604687511,0.0,1.0,0.0,0.0,27750.0,9999.0
58525_G_1,Solar PV,1.0,1.0,0.009230805733283044,0.0,1.0,0.0,0.0,27750.0,9999.0
58527_G_1,Solar PV,1.0,1.0,0.04238737244199786,0.0,1.0,0.0,0.0,27750.0,9999.0
58528_G_WDT44,Solar PV,4.0,4.0,0.022379525969482464,0.0,4.0,0.0,0.0,27750.0,9999.0
58542_G_DSL12,Solar PV,39.1,39.1,0.010327884408810101,0.0,39.1,0.0,0.0,27750.0,9999.0
58542_G_DSL13,Solar PV,39.1,39.1,0.019929418364285724,0.0,39.1,0.0,0.0,27750.0,9999.0
58542_G_DSL14,Solar PV,26.5,26.5,0.003634530374827483,0.0,26.5,0.0,0.0,27750.0,9999.0
58542_G_DSL15,Solar PV,13.9,13.9,0.01336628748504557,0.0,13.9,0.0,0.0,27750.0,9999.0
58542_G_DSL16,Solar PV,22.7,22.7,0.022433160526516463,0.0,22.7,0.0,0.0,27750.0,9999.0
58542_G_DSL17,Solar PV,29.0,29.0,0.04768756341120655,0.0,29.0,0.0,0.0,27750.0,9999.0
58542_G_DSL18,Solar PV,29.0,29.0,0.019108414417699213,0.0,29.0,0.0,0.0,27750.0,9999.0
58542_G_DSL19,Solar PV,25.2,25.2,0.01824745173875531,0.0,25.2,0.0,0.0,27750.0,9999.0
58542_G_DSL20,Solar PV,25.2,25.2,0.02116083086261581,0.0,25.2,0.0,0.0,27750.0,9999.0
58545_G_1,Solar PV,5.7,5.7,0.022563575720905643,0.0,5.7,0.0,0.0,27750.0,9999.0
58578_G_SON1,Solar PV,1.5,1.5,0.027410165989289532,0.0,1.5,0.0,0.0,27750.0,9999.0
58581_G_1,Solar PV,1.0,1.0,0.042415149153361226,0.0,1.0,0.0,0.0,27750.0,9999.0
58582_G_1,Solar PV,1.5,1.5,0.001983738126444884,0.0,1.5,0.0,0.0,27750.0,9999.0
58590_G_1,Solar PV,18.5,18.5,0.010765014472445801,0.0,18.5,0.0,0.0,27750.0,9999.0
58592_G_ALHM,Solar PV,50.0,50.0,0.00971876205207256,0.0,50.0,0.0,0.0,27750.0,9999.0
58592_G_ARK,Solar PV,50.0,50.0,0.01577590857800882,0.0,50.0,0.0,0.0,27750.0,9999.0
58592_G_SONR,Solar PV,50.0,50.0,0.034470458252584865,0.0,50.0,0.0,0.0,27750.0,9999.0
58609_G_ISP1,Solar PV,1.5,1.5,0.023475005743509438,0.0,1.5,0.0,0.0,27750.0,9999.0
58610_G_NSP1,Solar PV,1.5,1.5,0.02904189924675433,0.0,1.5,0.0,0.0,27750.0,9999.0
58611_G_1,Solar PV,1.5,1.5,0.015995603124842446,0.0,1.5,0.0,0.0,27750.0,9999.0
58612_G_1,Solar PV,1.5,1.5,0.022153949782793364,0.0,1.5,0.0,0.0,27750.0,9999.0
58616_G_WSF1,Solar PV,18.0,18.0,0.010048616033446228,0.0,18.0,0.0,0.0,27750.0,9999.0
58621_G_ECPV,Solar PV,20.0,20.0,0.015419903459705682,0.0,20.0,0.0,0.0,27750.0,9999.0
58626_G_WABSA,Solar PV,20.0,20.0,0.01973054196006597,0.0,20.0,0.0,0.0,27750.0,9999.0
58627_G_WADR,Solar PV,10.0,10.0,0.01035237251258815,0.0,10.0,0.0,0.0,27750.0,9999.0
58633_G_1,Solar PV,1.0,1.0,0.025471356559276383,0.0,1.0,0.0,0.0,27750.0,9999.0
58634_G_1,Solar PV,1.0,1.0,0.018253788216297778,0.0,1.0,0.0,0.0,27750.0,9999.0
58636_G_1,Solar PV,1.0,1.0,0.022660193490398297,0.0,1.0,0.0,0.0,27750.0,9999.0
58642_G_1,Solar PV,1.5,1.5,0.0494566188640018,0.0,1.5,0.0,0.0,27750.0,9999.0
58642_G_2,Solar PV,1.5,1.5,0.017398543666192902,0.0,1.5,0.0,0.0,27750.0,9999.0
58646_G_STL,Solar PV,76.0,76.0,0.0336986980371949,0.0,76.0,0.0,0.0,27750.0,9999.0
58646_G_STL2,Solar PV,34.0,34.0,0.04673977518875224,0.0,34.0,0.0,0.0,27750.0,9999.0
58646_G_STL3,Solar PV,38.0,38.0,0.02055410378212007,0.0,38.0,0.0,0.0,27750.0,9999.0
58646_G_STL4,Solar PV,38.0,38.0,0.03191036510418669,0.0,38.0,0.0,0.0,27750.0,9999.0
58646_G_STL5,Solar PV,38.0,38.0,0.022306145030733117,0.0,38.0,0.0,0.0,27750.0,9999.0
58646_G_STL6,Solar PV,38.0,38.0,0.011040755728356456,0.0,38.0,0.0,0.0,27750.0,9999.0
58646_G_STL7,Solar PV,38.0,38.0,0.002304003585116166,0.0,38.0,0.0,0.0,27750.0,9999.0
58711_G_BLKW,Solar PV,12.0,12.0,0.027799878431370485,0.0,12.0,0.0,0.0,27750.0,9999.0
58711_G_LTHL,Solar PV,20.0,20.0,0.035032036925811826,0.0,20.0,0.0,0.0,27750.0,9999.0
58713_G_NSTR,Solar PV,60.0,60.0,0.04192217395850978,0.0,60.0,0.0,0.0,27750.0,9999.0
58718_G_PV1,Solar PV,12.0,12.0,0.034905128094819576,0.0,12.0,0.0,0.0,27750.0,9999.0
58721_G_ORION,Solar PV,8.0,8.0,0.04480244737088145,0.0,8.0,0.0,0.0,27750.0,9999.0
58748_G_NBWT,Solar PV,1.0,1.0,0.028202798854670183,0.0,1.0,0.0,0.0,27750.0,9999.0
58750_G_LDFRB,Solar PV,5.0,5.0,0.016617789844463483,0.0,5.0,0.0,0.0,27750.0,9999.0
58751_G_RSC2,Solar PV,1.5,1.5,0.0495820130472747,0.0,1.5,0.0,0.0,27750.0,9999.0
58752_G_RSD2,Solar PV,1.5,1.5,0.0016346922906843309,0.0,1.5,0.0,0.0,27750.0,9999.0
58753_G_SSA2,Solar PV,1.5,1.5,0.03399671061886778,0.0,1.5,0.0,0.0,27750.0,9999.0
58754_G_SSB2,Solar PV,1.5,1.5,0.02517516369403456,0.0,1.5,0.0,0.0,27750.0,9999.0
58755_G_SSC2,Solar PV,1.5,1.5,0.013906166782513758,0.0,1.5,0.0,0.0,27750.0,9999.0
58756_G_SSD2,Solar PV,1.0,1.0,0.0017604440065082051,0.0,1.0,0.0,0.0,27750.0,9999.0
58757_G_UE2,Solar PV,1.5,1.5,0.018761601118893734,0.0,1.5,0.0,0.0,27750.0,9999.0
58757_G_UF2,Solar PV,2.0,2.0,0.0433278616360476,0.0,2.0,0.0,0.0,27750.0,9999.0
58757_G_UG2,Solar PV,1.5,1.5,0.025975794489334077,0.0,1.5,0.0,0.0,27750.0,9999.0
58757_G_UH2,Solar PV,1.5,1.5,0.015435127452850934,0.0,1.5,0.0,0.0,27750.0,9999.0
58761_G_EXSA,Solar PV,2.0,2.0,0.017941033503502346,0.0,2.0,0.0,0.0,27750.0,9999.0
58762_G_EXSB,Solar PV,2.0,2.0,0.028266035094914255,0.0,2.0,0.0,0.0,27750.0,9999.0
58763_G_EXSC2,Solar PV,1.5,1.5,0.01155451507170367,0.0,1.5,0.0,0.0,27750.0,9999.0
58814_G_GENA,Solar PV,1.5,1.5,0.031162691687448115,0.0,1.5,0.0,0.0,27750.0,9999.0
58814_G_GENB,Solar PV,1.5,1.5,0.007550549464551354,0.0,1.5,0.0,0.0,27750.0,9999.0
58831_G_PV-1,Solar PV,16.6,16.6,0.03352205135727816,0.0,16.6,0.0,0.0,27750.0,9999.0
58889_G_ASTI,Solar PV,1.0,1.0,0.04398847707487499,0.0,1.0,0.0,0.0,27750.0,9999.0
58890_G_BERI,Solar PV,1.1,1.1,0.043053208700042894,0.0,1.1,0.0,0.0,27750.0,9999.0
58906_G_VC1,Solar PV,2.5,2.5,0.015054091251975472,0.0,2.5,0.0,0.0,27750.0,9999.0
58907_G_VC2,Solar PV,5.0,5.0,0.037182574695033825,0.0,5.0,0.0,0.0,27750.0,9999.0
58909_G_RAM1,Solar PV,2.0,2.0,0.033571998787431175,0.0,2.0,0.0,0.0,27750.0,9999.0
58911_G_RAM2,Solar PV,5.0,5.0,0.0222956398092862,0.0,5.0,0.0,0.0,27750.0,9999.0
58912_G_1,Solar PV,1.8,1.8,0.03300886398797125,0.0,1.8,0.0,0.0,27750.0,9999.0
58913_G_1,Solar PV,1.5,1.5,0.03266719903365205,0.0,1.5,0.0,0.0,27750.0,9999.0
58918_G_2081,Solar PV,1.2,1.2,0.004400146242144515,0.0,1.2,0.0,0.0,27750.0,9999.0
58919_G_2127,Solar PV,1.3,1.3,0.040844069027753664,0.0,1.3,0.0,0.0,27750.0,9999.0
58920_G_2097,Solar PV,1.5,1.5,0.04572260974118233,0.0,1.5,0.0,0.0,27750.0,9999.0
58949_G_TBD,Solar PV,1.5,1.5,0.0015075057400660398,0.0,1.5,0.0,0.0,27750.0,9999.0
58954_G_PV,Solar PV,1.0,1.0,0.03690727750319598,0.0,1.0,0.0,0.0,27750.0,9999.0
58963_G_PV,Solar PV,1.0,1.0,0.010536849770378937,0.0,1.0,0.0,0.0,27750.0,9999.0
58973_G_W2CA,Solar PV,19.8,19.8,0.04645494704329233,0.0,19.8,0.0,0.0,27750.0,9999.0
58975_G_PV1,Solar PV,102.0,102.0,0.024202627300666836,0.0,102.0,0.0,0.0,27750.0,9999.0
58983_G_1,Solar PV,45.0,45.0,0.017356349216838558,0.0,45.0,0.0,0.0,27750.0,9999.0
58984_G_1,Solar PV,19.0,19.0,0.017646578958869143,0.0,19.0,0.0,0.0,27750.0,9999.0
58985_G_1,Solar PV,20.0,20.0,0.011232554566375714,0.0,20.0,0.0,0.0,27750.0,9999.0
58986_G_1,Solar PV,20.0,20.0,0.039954816533699145,0.0,20.0,0.0,0.0,27750.0,9999.0
58990_G_1,Solar PV,15.0,15.0,0.049917839180598875,0.0,15.0,0.0,0.0,27750.0,9999.0
58991_G_1,Solar PV,20.0,20.0,0.035065577482220396,0.0,20.0,0.0,0.0,27750.0,9999.0
59008_G_PV1,Solar PV,15.0,15.0,0.03174327024105437,0.0,15.0,0.0,0.0,27750.0,9999.0
59009_G_PV1,Solar PV,27.0,27.0,0.04694247532822146,0.0,27.0,0.0,0.0,27750.0,9999.0
59058_G_GEN 1,Solar PV,1.0,1.0,0.027879390493006757,0.0,1.0,0.0,0.0,27750.0,9999.0
59086_G_GEN1,Solar PV,12.0,12.0,0.011662527497343,0.0,12.0,0.0,0.0,27750.0,9999.0
59087_G_GEN 1,Solar PV,11.0,11.0,0.028722449824704635,0.0,11.0,0.0,0.0,27750.0,9999.0
59088_G_GEN 1,Solar PV,20.0,20.0,0.03050776402187515,0.0,20.0,0.0,0.0,27750.0,9999.0
59094_G_GEN 1,Solar PV,1.5,1.5,0.03952365038761696,0.0,1.5,0.0,0.0,27750.0,9999.0
59095_G_GEN 1,Solar PV,1.0,1.0,0.04134438283275011,0.0,1.0,0.0,0.0,27750.0,9999.0
59096_G_GEN1,Solar PV,1.0,1.0,0.04502463259944172,0.0,1.0,0.0,0.0,27750.0,9999.0
59098_G_PV1,Solar PV,1.0,1.0,0.028926270044266213,0.0,1.0,0.0,0.0,27750.0,9999.0
59099_G_PV1,Solar PV,1.0,1.0,0.0374871439396527,0.0,1.0,0.0,0.0,27750.0,9999.0
59122_G_ECA11,Solar PV,1.5,1.5,0.02141759314749595,0.0,1.5,0.0,0.0,27750.0,9999.0
59129_G_57449,Solar PV,1.1,1.1,0.029062292310096438,0.0,1.1,0.0,0.0,27750.0,9999.0
59130_G_57449,Solar PV,1.3,1.3,0.04431077890555485,0.0,1.3,0.0,0.0,27750.0,9999.0
59132_G_57449,Solar PV,1.1,1.1,0.010361374785892824,0.0,1.1,0.0,0.0,27750.0,9999.0
59133_G_57449,Solar PV,1.1,1.1,0.027599542344797043,0.0,1.1,0.0,0.0,27750.0,9999.0
59138_G_57449,Solar PV,1.1,1.1,0.0441727750534433,0.0,1.1,0.0,0.0,27750.0,9999.0
59139_G_57449,Solar PV,1.1,1.1,0.0032425640289363566,0.0,1.1,0.0,0.0,27750.0,9999.0
59150_G_PV1,Solar PV,100.0,100.0,0.04795469411674822,0.0,100.0,0.0,0.0,27750.0,9999.0
59167_G_LS1,Solar PV,1.5,1.5,0.016187978630465106,0.0,1.5,0.0,0.0,27750.0,9999.0
59169_G_LS2,Solar PV,1.5,1.5,0.021491729801891554,0.0,1.5,0.0,0.0,27750.0,9999.0
59182_G_10-94,Solar PV,1.5,1.5,0.021925195637964925,0.0,1.5,0.0,0.0,27750.0,9999.0
59183_G_PV1,Solar PV,19.8,19.8,0.036809465925486964,0.0,19.8,0.0,0.0,27750.0,9999.0
59203_G_PV1,Solar PV,1.5,1.5,0.04204022885163707,0.0,1.5,0.0,0.0,27750.0,9999.0
59203_G_PV2,Solar PV,1.5,1.5,0.03400238103262716,0.0,1.5,0.0,0.0,27750.0,9999.0
59203_G_PV3,Solar PV,1.5,1.5,0.04353110776493649,0.0,1.5,0.0,0.0,27750.0,9999.0
59219_G_PV1,Solar PV,1.5,1.5,0.04931415739776705,0.0,1.5,0.0,0.0,27750.0,9999.0
59219_G_PV2,Solar PV,1.5,1.5,0.01604385145516799,0.0,1.5,0.0,0.0,27750.0,9999.0
59235_G_GEN1,Onshore Wind,19.8,19.8,0.013912168078822756,0.0,19.8,0.0,0.0,39550.0,9999.0
59236_G_GEN1,Onshore Wind,99.0,99.0,0.04783880278841573,0.0,99.0,0.0,0.0,39550.0,9999.0
59237_G_CPII,Solar PV,20.0,20.0,0.04293687848454897,0.0,20.0,0.0,0.0,27750.0,9999.0
59249_G_PV1,Solar PV,19.5,19.5,0.006782039186950673,0.0,19.5,0.0,0.0,27750.0,9999.0
59250_G_PV1,Solar PV,19.5,19.5,0.029896503076759097,0.0,19.5,0.0,0.0,27750.0,9999.0
59253_G_PV1,Solar PV,14.7,14.7,0.003221147294274257,0.0,14.7,0.0,0.0,27750.0,9999.0
59262_G_LLRC,Solar PV,5.0,5.0,0.013799820044432016,0.0,5.0,0.0,0.0,27750.0,9999.0
59265_G_PV8,Solar PV,1.5,1.5,0.026831927425750825,0.0,1.5,0.0,0.0,27750.0,9999.0
59267_G_PV9,Solar PV,1.5,1.5,0.03532892645341961,0.0,1.5,0.0,0.0,27750.0,9999.0
59268_G_PV10,Solar PV,1.5,1.5,0.026169145113240408,0.0,1.5,0.0,0.0,27750.0,9999.0
59269_G_VMLB2,Solar PV,1.5,1.5,0.017703373196979,0.0,1.5,0.0,0.0,27750.0,9999.0
59270_G_VMLC2,Solar PV,1.5,1.5,0.023455744350395897,0.0,1.5,0.0,0.0,27750.0,9999.0
59271_G_VMLD2,Solar PV,1.5,1.5,0.0019515234784433346,0.0,1.5,0.0,0.0,27750.0,9999.0
59272_G_VMLE2,Solar PV,1.5,1.5,0.020023127891768286,0.0,1.5,0.0,0.0,27750.0,9999.0
59273_G_PALME,Solar PV,10.0,10.0,0.048285183204391346,0.0,10.0,0.0,0.0,27750.0,9999.0
59283_G_W4236,Solar PV,1.0,1.0,0.008119750115985942,0.0,1.0,0.0,0.0,27750.0,9999.0
59300_G_HAN1,Solar PV,1.5,1.5,0.013336087953719829,0.0,1.5,0.0,0.0,27750.0,9999.0
59300_G_HAN2,Solar PV,1.5,1.5,0.042599287709200476,0.0,1.5,0.0,0.0,27750.0,9999.0
59308_G_BEAC5,Solar PV,36.0,36.0,0.014754242637915234,0.0,36.0,0.0,0.0,27750.0,9999.0
59309_G_BEAC2,Solar PV,45.0,45.0,0.02647348935027215,0.0,45.0,0.0,0.0,27750.0,9999.0
59315_G_BEAC1,Solar PV,56.0,56.0,0.023466611718840097,0.0,56.0,0.0,0.0,27750.0,9999.0
59316_G_BEAC3,Solar PV,56.0,56.0,0.020798600825602684,0.0,56.0,0.0,0.0,27750.0,9999.0
59317_G_BEAC4,Solar PV,50.0,50.0,0.02696305601892798,0.0,50.0,0.0,0.0,27750.0,9999.0
59322_G_GEN1,Solar PV,20.0,20.0,0.0066307737353434315,0.0,20.0,0.0,0.0,27750.0,9999.0
59323_G_SMUPV,Solar PV,1.5,1.5,0.035011567210617524,0.0,1.5,0.0,0.0,27750.0,9999.0
59328_G_GAC1,Onshore Wind,1.0,1.0,0.017663846715995808,0.0,1.0,0.0,0.0,39550.0,9999.0
59329_G_SOL1,Onshore Wind,1.0,1.0,0.041038200562481336,0.0,1.0,0.0,0.0,39550.0,9999.0
59330_G_TAY1,Onshore Wind,1.0,1.0,0.041612054104689274,0.0,1.0,0.0,0.0,39550.0,9999.0
59331_G_ANB2,Onshore Wind,1.6,1.6,0.018833515070541568,0.0,1.6,0.0,0.0,39550.0,9999.0
59334_G_INV-1,Solar PV,18.0,18.0,0.022173720275778797,0.0,18.0,0.0,0.0,27750.0,9999.0
59339_G_SSC13,Solar PV,105.1,105.1,0.01511238540895788,0.0,105.1,0.0,0.0,27750.0,9999.0
59359_G_10400,Solar PV,1.5,1.5,0.02821499320149125,0.0,1.5,0.0,0.0,27750.0,9999.0
59360_G_11113,Solar PV,1.0,1.0,0.03641551945338151,0.0,1.0,0.0,0.0,27750.0,9999.0
59380_G_WLD1,Solar PV,19.5,19.5,0.0003331928345638835,0.0,19.5,0.0,0.0,27750.0,9999.0
59397_G_SNL17,Solar PV,1.5,1.5,0.03056268421563174,0.0,1.5,0.0,0.0,27750.0,9999.0
59398_G_SNL18,Solar PV,1.5,1.5,0.013976553906034646,0.0,1.5,0.0,0.0,27750.0,9999.0
59399_G_SNL19,Solar PV,1.5,1.5,0.04819928338804892,0.0,1.5,0.0,0.0,27750.0,9999.0
59405_G_PV11,Solar PV,1.3,1.3,0.0462584130143817,0.0,1.3,0.0,0.0,27750.0,9999.0
59408_G_1,Solar PV,20.0,20.0,0.008301523307218723,0.0,20.0,0.0,0.0,27750.0,9999.0
59409_G_SNL17,Solar PV,1.0,1.0,0.049722593657551564,0.0,1.0,0.0,0.0,27750.0,9999.0
59410_G_SNL19,Solar PV,1.5,1.5,0.04789400131068873,0.0,1.5,0.0,0.0,27750.0,9999.0
59411_G_SNL18,Solar PV,1.5,1.5,0.0024048581369754077,0.0,1.5,0.0,0.0,27750.0,9999.0
59412_G_SKI20,Solar PV,20.0,20.0,0.047822220826199885,0.0,20.0,0.0,0.0,27750.0,9999.0
59413_G_C2CA,Solar PV,19.8,19.8,0.027708721527866794,0.0,19.8,0.0,0.0,27750.0,9999.0
59414_G_AWCA,Solar PV,20.0,20.0,0.02009694948622889,0.0,20.0,0.0,0.0,27750.0,9999.0
59416_G_PV1,Solar PV,2.0,2.0,0.011546064702660936,0.0,2.0,0.0,0.0,27750.0,9999.0
59421_G_11111,Solar PV,1.5,1.5,0.0486715108977512,0.0,1.5,0.0,0.0,27750.0,9999.0
59422_G_10401,Solar PV,1.5,1.5,0.027553278075460114,0.0,1.5,0.0,0.0,27750.0,9999.0
59423_G_10402,Solar PV,1.5,1.5,0.03948534053243305,0.0,1.5,0.0,0.0,27750.0,9999.0
59431_G_SSG1,Solar PV,20.0,20.0,0.03430425154575303,0.0,20.0,0.0,0.0,27750.0,9999.0
59440_G_SAS,Solar PV,7.0,7.0,0.0003925686801592443,0.0,7.0,0.0,0.0,27750.0,9999.0
59441_G_SAS,Solar PV,20.0,20.0,0.008737078126555303,0.0,20.0,0.0,0.0,27750.0,9999.0
59443_G_WAS1,Solar PV,20.0,20.0,0.00012510204573700225,0.0,20.0,0.0,0.0,27750.0,9999.0
59469_G_ALAMO,Solar PV,20.0,20.0,0.0427511713987511,0.0,20.0,0.0,0.0,27750.0,9999.0
59473_G_AC2PV,Solar PV,14.4,14.4,0.014305490697347961,0.0,14.4,0.0,0.0,27750.0,9999.0
59522_G_FRGSP,Solar PV,20.0,20.0,0.04365349204559855,0.0,20.0,0.0,0.0,27750.0,9999.0
59523_G_FRFSP,Solar PV,60.0,60.0,0.043967595642471075,0.0,60.0,0.0,0.0,27750.0,9999.0
59524_G_FRBSP,Solar PV,20.0,20.0,0.025337399906446057,0.0,20.0,0.0,0.0,27750.0,9999.0
59528_G_OASIS,Solar PV,20.0,20.0,0.017343855205080996,0.0,20.0,0.0,0.0,27750.0,9999.0
59532_G_SB1,Solar PV,100.0,100.0,0.022133035189933564,0.0,100.0,0.0,0.0,27750.0,9999.0
59536_G_AWI,Solar PV,1.5,1.5,0.003095284646534935,0.0,1.5,0.0,0.0,27750.0,9999.0
59537_G_AW2,Solar PV,1.5,1.5,0.007801425088122644,0.0,1.5,0.0,0.0,27750.0,9999.0
59539_G_1,Solar PV,1.5,1.5,0.0019159596714640793,0.0,1.5,0.0,0.0,27750.0,9999.0
59540_G_2,Solar PV,1.8,1.8,0.005743446147269932,0.0,1.8,0.0,0.0,27750.0,9999.0
59541_G_3,Solar PV,1.5,1.5,0.029384507565764204,0.0,1.5,0.0,0.0,27750.0,9999.0
59550_G_PCSF,Solar PV,2.0,2.0,0.0067194553344545,0.0,2.0,0.0,0.0,27750.0,9999.0
59555_G_VEGA1,Solar PV,20.0,20.0,0.017508926301624633,0.0,20.0,0.0,0.0,27750.0,9999.0
59597_G_CS001,Solar PV,2.5,2.5,0.019832054315735332,0.0,2.5,0.0,0.0,27750.0,9999.0
59598_G_CS002,Solar PV,1.0,1.0,0.02165394809871951,0.0,1.0,0.0,0.0,27750.0,9999.0
59599_G_GEN1,Solar PV,13.0,13.0,0.010678868965993255,0.0,13.0,0.0,0.0,27750.0,9999.0
59600_G_GEN1,Solar PV,19.0,19.0,0.01793897868484809,0.0,19.0,0.0,0.0,27750.0,9999.0
59607_G_MWS,Solar PV,20.0,20.0,0.0310976494668273,0.0,20.0,0.0,0.0,27750.0,9999.0
59610_G_APNLI,Solar PV,20.0,20.0,0.03009854683619098,0.0,20.0,0.0,0.0,27750.0,9999.0
59633_G_KS,Solar PV,20.0,20.0,0.01681134059332044,0.0,20.0,0.0,0.0,27750.0,9999.0
59638_G_CLH,Solar PV,20.0,20.0,0.03309514613256697,0.0,20.0,0.0,0.0,27750.0,9999.0
59651_G_W4161,Solar PV,1.3,1.3,0.03390868534106552,0.0,1.3,0.0,0.0,27750.0,9999.0
59652_G_W4162,Solar PV,1.0,1.0,0.041339550051558205,0.0,1.0,0.0,0.0,27750.0,9999.0
59657_G_IVSC2,Solar PV,20.0,20.0,0.006093038552495534,0.0,20.0,0.0,0.0,27750.0,9999.0
59687_G_NDP1,Solar PV,1.5,1.5,0.04923665300649066,0.0,1.5,0.0,0.0,27750.0,9999.0
59703_G_1,Solar PV,1.0,1.0,0.010149628723382077,0.0,1.0,0.0,0.0,27750.0,9999.0
59722_G_SEV1,Solar PV,20.0,20.0,0.024345496379921713,0.0,20.0,0.0,0.0,27750.0,9999.0
59723_G_SEV2,Solar PV,30.0,30.0,0.022907663365636016,0.0,30.0,0.0,0.0,27750.0,9999.0
59730_G_SPV18,Solar PV,2.0,2.0,0.04085519100735002,0.0,2.0,0.0,0.0,27750.0,9999.0
59737_G_ASPRG,Solar PV,9.0,9.0,0.03349166323363349,0.0,9.0,0.0,0.0,27750.0,9999.0
59738_G_CSB,Solar PV,5.0,5.0,0.048809916835758596,0.0,5.0,0.0,0.0,27750.0,9999.0
59739_G_LWADB,Solar PV,5.0,5.0,0.041851587401671574,0.0,5.0,0.0,0.0,27750.0,9999.0
59740_G_SPVMW,Solar PV,20.0,20.0,0.037956698076651675,0.0,20.0,0.0,0.0,27750.0,9999.0
59746_G_1,Solar PV,3.5,3.5,0.022967097270006998,0.0,3.5,0.0,0.0,27750.0,9999.0
59748_G_1,Solar PV,2.2,2.2,0.00043152168432166187,0.0,2.2,0.0,0.0,27750.0,9999.0
59798_G_W4172,Solar PV,0.9,0.9,0.01362504497371796,0.0,0.9,0.0,0.0,27750.0,9999.0
59840_G_SB2,Solar PV,155.0,155.0,0.030288327789321026,0.0,155.0,0.0,0.0,27750.0,9999.0
59868_G_GEN01,Solar PV,20.0,20.0,0.04290767375950694,0.0,20.0,0.0,0.0,27750.0,9999.0
59872_G_UCD1,Solar PV,13.0,13.0,0.0019064162062910396,0.0,13.0,0.0,0.0,27750.0,9999.0
59900_G_C3CA,Solar PV,20.0,20.0,0.030833432918532175,0.0,20.0,0.0,0.0,27750.0,9999.0
59915_G_ORCA,Solar PV,20.0,20.0,0.020692894474718622,0.0,20.0,0.0,0.0,27750.0,9999.0
59916_G_12307,Solar PV,1.0,1.0,0.010144546594539033,0.0,1.0,0.0,0.0,27750.0,9999.0
59939_G_TQ,Solar PV,200.0,200.0,0.04371377697209892,0.0,200.0,0.0,0.0,27750.0,9999.0
59940_G_TQ8,Solar PV,200.0,200.0,0.02572708390690891,0.0,200.0,0.0,0.0,27750.0,9999.0
59942_G_ML1,Solar PV,1.5,1.5,0.04878282558896423,0.0,1.5,0.0,0.0,27750.0,9999.0
59948_G_BF111,Solar PV,1.4,1.4,0.02546124097157178,0.0,1.4,0.0,0.0,27750.0,9999.0
59961_G_WABSB,Solar PV,20.0,20.0,0.00792071017238742,0.0,20.0,0.0,0.0,27750.0,9999.0
59962_G_NLR,Solar PV,20.0,20.0,0.03218305309579166,0.0,20.0,0.0,0.0,27750.0,9999.0
59963_G_CADRC,Solar PV,20.0,20.0,0.0472546805230016,0.0,20.0,0.0,0.0,27750.0,9999.0
59964_G_ELVSC,Solar PV,40.0,40.0,0.001880905896117563,0.0,40.0,0.0,0.0,27750.0,9999.0
59976_G_ASTR1,Solar PV,100.0,100.0,0.0149234573336133,0.0,100.0,0.0,0.0,27750.0,9999.0
59977_G_ASTR2,Solar PV,75.0,75.0,0.0033184111369239325,0.0,75.0,0.0,0.0,27750.0,9999.0
59978_G_ECA22,Solar PV,1.5,1.5,0.0320775563658454,0.0,1.5,0.0,0.0,27750.0,9999.0
59979_G_GEN1,Solar PV,19.2,19.2,0.02856058426589152,0.0,19.2,0.0,0.0,27750.0,9999.0
60007_G_MORLS,Solar PV,15.0,15.0,0.034767201947888904,0.0,15.0,0.0,0.0,27750.0,9999.0
60026_G_PV1,Solar PV,3.0,3.0,0.007886155532914602,0.0,3.0,0.0,0.0,27750.0,9999.0
60027_G_ADERA,Solar PV,20.0,20.0,0.04674016387278975,0.0,20.0,0.0,0.0,27750.0,9999.0
60032_G_RCHTR,Solar PV,1.0,1.0,0.01913735885748672,0.0,1.0,0.0,0.0,27750.0,9999.0
60033_G_GEN01,Solar PV,130.0,130.0,0.045495446282767776,0.0,130.0,0.0,0.0,27750.0,9999.0
60035_G_RPU1,Solar PV,7.3,7.3,0.04705502961353106,0.0,7.3,0.0,0.0,27750.0,9999.0
60039_G_FTRS,Solar PV,20.0,20.0,0.03978016695646785,0.0,20.0,0.0,0.0,27750.0,9999.0
60049_G_GE,Onshore Wind,85.9,85.9,0.005696706042969391,0.0,85.9,0.0,0.0,39550.0,9999.0
60060_G_SDIA2,Solar PV,1.7,1.7,0.0070228115916898814,0.0,1.7,0.0,0.0,27750.0,9999.0
60060_G_SDIAA,Solar PV,0.5,0.5,0.012103715646569896,0.0,0.5,0.0,0.0,27750.0,9999.0
60060_G_SDIAB,Solar PV,0.5,0.5,0.030089611907721033,0.0,0.5,0.0,0.0,27750.0,9999.0
60077_G_AVCA,Solar PV,15.8,15.8,0.031228484598405038,0.0,15.8,0.0,0.0,27750.0,9999.0
60078_G_DU1CA,Solar PV,20.0,20.0,0.04915007878451502,0.0,20.0,0.0,0.0,27750.0,9999.0
60079_G_DU2CA,Solar PV,20.0,20.0,0.01685553661416983,0.0,20.0,0.0,0.0,27750.0,9999.0
60080_G_DU3CA,Solar PV,15.0,15.0,0.029506616336310167,0.0,15.0,0.0,0.0,27750.0,9999.0
60081_G_DU4CA,Solar PV,20.0,20.0,0.042723211426511344,0.0,20.0,0.0,0.0,27750.0,9999.0
60083_G_PV-S,Solar PV,1.5,1.5,0.048684090089735586,0.0,1.5,0.0,0.0,27750.0,9999.0
60083_G_PV-W,Solar PV,1.5,1.5,0.040945425283785836,0.0,1.5,0.0,0.0,27750.0,9999.0
60085_G_PV1,Solar PV,3.7,3.7,0.0035212904046560967,0.0,3.7,0.0,0.0,27750.0,9999.0
60086_G_PV1,Solar PV,3.0,3.0,0.015585891428066035,0.0,3.0,0.0,0.0,27750.0,9999.0
60091_G_GEN01,Solar PV,20.0,20.0,0.020508221951490574,0.0,20.0,0.0,0.0,27750.0,9999.0
60092_G_BLCK4,Solar PV,33.2,33.2,0.04726936003694002,0.0,33.2,0.0,0.0,27750.0,9999.0
60092_G_BLCK5,Solar PV,33.9,33.9,0.01156656111333348,0.0,33.9,0.0,0.0,27750.0,9999.0
60092_G_BLCK6,Solar PV,32.0,32.0,0.03524575895572001,0.0,32.0,0.0,0.0,27750.0,9999.0
60092_G_BLCK7,Solar PV,32.1,32.1,0.0495258664730935,0.0,32.1,0.0,0.0,27750.0,9999.0
60093_G_BLCK1,Solar PV,38.7,38.7,0.01913034711121261,0.0,38.7,0.0,0.0,27750.0,9999.0
60093_G_BLCK2,Solar PV,36.3,36.3,0.04871057349264662,0.0,36.3,0.0,0.0,27750.0,9999.0
60093_G_BLCK3,Solar PV,34.8,34.8,0.03823610033056971,0.0,34.8,0.0,0.0,27750.0,9999.0
60142_G_LEPV1,Solar PV,1.5,1.5,0.013579222792271606,0.0,1.5,0.0,0.0,27750.0,9999.0
60151_G_BLDGF,Solar PV,1.3,1.3,0.04248684012822576,0.0,1.3,0.0,0.0,27750.0,9999.0
60153_G_BLDGG,Solar PV,1.2,1.2,0.03246365207359841,0.0,1.2,0.0,0.0,27750.0,9999.0
60154_G_BLDG1,Solar PV,1.0,1.0,0.01774414781938462,0.0,1.0,0.0,0.0,27750.0,9999.0
60182_G_DULLE,Solar PV,2.0,2.0,0.002724555667523526,0.0,2.0,0.0,0.0,27750.0,9999.0
60183_G_FSPRI,Solar PV,2.0,2.0,0.00560533789185072,0.0,2.0,0.0,0.0,27750.0,9999.0
60185_G_SOLV1,Solar PV,85.0,85.0,0.038317556928132754,0.0,85.0,0.0,0.0,27750.0,9999.0
60186_G_DSR1,Solar PV,50.0,50.0,0.03430038316377767,0.0,50.0,0.0,0.0,27750.0,9999.0
60187_G_DSR2,Solar PV,5.0,5.0,0.029496239090680644,0.0,5.0,0.0,0.0,27750.0,9999.0
60193_G_GEN1,Solar PV,3.3,3.3,0.03907798835757255,0.0,3.3,0.0,0.0,27750.0,9999.0
60219_G_UNIT1,Solar PV,1.0,1.0,0.035093591895913476,0.0,1.0,0.0,0.0,27750.0,9999.0
60226_G_GEN01,Solar PV,10.8,10.8,0.04292964370055683,0.0,10.8,0.0,0.0,27750.0,9999.0
60231_G_PV1,Solar PV,4.5,4.5,0.013723735195129611,0.0,4.5,0.0,0.0,27750.0,9999.0
60233_G_PV2,Solar PV,185.0,185.0,0.03428817708223621,0.0,185.0,0.0,0.0,27750.0,9999.0
60237_G_MSF2,Solar PV,30.0,30.0,0.03299998870681911,0.0,30.0,0.0,0.0,27750.0,9999.0
60242_G_SKI10,Solar PV,10.0,10.0,0.04569569101232566,0.0,10.0,0.0,0.0,27750.0,9999.0
60255_G_1,Solar PV,2.0,2.0,0.02450854367533549,0.0,2.0,0.0,0.0,27750.0,9999.0
60255_G_2,Solar PV,1.0,1.0,0.014008108379100027,0.0,1.0,0.0,0.0,27750.0,9999.0
60275_G_WSPV1,Solar PV,2.0,2.0,0.04979226951003825,0.0,2.0,0.0,0.0,27750.0,9999.0
60277_G_CASTR,Solar PV,1.5,1.5,0.03907809037276106,0.0,1.5,0.0,0.0,27750.0,9999.0
60279_G_ABSR,Solar PV,20.0,20.0,0.04567181971181669,0.0,20.0,0.0,0.0,27750.0,9999.0
60280_G_SUMSL,Solar PV,20.0,20.0,0.01759248169206511,0.0,20.0,0.0,0.0,27750.0,9999.0
60281_G_CADRB,Solar PV,3.0,3.0,0.04572465826887128,0.0,3.0,0.0,0.0,27750.0,9999.0
60310_G_GEN01,Solar PV,20.0,20.0,0.02484708506075401,0.0,20.0,0.0,0.0,27750.0,9999.0
60311_G_GEN01,Solar PV,11.4,11.4,0.023024481634832464,0.0,11.4,0.0,0.0,27750.0,9999.0
60336_G_MSF1,Solar PV,50.0,50.0,0.036838459295896256,0.0,50.0,0.0,0.0,27750.0,9999.0
60386_G_PV1,Solar PV,20.0,20.0,0.037777485031740304,0.0,20.0,0.0,0.0,27750.0,9999.0
60389_G_REBR1,Solar PV,60.0,60.0,0.03866600787438304,0.0,60.0,0.0,0.0,27750.0,9999.0
60412_G_MUN,Solar PV,4.0,4.0,0.028894468144533572,0.0,4.0,0.0,0.0,27750.0,9999.0
60426_G_RCWD,Solar PV,1.9,1.9,0.030186281983107924,0.0,1.9,0.0,0.0,27750.0,9999.0
60428_G_PV1,Solar PV,2.2,2.2,0.010450975304530336,0.0,2.2,0.0,0.0,27750.0,9999.0
60446_G_PVEB,Solar PV,1.0,1.0,0.0059729605302841215,0.0,1.0,0.0,0.0,27750.0,9999.0
60450_G_PVCR,Solar PV,1.1,1.1,0.048584883945742334,0.0,1.1,0.0,0.0,27750.0,9999.0
60485_G_PV1,Solar PV,20.0,20.0,0.0036089826717709272,0.0,20.0,0.0,0.0,27750.0,9999.0
60509_G_PV1,Solar PV,2.3,2.3,0.00927668347503724,0.0,2.3,0.0,0.0,27750.0,9999.0
60516_G_PV1,Solar PV,3.0,3.0,0.011991601465067987,0.0,3.0,0.0,0.0,27750.0,9999.0
60558_G_PV1,Solar PV,20.0,20.0,0.016371233625201705,0.0,20.0,0.0,0.0,27750.0,9999.0
60590_G_RS1,Solar PV,54.0,54.0,0.04831222183778186,0.0,54.0,0.0,0.0,27750.0,9999.0
60591_G_RS1,Solar PV,54.0,54.0,0.0017493533319756173,0.0,54.0,0.0,0.0,27750.0,9999.0
60594_G_VYGR1,Onshore Wind,131.1,131.1,0.035623226575002984,0.0,131.1,0.0,0.0,39550.0,9999.0
60744_G_SESI2,Solar PV,2.9,2.9,0.027266218439761337,0.0,2.9,0.0,0.0,27750.0,9999.0
60745_G_SESI1,Solar PV,1.9,1.9,0.01325564306213652,0.0,1.9,0.0,0.0,27750.0,9999.0
60790_G_PV,Solar PV,3.0,3.0,0.014306025043908079,0.0,3.0,0.0,0.0,27750.0,9999.0
60791_G_ANZA1,Solar PV,2.0,2.0,0.02980585326908763,0.0,2.0,0.0,0.0,27750.0,9999.0
60824_G_PV1,Solar PV,1.0,1.0,0.04063722303207479,0.0,1.0,0.0,0.0,27750.0,9999.0
60844_G_PV1,Solar PV,3.8,3.8,0.009479571670689475,0.0,3.8,0.0,0.0,27750.0,9999.0
60844_G_PV2,Solar PV,2.3,2.3,0.018720322451012007,0.0,2.3,0.0,0.0,27750.0,9999.0
60846_G_PV1,Solar PV,1.1,1.1,0.028878267687469997,0.0,1.1,0.0,0.0,27750.0,9999.0
60861_G_PV1,Solar PV,2.7,2.7,0.046331522515391015,0.0,2.7,0.0,0.0,27750.0,9999.0
60869_G_PB1,Solar PV,9.5,9.5,0.04691389072452474,0.0,9.5,0.0,0.0,27750.0,9999.0
60914_G_W5328,Solar PV,2.3,2.3,0.03583602359717432,0.0,2.3,0.0,0.0,27750.0,9999.0
60947_G_Q644A,Solar PV,20.0,20.0,0.020845872209086038,0.0,20.0,0.0,0.0,27750.0,9999.0
60953_G_W5381,Solar PV,1.7,1.7,0.045709800834598545,0.0,1.7,0.0,0.0,27750.0,9999.0
60975_G_WS532,Solar PV,20.0,20.0,0.005218298478477862,0.0,20.0,0.0,0.0,27750.0,9999.0
60978_G_PV1,Solar PV,1.1,1.1,0.01788179672872985,0.0,1.1,0.0,0.0,27750.0,9999.0
60979_G_PV1,Solar PV,2.2,2.2,0.023180152206547927,0.0,2.2,0.0,0.0,27750.0,9999.0
60981_G_WS526,Solar PV,20.0,20.0,0.013587226289998767,0.0,20.0,0.0,0.0,27750.0,9999.0
60984_G_PV1,Solar PV,1.9,1.9,0.02691610472990636,0.0,1.9,0.0,0.0,27750.0,9999.0
60995_G_1,Solar PV,3.8,3.8,0.000728466583911136,0.0,3.8,0.0,0.0,27750.0,9999.0
61006_G_SCAIR,Solar PV,7.0,7.0,0.030370238572624376,0.0,7.0,0.0,0.0,27750.0,9999.0
61066_G_WTG1,Onshore Wind,1.9,1.9,0.037803005192893105,0.0,1.9,0.0,0.0,39550.0,9999.0
61067_G_WTG1,Onshore Wind,1.9,1.9,0.0036051910925696262,0.0,1.9,0.0,0.0,39550.0,9999.0
61115_G_MANT1,Solar PV,1.0,1.0,0.007179792447541861,0.0,1.0,0.0,0.0,27750.0,9999.0
61116_G_DELA1,Solar PV,1.0,1.0,0.04401453396437477,0.0,1.0,0.0,0.0,27750.0,9999.0
61117_G_BAKE1,Solar PV,5.3,5.3,0.0005532201262251013,0.0,5.3,0.0,0.0,27750.0,9999.0
61118_G_BIND1,Solar PV,1.0,1.0,0.0049144693831315485,0.0,1.0,0.0,0.0,27750.0,9999.0
61152_G_PV1,Solar PV,5.2,5.2,0.0140961155670712,0.0,5.2,0.0,0.0,27750.0,9999.0
61209_G_PV1,Solar PV,3.5,3.5,0.03154452208605899,0.0,3.5,0.0,0.0,27750.0,9999.0
61249_G_W5531,Solar PV,2.9,2.9,0.03193490071901458,0.0,2.9,0.0,0.0,27750.0,9999.0
61250_G_USPS1,Solar PV,10.7,10.7,0.019128223758684823,0.0,10.7,0.0,0.0,27750.0,9999.0
7526_G_1,Onshore Wind,13.1,13.1,0.006446287220323638,0.0,13.1,0.0,0.0,39550.0,9999.0
7526_G_2,Onshore Wind,24.0,24.0,0.012581194959384485,0.0,24.0,0.0,0.0,39550.0,9999.0
7526_G_2B,Onshore Wind,63.0,63.0,0.01930290486698291,0.0,63.0,0.0,0.0,39550.0,9999.0
7526_G_3,Onshore Wind,128.0,128.0,0.007030984813376828,0.0,128.0,0.0,0.0,39550.0,9999.0
