name,cost_e,cost_fre_d,cost_fre_u
10034_G_GEN1,34.52631682,3.092631682,3.092631682
10034_G_GEN2,34.5475885,3.09475885,3.09475885
10052_B_BLR1,10.520002222999999,9999.0,9999.0
10091_G_G2,10.55205445,9999.0,9999.0
10091_G_GEN1,10.560056016,9999.0,9999.0
10110_G_GEN1,72.79968443,9999.0,9999.0
10128_G_GEN1,0.041103923,9999.0,9999.0
10128_G_GEN2,0.012510269,9999.0,9999.0
10139_G_GEN1,0.033752788,9999.0,9999.0
10139_G_GEN2,0.024845767999999997,9999.0,9999.0
10144_B_BLR3,10.539048624,9999.0,9999.0
10156_G_GEN2,35.07610206,3.1476102060000004,3.1476102060000004
10156_G_GEN3,67.94413234,9999.0,9999.0
10156_G_GEN4,35.11985993,3.1519859930000003,3.1519859930000003
10162_G_WWHI,0.010268094,9999.0,9999.0
10169_G_GEN1,36.23090689,3.2630906889999998,3.2630906889999998
10169_G_GEN2,36.273591020000005,3.267359102,3.267359102
10175_G_0799,276.91627869999996,9999.0,9999.0
10175_G_5083,231.50732569999997,9999.0,9999.0
10213_G_GEN1,35.70541372,3.210541372,3.210541372
10213_G_GEN2,35.67777533,3.2077775330000002,3.2077775330000002
10213_G_GEN5,35.67690966,3.2076909660000004,3.2076909660000004
10213_G_GEN6,35.68991287,3.208991287,3.208991287
10213_G_GEN7,31.98764157,2.838764157,2.838764157
10213_G_GEN8,31.9776728,2.83776728,2.83776728
10222_G_SPP1,0.004043616,9999.0,9999.0
10253_G_LGEN,0.046084917999999996,9999.0,9999.0
10253_G_UGEN,0.009840725,9999.0,9999.0
10282_G_BCHY,0.027811595,9999.0,9999.0
10294_G_GTG,34.99969537,3.139969537,3.139969537
10294_G_STG,34.98279541,3.138279541,3.138279541
10342_G_TG1,34.67203804,3.1072038039999996,3.1072038039999996
10342_G_TG2,34.69243692,3.1092436919999997,3.1092436919999997
10342_G_TG3,34.69507234,3.1095072339999996,3.1095072339999996
10349_G_GEN1,59.31425379999999,9999.0,9999.0
10387_G_1A,17.513091763,9999.0,9999.0
10387_G_3,17.543155849,9999.0,9999.0
10405_G_GEN1,39.74571855,3.614571855,3.614571855
10405_G_GEN2,39.7753409,3.61753409,3.61753409
10458_G_GEN1,0.026803486,9999.0,9999.0
10472_B_B300,17.520663173,9999.0,9999.0
10479_G_T101,0.032194322000000004,0.003219432,0.003219432
10479_G_T102,0.034293462999999996,0.003429346,0.003429346
10479_G_T103,0.006737358000000001,0.0006737360000000001,0.0006737360000000001
10480_G_GEN1,0.036684544,0.0036684540000000002,0.0036684540000000002
10480_G_GEN2,0.0028403509999999996,0.000284035,0.000284035
10481_G_1,0.046832458,0.004683245999999999,0.004683245999999999
10481_G_2,0.026779564,0.0026779559999999996,0.0026779559999999996
10481_G_3,0.015946892,0.001594689,0.001594689
10496_G_GTAG,59.74893521,9999.0,9999.0
10601_G_GEN1,10.528497319,9999.0,9999.0
10623_G_GEN1,37.63196207,3.4031962069999997,3.4031962069999997
10623_G_GEN2,37.65605994,3.4056059939999996,3.4056059939999996
10631_G_GEN1,0.045110922000000005,0.004511092,0.004511092
10632_G_GEN1,0.041308611,0.0041308609999999996,0.0041308609999999996
10634_G_GEN1,0.021399516,0.002139952,0.002139952
10661_B_4,10.566099745999999,9999.0,9999.0
10684_B_BLR22,57.57695765,5.310695765,5.310695765
10706_G_GEN1,0.006862116,9999.0,9999.0
10707_G_GEN1,0.040193341,9999.0,9999.0
10708_G_GEN1,0.00923234,9999.0,9999.0
10709_G_GEN1,0.04999106,9999.0,9999.0
10748_G_U4J16,17.519090838,9999.0,9999.0
10759_G_GEN1,0.009857454,0.000985745,0.000985745
10763_G_GBU,0.018391359,0.0018391360000000001,0.0018391360000000001
10763_G_GEN1,0.042226642,0.004222664,0.004222664
10873_G_GEN1,0.000853155,8.53e-05,8.53e-05
10873_G_GEN2,0.046855475,0.004685548,0.004685548
10873_G_GEN3,0.023345368,0.0023345370000000002,0.0023345370000000002
10874_G_GEN4,0.043490119,0.004349012,0.004349012
10874_G_GEN5,0.010441866999999999,0.001044187,0.001044187
10874_G_GEN6,0.004952943,0.000495294,0.000495294
10875_G_GEN7,0.000575132,5.7499999999999995e-05,5.7499999999999995e-05
10875_G_GEN8,0.009230298,0.00092303,0.00092303
10875_G_GEN9,0.0176363,0.00176363,0.00176363
10878_G_EE11,0.049429244000000004,0.0049429240000000004,0.0049429240000000004
10879_G_GEN1,0.049833572,0.004983357,0.004983357
10879_G_GEN2,0.041322613,0.004132261,0.004132261
10879_G_GEN3,0.041358302,0.00413583,0.00413583
10880_G_GEN1,0.030644162000000003,9999.0,9999.0
10881_G_GEN1,0.045171254,9999.0,9999.0
10882_G_GEN1,0.046713545999999995,9999.0,9999.0
151_G_1,85.18598813,9999.0,9999.0
161_G_1,0.027015308999999998,9999.0,9999.0
161_G_2,0.023470519,9999.0,9999.0
161_G_3,0.039312944,9999.0,9999.0
162_G_1,0.0011427639999999999,9999.0,9999.0
162_G_2,0.032170242,9999.0,9999.0
180_G_1,0.047782619000000005,9999.0,9999.0
214_G_1,0.008269181,9999.0,9999.0
215_G_1,0.01555563,9999.0,9999.0
217_G_1,0.003051049,9999.0,9999.0
218_G_2,0.022434133,9999.0,9999.0
218_G_3,0.03564037,9999.0,9999.0
219_G_1,0.007768476,9999.0,9999.0
220_G_H1,0.049324568,9999.0,9999.0
220_G_H2,0.024142512999999997,9999.0,9999.0
221_G_1,0.024379957,9999.0,9999.0
222_G_1,0.004776087,9999.0,9999.0
222_G_2,0.033486361,9999.0,9999.0
222_G_3,0.03978098,9999.0,9999.0
223_G_4,0.031241105,9999.0,9999.0
223_G_5,0.014238435,9999.0,9999.0
225_G_1,0.045386253,9999.0,9999.0
227_G_1,0.002117883,9999.0,9999.0
231_G_1,0.007284105999999999,9999.0,9999.0
231_G_2,0.038168305,9999.0,9999.0
232_G_1,0.048029801,9999.0,9999.0
233_G_1,0.000882407,9999.0,9999.0
235_G_1,0.048553523,9999.0,9999.0
235_G_2,0.022290462999999996,9999.0,9999.0
235_G_3,0.029757366,9999.0,9999.0
235_G_4,0.043840168,9999.0,9999.0
236_G_5,0.041782002,9999.0,9999.0
237_G_1,0.039434837,9999.0,9999.0
238_G_1,0.03043242,9999.0,9999.0
238_G_2,0.028891935,9999.0,9999.0
239_G_1,0.017495569,9999.0,9999.0
239_G_2,0.023376072999999997,9999.0,9999.0
239_G_3,0.04164647,9999.0,9999.0
240_G_H1,0.0132125,9999.0,9999.0
240_G_H2,0.037970582,9999.0,9999.0
241_G_1,0.031948767999999995,9999.0,9999.0
242_G_1,0.030337917000000002,9999.0,9999.0
242_G_2,0.033905372,9999.0,9999.0
243_G_1,0.019201845,9999.0,9999.0
244_G_1,0.031946133,9999.0,9999.0
246_G_IC1,66.2125909,9999.0,9999.0
248_G_1,0.01285145,9999.0,9999.0
249_G_1,0.017590439,9999.0,9999.0
249_G_2,0.007952101,9999.0,9999.0
250_G_H1,0.027385387999999997,9999.0,9999.0
250_G_H3,0.019269855,9999.0,9999.0
254_G_H1,0.022377825,9999.0,9999.0
255_G_1,0.047948172000000004,9999.0,9999.0
255_G_2,0.006128815,9999.0,9999.0
258_G_1,0.020458003,9999.0,9999.0
260_G_CT1A,30.64224042,2.704224042,2.704224042
260_G_CT1B,30.601388630000002,2.7001388630000003,2.7001388630000003
260_G_CT2A,30.644945630000002,2.704494563,2.704494563
260_G_CT2B,30.62265081,2.702265081,2.702265081
260_G_ST1,30.60231598,2.7002315980000002,2.7002315980000002
260_G_ST2,30.622341180000003,2.7022341180000002,2.7022341180000002
261_G_1,0.049290336,9999.0,9999.0
262_G_1,0.032836537,9999.0,9999.0
264_G_1,0.011482484,9999.0,9999.0
265_G_H1,0.00306632,9999.0,9999.0
265_G_H2,0.030350872999999997,9999.0,9999.0
266_G_H1,0.041519622,9999.0,9999.0
266_G_H2,0.02970696,9999.0,9999.0
266_G_H3,0.030678819,9999.0,9999.0
267_G_1,0.048491665999999996,9999.0,9999.0
267_G_2,0.035800204,9999.0,9999.0
268_G_H1,0.029275383999999998,9999.0,9999.0
268_G_H2,0.020480757,9999.0,9999.0
268_G_H3,0.01297616,9999.0,9999.0
268_G_H4,0.024794337000000003,9999.0,9999.0
269_G_H1,0.047679667,9999.0,9999.0
269_G_H2,0.04430593099999999,9999.0,9999.0
270_G_H1,0.002372613,9999.0,9999.0
270_G_H2,0.0030648209999999997,9999.0,9999.0
272_G_1,0.000222938,9999.0,9999.0
272_G_2,0.049880151,9999.0,9999.0
274_G_1,0.015515371000000002,9999.0,9999.0
274_G_2,5.73e-05,9999.0,9999.0
274_G_3,0.020232113,9999.0,9999.0
275_G_H1,0.034724068999999996,9999.0,9999.0
275_G_H2,0.045979821,9999.0,9999.0
276_G_1,0.030077121000000002,9999.0,9999.0
277_G_3,0.007800206,9999.0,9999.0
279_G_1,0.044674387,9999.0,9999.0
279_G_2,0.0036257729999999997,9999.0,9999.0
280_G_1,0.011807462,9999.0,9999.0
281_G_1,0.034298301,9999.0,9999.0
282_G_1,0.003766469,9999.0,9999.0
283_G_1,0.031818402999999995,9999.0,9999.0
284_G_1,0.031887122999999996,9999.0,9999.0
285_G_HC1,0.008968204,9999.0,9999.0
286_G_U11,0.029830019,0.0029830020000000002,0.0029830020000000002
286_G_U12,0.034474199,0.00344742,0.00344742
286_G_U13,0.036551579,0.003655158,0.003655158
286_G_U14,0.026720679,0.002672068,0.002672068
286_G_U16,0.040757867,0.004075787,0.004075787
286_G_U17,0.024681888,0.002468189,0.002468189
286_G_U18,0.018994861000000002,0.0018994860000000001,0.0018994860000000001
286_G_U20,0.044937095,0.00449371,0.00449371
286_G_U5,0.040695045,0.004069504,0.004069504
286_G_U6,0.043946919,0.004394692,0.004394692
286_G_U7,0.048201415,0.004820141,0.004820141
286_G_U8,0.001191679,0.000119168,0.000119168
287_G_H1,0.032256305,9999.0,9999.0
287_G_H2,0.005298899,9999.0,9999.0
289_G_1,0.041467947000000005,9999.0,9999.0
289_G_2,0.043785832000000004,9999.0,9999.0
290_G_1,0.038144141,9999.0,9999.0
291_G_1,0.015727644,9999.0,9999.0
292_G_1,0.026688349,9999.0,9999.0
292_G_2,0.024514967000000002,9999.0,9999.0
293_G_1,0.034449446,9999.0,9999.0
293_G_2,0.01743039,9999.0,9999.0
293_G_3,0.007574986,9999.0,9999.0
293_G_4,0.043097117000000004,9999.0,9999.0
294_G_1,0.013120866,9999.0,9999.0
294_G_2,0.030202682,9999.0,9999.0
295_G_1,0.008330356,9999.0,9999.0
295_G_2,0.0064856359999999995,9999.0,9999.0
296_G_1,0.027837957000000003,9999.0,9999.0
296_G_2,0.013969153,9999.0,9999.0
296_G_3,0.036290126,9999.0,9999.0
297_G_1,0.016685372,9999.0,9999.0
314_G_1,0.036127221,9999.0,9999.0
314_G_2,0.010907155,9999.0,9999.0
316_G_1,0.033233785,9999.0,9999.0
317_G_1,0.020207929,9999.0,9999.0
317_G_2,0.002043631,9999.0,9999.0
317_G_3,0.028223117000000002,9999.0,9999.0
317_G_4,0.048699844000000006,9999.0,9999.0
318_G_3,0.014297462,9999.0,9999.0
318_G_4,0.01884273,9999.0,9999.0
318_G_5,0.049153955,9999.0,9999.0
318_G_6,0.045533900999999995,9999.0,9999.0
319_G_1,0.045729449000000005,9999.0,9999.0
319_G_2,0.015861002,9999.0,9999.0
319_G_3,0.00974325,9999.0,9999.0
319_G_4,0.034460797,9999.0,9999.0
319_G_5,0.03479404,9999.0,9999.0
320_G_1,0.020816377,9999.0,9999.0
320_G_2,0.025108234,9999.0,9999.0
321_G_1,0.042814685,9999.0,9999.0
321_G_2,0.023795195,9999.0,9999.0
322_G_1,0.036588687,9999.0,9999.0
322_G_2,0.030719292000000002,9999.0,9999.0
323_G_1,0.049796509,9999.0,9999.0
323_G_2,0.024277771,9999.0,9999.0
323_G_3,0.025928932000000002,9999.0,9999.0
324_G_1,0.014037892,9999.0,9999.0
324_G_2,0.035756894,9999.0,9999.0
324_G_3,0.048997902999999995,9999.0,9999.0
325_G_1,0.008821490999999999,9999.0,9999.0
325_G_2,0.02581879,9999.0,9999.0
325_G_3,0.027300026,9999.0,9999.0
325_G_4,0.016877248,9999.0,9999.0
325_G_5,0.045507262,9999.0,9999.0
326_G_1,0.0015083339999999998,9999.0,9999.0
326_G_2,0.003377643,9999.0,9999.0
327_G_1,0.029400582,9999.0,9999.0
328_G_1,0.006934946,9999.0,9999.0
328_G_2,0.0021925829999999997,9999.0,9999.0
328_G_3,0.025710777999999997,9999.0,9999.0
332_G_1,0.031044297999999998,9999.0,9999.0
332_G_2,0.021671106000000002,9999.0,9999.0
336_G_2,0.037980694,9999.0,9999.0
337_G_1,0.018615097,9999.0,9999.0
338_G_1,0.048105182999999996,9999.0,9999.0
338_G_2,0.009956547,9999.0,9999.0
339_G_1,0.004968203,9999.0,9999.0
339_G_2,0.02206635,9999.0,9999.0
340_G_1,0.027797767,9999.0,9999.0
340_G_2,0.031395936,9999.0,9999.0
340_G_3,0.009172873,9999.0,9999.0
340_G_4,0.04990673,9999.0,9999.0
341_G_CT3,80.91032206,9999.0,9999.0
342_G_1,0.040218241,9999.0,9999.0
342_G_2,0.033352384,9999.0,9999.0
344_G_1,0.015391075,9999.0,9999.0
344_G_2,0.005885016999999999,9999.0,9999.0
34_G_1P,0.021830183,9999.0,9999.0
353_G_1,0.000249306,9999.0,9999.0
354_G_1,0.045691088,9999.0,9999.0
357_G_1,0.021235907999999998,9999.0,9999.0
357_G_2,0.03852077,9999.0,9999.0
358_G_MV3A,31.60624533,2.800624533,2.800624533
358_G_MV3B,31.637457480000002,2.8037457480000003,2.8037457480000003
358_G_MV3C,31.636382310000002,2.8036382310000003,2.8036382310000003
358_G_MV4A,31.648509920000002,2.804850992,2.804850992
358_G_MV4B,31.63440031,2.803440031,2.803440031
358_G_MV4C,31.627897200000003,2.80278972,2.80278972
361_G_1,0.021390662,9999.0,9999.0
361_G_2,0.00213919,9999.0,9999.0
361_G_3,0.047450173,9999.0,9999.0
361_G_4,0.02484972,9999.0,9999.0
363_G_1,0.006307373000000001,9999.0,9999.0
365_G_1,0.022905132,9999.0,9999.0
365_G_2,0.016807891999999998,9999.0,9999.0
376_G_1,0.012534028000000001,9999.0,9999.0
376_G_2,0.008070012,9999.0,9999.0
376_G_3,0.042112166,9999.0,9999.0
377_G_1,37.21642505,3.361642505,3.361642505
377_G_2,37.2342214,3.36342214,3.36342214
377_G_5,56.26120213,5.179120213,5.179120213
377_G_8A,37.21011448,3.361011448,3.361011448
377_G_8BC,37.20389274,3.3603892739999996,3.3603892739999996
380_G_1,0.047310727999999996,9999.0,9999.0
380_G_2,0.03578976,9999.0,9999.0
381_G_1,0.013255278,9999.0,9999.0
381_G_2,0.001750524,9999.0,9999.0
382_G_1,0.036184812999999996,9999.0,9999.0
382_G_2,0.037942821,9999.0,9999.0
382_G_3,0.028952047999999998,9999.0,9999.0
385_G_1,0.037009886,9999.0,9999.0
385_G_2,0.025262755,9999.0,9999.0
386_G_1,0.0038167809999999996,9999.0,9999.0
386_G_2,0.02542224,9999.0,9999.0
387_G_1,0.024853766,9999.0,9999.0
387_G_2,0.017401388,9999.0,9999.0
388_G_1,0.03862465,9999.0,9999.0
388_G_2,0.012428719,9999.0,9999.0
389_G_2,35.03489416,3.1434894160000004,3.1434894160000004
389_G_2A,35.012249419999996,3.141224942,3.141224942
389_G_30,35.03919167,3.143919167,3.143919167
389_G_31,35.03914961,3.143914961,3.143914961
389_G_32,35.0079173,3.14079173,3.14079173
391_G_1,0.002490062,9999.0,9999.0
392_G_7,0.015697412,9999.0,9999.0
393_G_1,0.013978393,9999.0,9999.0
394_G_1,0.000218397,9999.0,9999.0
394_G_2,0.04660365,9999.0,9999.0
396_G_1,0.020625569,9999.0,9999.0
397_G_1,0.014486348000000001,9999.0,9999.0
398_G_1,0.032273823,9999.0,9999.0
398_G_2,0.044186564000000005,9999.0,9999.0
399_G_10A,43.48357413,3.988357413,3.988357413
399_G_10B,43.45418644,3.9854186439999997,3.9854186439999997
399_G_5,43.45058529,3.985058529,3.985058529
399_G_GT14,66.98463059,9999.0,9999.0
400_B_1,46.56202848,4.209202848,4.209202848
400_B_2,46.50404209,4.2034042089999994,4.2034042089999994
400_G_10,30.82026296,2.722026296,2.722026296
400_G_11,65.96529816,9999.0,9999.0
400_G_12,65.94473095,9999.0,9999.0
400_G_13,65.98273635,9999.0,9999.0
400_G_14,65.94886012,9999.0,9999.0
400_G_15,65.94760907,9999.0,9999.0
400_G_16,65.98455652,9999.0,9999.0
400_G_8,30.820722550000003,2.722072255,2.722072255
400_G_9,30.833502500000005,2.72335025,2.72335025
401_G_1,0.01691604,9999.0,9999.0
402_G_1,0.025406336,9999.0,9999.0
403_G_1,0.016429853,9999.0,9999.0
403_G_2,0.033411655,9999.0,9999.0
404_B_1,48.624551069999995,4.415455107,4.415455107
404_B_2,48.14351259,4.367351258999999,4.367351258999999
404_G_4,30.19711901,2.659711901,2.659711901
404_G_5,30.23243725,2.663243725,2.663243725
404_G_6,65.95478555,9999.0,9999.0
404_G_7,65.98034257,9999.0,9999.0
407_G_1,0.024942897000000002,9999.0,9999.0
408_G_6,31.32746371,2.772746371,2.772746371
408_G_7,31.32163759,2.7721637589999997,2.7721637589999997
408_G_8,31.32165063,2.772165063,2.772165063
409_G_1,0.03715959,9999.0,9999.0
410_G_1,0.049238642,9999.0,9999.0
412_G_2P,0.021931541000000002,9999.0,9999.0
413_G_3P,0.036311211,9999.0,9999.0
414_G_1,0.040241896,9999.0,9999.0
415_G_H1,0.009439316,9999.0,9999.0
416_G_1,0.001041187,9999.0,9999.0
416_G_2,0.009790664000000001,9999.0,9999.0
416_G_3,0.042855834,9999.0,9999.0
417_G_1,0.033937348,9999.0,9999.0
418_G_1,0.046257520999999996,9999.0,9999.0
419_G_1,0.042465572,9999.0,9999.0
422_G_GT5,30.19932988,2.659932988,2.659932988
422_G_ST1,30.238798250000002,2.663879825,2.663879825
424_G_1,0.010354559000000001,9999.0,9999.0
425_G_1,0.023725628,9999.0,9999.0
425_G_2,0.016211609,9999.0,9999.0
426_G_1,0.007439637,9999.0,9999.0
427_G_1,0.047780552999999996,9999.0,9999.0
428_G_1,0.017137158,9999.0,9999.0
430_G_H1,0.006826746999999999,9999.0,9999.0
430_G_H2,0.0009531860000000001,9999.0,9999.0
431_G_H1,0.004944785,9999.0,9999.0
431_G_H2,0.02013644,9999.0,9999.0
432_G_H1,0.003771216,9999.0,9999.0
433_G_1,0.005760328,9999.0,9999.0
435_G_H1,0.024638322,9999.0,9999.0
435_G_H2,0.000354728,9999.0,9999.0
435_G_H4,0.012079896000000001,9999.0,9999.0
436_G_1,0.036869808,9999.0,9999.0
436_G_2,0.00384419,9999.0,9999.0
436_G_3,0.003680052,9999.0,9999.0
436_G_4,0.0043347609999999995,9999.0,9999.0
437_G_1,0.033596332,9999.0,9999.0
437_G_3,0.036725792,9999.0,9999.0
437_G_5,0.026376302999999997,9999.0,9999.0
439_G_1,0.047335217,9999.0,9999.0
439_G_2,0.029518832999999998,9999.0,9999.0
439_G_3,0.02807584,9999.0,9999.0
439_G_4,0.035876363,9999.0,9999.0
440_G_1,0.047705158,9999.0,9999.0
440_G_2,0.013290291000000001,9999.0,9999.0
441_G_1,0.030674079,9999.0,9999.0
441_G_2,0.001548666,9999.0,9999.0
441_G_3,0.003670397,9999.0,9999.0
442_G_1,0.020122841000000002,9999.0,9999.0
442_G_2,0.002436996,9999.0,9999.0
443_G_1,0.027938154,9999.0,9999.0
443_G_2,0.04718713099999999,9999.0,9999.0
443_G_3,0.020678016,9999.0,9999.0
444_G_1,0.04970069,9999.0,9999.0
444_G_2,0.048213633,9999.0,9999.0
445_G_1,0.021951888,9999.0,9999.0
445_G_2,0.041929051,9999.0,9999.0
445_G_3,0.01784105,9999.0,9999.0
445_G_4,0.005468009,9999.0,9999.0
445_G_5,0.000468195,9999.0,9999.0
445_G_S1,0.022846362999999998,9999.0,9999.0
445_G_S2,0.01972698,9999.0,9999.0
447_G_1,0.012672988,9999.0,9999.0
447_G_2,0.02779517,9999.0,9999.0
447_G_3,0.048786258,9999.0,9999.0
447_G_4,0.026482732000000002,9999.0,9999.0
450_G_1,0.003727787,9999.0,9999.0
450_G_2,0.034503597000000004,9999.0,9999.0
451_G_1,0.010150025,9999.0,9999.0
451_G_2,0.049124457,9999.0,9999.0
454_G_1,0.004171972,9999.0,9999.0
454_G_2,0.012040965,9999.0,9999.0
455_G_1,0.02458839,9999.0,9999.0
457_G_HC1,0.040162076,9999.0,9999.0
457_G_HC2,0.032331815,9999.0,9999.0
479_G_1,0.045617001,9999.0,9999.0
480_G_1,0.033231281,9999.0,9999.0
481_G_1,0.000202536,9999.0,9999.0
482_G_1,0.030451129,9999.0,9999.0
483_G_1,0.026728288,9999.0,9999.0
484_G_1,0.013961671,9999.0,9999.0
487_G_1,0.037384872,9999.0,9999.0
489_G_1,0.020346066,9999.0,9999.0
50037_G_UNT1,0.040986985,9999.0,9999.0
50037_G_UNT2,0.031763996,9999.0,9999.0
50049_B_BLRC,10.54911885,9999.0,9999.0
50066_G_UNT1,0.016837475,0.0016837479999999999,0.0016837479999999999
50066_G_UNT2,0.021480448,0.002148045,0.002148045
50119_G_GENA,8.963197164,9999.0,9999.0
50129_G_1641,0.015171226000000001,9999.0,9999.0
50129_G_1642,0.031390786000000004,9999.0,9999.0
50129_G_8332,0.031446615,9999.0,9999.0
50134_G_GTAG,59.290272040000005,9999.0,9999.0
50134_G_GTBG,59.283438200000006,9999.0,9999.0
50134_G_GTCG,59.278557109999994,9999.0,9999.0
50134_G_GTDG,59.291138790000005,9999.0,9999.0
50147_G_1,0.005538049000000001,9999.0,9999.0
50156_G_GEN1,0.02691056,9999.0,9999.0
50179_G_GEN1,0.042702968,9999.0,9999.0
50179_G_GEN2,0.044584452000000004,9999.0,9999.0
50180_G_GEN1,0.014832463999999998,9999.0,9999.0
50210_G_GEN1,0.036957937999999996,0.003695794,0.003695794
50210_G_GEN2,0.012176063999999999,0.001217606,0.001217606
50216_G_GN91,38.01281356,3.441281356,3.441281356
50216_G_GN92,37.990791380000005,3.4390791380000003,3.4390791380000003
50216_G_GN93,37.97282071,3.4372820710000003,3.4372820710000003
50216_G_GN94,38.00006176,3.4400061760000002,3.4400061760000002
50216_G_GN95,38.00123267,3.4401232669999997,3.4401232669999997
50216_G_GN96,38.01778309,3.4417783089999996,3.4417783089999996
50218_G_U1,0.021077691000000003,9999.0,9999.0
50219_G_U1,0.022255052999999997,9999.0,9999.0
50223_G_1296,0.04600903,9999.0,9999.0
50233_G_4011,0.0034426640000000002,9999.0,9999.0
50299_G_GEN1,67.01309033,9999.0,9999.0
50322_G_GEN1,0.00800249,9999.0,9999.0
50350_G_GEN1,0.008039578,9999.0,9999.0
50352_G_1,0.023814693999999997,9999.0,9999.0
50352_G_2,0.042155807000000003,9999.0,9999.0
50375_G_GEN1,0.011270287,9999.0,9999.0
50388_B_K1,25.328840109999998,2.085884011,2.085884011
50388_B_K2,25.32605289,2.085605289,2.085605289
50393_G_FR1,0.023891652000000003,9999.0,9999.0
50393_G_M1,0.048578993,9999.0,9999.0
50393_G_RO1,0.03083111,9999.0,9999.0
50393_G_RO2,0.026744466,9999.0,9999.0
50400_G_GEN1,0.003430013,9999.0,9999.0
50492_G_3,0.024306422,9999.0,9999.0
50541_G_GEN1,44.23157353,4.063157353,4.063157353
50541_G_ST1,44.2391792,4.06391792,4.06391792
50541_G_ST2,44.2000329,4.06000329,4.06000329
50546_G_GEN1,0.047152099,9999.0,9999.0
50571_G_GEN1,17.548925648,9999.0,9999.0
50632_B_1,17.532945277,9999.0,9999.0
50748_G_GEN1,35.35882742,3.1758827419999998,3.1758827419999998
50748_G_GEN2,35.342703379999996,3.174270338,3.174270338
50750_G_GEN1,80.62448496,9999.0,9999.0
50755_G_GEN1,0.033439659,9999.0,9999.0
50755_G_GEN2,0.049198584000000004,9999.0,9999.0
50766_G_ITLU1,0.004113688,0.000411369,0.000411369
50766_G_ITLU2,0.031716913,0.003171691,0.003171691
50766_G_OE31,0.007760573000000001,0.0007760569999999999,0.0007760569999999999
50766_G_OE32,0.012203931000000001,0.001220393,0.001220393
50831_G_GEN1,17.549636872,9999.0,9999.0
50849_G_GEN1,37.97438558,3.437438558,3.437438558
50849_G_GEN2,37.9868233,3.43868233,3.43868233
50850_G_GEN1,30.47023175,2.687023175,2.687023175
50850_G_GEN2,30.438779330000003,2.683877933,2.683877933
50851_G_GEN1,32.85352082,2.925352082,2.925352082
50851_G_GEN2,32.82002163,2.922002163,2.922002163
50892_G_GEN1,0.049479304,9999.0,9999.0
50892_G_GEN2,0.030289347,9999.0,9999.0
50961_G_GEN1,0.014681868,9999.0,9999.0
50964_G_IND,0.02958964,0.002958964,0.002958964
50964_G_SYN,0.045144602,0.00451446,0.00451446
510_G_1,0.024451134,0.002445113,0.002445113
52073_G_GEN1,31.99875871,2.8398758710000003,2.8398758710000003
52073_G_GEN2,31.989313090000003,2.838931309,2.838931309
52073_G_GEN3,31.96222668,2.836222668,2.836222668
52158_G_GEN1,0.035709536,0.0035709540000000003,0.0035709540000000003
52158_G_GEN2,0.037623661,0.0037623659999999996,0.0037623659999999996
52169_G_B,74.18754393,9999.0,9999.0
531_G_1,0.032467832,9999.0,9999.0
534_G_1,0.037944937000000005,9999.0,9999.0
535_G_1,73.38210946,9999.0,9999.0
537_G_1,0.029726078,9999.0,9999.0
537_G_2,0.005892181,9999.0,9999.0
537_G_3,0.048757102000000004,9999.0,9999.0
54017_G_U1,0.016540008000000002,9999.0,9999.0
54017_G_U2,0.023042145,9999.0,9999.0
54038_G_GEN1,0.016991044,0.001699104,0.001699104
54111_G_GE10,0.032996625,0.003299662,0.003299662
54111_G_GE11,0.033171318,0.003317132,0.003317132
54111_G_GE12,0.014336334,0.001433633,0.001433633
54111_G_GE13,0.031027607999999998,0.003102761,0.003102761
54111_G_GEN1,0.047122008,0.004712201,0.004712201
54111_G_GEN14,0.046683811,0.004668381,0.004668381
54111_G_GEN2,0.02137848,0.002137848,0.002137848
54111_G_GEN3,0.017137853999999998,0.001713785,0.001713785
54111_G_GEN4,0.030547300000000003,0.00305473,0.00305473
54111_G_GEN5,0.023586552,0.002358655,0.002358655
54111_G_GEN6,0.047396121,0.004739612,0.004739612
54111_G_GEN7,0.0024309789999999998,0.000243098,0.000243098
54111_G_GEN8,0.049280368,0.004928037,0.004928037
54111_G_GEN9,0.035288985,0.0035288990000000003,0.0035288990000000003
54238_B_BIOMS1,10.563635094999999,9999.0,9999.0
54261_G_3385,0.02526887,9999.0,9999.0
54308_G_1,0.024319935,9999.0,9999.0
54343_G_GEN1,0.04176276,9999.0,9999.0
54554_G_GEN1,0.007277564,9999.0,9999.0
54554_G_GEN2,0.04460421,9999.0,9999.0
54554_G_GEN3,0.037760544,9999.0,9999.0
54555_G_GEN1,0.012790338,9999.0,9999.0
54555_G_GEN2,0.01128155,9999.0,9999.0
54653_G_KAN1,0.042488365,9999.0,9999.0
54654_G_KEK1,0.001250398,9999.0,9999.0
54689_G_1,0.018820215,0.0018820220000000001,0.0018820220000000001
54689_G_2,0.017168155,0.001716815,0.001716815
54689_G_3,0.004453772,0.00044537699999999995,0.00044537699999999995
54724_G_OEC21,0.030187147,0.003018715,0.003018715
54724_G_OEC22,0.008483304,0.00084833,0.00084833
54749_G_CTG,32.65617801,2.9056178010000004,2.9056178010000004
54749_G_STG,32.66161111,2.9061611110000003,2.9061611110000003
54996_G_4100,0.010849102,0.00108491,0.00108491
55009_G_GEN1,0.034485697999999995,9999.0,9999.0
55084_G_GE1,26.58766435,2.298766435,2.298766435
55112_G_CT01,32.37754457,2.877754457,2.877754457
55112_G_CT02,32.39054401,2.8790544010000003,2.8790544010000003
55112_G_ST01,32.407314219999996,2.8807314219999998,2.8807314219999998
55151_G_GEN1,30.73527675,2.713527675,2.713527675
55151_G_GEN2,30.694326680000003,2.7094326680000003,2.7094326680000003
55151_G_GEN3,30.794101360000003,2.719410136,2.719410136
55151_G_GEN4,30.67395434,2.707395434,2.707395434
55182_G_STG,30.80216481,2.720216481,2.720216481
55182_G_X718,30.828495110000002,2.722849511,2.722849511
55182_G_X719,30.81919586,2.7219195860000003,2.7219195860000003
55217_G_CTG1,29.03969212,2.543969212,2.543969212
55217_G_CTG2,29.07423902,2.547423902,2.547423902
55217_G_STG3,29.029542510000002,2.542954251,2.542954251
55295_G_CT1,31.06349535,2.746349535,2.746349535
55295_G_CT2,31.08884197,2.7488841969999998,2.7488841969999998
55295_G_ST1,31.05351353,2.745351353,2.745351353
55333_G_CTG1,31.428417120000002,2.7828417119999997,2.7828417119999997
55333_G_CTG2,31.42702394,2.7827023939999997,2.7827023939999997
55333_G_CTG3,31.467946140000002,2.7867946139999997,2.7867946139999997
55333_G_STG1,31.445117970000002,2.784511797,2.784511797
55345_G_1-01,30.95261825,2.735261825,2.735261825
55345_G_1-02,30.957277700000002,2.73572777,2.73572777
55345_G_1-03,30.966383840000002,2.736638384,2.736638384
55393_G_CTG1,30.63394917,2.703394917,2.703394917
55393_G_CTG2,30.62753388,2.702753388,2.702753388
55393_G_STG1,30.61859227,2.701859227,2.701859227
55400_G_CTG1,30.45838857,2.685838857,2.685838857
55400_G_CTG2,30.43884512,2.6838845119999997,2.6838845119999997
55400_G_STG,30.46077592,2.6860775919999997,2.6860775919999997
55510_G_CPP4,68.75340127,9999.0,9999.0
55518_G_CTG1,30.870072890000003,2.727007289,2.727007289
55518_G_CTG2,30.83442171,2.7234421710000003,2.7234421710000003
55518_G_CTG3,30.87546519,2.7275465189999997,2.7275465189999997
55518_G_STG1,30.879148960000002,2.727914896,2.727914896
55541_G_CTG3,67.13995962999999,9999.0,9999.0
55656_G_CT01,30.2743359,2.66743359,2.66743359
55656_G_CT02,30.266630100000004,2.66666301,2.66666301
55656_G_CT04,30.256995070000002,2.665699507,2.665699507
55656_G_ST03,30.26289754,2.666289754,2.666289754
55656_G_ST05,30.261093480000003,2.666109348,2.666109348
55698_G_HEP1,67.14280267,9999.0,9999.0
55748_G_CAG5,34.14709529,3.0547095289999997,3.0547095289999997
55748_G_CTG1,34.15400555,3.055400555,3.055400555
55748_G_CTG2,34.19377551,3.0593775510000003,3.0593775510000003
55748_G_CTG3,34.174001849999996,3.057400185,3.057400185
55748_G_CTG4,34.15418736,3.055418736,3.055418736
55810_G_S5,72.45848713,9999.0,9999.0
55933_G_TCC1,33.69547306,3.0095473060000004,3.0095473060000004
55933_G_TPP1,33.68764714,3.008764714,3.008764714
55933_G_TPP2,33.68078357,3.008078357,3.008078357
55951_G_AMP1,68.86315846,9999.0,9999.0
55970_G_1,30.21993227,2.661993227,2.661993227
55970_G_2,30.2147528,2.66147528,2.66147528
55970_G_3,30.217228560000002,2.661722856,2.661722856
55983_G_TG51,0.00013866600000000002,1.39e-05,1.39e-05
55984_G_TG21,0.000737734,7.38e-05,7.38e-05
55985_G_CTG1,30.20955884,2.6609558840000003,2.6609558840000003
55985_G_CTG2,30.221255600000006,2.66212556,2.66212556
55985_G_STG,30.23521861,2.663521861,2.663521861
56026_G_CTG1,35.128019,3.1528019,3.1528019
56026_G_CTG2,35.1737402,3.15737402,3.15737402
56026_G_STG,35.14465042,3.154465042,3.154465042
56041_G_M1,32.25451517,2.865451517,2.865451517
56041_G_M2,32.26648878,2.866648878,2.866648878
56041_G_M3,32.28142908,2.8681429080000003,2.8681429080000003
56046_G_1,30.42739321,2.682739321,2.682739321
56046_G_2,30.42100615,2.682100615,2.682100615
56078_G_1,32.73907432,2.913907432,2.913907432
56078_G_2,32.78068235,2.918068235,2.918068235
56078_G_3,32.76901057,2.916901057,2.916901057
56090_G_D182,8.948072026,9999.0,9999.0
56090_G_D190,8.989527607,9999.0,9999.0
56125_G_4152,0.043992592999999997,9999.0,9999.0
56135_G_2,65.95914256,9999.0,9999.0
56232_G_1,70.01764751,9999.0,9999.0
56298_G_0001,32.40128787,2.880128787,2.880128787
56298_G_0002,32.40368896,2.8803688960000002,2.8803688960000002
56298_G_0003,32.41231304,2.881231304,2.881231304
56356_G_CT1,36.32306254,3.2723062539999996,3.2723062539999996
56356_G_ST1,36.321861420000005,3.272186142,3.272186142
56467_G_CTG1,30.46322997,2.686322997,2.686322997
56467_G_CTG2,30.43825017,2.6838250169999998,2.6838250169999998
56467_G_STG1,30.460719110000003,2.6860719110000004,2.6860719110000004
56471_G_1,65.96097377,9999.0,9999.0
56476_G_A,30.50438914,2.6904389139999996,2.6904389139999996
56476_G_B,30.51066698,2.691066698,2.691066698
56476_G_C,30.51011592,2.6910115919999997,2.6910115919999997
56532_G_A,30.515712,2.6915712000000003,2.6915712000000003
56532_G_B,30.522299600000007,2.69222996,2.69222996
56532_G_C,30.522873880000002,2.692287388,2.692287388
56569_G_2,66.19952586,9999.0,9999.0
56615_G_G100,0.024661976000000002,9999.0,9999.0
56803_G_1,65.94551926,9999.0,9999.0
56803_G_2,65.94885123,9999.0,9999.0
56803_G_3,65.95270222,9999.0,9999.0
56803_G_4,65.95394655,9999.0,9999.0
56832_G_GE1,0.021795769,0.0021795770000000003,0.0021795770000000003
56832_G_GE2,0.006589139,0.0006589139999999999,0.0006589139999999999
56832_G_GE3,0.025901777999999997,0.002590178,0.002590178
56832_G_GE4,0.04616306,0.004616306,0.004616306
57001_G_GEN1,65.89510149,9999.0,9999.0
57122_G_CTG1,31.97207947,2.837207947,2.837207947
57122_G_STG1,31.98654578,2.8386545780000003,2.8386545780000003
57267_G_1,74.92434038,9999.0,9999.0
57267_G_2,74.90128655,9999.0,9999.0
57267_G_3,74.91934604,9999.0,9999.0
57267_G_4,74.93686216,9999.0,9999.0
57364_G_1,0.035500907000000005,9999.0,9999.0
57364_G_2,0.031308194,9999.0,9999.0
57475_G_HRP1,0.03168791,0.003168791,0.003168791
57482_G_CTG1,65.98022811,9999.0,9999.0
57482_G_CTG2,65.94297402,9999.0,9999.0
57482_G_CTG3,65.96304318,9999.0,9999.0
57482_G_CTG4,65.97143971,9999.0,9999.0
57482_G_CTG5,65.96194688,9999.0,9999.0
57482_G_CTG6,65.9588931,9999.0,9999.0
57482_G_CTG7,65.98109205,9999.0,9999.0
57482_G_CTG8,65.97562608,9999.0,9999.0
57483_G_CTG2,67.79130979,9999.0,9999.0
57515_G_GT1,65.94200209,9999.0,9999.0
57515_G_GT2,65.9806088,9999.0,9999.0
57515_G_GT3,65.95566858,9999.0,9999.0
57515_G_GT4,65.96329176,9999.0,9999.0
57515_G_GT5,65.96411887,9999.0,9999.0
57555_G_CTG1,65.96698204,9999.0,9999.0
57555_G_CTG2,65.9460042,9999.0,9999.0
57555_G_CTG3,65.98493451,9999.0,9999.0
57564_G_CTG,32.8912016,2.92912016,2.92912016
57564_G_STG2,32.87968106,2.9279681060000002,2.9279681060000002
57584_G_NT2,31.96025084,2.8360250839999996,2.8360250839999996
57584_G_ST1,31.97224647,2.8372246469999998,2.8372246469999998
57584_G_STG,31.986037300000003,2.83860373,2.83860373
57585_G_1,75.69692211,9999.0,9999.0
57696_G_1,10.522487238,9999.0,9999.0
57854_G_2T1,0.018828608,9999.0,9999.0
57854_G_2T2,0.041421152,9999.0,9999.0
57854_G_2T3,0.040026572999999996,9999.0,9999.0
57854_G_3T1,0.01534976,9999.0,9999.0
57854_G_3T2,0.02857593,9999.0,9999.0
57901_G_5,34.262399800000004,3.06623998,3.06623998
57901_G_6,34.28153448,3.0681534480000003,3.0681534480000003
57901_G_7,34.23905916,3.0639059160000004,3.0639059160000004
57901_G_8,34.270666229999996,3.067066623,3.067066623
57978_G_CT1,30.230425330000003,2.663042533,2.663042533
57978_G_ST1,30.27757558,2.667757558,2.667757558
58198_G_GTG1,31.98430729,2.8384307289999997,2.8384307289999997
58198_G_GTG2,31.959889540000002,2.835988954,2.835988954
58198_G_STG1,31.98316098,2.838316098,2.838316098
585_G_1,0.021290494,9999.0,9999.0
585_G_2,0.029366117999999997,9999.0,9999.0
585_G_3,0.044632686,9999.0,9999.0
586_G_1,0.003757706,9999.0,9999.0
59074_G_EG6B,67.11249984,9999.0,9999.0
59428_G_GENE1,0.02636746,9999.0,9999.0
59428_G_GENE2,0.046547890999999994,9999.0,9999.0
59557_G_AC2FC,114.90646829,9999.0,9999.0
6060_G_4,83.88005702000001,9999.0,9999.0
60918_G_00003,10.521132662,9999.0,9999.0
6099_G_1,10.816303998,9999.0,9999.0
6099_G_2,10.797783078,9999.0,9999.0
6158_G_1,0.003145974,9999.0,9999.0
6158_G_2,0.026180321,9999.0,9999.0
6196_G_1,0.001977299,9999.0,9999.0
6196_G_2,0.049920749,9999.0,9999.0
6211_G_GEN1,275.7085015,9999.0,9999.0
626_G_1,0.00743841,9999.0,9999.0
632_G_1,0.019023957,9999.0,9999.0
6449_G_1,0.001588159,9999.0,9999.0
6479_G_1A,0.017981485,9999.0,9999.0
6479_G_3,0.01687771,9999.0,9999.0
6479_G_4,0.005182353,9999.0,9999.0
6479_G_6,0.029224249,9999.0,9999.0
6480_G_2,0.044697432999999995,9999.0,9999.0
6480_G_3,0.023008202000000002,9999.0,9999.0
6612_G_1,0.012699839,9999.0,9999.0
6643_G_1,0.003217595,9999.0,9999.0
6644_G_1,0.025954695,9999.0,9999.0
6645_G_1,0.025971311,9999.0,9999.0
6645_G_2,0.039141108,9999.0,9999.0
6646_G_1,0.049120094,9999.0,9999.0
6647_G_1,0.013025523999999998,9999.0,9999.0
6704_G_10,214.4918178,9999.0,9999.0
6704_G_14,214.51592109999999,9999.0,9999.0
682_G_1,0.007546954,9999.0,9999.0
7066_G_1,0.04243144099999999,9999.0,9999.0
7066_G_2,0.044045130999999994,9999.0,9999.0
7072_G_1,0.04013177,9999.0,9999.0
7072_G_2,0.019394524,9999.0,9999.0
7072_G_3,0.027770022000000002,9999.0,9999.0
7129_G_TD1,0.022359121000000003,9999.0,9999.0
7147_G_3,0.032358072,9999.0,9999.0
7147_G_4,0.027649319,9999.0,9999.0
7147_G_5,0.015550238999999999,9999.0,9999.0
714_G_1,0.00048781,9999.0,9999.0
7151_G_1,0.001078357,9999.0,9999.0
7151_G_2,0.0051526670000000005,9999.0,9999.0
7189_G_1,0.023147424,9999.0,9999.0
7229_G_1,0.024392628,9999.0,9999.0
7266_G_2,35.87996829,3.227996829,3.227996829
7266_G_3,35.87707472,3.227707472,3.227707472
72_G_1,0.048662721,9999.0,9999.0
7307_G_4,35.33467938,3.173467938,3.173467938
7307_G_5,35.31703756,3.1717037560000003,3.1717037560000003
7307_G_6,35.34484948,3.174484948,3.174484948
7338_G_NA1,0.047659016,9999.0,9999.0
7368_G_1,0.017670765,0.001767076,0.001767076
7368_G_2,0.047126140999999996,0.004712614,0.004712614
7369_G_3,0.016093063,0.001609306,0.001609306
7369_G_4,0.048150245,0.004815025,0.004815025
7449_G_NA1,66.62627647,9999.0,9999.0
745_G_1,0.018727201000000002,9999.0,9999.0
7489_G_G1,0.023544232999999998,9999.0,9999.0
7489_G_G2,0.008346128000000001,9999.0,9999.0
7507_G_1,0.01798442,9999.0,9999.0
751_G_1,0.038513128,9999.0,9999.0
7527_G_2,40.94436266,3.7344362660000003,3.7344362660000003
7527_G_CCCT,40.934651110000004,3.733465111,3.733465111
7551_G_CCST,34.64321778,3.104321778,3.104321778
7551_G_CT1A,34.64341125,3.104341125,3.104341125
7551_G_CT1B,34.64208501,3.1042085010000005,3.1042085010000005
7552_G_CCCT,33.56078205,2.996078205,2.996078205
7552_G_CCST,33.59435639,2.9994356389999997,2.9994356389999997
7646_G_1,0.044918415999999996,9999.0,9999.0
7646_G_2,0.02713768,9999.0,9999.0
7646_G_3,0.008900871999999999,9999.0,9999.0
776_G_1,0.037789212,9999.0,9999.0
7907_G_1,0.03747529,9999.0,9999.0
7907_G_2,0.010665477,9999.0,9999.0
7907_G_3,0.031309473,9999.0,9999.0
7911_G_1,0.006812454,9999.0,9999.0
7942_G_10,0.018841839,9999.0,9999.0
7942_G_11,0.02712058,9999.0,9999.0
7942_G_12,0.047286792,9999.0,9999.0
7942_G_2,0.033776553,9999.0,9999.0
7942_G_3,0.045767540999999995,9999.0,9999.0
7942_G_4,0.034912671,9999.0,9999.0
7942_G_6,0.046782752000000004,9999.0,9999.0
7942_G_7,0.044044887000000005,9999.0,9999.0
7942_G_8,0.012502923999999999,9999.0,9999.0
839_G_7P,0.025624237999999997,9999.0,9999.0
846_G_1,0.017396533,9999.0,9999.0
846_G_2,0.029367344,9999.0,9999.0
846_G_3,0.024308447,9999.0,9999.0
902_G_1,0.026092425,0.002609243,0.002609243
905_G_1,0.044515132,9999.0,9999.0
solar,0.02545466,9999.0,9999.0
vehicle,120.0,120.0,120.0
wind,0.025673631000000002,9999.0,9999.0
